id,y_true,prob_1,pred,source_model
1,0,0.0,0,challenge_08_knn_cleaning_colab_ultra
2,1,0.5009551,1,challenge_08_knn_cleaning_colab_ultra
3,1,0.0,0,challenge_08_knn_cleaning_colab_ultra
4,1,0.525379,1,challenge_08_knn_cleaning_colab_ultra
5,1,1.0,1,challenge_08_knn_cleaning_colab_ultra
6,0,0.4124358,0,challenge_08_knn_cleaning_colab_ultra
7,0,1.0,1,challenge_08_knn_cleaning_colab_ultra
8,1,1.0,1,challenge_08_knn_cleaning_colab_ultra
9,1,0.4992495,0,challenge_08_knn_cleaning_colab_ultra
10,0,0.0,0,challenge_08_knn_cleaning_colab_ultra
11,0,0.48937,0,challenge_08_knn_cleaning_colab_ultra
12,1,1.0,1,challenge_08_knn_cleaning_colab_ultra
13,1,1.0,1,challenge_08_knn_cleaning_colab_ultra
14,1,1.0,1,challenge_08_knn_cleaning_colab_ultra
15,1,1.0,1,challenge_08_knn_cleaning_colab_ultra
16,0,0.49752918,0,challenge_08_knn_cleaning_colab_ultra
17,1,0.49628025,0,challenge_08_knn_cleaning_colab_ultra
18,0,0.49557698,0,challenge_08_knn_cleaning_colab_ultra
19,1,0.4993679,0,challenge_08_knn_cleaning_colab_ultra
20,0,0.0,0,challenge_08_knn_cleaning_colab_ultra
21,0,0.0,0,challenge_08_knn_cleaning_colab_ultra
22,1,0.50139874,1,challenge_08_knn_cleaning_colab_ultra
23,0,0.492882,0,challenge_08_knn_cleaning_colab_ultra
24,1,1.0,1,challenge_08_knn_cleaning_colab_ultra
25,0,0.47821012,0,challenge_08_knn_cleaning_colab_ultra
26,1,1.0,1,challenge_08_knn_cleaning_colab_ultra
27,0,0.48769835,0,challenge_08_knn_cleaning_colab_ultra
28,1,0.50092757,1,challenge_08_knn_cleaning_colab_ultra
29,0,0.0,0,challenge_08_knn_cleaning_colab_ultra
30,1,1.0,1,challenge_08_knn_cleaning_colab_ultra
31,1,1.0,1,challenge_08_knn_cleaning_colab_ultra
32,1,0.5018814,1,challenge_08_knn_cleaning_colab_ultra
33,1,0.0,0,challenge_08_knn_cleaning_colab_ultra
34,1,1.0,1,challenge_08_knn_cleaning_colab_ultra
35,1,0.5604008,1,challenge_08_knn_cleaning_colab_ultra
36,1,1.0,1,challenge_08_knn_cleaning_colab_ultra
37,1,1.0,1,challenge_08_knn_cleaning_colab_ultra
38,0,0.4884493,0,challenge_08_knn_cleaning_colab_ultra
39,1,0.0,0,challenge_08_knn_cleaning_colab_ultra
40,1,0.49918616,0,challenge_08_knn_cleaning_colab_ultra
41,1,0.5012791,1,challenge_08_knn_cleaning_colab_ultra
42,0,0.0,0,challenge_08_knn_cleaning_colab_ultra
43,0,0.0,0,challenge_08_knn_cleaning_colab_ultra
44,1,0.4998947,0,challenge_08_knn_cleaning_colab_ultra
45,0,1.0,1,challenge_08_knn_cleaning_colab_ultra
46,0,0.0,0,challenge_08_knn_cleaning_colab_ultra
47,1,1.0,1,challenge_08_knn_cleaning_colab_ultra
48,0,0.48320764,0,challenge_08_knn_cleaning_colab_ultra
49,0,0.0,0,challenge_08_knn_cleaning_colab_ultra
50,0,0.0,0,challenge_08_knn_cleaning_colab_ultra
51,1,1.0,1,challenge_08_knn_cleaning_colab_ultra
52,1,0.50628644,1,challenge_08_knn_cleaning_colab_ultra
53,1,0.50062674,1,challenge_08_knn_cleaning_colab_ultra
54,0,0.0,0,challenge_08_knn_cleaning_colab_ultra
55,1,1.0,1,challenge_08_knn_cleaning_colab_ultra
56,0,0.46897513,0,challenge_08_knn_cleaning_colab_ultra
57,0,0.0,0,challenge_08_knn_cleaning_colab_ultra
58,0,0.50362456,1,challenge_08_knn_cleaning_colab_ultra
59,0,0.5052774,1,challenge_08_knn_cleaning_colab_ultra
60,1,0.523061,1,challenge_08_knn_cleaning_colab_ultra
61,0,0.0,0,challenge_08_knn_cleaning_colab_ultra
62,0,0.0,0,challenge_08_knn_cleaning_colab_ultra
63,1,0.0,0,challenge_08_knn_cleaning_colab_ultra
64,0,0.0,0,challenge_08_knn_cleaning_colab_ultra
65,1,0.51140445,1,challenge_08_knn_cleaning_colab_ultra
66,0,0.5181764,1,challenge_08_knn_cleaning_colab_ultra
67,1,1.0,1,challenge_08_knn_cleaning_colab_ultra
68,0,0.0,0,challenge_08_knn_cleaning_colab_ultra
69,0,0.0,0,challenge_08_knn_cleaning_colab_ultra
70,1,1.0,1,challenge_08_knn_cleaning_colab_ultra
71,0,0.0,0,challenge_08_knn_cleaning_colab_ultra
72,0,0.0,0,challenge_08_knn_cleaning_colab_ultra
73,1,1.0,1,challenge_08_knn_cleaning_colab_ultra
74,1,0.48438665,0,challenge_08_knn_cleaning_colab_ultra
75,0,0.0,0,challenge_08_knn_cleaning_colab_ultra
76,0,0.0,0,challenge_08_knn_cleaning_colab_ultra
77,1,0.0,0,challenge_08_knn_cleaning_colab_ultra
78,0,0.0,0,challenge_08_knn_cleaning_colab_ultra
79,0,0.49208373,0,challenge_08_knn_cleaning_colab_ultra
80,1,1.0,1,challenge_08_knn_cleaning_colab_ultra
81,0,1.0,1,challenge_08_knn_cleaning_colab_ultra
82,0,0.0,0,challenge_08_knn_cleaning_colab_ultra
83,0,0.49388835,0,challenge_08_knn_cleaning_colab_ultra
84,0,0.5233966,1,challenge_08_knn_cleaning_colab_ultra
85,1,1.0,1,challenge_08_knn_cleaning_colab_ultra
86,0,0.5030171,1,challenge_08_knn_cleaning_colab_ultra
87,0,0.46864444,0,challenge_08_knn_cleaning_colab_ultra
88,1,1.0,1,challenge_08_knn_cleaning_colab_ultra
89,1,1.0,1,challenge_08_knn_cleaning_colab_ultra
90,0,0.0,0,challenge_08_knn_cleaning_colab_ultra
91,1,1.0,1,challenge_08_knn_cleaning_colab_ultra
92,0,0.49833074,0,challenge_08_knn_cleaning_colab_ultra
93,0,0.37838727,0,challenge_08_knn_cleaning_colab_ultra
94,0,0.4981592,0,challenge_08_knn_cleaning_colab_ultra
95,0,0.4400287,0,challenge_08_knn_cleaning_colab_ultra
96,0,0.0,0,challenge_08_knn_cleaning_colab_ultra
97,0,0.0,0,challenge_08_knn_cleaning_colab_ultra
98,1,1.0,1,challenge_08_knn_cleaning_colab_ultra
99,0,0.0,0,challenge_08_knn_cleaning_colab_ultra
100,1,1.0,1,challenge_08_knn_cleaning_colab_ultra
101,0,0.4889642,0,challenge_08_knn_cleaning_colab_ultra
102,0,0.5021918,1,challenge_08_knn_cleaning_colab_ultra
103,0,0.50988084,1,challenge_08_knn_cleaning_colab_ultra
104,1,0.4830187,0,challenge_08_knn_cleaning_colab_ultra
105,1,1.0,1,challenge_08_knn_cleaning_colab_ultra
106,1,1.0,1,challenge_08_knn_cleaning_colab_ultra
107,0,0.0,0,challenge_08_knn_cleaning_colab_ultra
108,0,0.0,0,challenge_08_knn_cleaning_colab_ultra
109,1,1.0,1,challenge_08_knn_cleaning_colab_ultra
110,0,1.0,1,challenge_08_knn_cleaning_colab_ultra
111,0,0.0,0,challenge_08_knn_cleaning_colab_ultra
112,0,0.0,0,challenge_08_knn_cleaning_colab_ultra
113,0,0.5005445,1,challenge_08_knn_cleaning_colab_ultra
114,1,1.0,1,challenge_08_knn_cleaning_colab_ultra
115,1,1.0,1,challenge_08_knn_cleaning_colab_ultra
116,0,0.0,0,challenge_08_knn_cleaning_colab_ultra
117,1,1.0,1,challenge_08_knn_cleaning_colab_ultra
118,1,0.4931352,0,challenge_08_knn_cleaning_colab_ultra
119,0,1.0,1,challenge_08_knn_cleaning_colab_ultra
120,0,0.42161757,0,challenge_08_knn_cleaning_colab_ultra
121,0,0.49308366,0,challenge_08_knn_cleaning_colab_ultra
122,0,0.0,0,challenge_08_knn_cleaning_colab_ultra
123,1,1.0,1,challenge_08_knn_cleaning_colab_ultra
124,0,0.47424763,0,challenge_08_knn_cleaning_colab_ultra
125,0,0.42932636,0,challenge_08_knn_cleaning_colab_ultra
126,0,1.0,1,challenge_08_knn_cleaning_colab_ultra
127,1,1.0,1,challenge_08_knn_cleaning_colab_ultra
128,0,0.0,0,challenge_08_knn_cleaning_colab_ultra
129,0,0.4986334,0,challenge_08_knn_cleaning_colab_ultra
130,1,0.49685,0,challenge_08_knn_cleaning_colab_ultra
131,1,0.0,0,challenge_08_knn_cleaning_colab_ultra
132,0,0.0,0,challenge_08_knn_cleaning_colab_ultra
133,0,0.0,0,challenge_08_knn_cleaning_colab_ultra
134,0,0.0,0,challenge_08_knn_cleaning_colab_ultra
135,1,1.0,1,challenge_08_knn_cleaning_colab_ultra
136,0,0.0,0,challenge_08_knn_cleaning_colab_ultra
137,1,1.0,1,challenge_08_knn_cleaning_colab_ultra
138,0,0.0,0,challenge_08_knn_cleaning_colab_ultra
139,0,0.0,0,challenge_08_knn_cleaning_colab_ultra
140,1,1.0,1,challenge_08_knn_cleaning_colab_ultra
141,1,1.0,1,challenge_08_knn_cleaning_colab_ultra
142,0,0.0,0,challenge_08_knn_cleaning_colab_ultra
143,0,0.0,0,challenge_08_knn_cleaning_colab_ultra
144,1,0.5490624,1,challenge_08_knn_cleaning_colab_ultra
145,0,0.0,0,challenge_08_knn_cleaning_colab_ultra
146,0,0.0,0,challenge_08_knn_cleaning_colab_ultra
147,1,1.0,1,challenge_08_knn_cleaning_colab_ultra
148,0,0.47250456,0,challenge_08_knn_cleaning_colab_ultra
149,1,1.0,1,challenge_08_knn_cleaning_colab_ultra
150,1,0.50155807,1,challenge_08_knn_cleaning_colab_ultra
151,1,1.0,1,challenge_08_knn_cleaning_colab_ultra
152,0,0.45445853,0,challenge_08_knn_cleaning_colab_ultra
153,0,0.0,0,challenge_08_knn_cleaning_colab_ultra
154,0,0.0,0,challenge_08_knn_cleaning_colab_ultra
155,0,0.0,0,challenge_08_knn_cleaning_colab_ultra
156,0,0.0,0,challenge_08_knn_cleaning_colab_ultra
157,1,0.50290996,1,challenge_08_knn_cleaning_colab_ultra
158,1,1.0,1,challenge_08_knn_cleaning_colab_ultra
159,0,0.0,0,challenge_08_knn_cleaning_colab_ultra
160,0,0.47417265,0,challenge_08_knn_cleaning_colab_ultra
161,1,1.0,1,challenge_08_knn_cleaning_colab_ultra
162,1,1.0,1,challenge_08_knn_cleaning_colab_ultra
163,1,1.0,1,challenge_08_knn_cleaning_colab_ultra
164,1,0.0,0,challenge_08_knn_cleaning_colab_ultra
165,1,1.0,1,challenge_08_knn_cleaning_colab_ultra
166,1,1.0,1,challenge_08_knn_cleaning_colab_ultra
167,0,0.4626074,0,challenge_08_knn_cleaning_colab_ultra
168,0,0.49987936,0,challenge_08_knn_cleaning_colab_ultra
169,0,0.4413299,0,challenge_08_knn_cleaning_colab_ultra
170,1,1.0,1,challenge_08_knn_cleaning_colab_ultra
171,1,1.0,1,challenge_08_knn_cleaning_colab_ultra
172,0,0.0,0,challenge_08_knn_cleaning_colab_ultra
173,1,1.0,1,challenge_08_knn_cleaning_colab_ultra
174,0,0.0,0,challenge_08_knn_cleaning_colab_ultra
175,1,1.0,1,challenge_08_knn_cleaning_colab_ultra
176,0,1.0,1,challenge_08_knn_cleaning_colab_ultra
177,1,1.0,1,challenge_08_knn_cleaning_colab_ultra
178,1,1.0,1,challenge_08_knn_cleaning_colab_ultra
179,0,0.0,0,challenge_08_knn_cleaning_colab_ultra
180,0,0.0,0,challenge_08_knn_cleaning_colab_ultra
181,0,0.49382147,0,challenge_08_knn_cleaning_colab_ultra
182,0,0.5070196,1,challenge_08_knn_cleaning_colab_ultra
183,1,1.0,1,challenge_08_knn_cleaning_colab_ultra
184,0,0.41788587,0,challenge_08_knn_cleaning_colab_ultra
185,0,0.0,0,challenge_08_knn_cleaning_colab_ultra
186,0,0.46574804,0,challenge_08_knn_cleaning_colab_ultra
187,0,0.5013535,1,challenge_08_knn_cleaning_colab_ultra
188,0,0.5006765,1,challenge_08_knn_cleaning_colab_ultra
189,1,0.5044409,1,challenge_08_knn_cleaning_colab_ultra
190,0,0.4786256,0,challenge_08_knn_cleaning_colab_ultra
191,0,0.4812339,0,challenge_08_knn_cleaning_colab_ultra
192,1,1.0,1,challenge_08_knn_cleaning_colab_ultra
193,0,0.49304256,0,challenge_08_knn_cleaning_colab_ultra
194,0,0.48813644,0,challenge_08_knn_cleaning_colab_ultra
195,0,0.48708606,0,challenge_08_knn_cleaning_colab_ultra
196,1,0.5065938,1,challenge_08_knn_cleaning_colab_ultra
197,1,1.0,1,challenge_08_knn_cleaning_colab_ultra
198,1,1.0,1,challenge_08_knn_cleaning_colab_ultra
199,0,0.49076635,0,challenge_08_knn_cleaning_colab_ultra
200,0,0.0,0,challenge_08_knn_cleaning_colab_ultra
201,0,0.43953875,0,challenge_08_knn_cleaning_colab_ultra
202,1,1.0,1,challenge_08_knn_cleaning_colab_ultra
203,1,1.0,1,challenge_08_knn_cleaning_colab_ultra
204,0,0.4160126,0,challenge_08_knn_cleaning_colab_ultra
205,1,0.4986638,0,challenge_08_knn_cleaning_colab_ultra
206,0,0.50099736,1,challenge_08_knn_cleaning_colab_ultra
207,1,0.0,0,challenge_08_knn_cleaning_colab_ultra
208,0,0.50770295,1,challenge_08_knn_cleaning_colab_ultra
209,0,0.0,0,challenge_08_knn_cleaning_colab_ultra
210,0,0.0,0,challenge_08_knn_cleaning_colab_ultra
211,0,0.0,0,challenge_08_knn_cleaning_colab_ultra
212,1,1.0,1,challenge_08_knn_cleaning_colab_ultra
213,0,0.0,0,challenge_08_knn_cleaning_colab_ultra
214,1,1.0,1,challenge_08_knn_cleaning_colab_ultra
215,0,0.5049956,1,challenge_08_knn_cleaning_colab_ultra
216,1,0.5019336,1,challenge_08_knn_cleaning_colab_ultra
217,1,1.0,1,challenge_08_knn_cleaning_colab_ultra
218,0,0.0,0,challenge_08_knn_cleaning_colab_ultra
219,0,0.0,0,challenge_08_knn_cleaning_colab_ultra
220,1,1.0,1,challenge_08_knn_cleaning_colab_ultra
221,0,0.41888,0,challenge_08_knn_cleaning_colab_ultra
222,1,0.49889004,0,challenge_08_knn_cleaning_colab_ultra
223,1,1.0,1,challenge_08_knn_cleaning_colab_ultra
224,1,0.4918732,0,challenge_08_knn_cleaning_colab_ultra
225,1,1.0,1,challenge_08_knn_cleaning_colab_ultra
226,0,0.5000567,1,challenge_08_knn_cleaning_colab_ultra
227,1,0.0,0,challenge_08_knn_cleaning_colab_ultra
228,0,0.0,0,challenge_08_knn_cleaning_colab_ultra
229,1,0.5037309,1,challenge_08_knn_cleaning_colab_ultra
230,1,1.0,1,challenge_08_knn_cleaning_colab_ultra
231,1,0.50903755,1,challenge_08_knn_cleaning_colab_ultra
232,1,0.0,0,challenge_08_knn_cleaning_colab_ultra
233,0,0.0,0,challenge_08_knn_cleaning_colab_ultra
234,1,1.0,1,challenge_08_knn_cleaning_colab_ultra
235,0,1.0,1,challenge_08_knn_cleaning_colab_ultra
236,0,0.0,0,challenge_08_knn_cleaning_colab_ultra
237,0,0.38877904,0,challenge_08_knn_cleaning_colab_ultra
238,1,1.0,1,challenge_08_knn_cleaning_colab_ultra
239,1,1.0,1,challenge_08_knn_cleaning_colab_ultra
240,0,0.49862948,0,challenge_08_knn_cleaning_colab_ultra
241,1,0.51640475,1,challenge_08_knn_cleaning_colab_ultra
242,1,1.0,1,challenge_08_knn_cleaning_colab_ultra
243,1,1.0,1,challenge_08_knn_cleaning_colab_ultra
244,1,1.0,1,challenge_08_knn_cleaning_colab_ultra
245,0,0.3866575,0,challenge_08_knn_cleaning_colab_ultra
246,1,1.0,1,challenge_08_knn_cleaning_colab_ultra
247,1,0.5507769,1,challenge_08_knn_cleaning_colab_ultra
248,0,0.0,0,challenge_08_knn_cleaning_colab_ultra
249,1,0.55661833,1,challenge_08_knn_cleaning_colab_ultra
250,0,0.0,0,challenge_08_knn_cleaning_colab_ultra
251,1,1.0,1,challenge_08_knn_cleaning_colab_ultra
252,1,0.54276615,1,challenge_08_knn_cleaning_colab_ultra
253,1,1.0,1,challenge_08_knn_cleaning_colab_ultra
254,0,1.0,1,challenge_08_knn_cleaning_colab_ultra
255,0,0.0,0,challenge_08_knn_cleaning_colab_ultra
256,0,0.49983126,0,challenge_08_knn_cleaning_colab_ultra
257,1,1.0,1,challenge_08_knn_cleaning_colab_ultra
258,1,0.50332826,1,challenge_08_knn_cleaning_colab_ultra
259,1,1.0,1,challenge_08_knn_cleaning_colab_ultra
260,1,0.49888852,0,challenge_08_knn_cleaning_colab_ultra
261,1,1.0,1,challenge_08_knn_cleaning_colab_ultra
262,0,0.0,0,challenge_08_knn_cleaning_colab_ultra
263,1,1.0,1,challenge_08_knn_cleaning_colab_ultra
264,0,0.0,0,challenge_08_knn_cleaning_colab_ultra
265,0,0.50532687,1,challenge_08_knn_cleaning_colab_ultra
266,1,1.0,1,challenge_08_knn_cleaning_colab_ultra
267,1,1.0,1,challenge_08_knn_cleaning_colab_ultra
268,0,0.49943224,0,challenge_08_knn_cleaning_colab_ultra
269,1,1.0,1,challenge_08_knn_cleaning_colab_ultra
270,1,1.0,1,challenge_08_knn_cleaning_colab_ultra
271,0,0.0,0,challenge_08_knn_cleaning_colab_ultra
272,0,0.49843952,0,challenge_08_knn_cleaning_colab_ultra
273,1,1.0,1,challenge_08_knn_cleaning_colab_ultra
274,0,1.0,1,challenge_08_knn_cleaning_colab_ultra
275,0,0.5011668,1,challenge_08_knn_cleaning_colab_ultra
276,0,0.4773124,0,challenge_08_knn_cleaning_colab_ultra
277,1,0.0,0,challenge_08_knn_cleaning_colab_ultra
278,1,0.48511454,0,challenge_08_knn_cleaning_colab_ultra
279,0,0.46188077,0,challenge_08_knn_cleaning_colab_ultra
280,1,0.49870995,0,challenge_08_knn_cleaning_colab_ultra
281,1,1.0,1,challenge_08_knn_cleaning_colab_ultra
282,0,0.42562938,0,challenge_08_knn_cleaning_colab_ultra
283,0,0.48747855,0,challenge_08_knn_cleaning_colab_ultra
284,0,0.0,0,challenge_08_knn_cleaning_colab_ultra
285,1,1.0,1,challenge_08_knn_cleaning_colab_ultra
286,0,1.0,1,challenge_08_knn_cleaning_colab_ultra
287,0,0.0,0,challenge_08_knn_cleaning_colab_ultra
288,1,1.0,1,challenge_08_knn_cleaning_colab_ultra
289,0,0.500064,1,challenge_08_knn_cleaning_colab_ultra
290,0,0.4718839,0,challenge_08_knn_cleaning_colab_ultra
291,0,0.0,0,challenge_08_knn_cleaning_colab_ultra
292,0,0.0,0,challenge_08_knn_cleaning_colab_ultra
293,1,0.5001561,1,challenge_08_knn_cleaning_colab_ultra
294,0,0.4984128,0,challenge_08_knn_cleaning_colab_ultra
295,0,0.0,0,challenge_08_knn_cleaning_colab_ultra
296,0,0.0,0,challenge_08_knn_cleaning_colab_ultra
297,1,1.0,1,challenge_08_knn_cleaning_colab_ultra
298,1,1.0,1,challenge_08_knn_cleaning_colab_ultra
299,0,0.0,0,challenge_08_knn_cleaning_colab_ultra
300,1,1.0,1,challenge_08_knn_cleaning_colab_ultra
301,0,0.5088729,1,challenge_08_knn_cleaning_colab_ultra
302,1,1.0,1,challenge_08_knn_cleaning_colab_ultra
303,0,0.0,0,challenge_08_knn_cleaning_colab_ultra
304,0,0.0,0,challenge_08_knn_cleaning_colab_ultra
305,0,0.0,0,challenge_08_knn_cleaning_colab_ultra
306,0,1.0,1,challenge_08_knn_cleaning_colab_ultra
307,0,1.0,1,challenge_08_knn_cleaning_colab_ultra
308,0,0.46581298,0,challenge_08_knn_cleaning_colab_ultra
309,1,1.0,1,challenge_08_knn_cleaning_colab_ultra
310,1,1.0,1,challenge_08_knn_cleaning_colab_ultra
311,1,1.0,1,challenge_08_knn_cleaning_colab_ultra
312,1,1.0,1,challenge_08_knn_cleaning_colab_ultra
313,0,0.0,0,challenge_08_knn_cleaning_colab_ultra
314,0,0.0,0,challenge_08_knn_cleaning_colab_ultra
315,0,0.51317537,1,challenge_08_knn_cleaning_colab_ultra
316,1,1.0,1,challenge_08_knn_cleaning_colab_ultra
317,0,0.0,0,challenge_08_knn_cleaning_colab_ultra
318,1,1.0,1,challenge_08_knn_cleaning_colab_ultra
319,0,0.50890464,1,challenge_08_knn_cleaning_colab_ultra
320,0,0.0,0,challenge_08_knn_cleaning_colab_ultra
321,1,0.49899578,0,challenge_08_knn_cleaning_colab_ultra
322,1,1.0,1,challenge_08_knn_cleaning_colab_ultra
323,0,0.5134539,1,challenge_08_knn_cleaning_colab_ultra
324,1,1.0,1,challenge_08_knn_cleaning_colab_ultra
325,1,0.0,0,challenge_08_knn_cleaning_colab_ultra
326,1,1.0,1,challenge_08_knn_cleaning_colab_ultra
327,0,0.0,0,challenge_08_knn_cleaning_colab_ultra
328,1,1.0,1,challenge_08_knn_cleaning_colab_ultra
329,1,1.0,1,challenge_08_knn_cleaning_colab_ultra
330,0,0.0,0,challenge_08_knn_cleaning_colab_ultra
331,0,0.5000502,1,challenge_08_knn_cleaning_colab_ultra
332,1,1.0,1,challenge_08_knn_cleaning_colab_ultra
333,1,1.0,1,challenge_08_knn_cleaning_colab_ultra
334,1,0.49735513,0,challenge_08_knn_cleaning_colab_ultra
335,1,1.0,1,challenge_08_knn_cleaning_colab_ultra
336,1,1.0,1,challenge_08_knn_cleaning_colab_ultra
337,0,1.0,1,challenge_08_knn_cleaning_colab_ultra
338,1,0.5031726,1,challenge_08_knn_cleaning_colab_ultra
339,0,0.0,0,challenge_08_knn_cleaning_colab_ultra
340,1,1.0,1,challenge_08_knn_cleaning_colab_ultra
341,0,0.0,0,challenge_08_knn_cleaning_colab_ultra
342,1,1.0,1,challenge_08_knn_cleaning_colab_ultra
343,0,0.0,0,challenge_08_knn_cleaning_colab_ultra
344,0,0.0,0,challenge_08_knn_cleaning_colab_ultra
345,0,0.49305522,0,challenge_08_knn_cleaning_colab_ultra
346,0,0.0,0,challenge_08_knn_cleaning_colab_ultra
347,0,1.0,1,challenge_08_knn_cleaning_colab_ultra
348,0,0.0,0,challenge_08_knn_cleaning_colab_ultra
349,1,0.5338291,1,challenge_08_knn_cleaning_colab_ultra
350,1,1.0,1,challenge_08_knn_cleaning_colab_ultra
351,0,0.0,0,challenge_08_knn_cleaning_colab_ultra
352,0,1.0,1,challenge_08_knn_cleaning_colab_ultra
353,0,1.0,1,challenge_08_knn_cleaning_colab_ultra
354,0,0.500106,1,challenge_08_knn_cleaning_colab_ultra
355,1,1.0,1,challenge_08_knn_cleaning_colab_ultra
356,0,0.48776326,0,challenge_08_knn_cleaning_colab_ultra
357,0,0.0,0,challenge_08_knn_cleaning_colab_ultra
358,0,0.0,0,challenge_08_knn_cleaning_colab_ultra
359,1,1.0,1,challenge_08_knn_cleaning_colab_ultra
360,0,0.0,0,challenge_08_knn_cleaning_colab_ultra
361,0,0.0,0,challenge_08_knn_cleaning_colab_ultra
362,0,0.4974053,0,challenge_08_knn_cleaning_colab_ultra
363,0,0.0,0,challenge_08_knn_cleaning_colab_ultra
364,0,1.0,1,challenge_08_knn_cleaning_colab_ultra
365,0,0.0,0,challenge_08_knn_cleaning_colab_ultra
366,0,1.0,1,challenge_08_knn_cleaning_colab_ultra
367,0,1.0,1,challenge_08_knn_cleaning_colab_ultra
368,1,1.0,1,challenge_08_knn_cleaning_colab_ultra
369,1,0.5030656,1,challenge_08_knn_cleaning_colab_ultra
370,1,1.0,1,challenge_08_knn_cleaning_colab_ultra
371,1,1.0,1,challenge_08_knn_cleaning_colab_ultra
372,1,1.0,1,challenge_08_knn_cleaning_colab_ultra
373,1,1.0,1,challenge_08_knn_cleaning_colab_ultra
374,0,0.0,0,challenge_08_knn_cleaning_colab_ultra
375,1,1.0,1,challenge_08_knn_cleaning_colab_ultra
376,1,1.0,1,challenge_08_knn_cleaning_colab_ultra
377,1,0.49919513,0,challenge_08_knn_cleaning_colab_ultra
378,0,0.48321813,0,challenge_08_knn_cleaning_colab_ultra
379,0,0.0,0,challenge_08_knn_cleaning_colab_ultra
380,1,0.49654078,0,challenge_08_knn_cleaning_colab_ultra
381,1,1.0,1,challenge_08_knn_cleaning_colab_ultra
382,0,0.0,0,challenge_08_knn_cleaning_colab_ultra
383,0,0.0,0,challenge_08_knn_cleaning_colab_ultra
384,1,1.0,1,challenge_08_knn_cleaning_colab_ultra
385,1,1.0,1,challenge_08_knn_cleaning_colab_ultra
386,0,1.0,1,challenge_08_knn_cleaning_colab_ultra
387,1,1.0,1,challenge_08_knn_cleaning_colab_ultra
388,0,0.0,0,challenge_08_knn_cleaning_colab_ultra
389,1,1.0,1,challenge_08_knn_cleaning_colab_ultra
390,1,1.0,1,challenge_08_knn_cleaning_colab_ultra
391,0,0.4940298,0,challenge_08_knn_cleaning_colab_ultra
392,1,1.0,1,challenge_08_knn_cleaning_colab_ultra
393,0,0.49572945,0,challenge_08_knn_cleaning_colab_ultra
394,1,1.0,1,challenge_08_knn_cleaning_colab_ultra
395,0,0.0,0,challenge_08_knn_cleaning_colab_ultra
396,1,1.0,1,challenge_08_knn_cleaning_colab_ultra
397,1,1.0,1,challenge_08_knn_cleaning_colab_ultra
398,0,1.0,1,challenge_08_knn_cleaning_colab_ultra
399,0,0.50276315,1,challenge_08_knn_cleaning_colab_ultra
400,1,0.0,0,challenge_08_knn_cleaning_colab_ultra
401,1,1.0,1,challenge_08_knn_cleaning_colab_ultra
402,0,0.5007959,1,challenge_08_knn_cleaning_colab_ultra
403,0,0.48259205,0,challenge_08_knn_cleaning_colab_ultra
404,0,0.50259244,1,challenge_08_knn_cleaning_colab_ultra
405,1,1.0,1,challenge_08_knn_cleaning_colab_ultra
406,0,1.0,1,challenge_08_knn_cleaning_colab_ultra
407,1,1.0,1,challenge_08_knn_cleaning_colab_ultra
408,1,1.0,1,challenge_08_knn_cleaning_colab_ultra
409,1,0.5029524,1,challenge_08_knn_cleaning_colab_ultra
410,0,0.0,0,challenge_08_knn_cleaning_colab_ultra
411,0,0.49370927,0,challenge_08_knn_cleaning_colab_ultra
412,1,0.5014741,1,challenge_08_knn_cleaning_colab_ultra
413,1,1.0,1,challenge_08_knn_cleaning_colab_ultra
414,1,0.0,0,challenge_08_knn_cleaning_colab_ultra
415,1,0.0,0,challenge_08_knn_cleaning_colab_ultra
416,0,0.0,0,challenge_08_knn_cleaning_colab_ultra
417,0,0.0,0,challenge_08_knn_cleaning_colab_ultra
418,0,0.0,0,challenge_08_knn_cleaning_colab_ultra
419,0,0.5238105,1,challenge_08_knn_cleaning_colab_ultra
420,1,1.0,1,challenge_08_knn_cleaning_colab_ultra
421,1,1.0,1,challenge_08_knn_cleaning_colab_ultra
422,1,0.0,0,challenge_08_knn_cleaning_colab_ultra
423,1,0.50036055,1,challenge_08_knn_cleaning_colab_ultra
424,0,0.48579344,0,challenge_08_knn_cleaning_colab_ultra
425,0,0.50317913,1,challenge_08_knn_cleaning_colab_ultra
426,1,1.0,1,challenge_08_knn_cleaning_colab_ultra
427,1,0.0,0,challenge_08_knn_cleaning_colab_ultra
428,1,0.53285915,1,challenge_08_knn_cleaning_colab_ultra
429,0,0.0,0,challenge_08_knn_cleaning_colab_ultra
430,0,0.5046236,1,challenge_08_knn_cleaning_colab_ultra
431,1,1.0,1,challenge_08_knn_cleaning_colab_ultra
432,1,0.49120325,0,challenge_08_knn_cleaning_colab_ultra
433,1,1.0,1,challenge_08_knn_cleaning_colab_ultra
434,1,0.50374657,1,challenge_08_knn_cleaning_colab_ultra
435,1,0.5761469,1,challenge_08_knn_cleaning_colab_ultra
436,1,0.5014125,1,challenge_08_knn_cleaning_colab_ultra
437,0,0.4638141,0,challenge_08_knn_cleaning_colab_ultra
438,1,1.0,1,challenge_08_knn_cleaning_colab_ultra
439,0,0.0,0,challenge_08_knn_cleaning_colab_ultra
440,0,0.0,0,challenge_08_knn_cleaning_colab_ultra
441,1,1.0,1,challenge_08_knn_cleaning_colab_ultra
442,1,1.0,1,challenge_08_knn_cleaning_colab_ultra
443,1,1.0,1,challenge_08_knn_cleaning_colab_ultra
444,0,0.0,0,challenge_08_knn_cleaning_colab_ultra
445,0,0.0,0,challenge_08_knn_cleaning_colab_ultra
446,1,0.51144123,1,challenge_08_knn_cleaning_colab_ultra
447,0,0.0,0,challenge_08_knn_cleaning_colab_ultra
448,1,1.0,1,challenge_08_knn_cleaning_colab_ultra
449,1,0.50485307,1,challenge_08_knn_cleaning_colab_ultra
450,1,0.5110033,1,challenge_08_knn_cleaning_colab_ultra
451,0,0.4939954,0,challenge_08_knn_cleaning_colab_ultra
452,0,0.4969163,0,challenge_08_knn_cleaning_colab_ultra
453,0,0.0,0,challenge_08_knn_cleaning_colab_ultra
454,1,1.0,1,challenge_08_knn_cleaning_colab_ultra
455,0,0.0,0,challenge_08_knn_cleaning_colab_ultra
456,1,1.0,1,challenge_08_knn_cleaning_colab_ultra
457,1,0.50464517,1,challenge_08_knn_cleaning_colab_ultra
458,1,1.0,1,challenge_08_knn_cleaning_colab_ultra
459,1,1.0,1,challenge_08_knn_cleaning_colab_ultra
460,0,0.49909014,0,challenge_08_knn_cleaning_colab_ultra
461,0,0.4851809,0,challenge_08_knn_cleaning_colab_ultra
462,0,0.0,0,challenge_08_knn_cleaning_colab_ultra
463,1,1.0,1,challenge_08_knn_cleaning_colab_ultra
464,1,1.0,1,challenge_08_knn_cleaning_colab_ultra
465,0,0.50226384,1,challenge_08_knn_cleaning_colab_ultra
466,1,0.0,0,challenge_08_knn_cleaning_colab_ultra
467,1,1.0,1,challenge_08_knn_cleaning_colab_ultra
468,0,0.49992365,0,challenge_08_knn_cleaning_colab_ultra
469,1,1.0,1,challenge_08_knn_cleaning_colab_ultra
470,1,0.50363576,1,challenge_08_knn_cleaning_colab_ultra
471,0,0.0,0,challenge_08_knn_cleaning_colab_ultra
472,0,0.0,0,challenge_08_knn_cleaning_colab_ultra
473,0,0.0,0,challenge_08_knn_cleaning_colab_ultra
474,1,1.0,1,challenge_08_knn_cleaning_colab_ultra
475,1,0.0,0,challenge_08_knn_cleaning_colab_ultra
476,1,1.0,1,challenge_08_knn_cleaning_colab_ultra
477,0,1.0,1,challenge_08_knn_cleaning_colab_ultra
478,1,0.0,0,challenge_08_knn_cleaning_colab_ultra
479,0,0.0,0,challenge_08_knn_cleaning_colab_ultra
480,0,0.0,0,challenge_08_knn_cleaning_colab_ultra
481,1,1.0,1,challenge_08_knn_cleaning_colab_ultra
482,0,0.0,0,challenge_08_knn_cleaning_colab_ultra
483,0,0.0,0,challenge_08_knn_cleaning_colab_ultra
484,1,1.0,1,challenge_08_knn_cleaning_colab_ultra
485,1,0.49689555,0,challenge_08_knn_cleaning_colab_ultra
486,0,0.0,0,challenge_08_knn_cleaning_colab_ultra
487,1,0.0,0,challenge_08_knn_cleaning_colab_ultra
488,1,0.4944395,0,challenge_08_knn_cleaning_colab_ultra
489,0,0.0,0,challenge_08_knn_cleaning_colab_ultra
490,0,0.0,0,challenge_08_knn_cleaning_colab_ultra
491,0,0.0,0,challenge_08_knn_cleaning_colab_ultra
492,1,1.0,1,challenge_08_knn_cleaning_colab_ultra
493,0,0.0,0,challenge_08_knn_cleaning_colab_ultra
494,0,0.48200923,0,challenge_08_knn_cleaning_colab_ultra
495,0,0.5064008,1,challenge_08_knn_cleaning_colab_ultra
496,0,1.0,1,challenge_08_knn_cleaning_colab_ultra
497,1,1.0,1,challenge_08_knn_cleaning_colab_ultra
498,1,1.0,1,challenge_08_knn_cleaning_colab_ultra
499,1,1.0,1,challenge_08_knn_cleaning_colab_ultra
500,0,0.0,0,challenge_08_knn_cleaning_colab_ultra
501,0,0.0,0,challenge_08_knn_cleaning_colab_ultra
502,1,1.0,1,challenge_08_knn_cleaning_colab_ultra
503,1,1.0,1,challenge_08_knn_cleaning_colab_ultra
504,1,1.0,1,challenge_08_knn_cleaning_colab_ultra
505,0,0.4692595,0,challenge_08_knn_cleaning_colab_ultra
506,1,0.0,0,challenge_08_knn_cleaning_colab_ultra
507,1,1.0,1,challenge_08_knn_cleaning_colab_ultra
508,0,0.5029983,1,challenge_08_knn_cleaning_colab_ultra
509,0,0.4578928,0,challenge_08_knn_cleaning_colab_ultra
510,0,0.0,0,challenge_08_knn_cleaning_colab_ultra
511,0,0.0,0,challenge_08_knn_cleaning_colab_ultra
512,0,0.0,0,challenge_08_knn_cleaning_colab_ultra
513,1,1.0,1,challenge_08_knn_cleaning_colab_ultra
514,1,0.4909154,0,challenge_08_knn_cleaning_colab_ultra
515,0,0.0,0,challenge_08_knn_cleaning_colab_ultra
516,0,0.0,0,challenge_08_knn_cleaning_colab_ultra
517,1,0.49170846,0,challenge_08_knn_cleaning_colab_ultra
518,1,1.0,1,challenge_08_knn_cleaning_colab_ultra
519,0,0.43578798,0,challenge_08_knn_cleaning_colab_ultra
520,1,1.0,1,challenge_08_knn_cleaning_colab_ultra
521,0,0.0,0,challenge_08_knn_cleaning_colab_ultra
522,1,1.0,1,challenge_08_knn_cleaning_colab_ultra
523,0,0.49085984,0,challenge_08_knn_cleaning_colab_ultra
524,1,1.0,1,challenge_08_knn_cleaning_colab_ultra
525,0,0.48885638,0,challenge_08_knn_cleaning_colab_ultra
526,0,0.0,0,challenge_08_knn_cleaning_colab_ultra
527,1,1.0,1,challenge_08_knn_cleaning_colab_ultra
528,1,1.0,1,challenge_08_knn_cleaning_colab_ultra
529,1,0.49564618,0,challenge_08_knn_cleaning_colab_ultra
530,0,0.0,0,challenge_08_knn_cleaning_colab_ultra
531,0,0.0,0,challenge_08_knn_cleaning_colab_ultra
532,1,1.0,1,challenge_08_knn_cleaning_colab_ultra
533,0,1.0,1,challenge_08_knn_cleaning_colab_ultra
534,0,0.50095034,1,challenge_08_knn_cleaning_colab_ultra
535,0,1.0,1,challenge_08_knn_cleaning_colab_ultra
536,1,0.49895358,0,challenge_08_knn_cleaning_colab_ultra
537,1,1.0,1,challenge_08_knn_cleaning_colab_ultra
538,1,0.49049777,0,challenge_08_knn_cleaning_colab_ultra
539,0,0.50089896,1,challenge_08_knn_cleaning_colab_ultra
540,0,0.48871893,0,challenge_08_knn_cleaning_colab_ultra
541,0,0.0,0,challenge_08_knn_cleaning_colab_ultra
542,1,1.0,1,challenge_08_knn_cleaning_colab_ultra
543,1,1.0,1,challenge_08_knn_cleaning_colab_ultra
544,1,1.0,1,challenge_08_knn_cleaning_colab_ultra
545,0,0.0,0,challenge_08_knn_cleaning_colab_ultra
546,1,1.0,1,challenge_08_knn_cleaning_colab_ultra
547,0,0.0,0,challenge_08_knn_cleaning_colab_ultra
548,1,0.5033045,1,challenge_08_knn_cleaning_colab_ultra
549,1,0.50005597,1,challenge_08_knn_cleaning_colab_ultra
550,1,1.0,1,challenge_08_knn_cleaning_colab_ultra
551,0,0.0,0,challenge_08_knn_cleaning_colab_ultra
552,1,1.0,1,challenge_08_knn_cleaning_colab_ultra
553,1,1.0,1,challenge_08_knn_cleaning_colab_ultra
554,1,1.0,1,challenge_08_knn_cleaning_colab_ultra
555,1,1.0,1,challenge_08_knn_cleaning_colab_ultra
556,1,1.0,1,challenge_08_knn_cleaning_colab_ultra
557,0,0.0,0,challenge_08_knn_cleaning_colab_ultra
558,1,1.0,1,challenge_08_knn_cleaning_colab_ultra
559,0,1.0,1,challenge_08_knn_cleaning_colab_ultra
560,0,0.0,0,challenge_08_knn_cleaning_colab_ultra
561,0,0.0,0,challenge_08_knn_cleaning_colab_ultra
562,0,0.0,0,challenge_08_knn_cleaning_colab_ultra
563,0,0.4800068,0,challenge_08_knn_cleaning_colab_ultra
564,0,0.4106773,0,challenge_08_knn_cleaning_colab_ultra
565,1,0.5033826,1,challenge_08_knn_cleaning_colab_ultra
566,0,0.5207675,1,challenge_08_knn_cleaning_colab_ultra
567,0,0.0,0,challenge_08_knn_cleaning_colab_ultra
568,0,0.45255297,0,challenge_08_knn_cleaning_colab_ultra
569,0,0.0,0,challenge_08_knn_cleaning_colab_ultra
570,0,0.0,0,challenge_08_knn_cleaning_colab_ultra
571,0,0.0,0,challenge_08_knn_cleaning_colab_ultra
572,1,1.0,1,challenge_08_knn_cleaning_colab_ultra
573,1,1.0,1,challenge_08_knn_cleaning_colab_ultra
574,1,0.491354,0,challenge_08_knn_cleaning_colab_ultra
575,1,1.0,1,challenge_08_knn_cleaning_colab_ultra
576,1,1.0,1,challenge_08_knn_cleaning_colab_ultra
577,1,1.0,1,challenge_08_knn_cleaning_colab_ultra
578,0,0.0,0,challenge_08_knn_cleaning_colab_ultra
579,0,0.51324266,1,challenge_08_knn_cleaning_colab_ultra
580,0,0.0,0,challenge_08_knn_cleaning_colab_ultra
581,1,0.52104026,1,challenge_08_knn_cleaning_colab_ultra
582,0,0.0,0,challenge_08_knn_cleaning_colab_ultra
583,1,1.0,1,challenge_08_knn_cleaning_colab_ultra
584,1,0.624272,1,challenge_08_knn_cleaning_colab_ultra
585,1,0.49948508,0,challenge_08_knn_cleaning_colab_ultra
586,1,1.0,1,challenge_08_knn_cleaning_colab_ultra
587,0,0.0,0,challenge_08_knn_cleaning_colab_ultra
588,0,0.49096885,0,challenge_08_knn_cleaning_colab_ultra
589,1,1.0,1,challenge_08_knn_cleaning_colab_ultra
590,1,1.0,1,challenge_08_knn_cleaning_colab_ultra
591,0,0.0,0,challenge_08_knn_cleaning_colab_ultra
592,1,1.0,1,challenge_08_knn_cleaning_colab_ultra
593,0,0.0,0,challenge_08_knn_cleaning_colab_ultra
594,0,0.5048549,1,challenge_08_knn_cleaning_colab_ultra
595,0,0.0,0,challenge_08_knn_cleaning_colab_ultra
596,1,0.48647088,0,challenge_08_knn_cleaning_colab_ultra
597,0,0.0,0,challenge_08_knn_cleaning_colab_ultra
598,0,0.511712,1,challenge_08_knn_cleaning_colab_ultra
599,1,1.0,1,challenge_08_knn_cleaning_colab_ultra
600,1,1.0,1,challenge_08_knn_cleaning_colab_ultra
601,0,0.0,0,challenge_08_knn_cleaning_colab_ultra
602,0,0.48383406,0,challenge_08_knn_cleaning_colab_ultra
603,1,0.0,0,challenge_08_knn_cleaning_colab_ultra
604,1,1.0,1,challenge_08_knn_cleaning_colab_ultra
605,0,0.4950707,0,challenge_08_knn_cleaning_colab_ultra
606,1,1.0,1,challenge_08_knn_cleaning_colab_ultra
607,0,0.45473984,0,challenge_08_knn_cleaning_colab_ultra
608,1,0.501007,1,challenge_08_knn_cleaning_colab_ultra
609,1,1.0,1,challenge_08_knn_cleaning_colab_ultra
610,0,0.0,0,challenge_08_knn_cleaning_colab_ultra
611,0,0.4030747,0,challenge_08_knn_cleaning_colab_ultra
612,1,0.55961305,1,challenge_08_knn_cleaning_colab_ultra
613,0,0.50390905,1,challenge_08_knn_cleaning_colab_ultra
614,0,1.0,1,challenge_08_knn_cleaning_colab_ultra
615,1,1.0,1,challenge_08_knn_cleaning_colab_ultra
616,1,1.0,1,challenge_08_knn_cleaning_colab_ultra
617,1,0.4877023,0,challenge_08_knn_cleaning_colab_ultra
618,1,1.0,1,challenge_08_knn_cleaning_colab_ultra
619,0,0.0,0,challenge_08_knn_cleaning_colab_ultra
620,0,0.497708,0,challenge_08_knn_cleaning_colab_ultra
621,0,0.5008414,1,challenge_08_knn_cleaning_colab_ultra
622,0,0.0,0,challenge_08_knn_cleaning_colab_ultra
623,0,0.5064757,1,challenge_08_knn_cleaning_colab_ultra
624,1,0.5142575,1,challenge_08_knn_cleaning_colab_ultra
625,1,1.0,1,challenge_08_knn_cleaning_colab_ultra
626,0,0.0,0,challenge_08_knn_cleaning_colab_ultra
627,1,1.0,1,challenge_08_knn_cleaning_colab_ultra
628,1,1.0,1,challenge_08_knn_cleaning_colab_ultra
629,1,1.0,1,challenge_08_knn_cleaning_colab_ultra
630,0,0.50393236,1,challenge_08_knn_cleaning_colab_ultra
631,1,0.0,0,challenge_08_knn_cleaning_colab_ultra
632,1,0.48347655,0,challenge_08_knn_cleaning_colab_ultra
633,1,1.0,1,challenge_08_knn_cleaning_colab_ultra
634,0,0.0,0,challenge_08_knn_cleaning_colab_ultra
635,1,1.0,1,challenge_08_knn_cleaning_colab_ultra
636,1,1.0,1,challenge_08_knn_cleaning_colab_ultra
637,1,0.5094496,1,challenge_08_knn_cleaning_colab_ultra
638,1,1.0,1,challenge_08_knn_cleaning_colab_ultra
639,1,0.5206823,1,challenge_08_knn_cleaning_colab_ultra
640,1,0.49539515,0,challenge_08_knn_cleaning_colab_ultra
641,1,0.49997827,0,challenge_08_knn_cleaning_colab_ultra
642,1,1.0,1,challenge_08_knn_cleaning_colab_ultra
643,1,1.0,1,challenge_08_knn_cleaning_colab_ultra
644,1,0.50702226,1,challenge_08_knn_cleaning_colab_ultra
645,1,0.50429213,1,challenge_08_knn_cleaning_colab_ultra
646,0,0.0,0,challenge_08_knn_cleaning_colab_ultra
647,1,1.0,1,challenge_08_knn_cleaning_colab_ultra
648,0,0.0,0,challenge_08_knn_cleaning_colab_ultra
649,1,1.0,1,challenge_08_knn_cleaning_colab_ultra
650,0,0.0,0,challenge_08_knn_cleaning_colab_ultra
651,1,1.0,1,challenge_08_knn_cleaning_colab_ultra
652,1,0.5017952,1,challenge_08_knn_cleaning_colab_ultra
653,0,0.5259561,1,challenge_08_knn_cleaning_colab_ultra
654,0,0.0,0,challenge_08_knn_cleaning_colab_ultra
655,0,0.483211,0,challenge_08_knn_cleaning_colab_ultra
656,1,0.5026649,1,challenge_08_knn_cleaning_colab_ultra
657,0,0.4891027,0,challenge_08_knn_cleaning_colab_ultra
658,0,0.0,0,challenge_08_knn_cleaning_colab_ultra
659,0,0.0,0,challenge_08_knn_cleaning_colab_ultra
660,0,0.5106965,1,challenge_08_knn_cleaning_colab_ultra
661,0,0.0,0,challenge_08_knn_cleaning_colab_ultra
662,1,1.0,1,challenge_08_knn_cleaning_colab_ultra
663,0,0.0,0,challenge_08_knn_cleaning_colab_ultra
664,0,1.0,1,challenge_08_knn_cleaning_colab_ultra
665,0,0.0,0,challenge_08_knn_cleaning_colab_ultra
666,1,1.0,1,challenge_08_knn_cleaning_colab_ultra
667,0,0.49924004,0,challenge_08_knn_cleaning_colab_ultra
668,0,0.0,0,challenge_08_knn_cleaning_colab_ultra
669,0,1.0,1,challenge_08_knn_cleaning_colab_ultra
670,0,0.48427552,0,challenge_08_knn_cleaning_colab_ultra
671,0,0.4414109,0,challenge_08_knn_cleaning_colab_ultra
672,0,0.0,0,challenge_08_knn_cleaning_colab_ultra
673,1,1.0,1,challenge_08_knn_cleaning_colab_ultra
674,0,0.53449804,1,challenge_08_knn_cleaning_colab_ultra
675,1,1.0,1,challenge_08_knn_cleaning_colab_ultra
676,1,1.0,1,challenge_08_knn_cleaning_colab_ultra
677,1,0.49117595,0,challenge_08_knn_cleaning_colab_ultra
678,0,0.0,0,challenge_08_knn_cleaning_colab_ultra
679,0,0.0,0,challenge_08_knn_cleaning_colab_ultra
680,0,0.45576835,0,challenge_08_knn_cleaning_colab_ultra
681,0,0.0,0,challenge_08_knn_cleaning_colab_ultra
682,0,0.49719727,0,challenge_08_knn_cleaning_colab_ultra
683,1,0.50117314,1,challenge_08_knn_cleaning_colab_ultra
684,0,0.0,0,challenge_08_knn_cleaning_colab_ultra
685,1,0.50871664,1,challenge_08_knn_cleaning_colab_ultra
686,0,0.0,0,challenge_08_knn_cleaning_colab_ultra
687,0,0.0,0,challenge_08_knn_cleaning_colab_ultra
688,1,1.0,1,challenge_08_knn_cleaning_colab_ultra
689,1,0.58795834,1,challenge_08_knn_cleaning_colab_ultra
690,1,0.0,0,challenge_08_knn_cleaning_colab_ultra
691,1,0.52139205,1,challenge_08_knn_cleaning_colab_ultra
692,0,0.0,0,challenge_08_knn_cleaning_colab_ultra
693,1,0.49890524,0,challenge_08_knn_cleaning_colab_ultra
694,0,0.49981013,0,challenge_08_knn_cleaning_colab_ultra
695,0,0.4629504,0,challenge_08_knn_cleaning_colab_ultra
696,1,1.0,1,challenge_08_knn_cleaning_colab_ultra
697,0,0.0,0,challenge_08_knn_cleaning_colab_ultra
698,0,0.41397628,0,challenge_08_knn_cleaning_colab_ultra
699,0,0.46259454,0,challenge_08_knn_cleaning_colab_ultra
700,1,1.0,1,challenge_08_knn_cleaning_colab_ultra
701,1,1.0,1,challenge_08_knn_cleaning_colab_ultra
702,1,1.0,1,challenge_08_knn_cleaning_colab_ultra
703,0,0.0,0,challenge_08_knn_cleaning_colab_ultra
704,1,1.0,1,challenge_08_knn_cleaning_colab_ultra
705,1,1.0,1,challenge_08_knn_cleaning_colab_ultra
706,0,0.0,0,challenge_08_knn_cleaning_colab_ultra
707,0,0.47855136,0,challenge_08_knn_cleaning_colab_ultra
708,0,0.0,0,challenge_08_knn_cleaning_colab_ultra
709,0,0.0,0,challenge_08_knn_cleaning_colab_ultra
710,1,1.0,1,challenge_08_knn_cleaning_colab_ultra
711,1,1.0,1,challenge_08_knn_cleaning_colab_ultra
712,1,0.50488496,1,challenge_08_knn_cleaning_colab_ultra
713,0,0.0,0,challenge_08_knn_cleaning_colab_ultra
714,1,0.51382947,1,challenge_08_knn_cleaning_colab_ultra
715,1,1.0,1,challenge_08_knn_cleaning_colab_ultra
716,1,1.0,1,challenge_08_knn_cleaning_colab_ultra
717,0,0.49512717,0,challenge_08_knn_cleaning_colab_ultra
718,1,1.0,1,challenge_08_knn_cleaning_colab_ultra
719,0,0.0,0,challenge_08_knn_cleaning_colab_ultra
720,0,0.46661326,0,challenge_08_knn_cleaning_colab_ultra
721,1,1.0,1,challenge_08_knn_cleaning_colab_ultra
722,0,0.0,0,challenge_08_knn_cleaning_colab_ultra
723,1,0.0,0,challenge_08_knn_cleaning_colab_ultra
724,0,1.0,1,challenge_08_knn_cleaning_colab_ultra
725,1,0.49935937,0,challenge_08_knn_cleaning_colab_ultra
726,0,0.0,0,challenge_08_knn_cleaning_colab_ultra
727,1,1.0,1,challenge_08_knn_cleaning_colab_ultra
728,0,0.50077003,1,challenge_08_knn_cleaning_colab_ultra
729,1,0.525242,1,challenge_08_knn_cleaning_colab_ultra
730,0,0.49780688,0,challenge_08_knn_cleaning_colab_ultra
731,1,1.0,1,challenge_08_knn_cleaning_colab_ultra
732,0,1.0,1,challenge_08_knn_cleaning_colab_ultra
733,0,0.4896806,0,challenge_08_knn_cleaning_colab_ultra
734,0,0.0,0,challenge_08_knn_cleaning_colab_ultra
735,1,1.0,1,challenge_08_knn_cleaning_colab_ultra
736,0,0.0,0,challenge_08_knn_cleaning_colab_ultra
737,1,1.0,1,challenge_08_knn_cleaning_colab_ultra
738,1,1.0,1,challenge_08_knn_cleaning_colab_ultra
739,1,1.0,1,challenge_08_knn_cleaning_colab_ultra
740,0,0.47576365,0,challenge_08_knn_cleaning_colab_ultra
741,1,0.5282437,1,challenge_08_knn_cleaning_colab_ultra
742,1,1.0,1,challenge_08_knn_cleaning_colab_ultra
743,0,0.481579,0,challenge_08_knn_cleaning_colab_ultra
744,1,0.5287235,1,challenge_08_knn_cleaning_colab_ultra
745,1,1.0,1,challenge_08_knn_cleaning_colab_ultra
746,0,0.50657487,1,challenge_08_knn_cleaning_colab_ultra
747,1,1.0,1,challenge_08_knn_cleaning_colab_ultra
748,1,0.5076565,1,challenge_08_knn_cleaning_colab_ultra
749,0,1.0,1,challenge_08_knn_cleaning_colab_ultra
750,1,1.0,1,challenge_08_knn_cleaning_colab_ultra
751,1,1.0,1,challenge_08_knn_cleaning_colab_ultra
752,0,0.0,0,challenge_08_knn_cleaning_colab_ultra
753,0,1.0,1,challenge_08_knn_cleaning_colab_ultra
754,0,0.0,0,challenge_08_knn_cleaning_colab_ultra
755,1,1.0,1,challenge_08_knn_cleaning_colab_ultra
756,0,0.49722108,0,challenge_08_knn_cleaning_colab_ultra
757,0,0.49651828,0,challenge_08_knn_cleaning_colab_ultra
758,0,0.34112608,0,challenge_08_knn_cleaning_colab_ultra
759,0,0.49610275,0,challenge_08_knn_cleaning_colab_ultra
760,1,1.0,1,challenge_08_knn_cleaning_colab_ultra
761,0,0.0,0,challenge_08_knn_cleaning_colab_ultra
762,1,0.49091098,0,challenge_08_knn_cleaning_colab_ultra
763,0,0.0,0,challenge_08_knn_cleaning_colab_ultra
764,1,1.0,1,challenge_08_knn_cleaning_colab_ultra
765,1,1.0,1,challenge_08_knn_cleaning_colab_ultra
766,0,0.0,0,challenge_08_knn_cleaning_colab_ultra
767,0,0.0,0,challenge_08_knn_cleaning_colab_ultra
768,1,1.0,1,challenge_08_knn_cleaning_colab_ultra
769,1,0.5016425,1,challenge_08_knn_cleaning_colab_ultra
770,0,0.0,0,challenge_08_knn_cleaning_colab_ultra
771,1,1.0,1,challenge_08_knn_cleaning_colab_ultra
772,1,0.47457537,0,challenge_08_knn_cleaning_colab_ultra
773,1,1.0,1,challenge_08_knn_cleaning_colab_ultra
774,1,1.0,1,challenge_08_knn_cleaning_colab_ultra
775,1,0.5129662,1,challenge_08_knn_cleaning_colab_ultra
776,1,0.5769562,1,challenge_08_knn_cleaning_colab_ultra
777,1,1.0,1,challenge_08_knn_cleaning_colab_ultra
778,0,1.0,1,challenge_08_knn_cleaning_colab_ultra
779,1,1.0,1,challenge_08_knn_cleaning_colab_ultra
780,1,1.0,1,challenge_08_knn_cleaning_colab_ultra
781,0,0.48251352,0,challenge_08_knn_cleaning_colab_ultra
782,1,1.0,1,challenge_08_knn_cleaning_colab_ultra
783,0,0.0,0,challenge_08_knn_cleaning_colab_ultra
784,0,0.0,0,challenge_08_knn_cleaning_colab_ultra
785,1,1.0,1,challenge_08_knn_cleaning_colab_ultra
786,0,1.0,1,challenge_08_knn_cleaning_colab_ultra
787,1,1.0,1,challenge_08_knn_cleaning_colab_ultra
788,1,1.0,1,challenge_08_knn_cleaning_colab_ultra
789,1,0.49711993,0,challenge_08_knn_cleaning_colab_ultra
790,0,0.0,0,challenge_08_knn_cleaning_colab_ultra
791,1,1.0,1,challenge_08_knn_cleaning_colab_ultra
792,1,1.0,1,challenge_08_knn_cleaning_colab_ultra
793,1,1.0,1,challenge_08_knn_cleaning_colab_ultra
794,0,0.5148327,1,challenge_08_knn_cleaning_colab_ultra
795,1,1.0,1,challenge_08_knn_cleaning_colab_ultra
796,1,0.50370157,1,challenge_08_knn_cleaning_colab_ultra
797,0,0.0,0,challenge_08_knn_cleaning_colab_ultra
798,0,0.0,0,challenge_08_knn_cleaning_colab_ultra
799,1,1.0,1,challenge_08_knn_cleaning_colab_ultra
800,0,0.0,0,challenge_08_knn_cleaning_colab_ultra
801,0,0.0,0,challenge_08_knn_cleaning_colab_ultra
802,0,0.0,0,challenge_08_knn_cleaning_colab_ultra
803,1,1.0,1,challenge_08_knn_cleaning_colab_ultra
804,0,0.49535722,0,challenge_08_knn_cleaning_colab_ultra
805,1,0.0,0,challenge_08_knn_cleaning_colab_ultra
806,1,1.0,1,challenge_08_knn_cleaning_colab_ultra
807,1,1.0,1,challenge_08_knn_cleaning_colab_ultra
808,1,1.0,1,challenge_08_knn_cleaning_colab_ultra
809,0,0.50908536,1,challenge_08_knn_cleaning_colab_ultra
810,0,1.0,1,challenge_08_knn_cleaning_colab_ultra
811,1,1.0,1,challenge_08_knn_cleaning_colab_ultra
812,0,0.49742398,0,challenge_08_knn_cleaning_colab_ultra
813,1,1.0,1,challenge_08_knn_cleaning_colab_ultra
814,0,0.0,0,challenge_08_knn_cleaning_colab_ultra
815,1,1.0,1,challenge_08_knn_cleaning_colab_ultra
816,1,1.0,1,challenge_08_knn_cleaning_colab_ultra
817,0,0.0,0,challenge_08_knn_cleaning_colab_ultra
818,0,0.50078154,1,challenge_08_knn_cleaning_colab_ultra
819,0,0.4982838,0,challenge_08_knn_cleaning_colab_ultra
820,1,0.48730257,0,challenge_08_knn_cleaning_colab_ultra
821,0,0.49050865,0,challenge_08_knn_cleaning_colab_ultra
822,0,0.0,0,challenge_08_knn_cleaning_colab_ultra
823,1,0.50045,1,challenge_08_knn_cleaning_colab_ultra
824,1,0.0,0,challenge_08_knn_cleaning_colab_ultra
825,0,0.0,0,challenge_08_knn_cleaning_colab_ultra
826,0,0.5000149,1,challenge_08_knn_cleaning_colab_ultra
827,0,0.0,0,challenge_08_knn_cleaning_colab_ultra
828,1,0.538848,1,challenge_08_knn_cleaning_colab_ultra
829,0,0.50120866,1,challenge_08_knn_cleaning_colab_ultra
830,1,1.0,1,challenge_08_knn_cleaning_colab_ultra
831,0,0.0,0,challenge_08_knn_cleaning_colab_ultra
832,1,0.52011794,1,challenge_08_knn_cleaning_colab_ultra
833,1,1.0,1,challenge_08_knn_cleaning_colab_ultra
834,1,1.0,1,challenge_08_knn_cleaning_colab_ultra
835,0,0.47354904,0,challenge_08_knn_cleaning_colab_ultra
836,1,1.0,1,challenge_08_knn_cleaning_colab_ultra
837,1,1.0,1,challenge_08_knn_cleaning_colab_ultra
838,1,1.0,1,challenge_08_knn_cleaning_colab_ultra
839,0,1.0,1,challenge_08_knn_cleaning_colab_ultra
840,0,0.4956384,0,challenge_08_knn_cleaning_colab_ultra
841,1,1.0,1,challenge_08_knn_cleaning_colab_ultra
842,0,1.0,1,challenge_08_knn_cleaning_colab_ultra
843,0,0.0,0,challenge_08_knn_cleaning_colab_ultra
844,0,0.0,0,challenge_08_knn_cleaning_colab_ultra
845,1,0.0,0,challenge_08_knn_cleaning_colab_ultra
846,1,1.0,1,challenge_08_knn_cleaning_colab_ultra
847,0,0.0,0,challenge_08_knn_cleaning_colab_ultra
848,0,0.0,0,challenge_08_knn_cleaning_colab_ultra
849,1,0.50004077,1,challenge_08_knn_cleaning_colab_ultra
850,1,1.0,1,challenge_08_knn_cleaning_colab_ultra
851,1,1.0,1,challenge_08_knn_cleaning_colab_ultra
852,1,1.0,1,challenge_08_knn_cleaning_colab_ultra
853,1,1.0,1,challenge_08_knn_cleaning_colab_ultra
854,1,1.0,1,challenge_08_knn_cleaning_colab_ultra
855,0,0.0,0,challenge_08_knn_cleaning_colab_ultra
856,1,1.0,1,challenge_08_knn_cleaning_colab_ultra
857,1,0.5165022,1,challenge_08_knn_cleaning_colab_ultra
858,0,0.0,0,challenge_08_knn_cleaning_colab_ultra
859,1,1.0,1,challenge_08_knn_cleaning_colab_ultra
860,0,0.493249,0,challenge_08_knn_cleaning_colab_ultra
861,0,0.50112844,1,challenge_08_knn_cleaning_colab_ultra
862,1,0.59750575,1,challenge_08_knn_cleaning_colab_ultra
863,0,0.0,0,challenge_08_knn_cleaning_colab_ultra
864,1,0.51229596,1,challenge_08_knn_cleaning_colab_ultra
865,1,1.0,1,challenge_08_knn_cleaning_colab_ultra
866,0,0.5107394,1,challenge_08_knn_cleaning_colab_ultra
867,1,1.0,1,challenge_08_knn_cleaning_colab_ultra
868,0,0.42741013,0,challenge_08_knn_cleaning_colab_ultra
869,0,0.0,0,challenge_08_knn_cleaning_colab_ultra
870,1,0.5055499,1,challenge_08_knn_cleaning_colab_ultra
871,0,1.0,1,challenge_08_knn_cleaning_colab_ultra
872,1,1.0,1,challenge_08_knn_cleaning_colab_ultra
873,0,0.0,0,challenge_08_knn_cleaning_colab_ultra
874,0,1.0,1,challenge_08_knn_cleaning_colab_ultra
875,1,1.0,1,challenge_08_knn_cleaning_colab_ultra
876,0,0.36004362,0,challenge_08_knn_cleaning_colab_ultra
877,0,0.0,0,challenge_08_knn_cleaning_colab_ultra
878,1,0.5001369,1,challenge_08_knn_cleaning_colab_ultra
879,1,0.49972874,0,challenge_08_knn_cleaning_colab_ultra
880,0,0.0,0,challenge_08_knn_cleaning_colab_ultra
881,0,0.46548414,0,challenge_08_knn_cleaning_colab_ultra
882,1,1.0,1,challenge_08_knn_cleaning_colab_ultra
883,0,0.0,0,challenge_08_knn_cleaning_colab_ultra
884,1,1.0,1,challenge_08_knn_cleaning_colab_ultra
885,1,0.0,0,challenge_08_knn_cleaning_colab_ultra
886,1,0.4982116,0,challenge_08_knn_cleaning_colab_ultra
887,1,1.0,1,challenge_08_knn_cleaning_colab_ultra
888,0,1.0,1,challenge_08_knn_cleaning_colab_ultra
889,1,1.0,1,challenge_08_knn_cleaning_colab_ultra
890,0,1.0,1,challenge_08_knn_cleaning_colab_ultra
891,1,1.0,1,challenge_08_knn_cleaning_colab_ultra
892,0,0.0,0,challenge_08_knn_cleaning_colab_ultra
893,0,0.0,0,challenge_08_knn_cleaning_colab_ultra
894,0,0.0,0,challenge_08_knn_cleaning_colab_ultra
895,0,0.5079169,1,challenge_08_knn_cleaning_colab_ultra
896,0,0.0,0,challenge_08_knn_cleaning_colab_ultra
897,0,0.0,0,challenge_08_knn_cleaning_colab_ultra
898,1,0.5091102,1,challenge_08_knn_cleaning_colab_ultra
899,1,0.49163246,0,challenge_08_knn_cleaning_colab_ultra
900,1,0.50478965,1,challenge_08_knn_cleaning_colab_ultra
901,0,1.0,1,challenge_08_knn_cleaning_colab_ultra
902,1,0.5486328,1,challenge_08_knn_cleaning_colab_ultra
903,1,1.0,1,challenge_08_knn_cleaning_colab_ultra
904,0,0.44670928,0,challenge_08_knn_cleaning_colab_ultra
905,1,1.0,1,challenge_08_knn_cleaning_colab_ultra
906,1,0.5233102,1,challenge_08_knn_cleaning_colab_ultra
907,0,0.5091344,1,challenge_08_knn_cleaning_colab_ultra
908,1,1.0,1,challenge_08_knn_cleaning_colab_ultra
909,1,0.0,0,challenge_08_knn_cleaning_colab_ultra
910,1,1.0,1,challenge_08_knn_cleaning_colab_ultra
911,0,0.0,0,challenge_08_knn_cleaning_colab_ultra
912,1,1.0,1,challenge_08_knn_cleaning_colab_ultra
913,0,0.0,0,challenge_08_knn_cleaning_colab_ultra
914,1,1.0,1,challenge_08_knn_cleaning_colab_ultra
915,0,0.0,0,challenge_08_knn_cleaning_colab_ultra
916,0,0.44198218,0,challenge_08_knn_cleaning_colab_ultra
917,1,1.0,1,challenge_08_knn_cleaning_colab_ultra
918,1,0.49956667,0,challenge_08_knn_cleaning_colab_ultra
919,0,0.0,0,challenge_08_knn_cleaning_colab_ultra
920,1,0.5052806,1,challenge_08_knn_cleaning_colab_ultra
921,0,0.4898522,0,challenge_08_knn_cleaning_colab_ultra
922,0,0.0,0,challenge_08_knn_cleaning_colab_ultra
923,0,0.5056003,1,challenge_08_knn_cleaning_colab_ultra
924,0,0.48972535,0,challenge_08_knn_cleaning_colab_ultra
925,0,0.0,0,challenge_08_knn_cleaning_colab_ultra
926,0,0.0,0,challenge_08_knn_cleaning_colab_ultra
927,0,1.0,1,challenge_08_knn_cleaning_colab_ultra
928,0,0.0,0,challenge_08_knn_cleaning_colab_ultra
929,0,0.0,0,challenge_08_knn_cleaning_colab_ultra
930,1,1.0,1,challenge_08_knn_cleaning_colab_ultra
931,0,0.48415077,0,challenge_08_knn_cleaning_colab_ultra
932,1,1.0,1,challenge_08_knn_cleaning_colab_ultra
933,0,0.0,0,challenge_08_knn_cleaning_colab_ultra
934,0,0.0,0,challenge_08_knn_cleaning_colab_ultra
935,1,1.0,1,challenge_08_knn_cleaning_colab_ultra
936,0,0.47715476,0,challenge_08_knn_cleaning_colab_ultra
937,0,0.5084178,1,challenge_08_knn_cleaning_colab_ultra
938,1,1.0,1,challenge_08_knn_cleaning_colab_ultra
939,0,0.0,0,challenge_08_knn_cleaning_colab_ultra
940,1,1.0,1,challenge_08_knn_cleaning_colab_ultra
941,1,1.0,1,challenge_08_knn_cleaning_colab_ultra
942,0,0.46027648,0,challenge_08_knn_cleaning_colab_ultra
943,0,0.0,0,challenge_08_knn_cleaning_colab_ultra
944,0,0.49691874,0,challenge_08_knn_cleaning_colab_ultra
945,1,0.0,0,challenge_08_knn_cleaning_colab_ultra
946,1,1.0,1,challenge_08_knn_cleaning_colab_ultra
947,1,1.0,1,challenge_08_knn_cleaning_colab_ultra
948,0,1.0,1,challenge_08_knn_cleaning_colab_ultra
949,1,0.5402926,1,challenge_08_knn_cleaning_colab_ultra
950,0,1.0,1,challenge_08_knn_cleaning_colab_ultra
951,1,1.0,1,challenge_08_knn_cleaning_colab_ultra
952,1,1.0,1,challenge_08_knn_cleaning_colab_ultra
953,0,0.47753218,0,challenge_08_knn_cleaning_colab_ultra
954,0,1.0,1,challenge_08_knn_cleaning_colab_ultra
955,0,0.0,0,challenge_08_knn_cleaning_colab_ultra
956,1,1.0,1,challenge_08_knn_cleaning_colab_ultra
957,1,0.0,0,challenge_08_knn_cleaning_colab_ultra
958,1,1.0,1,challenge_08_knn_cleaning_colab_ultra
959,0,0.0,0,challenge_08_knn_cleaning_colab_ultra
960,0,0.0,0,challenge_08_knn_cleaning_colab_ultra
961,1,1.0,1,challenge_08_knn_cleaning_colab_ultra
962,0,0.0,0,challenge_08_knn_cleaning_colab_ultra
963,0,1.0,1,challenge_08_knn_cleaning_colab_ultra
964,0,0.0,0,challenge_08_knn_cleaning_colab_ultra
965,0,0.0,0,challenge_08_knn_cleaning_colab_ultra
966,0,0.50573736,1,challenge_08_knn_cleaning_colab_ultra
967,1,1.0,1,challenge_08_knn_cleaning_colab_ultra
968,1,1.0,1,challenge_08_knn_cleaning_colab_ultra
969,1,0.5078095,1,challenge_08_knn_cleaning_colab_ultra
970,0,0.0,0,challenge_08_knn_cleaning_colab_ultra
971,1,1.0,1,challenge_08_knn_cleaning_colab_ultra
972,1,1.0,1,challenge_08_knn_cleaning_colab_ultra
973,0,0.4881051,0,challenge_08_knn_cleaning_colab_ultra
974,0,0.49839193,0,challenge_08_knn_cleaning_colab_ultra
975,0,0.0,0,challenge_08_knn_cleaning_colab_ultra
976,1,1.0,1,challenge_08_knn_cleaning_colab_ultra
977,0,0.0,0,challenge_08_knn_cleaning_colab_ultra
978,1,1.0,1,challenge_08_knn_cleaning_colab_ultra
979,0,0.45013195,0,challenge_08_knn_cleaning_colab_ultra
980,1,0.5026906,1,challenge_08_knn_cleaning_colab_ultra
981,0,0.49008042,0,challenge_08_knn_cleaning_colab_ultra
982,0,0.0,0,challenge_08_knn_cleaning_colab_ultra
983,0,0.0,0,challenge_08_knn_cleaning_colab_ultra
984,0,0.49707952,0,challenge_08_knn_cleaning_colab_ultra
985,0,0.0,0,challenge_08_knn_cleaning_colab_ultra
986,1,0.0,0,challenge_08_knn_cleaning_colab_ultra
987,0,0.0,0,challenge_08_knn_cleaning_colab_ultra
988,0,0.4903331,0,challenge_08_knn_cleaning_colab_ultra
989,1,1.0,1,challenge_08_knn_cleaning_colab_ultra
990,0,0.0,0,challenge_08_knn_cleaning_colab_ultra
991,0,0.0,0,challenge_08_knn_cleaning_colab_ultra
992,1,1.0,1,challenge_08_knn_cleaning_colab_ultra
993,0,0.49760377,0,challenge_08_knn_cleaning_colab_ultra
994,0,0.5027883,1,challenge_08_knn_cleaning_colab_ultra
995,1,0.50452805,1,challenge_08_knn_cleaning_colab_ultra
996,1,1.0,1,challenge_08_knn_cleaning_colab_ultra
997,1,0.5494418,1,challenge_08_knn_cleaning_colab_ultra
998,1,1.0,1,challenge_08_knn_cleaning_colab_ultra
999,0,1.0,1,challenge_08_knn_cleaning_colab_ultra
1000,1,1.0,1,challenge_08_knn_cleaning_colab_ultra
1001,1,1.0,1,challenge_08_knn_cleaning_colab_ultra
1002,0,0.0,0,challenge_08_knn_cleaning_colab_ultra
1003,0,0.49699047,0,challenge_08_knn_cleaning_colab_ultra
1004,1,1.0,1,challenge_08_knn_cleaning_colab_ultra
1005,1,0.50167674,1,challenge_08_knn_cleaning_colab_ultra
1006,1,1.0,1,challenge_08_knn_cleaning_colab_ultra
1007,1,0.510244,1,challenge_08_knn_cleaning_colab_ultra
1008,1,1.0,1,challenge_08_knn_cleaning_colab_ultra
1009,0,0.5010604,1,challenge_08_knn_cleaning_colab_ultra
1010,0,1.0,1,challenge_08_knn_cleaning_colab_ultra
1011,0,0.49585682,0,challenge_08_knn_cleaning_colab_ultra
1012,1,1.0,1,challenge_08_knn_cleaning_colab_ultra
1013,1,1.0,1,challenge_08_knn_cleaning_colab_ultra
1014,1,1.0,1,challenge_08_knn_cleaning_colab_ultra
1015,0,0.49726206,0,challenge_08_knn_cleaning_colab_ultra
1016,0,1.0,1,challenge_08_knn_cleaning_colab_ultra
1017,0,0.0,0,challenge_08_knn_cleaning_colab_ultra
1018,0,0.0,0,challenge_08_knn_cleaning_colab_ultra
1019,0,0.0,0,challenge_08_knn_cleaning_colab_ultra
1020,0,0.0,0,challenge_08_knn_cleaning_colab_ultra
1021,0,0.0,0,challenge_08_knn_cleaning_colab_ultra
1022,0,0.0,0,challenge_08_knn_cleaning_colab_ultra
1023,0,1.0,1,challenge_08_knn_cleaning_colab_ultra
1024,1,0.49622214,0,challenge_08_knn_cleaning_colab_ultra
1025,1,1.0,1,challenge_08_knn_cleaning_colab_ultra
1026,1,1.0,1,challenge_08_knn_cleaning_colab_ultra
1027,1,0.0,0,challenge_08_knn_cleaning_colab_ultra
1028,1,0.58869904,1,challenge_08_knn_cleaning_colab_ultra
1029,0,0.0,0,challenge_08_knn_cleaning_colab_ultra
1030,1,1.0,1,challenge_08_knn_cleaning_colab_ultra
1031,0,0.4768543,0,challenge_08_knn_cleaning_colab_ultra
1032,1,1.0,1,challenge_08_knn_cleaning_colab_ultra
1033,0,0.40781382,0,challenge_08_knn_cleaning_colab_ultra
1034,0,0.0,0,challenge_08_knn_cleaning_colab_ultra
1035,0,0.500472,1,challenge_08_knn_cleaning_colab_ultra
1036,1,1.0,1,challenge_08_knn_cleaning_colab_ultra
1037,0,0.0,0,challenge_08_knn_cleaning_colab_ultra
1038,0,0.0,0,challenge_08_knn_cleaning_colab_ultra
1039,0,0.0,0,challenge_08_knn_cleaning_colab_ultra
1040,0,0.0,0,challenge_08_knn_cleaning_colab_ultra
1041,1,0.50577015,1,challenge_08_knn_cleaning_colab_ultra
1042,0,0.47133437,0,challenge_08_knn_cleaning_colab_ultra
1043,0,0.0,0,challenge_08_knn_cleaning_colab_ultra
1044,0,0.52596086,1,challenge_08_knn_cleaning_colab_ultra
1045,0,0.0,0,challenge_08_knn_cleaning_colab_ultra
1046,0,0.49847722,0,challenge_08_knn_cleaning_colab_ultra
1047,0,0.0,0,challenge_08_knn_cleaning_colab_ultra
1048,1,0.49347898,0,challenge_08_knn_cleaning_colab_ultra
1049,0,0.0,0,challenge_08_knn_cleaning_colab_ultra
1050,1,1.0,1,challenge_08_knn_cleaning_colab_ultra
1051,0,0.0,0,challenge_08_knn_cleaning_colab_ultra
1052,1,1.0,1,challenge_08_knn_cleaning_colab_ultra
1053,0,0.50723636,1,challenge_08_knn_cleaning_colab_ultra
1054,0,0.0,0,challenge_08_knn_cleaning_colab_ultra
1055,0,1.0,1,challenge_08_knn_cleaning_colab_ultra
1056,1,0.0,0,challenge_08_knn_cleaning_colab_ultra
1057,0,0.0,0,challenge_08_knn_cleaning_colab_ultra
1058,0,0.0,0,challenge_08_knn_cleaning_colab_ultra
1059,0,0.49833307,0,challenge_08_knn_cleaning_colab_ultra
1060,0,0.0,0,challenge_08_knn_cleaning_colab_ultra
1061,1,0.52924323,1,challenge_08_knn_cleaning_colab_ultra
1062,1,0.5075165,1,challenge_08_knn_cleaning_colab_ultra
1063,0,0.47852117,0,challenge_08_knn_cleaning_colab_ultra
1064,0,0.0,0,challenge_08_knn_cleaning_colab_ultra
1065,0,1.0,1,challenge_08_knn_cleaning_colab_ultra
1066,1,0.50469846,1,challenge_08_knn_cleaning_colab_ultra
1067,0,0.0,0,challenge_08_knn_cleaning_colab_ultra
1068,0,0.49977764,0,challenge_08_knn_cleaning_colab_ultra
1069,1,1.0,1,challenge_08_knn_cleaning_colab_ultra
1070,0,0.0,0,challenge_08_knn_cleaning_colab_ultra
1071,0,0.5086373,1,challenge_08_knn_cleaning_colab_ultra
1072,1,0.0,0,challenge_08_knn_cleaning_colab_ultra
1073,1,0.5216922,1,challenge_08_knn_cleaning_colab_ultra
1074,0,0.0,0,challenge_08_knn_cleaning_colab_ultra
1075,1,1.0,1,challenge_08_knn_cleaning_colab_ultra
1076,0,0.0,0,challenge_08_knn_cleaning_colab_ultra
1077,0,0.0,0,challenge_08_knn_cleaning_colab_ultra
1078,0,0.44077596,0,challenge_08_knn_cleaning_colab_ultra
1079,0,0.0,0,challenge_08_knn_cleaning_colab_ultra
1080,0,0.503571,1,challenge_08_knn_cleaning_colab_ultra
1081,1,0.5029672,1,challenge_08_knn_cleaning_colab_ultra
1082,1,1.0,1,challenge_08_knn_cleaning_colab_ultra
1083,0,0.0,0,challenge_08_knn_cleaning_colab_ultra
1084,1,1.0,1,challenge_08_knn_cleaning_colab_ultra
1085,0,1.0,1,challenge_08_knn_cleaning_colab_ultra
1086,0,0.4767751,0,challenge_08_knn_cleaning_colab_ultra
1087,1,1.0,1,challenge_08_knn_cleaning_colab_ultra
1088,0,0.0,0,challenge_08_knn_cleaning_colab_ultra
1089,0,0.0,0,challenge_08_knn_cleaning_colab_ultra
1090,0,0.46712348,0,challenge_08_knn_cleaning_colab_ultra
1091,1,1.0,1,challenge_08_knn_cleaning_colab_ultra
1092,0,0.0,0,challenge_08_knn_cleaning_colab_ultra
1093,0,0.0,0,challenge_08_knn_cleaning_colab_ultra
1094,1,0.49310237,0,challenge_08_knn_cleaning_colab_ultra
1095,1,1.0,1,challenge_08_knn_cleaning_colab_ultra
1096,1,1.0,1,challenge_08_knn_cleaning_colab_ultra
1097,1,1.0,1,challenge_08_knn_cleaning_colab_ultra
1098,0,1.0,1,challenge_08_knn_cleaning_colab_ultra
1099,0,0.0,0,challenge_08_knn_cleaning_colab_ultra
1100,0,0.0,0,challenge_08_knn_cleaning_colab_ultra
1101,1,0.49870607,0,challenge_08_knn_cleaning_colab_ultra
1102,0,0.0,0,challenge_08_knn_cleaning_colab_ultra
1103,1,1.0,1,challenge_08_knn_cleaning_colab_ultra
1104,1,1.0,1,challenge_08_knn_cleaning_colab_ultra
1105,0,0.50369734,1,challenge_08_knn_cleaning_colab_ultra
1106,1,1.0,1,challenge_08_knn_cleaning_colab_ultra
1107,1,1.0,1,challenge_08_knn_cleaning_colab_ultra
1108,0,1.0,1,challenge_08_knn_cleaning_colab_ultra
1109,0,0.0,0,challenge_08_knn_cleaning_colab_ultra
1110,0,0.51048094,1,challenge_08_knn_cleaning_colab_ultra
1111,1,1.0,1,challenge_08_knn_cleaning_colab_ultra
1112,0,0.0,0,challenge_08_knn_cleaning_colab_ultra
1113,0,1.0,1,challenge_08_knn_cleaning_colab_ultra
1114,0,0.446003,0,challenge_08_knn_cleaning_colab_ultra
1115,0,0.0,0,challenge_08_knn_cleaning_colab_ultra
1116,0,0.0,0,challenge_08_knn_cleaning_colab_ultra
1117,0,0.0,0,challenge_08_knn_cleaning_colab_ultra
1118,1,1.0,1,challenge_08_knn_cleaning_colab_ultra
1119,0,0.5107528,1,challenge_08_knn_cleaning_colab_ultra
1120,1,1.0,1,challenge_08_knn_cleaning_colab_ultra
1121,0,0.0,0,challenge_08_knn_cleaning_colab_ultra
1122,1,0.4996066,0,challenge_08_knn_cleaning_colab_ultra
1123,0,0.0,0,challenge_08_knn_cleaning_colab_ultra
1124,1,1.0,1,challenge_08_knn_cleaning_colab_ultra
1125,0,0.0,0,challenge_08_knn_cleaning_colab_ultra
1126,1,1.0,1,challenge_08_knn_cleaning_colab_ultra
1127,0,1.0,1,challenge_08_knn_cleaning_colab_ultra
1128,1,1.0,1,challenge_08_knn_cleaning_colab_ultra
1129,1,0.53164166,1,challenge_08_knn_cleaning_colab_ultra
1130,0,0.0,0,challenge_08_knn_cleaning_colab_ultra
1131,0,0.0,0,challenge_08_knn_cleaning_colab_ultra
1132,1,1.0,1,challenge_08_knn_cleaning_colab_ultra
1133,0,0.0,0,challenge_08_knn_cleaning_colab_ultra
1134,1,0.0,0,challenge_08_knn_cleaning_colab_ultra
1135,1,0.52439076,1,challenge_08_knn_cleaning_colab_ultra
1136,1,0.5798187,1,challenge_08_knn_cleaning_colab_ultra
1137,0,0.40832716,0,challenge_08_knn_cleaning_colab_ultra
1138,0,0.4293375,0,challenge_08_knn_cleaning_colab_ultra
1139,1,0.50061363,1,challenge_08_knn_cleaning_colab_ultra
1140,1,1.0,1,challenge_08_knn_cleaning_colab_ultra
1141,1,1.0,1,challenge_08_knn_cleaning_colab_ultra
1142,0,0.0,0,challenge_08_knn_cleaning_colab_ultra
1143,0,0.5006611,1,challenge_08_knn_cleaning_colab_ultra
1144,1,0.51066935,1,challenge_08_knn_cleaning_colab_ultra
1145,0,0.0,0,challenge_08_knn_cleaning_colab_ultra
1146,0,0.48619515,0,challenge_08_knn_cleaning_colab_ultra
1147,0,1.0,1,challenge_08_knn_cleaning_colab_ultra
1148,0,0.0,0,challenge_08_knn_cleaning_colab_ultra
1149,0,0.0,0,challenge_08_knn_cleaning_colab_ultra
1150,0,1.0,1,challenge_08_knn_cleaning_colab_ultra
1151,0,0.0,0,challenge_08_knn_cleaning_colab_ultra
1152,1,0.5003116,1,challenge_08_knn_cleaning_colab_ultra
1153,1,0.5133849,1,challenge_08_knn_cleaning_colab_ultra
1154,1,1.0,1,challenge_08_knn_cleaning_colab_ultra
1155,0,0.48814747,0,challenge_08_knn_cleaning_colab_ultra
1156,1,0.51474804,1,challenge_08_knn_cleaning_colab_ultra
1157,1,1.0,1,challenge_08_knn_cleaning_colab_ultra
1158,0,0.0,0,challenge_08_knn_cleaning_colab_ultra
1159,1,1.0,1,challenge_08_knn_cleaning_colab_ultra
1160,0,0.42912263,0,challenge_08_knn_cleaning_colab_ultra
1161,1,0.5225773,1,challenge_08_knn_cleaning_colab_ultra
1162,1,1.0,1,challenge_08_knn_cleaning_colab_ultra
1163,1,0.49120703,0,challenge_08_knn_cleaning_colab_ultra
1164,0,0.0,0,challenge_08_knn_cleaning_colab_ultra
1165,1,1.0,1,challenge_08_knn_cleaning_colab_ultra
1166,1,0.482149,0,challenge_08_knn_cleaning_colab_ultra
1167,1,1.0,1,challenge_08_knn_cleaning_colab_ultra
1168,1,0.6146169,1,challenge_08_knn_cleaning_colab_ultra
1169,1,0.5660859,1,challenge_08_knn_cleaning_colab_ultra
1170,0,0.49653777,0,challenge_08_knn_cleaning_colab_ultra
1171,0,0.0,0,challenge_08_knn_cleaning_colab_ultra
1172,0,0.0,0,challenge_08_knn_cleaning_colab_ultra
1173,1,1.0,1,challenge_08_knn_cleaning_colab_ultra
1174,0,0.49999136,0,challenge_08_knn_cleaning_colab_ultra
1175,1,0.5001367,1,challenge_08_knn_cleaning_colab_ultra
1176,0,0.0,0,challenge_08_knn_cleaning_colab_ultra
1177,1,0.5548223,1,challenge_08_knn_cleaning_colab_ultra
1178,0,0.47898126,0,challenge_08_knn_cleaning_colab_ultra
1179,1,0.48828387,0,challenge_08_knn_cleaning_colab_ultra
1180,1,0.51143926,1,challenge_08_knn_cleaning_colab_ultra
1181,0,0.0,0,challenge_08_knn_cleaning_colab_ultra
1182,0,0.0,0,challenge_08_knn_cleaning_colab_ultra
1183,1,1.0,1,challenge_08_knn_cleaning_colab_ultra
1184,1,0.0,0,challenge_08_knn_cleaning_colab_ultra
1185,0,0.50015444,1,challenge_08_knn_cleaning_colab_ultra
1186,1,1.0,1,challenge_08_knn_cleaning_colab_ultra
1187,0,1.0,1,challenge_08_knn_cleaning_colab_ultra
1188,1,1.0,1,challenge_08_knn_cleaning_colab_ultra
1189,1,0.0,0,challenge_08_knn_cleaning_colab_ultra
1190,1,0.0,0,challenge_08_knn_cleaning_colab_ultra
1191,0,0.0,0,challenge_08_knn_cleaning_colab_ultra
1192,1,1.0,1,challenge_08_knn_cleaning_colab_ultra
1193,0,0.5276049,1,challenge_08_knn_cleaning_colab_ultra
1194,1,0.49866796,0,challenge_08_knn_cleaning_colab_ultra
1195,1,1.0,1,challenge_08_knn_cleaning_colab_ultra
1196,0,0.4816751,0,challenge_08_knn_cleaning_colab_ultra
1197,1,1.0,1,challenge_08_knn_cleaning_colab_ultra
1198,1,0.5092371,1,challenge_08_knn_cleaning_colab_ultra
1199,1,0.4987845,0,challenge_08_knn_cleaning_colab_ultra
1200,0,0.48346463,0,challenge_08_knn_cleaning_colab_ultra
1201,1,1.0,1,challenge_08_knn_cleaning_colab_ultra
1202,1,0.54957795,1,challenge_08_knn_cleaning_colab_ultra
1203,0,0.5108075,1,challenge_08_knn_cleaning_colab_ultra
1204,1,1.0,1,challenge_08_knn_cleaning_colab_ultra
1205,0,0.0,0,challenge_08_knn_cleaning_colab_ultra
1206,1,1.0,1,challenge_08_knn_cleaning_colab_ultra
1207,1,1.0,1,challenge_08_knn_cleaning_colab_ultra
1208,0,0.40250936,0,challenge_08_knn_cleaning_colab_ultra
1209,0,0.4890196,0,challenge_08_knn_cleaning_colab_ultra
1210,1,1.0,1,challenge_08_knn_cleaning_colab_ultra
1211,1,1.0,1,challenge_08_knn_cleaning_colab_ultra
1212,0,1.0,1,challenge_08_knn_cleaning_colab_ultra
1213,1,1.0,1,challenge_08_knn_cleaning_colab_ultra
1214,0,0.0,0,challenge_08_knn_cleaning_colab_ultra
1215,1,0.49739847,0,challenge_08_knn_cleaning_colab_ultra
1216,0,0.0,0,challenge_08_knn_cleaning_colab_ultra
1217,0,0.0,0,challenge_08_knn_cleaning_colab_ultra
1218,1,1.0,1,challenge_08_knn_cleaning_colab_ultra
1219,1,1.0,1,challenge_08_knn_cleaning_colab_ultra
1220,0,0.0,0,challenge_08_knn_cleaning_colab_ultra
1221,0,0.41414896,0,challenge_08_knn_cleaning_colab_ultra
1222,1,0.5055702,1,challenge_08_knn_cleaning_colab_ultra
1223,1,1.0,1,challenge_08_knn_cleaning_colab_ultra
1224,0,0.0,0,challenge_08_knn_cleaning_colab_ultra
1225,0,0.4826348,0,challenge_08_knn_cleaning_colab_ultra
1226,1,1.0,1,challenge_08_knn_cleaning_colab_ultra
1227,0,0.0,0,challenge_08_knn_cleaning_colab_ultra
1228,0,0.0,0,challenge_08_knn_cleaning_colab_ultra
1229,0,0.0,0,challenge_08_knn_cleaning_colab_ultra
1230,1,0.49984336,0,challenge_08_knn_cleaning_colab_ultra
1231,1,1.0,1,challenge_08_knn_cleaning_colab_ultra
1232,1,1.0,1,challenge_08_knn_cleaning_colab_ultra
1233,1,0.49834564,0,challenge_08_knn_cleaning_colab_ultra
1234,1,0.51769215,1,challenge_08_knn_cleaning_colab_ultra
1235,0,0.0,0,challenge_08_knn_cleaning_colab_ultra
1236,0,0.5005464,1,challenge_08_knn_cleaning_colab_ultra
1237,1,1.0,1,challenge_08_knn_cleaning_colab_ultra
1238,0,0.46734098,0,challenge_08_knn_cleaning_colab_ultra
1239,1,0.52900475,1,challenge_08_knn_cleaning_colab_ultra
1240,1,1.0,1,challenge_08_knn_cleaning_colab_ultra
1241,1,1.0,1,challenge_08_knn_cleaning_colab_ultra
1242,0,0.5236561,1,challenge_08_knn_cleaning_colab_ultra
1243,1,0.55996513,1,challenge_08_knn_cleaning_colab_ultra
1244,0,0.0,0,challenge_08_knn_cleaning_colab_ultra
1245,1,1.0,1,challenge_08_knn_cleaning_colab_ultra
1246,1,1.0,1,challenge_08_knn_cleaning_colab_ultra
1247,1,1.0,1,challenge_08_knn_cleaning_colab_ultra
1248,1,1.0,1,challenge_08_knn_cleaning_colab_ultra
1249,1,0.499016,0,challenge_08_knn_cleaning_colab_ultra
1250,1,1.0,1,challenge_08_knn_cleaning_colab_ultra
1251,1,0.49175924,0,challenge_08_knn_cleaning_colab_ultra
1252,1,0.0,0,challenge_08_knn_cleaning_colab_ultra
1253,0,0.45960647,0,challenge_08_knn_cleaning_colab_ultra
1254,1,1.0,1,challenge_08_knn_cleaning_colab_ultra
1255,0,0.0,0,challenge_08_knn_cleaning_colab_ultra
1256,1,1.0,1,challenge_08_knn_cleaning_colab_ultra
1257,0,0.0,0,challenge_08_knn_cleaning_colab_ultra
1258,0,0.47040603,0,challenge_08_knn_cleaning_colab_ultra
1259,0,0.5002679,1,challenge_08_knn_cleaning_colab_ultra
1260,1,1.0,1,challenge_08_knn_cleaning_colab_ultra
1261,1,1.0,1,challenge_08_knn_cleaning_colab_ultra
1262,0,0.0,0,challenge_08_knn_cleaning_colab_ultra
1263,0,0.4884984,0,challenge_08_knn_cleaning_colab_ultra
1264,0,0.44942757,0,challenge_08_knn_cleaning_colab_ultra
1265,1,1.0,1,challenge_08_knn_cleaning_colab_ultra
1266,1,1.0,1,challenge_08_knn_cleaning_colab_ultra
1267,0,0.0,0,challenge_08_knn_cleaning_colab_ultra
1268,0,0.48835883,0,challenge_08_knn_cleaning_colab_ultra
1269,0,0.3938691,0,challenge_08_knn_cleaning_colab_ultra
1270,0,0.49847004,0,challenge_08_knn_cleaning_colab_ultra
1271,1,1.0,1,challenge_08_knn_cleaning_colab_ultra
1272,0,0.0,0,challenge_08_knn_cleaning_colab_ultra
1273,1,1.0,1,challenge_08_knn_cleaning_colab_ultra
1274,0,0.0,0,challenge_08_knn_cleaning_colab_ultra
1275,1,0.504677,1,challenge_08_knn_cleaning_colab_ultra
1276,0,0.0,0,challenge_08_knn_cleaning_colab_ultra
1277,0,0.0,0,challenge_08_knn_cleaning_colab_ultra
1278,1,1.0,1,challenge_08_knn_cleaning_colab_ultra
1279,0,0.47594717,0,challenge_08_knn_cleaning_colab_ultra
1280,0,1.0,1,challenge_08_knn_cleaning_colab_ultra
1281,0,0.50591624,1,challenge_08_knn_cleaning_colab_ultra
1282,1,1.0,1,challenge_08_knn_cleaning_colab_ultra
1283,1,1.0,1,challenge_08_knn_cleaning_colab_ultra
1284,0,0.0,0,challenge_08_knn_cleaning_colab_ultra
1285,0,0.4981599,0,challenge_08_knn_cleaning_colab_ultra
1286,0,0.52281636,1,challenge_08_knn_cleaning_colab_ultra
1287,1,1.0,1,challenge_08_knn_cleaning_colab_ultra
1288,0,0.5031001,1,challenge_08_knn_cleaning_colab_ultra
1289,0,0.45493072,0,challenge_08_knn_cleaning_colab_ultra
1290,0,0.0,0,challenge_08_knn_cleaning_colab_ultra
1291,0,0.0,0,challenge_08_knn_cleaning_colab_ultra
1292,0,0.48741403,0,challenge_08_knn_cleaning_colab_ultra
1293,1,1.0,1,challenge_08_knn_cleaning_colab_ultra
1294,1,0.0,0,challenge_08_knn_cleaning_colab_ultra
1295,0,0.0,0,challenge_08_knn_cleaning_colab_ultra
1296,0,0.43553168,0,challenge_08_knn_cleaning_colab_ultra
1297,1,0.5008663,1,challenge_08_knn_cleaning_colab_ultra
1298,0,0.0,0,challenge_08_knn_cleaning_colab_ultra
1299,0,0.0,0,challenge_08_knn_cleaning_colab_ultra
1300,0,0.0,0,challenge_08_knn_cleaning_colab_ultra
1301,1,1.0,1,challenge_08_knn_cleaning_colab_ultra
1302,0,0.0,0,challenge_08_knn_cleaning_colab_ultra
1303,0,0.0,0,challenge_08_knn_cleaning_colab_ultra
1304,0,0.0,0,challenge_08_knn_cleaning_colab_ultra
1305,1,0.51501584,1,challenge_08_knn_cleaning_colab_ultra
1306,0,0.0,0,challenge_08_knn_cleaning_colab_ultra
1307,0,0.0,0,challenge_08_knn_cleaning_colab_ultra
1308,0,0.484357,0,challenge_08_knn_cleaning_colab_ultra
1309,0,0.5012872,1,challenge_08_knn_cleaning_colab_ultra
1310,0,0.0,0,challenge_08_knn_cleaning_colab_ultra
1311,1,1.0,1,challenge_08_knn_cleaning_colab_ultra
1312,1,1.0,1,challenge_08_knn_cleaning_colab_ultra
1313,1,1.0,1,challenge_08_knn_cleaning_colab_ultra
1314,0,0.0,0,challenge_08_knn_cleaning_colab_ultra
1315,0,0.46756533,0,challenge_08_knn_cleaning_colab_ultra
1316,1,1.0,1,challenge_08_knn_cleaning_colab_ultra
1317,1,1.0,1,challenge_08_knn_cleaning_colab_ultra
1318,0,0.0,0,challenge_08_knn_cleaning_colab_ultra
1319,0,0.49890456,0,challenge_08_knn_cleaning_colab_ultra
1320,1,1.0,1,challenge_08_knn_cleaning_colab_ultra
1321,1,0.49516538,0,challenge_08_knn_cleaning_colab_ultra
1322,1,1.0,1,challenge_08_knn_cleaning_colab_ultra
1323,0,0.49114543,0,challenge_08_knn_cleaning_colab_ultra
1324,1,0.4929167,0,challenge_08_knn_cleaning_colab_ultra
1325,0,0.0,0,challenge_08_knn_cleaning_colab_ultra
1326,0,0.0,0,challenge_08_knn_cleaning_colab_ultra
1327,1,1.0,1,challenge_08_knn_cleaning_colab_ultra
1328,0,0.0,0,challenge_08_knn_cleaning_colab_ultra
1329,0,1.0,1,challenge_08_knn_cleaning_colab_ultra
1330,1,1.0,1,challenge_08_knn_cleaning_colab_ultra
1331,0,0.0,0,challenge_08_knn_cleaning_colab_ultra
1332,1,0.5248588,1,challenge_08_knn_cleaning_colab_ultra
1333,1,1.0,1,challenge_08_knn_cleaning_colab_ultra
1334,1,0.49991247,0,challenge_08_knn_cleaning_colab_ultra
1335,1,1.0,1,challenge_08_knn_cleaning_colab_ultra
1336,1,1.0,1,challenge_08_knn_cleaning_colab_ultra
1337,0,0.0,0,challenge_08_knn_cleaning_colab_ultra
1338,0,0.0,0,challenge_08_knn_cleaning_colab_ultra
1339,1,1.0,1,challenge_08_knn_cleaning_colab_ultra
1340,0,0.0,0,challenge_08_knn_cleaning_colab_ultra
1341,1,1.0,1,challenge_08_knn_cleaning_colab_ultra
1342,0,0.0,0,challenge_08_knn_cleaning_colab_ultra
1343,1,1.0,1,challenge_08_knn_cleaning_colab_ultra
1344,0,0.0,0,challenge_08_knn_cleaning_colab_ultra
1345,0,0.0,0,challenge_08_knn_cleaning_colab_ultra
1346,1,1.0,1,challenge_08_knn_cleaning_colab_ultra
1347,0,0.0,0,challenge_08_knn_cleaning_colab_ultra
1348,1,1.0,1,challenge_08_knn_cleaning_colab_ultra
1349,0,0.0,0,challenge_08_knn_cleaning_colab_ultra
1350,1,1.0,1,challenge_08_knn_cleaning_colab_ultra
1351,1,1.0,1,challenge_08_knn_cleaning_colab_ultra
1352,1,1.0,1,challenge_08_knn_cleaning_colab_ultra
1353,1,0.51266253,1,challenge_08_knn_cleaning_colab_ultra
1354,1,1.0,1,challenge_08_knn_cleaning_colab_ultra
1355,1,0.5155566,1,challenge_08_knn_cleaning_colab_ultra
1356,0,0.0,0,challenge_08_knn_cleaning_colab_ultra
1357,0,0.0,0,challenge_08_knn_cleaning_colab_ultra
1358,1,0.5668171,1,challenge_08_knn_cleaning_colab_ultra
1359,0,0.0,0,challenge_08_knn_cleaning_colab_ultra
1360,1,1.0,1,challenge_08_knn_cleaning_colab_ultra
1361,1,1.0,1,challenge_08_knn_cleaning_colab_ultra
1362,0,0.0,0,challenge_08_knn_cleaning_colab_ultra
1363,1,1.0,1,challenge_08_knn_cleaning_colab_ultra
1364,1,1.0,1,challenge_08_knn_cleaning_colab_ultra
1365,1,0.5202546,1,challenge_08_knn_cleaning_colab_ultra
1366,0,0.49896103,0,challenge_08_knn_cleaning_colab_ultra
1367,0,1.0,1,challenge_08_knn_cleaning_colab_ultra
1368,1,1.0,1,challenge_08_knn_cleaning_colab_ultra
1369,1,1.0,1,challenge_08_knn_cleaning_colab_ultra
1370,1,0.5052634,1,challenge_08_knn_cleaning_colab_ultra
1371,0,0.0,0,challenge_08_knn_cleaning_colab_ultra
1372,1,0.53629535,1,challenge_08_knn_cleaning_colab_ultra
1373,1,1.0,1,challenge_08_knn_cleaning_colab_ultra
1374,1,1.0,1,challenge_08_knn_cleaning_colab_ultra
1375,0,0.4497455,0,challenge_08_knn_cleaning_colab_ultra
1376,1,1.0,1,challenge_08_knn_cleaning_colab_ultra
1377,0,1.0,1,challenge_08_knn_cleaning_colab_ultra
1378,0,0.43839622,0,challenge_08_knn_cleaning_colab_ultra
1379,0,0.48847505,0,challenge_08_knn_cleaning_colab_ultra
1380,1,0.49243334,0,challenge_08_knn_cleaning_colab_ultra
1381,1,0.5138078,1,challenge_08_knn_cleaning_colab_ultra
1382,0,0.5223155,1,challenge_08_knn_cleaning_colab_ultra
1383,1,0.50566745,1,challenge_08_knn_cleaning_colab_ultra
1384,0,0.0,0,challenge_08_knn_cleaning_colab_ultra
1385,1,1.0,1,challenge_08_knn_cleaning_colab_ultra
1386,0,0.511603,1,challenge_08_knn_cleaning_colab_ultra
1387,1,1.0,1,challenge_08_knn_cleaning_colab_ultra
1388,1,1.0,1,challenge_08_knn_cleaning_colab_ultra
1389,1,1.0,1,challenge_08_knn_cleaning_colab_ultra
1390,0,0.4218075,0,challenge_08_knn_cleaning_colab_ultra
1391,1,1.0,1,challenge_08_knn_cleaning_colab_ultra
1392,0,0.0,0,challenge_08_knn_cleaning_colab_ultra
1393,1,1.0,1,challenge_08_knn_cleaning_colab_ultra
1394,0,0.0,0,challenge_08_knn_cleaning_colab_ultra
1395,1,0.49655133,0,challenge_08_knn_cleaning_colab_ultra
1396,0,0.0,0,challenge_08_knn_cleaning_colab_ultra
1397,1,1.0,1,challenge_08_knn_cleaning_colab_ultra
1398,0,0.48440647,0,challenge_08_knn_cleaning_colab_ultra
1399,1,1.0,1,challenge_08_knn_cleaning_colab_ultra
1400,0,0.4952366,0,challenge_08_knn_cleaning_colab_ultra
1401,1,0.617008,1,challenge_08_knn_cleaning_colab_ultra
1402,1,1.0,1,challenge_08_knn_cleaning_colab_ultra
1403,0,1.0,1,challenge_08_knn_cleaning_colab_ultra
1404,1,1.0,1,challenge_08_knn_cleaning_colab_ultra
1405,1,1.0,1,challenge_08_knn_cleaning_colab_ultra
1406,0,0.48333806,0,challenge_08_knn_cleaning_colab_ultra
1407,0,0.0,0,challenge_08_knn_cleaning_colab_ultra
1408,0,0.0,0,challenge_08_knn_cleaning_colab_ultra
1409,0,0.0,0,challenge_08_knn_cleaning_colab_ultra
1410,1,1.0,1,challenge_08_knn_cleaning_colab_ultra
1411,1,0.5057304,1,challenge_08_knn_cleaning_colab_ultra
1412,1,1.0,1,challenge_08_knn_cleaning_colab_ultra
1413,0,0.0,0,challenge_08_knn_cleaning_colab_ultra
1414,0,0.0,0,challenge_08_knn_cleaning_colab_ultra
1415,0,0.0,0,challenge_08_knn_cleaning_colab_ultra
1416,0,0.0,0,challenge_08_knn_cleaning_colab_ultra
1417,0,0.0,0,challenge_08_knn_cleaning_colab_ultra
1418,1,1.0,1,challenge_08_knn_cleaning_colab_ultra
1419,1,1.0,1,challenge_08_knn_cleaning_colab_ultra
1420,1,0.5029521,1,challenge_08_knn_cleaning_colab_ultra
1421,1,1.0,1,challenge_08_knn_cleaning_colab_ultra
1422,0,0.0,0,challenge_08_knn_cleaning_colab_ultra
1423,1,1.0,1,challenge_08_knn_cleaning_colab_ultra
1424,1,1.0,1,challenge_08_knn_cleaning_colab_ultra
1425,0,0.0,0,challenge_08_knn_cleaning_colab_ultra
1426,0,0.47837543,0,challenge_08_knn_cleaning_colab_ultra
1427,1,1.0,1,challenge_08_knn_cleaning_colab_ultra
1428,0,0.49966267,0,challenge_08_knn_cleaning_colab_ultra
1429,0,0.41131437,0,challenge_08_knn_cleaning_colab_ultra
1430,1,1.0,1,challenge_08_knn_cleaning_colab_ultra
1431,1,0.5025468,1,challenge_08_knn_cleaning_colab_ultra
1432,1,0.5034239,1,challenge_08_knn_cleaning_colab_ultra
1433,1,1.0,1,challenge_08_knn_cleaning_colab_ultra
1434,1,1.0,1,challenge_08_knn_cleaning_colab_ultra
1435,1,0.50269926,1,challenge_08_knn_cleaning_colab_ultra
1436,1,1.0,1,challenge_08_knn_cleaning_colab_ultra
1437,1,1.0,1,challenge_08_knn_cleaning_colab_ultra
1438,0,0.0,0,challenge_08_knn_cleaning_colab_ultra
1439,0,0.0,0,challenge_08_knn_cleaning_colab_ultra
1440,0,0.5021911,1,challenge_08_knn_cleaning_colab_ultra
1441,0,0.49855265,0,challenge_08_knn_cleaning_colab_ultra
1442,1,0.5186053,1,challenge_08_knn_cleaning_colab_ultra
1443,0,0.0,0,challenge_08_knn_cleaning_colab_ultra
1444,1,0.4975805,0,challenge_08_knn_cleaning_colab_ultra
1445,1,1.0,1,challenge_08_knn_cleaning_colab_ultra
1446,0,0.50699985,1,challenge_08_knn_cleaning_colab_ultra
1447,0,0.5421944,1,challenge_08_knn_cleaning_colab_ultra
1448,1,1.0,1,challenge_08_knn_cleaning_colab_ultra
1449,1,1.0,1,challenge_08_knn_cleaning_colab_ultra
1450,1,1.0,1,challenge_08_knn_cleaning_colab_ultra
1451,1,0.0,0,challenge_08_knn_cleaning_colab_ultra
1452,0,1.0,1,challenge_08_knn_cleaning_colab_ultra
1453,1,1.0,1,challenge_08_knn_cleaning_colab_ultra
1454,0,0.0,0,challenge_08_knn_cleaning_colab_ultra
1455,1,0.4997338,0,challenge_08_knn_cleaning_colab_ultra
1456,0,1.0,1,challenge_08_knn_cleaning_colab_ultra
1457,0,0.0,0,challenge_08_knn_cleaning_colab_ultra
1458,1,1.0,1,challenge_08_knn_cleaning_colab_ultra
1459,1,1.0,1,challenge_08_knn_cleaning_colab_ultra
1460,0,1.0,1,challenge_08_knn_cleaning_colab_ultra
1461,1,0.0,0,challenge_08_knn_cleaning_colab_ultra
1462,0,0.49755833,0,challenge_08_knn_cleaning_colab_ultra
1463,0,1.0,1,challenge_08_knn_cleaning_colab_ultra
1464,0,0.0,0,challenge_08_knn_cleaning_colab_ultra
1465,0,0.45906705,0,challenge_08_knn_cleaning_colab_ultra
1466,0,0.0,0,challenge_08_knn_cleaning_colab_ultra
1467,1,0.50628734,1,challenge_08_knn_cleaning_colab_ultra
1468,0,0.0,0,challenge_08_knn_cleaning_colab_ultra
1469,0,0.47089288,0,challenge_08_knn_cleaning_colab_ultra
1470,0,0.4989383,0,challenge_08_knn_cleaning_colab_ultra
1471,1,0.0,0,challenge_08_knn_cleaning_colab_ultra
1472,0,0.0,0,challenge_08_knn_cleaning_colab_ultra
1473,0,0.38404492,0,challenge_08_knn_cleaning_colab_ultra
1474,0,0.0,0,challenge_08_knn_cleaning_colab_ultra
1475,1,1.0,1,challenge_08_knn_cleaning_colab_ultra
1476,0,0.49893332,0,challenge_08_knn_cleaning_colab_ultra
1477,0,0.0,0,challenge_08_knn_cleaning_colab_ultra
1478,0,0.51092494,1,challenge_08_knn_cleaning_colab_ultra
1479,1,0.49160942,0,challenge_08_knn_cleaning_colab_ultra
1480,0,0.49374604,0,challenge_08_knn_cleaning_colab_ultra
1481,1,1.0,1,challenge_08_knn_cleaning_colab_ultra
1482,1,1.0,1,challenge_08_knn_cleaning_colab_ultra
1483,1,1.0,1,challenge_08_knn_cleaning_colab_ultra
1484,0,0.49291655,0,challenge_08_knn_cleaning_colab_ultra
1485,1,0.48480296,0,challenge_08_knn_cleaning_colab_ultra
1486,0,0.46233407,0,challenge_08_knn_cleaning_colab_ultra
1487,0,0.0,0,challenge_08_knn_cleaning_colab_ultra
1488,1,0.0,0,challenge_08_knn_cleaning_colab_ultra
1489,1,0.5023288,1,challenge_08_knn_cleaning_colab_ultra
1490,0,0.0,0,challenge_08_knn_cleaning_colab_ultra
1491,0,0.0,0,challenge_08_knn_cleaning_colab_ultra
1492,1,0.48852092,0,challenge_08_knn_cleaning_colab_ultra
1493,1,1.0,1,challenge_08_knn_cleaning_colab_ultra
1494,0,0.48636657,0,challenge_08_knn_cleaning_colab_ultra
1495,1,1.0,1,challenge_08_knn_cleaning_colab_ultra
1496,1,0.5151421,1,challenge_08_knn_cleaning_colab_ultra
1497,0,0.4904672,0,challenge_08_knn_cleaning_colab_ultra
1498,0,0.0,0,challenge_08_knn_cleaning_colab_ultra
1499,1,0.51256615,1,challenge_08_knn_cleaning_colab_ultra
1500,1,0.0,0,challenge_08_knn_cleaning_colab_ultra
1501,0,0.4926907,0,challenge_08_knn_cleaning_colab_ultra
1502,1,1.0,1,challenge_08_knn_cleaning_colab_ultra
1503,1,1.0,1,challenge_08_knn_cleaning_colab_ultra
1504,0,0.50640476,1,challenge_08_knn_cleaning_colab_ultra
1505,1,1.0,1,challenge_08_knn_cleaning_colab_ultra
1506,0,0.4915677,0,challenge_08_knn_cleaning_colab_ultra
1507,1,0.0,0,challenge_08_knn_cleaning_colab_ultra
1508,0,0.49220225,0,challenge_08_knn_cleaning_colab_ultra
1509,1,1.0,1,challenge_08_knn_cleaning_colab_ultra
1510,0,0.0,0,challenge_08_knn_cleaning_colab_ultra
1511,1,1.0,1,challenge_08_knn_cleaning_colab_ultra
1512,0,0.0,0,challenge_08_knn_cleaning_colab_ultra
1513,1,1.0,1,challenge_08_knn_cleaning_colab_ultra
1514,1,1.0,1,challenge_08_knn_cleaning_colab_ultra
1515,0,0.5052775,1,challenge_08_knn_cleaning_colab_ultra
1516,1,1.0,1,challenge_08_knn_cleaning_colab_ultra
1517,1,0.49070865,0,challenge_08_knn_cleaning_colab_ultra
1518,0,0.4514389,0,challenge_08_knn_cleaning_colab_ultra
1519,1,0.5032712,1,challenge_08_knn_cleaning_colab_ultra
1520,1,1.0,1,challenge_08_knn_cleaning_colab_ultra
1521,1,1.0,1,challenge_08_knn_cleaning_colab_ultra
1522,0,0.50027066,1,challenge_08_knn_cleaning_colab_ultra
1523,0,0.49266332,0,challenge_08_knn_cleaning_colab_ultra
1524,0,0.0,0,challenge_08_knn_cleaning_colab_ultra
1525,0,0.0,0,challenge_08_knn_cleaning_colab_ultra
1526,0,0.0,0,challenge_08_knn_cleaning_colab_ultra
1527,1,1.0,1,challenge_08_knn_cleaning_colab_ultra
1528,0,0.0,0,challenge_08_knn_cleaning_colab_ultra
1529,1,0.5177159,1,challenge_08_knn_cleaning_colab_ultra
1530,0,0.0,0,challenge_08_knn_cleaning_colab_ultra
1531,0,0.493982,0,challenge_08_knn_cleaning_colab_ultra
1532,0,0.0,0,challenge_08_knn_cleaning_colab_ultra
1533,0,0.0,0,challenge_08_knn_cleaning_colab_ultra
1534,1,1.0,1,challenge_08_knn_cleaning_colab_ultra
1535,0,0.49984455,0,challenge_08_knn_cleaning_colab_ultra
1536,1,0.55171967,1,challenge_08_knn_cleaning_colab_ultra
1537,1,1.0,1,challenge_08_knn_cleaning_colab_ultra
1538,0,0.50949425,1,challenge_08_knn_cleaning_colab_ultra
1539,0,0.0,0,challenge_08_knn_cleaning_colab_ultra
1540,1,1.0,1,challenge_08_knn_cleaning_colab_ultra
1541,0,0.5019946,1,challenge_08_knn_cleaning_colab_ultra
1542,1,1.0,1,challenge_08_knn_cleaning_colab_ultra
1543,1,1.0,1,challenge_08_knn_cleaning_colab_ultra
1544,1,1.0,1,challenge_08_knn_cleaning_colab_ultra
1545,0,0.0,0,challenge_08_knn_cleaning_colab_ultra
1546,1,0.49983567,0,challenge_08_knn_cleaning_colab_ultra
1547,0,0.0,0,challenge_08_knn_cleaning_colab_ultra
1548,0,1.0,1,challenge_08_knn_cleaning_colab_ultra
1549,1,0.49578437,0,challenge_08_knn_cleaning_colab_ultra
1550,0,0.0,0,challenge_08_knn_cleaning_colab_ultra
1551,0,0.0,0,challenge_08_knn_cleaning_colab_ultra
1552,0,0.5004598,1,challenge_08_knn_cleaning_colab_ultra
1553,0,0.0,0,challenge_08_knn_cleaning_colab_ultra
1554,1,0.0,0,challenge_08_knn_cleaning_colab_ultra
1555,0,0.0,0,challenge_08_knn_cleaning_colab_ultra
1556,0,0.0,0,challenge_08_knn_cleaning_colab_ultra
1557,1,0.0,0,challenge_08_knn_cleaning_colab_ultra
1558,0,0.4965691,0,challenge_08_knn_cleaning_colab_ultra
1559,0,0.49289125,0,challenge_08_knn_cleaning_colab_ultra
1560,1,1.0,1,challenge_08_knn_cleaning_colab_ultra
1561,0,0.4982054,0,challenge_08_knn_cleaning_colab_ultra
1562,0,0.49300635,0,challenge_08_knn_cleaning_colab_ultra
1563,0,1.0,1,challenge_08_knn_cleaning_colab_ultra
1564,1,1.0,1,challenge_08_knn_cleaning_colab_ultra
1565,0,0.5028169,1,challenge_08_knn_cleaning_colab_ultra
1566,0,0.49052173,0,challenge_08_knn_cleaning_colab_ultra
1567,1,0.494322,0,challenge_08_knn_cleaning_colab_ultra
1568,1,1.0,1,challenge_08_knn_cleaning_colab_ultra
1569,1,0.5239626,1,challenge_08_knn_cleaning_colab_ultra
1570,0,0.48963916,0,challenge_08_knn_cleaning_colab_ultra
1571,0,0.489681,0,challenge_08_knn_cleaning_colab_ultra
1572,0,0.0,0,challenge_08_knn_cleaning_colab_ultra
1573,1,0.53927463,1,challenge_08_knn_cleaning_colab_ultra
1574,1,1.0,1,challenge_08_knn_cleaning_colab_ultra
1575,1,1.0,1,challenge_08_knn_cleaning_colab_ultra
1576,0,0.0,0,challenge_08_knn_cleaning_colab_ultra
1577,1,0.49679846,0,challenge_08_knn_cleaning_colab_ultra
1578,0,0.0,0,challenge_08_knn_cleaning_colab_ultra
1579,0,0.0,0,challenge_08_knn_cleaning_colab_ultra
1580,0,0.5195068,1,challenge_08_knn_cleaning_colab_ultra
1581,1,1.0,1,challenge_08_knn_cleaning_colab_ultra
1582,0,0.48038036,0,challenge_08_knn_cleaning_colab_ultra
1583,0,0.0,0,challenge_08_knn_cleaning_colab_ultra
1584,0,0.50168157,1,challenge_08_knn_cleaning_colab_ultra
1585,1,1.0,1,challenge_08_knn_cleaning_colab_ultra
1586,1,0.51758426,1,challenge_08_knn_cleaning_colab_ultra
1587,0,0.0,0,challenge_08_knn_cleaning_colab_ultra
1588,0,0.0,0,challenge_08_knn_cleaning_colab_ultra
1589,0,0.41880026,0,challenge_08_knn_cleaning_colab_ultra
1590,1,1.0,1,challenge_08_knn_cleaning_colab_ultra
1591,0,0.0,0,challenge_08_knn_cleaning_colab_ultra
1592,1,1.0,1,challenge_08_knn_cleaning_colab_ultra
1593,0,0.5092484,1,challenge_08_knn_cleaning_colab_ultra
1594,0,0.5014643,1,challenge_08_knn_cleaning_colab_ultra
1595,0,0.0,0,challenge_08_knn_cleaning_colab_ultra
1596,0,0.0,0,challenge_08_knn_cleaning_colab_ultra
1597,0,0.0,0,challenge_08_knn_cleaning_colab_ultra
1598,1,0.50163287,1,challenge_08_knn_cleaning_colab_ultra
1599,1,0.49715596,0,challenge_08_knn_cleaning_colab_ultra
1600,1,0.0,0,challenge_08_knn_cleaning_colab_ultra
1601,0,0.49524406,0,challenge_08_knn_cleaning_colab_ultra
1602,1,1.0,1,challenge_08_knn_cleaning_colab_ultra
1603,0,0.0,0,challenge_08_knn_cleaning_colab_ultra
1604,0,0.4652008,0,challenge_08_knn_cleaning_colab_ultra
1605,1,0.0,0,challenge_08_knn_cleaning_colab_ultra
1606,1,1.0,1,challenge_08_knn_cleaning_colab_ultra
1607,1,1.0,1,challenge_08_knn_cleaning_colab_ultra
1608,0,0.0,0,challenge_08_knn_cleaning_colab_ultra
1609,1,1.0,1,challenge_08_knn_cleaning_colab_ultra
1610,1,0.4996142,0,challenge_08_knn_cleaning_colab_ultra
1611,1,0.50043654,1,challenge_08_knn_cleaning_colab_ultra
1612,1,0.5285468,1,challenge_08_knn_cleaning_colab_ultra
1613,1,0.50994736,1,challenge_08_knn_cleaning_colab_ultra
1614,0,0.0,0,challenge_08_knn_cleaning_colab_ultra
1615,0,0.0,0,challenge_08_knn_cleaning_colab_ultra
1616,0,0.0,0,challenge_08_knn_cleaning_colab_ultra
1617,1,1.0,1,challenge_08_knn_cleaning_colab_ultra
1618,1,0.5043251,1,challenge_08_knn_cleaning_colab_ultra
1619,1,1.0,1,challenge_08_knn_cleaning_colab_ultra
1620,0,0.0,0,challenge_08_knn_cleaning_colab_ultra
1621,1,1.0,1,challenge_08_knn_cleaning_colab_ultra
1622,1,1.0,1,challenge_08_knn_cleaning_colab_ultra
1623,0,0.0,0,challenge_08_knn_cleaning_colab_ultra
1624,0,0.4430106,0,challenge_08_knn_cleaning_colab_ultra
1625,0,0.0,0,challenge_08_knn_cleaning_colab_ultra
1626,0,0.0,0,challenge_08_knn_cleaning_colab_ultra
1627,1,0.5013858,1,challenge_08_knn_cleaning_colab_ultra
1628,1,1.0,1,challenge_08_knn_cleaning_colab_ultra
1629,0,0.51109767,1,challenge_08_knn_cleaning_colab_ultra
1630,1,0.5343008,1,challenge_08_knn_cleaning_colab_ultra
1631,0,0.48431417,0,challenge_08_knn_cleaning_colab_ultra
1632,0,0.5217001,1,challenge_08_knn_cleaning_colab_ultra
1633,1,1.0,1,challenge_08_knn_cleaning_colab_ultra
1634,0,1.0,1,challenge_08_knn_cleaning_colab_ultra
1635,1,1.0,1,challenge_08_knn_cleaning_colab_ultra
1636,0,0.4826509,0,challenge_08_knn_cleaning_colab_ultra
1637,0,0.5025982,1,challenge_08_knn_cleaning_colab_ultra
1638,1,1.0,1,challenge_08_knn_cleaning_colab_ultra
1639,1,0.4986903,0,challenge_08_knn_cleaning_colab_ultra
1640,1,1.0,1,challenge_08_knn_cleaning_colab_ultra
1641,1,1.0,1,challenge_08_knn_cleaning_colab_ultra
1642,1,1.0,1,challenge_08_knn_cleaning_colab_ultra
1643,1,1.0,1,challenge_08_knn_cleaning_colab_ultra
1644,0,0.0,0,challenge_08_knn_cleaning_colab_ultra
1645,1,1.0,1,challenge_08_knn_cleaning_colab_ultra
1646,0,0.0,0,challenge_08_knn_cleaning_colab_ultra
1647,1,0.495554,0,challenge_08_knn_cleaning_colab_ultra
1648,1,0.50138944,1,challenge_08_knn_cleaning_colab_ultra
1649,0,0.40168986,0,challenge_08_knn_cleaning_colab_ultra
1650,0,0.48429438,0,challenge_08_knn_cleaning_colab_ultra
1651,0,0.0,0,challenge_08_knn_cleaning_colab_ultra
1652,1,0.0,0,challenge_08_knn_cleaning_colab_ultra
1653,0,0.4975937,0,challenge_08_knn_cleaning_colab_ultra
1654,1,0.50010884,1,challenge_08_knn_cleaning_colab_ultra
1655,1,0.52279204,1,challenge_08_knn_cleaning_colab_ultra
1656,1,1.0,1,challenge_08_knn_cleaning_colab_ultra
1657,1,1.0,1,challenge_08_knn_cleaning_colab_ultra
1658,1,1.0,1,challenge_08_knn_cleaning_colab_ultra
1659,0,0.48970407,0,challenge_08_knn_cleaning_colab_ultra
1660,0,0.47485596,0,challenge_08_knn_cleaning_colab_ultra
1661,1,1.0,1,challenge_08_knn_cleaning_colab_ultra
1662,1,0.49915352,0,challenge_08_knn_cleaning_colab_ultra
1663,1,0.0,0,challenge_08_knn_cleaning_colab_ultra
1664,0,0.0,0,challenge_08_knn_cleaning_colab_ultra
1665,1,1.0,1,challenge_08_knn_cleaning_colab_ultra
1666,1,1.0,1,challenge_08_knn_cleaning_colab_ultra
1667,0,0.50236267,1,challenge_08_knn_cleaning_colab_ultra
1668,1,1.0,1,challenge_08_knn_cleaning_colab_ultra
1669,1,1.0,1,challenge_08_knn_cleaning_colab_ultra
1670,0,0.4943336,0,challenge_08_knn_cleaning_colab_ultra
1671,0,0.0,0,challenge_08_knn_cleaning_colab_ultra
1672,0,0.4998492,0,challenge_08_knn_cleaning_colab_ultra
1673,1,1.0,1,challenge_08_knn_cleaning_colab_ultra
1674,0,0.42913434,0,challenge_08_knn_cleaning_colab_ultra
1675,0,0.5040563,1,challenge_08_knn_cleaning_colab_ultra
1676,1,1.0,1,challenge_08_knn_cleaning_colab_ultra
1677,0,0.0,0,challenge_08_knn_cleaning_colab_ultra
1678,0,0.4571776,0,challenge_08_knn_cleaning_colab_ultra
1679,1,0.50983006,1,challenge_08_knn_cleaning_colab_ultra
1680,0,0.4983802,0,challenge_08_knn_cleaning_colab_ultra
1681,0,0.0,0,challenge_08_knn_cleaning_colab_ultra
1682,0,0.0,0,challenge_08_knn_cleaning_colab_ultra
1683,0,0.0,0,challenge_08_knn_cleaning_colab_ultra
1684,0,0.0,0,challenge_08_knn_cleaning_colab_ultra
1685,1,1.0,1,challenge_08_knn_cleaning_colab_ultra
1686,0,1.0,1,challenge_08_knn_cleaning_colab_ultra
1687,0,1.0,1,challenge_08_knn_cleaning_colab_ultra
1688,0,0.49944508,0,challenge_08_knn_cleaning_colab_ultra
1689,1,0.51067483,1,challenge_08_knn_cleaning_colab_ultra
1690,1,0.5141515,1,challenge_08_knn_cleaning_colab_ultra
1691,0,0.50037044,1,challenge_08_knn_cleaning_colab_ultra
1692,1,1.0,1,challenge_08_knn_cleaning_colab_ultra
1693,1,0.50177544,1,challenge_08_knn_cleaning_colab_ultra
1694,1,0.49981856,0,challenge_08_knn_cleaning_colab_ultra
1695,0,0.0,0,challenge_08_knn_cleaning_colab_ultra
1696,1,0.49872693,0,challenge_08_knn_cleaning_colab_ultra
1697,0,0.49837783,0,challenge_08_knn_cleaning_colab_ultra
1698,0,0.0,0,challenge_08_knn_cleaning_colab_ultra
1699,0,0.43836585,0,challenge_08_knn_cleaning_colab_ultra
1700,1,1.0,1,challenge_08_knn_cleaning_colab_ultra
1701,1,1.0,1,challenge_08_knn_cleaning_colab_ultra
1702,0,0.0,0,challenge_08_knn_cleaning_colab_ultra
1703,0,0.40467462,0,challenge_08_knn_cleaning_colab_ultra
1704,0,0.5041152,1,challenge_08_knn_cleaning_colab_ultra
1705,1,0.49771443,0,challenge_08_knn_cleaning_colab_ultra
1706,0,0.0,0,challenge_08_knn_cleaning_colab_ultra
1707,0,0.48078233,0,challenge_08_knn_cleaning_colab_ultra
1708,1,1.0,1,challenge_08_knn_cleaning_colab_ultra
1709,0,0.0,0,challenge_08_knn_cleaning_colab_ultra
1710,0,0.4988391,0,challenge_08_knn_cleaning_colab_ultra
1711,1,1.0,1,challenge_08_knn_cleaning_colab_ultra
1712,0,0.0,0,challenge_08_knn_cleaning_colab_ultra
1713,1,1.0,1,challenge_08_knn_cleaning_colab_ultra
1714,1,1.0,1,challenge_08_knn_cleaning_colab_ultra
1715,0,0.0,0,challenge_08_knn_cleaning_colab_ultra
1716,0,0.4687725,0,challenge_08_knn_cleaning_colab_ultra
1717,0,0.0,0,challenge_08_knn_cleaning_colab_ultra
1718,1,0.55227506,1,challenge_08_knn_cleaning_colab_ultra
1719,0,0.0,0,challenge_08_knn_cleaning_colab_ultra
1720,0,1.0,1,challenge_08_knn_cleaning_colab_ultra
1721,0,0.0,0,challenge_08_knn_cleaning_colab_ultra
1722,0,0.44181114,0,challenge_08_knn_cleaning_colab_ultra
1723,0,0.4888007,0,challenge_08_knn_cleaning_colab_ultra
1724,0,0.0,0,challenge_08_knn_cleaning_colab_ultra
1725,0,0.4818121,0,challenge_08_knn_cleaning_colab_ultra
1726,1,1.0,1,challenge_08_knn_cleaning_colab_ultra
1727,1,0.5313695,1,challenge_08_knn_cleaning_colab_ultra
1728,0,0.48962215,0,challenge_08_knn_cleaning_colab_ultra
1729,1,1.0,1,challenge_08_knn_cleaning_colab_ultra
1730,0,0.5116274,1,challenge_08_knn_cleaning_colab_ultra
1731,1,0.50977325,1,challenge_08_knn_cleaning_colab_ultra
1732,0,0.0,0,challenge_08_knn_cleaning_colab_ultra
1733,1,1.0,1,challenge_08_knn_cleaning_colab_ultra
1734,0,0.0,0,challenge_08_knn_cleaning_colab_ultra
1735,1,1.0,1,challenge_08_knn_cleaning_colab_ultra
1736,0,0.0,0,challenge_08_knn_cleaning_colab_ultra
1737,1,1.0,1,challenge_08_knn_cleaning_colab_ultra
1738,0,0.0,0,challenge_08_knn_cleaning_colab_ultra
1739,1,1.0,1,challenge_08_knn_cleaning_colab_ultra
1740,1,1.0,1,challenge_08_knn_cleaning_colab_ultra
1741,0,0.0,0,challenge_08_knn_cleaning_colab_ultra
1742,1,1.0,1,challenge_08_knn_cleaning_colab_ultra
1743,0,1.0,1,challenge_08_knn_cleaning_colab_ultra
1744,1,1.0,1,challenge_08_knn_cleaning_colab_ultra
1745,0,0.0,0,challenge_08_knn_cleaning_colab_ultra
1746,0,0.52314276,1,challenge_08_knn_cleaning_colab_ultra
1747,0,0.0,0,challenge_08_knn_cleaning_colab_ultra
1748,0,0.0,0,challenge_08_knn_cleaning_colab_ultra
1749,0,1.0,1,challenge_08_knn_cleaning_colab_ultra
1750,1,1.0,1,challenge_08_knn_cleaning_colab_ultra
1751,1,0.5263751,1,challenge_08_knn_cleaning_colab_ultra
1752,0,0.49965557,0,challenge_08_knn_cleaning_colab_ultra
1753,0,0.42660248,0,challenge_08_knn_cleaning_colab_ultra
1754,1,1.0,1,challenge_08_knn_cleaning_colab_ultra
1755,1,1.0,1,challenge_08_knn_cleaning_colab_ultra
1756,1,1.0,1,challenge_08_knn_cleaning_colab_ultra
1757,0,0.0,0,challenge_08_knn_cleaning_colab_ultra
1758,1,0.5007693,1,challenge_08_knn_cleaning_colab_ultra
1759,1,1.0,1,challenge_08_knn_cleaning_colab_ultra
1760,0,0.0,0,challenge_08_knn_cleaning_colab_ultra
1761,0,0.0,0,challenge_08_knn_cleaning_colab_ultra
1762,1,1.0,1,challenge_08_knn_cleaning_colab_ultra
1763,0,0.50002223,1,challenge_08_knn_cleaning_colab_ultra
1764,1,1.0,1,challenge_08_knn_cleaning_colab_ultra
1765,1,1.0,1,challenge_08_knn_cleaning_colab_ultra
1766,1,1.0,1,challenge_08_knn_cleaning_colab_ultra
1767,1,0.4847275,0,challenge_08_knn_cleaning_colab_ultra
1768,0,0.4198625,0,challenge_08_knn_cleaning_colab_ultra
1769,0,0.46197268,0,challenge_08_knn_cleaning_colab_ultra
1770,0,0.4773781,0,challenge_08_knn_cleaning_colab_ultra
1771,0,0.49496022,0,challenge_08_knn_cleaning_colab_ultra
1772,1,1.0,1,challenge_08_knn_cleaning_colab_ultra
1773,1,1.0,1,challenge_08_knn_cleaning_colab_ultra
1774,1,1.0,1,challenge_08_knn_cleaning_colab_ultra
1775,0,0.0,0,challenge_08_knn_cleaning_colab_ultra
1776,0,0.0,0,challenge_08_knn_cleaning_colab_ultra
1777,1,1.0,1,challenge_08_knn_cleaning_colab_ultra
1778,1,0.49279216,0,challenge_08_knn_cleaning_colab_ultra
1779,0,0.0,0,challenge_08_knn_cleaning_colab_ultra
1780,1,1.0,1,challenge_08_knn_cleaning_colab_ultra
1781,0,0.0,0,challenge_08_knn_cleaning_colab_ultra
1782,1,1.0,1,challenge_08_knn_cleaning_colab_ultra
1783,0,0.50140387,1,challenge_08_knn_cleaning_colab_ultra
1784,1,1.0,1,challenge_08_knn_cleaning_colab_ultra
1785,0,0.501731,1,challenge_08_knn_cleaning_colab_ultra
1786,1,1.0,1,challenge_08_knn_cleaning_colab_ultra
1787,0,1.0,1,challenge_08_knn_cleaning_colab_ultra
1788,0,0.0,0,challenge_08_knn_cleaning_colab_ultra
1789,0,0.5051327,1,challenge_08_knn_cleaning_colab_ultra
1790,0,0.0,0,challenge_08_knn_cleaning_colab_ultra
1791,1,1.0,1,challenge_08_knn_cleaning_colab_ultra
1792,0,0.5042702,1,challenge_08_knn_cleaning_colab_ultra
1793,0,0.0,0,challenge_08_knn_cleaning_colab_ultra
1794,1,1.0,1,challenge_08_knn_cleaning_colab_ultra
1795,0,0.48639792,0,challenge_08_knn_cleaning_colab_ultra
1796,1,1.0,1,challenge_08_knn_cleaning_colab_ultra
1797,0,0.47131082,0,challenge_08_knn_cleaning_colab_ultra
1798,1,0.5055534,1,challenge_08_knn_cleaning_colab_ultra
1799,0,0.0,0,challenge_08_knn_cleaning_colab_ultra
1800,1,0.5030571,1,challenge_08_knn_cleaning_colab_ultra
1801,1,1.0,1,challenge_08_knn_cleaning_colab_ultra
1802,1,1.0,1,challenge_08_knn_cleaning_colab_ultra
1803,1,1.0,1,challenge_08_knn_cleaning_colab_ultra
1804,1,1.0,1,challenge_08_knn_cleaning_colab_ultra
1805,1,0.49836966,0,challenge_08_knn_cleaning_colab_ultra
1806,0,1.0,1,challenge_08_knn_cleaning_colab_ultra
1807,1,1.0,1,challenge_08_knn_cleaning_colab_ultra
1808,0,0.0,0,challenge_08_knn_cleaning_colab_ultra
1809,0,1.0,1,challenge_08_knn_cleaning_colab_ultra
1810,1,1.0,1,challenge_08_knn_cleaning_colab_ultra
1811,1,0.4913291,0,challenge_08_knn_cleaning_colab_ultra
1812,0,0.4595699,0,challenge_08_knn_cleaning_colab_ultra
1813,0,0.0,0,challenge_08_knn_cleaning_colab_ultra
1814,1,1.0,1,challenge_08_knn_cleaning_colab_ultra
1815,1,1.0,1,challenge_08_knn_cleaning_colab_ultra
1816,0,0.0,0,challenge_08_knn_cleaning_colab_ultra
1817,0,0.49622113,0,challenge_08_knn_cleaning_colab_ultra
1818,1,0.5013632,1,challenge_08_knn_cleaning_colab_ultra
1819,1,1.0,1,challenge_08_knn_cleaning_colab_ultra
1820,0,0.0,0,challenge_08_knn_cleaning_colab_ultra
1821,1,1.0,1,challenge_08_knn_cleaning_colab_ultra
1822,1,1.0,1,challenge_08_knn_cleaning_colab_ultra
1823,0,0.5044616,1,challenge_08_knn_cleaning_colab_ultra
1824,1,1.0,1,challenge_08_knn_cleaning_colab_ultra
1825,1,0.51458204,1,challenge_08_knn_cleaning_colab_ultra
1826,1,1.0,1,challenge_08_knn_cleaning_colab_ultra
1827,1,0.50042456,1,challenge_08_knn_cleaning_colab_ultra
1828,1,1.0,1,challenge_08_knn_cleaning_colab_ultra
1829,1,0.4932544,0,challenge_08_knn_cleaning_colab_ultra
1830,1,0.49960735,0,challenge_08_knn_cleaning_colab_ultra
1831,1,1.0,1,challenge_08_knn_cleaning_colab_ultra
1832,0,0.4993375,0,challenge_08_knn_cleaning_colab_ultra
1833,0,0.4956379,0,challenge_08_knn_cleaning_colab_ultra
1834,0,0.0,0,challenge_08_knn_cleaning_colab_ultra
1835,1,1.0,1,challenge_08_knn_cleaning_colab_ultra
1836,0,0.49284297,0,challenge_08_knn_cleaning_colab_ultra
1837,0,0.0,0,challenge_08_knn_cleaning_colab_ultra
1838,0,0.50114286,1,challenge_08_knn_cleaning_colab_ultra
1839,1,1.0,1,challenge_08_knn_cleaning_colab_ultra
1840,1,1.0,1,challenge_08_knn_cleaning_colab_ultra
1841,0,0.0,0,challenge_08_knn_cleaning_colab_ultra
1842,1,1.0,1,challenge_08_knn_cleaning_colab_ultra
1843,0,0.0,0,challenge_08_knn_cleaning_colab_ultra
1844,0,0.50263023,1,challenge_08_knn_cleaning_colab_ultra
1845,0,0.49324176,0,challenge_08_knn_cleaning_colab_ultra
1846,0,0.0,0,challenge_08_knn_cleaning_colab_ultra
1847,1,0.0,0,challenge_08_knn_cleaning_colab_ultra
1848,0,0.0,0,challenge_08_knn_cleaning_colab_ultra
1849,0,0.0,0,challenge_08_knn_cleaning_colab_ultra
1850,1,0.50499725,1,challenge_08_knn_cleaning_colab_ultra
1851,1,0.5032012,1,challenge_08_knn_cleaning_colab_ultra
1852,1,0.47479138,0,challenge_08_knn_cleaning_colab_ultra
1853,0,0.5211857,1,challenge_08_knn_cleaning_colab_ultra
1854,0,0.48525706,0,challenge_08_knn_cleaning_colab_ultra
1855,1,1.0,1,challenge_08_knn_cleaning_colab_ultra
1856,1,1.0,1,challenge_08_knn_cleaning_colab_ultra
1857,1,1.0,1,challenge_08_knn_cleaning_colab_ultra
1858,0,0.0,0,challenge_08_knn_cleaning_colab_ultra
1859,0,0.4945703,0,challenge_08_knn_cleaning_colab_ultra
1860,0,0.4933113,0,challenge_08_knn_cleaning_colab_ultra
1861,1,1.0,1,challenge_08_knn_cleaning_colab_ultra
1862,1,1.0,1,challenge_08_knn_cleaning_colab_ultra
1863,0,0.0,0,challenge_08_knn_cleaning_colab_ultra
1864,0,0.45520622,0,challenge_08_knn_cleaning_colab_ultra
1865,1,1.0,1,challenge_08_knn_cleaning_colab_ultra
1866,1,1.0,1,challenge_08_knn_cleaning_colab_ultra
1867,0,0.5002454,1,challenge_08_knn_cleaning_colab_ultra
1868,0,0.0,0,challenge_08_knn_cleaning_colab_ultra
1869,0,0.48643592,0,challenge_08_knn_cleaning_colab_ultra
1870,0,1.0,1,challenge_08_knn_cleaning_colab_ultra
1871,1,0.5037042,1,challenge_08_knn_cleaning_colab_ultra
1872,1,1.0,1,challenge_08_knn_cleaning_colab_ultra
1873,0,0.0,0,challenge_08_knn_cleaning_colab_ultra
1874,0,0.0,0,challenge_08_knn_cleaning_colab_ultra
1875,0,0.0,0,challenge_08_knn_cleaning_colab_ultra
1876,1,0.49246156,0,challenge_08_knn_cleaning_colab_ultra
1877,1,1.0,1,challenge_08_knn_cleaning_colab_ultra
1878,1,1.0,1,challenge_08_knn_cleaning_colab_ultra
1879,1,1.0,1,challenge_08_knn_cleaning_colab_ultra
1880,1,0.48834905,0,challenge_08_knn_cleaning_colab_ultra
1881,1,1.0,1,challenge_08_knn_cleaning_colab_ultra
1882,0,0.0,0,challenge_08_knn_cleaning_colab_ultra
1883,1,0.49608803,0,challenge_08_knn_cleaning_colab_ultra
1884,0,0.513788,1,challenge_08_knn_cleaning_colab_ultra
1885,1,0.50225204,1,challenge_08_knn_cleaning_colab_ultra
1886,1,0.53676933,1,challenge_08_knn_cleaning_colab_ultra
1887,0,0.49482015,0,challenge_08_knn_cleaning_colab_ultra
1888,0,0.0,0,challenge_08_knn_cleaning_colab_ultra
1889,0,0.502183,1,challenge_08_knn_cleaning_colab_ultra
1890,1,1.0,1,challenge_08_knn_cleaning_colab_ultra
1891,1,0.5786744,1,challenge_08_knn_cleaning_colab_ultra
1892,0,0.0,0,challenge_08_knn_cleaning_colab_ultra
1893,1,1.0,1,challenge_08_knn_cleaning_colab_ultra
1894,1,0.5078694,1,challenge_08_knn_cleaning_colab_ultra
1895,1,1.0,1,challenge_08_knn_cleaning_colab_ultra
1896,0,0.45408943,0,challenge_08_knn_cleaning_colab_ultra
1897,0,0.0,0,challenge_08_knn_cleaning_colab_ultra
1898,1,0.4956852,0,challenge_08_knn_cleaning_colab_ultra
1899,0,0.0,0,challenge_08_knn_cleaning_colab_ultra
1900,0,0.0,0,challenge_08_knn_cleaning_colab_ultra
1901,0,0.0,0,challenge_08_knn_cleaning_colab_ultra
1902,1,0.0,0,challenge_08_knn_cleaning_colab_ultra
1903,1,0.5469929,1,challenge_08_knn_cleaning_colab_ultra
1904,0,0.0,0,challenge_08_knn_cleaning_colab_ultra
1905,0,0.50949347,1,challenge_08_knn_cleaning_colab_ultra
1906,1,1.0,1,challenge_08_knn_cleaning_colab_ultra
1907,0,0.0,0,challenge_08_knn_cleaning_colab_ultra
1908,1,1.0,1,challenge_08_knn_cleaning_colab_ultra
1909,0,0.0,0,challenge_08_knn_cleaning_colab_ultra
1910,1,1.0,1,challenge_08_knn_cleaning_colab_ultra
1911,1,0.5030889,1,challenge_08_knn_cleaning_colab_ultra
1912,0,1.0,1,challenge_08_knn_cleaning_colab_ultra
1913,0,0.0,0,challenge_08_knn_cleaning_colab_ultra
1914,1,1.0,1,challenge_08_knn_cleaning_colab_ultra
1915,0,0.49683264,0,challenge_08_knn_cleaning_colab_ultra
1916,1,0.50161034,1,challenge_08_knn_cleaning_colab_ultra
1917,0,0.0,0,challenge_08_knn_cleaning_colab_ultra
1918,0,0.0,0,challenge_08_knn_cleaning_colab_ultra
1919,1,0.49899867,0,challenge_08_knn_cleaning_colab_ultra
1920,1,0.0,0,challenge_08_knn_cleaning_colab_ultra
1921,0,0.49305835,0,challenge_08_knn_cleaning_colab_ultra
1922,0,1.0,1,challenge_08_knn_cleaning_colab_ultra
1923,1,1.0,1,challenge_08_knn_cleaning_colab_ultra
1924,0,1.0,1,challenge_08_knn_cleaning_colab_ultra
1925,1,1.0,1,challenge_08_knn_cleaning_colab_ultra
1926,1,1.0,1,challenge_08_knn_cleaning_colab_ultra
1927,1,1.0,1,challenge_08_knn_cleaning_colab_ultra
1928,0,0.49421823,0,challenge_08_knn_cleaning_colab_ultra
1929,0,0.5222022,1,challenge_08_knn_cleaning_colab_ultra
1930,0,0.0,0,challenge_08_knn_cleaning_colab_ultra
1931,1,1.0,1,challenge_08_knn_cleaning_colab_ultra
1932,0,0.0,0,challenge_08_knn_cleaning_colab_ultra
1933,0,0.0,0,challenge_08_knn_cleaning_colab_ultra
1934,1,1.0,1,challenge_08_knn_cleaning_colab_ultra
1935,0,0.0,0,challenge_08_knn_cleaning_colab_ultra
1936,1,0.51800495,1,challenge_08_knn_cleaning_colab_ultra
1937,0,0.5050654,1,challenge_08_knn_cleaning_colab_ultra
1938,1,1.0,1,challenge_08_knn_cleaning_colab_ultra
1939,1,1.0,1,challenge_08_knn_cleaning_colab_ultra
1940,1,1.0,1,challenge_08_knn_cleaning_colab_ultra
1941,1,0.50210655,1,challenge_08_knn_cleaning_colab_ultra
1942,1,1.0,1,challenge_08_knn_cleaning_colab_ultra
1943,0,0.0,0,challenge_08_knn_cleaning_colab_ultra
1944,0,0.0,0,challenge_08_knn_cleaning_colab_ultra
1945,1,1.0,1,challenge_08_knn_cleaning_colab_ultra
1946,0,0.0,0,challenge_08_knn_cleaning_colab_ultra
1947,0,1.0,1,challenge_08_knn_cleaning_colab_ultra
1948,0,0.47362766,0,challenge_08_knn_cleaning_colab_ultra
1949,0,0.0,0,challenge_08_knn_cleaning_colab_ultra
1950,0,0.4919013,0,challenge_08_knn_cleaning_colab_ultra
1951,1,1.0,1,challenge_08_knn_cleaning_colab_ultra
1952,0,0.43038645,0,challenge_08_knn_cleaning_colab_ultra
1953,1,0.50753224,1,challenge_08_knn_cleaning_colab_ultra
1954,1,1.0,1,challenge_08_knn_cleaning_colab_ultra
1955,0,0.0,0,challenge_08_knn_cleaning_colab_ultra
1956,1,1.0,1,challenge_08_knn_cleaning_colab_ultra
1957,1,0.57930475,1,challenge_08_knn_cleaning_colab_ultra
1958,0,0.0,0,challenge_08_knn_cleaning_colab_ultra
1959,1,0.5218397,1,challenge_08_knn_cleaning_colab_ultra
1960,0,0.0,0,challenge_08_knn_cleaning_colab_ultra
1961,1,1.0,1,challenge_08_knn_cleaning_colab_ultra
1962,1,1.0,1,challenge_08_knn_cleaning_colab_ultra
1963,1,0.50143397,1,challenge_08_knn_cleaning_colab_ultra
1964,0,0.0,0,challenge_08_knn_cleaning_colab_ultra
1965,1,0.50822496,1,challenge_08_knn_cleaning_colab_ultra
1966,1,1.0,1,challenge_08_knn_cleaning_colab_ultra
1967,1,1.0,1,challenge_08_knn_cleaning_colab_ultra
1968,1,1.0,1,challenge_08_knn_cleaning_colab_ultra
1969,1,0.49152753,0,challenge_08_knn_cleaning_colab_ultra
1970,0,0.0,0,challenge_08_knn_cleaning_colab_ultra
1971,0,0.45248884,0,challenge_08_knn_cleaning_colab_ultra
1972,1,1.0,1,challenge_08_knn_cleaning_colab_ultra
1973,1,1.0,1,challenge_08_knn_cleaning_colab_ultra
1974,0,0.0,0,challenge_08_knn_cleaning_colab_ultra
1975,0,0.0,0,challenge_08_knn_cleaning_colab_ultra
1976,0,0.0,0,challenge_08_knn_cleaning_colab_ultra
1977,0,0.0,0,challenge_08_knn_cleaning_colab_ultra
1978,1,1.0,1,challenge_08_knn_cleaning_colab_ultra
1979,1,1.0,1,challenge_08_knn_cleaning_colab_ultra
1980,1,1.0,1,challenge_08_knn_cleaning_colab_ultra
1981,0,0.0,0,challenge_08_knn_cleaning_colab_ultra
1982,0,0.0,0,challenge_08_knn_cleaning_colab_ultra
1983,1,0.52458435,1,challenge_08_knn_cleaning_colab_ultra
1984,1,1.0,1,challenge_08_knn_cleaning_colab_ultra
1985,1,1.0,1,challenge_08_knn_cleaning_colab_ultra
1986,1,0.5198882,1,challenge_08_knn_cleaning_colab_ultra
1987,1,1.0,1,challenge_08_knn_cleaning_colab_ultra
1988,1,0.0,0,challenge_08_knn_cleaning_colab_ultra
1989,1,0.49226257,0,challenge_08_knn_cleaning_colab_ultra
1990,0,0.0,0,challenge_08_knn_cleaning_colab_ultra
1991,1,1.0,1,challenge_08_knn_cleaning_colab_ultra
1992,0,0.0,0,challenge_08_knn_cleaning_colab_ultra
1993,0,0.49551436,0,challenge_08_knn_cleaning_colab_ultra
1994,0,0.46969116,0,challenge_08_knn_cleaning_colab_ultra
1995,1,1.0,1,challenge_08_knn_cleaning_colab_ultra
1996,0,0.0,0,challenge_08_knn_cleaning_colab_ultra
1997,0,0.0,0,challenge_08_knn_cleaning_colab_ultra
1998,0,0.0,0,challenge_08_knn_cleaning_colab_ultra
1999,1,1.0,1,challenge_08_knn_cleaning_colab_ultra
2000,0,0.510023,1,challenge_08_knn_cleaning_colab_ultra
2001,1,1.0,1,challenge_08_knn_cleaning_colab_ultra
2002,0,0.4191561,0,challenge_08_knn_cleaning_colab_ultra
2003,1,1.0,1,challenge_08_knn_cleaning_colab_ultra
2004,0,0.49876192,0,challenge_08_knn_cleaning_colab_ultra
2005,0,0.0,0,challenge_08_knn_cleaning_colab_ultra
2006,0,0.0,0,challenge_08_knn_cleaning_colab_ultra
2007,1,1.0,1,challenge_08_knn_cleaning_colab_ultra
2008,1,0.5008637,1,challenge_08_knn_cleaning_colab_ultra
2009,0,1.0,1,challenge_08_knn_cleaning_colab_ultra
2010,0,0.4841491,0,challenge_08_knn_cleaning_colab_ultra
2011,1,1.0,1,challenge_08_knn_cleaning_colab_ultra
2012,1,1.0,1,challenge_08_knn_cleaning_colab_ultra
2013,1,1.0,1,challenge_08_knn_cleaning_colab_ultra
2014,1,0.506125,1,challenge_08_knn_cleaning_colab_ultra
2015,1,1.0,1,challenge_08_knn_cleaning_colab_ultra
2016,0,0.49973038,0,challenge_08_knn_cleaning_colab_ultra
2017,0,0.49821955,0,challenge_08_knn_cleaning_colab_ultra
2018,1,0.4987636,0,challenge_08_knn_cleaning_colab_ultra
2019,1,0.52887744,1,challenge_08_knn_cleaning_colab_ultra
2020,0,0.0,0,challenge_08_knn_cleaning_colab_ultra
2021,1,1.0,1,challenge_08_knn_cleaning_colab_ultra
2022,1,0.5088376,1,challenge_08_knn_cleaning_colab_ultra
2023,1,1.0,1,challenge_08_knn_cleaning_colab_ultra
2024,0,0.52526003,1,challenge_08_knn_cleaning_colab_ultra
2025,1,1.0,1,challenge_08_knn_cleaning_colab_ultra
2026,1,0.58266515,1,challenge_08_knn_cleaning_colab_ultra
2027,0,0.0,0,challenge_08_knn_cleaning_colab_ultra
2028,1,1.0,1,challenge_08_knn_cleaning_colab_ultra
2029,0,0.47520435,0,challenge_08_knn_cleaning_colab_ultra
2030,0,0.0,0,challenge_08_knn_cleaning_colab_ultra
2031,1,1.0,1,challenge_08_knn_cleaning_colab_ultra
2032,1,1.0,1,challenge_08_knn_cleaning_colab_ultra
2033,0,0.0,0,challenge_08_knn_cleaning_colab_ultra
2034,1,0.49727365,0,challenge_08_knn_cleaning_colab_ultra
2035,0,1.0,1,challenge_08_knn_cleaning_colab_ultra
2036,0,0.0,0,challenge_08_knn_cleaning_colab_ultra
2037,1,1.0,1,challenge_08_knn_cleaning_colab_ultra
2038,1,1.0,1,challenge_08_knn_cleaning_colab_ultra
2039,0,0.0,0,challenge_08_knn_cleaning_colab_ultra
2040,0,0.50235504,1,challenge_08_knn_cleaning_colab_ultra
2041,1,1.0,1,challenge_08_knn_cleaning_colab_ultra
2042,1,1.0,1,challenge_08_knn_cleaning_colab_ultra
2043,0,0.46502683,0,challenge_08_knn_cleaning_colab_ultra
2044,1,1.0,1,challenge_08_knn_cleaning_colab_ultra
2045,1,0.5085461,1,challenge_08_knn_cleaning_colab_ultra
2046,1,1.0,1,challenge_08_knn_cleaning_colab_ultra
2047,1,1.0,1,challenge_08_knn_cleaning_colab_ultra
2048,0,0.0,0,challenge_08_knn_cleaning_colab_ultra
2049,1,1.0,1,challenge_08_knn_cleaning_colab_ultra
2050,1,1.0,1,challenge_08_knn_cleaning_colab_ultra
2051,0,0.0,0,challenge_08_knn_cleaning_colab_ultra
2052,0,0.0,0,challenge_08_knn_cleaning_colab_ultra
2053,0,0.0,0,challenge_08_knn_cleaning_colab_ultra
2054,1,1.0,1,challenge_08_knn_cleaning_colab_ultra
2055,1,1.0,1,challenge_08_knn_cleaning_colab_ultra
2056,1,1.0,1,challenge_08_knn_cleaning_colab_ultra
2057,0,0.0,0,challenge_08_knn_cleaning_colab_ultra
2058,1,1.0,1,challenge_08_knn_cleaning_colab_ultra
2059,1,1.0,1,challenge_08_knn_cleaning_colab_ultra
2060,0,0.0,0,challenge_08_knn_cleaning_colab_ultra
2061,0,0.0,0,challenge_08_knn_cleaning_colab_ultra
2062,0,1.0,1,challenge_08_knn_cleaning_colab_ultra
2063,1,0.50874543,1,challenge_08_knn_cleaning_colab_ultra
2064,1,1.0,1,challenge_08_knn_cleaning_colab_ultra
2065,0,0.48098096,0,challenge_08_knn_cleaning_colab_ultra
2066,0,0.0,0,challenge_08_knn_cleaning_colab_ultra
2067,1,0.50517124,1,challenge_08_knn_cleaning_colab_ultra
2068,1,0.51433,1,challenge_08_knn_cleaning_colab_ultra
2069,1,1.0,1,challenge_08_knn_cleaning_colab_ultra
2070,0,0.5008881,1,challenge_08_knn_cleaning_colab_ultra
2071,1,1.0,1,challenge_08_knn_cleaning_colab_ultra
2072,1,0.0,0,challenge_08_knn_cleaning_colab_ultra
2073,1,1.0,1,challenge_08_knn_cleaning_colab_ultra
2074,1,1.0,1,challenge_08_knn_cleaning_colab_ultra
2075,0,0.49889874,0,challenge_08_knn_cleaning_colab_ultra
2076,1,1.0,1,challenge_08_knn_cleaning_colab_ultra
2077,1,1.0,1,challenge_08_knn_cleaning_colab_ultra
2078,1,1.0,1,challenge_08_knn_cleaning_colab_ultra
2079,0,1.0,1,challenge_08_knn_cleaning_colab_ultra
2080,0,0.0,0,challenge_08_knn_cleaning_colab_ultra
2081,0,1.0,1,challenge_08_knn_cleaning_colab_ultra
2082,1,0.49095982,0,challenge_08_knn_cleaning_colab_ultra
2083,1,0.49931255,0,challenge_08_knn_cleaning_colab_ultra
2084,0,0.5032193,1,challenge_08_knn_cleaning_colab_ultra
2085,0,0.0,0,challenge_08_knn_cleaning_colab_ultra
2086,0,0.0,0,challenge_08_knn_cleaning_colab_ultra
2087,0,0.5037387,1,challenge_08_knn_cleaning_colab_ultra
2088,1,1.0,1,challenge_08_knn_cleaning_colab_ultra
2089,1,0.49593037,0,challenge_08_knn_cleaning_colab_ultra
2090,1,0.5053348,1,challenge_08_knn_cleaning_colab_ultra
2091,0,0.43440023,0,challenge_08_knn_cleaning_colab_ultra
2092,1,1.0,1,challenge_08_knn_cleaning_colab_ultra
2093,1,0.5049348,1,challenge_08_knn_cleaning_colab_ultra
2094,0,0.0,0,challenge_08_knn_cleaning_colab_ultra
2095,0,0.45518202,0,challenge_08_knn_cleaning_colab_ultra
2096,1,0.0,0,challenge_08_knn_cleaning_colab_ultra
2097,0,0.0,0,challenge_08_knn_cleaning_colab_ultra
2098,0,0.4647955,0,challenge_08_knn_cleaning_colab_ultra
2099,1,0.49521756,0,challenge_08_knn_cleaning_colab_ultra
2100,1,1.0,1,challenge_08_knn_cleaning_colab_ultra
2101,1,0.0,0,challenge_08_knn_cleaning_colab_ultra
2102,1,1.0,1,challenge_08_knn_cleaning_colab_ultra
2103,0,0.0,0,challenge_08_knn_cleaning_colab_ultra
2104,0,0.0,0,challenge_08_knn_cleaning_colab_ultra
2105,1,1.0,1,challenge_08_knn_cleaning_colab_ultra
2106,1,1.0,1,challenge_08_knn_cleaning_colab_ultra
2107,1,1.0,1,challenge_08_knn_cleaning_colab_ultra
2108,0,1.0,1,challenge_08_knn_cleaning_colab_ultra
2109,1,1.0,1,challenge_08_knn_cleaning_colab_ultra
2110,0,0.0,0,challenge_08_knn_cleaning_colab_ultra
2111,0,0.0,0,challenge_08_knn_cleaning_colab_ultra
2112,0,1.0,1,challenge_08_knn_cleaning_colab_ultra
2113,1,1.0,1,challenge_08_knn_cleaning_colab_ultra
2114,0,0.49840537,0,challenge_08_knn_cleaning_colab_ultra
2115,1,1.0,1,challenge_08_knn_cleaning_colab_ultra
2116,0,0.0,0,challenge_08_knn_cleaning_colab_ultra
2117,1,1.0,1,challenge_08_knn_cleaning_colab_ultra
2118,1,0.5004863,1,challenge_08_knn_cleaning_colab_ultra
2119,0,0.0,0,challenge_08_knn_cleaning_colab_ultra
2120,0,0.5236193,1,challenge_08_knn_cleaning_colab_ultra
2121,0,1.0,1,challenge_08_knn_cleaning_colab_ultra
2122,0,0.0,0,challenge_08_knn_cleaning_colab_ultra
2123,1,0.49147993,0,challenge_08_knn_cleaning_colab_ultra
2124,1,1.0,1,challenge_08_knn_cleaning_colab_ultra
2125,0,0.0,0,challenge_08_knn_cleaning_colab_ultra
2126,1,0.50031704,1,challenge_08_knn_cleaning_colab_ultra
2127,1,0.5045755,1,challenge_08_knn_cleaning_colab_ultra
2128,0,0.0,0,challenge_08_knn_cleaning_colab_ultra
2129,0,0.44649857,0,challenge_08_knn_cleaning_colab_ultra
2130,0,0.0,0,challenge_08_knn_cleaning_colab_ultra
2131,0,1.0,1,challenge_08_knn_cleaning_colab_ultra
2132,1,0.56770897,1,challenge_08_knn_cleaning_colab_ultra
2133,1,0.50232774,1,challenge_08_knn_cleaning_colab_ultra
2134,0,0.0,0,challenge_08_knn_cleaning_colab_ultra
2135,0,0.0,0,challenge_08_knn_cleaning_colab_ultra
2136,0,0.5000134,1,challenge_08_knn_cleaning_colab_ultra
2137,0,0.50236404,1,challenge_08_knn_cleaning_colab_ultra
2138,0,0.0,0,challenge_08_knn_cleaning_colab_ultra
2139,0,0.0,0,challenge_08_knn_cleaning_colab_ultra
2140,0,0.49596056,0,challenge_08_knn_cleaning_colab_ultra
2141,1,1.0,1,challenge_08_knn_cleaning_colab_ultra
2142,0,0.51226854,1,challenge_08_knn_cleaning_colab_ultra
2143,0,0.0,0,challenge_08_knn_cleaning_colab_ultra
2144,1,1.0,1,challenge_08_knn_cleaning_colab_ultra
2145,0,0.0,0,challenge_08_knn_cleaning_colab_ultra
2146,1,1.0,1,challenge_08_knn_cleaning_colab_ultra
2147,0,1.0,1,challenge_08_knn_cleaning_colab_ultra
2148,0,0.49250156,0,challenge_08_knn_cleaning_colab_ultra
2149,1,1.0,1,challenge_08_knn_cleaning_colab_ultra
2150,0,1.0,1,challenge_08_knn_cleaning_colab_ultra
2151,1,1.0,1,challenge_08_knn_cleaning_colab_ultra
2152,0,0.5013246,1,challenge_08_knn_cleaning_colab_ultra
2153,1,1.0,1,challenge_08_knn_cleaning_colab_ultra
2154,0,0.0,0,challenge_08_knn_cleaning_colab_ultra
2155,0,0.0,0,challenge_08_knn_cleaning_colab_ultra
2156,0,0.0,0,challenge_08_knn_cleaning_colab_ultra
2157,1,0.49395317,0,challenge_08_knn_cleaning_colab_ultra
2158,0,1.0,1,challenge_08_knn_cleaning_colab_ultra
2159,0,0.0,0,challenge_08_knn_cleaning_colab_ultra
2160,1,0.49823374,0,challenge_08_knn_cleaning_colab_ultra
2161,1,1.0,1,challenge_08_knn_cleaning_colab_ultra
2162,1,1.0,1,challenge_08_knn_cleaning_colab_ultra
2163,0,0.0,0,challenge_08_knn_cleaning_colab_ultra
2164,0,0.48983786,0,challenge_08_knn_cleaning_colab_ultra
2165,0,0.47651452,0,challenge_08_knn_cleaning_colab_ultra
2166,0,1.0,1,challenge_08_knn_cleaning_colab_ultra
2167,0,0.0,0,challenge_08_knn_cleaning_colab_ultra
2168,0,0.0,0,challenge_08_knn_cleaning_colab_ultra
2169,0,0.0,0,challenge_08_knn_cleaning_colab_ultra
2170,0,0.4840293,0,challenge_08_knn_cleaning_colab_ultra
2171,0,1.0,1,challenge_08_knn_cleaning_colab_ultra
2172,0,0.0,0,challenge_08_knn_cleaning_colab_ultra
2173,0,0.0,0,challenge_08_knn_cleaning_colab_ultra
2174,0,1.0,1,challenge_08_knn_cleaning_colab_ultra
2175,1,1.0,1,challenge_08_knn_cleaning_colab_ultra
2176,0,0.0,0,challenge_08_knn_cleaning_colab_ultra
2177,1,0.0,0,challenge_08_knn_cleaning_colab_ultra
2178,1,1.0,1,challenge_08_knn_cleaning_colab_ultra
2179,1,0.50028276,1,challenge_08_knn_cleaning_colab_ultra
2180,0,0.49225584,0,challenge_08_knn_cleaning_colab_ultra
2181,1,1.0,1,challenge_08_knn_cleaning_colab_ultra
2182,1,1.0,1,challenge_08_knn_cleaning_colab_ultra
2183,1,1.0,1,challenge_08_knn_cleaning_colab_ultra
2184,0,0.0,0,challenge_08_knn_cleaning_colab_ultra
2185,1,1.0,1,challenge_08_knn_cleaning_colab_ultra
2186,1,1.0,1,challenge_08_knn_cleaning_colab_ultra
2187,0,0.0,0,challenge_08_knn_cleaning_colab_ultra
2188,0,0.0,0,challenge_08_knn_cleaning_colab_ultra
2189,0,0.0,0,challenge_08_knn_cleaning_colab_ultra
2190,1,1.0,1,challenge_08_knn_cleaning_colab_ultra
2191,1,1.0,1,challenge_08_knn_cleaning_colab_ultra
2192,1,1.0,1,challenge_08_knn_cleaning_colab_ultra
2193,0,0.47773033,0,challenge_08_knn_cleaning_colab_ultra
2194,1,1.0,1,challenge_08_knn_cleaning_colab_ultra
2195,0,0.488925,0,challenge_08_knn_cleaning_colab_ultra
2196,0,0.48626605,0,challenge_08_knn_cleaning_colab_ultra
2197,1,1.0,1,challenge_08_knn_cleaning_colab_ultra
2198,1,1.0,1,challenge_08_knn_cleaning_colab_ultra
2199,1,1.0,1,challenge_08_knn_cleaning_colab_ultra
2200,0,0.0,0,challenge_08_knn_cleaning_colab_ultra
2201,0,0.0,0,challenge_08_knn_cleaning_colab_ultra
2202,0,0.49308535,0,challenge_08_knn_cleaning_colab_ultra
2203,0,0.0,0,challenge_08_knn_cleaning_colab_ultra
2204,0,0.47276345,0,challenge_08_knn_cleaning_colab_ultra
2205,0,0.0,0,challenge_08_knn_cleaning_colab_ultra
2206,0,0.0,0,challenge_08_knn_cleaning_colab_ultra
2207,0,0.52116394,1,challenge_08_knn_cleaning_colab_ultra
2208,0,0.52237314,1,challenge_08_knn_cleaning_colab_ultra
2209,0,0.4888197,0,challenge_08_knn_cleaning_colab_ultra
2210,1,0.5011432,1,challenge_08_knn_cleaning_colab_ultra
2211,0,0.0,0,challenge_08_knn_cleaning_colab_ultra
2212,0,0.0,0,challenge_08_knn_cleaning_colab_ultra
2213,1,0.49647868,0,challenge_08_knn_cleaning_colab_ultra
2214,0,0.0,0,challenge_08_knn_cleaning_colab_ultra
2215,0,0.0,0,challenge_08_knn_cleaning_colab_ultra
2216,0,0.46736133,0,challenge_08_knn_cleaning_colab_ultra
2217,1,1.0,1,challenge_08_knn_cleaning_colab_ultra
2218,1,0.50181675,1,challenge_08_knn_cleaning_colab_ultra
2219,1,1.0,1,challenge_08_knn_cleaning_colab_ultra
2220,1,0.50653476,1,challenge_08_knn_cleaning_colab_ultra
2221,0,0.0,0,challenge_08_knn_cleaning_colab_ultra
2222,0,0.47438765,0,challenge_08_knn_cleaning_colab_ultra
2223,1,0.5358686,1,challenge_08_knn_cleaning_colab_ultra
2224,0,0.0,0,challenge_08_knn_cleaning_colab_ultra
2225,0,0.0,0,challenge_08_knn_cleaning_colab_ultra
2226,0,0.5033018,1,challenge_08_knn_cleaning_colab_ultra
2227,0,0.0,0,challenge_08_knn_cleaning_colab_ultra
2228,1,1.0,1,challenge_08_knn_cleaning_colab_ultra
2229,1,0.49999303,0,challenge_08_knn_cleaning_colab_ultra
2230,1,0.49770054,0,challenge_08_knn_cleaning_colab_ultra
2231,1,0.5142262,1,challenge_08_knn_cleaning_colab_ultra
2232,0,0.0,0,challenge_08_knn_cleaning_colab_ultra
2233,0,0.0,0,challenge_08_knn_cleaning_colab_ultra
2234,0,0.0,0,challenge_08_knn_cleaning_colab_ultra
2235,1,1.0,1,challenge_08_knn_cleaning_colab_ultra
2236,1,1.0,1,challenge_08_knn_cleaning_colab_ultra
2237,1,1.0,1,challenge_08_knn_cleaning_colab_ultra
2238,0,0.0,0,challenge_08_knn_cleaning_colab_ultra
2239,0,1.0,1,challenge_08_knn_cleaning_colab_ultra
2240,0,0.0,0,challenge_08_knn_cleaning_colab_ultra
2241,1,1.0,1,challenge_08_knn_cleaning_colab_ultra
2242,0,0.0,0,challenge_08_knn_cleaning_colab_ultra
2243,0,0.0,0,challenge_08_knn_cleaning_colab_ultra
2244,1,1.0,1,challenge_08_knn_cleaning_colab_ultra
2245,0,0.0,0,challenge_08_knn_cleaning_colab_ultra
2246,0,1.0,1,challenge_08_knn_cleaning_colab_ultra
2247,0,0.48476118,0,challenge_08_knn_cleaning_colab_ultra
2248,1,1.0,1,challenge_08_knn_cleaning_colab_ultra
2249,0,0.0,0,challenge_08_knn_cleaning_colab_ultra
2250,0,0.0,0,challenge_08_knn_cleaning_colab_ultra
2251,1,1.0,1,challenge_08_knn_cleaning_colab_ultra
2252,1,1.0,1,challenge_08_knn_cleaning_colab_ultra
2253,1,1.0,1,challenge_08_knn_cleaning_colab_ultra
2254,0,1.0,1,challenge_08_knn_cleaning_colab_ultra
2255,1,0.49736074,0,challenge_08_knn_cleaning_colab_ultra
2256,0,0.0,0,challenge_08_knn_cleaning_colab_ultra
2257,0,1.0,1,challenge_08_knn_cleaning_colab_ultra
2258,0,0.0,0,challenge_08_knn_cleaning_colab_ultra
2259,1,0.5014334,1,challenge_08_knn_cleaning_colab_ultra
2260,1,1.0,1,challenge_08_knn_cleaning_colab_ultra
2261,0,0.510453,1,challenge_08_knn_cleaning_colab_ultra
2262,0,0.0,0,challenge_08_knn_cleaning_colab_ultra
2263,0,0.50013673,1,challenge_08_knn_cleaning_colab_ultra
2264,1,1.0,1,challenge_08_knn_cleaning_colab_ultra
2265,0,0.50026584,1,challenge_08_knn_cleaning_colab_ultra
2266,0,0.0,0,challenge_08_knn_cleaning_colab_ultra
2267,1,0.53760535,1,challenge_08_knn_cleaning_colab_ultra
2268,0,0.0,0,challenge_08_knn_cleaning_colab_ultra
2269,1,1.0,1,challenge_08_knn_cleaning_colab_ultra
2270,0,0.0,0,challenge_08_knn_cleaning_colab_ultra
2271,1,1.0,1,challenge_08_knn_cleaning_colab_ultra
2272,0,0.5007914,1,challenge_08_knn_cleaning_colab_ultra
2273,1,0.5000453,1,challenge_08_knn_cleaning_colab_ultra
2274,1,0.5044115,1,challenge_08_knn_cleaning_colab_ultra
2275,1,1.0,1,challenge_08_knn_cleaning_colab_ultra
2276,0,0.0,0,challenge_08_knn_cleaning_colab_ultra
2277,0,0.0,0,challenge_08_knn_cleaning_colab_ultra
2278,0,0.3987773,0,challenge_08_knn_cleaning_colab_ultra
2279,0,0.45986125,0,challenge_08_knn_cleaning_colab_ultra
2280,0,0.0,0,challenge_08_knn_cleaning_colab_ultra
2281,1,1.0,1,challenge_08_knn_cleaning_colab_ultra
2282,1,0.52301097,1,challenge_08_knn_cleaning_colab_ultra
2283,1,1.0,1,challenge_08_knn_cleaning_colab_ultra
2284,1,0.0,0,challenge_08_knn_cleaning_colab_ultra
2285,1,0.5013962,1,challenge_08_knn_cleaning_colab_ultra
2286,0,0.48942208,0,challenge_08_knn_cleaning_colab_ultra
2287,0,0.51105076,1,challenge_08_knn_cleaning_colab_ultra
2288,1,1.0,1,challenge_08_knn_cleaning_colab_ultra
2289,0,0.0,0,challenge_08_knn_cleaning_colab_ultra
2290,1,1.0,1,challenge_08_knn_cleaning_colab_ultra
2291,0,0.49403155,0,challenge_08_knn_cleaning_colab_ultra
2292,0,0.5089331,1,challenge_08_knn_cleaning_colab_ultra
2293,0,0.0,0,challenge_08_knn_cleaning_colab_ultra
2294,1,0.5264663,1,challenge_08_knn_cleaning_colab_ultra
2295,0,0.0,0,challenge_08_knn_cleaning_colab_ultra
2296,1,0.5027578,1,challenge_08_knn_cleaning_colab_ultra
2297,1,0.0,0,challenge_08_knn_cleaning_colab_ultra
2298,0,0.0,0,challenge_08_knn_cleaning_colab_ultra
2299,1,1.0,1,challenge_08_knn_cleaning_colab_ultra
2300,0,0.5028211,1,challenge_08_knn_cleaning_colab_ultra
2301,1,1.0,1,challenge_08_knn_cleaning_colab_ultra
2302,1,1.0,1,challenge_08_knn_cleaning_colab_ultra
2303,1,0.496057,0,challenge_08_knn_cleaning_colab_ultra
2304,0,0.0,0,challenge_08_knn_cleaning_colab_ultra
2305,0,0.42135057,0,challenge_08_knn_cleaning_colab_ultra
2306,0,0.0,0,challenge_08_knn_cleaning_colab_ultra
2307,0,0.0,0,challenge_08_knn_cleaning_colab_ultra
2308,0,0.0,0,challenge_08_knn_cleaning_colab_ultra
2309,0,0.0,0,challenge_08_knn_cleaning_colab_ultra
2310,1,1.0,1,challenge_08_knn_cleaning_colab_ultra
2311,1,0.6512708,1,challenge_08_knn_cleaning_colab_ultra
2312,0,0.0,0,challenge_08_knn_cleaning_colab_ultra
2313,0,0.0,0,challenge_08_knn_cleaning_colab_ultra
2314,1,1.0,1,challenge_08_knn_cleaning_colab_ultra
2315,1,1.0,1,challenge_08_knn_cleaning_colab_ultra
2316,0,0.48824102,0,challenge_08_knn_cleaning_colab_ultra
2317,1,1.0,1,challenge_08_knn_cleaning_colab_ultra
2318,0,0.4838214,0,challenge_08_knn_cleaning_colab_ultra
2319,1,0.49891788,0,challenge_08_knn_cleaning_colab_ultra
2320,1,1.0,1,challenge_08_knn_cleaning_colab_ultra
2321,0,0.48485345,0,challenge_08_knn_cleaning_colab_ultra
2322,1,1.0,1,challenge_08_knn_cleaning_colab_ultra
2323,1,0.50154936,1,challenge_08_knn_cleaning_colab_ultra
2324,1,1.0,1,challenge_08_knn_cleaning_colab_ultra
2325,1,1.0,1,challenge_08_knn_cleaning_colab_ultra
2326,1,0.53952616,1,challenge_08_knn_cleaning_colab_ultra
2327,1,1.0,1,challenge_08_knn_cleaning_colab_ultra
2328,0,1.0,1,challenge_08_knn_cleaning_colab_ultra
2329,1,1.0,1,challenge_08_knn_cleaning_colab_ultra
2330,1,0.5538897,1,challenge_08_knn_cleaning_colab_ultra
2331,0,0.5079532,1,challenge_08_knn_cleaning_colab_ultra
2332,0,0.0,0,challenge_08_knn_cleaning_colab_ultra
2333,0,0.0,0,challenge_08_knn_cleaning_colab_ultra
2334,1,1.0,1,challenge_08_knn_cleaning_colab_ultra
2335,0,0.5006683,1,challenge_08_knn_cleaning_colab_ultra
2336,1,1.0,1,challenge_08_knn_cleaning_colab_ultra
2337,1,0.0,0,challenge_08_knn_cleaning_colab_ultra
2338,1,0.5186166,1,challenge_08_knn_cleaning_colab_ultra
2339,0,0.41756582,0,challenge_08_knn_cleaning_colab_ultra
2340,0,0.0,0,challenge_08_knn_cleaning_colab_ultra
2341,0,0.0,0,challenge_08_knn_cleaning_colab_ultra
2342,1,0.5055507,1,challenge_08_knn_cleaning_colab_ultra
2343,1,0.47076067,0,challenge_08_knn_cleaning_colab_ultra
2344,1,0.4971606,0,challenge_08_knn_cleaning_colab_ultra
2345,0,1.0,1,challenge_08_knn_cleaning_colab_ultra
2346,0,0.0,0,challenge_08_knn_cleaning_colab_ultra
2347,1,1.0,1,challenge_08_knn_cleaning_colab_ultra
2348,1,1.0,1,challenge_08_knn_cleaning_colab_ultra
2349,1,0.50311995,1,challenge_08_knn_cleaning_colab_ultra
2350,1,1.0,1,challenge_08_knn_cleaning_colab_ultra
2351,1,0.5233868,1,challenge_08_knn_cleaning_colab_ultra
2352,1,1.0,1,challenge_08_knn_cleaning_colab_ultra
2353,0,0.0,0,challenge_08_knn_cleaning_colab_ultra
2354,1,1.0,1,challenge_08_knn_cleaning_colab_ultra
2355,0,0.0,0,challenge_08_knn_cleaning_colab_ultra
2356,1,1.0,1,challenge_08_knn_cleaning_colab_ultra
2357,1,1.0,1,challenge_08_knn_cleaning_colab_ultra
2358,1,1.0,1,challenge_08_knn_cleaning_colab_ultra
2359,0,0.0,0,challenge_08_knn_cleaning_colab_ultra
2360,1,1.0,1,challenge_08_knn_cleaning_colab_ultra
2361,0,0.0,0,challenge_08_knn_cleaning_colab_ultra
2362,0,0.0,0,challenge_08_knn_cleaning_colab_ultra
2363,1,1.0,1,challenge_08_knn_cleaning_colab_ultra
2364,0,0.0,0,challenge_08_knn_cleaning_colab_ultra
2365,0,0.0,0,challenge_08_knn_cleaning_colab_ultra
2366,1,1.0,1,challenge_08_knn_cleaning_colab_ultra
2367,0,0.49710816,0,challenge_08_knn_cleaning_colab_ultra
2368,0,0.0,0,challenge_08_knn_cleaning_colab_ultra
2369,0,1.0,1,challenge_08_knn_cleaning_colab_ultra
2370,0,0.0,0,challenge_08_knn_cleaning_colab_ultra
2371,0,0.0,0,challenge_08_knn_cleaning_colab_ultra
2372,1,0.5059388,1,challenge_08_knn_cleaning_colab_ultra
2373,0,0.0,0,challenge_08_knn_cleaning_colab_ultra
2374,1,1.0,1,challenge_08_knn_cleaning_colab_ultra
2375,0,0.497467,0,challenge_08_knn_cleaning_colab_ultra
2376,1,0.49530002,0,challenge_08_knn_cleaning_colab_ultra
2377,0,0.0,0,challenge_08_knn_cleaning_colab_ultra
2378,0,0.4994338,0,challenge_08_knn_cleaning_colab_ultra
2379,1,1.0,1,challenge_08_knn_cleaning_colab_ultra
2380,0,1.0,1,challenge_08_knn_cleaning_colab_ultra
2381,0,0.0,0,challenge_08_knn_cleaning_colab_ultra
2382,0,0.0,0,challenge_08_knn_cleaning_colab_ultra
2383,0,0.49596712,0,challenge_08_knn_cleaning_colab_ultra
2384,1,1.0,1,challenge_08_knn_cleaning_colab_ultra
2385,0,0.5022347,1,challenge_08_knn_cleaning_colab_ultra
2386,1,1.0,1,challenge_08_knn_cleaning_colab_ultra
2387,0,0.0,0,challenge_08_knn_cleaning_colab_ultra
2388,0,0.0,0,challenge_08_knn_cleaning_colab_ultra
2389,1,1.0,1,challenge_08_knn_cleaning_colab_ultra
2390,1,0.5134336,1,challenge_08_knn_cleaning_colab_ultra
2391,0,0.0,0,challenge_08_knn_cleaning_colab_ultra
2392,0,0.48984185,0,challenge_08_knn_cleaning_colab_ultra
2393,1,1.0,1,challenge_08_knn_cleaning_colab_ultra
2394,0,1.0,1,challenge_08_knn_cleaning_colab_ultra
2395,0,0.4699143,0,challenge_08_knn_cleaning_colab_ultra
2396,1,0.0,0,challenge_08_knn_cleaning_colab_ultra
2397,0,0.47329083,0,challenge_08_knn_cleaning_colab_ultra
2398,1,0.4978029,0,challenge_08_knn_cleaning_colab_ultra
2399,1,0.5109144,1,challenge_08_knn_cleaning_colab_ultra
2400,0,0.50150627,1,challenge_08_knn_cleaning_colab_ultra
2401,0,0.0,0,challenge_08_knn_cleaning_colab_ultra
2402,1,0.5023488,1,challenge_08_knn_cleaning_colab_ultra
2403,0,0.50035226,1,challenge_08_knn_cleaning_colab_ultra
2404,0,0.49293974,0,challenge_08_knn_cleaning_colab_ultra
2405,0,0.4996466,0,challenge_08_knn_cleaning_colab_ultra
2406,1,1.0,1,challenge_08_knn_cleaning_colab_ultra
2407,1,0.49744937,0,challenge_08_knn_cleaning_colab_ultra
2408,0,0.0,0,challenge_08_knn_cleaning_colab_ultra
2409,1,0.5188547,1,challenge_08_knn_cleaning_colab_ultra
2410,1,0.49859205,0,challenge_08_knn_cleaning_colab_ultra
2411,1,1.0,1,challenge_08_knn_cleaning_colab_ultra
2412,0,0.0,0,challenge_08_knn_cleaning_colab_ultra
2413,0,0.0,0,challenge_08_knn_cleaning_colab_ultra
2414,1,0.5030865,1,challenge_08_knn_cleaning_colab_ultra
2415,0,0.46033165,0,challenge_08_knn_cleaning_colab_ultra
2416,0,0.0,0,challenge_08_knn_cleaning_colab_ultra
2417,1,1.0,1,challenge_08_knn_cleaning_colab_ultra
2418,1,1.0,1,challenge_08_knn_cleaning_colab_ultra
2419,0,0.0,0,challenge_08_knn_cleaning_colab_ultra
2420,0,0.49535915,0,challenge_08_knn_cleaning_colab_ultra
2421,1,1.0,1,challenge_08_knn_cleaning_colab_ultra
2422,1,1.0,1,challenge_08_knn_cleaning_colab_ultra
2423,1,1.0,1,challenge_08_knn_cleaning_colab_ultra
2424,0,0.48022702,0,challenge_08_knn_cleaning_colab_ultra
2425,1,1.0,1,challenge_08_knn_cleaning_colab_ultra
2426,0,0.0,0,challenge_08_knn_cleaning_colab_ultra
2427,0,0.0,0,challenge_08_knn_cleaning_colab_ultra
2428,0,0.46109423,0,challenge_08_knn_cleaning_colab_ultra
2429,0,0.0,0,challenge_08_knn_cleaning_colab_ultra
2430,1,0.5022924,1,challenge_08_knn_cleaning_colab_ultra
2431,0,0.0,0,challenge_08_knn_cleaning_colab_ultra
2432,0,0.5066181,1,challenge_08_knn_cleaning_colab_ultra
2433,0,0.0,0,challenge_08_knn_cleaning_colab_ultra
2434,0,0.0,0,challenge_08_knn_cleaning_colab_ultra
2435,1,0.0,0,challenge_08_knn_cleaning_colab_ultra
2436,1,0.5205958,1,challenge_08_knn_cleaning_colab_ultra
2437,1,0.51235825,1,challenge_08_knn_cleaning_colab_ultra
2438,1,1.0,1,challenge_08_knn_cleaning_colab_ultra
2439,1,0.49374372,0,challenge_08_knn_cleaning_colab_ultra
2440,1,1.0,1,challenge_08_knn_cleaning_colab_ultra
2441,1,1.0,1,challenge_08_knn_cleaning_colab_ultra
2442,0,0.0,0,challenge_08_knn_cleaning_colab_ultra
2443,1,0.0,0,challenge_08_knn_cleaning_colab_ultra
2444,0,0.4729124,0,challenge_08_knn_cleaning_colab_ultra
2445,1,1.0,1,challenge_08_knn_cleaning_colab_ultra
2446,0,0.0,0,challenge_08_knn_cleaning_colab_ultra
2447,0,1.0,1,challenge_08_knn_cleaning_colab_ultra
2448,1,0.0,0,challenge_08_knn_cleaning_colab_ultra
2449,0,0.0,0,challenge_08_knn_cleaning_colab_ultra
2450,0,0.0,0,challenge_08_knn_cleaning_colab_ultra
2451,1,1.0,1,challenge_08_knn_cleaning_colab_ultra
2452,1,0.0,0,challenge_08_knn_cleaning_colab_ultra
2453,1,0.49982384,0,challenge_08_knn_cleaning_colab_ultra
2454,1,1.0,1,challenge_08_knn_cleaning_colab_ultra
2455,1,0.50575525,1,challenge_08_knn_cleaning_colab_ultra
2456,0,0.0,0,challenge_08_knn_cleaning_colab_ultra
2457,0,0.0,0,challenge_08_knn_cleaning_colab_ultra
2458,1,1.0,1,challenge_08_knn_cleaning_colab_ultra
2459,0,0.51342857,1,challenge_08_knn_cleaning_colab_ultra
2460,1,1.0,1,challenge_08_knn_cleaning_colab_ultra
2461,1,0.51371866,1,challenge_08_knn_cleaning_colab_ultra
2462,0,0.49515375,0,challenge_08_knn_cleaning_colab_ultra
2463,1,1.0,1,challenge_08_knn_cleaning_colab_ultra
2464,0,0.51807773,1,challenge_08_knn_cleaning_colab_ultra
2465,1,1.0,1,challenge_08_knn_cleaning_colab_ultra
2466,0,0.51300085,1,challenge_08_knn_cleaning_colab_ultra
2467,1,1.0,1,challenge_08_knn_cleaning_colab_ultra
2468,0,0.0,0,challenge_08_knn_cleaning_colab_ultra
2469,0,0.0,0,challenge_08_knn_cleaning_colab_ultra
2470,1,1.0,1,challenge_08_knn_cleaning_colab_ultra
2471,0,0.0,0,challenge_08_knn_cleaning_colab_ultra
2472,0,0.0,0,challenge_08_knn_cleaning_colab_ultra
2473,1,1.0,1,challenge_08_knn_cleaning_colab_ultra
2474,0,0.0,0,challenge_08_knn_cleaning_colab_ultra
2475,0,0.0,0,challenge_08_knn_cleaning_colab_ultra
2476,0,0.0,0,challenge_08_knn_cleaning_colab_ultra
2477,1,0.49608728,0,challenge_08_knn_cleaning_colab_ultra
2478,0,0.0,0,challenge_08_knn_cleaning_colab_ultra
2479,1,1.0,1,challenge_08_knn_cleaning_colab_ultra
2480,0,0.5014965,1,challenge_08_knn_cleaning_colab_ultra
2481,1,1.0,1,challenge_08_knn_cleaning_colab_ultra
2482,1,0.51031643,1,challenge_08_knn_cleaning_colab_ultra
2483,1,0.0,0,challenge_08_knn_cleaning_colab_ultra
2484,1,0.5013145,1,challenge_08_knn_cleaning_colab_ultra
2485,1,1.0,1,challenge_08_knn_cleaning_colab_ultra
2486,1,1.0,1,challenge_08_knn_cleaning_colab_ultra
2487,0,0.0,0,challenge_08_knn_cleaning_colab_ultra
2488,1,0.49182084,0,challenge_08_knn_cleaning_colab_ultra
2489,0,0.0,0,challenge_08_knn_cleaning_colab_ultra
2490,0,1.0,1,challenge_08_knn_cleaning_colab_ultra
2491,0,0.52139384,1,challenge_08_knn_cleaning_colab_ultra
2492,0,1.0,1,challenge_08_knn_cleaning_colab_ultra
2493,1,1.0,1,challenge_08_knn_cleaning_colab_ultra
2494,0,0.0,0,challenge_08_knn_cleaning_colab_ultra
2495,1,0.4997762,0,challenge_08_knn_cleaning_colab_ultra
2496,0,0.0,0,challenge_08_knn_cleaning_colab_ultra
2497,0,0.0,0,challenge_08_knn_cleaning_colab_ultra
2498,1,1.0,1,challenge_08_knn_cleaning_colab_ultra
2499,0,0.50125235,1,challenge_08_knn_cleaning_colab_ultra
2500,0,0.0,0,challenge_08_knn_cleaning_colab_ultra
2501,1,1.0,1,challenge_08_knn_cleaning_colab_ultra
2502,1,1.0,1,challenge_08_knn_cleaning_colab_ultra
2503,1,1.0,1,challenge_08_knn_cleaning_colab_ultra
2504,1,1.0,1,challenge_08_knn_cleaning_colab_ultra
2505,1,1.0,1,challenge_08_knn_cleaning_colab_ultra
2506,0,0.4916916,0,challenge_08_knn_cleaning_colab_ultra
2507,1,1.0,1,challenge_08_knn_cleaning_colab_ultra
2508,0,0.0,0,challenge_08_knn_cleaning_colab_ultra
2509,0,0.4961801,0,challenge_08_knn_cleaning_colab_ultra
2510,1,1.0,1,challenge_08_knn_cleaning_colab_ultra
2511,0,0.0,0,challenge_08_knn_cleaning_colab_ultra
2512,1,1.0,1,challenge_08_knn_cleaning_colab_ultra
2513,1,1.0,1,challenge_08_knn_cleaning_colab_ultra
2514,1,0.49969175,0,challenge_08_knn_cleaning_colab_ultra
2515,1,1.0,1,challenge_08_knn_cleaning_colab_ultra
2516,0,0.5009555,1,challenge_08_knn_cleaning_colab_ultra
2517,1,1.0,1,challenge_08_knn_cleaning_colab_ultra
2518,0,0.485809,0,challenge_08_knn_cleaning_colab_ultra
2519,1,1.0,1,challenge_08_knn_cleaning_colab_ultra
2520,1,1.0,1,challenge_08_knn_cleaning_colab_ultra
2521,1,1.0,1,challenge_08_knn_cleaning_colab_ultra
2522,1,1.0,1,challenge_08_knn_cleaning_colab_ultra
2523,1,1.0,1,challenge_08_knn_cleaning_colab_ultra
2524,0,0.0,0,challenge_08_knn_cleaning_colab_ultra
2525,1,1.0,1,challenge_08_knn_cleaning_colab_ultra
2526,1,1.0,1,challenge_08_knn_cleaning_colab_ultra
2527,0,0.0,0,challenge_08_knn_cleaning_colab_ultra
2528,0,0.0,0,challenge_08_knn_cleaning_colab_ultra
2529,1,0.50046676,1,challenge_08_knn_cleaning_colab_ultra
2530,0,0.50354654,1,challenge_08_knn_cleaning_colab_ultra
2531,1,1.0,1,challenge_08_knn_cleaning_colab_ultra
2532,1,1.0,1,challenge_08_knn_cleaning_colab_ultra
2533,1,1.0,1,challenge_08_knn_cleaning_colab_ultra
2534,0,0.0,0,challenge_08_knn_cleaning_colab_ultra
2535,0,0.0,0,challenge_08_knn_cleaning_colab_ultra
2536,1,1.0,1,challenge_08_knn_cleaning_colab_ultra
2537,1,1.0,1,challenge_08_knn_cleaning_colab_ultra
2538,0,0.0,0,challenge_08_knn_cleaning_colab_ultra
2539,0,0.4588009,0,challenge_08_knn_cleaning_colab_ultra
2540,0,0.48206428,0,challenge_08_knn_cleaning_colab_ultra
2541,0,0.0,0,challenge_08_knn_cleaning_colab_ultra
2542,0,0.0,0,challenge_08_knn_cleaning_colab_ultra
2543,0,1.0,1,challenge_08_knn_cleaning_colab_ultra
2544,0,1.0,1,challenge_08_knn_cleaning_colab_ultra
2545,1,1.0,1,challenge_08_knn_cleaning_colab_ultra
2546,1,0.4941123,0,challenge_08_knn_cleaning_colab_ultra
2547,1,0.5007148,1,challenge_08_knn_cleaning_colab_ultra
2548,0,0.49835125,0,challenge_08_knn_cleaning_colab_ultra
2549,1,0.5123073,1,challenge_08_knn_cleaning_colab_ultra
2550,1,0.46699125,0,challenge_08_knn_cleaning_colab_ultra
2551,0,0.40137368,0,challenge_08_knn_cleaning_colab_ultra
2552,0,0.0,0,challenge_08_knn_cleaning_colab_ultra
2553,1,0.0,0,challenge_08_knn_cleaning_colab_ultra
2554,1,1.0,1,challenge_08_knn_cleaning_colab_ultra
2555,1,1.0,1,challenge_08_knn_cleaning_colab_ultra
2556,1,1.0,1,challenge_08_knn_cleaning_colab_ultra
2557,1,1.0,1,challenge_08_knn_cleaning_colab_ultra
2558,1,1.0,1,challenge_08_knn_cleaning_colab_ultra
2559,1,0.0,0,challenge_08_knn_cleaning_colab_ultra
2560,1,0.5008885,1,challenge_08_knn_cleaning_colab_ultra
2561,0,0.47703597,0,challenge_08_knn_cleaning_colab_ultra
2562,1,1.0,1,challenge_08_knn_cleaning_colab_ultra
2563,1,1.0,1,challenge_08_knn_cleaning_colab_ultra
2564,1,1.0,1,challenge_08_knn_cleaning_colab_ultra
2565,1,1.0,1,challenge_08_knn_cleaning_colab_ultra
2566,0,1.0,1,challenge_08_knn_cleaning_colab_ultra
2567,1,0.49915925,0,challenge_08_knn_cleaning_colab_ultra
2568,1,0.4957771,0,challenge_08_knn_cleaning_colab_ultra
2569,0,0.0,0,challenge_08_knn_cleaning_colab_ultra
2570,0,0.4996111,0,challenge_08_knn_cleaning_colab_ultra
2571,1,1.0,1,challenge_08_knn_cleaning_colab_ultra
2572,1,1.0,1,challenge_08_knn_cleaning_colab_ultra
2573,1,0.49117735,0,challenge_08_knn_cleaning_colab_ultra
2574,0,0.42686573,0,challenge_08_knn_cleaning_colab_ultra
2575,0,0.5026579,1,challenge_08_knn_cleaning_colab_ultra
2576,0,0.0,0,challenge_08_knn_cleaning_colab_ultra
2577,1,1.0,1,challenge_08_knn_cleaning_colab_ultra
2578,0,0.0,0,challenge_08_knn_cleaning_colab_ultra
2579,1,1.0,1,challenge_08_knn_cleaning_colab_ultra
2580,0,0.44402993,0,challenge_08_knn_cleaning_colab_ultra
2581,1,0.5010733,1,challenge_08_knn_cleaning_colab_ultra
2582,0,0.43101788,0,challenge_08_knn_cleaning_colab_ultra
2583,1,1.0,1,challenge_08_knn_cleaning_colab_ultra
2584,1,1.0,1,challenge_08_knn_cleaning_colab_ultra
2585,1,1.0,1,challenge_08_knn_cleaning_colab_ultra
2586,1,0.49965656,0,challenge_08_knn_cleaning_colab_ultra
2587,0,0.5005898,1,challenge_08_knn_cleaning_colab_ultra
2588,1,0.5152911,1,challenge_08_knn_cleaning_colab_ultra
2589,1,1.0,1,challenge_08_knn_cleaning_colab_ultra
2590,0,0.3863969,0,challenge_08_knn_cleaning_colab_ultra
2591,0,0.0,0,challenge_08_knn_cleaning_colab_ultra
2592,1,1.0,1,challenge_08_knn_cleaning_colab_ultra
2593,1,0.49721637,0,challenge_08_knn_cleaning_colab_ultra
2594,0,0.0,0,challenge_08_knn_cleaning_colab_ultra
2595,0,0.5053254,1,challenge_08_knn_cleaning_colab_ultra
2596,1,1.0,1,challenge_08_knn_cleaning_colab_ultra
2597,1,0.5154524,1,challenge_08_knn_cleaning_colab_ultra
2598,1,1.0,1,challenge_08_knn_cleaning_colab_ultra
2599,0,0.0,0,challenge_08_knn_cleaning_colab_ultra
2600,1,0.5052716,1,challenge_08_knn_cleaning_colab_ultra
2601,1,1.0,1,challenge_08_knn_cleaning_colab_ultra
2602,0,0.0,0,challenge_08_knn_cleaning_colab_ultra
2603,0,0.0,0,challenge_08_knn_cleaning_colab_ultra
2604,0,1.0,1,challenge_08_knn_cleaning_colab_ultra
2605,1,1.0,1,challenge_08_knn_cleaning_colab_ultra
2606,1,1.0,1,challenge_08_knn_cleaning_colab_ultra
2607,1,1.0,1,challenge_08_knn_cleaning_colab_ultra
2608,0,0.5062142,1,challenge_08_knn_cleaning_colab_ultra
2609,0,1.0,1,challenge_08_knn_cleaning_colab_ultra
2610,0,0.49502876,0,challenge_08_knn_cleaning_colab_ultra
2611,0,0.0,0,challenge_08_knn_cleaning_colab_ultra
2612,1,1.0,1,challenge_08_knn_cleaning_colab_ultra
2613,1,1.0,1,challenge_08_knn_cleaning_colab_ultra
2614,1,0.50196064,1,challenge_08_knn_cleaning_colab_ultra
2615,0,0.0,0,challenge_08_knn_cleaning_colab_ultra
2616,0,0.49560392,0,challenge_08_knn_cleaning_colab_ultra
2617,1,1.0,1,challenge_08_knn_cleaning_colab_ultra
2618,0,0.0,0,challenge_08_knn_cleaning_colab_ultra
2619,1,0.50697416,1,challenge_08_knn_cleaning_colab_ultra
2620,1,1.0,1,challenge_08_knn_cleaning_colab_ultra
2621,0,0.0,0,challenge_08_knn_cleaning_colab_ultra
2622,0,0.0,0,challenge_08_knn_cleaning_colab_ultra
2623,0,0.4509891,0,challenge_08_knn_cleaning_colab_ultra
2624,1,1.0,1,challenge_08_knn_cleaning_colab_ultra
2625,0,0.50237066,1,challenge_08_knn_cleaning_colab_ultra
2626,1,0.5278271,1,challenge_08_knn_cleaning_colab_ultra
2627,0,0.0,0,challenge_08_knn_cleaning_colab_ultra
2628,0,0.49601373,0,challenge_08_knn_cleaning_colab_ultra
2629,1,1.0,1,challenge_08_knn_cleaning_colab_ultra
2630,1,1.0,1,challenge_08_knn_cleaning_colab_ultra
2631,0,0.45459148,0,challenge_08_knn_cleaning_colab_ultra
2632,0,1.0,1,challenge_08_knn_cleaning_colab_ultra
2633,0,0.48485282,0,challenge_08_knn_cleaning_colab_ultra
2634,0,0.44392744,0,challenge_08_knn_cleaning_colab_ultra
2635,0,0.0,0,challenge_08_knn_cleaning_colab_ultra
2636,0,0.0,0,challenge_08_knn_cleaning_colab_ultra
2637,0,0.4855193,0,challenge_08_knn_cleaning_colab_ultra
2638,1,1.0,1,challenge_08_knn_cleaning_colab_ultra
2639,1,1.0,1,challenge_08_knn_cleaning_colab_ultra
2640,1,1.0,1,challenge_08_knn_cleaning_colab_ultra
2641,0,0.49732846,0,challenge_08_knn_cleaning_colab_ultra
2642,0,0.45009613,0,challenge_08_knn_cleaning_colab_ultra
2643,0,0.0,0,challenge_08_knn_cleaning_colab_ultra
2644,1,1.0,1,challenge_08_knn_cleaning_colab_ultra
2645,0,0.0,0,challenge_08_knn_cleaning_colab_ultra
2646,1,1.0,1,challenge_08_knn_cleaning_colab_ultra
2647,0,0.0,0,challenge_08_knn_cleaning_colab_ultra
2648,1,1.0,1,challenge_08_knn_cleaning_colab_ultra
2649,0,0.50900275,1,challenge_08_knn_cleaning_colab_ultra
2650,0,0.0,0,challenge_08_knn_cleaning_colab_ultra
2651,0,0.0,0,challenge_08_knn_cleaning_colab_ultra
2652,1,1.0,1,challenge_08_knn_cleaning_colab_ultra
2653,1,1.0,1,challenge_08_knn_cleaning_colab_ultra
2654,0,0.0,0,challenge_08_knn_cleaning_colab_ultra
2655,0,0.4989552,0,challenge_08_knn_cleaning_colab_ultra
2656,1,0.49738097,0,challenge_08_knn_cleaning_colab_ultra
2657,0,0.44831052,0,challenge_08_knn_cleaning_colab_ultra
2658,0,0.0,0,challenge_08_knn_cleaning_colab_ultra
2659,1,0.49828297,0,challenge_08_knn_cleaning_colab_ultra
2660,0,0.4781599,0,challenge_08_knn_cleaning_colab_ultra
2661,1,1.0,1,challenge_08_knn_cleaning_colab_ultra
2662,1,1.0,1,challenge_08_knn_cleaning_colab_ultra
2663,1,1.0,1,challenge_08_knn_cleaning_colab_ultra
2664,1,1.0,1,challenge_08_knn_cleaning_colab_ultra
2665,1,0.51447374,1,challenge_08_knn_cleaning_colab_ultra
2666,1,0.48474213,0,challenge_08_knn_cleaning_colab_ultra
2667,0,0.0,0,challenge_08_knn_cleaning_colab_ultra
2668,1,1.0,1,challenge_08_knn_cleaning_colab_ultra
2669,1,0.4772811,0,challenge_08_knn_cleaning_colab_ultra
2670,1,1.0,1,challenge_08_knn_cleaning_colab_ultra
2671,0,0.4975905,0,challenge_08_knn_cleaning_colab_ultra
2672,0,0.0,0,challenge_08_knn_cleaning_colab_ultra
2673,1,0.4964626,0,challenge_08_knn_cleaning_colab_ultra
2674,0,0.49917328,0,challenge_08_knn_cleaning_colab_ultra
2675,1,0.5182415,1,challenge_08_knn_cleaning_colab_ultra
2676,1,1.0,1,challenge_08_knn_cleaning_colab_ultra
2677,1,0.0,0,challenge_08_knn_cleaning_colab_ultra
2678,1,0.49818882,0,challenge_08_knn_cleaning_colab_ultra
2679,0,1.0,1,challenge_08_knn_cleaning_colab_ultra
2680,0,0.33558205,0,challenge_08_knn_cleaning_colab_ultra
2681,0,0.0,0,challenge_08_knn_cleaning_colab_ultra
2682,0,0.0,0,challenge_08_knn_cleaning_colab_ultra
2683,1,0.4942896,0,challenge_08_knn_cleaning_colab_ultra
2684,0,0.0,0,challenge_08_knn_cleaning_colab_ultra
2685,1,1.0,1,challenge_08_knn_cleaning_colab_ultra
2686,0,0.0,0,challenge_08_knn_cleaning_colab_ultra
2687,0,0.0,0,challenge_08_knn_cleaning_colab_ultra
2688,1,0.5060468,1,challenge_08_knn_cleaning_colab_ultra
2689,0,0.0,0,challenge_08_knn_cleaning_colab_ultra
2690,1,1.0,1,challenge_08_knn_cleaning_colab_ultra
2691,1,1.0,1,challenge_08_knn_cleaning_colab_ultra
2692,1,0.50694543,1,challenge_08_knn_cleaning_colab_ultra
2693,0,0.48973534,0,challenge_08_knn_cleaning_colab_ultra
2694,1,1.0,1,challenge_08_knn_cleaning_colab_ultra
2695,0,0.0,0,challenge_08_knn_cleaning_colab_ultra
2696,0,0.50157285,1,challenge_08_knn_cleaning_colab_ultra
2697,0,0.0,0,challenge_08_knn_cleaning_colab_ultra
2698,0,1.0,1,challenge_08_knn_cleaning_colab_ultra
2699,1,1.0,1,challenge_08_knn_cleaning_colab_ultra
2700,1,0.49076602,0,challenge_08_knn_cleaning_colab_ultra
2701,0,0.0,0,challenge_08_knn_cleaning_colab_ultra
2702,0,0.47945789,0,challenge_08_knn_cleaning_colab_ultra
2703,0,0.0,0,challenge_08_knn_cleaning_colab_ultra
2704,0,0.0,0,challenge_08_knn_cleaning_colab_ultra
2705,1,0.50819933,1,challenge_08_knn_cleaning_colab_ultra
2706,1,1.0,1,challenge_08_knn_cleaning_colab_ultra
2707,1,1.0,1,challenge_08_knn_cleaning_colab_ultra
2708,0,0.4763219,0,challenge_08_knn_cleaning_colab_ultra
2709,0,0.4135833,0,challenge_08_knn_cleaning_colab_ultra
2710,0,0.0,0,challenge_08_knn_cleaning_colab_ultra
2711,0,0.0,0,challenge_08_knn_cleaning_colab_ultra
2712,0,0.0,0,challenge_08_knn_cleaning_colab_ultra
2713,0,0.50241804,1,challenge_08_knn_cleaning_colab_ultra
2714,0,0.45798355,0,challenge_08_knn_cleaning_colab_ultra
2715,0,1.0,1,challenge_08_knn_cleaning_colab_ultra
2716,1,1.0,1,challenge_08_knn_cleaning_colab_ultra
2717,0,1.0,1,challenge_08_knn_cleaning_colab_ultra
2718,1,1.0,1,challenge_08_knn_cleaning_colab_ultra
2719,0,1.0,1,challenge_08_knn_cleaning_colab_ultra
2720,0,0.0,0,challenge_08_knn_cleaning_colab_ultra
2721,0,0.0,0,challenge_08_knn_cleaning_colab_ultra
2722,0,0.48201284,0,challenge_08_knn_cleaning_colab_ultra
2723,1,1.0,1,challenge_08_knn_cleaning_colab_ultra
2724,0,0.0,0,challenge_08_knn_cleaning_colab_ultra
2725,0,0.49555182,0,challenge_08_knn_cleaning_colab_ultra
2726,1,1.0,1,challenge_08_knn_cleaning_colab_ultra
2727,0,0.0,0,challenge_08_knn_cleaning_colab_ultra
2728,0,0.46941423,0,challenge_08_knn_cleaning_colab_ultra
2729,0,0.491101,0,challenge_08_knn_cleaning_colab_ultra
2730,0,0.52468544,1,challenge_08_knn_cleaning_colab_ultra
2731,0,0.0,0,challenge_08_knn_cleaning_colab_ultra
2732,0,0.0,0,challenge_08_knn_cleaning_colab_ultra
2733,1,1.0,1,challenge_08_knn_cleaning_colab_ultra
2734,1,0.5025377,1,challenge_08_knn_cleaning_colab_ultra
2735,1,1.0,1,challenge_08_knn_cleaning_colab_ultra
2736,1,1.0,1,challenge_08_knn_cleaning_colab_ultra
2737,1,1.0,1,challenge_08_knn_cleaning_colab_ultra
2738,1,1.0,1,challenge_08_knn_cleaning_colab_ultra
2739,1,1.0,1,challenge_08_knn_cleaning_colab_ultra
2740,1,1.0,1,challenge_08_knn_cleaning_colab_ultra
2741,1,0.5033387,1,challenge_08_knn_cleaning_colab_ultra
2742,0,0.0,0,challenge_08_knn_cleaning_colab_ultra
2743,1,1.0,1,challenge_08_knn_cleaning_colab_ultra
2744,0,0.0,0,challenge_08_knn_cleaning_colab_ultra
2745,1,1.0,1,challenge_08_knn_cleaning_colab_ultra
2746,1,0.4985758,0,challenge_08_knn_cleaning_colab_ultra
2747,1,1.0,1,challenge_08_knn_cleaning_colab_ultra
2748,0,0.49841195,0,challenge_08_knn_cleaning_colab_ultra
2749,0,0.5006227,1,challenge_08_knn_cleaning_colab_ultra
2750,1,0.50969875,1,challenge_08_knn_cleaning_colab_ultra
2751,0,0.0,0,challenge_08_knn_cleaning_colab_ultra
2752,0,0.4969449,0,challenge_08_knn_cleaning_colab_ultra
2753,0,1.0,1,challenge_08_knn_cleaning_colab_ultra
2754,1,0.5057512,1,challenge_08_knn_cleaning_colab_ultra
2755,0,0.0,0,challenge_08_knn_cleaning_colab_ultra
2756,0,0.50972426,1,challenge_08_knn_cleaning_colab_ultra
2757,0,0.0,0,challenge_08_knn_cleaning_colab_ultra
2758,1,0.50583947,1,challenge_08_knn_cleaning_colab_ultra
2759,0,0.0,0,challenge_08_knn_cleaning_colab_ultra
2760,0,0.0,0,challenge_08_knn_cleaning_colab_ultra
2761,1,1.0,1,challenge_08_knn_cleaning_colab_ultra
2762,0,0.4724917,0,challenge_08_knn_cleaning_colab_ultra
2763,1,1.0,1,challenge_08_knn_cleaning_colab_ultra
2764,1,0.5337636,1,challenge_08_knn_cleaning_colab_ultra
2765,0,0.0,0,challenge_08_knn_cleaning_colab_ultra
2766,1,1.0,1,challenge_08_knn_cleaning_colab_ultra
2767,1,1.0,1,challenge_08_knn_cleaning_colab_ultra
2768,1,1.0,1,challenge_08_knn_cleaning_colab_ultra
2769,1,1.0,1,challenge_08_knn_cleaning_colab_ultra
2770,1,1.0,1,challenge_08_knn_cleaning_colab_ultra
2771,1,1.0,1,challenge_08_knn_cleaning_colab_ultra
2772,1,1.0,1,challenge_08_knn_cleaning_colab_ultra
2773,0,0.0,0,challenge_08_knn_cleaning_colab_ultra
2774,0,0.0,0,challenge_08_knn_cleaning_colab_ultra
2775,0,0.0,0,challenge_08_knn_cleaning_colab_ultra
2776,0,1.0,1,challenge_08_knn_cleaning_colab_ultra
2777,1,1.0,1,challenge_08_knn_cleaning_colab_ultra
2778,1,1.0,1,challenge_08_knn_cleaning_colab_ultra
2779,0,0.0,0,challenge_08_knn_cleaning_colab_ultra
2780,1,1.0,1,challenge_08_knn_cleaning_colab_ultra
2781,1,1.0,1,challenge_08_knn_cleaning_colab_ultra
2782,1,0.0,0,challenge_08_knn_cleaning_colab_ultra
2783,1,1.0,1,challenge_08_knn_cleaning_colab_ultra
2784,1,1.0,1,challenge_08_knn_cleaning_colab_ultra
2785,0,0.45190755,0,challenge_08_knn_cleaning_colab_ultra
2786,1,1.0,1,challenge_08_knn_cleaning_colab_ultra
2787,1,0.50174356,1,challenge_08_knn_cleaning_colab_ultra
2788,1,1.0,1,challenge_08_knn_cleaning_colab_ultra
2789,0,0.0,0,challenge_08_knn_cleaning_colab_ultra
2790,0,1.0,1,challenge_08_knn_cleaning_colab_ultra
2791,0,0.4759666,0,challenge_08_knn_cleaning_colab_ultra
2792,1,1.0,1,challenge_08_knn_cleaning_colab_ultra
2793,1,1.0,1,challenge_08_knn_cleaning_colab_ultra
2794,0,0.0,0,challenge_08_knn_cleaning_colab_ultra
2795,1,1.0,1,challenge_08_knn_cleaning_colab_ultra
2796,0,0.4698603,0,challenge_08_knn_cleaning_colab_ultra
2797,1,1.0,1,challenge_08_knn_cleaning_colab_ultra
2798,1,0.0,0,challenge_08_knn_cleaning_colab_ultra
2799,0,0.0,0,challenge_08_knn_cleaning_colab_ultra
2800,0,0.0,0,challenge_08_knn_cleaning_colab_ultra
2801,1,0.49542454,0,challenge_08_knn_cleaning_colab_ultra
2802,1,1.0,1,challenge_08_knn_cleaning_colab_ultra
2803,1,0.0,0,challenge_08_knn_cleaning_colab_ultra
2804,0,0.49793306,0,challenge_08_knn_cleaning_colab_ultra
2805,1,1.0,1,challenge_08_knn_cleaning_colab_ultra
2806,0,1.0,1,challenge_08_knn_cleaning_colab_ultra
2807,0,0.46123886,0,challenge_08_knn_cleaning_colab_ultra
2808,0,1.0,1,challenge_08_knn_cleaning_colab_ultra
2809,0,0.0,0,challenge_08_knn_cleaning_colab_ultra
2810,1,1.0,1,challenge_08_knn_cleaning_colab_ultra
2811,1,0.4952691,0,challenge_08_knn_cleaning_colab_ultra
2812,0,0.0,0,challenge_08_knn_cleaning_colab_ultra
2813,0,0.0,0,challenge_08_knn_cleaning_colab_ultra
2814,1,0.49839523,0,challenge_08_knn_cleaning_colab_ultra
2815,1,0.50162673,1,challenge_08_knn_cleaning_colab_ultra
2816,0,0.48846868,0,challenge_08_knn_cleaning_colab_ultra
2817,0,0.0,0,challenge_08_knn_cleaning_colab_ultra
2818,0,0.0,0,challenge_08_knn_cleaning_colab_ultra
2819,1,0.48157963,0,challenge_08_knn_cleaning_colab_ultra
2820,0,0.0,0,challenge_08_knn_cleaning_colab_ultra
2821,0,0.501091,1,challenge_08_knn_cleaning_colab_ultra
2822,1,1.0,1,challenge_08_knn_cleaning_colab_ultra
2823,0,0.0,0,challenge_08_knn_cleaning_colab_ultra
2824,0,0.0,0,challenge_08_knn_cleaning_colab_ultra
2825,1,0.59014904,1,challenge_08_knn_cleaning_colab_ultra
2826,0,1.0,1,challenge_08_knn_cleaning_colab_ultra
2827,0,0.0,0,challenge_08_knn_cleaning_colab_ultra
2828,0,0.4956849,0,challenge_08_knn_cleaning_colab_ultra
2829,0,0.0,0,challenge_08_knn_cleaning_colab_ultra
2830,1,1.0,1,challenge_08_knn_cleaning_colab_ultra
2831,0,0.0,0,challenge_08_knn_cleaning_colab_ultra
2832,1,1.0,1,challenge_08_knn_cleaning_colab_ultra
2833,1,1.0,1,challenge_08_knn_cleaning_colab_ultra
2834,0,0.0,0,challenge_08_knn_cleaning_colab_ultra
2835,0,0.50525326,1,challenge_08_knn_cleaning_colab_ultra
2836,0,0.49253607,0,challenge_08_knn_cleaning_colab_ultra
2837,0,0.0,0,challenge_08_knn_cleaning_colab_ultra
2838,0,0.0,0,challenge_08_knn_cleaning_colab_ultra
2839,1,0.50996095,1,challenge_08_knn_cleaning_colab_ultra
2840,1,1.0,1,challenge_08_knn_cleaning_colab_ultra
2841,0,0.0,0,challenge_08_knn_cleaning_colab_ultra
2842,1,1.0,1,challenge_08_knn_cleaning_colab_ultra
2843,1,1.0,1,challenge_08_knn_cleaning_colab_ultra
2844,1,1.0,1,challenge_08_knn_cleaning_colab_ultra
2845,0,0.0,0,challenge_08_knn_cleaning_colab_ultra
2846,1,1.0,1,challenge_08_knn_cleaning_colab_ultra
2847,0,0.0,0,challenge_08_knn_cleaning_colab_ultra
2848,1,1.0,1,challenge_08_knn_cleaning_colab_ultra
2849,0,0.0,0,challenge_08_knn_cleaning_colab_ultra
2850,1,1.0,1,challenge_08_knn_cleaning_colab_ultra
2851,1,1.0,1,challenge_08_knn_cleaning_colab_ultra
2852,0,0.4927168,0,challenge_08_knn_cleaning_colab_ultra
2853,1,1.0,1,challenge_08_knn_cleaning_colab_ultra
2854,0,0.49475357,0,challenge_08_knn_cleaning_colab_ultra
2855,0,0.0,0,challenge_08_knn_cleaning_colab_ultra
2856,1,1.0,1,challenge_08_knn_cleaning_colab_ultra
2857,1,1.0,1,challenge_08_knn_cleaning_colab_ultra
2858,1,1.0,1,challenge_08_knn_cleaning_colab_ultra
2859,1,1.0,1,challenge_08_knn_cleaning_colab_ultra
2860,1,1.0,1,challenge_08_knn_cleaning_colab_ultra
2861,1,1.0,1,challenge_08_knn_cleaning_colab_ultra
2862,1,1.0,1,challenge_08_knn_cleaning_colab_ultra
2863,0,1.0,1,challenge_08_knn_cleaning_colab_ultra
2864,1,0.0,0,challenge_08_knn_cleaning_colab_ultra
2865,1,0.49838024,0,challenge_08_knn_cleaning_colab_ultra
2866,0,0.0,0,challenge_08_knn_cleaning_colab_ultra
2867,1,0.49643585,0,challenge_08_knn_cleaning_colab_ultra
2868,0,0.47582117,0,challenge_08_knn_cleaning_colab_ultra
2869,0,0.48348868,0,challenge_08_knn_cleaning_colab_ultra
2870,0,0.5027835,1,challenge_08_knn_cleaning_colab_ultra
2871,1,1.0,1,challenge_08_knn_cleaning_colab_ultra
2872,1,1.0,1,challenge_08_knn_cleaning_colab_ultra
2873,0,0.0,0,challenge_08_knn_cleaning_colab_ultra
2874,0,0.48920897,0,challenge_08_knn_cleaning_colab_ultra
2875,1,1.0,1,challenge_08_knn_cleaning_colab_ultra
2876,0,0.52109617,1,challenge_08_knn_cleaning_colab_ultra
2877,0,0.0,0,challenge_08_knn_cleaning_colab_ultra
2878,1,1.0,1,challenge_08_knn_cleaning_colab_ultra
2879,0,0.0,0,challenge_08_knn_cleaning_colab_ultra
2880,1,1.0,1,challenge_08_knn_cleaning_colab_ultra
2881,0,0.0,0,challenge_08_knn_cleaning_colab_ultra
2882,0,0.0,0,challenge_08_knn_cleaning_colab_ultra
2883,1,1.0,1,challenge_08_knn_cleaning_colab_ultra
2884,1,1.0,1,challenge_08_knn_cleaning_colab_ultra
2885,0,0.0,0,challenge_08_knn_cleaning_colab_ultra
2886,1,1.0,1,challenge_08_knn_cleaning_colab_ultra
2887,1,1.0,1,challenge_08_knn_cleaning_colab_ultra
2888,1,1.0,1,challenge_08_knn_cleaning_colab_ultra
2889,1,0.0,0,challenge_08_knn_cleaning_colab_ultra
2890,1,1.0,1,challenge_08_knn_cleaning_colab_ultra
2891,1,0.0,0,challenge_08_knn_cleaning_colab_ultra
2892,1,0.53524166,1,challenge_08_knn_cleaning_colab_ultra
2893,0,0.0,0,challenge_08_knn_cleaning_colab_ultra
2894,1,1.0,1,challenge_08_knn_cleaning_colab_ultra
2895,1,1.0,1,challenge_08_knn_cleaning_colab_ultra
2896,0,0.50416815,1,challenge_08_knn_cleaning_colab_ultra
2897,1,0.50940824,1,challenge_08_knn_cleaning_colab_ultra
2898,0,0.4911509,0,challenge_08_knn_cleaning_colab_ultra
2899,1,1.0,1,challenge_08_knn_cleaning_colab_ultra
2900,1,1.0,1,challenge_08_knn_cleaning_colab_ultra
2901,1,0.5037001,1,challenge_08_knn_cleaning_colab_ultra
2902,0,0.0,0,challenge_08_knn_cleaning_colab_ultra
2903,0,0.5025404,1,challenge_08_knn_cleaning_colab_ultra
2904,0,0.4965638,0,challenge_08_knn_cleaning_colab_ultra
2905,0,0.0,0,challenge_08_knn_cleaning_colab_ultra
2906,0,0.0,0,challenge_08_knn_cleaning_colab_ultra
2907,1,1.0,1,challenge_08_knn_cleaning_colab_ultra
2908,1,0.49961594,0,challenge_08_knn_cleaning_colab_ultra
2909,0,0.49751163,0,challenge_08_knn_cleaning_colab_ultra
2910,0,0.0,0,challenge_08_knn_cleaning_colab_ultra
2911,0,0.5027743,1,challenge_08_knn_cleaning_colab_ultra
2912,1,1.0,1,challenge_08_knn_cleaning_colab_ultra
2913,0,0.51723105,1,challenge_08_knn_cleaning_colab_ultra
2914,0,0.502485,1,challenge_08_knn_cleaning_colab_ultra
2915,1,1.0,1,challenge_08_knn_cleaning_colab_ultra
2916,1,1.0,1,challenge_08_knn_cleaning_colab_ultra
2917,0,0.0,0,challenge_08_knn_cleaning_colab_ultra
2918,1,1.0,1,challenge_08_knn_cleaning_colab_ultra
2919,0,0.0,0,challenge_08_knn_cleaning_colab_ultra
2920,1,1.0,1,challenge_08_knn_cleaning_colab_ultra
2921,1,0.49907795,0,challenge_08_knn_cleaning_colab_ultra
2922,0,0.0,0,challenge_08_knn_cleaning_colab_ultra
2923,0,0.5073873,1,challenge_08_knn_cleaning_colab_ultra
2924,1,1.0,1,challenge_08_knn_cleaning_colab_ultra
2925,1,1.0,1,challenge_08_knn_cleaning_colab_ultra
2926,1,0.50208896,1,challenge_08_knn_cleaning_colab_ultra
2927,0,0.0,0,challenge_08_knn_cleaning_colab_ultra
2928,0,0.49073294,0,challenge_08_knn_cleaning_colab_ultra
2929,1,1.0,1,challenge_08_knn_cleaning_colab_ultra
2930,1,1.0,1,challenge_08_knn_cleaning_colab_ultra
2931,1,1.0,1,challenge_08_knn_cleaning_colab_ultra
2932,0,0.0,0,challenge_08_knn_cleaning_colab_ultra
2933,0,1.0,1,challenge_08_knn_cleaning_colab_ultra
2934,0,0.53232366,1,challenge_08_knn_cleaning_colab_ultra
2935,0,0.0,0,challenge_08_knn_cleaning_colab_ultra
2936,1,1.0,1,challenge_08_knn_cleaning_colab_ultra
2937,0,0.49959788,0,challenge_08_knn_cleaning_colab_ultra
2938,0,1.0,1,challenge_08_knn_cleaning_colab_ultra
2939,0,0.49517968,0,challenge_08_knn_cleaning_colab_ultra
2940,0,0.0,0,challenge_08_knn_cleaning_colab_ultra
2941,0,0.5019606,1,challenge_08_knn_cleaning_colab_ultra
2942,0,0.0,0,challenge_08_knn_cleaning_colab_ultra
2943,1,0.507417,1,challenge_08_knn_cleaning_colab_ultra
2944,0,0.0,0,challenge_08_knn_cleaning_colab_ultra
2945,1,1.0,1,challenge_08_knn_cleaning_colab_ultra
2946,1,1.0,1,challenge_08_knn_cleaning_colab_ultra
2947,0,0.0,0,challenge_08_knn_cleaning_colab_ultra
2948,0,0.0,0,challenge_08_knn_cleaning_colab_ultra
2949,0,0.0,0,challenge_08_knn_cleaning_colab_ultra
2950,1,0.5151718,1,challenge_08_knn_cleaning_colab_ultra
2951,1,1.0,1,challenge_08_knn_cleaning_colab_ultra
2952,1,1.0,1,challenge_08_knn_cleaning_colab_ultra
2953,0,0.0,0,challenge_08_knn_cleaning_colab_ultra
2954,0,0.0,0,challenge_08_knn_cleaning_colab_ultra
2955,1,1.0,1,challenge_08_knn_cleaning_colab_ultra
2956,1,1.0,1,challenge_08_knn_cleaning_colab_ultra
2957,0,1.0,1,challenge_08_knn_cleaning_colab_ultra
2958,0,0.0,0,challenge_08_knn_cleaning_colab_ultra
2959,0,0.0,0,challenge_08_knn_cleaning_colab_ultra
2960,0,0.0,0,challenge_08_knn_cleaning_colab_ultra
2961,0,0.0,0,challenge_08_knn_cleaning_colab_ultra
2962,1,0.0,0,challenge_08_knn_cleaning_colab_ultra
2963,1,0.5006618,1,challenge_08_knn_cleaning_colab_ultra
2964,1,1.0,1,challenge_08_knn_cleaning_colab_ultra
2965,0,0.49059588,0,challenge_08_knn_cleaning_colab_ultra
2966,0,0.0,0,challenge_08_knn_cleaning_colab_ultra
2967,1,0.51418823,1,challenge_08_knn_cleaning_colab_ultra
2968,1,0.5425076,1,challenge_08_knn_cleaning_colab_ultra
2969,1,1.0,1,challenge_08_knn_cleaning_colab_ultra
2970,1,1.0,1,challenge_08_knn_cleaning_colab_ultra
2971,1,1.0,1,challenge_08_knn_cleaning_colab_ultra
2972,1,0.49971703,0,challenge_08_knn_cleaning_colab_ultra
2973,0,0.0,0,challenge_08_knn_cleaning_colab_ultra
2974,1,1.0,1,challenge_08_knn_cleaning_colab_ultra
2975,1,0.51693493,1,challenge_08_knn_cleaning_colab_ultra
2976,0,0.4794678,0,challenge_08_knn_cleaning_colab_ultra
2977,0,0.0,0,challenge_08_knn_cleaning_colab_ultra
2978,0,1.0,1,challenge_08_knn_cleaning_colab_ultra
2979,0,0.4721508,0,challenge_08_knn_cleaning_colab_ultra
2980,0,0.0,0,challenge_08_knn_cleaning_colab_ultra
2981,0,0.0,0,challenge_08_knn_cleaning_colab_ultra
2982,1,0.5162573,1,challenge_08_knn_cleaning_colab_ultra
2983,1,1.0,1,challenge_08_knn_cleaning_colab_ultra
2984,1,1.0,1,challenge_08_knn_cleaning_colab_ultra
2985,1,0.51980627,1,challenge_08_knn_cleaning_colab_ultra
2986,1,1.0,1,challenge_08_knn_cleaning_colab_ultra
2987,0,0.0,0,challenge_08_knn_cleaning_colab_ultra
2988,1,0.5175007,1,challenge_08_knn_cleaning_colab_ultra
2989,0,0.0,0,challenge_08_knn_cleaning_colab_ultra
2990,0,0.48258576,0,challenge_08_knn_cleaning_colab_ultra
2991,1,1.0,1,challenge_08_knn_cleaning_colab_ultra
2992,0,0.0,0,challenge_08_knn_cleaning_colab_ultra
2993,0,0.0,0,challenge_08_knn_cleaning_colab_ultra
2994,0,0.48966095,0,challenge_08_knn_cleaning_colab_ultra
2995,0,0.47034988,0,challenge_08_knn_cleaning_colab_ultra
2996,1,0.50010586,1,challenge_08_knn_cleaning_colab_ultra
2997,0,1.0,1,challenge_08_knn_cleaning_colab_ultra
2998,1,1.0,1,challenge_08_knn_cleaning_colab_ultra
2999,0,0.5102364,1,challenge_08_knn_cleaning_colab_ultra
3000,0,0.0,0,challenge_08_knn_cleaning_colab_ultra
3001,0,0.50164473,1,challenge_08_knn_cleaning_colab_ultra
3002,0,0.0,0,challenge_08_knn_cleaning_colab_ultra
3003,0,0.0,0,challenge_08_knn_cleaning_colab_ultra
3004,0,0.50930107,1,challenge_08_knn_cleaning_colab_ultra
3005,0,0.0,0,challenge_08_knn_cleaning_colab_ultra
3006,0,0.50765514,1,challenge_08_knn_cleaning_colab_ultra
3007,1,1.0,1,challenge_08_knn_cleaning_colab_ultra
3008,1,1.0,1,challenge_08_knn_cleaning_colab_ultra
3009,1,1.0,1,challenge_08_knn_cleaning_colab_ultra
3010,0,0.0,0,challenge_08_knn_cleaning_colab_ultra
3011,0,0.0,0,challenge_08_knn_cleaning_colab_ultra
3012,1,0.4769583,0,challenge_08_knn_cleaning_colab_ultra
3013,0,0.0,0,challenge_08_knn_cleaning_colab_ultra
3014,0,0.0,0,challenge_08_knn_cleaning_colab_ultra
3015,0,0.50162554,1,challenge_08_knn_cleaning_colab_ultra
3016,1,1.0,1,challenge_08_knn_cleaning_colab_ultra
3017,0,0.35555595,0,challenge_08_knn_cleaning_colab_ultra
3018,1,1.0,1,challenge_08_knn_cleaning_colab_ultra
3019,0,0.4983503,0,challenge_08_knn_cleaning_colab_ultra
3020,0,0.4886791,0,challenge_08_knn_cleaning_colab_ultra
3021,1,1.0,1,challenge_08_knn_cleaning_colab_ultra
3022,1,1.0,1,challenge_08_knn_cleaning_colab_ultra
3023,1,1.0,1,challenge_08_knn_cleaning_colab_ultra
3024,0,0.0,0,challenge_08_knn_cleaning_colab_ultra
3025,1,0.49837488,0,challenge_08_knn_cleaning_colab_ultra
3026,0,0.0,0,challenge_08_knn_cleaning_colab_ultra
3027,0,0.0,0,challenge_08_knn_cleaning_colab_ultra
3028,1,0.5028987,1,challenge_08_knn_cleaning_colab_ultra
3029,0,0.37406617,0,challenge_08_knn_cleaning_colab_ultra
3030,0,0.0,0,challenge_08_knn_cleaning_colab_ultra
3031,1,1.0,1,challenge_08_knn_cleaning_colab_ultra
3032,1,1.0,1,challenge_08_knn_cleaning_colab_ultra
3033,0,0.5002718,1,challenge_08_knn_cleaning_colab_ultra
3034,0,0.0,0,challenge_08_knn_cleaning_colab_ultra
3035,0,0.0,0,challenge_08_knn_cleaning_colab_ultra
3036,1,0.49705777,0,challenge_08_knn_cleaning_colab_ultra
3037,1,0.52219695,1,challenge_08_knn_cleaning_colab_ultra
3038,1,0.50371605,1,challenge_08_knn_cleaning_colab_ultra
3039,1,1.0,1,challenge_08_knn_cleaning_colab_ultra
3040,1,1.0,1,challenge_08_knn_cleaning_colab_ultra
3041,1,1.0,1,challenge_08_knn_cleaning_colab_ultra
3042,1,1.0,1,challenge_08_knn_cleaning_colab_ultra
3043,0,1.0,1,challenge_08_knn_cleaning_colab_ultra
3044,1,1.0,1,challenge_08_knn_cleaning_colab_ultra
3045,1,1.0,1,challenge_08_knn_cleaning_colab_ultra
3046,0,0.45963538,0,challenge_08_knn_cleaning_colab_ultra
3047,1,0.49330392,0,challenge_08_knn_cleaning_colab_ultra
3048,1,1.0,1,challenge_08_knn_cleaning_colab_ultra
3049,0,0.0,0,challenge_08_knn_cleaning_colab_ultra
3050,1,1.0,1,challenge_08_knn_cleaning_colab_ultra
3051,1,1.0,1,challenge_08_knn_cleaning_colab_ultra
3052,0,0.0,0,challenge_08_knn_cleaning_colab_ultra
3053,1,1.0,1,challenge_08_knn_cleaning_colab_ultra
3054,0,0.0,0,challenge_08_knn_cleaning_colab_ultra
3055,1,1.0,1,challenge_08_knn_cleaning_colab_ultra
3056,1,0.49851918,0,challenge_08_knn_cleaning_colab_ultra
3057,1,1.0,1,challenge_08_knn_cleaning_colab_ultra
3058,1,0.5192877,1,challenge_08_knn_cleaning_colab_ultra
3059,1,1.0,1,challenge_08_knn_cleaning_colab_ultra
3060,1,1.0,1,challenge_08_knn_cleaning_colab_ultra
3061,0,0.50257236,1,challenge_08_knn_cleaning_colab_ultra
3062,0,0.0,0,challenge_08_knn_cleaning_colab_ultra
3063,0,0.5028211,1,challenge_08_knn_cleaning_colab_ultra
3064,0,0.0,0,challenge_08_knn_cleaning_colab_ultra
3065,0,0.4079495,0,challenge_08_knn_cleaning_colab_ultra
3066,1,1.0,1,challenge_08_knn_cleaning_colab_ultra
3067,1,1.0,1,challenge_08_knn_cleaning_colab_ultra
3068,1,1.0,1,challenge_08_knn_cleaning_colab_ultra
3069,0,0.5010752,1,challenge_08_knn_cleaning_colab_ultra
3070,1,1.0,1,challenge_08_knn_cleaning_colab_ultra
3071,1,1.0,1,challenge_08_knn_cleaning_colab_ultra
3072,0,0.0,0,challenge_08_knn_cleaning_colab_ultra
3073,1,0.49005502,0,challenge_08_knn_cleaning_colab_ultra
3074,0,1.0,1,challenge_08_knn_cleaning_colab_ultra
3075,0,0.5036939,1,challenge_08_knn_cleaning_colab_ultra
3076,0,0.0,0,challenge_08_knn_cleaning_colab_ultra
3077,0,0.0,0,challenge_08_knn_cleaning_colab_ultra
3078,1,1.0,1,challenge_08_knn_cleaning_colab_ultra
3079,1,0.5109032,1,challenge_08_knn_cleaning_colab_ultra
3080,0,1.0,1,challenge_08_knn_cleaning_colab_ultra
3081,1,1.0,1,challenge_08_knn_cleaning_colab_ultra
3082,0,0.5051364,1,challenge_08_knn_cleaning_colab_ultra
3083,1,1.0,1,challenge_08_knn_cleaning_colab_ultra
3084,1,0.4998412,0,challenge_08_knn_cleaning_colab_ultra
3085,0,0.49984905,0,challenge_08_knn_cleaning_colab_ultra
3086,1,0.49379143,0,challenge_08_knn_cleaning_colab_ultra
3087,0,0.0,0,challenge_08_knn_cleaning_colab_ultra
3088,0,0.5155787,1,challenge_08_knn_cleaning_colab_ultra
3089,0,0.0,0,challenge_08_knn_cleaning_colab_ultra
3090,1,0.0,0,challenge_08_knn_cleaning_colab_ultra
3091,0,0.0,0,challenge_08_knn_cleaning_colab_ultra
3092,0,0.49105212,0,challenge_08_knn_cleaning_colab_ultra
3093,0,0.0,0,challenge_08_knn_cleaning_colab_ultra
3094,0,0.0,0,challenge_08_knn_cleaning_colab_ultra
3095,0,0.0,0,challenge_08_knn_cleaning_colab_ultra
3096,0,0.48743927,0,challenge_08_knn_cleaning_colab_ultra
3097,0,0.0,0,challenge_08_knn_cleaning_colab_ultra
3098,0,0.50284964,1,challenge_08_knn_cleaning_colab_ultra
3099,1,1.0,1,challenge_08_knn_cleaning_colab_ultra
3100,0,0.0,0,challenge_08_knn_cleaning_colab_ultra
3101,0,0.0,0,challenge_08_knn_cleaning_colab_ultra
3102,1,1.0,1,challenge_08_knn_cleaning_colab_ultra
3103,1,0.49694735,0,challenge_08_knn_cleaning_colab_ultra
3104,0,0.43372136,0,challenge_08_knn_cleaning_colab_ultra
3105,0,1.0,1,challenge_08_knn_cleaning_colab_ultra
3106,0,1.0,1,challenge_08_knn_cleaning_colab_ultra
3107,1,1.0,1,challenge_08_knn_cleaning_colab_ultra
3108,0,0.0,0,challenge_08_knn_cleaning_colab_ultra
3109,1,1.0,1,challenge_08_knn_cleaning_colab_ultra
3110,0,0.0,0,challenge_08_knn_cleaning_colab_ultra
3111,1,1.0,1,challenge_08_knn_cleaning_colab_ultra
3112,1,1.0,1,challenge_08_knn_cleaning_colab_ultra
3113,0,1.0,1,challenge_08_knn_cleaning_colab_ultra
3114,0,0.4677511,0,challenge_08_knn_cleaning_colab_ultra
3115,1,0.4879268,0,challenge_08_knn_cleaning_colab_ultra
3116,1,1.0,1,challenge_08_knn_cleaning_colab_ultra
3117,0,0.0,0,challenge_08_knn_cleaning_colab_ultra
3118,0,0.0,0,challenge_08_knn_cleaning_colab_ultra
3119,0,1.0,1,challenge_08_knn_cleaning_colab_ultra
3120,0,0.0,0,challenge_08_knn_cleaning_colab_ultra
3121,1,1.0,1,challenge_08_knn_cleaning_colab_ultra
3122,1,1.0,1,challenge_08_knn_cleaning_colab_ultra
3123,0,0.4452202,0,challenge_08_knn_cleaning_colab_ultra
3124,1,1.0,1,challenge_08_knn_cleaning_colab_ultra
3125,0,1.0,1,challenge_08_knn_cleaning_colab_ultra
3126,1,1.0,1,challenge_08_knn_cleaning_colab_ultra
3127,1,1.0,1,challenge_08_knn_cleaning_colab_ultra
3128,0,0.0,0,challenge_08_knn_cleaning_colab_ultra
3129,0,0.0,0,challenge_08_knn_cleaning_colab_ultra
3130,0,0.0,0,challenge_08_knn_cleaning_colab_ultra
3131,1,0.50400186,1,challenge_08_knn_cleaning_colab_ultra
3132,1,1.0,1,challenge_08_knn_cleaning_colab_ultra
3133,0,1.0,1,challenge_08_knn_cleaning_colab_ultra
3134,0,0.49265578,0,challenge_08_knn_cleaning_colab_ultra
3135,1,1.0,1,challenge_08_knn_cleaning_colab_ultra
3136,0,0.0,0,challenge_08_knn_cleaning_colab_ultra
3137,1,1.0,1,challenge_08_knn_cleaning_colab_ultra
3138,1,0.49930874,0,challenge_08_knn_cleaning_colab_ultra
3139,1,0.5275872,1,challenge_08_knn_cleaning_colab_ultra
3140,0,0.0,0,challenge_08_knn_cleaning_colab_ultra
3141,1,0.0,0,challenge_08_knn_cleaning_colab_ultra
3142,1,1.0,1,challenge_08_knn_cleaning_colab_ultra
3143,1,0.49185923,0,challenge_08_knn_cleaning_colab_ultra
3144,0,0.0,0,challenge_08_knn_cleaning_colab_ultra
3145,1,1.0,1,challenge_08_knn_cleaning_colab_ultra
3146,0,0.50934726,1,challenge_08_knn_cleaning_colab_ultra
3147,0,0.0,0,challenge_08_knn_cleaning_colab_ultra
3148,0,0.0,0,challenge_08_knn_cleaning_colab_ultra
3149,1,0.49310738,0,challenge_08_knn_cleaning_colab_ultra
3150,0,0.0,0,challenge_08_knn_cleaning_colab_ultra
3151,0,0.0,0,challenge_08_knn_cleaning_colab_ultra
3152,1,1.0,1,challenge_08_knn_cleaning_colab_ultra
3153,0,0.41447225,0,challenge_08_knn_cleaning_colab_ultra
3154,1,1.0,1,challenge_08_knn_cleaning_colab_ultra
3155,1,1.0,1,challenge_08_knn_cleaning_colab_ultra
3156,1,1.0,1,challenge_08_knn_cleaning_colab_ultra
3157,1,0.5011662,1,challenge_08_knn_cleaning_colab_ultra
3158,0,0.43250766,0,challenge_08_knn_cleaning_colab_ultra
3159,0,0.0,0,challenge_08_knn_cleaning_colab_ultra
3160,1,1.0,1,challenge_08_knn_cleaning_colab_ultra
3161,0,0.0,0,challenge_08_knn_cleaning_colab_ultra
3162,0,0.53460747,1,challenge_08_knn_cleaning_colab_ultra
3163,1,1.0,1,challenge_08_knn_cleaning_colab_ultra
3164,0,0.49414334,0,challenge_08_knn_cleaning_colab_ultra
3165,0,0.0,0,challenge_08_knn_cleaning_colab_ultra
3166,1,1.0,1,challenge_08_knn_cleaning_colab_ultra
3167,1,1.0,1,challenge_08_knn_cleaning_colab_ultra
3168,0,0.50502336,1,challenge_08_knn_cleaning_colab_ultra
3169,1,1.0,1,challenge_08_knn_cleaning_colab_ultra
3170,1,0.49829865,0,challenge_08_knn_cleaning_colab_ultra
3171,0,0.0,0,challenge_08_knn_cleaning_colab_ultra
3172,0,0.50477237,1,challenge_08_knn_cleaning_colab_ultra
3173,1,1.0,1,challenge_08_knn_cleaning_colab_ultra
3174,0,0.0,0,challenge_08_knn_cleaning_colab_ultra
3175,0,0.50293773,1,challenge_08_knn_cleaning_colab_ultra
3176,0,1.0,1,challenge_08_knn_cleaning_colab_ultra
3177,1,1.0,1,challenge_08_knn_cleaning_colab_ultra
3178,0,0.0,0,challenge_08_knn_cleaning_colab_ultra
3179,0,0.0,0,challenge_08_knn_cleaning_colab_ultra
3180,0,0.5052681,1,challenge_08_knn_cleaning_colab_ultra
3181,1,1.0,1,challenge_08_knn_cleaning_colab_ultra
3182,1,1.0,1,challenge_08_knn_cleaning_colab_ultra
3183,1,1.0,1,challenge_08_knn_cleaning_colab_ultra
3184,1,1.0,1,challenge_08_knn_cleaning_colab_ultra
3185,1,1.0,1,challenge_08_knn_cleaning_colab_ultra
3186,0,0.0,0,challenge_08_knn_cleaning_colab_ultra
3187,0,0.0,0,challenge_08_knn_cleaning_colab_ultra
3188,1,1.0,1,challenge_08_knn_cleaning_colab_ultra
3189,0,0.0,0,challenge_08_knn_cleaning_colab_ultra
3190,0,0.0,0,challenge_08_knn_cleaning_colab_ultra
3191,1,1.0,1,challenge_08_knn_cleaning_colab_ultra
3192,1,0.5108609,1,challenge_08_knn_cleaning_colab_ultra
3193,1,0.61384135,1,challenge_08_knn_cleaning_colab_ultra
3194,1,1.0,1,challenge_08_knn_cleaning_colab_ultra
3195,1,1.0,1,challenge_08_knn_cleaning_colab_ultra
3196,0,0.4836073,0,challenge_08_knn_cleaning_colab_ultra
3197,1,0.4774656,0,challenge_08_knn_cleaning_colab_ultra
3198,1,0.49319482,0,challenge_08_knn_cleaning_colab_ultra
3199,0,0.5437987,1,challenge_08_knn_cleaning_colab_ultra
3200,1,0.50421983,1,challenge_08_knn_cleaning_colab_ultra
3201,0,0.46197337,0,challenge_08_knn_cleaning_colab_ultra
3202,1,1.0,1,challenge_08_knn_cleaning_colab_ultra
3203,1,1.0,1,challenge_08_knn_cleaning_colab_ultra
3204,1,0.48831287,0,challenge_08_knn_cleaning_colab_ultra
3205,1,1.0,1,challenge_08_knn_cleaning_colab_ultra
3206,1,0.5033101,1,challenge_08_knn_cleaning_colab_ultra
3207,0,0.48313275,0,challenge_08_knn_cleaning_colab_ultra
3208,1,1.0,1,challenge_08_knn_cleaning_colab_ultra
3209,1,1.0,1,challenge_08_knn_cleaning_colab_ultra
3210,0,0.5033882,1,challenge_08_knn_cleaning_colab_ultra
3211,1,1.0,1,challenge_08_knn_cleaning_colab_ultra
3212,1,0.5094884,1,challenge_08_knn_cleaning_colab_ultra
3213,1,0.49935752,0,challenge_08_knn_cleaning_colab_ultra
3214,0,0.41585362,0,challenge_08_knn_cleaning_colab_ultra
3215,1,1.0,1,challenge_08_knn_cleaning_colab_ultra
3216,1,1.0,1,challenge_08_knn_cleaning_colab_ultra
3217,0,0.0,0,challenge_08_knn_cleaning_colab_ultra
3218,0,0.0,0,challenge_08_knn_cleaning_colab_ultra
3219,1,1.0,1,challenge_08_knn_cleaning_colab_ultra
3220,1,1.0,1,challenge_08_knn_cleaning_colab_ultra
3221,0,0.0,0,challenge_08_knn_cleaning_colab_ultra
3222,0,0.48420215,0,challenge_08_knn_cleaning_colab_ultra
3223,0,0.0,0,challenge_08_knn_cleaning_colab_ultra
3224,1,1.0,1,challenge_08_knn_cleaning_colab_ultra
3225,1,1.0,1,challenge_08_knn_cleaning_colab_ultra
3226,1,1.0,1,challenge_08_knn_cleaning_colab_ultra
3227,0,0.0,0,challenge_08_knn_cleaning_colab_ultra
3228,1,0.4968025,0,challenge_08_knn_cleaning_colab_ultra
3229,0,0.0,0,challenge_08_knn_cleaning_colab_ultra
3230,0,0.49174568,0,challenge_08_knn_cleaning_colab_ultra
3231,1,1.0,1,challenge_08_knn_cleaning_colab_ultra
3232,1,0.49896994,0,challenge_08_knn_cleaning_colab_ultra
3233,1,0.4939551,0,challenge_08_knn_cleaning_colab_ultra
3234,1,1.0,1,challenge_08_knn_cleaning_colab_ultra
3235,1,1.0,1,challenge_08_knn_cleaning_colab_ultra
3236,0,0.0,0,challenge_08_knn_cleaning_colab_ultra
3237,0,0.49860355,0,challenge_08_knn_cleaning_colab_ultra
3238,1,0.52574944,1,challenge_08_knn_cleaning_colab_ultra
3239,1,0.0,0,challenge_08_knn_cleaning_colab_ultra
3240,1,0.6788263,1,challenge_08_knn_cleaning_colab_ultra
3241,1,1.0,1,challenge_08_knn_cleaning_colab_ultra
3242,1,1.0,1,challenge_08_knn_cleaning_colab_ultra
3243,0,0.0,0,challenge_08_knn_cleaning_colab_ultra
3244,0,0.0,0,challenge_08_knn_cleaning_colab_ultra
3245,1,1.0,1,challenge_08_knn_cleaning_colab_ultra
3246,0,1.0,1,challenge_08_knn_cleaning_colab_ultra
3247,1,1.0,1,challenge_08_knn_cleaning_colab_ultra
3248,0,1.0,1,challenge_08_knn_cleaning_colab_ultra
3249,1,1.0,1,challenge_08_knn_cleaning_colab_ultra
3250,0,0.0,0,challenge_08_knn_cleaning_colab_ultra
3251,1,1.0,1,challenge_08_knn_cleaning_colab_ultra
3252,1,0.4652593,0,challenge_08_knn_cleaning_colab_ultra
3253,1,1.0,1,challenge_08_knn_cleaning_colab_ultra
3254,1,1.0,1,challenge_08_knn_cleaning_colab_ultra
3255,0,0.0,0,challenge_08_knn_cleaning_colab_ultra
3256,1,1.0,1,challenge_08_knn_cleaning_colab_ultra
3257,0,0.0,0,challenge_08_knn_cleaning_colab_ultra
3258,0,0.0,0,challenge_08_knn_cleaning_colab_ultra
3259,0,0.0,0,challenge_08_knn_cleaning_colab_ultra
3260,0,0.4956635,0,challenge_08_knn_cleaning_colab_ultra
3261,0,0.0,0,challenge_08_knn_cleaning_colab_ultra
3262,0,0.4998792,0,challenge_08_knn_cleaning_colab_ultra
3263,0,0.0,0,challenge_08_knn_cleaning_colab_ultra
3264,0,0.0,0,challenge_08_knn_cleaning_colab_ultra
3265,1,1.0,1,challenge_08_knn_cleaning_colab_ultra
3266,0,0.4803792,0,challenge_08_knn_cleaning_colab_ultra
3267,1,1.0,1,challenge_08_knn_cleaning_colab_ultra
3268,0,0.49629685,0,challenge_08_knn_cleaning_colab_ultra
3269,1,0.50381374,1,challenge_08_knn_cleaning_colab_ultra
3270,1,1.0,1,challenge_08_knn_cleaning_colab_ultra
3271,1,1.0,1,challenge_08_knn_cleaning_colab_ultra
3272,1,1.0,1,challenge_08_knn_cleaning_colab_ultra
3273,0,0.0,0,challenge_08_knn_cleaning_colab_ultra
3274,1,0.49813718,0,challenge_08_knn_cleaning_colab_ultra
3275,0,0.49842986,0,challenge_08_knn_cleaning_colab_ultra
3276,0,0.0,0,challenge_08_knn_cleaning_colab_ultra
3277,1,1.0,1,challenge_08_knn_cleaning_colab_ultra
3278,1,1.0,1,challenge_08_knn_cleaning_colab_ultra
3279,0,1.0,1,challenge_08_knn_cleaning_colab_ultra
3280,1,1.0,1,challenge_08_knn_cleaning_colab_ultra
3281,1,0.50091225,1,challenge_08_knn_cleaning_colab_ultra
3282,1,1.0,1,challenge_08_knn_cleaning_colab_ultra
3283,1,1.0,1,challenge_08_knn_cleaning_colab_ultra
3284,0,0.0,0,challenge_08_knn_cleaning_colab_ultra
3285,1,0.5285821,1,challenge_08_knn_cleaning_colab_ultra
3286,1,1.0,1,challenge_08_knn_cleaning_colab_ultra
3287,1,1.0,1,challenge_08_knn_cleaning_colab_ultra
3288,1,1.0,1,challenge_08_knn_cleaning_colab_ultra
3289,1,1.0,1,challenge_08_knn_cleaning_colab_ultra
3290,1,0.0,0,challenge_08_knn_cleaning_colab_ultra
3291,0,0.0,0,challenge_08_knn_cleaning_colab_ultra
3292,0,0.0,0,challenge_08_knn_cleaning_colab_ultra
3293,0,0.0,0,challenge_08_knn_cleaning_colab_ultra
3294,1,1.0,1,challenge_08_knn_cleaning_colab_ultra
3295,0,0.45486552,0,challenge_08_knn_cleaning_colab_ultra
3296,1,0.49440998,0,challenge_08_knn_cleaning_colab_ultra
3297,0,0.49202523,0,challenge_08_knn_cleaning_colab_ultra
3298,1,1.0,1,challenge_08_knn_cleaning_colab_ultra
3299,0,0.35859326,0,challenge_08_knn_cleaning_colab_ultra
3300,0,0.5040217,1,challenge_08_knn_cleaning_colab_ultra
3301,1,0.49615553,0,challenge_08_knn_cleaning_colab_ultra
3302,1,1.0,1,challenge_08_knn_cleaning_colab_ultra
3303,0,0.0,0,challenge_08_knn_cleaning_colab_ultra
3304,0,0.0,0,challenge_08_knn_cleaning_colab_ultra
3305,0,0.5052955,1,challenge_08_knn_cleaning_colab_ultra
3306,0,0.49093524,0,challenge_08_knn_cleaning_colab_ultra
3307,0,0.0,0,challenge_08_knn_cleaning_colab_ultra
3308,1,0.5005703,1,challenge_08_knn_cleaning_colab_ultra
3309,1,1.0,1,challenge_08_knn_cleaning_colab_ultra
3310,0,0.5042959,1,challenge_08_knn_cleaning_colab_ultra
3311,1,1.0,1,challenge_08_knn_cleaning_colab_ultra
3312,0,0.46105173,0,challenge_08_knn_cleaning_colab_ultra
3313,1,0.5186585,1,challenge_08_knn_cleaning_colab_ultra
3314,0,0.0,0,challenge_08_knn_cleaning_colab_ultra
3315,1,1.0,1,challenge_08_knn_cleaning_colab_ultra
3316,0,0.5006707,1,challenge_08_knn_cleaning_colab_ultra
3317,0,0.0,0,challenge_08_knn_cleaning_colab_ultra
3318,0,0.5085232,1,challenge_08_knn_cleaning_colab_ultra
3319,1,1.0,1,challenge_08_knn_cleaning_colab_ultra
3320,0,0.4798697,0,challenge_08_knn_cleaning_colab_ultra
3321,1,0.4962656,0,challenge_08_knn_cleaning_colab_ultra
3322,1,1.0,1,challenge_08_knn_cleaning_colab_ultra
3323,1,0.50051415,1,challenge_08_knn_cleaning_colab_ultra
3324,0,0.0,0,challenge_08_knn_cleaning_colab_ultra
3325,0,0.0,0,challenge_08_knn_cleaning_colab_ultra
3326,1,0.52906597,1,challenge_08_knn_cleaning_colab_ultra
3327,0,0.0,0,challenge_08_knn_cleaning_colab_ultra
3328,0,1.0,1,challenge_08_knn_cleaning_colab_ultra
3329,1,1.0,1,challenge_08_knn_cleaning_colab_ultra
3330,1,0.55775416,1,challenge_08_knn_cleaning_colab_ultra
3331,0,1.0,1,challenge_08_knn_cleaning_colab_ultra
3332,0,0.0,0,challenge_08_knn_cleaning_colab_ultra
3333,1,0.50257653,1,challenge_08_knn_cleaning_colab_ultra
3334,0,0.0,0,challenge_08_knn_cleaning_colab_ultra
3335,1,1.0,1,challenge_08_knn_cleaning_colab_ultra
3336,0,0.0,0,challenge_08_knn_cleaning_colab_ultra
3337,0,0.50698423,1,challenge_08_knn_cleaning_colab_ultra
3338,1,0.48657003,0,challenge_08_knn_cleaning_colab_ultra
3339,0,0.0,0,challenge_08_knn_cleaning_colab_ultra
3340,0,0.4953747,0,challenge_08_knn_cleaning_colab_ultra
3341,0,0.0,0,challenge_08_knn_cleaning_colab_ultra
3342,0,0.0,0,challenge_08_knn_cleaning_colab_ultra
3343,1,0.50542974,1,challenge_08_knn_cleaning_colab_ultra
3344,0,1.0,1,challenge_08_knn_cleaning_colab_ultra
3345,1,1.0,1,challenge_08_knn_cleaning_colab_ultra
3346,1,1.0,1,challenge_08_knn_cleaning_colab_ultra
3347,0,0.0,0,challenge_08_knn_cleaning_colab_ultra
3348,1,1.0,1,challenge_08_knn_cleaning_colab_ultra
3349,0,0.0,0,challenge_08_knn_cleaning_colab_ultra
3350,0,0.4619895,0,challenge_08_knn_cleaning_colab_ultra
3351,0,0.0,0,challenge_08_knn_cleaning_colab_ultra
3352,0,0.0,0,challenge_08_knn_cleaning_colab_ultra
3353,0,0.0,0,challenge_08_knn_cleaning_colab_ultra
3354,1,1.0,1,challenge_08_knn_cleaning_colab_ultra
3355,1,1.0,1,challenge_08_knn_cleaning_colab_ultra
3356,0,0.0,0,challenge_08_knn_cleaning_colab_ultra
3357,1,1.0,1,challenge_08_knn_cleaning_colab_ultra
3358,1,0.51282835,1,challenge_08_knn_cleaning_colab_ultra
3359,1,1.0,1,challenge_08_knn_cleaning_colab_ultra
3360,0,0.46797404,0,challenge_08_knn_cleaning_colab_ultra
3361,1,0.0,0,challenge_08_knn_cleaning_colab_ultra
3362,0,0.40498966,0,challenge_08_knn_cleaning_colab_ultra
3363,1,1.0,1,challenge_08_knn_cleaning_colab_ultra
3364,1,1.0,1,challenge_08_knn_cleaning_colab_ultra
3365,1,0.0,0,challenge_08_knn_cleaning_colab_ultra
3366,0,0.0,0,challenge_08_knn_cleaning_colab_ultra
3367,1,1.0,1,challenge_08_knn_cleaning_colab_ultra
3368,1,1.0,1,challenge_08_knn_cleaning_colab_ultra
3369,0,0.0,0,challenge_08_knn_cleaning_colab_ultra
3370,1,1.0,1,challenge_08_knn_cleaning_colab_ultra
3371,0,0.0,0,challenge_08_knn_cleaning_colab_ultra
3372,0,0.0,0,challenge_08_knn_cleaning_colab_ultra
3373,0,0.0,0,challenge_08_knn_cleaning_colab_ultra
3374,0,0.50867814,1,challenge_08_knn_cleaning_colab_ultra
3375,0,0.0,0,challenge_08_knn_cleaning_colab_ultra
3376,1,0.0,0,challenge_08_knn_cleaning_colab_ultra
3377,1,1.0,1,challenge_08_knn_cleaning_colab_ultra
3378,1,1.0,1,challenge_08_knn_cleaning_colab_ultra
3379,0,0.50129527,1,challenge_08_knn_cleaning_colab_ultra
3380,0,0.0,0,challenge_08_knn_cleaning_colab_ultra
3381,1,1.0,1,challenge_08_knn_cleaning_colab_ultra
3382,0,1.0,1,challenge_08_knn_cleaning_colab_ultra
3383,0,0.0,0,challenge_08_knn_cleaning_colab_ultra
3384,1,1.0,1,challenge_08_knn_cleaning_colab_ultra
3385,0,0.49372673,0,challenge_08_knn_cleaning_colab_ultra
3386,0,0.4962546,0,challenge_08_knn_cleaning_colab_ultra
3387,0,0.52255446,1,challenge_08_knn_cleaning_colab_ultra
3388,0,0.5140542,1,challenge_08_knn_cleaning_colab_ultra
3389,0,0.43915212,0,challenge_08_knn_cleaning_colab_ultra
3390,1,1.0,1,challenge_08_knn_cleaning_colab_ultra
3391,0,0.0,0,challenge_08_knn_cleaning_colab_ultra
3392,0,0.0,0,challenge_08_knn_cleaning_colab_ultra
3393,0,1.0,1,challenge_08_knn_cleaning_colab_ultra
3394,1,1.0,1,challenge_08_knn_cleaning_colab_ultra
3395,1,1.0,1,challenge_08_knn_cleaning_colab_ultra
3396,0,0.49615717,0,challenge_08_knn_cleaning_colab_ultra
3397,1,1.0,1,challenge_08_knn_cleaning_colab_ultra
3398,0,0.0,0,challenge_08_knn_cleaning_colab_ultra
3399,1,1.0,1,challenge_08_knn_cleaning_colab_ultra
3400,0,1.0,1,challenge_08_knn_cleaning_colab_ultra
3401,1,0.500156,1,challenge_08_knn_cleaning_colab_ultra
3402,0,0.47504145,0,challenge_08_knn_cleaning_colab_ultra
3403,1,0.49980703,0,challenge_08_knn_cleaning_colab_ultra
3404,1,1.0,1,challenge_08_knn_cleaning_colab_ultra
3405,0,0.0,0,challenge_08_knn_cleaning_colab_ultra
3406,0,0.0,0,challenge_08_knn_cleaning_colab_ultra
3407,0,0.504192,1,challenge_08_knn_cleaning_colab_ultra
3408,0,0.46233165,0,challenge_08_knn_cleaning_colab_ultra
3409,1,1.0,1,challenge_08_knn_cleaning_colab_ultra
3410,0,0.0,0,challenge_08_knn_cleaning_colab_ultra
3411,1,1.0,1,challenge_08_knn_cleaning_colab_ultra
3412,0,0.0,0,challenge_08_knn_cleaning_colab_ultra
3413,1,1.0,1,challenge_08_knn_cleaning_colab_ultra
3414,1,1.0,1,challenge_08_knn_cleaning_colab_ultra
3415,1,1.0,1,challenge_08_knn_cleaning_colab_ultra
3416,0,0.0,0,challenge_08_knn_cleaning_colab_ultra
3417,0,0.0,0,challenge_08_knn_cleaning_colab_ultra
3418,0,1.0,1,challenge_08_knn_cleaning_colab_ultra
3419,0,0.0,0,challenge_08_knn_cleaning_colab_ultra
3420,0,0.0,0,challenge_08_knn_cleaning_colab_ultra
3421,1,1.0,1,challenge_08_knn_cleaning_colab_ultra
3422,1,1.0,1,challenge_08_knn_cleaning_colab_ultra
3423,0,1.0,1,challenge_08_knn_cleaning_colab_ultra
3424,1,1.0,1,challenge_08_knn_cleaning_colab_ultra
3425,0,0.0,0,challenge_08_knn_cleaning_colab_ultra
3426,0,0.0,0,challenge_08_knn_cleaning_colab_ultra
3427,0,0.0,0,challenge_08_knn_cleaning_colab_ultra
3428,1,0.49139646,0,challenge_08_knn_cleaning_colab_ultra
3429,1,0.501889,1,challenge_08_knn_cleaning_colab_ultra
3430,0,0.48170435,0,challenge_08_knn_cleaning_colab_ultra
3431,0,0.5006306,1,challenge_08_knn_cleaning_colab_ultra
3432,0,0.40591523,0,challenge_08_knn_cleaning_colab_ultra
3433,0,0.0,0,challenge_08_knn_cleaning_colab_ultra
3434,0,0.48017207,0,challenge_08_knn_cleaning_colab_ultra
3435,0,0.4947184,0,challenge_08_knn_cleaning_colab_ultra
3436,0,1.0,1,challenge_08_knn_cleaning_colab_ultra
3437,0,0.0,0,challenge_08_knn_cleaning_colab_ultra
3438,1,1.0,1,challenge_08_knn_cleaning_colab_ultra
3439,0,0.0,0,challenge_08_knn_cleaning_colab_ultra
3440,1,1.0,1,challenge_08_knn_cleaning_colab_ultra
3441,0,1.0,1,challenge_08_knn_cleaning_colab_ultra
3442,0,1.0,1,challenge_08_knn_cleaning_colab_ultra
3443,0,0.0,0,challenge_08_knn_cleaning_colab_ultra
3444,1,1.0,1,challenge_08_knn_cleaning_colab_ultra
3445,0,0.0,0,challenge_08_knn_cleaning_colab_ultra
3446,1,1.0,1,challenge_08_knn_cleaning_colab_ultra
3447,1,1.0,1,challenge_08_knn_cleaning_colab_ultra
3448,1,1.0,1,challenge_08_knn_cleaning_colab_ultra
3449,0,0.0,0,challenge_08_knn_cleaning_colab_ultra
3450,0,0.0,0,challenge_08_knn_cleaning_colab_ultra
3451,0,0.0,0,challenge_08_knn_cleaning_colab_ultra
3452,1,1.0,1,challenge_08_knn_cleaning_colab_ultra
3453,1,0.50939786,1,challenge_08_knn_cleaning_colab_ultra
3454,1,0.4987705,0,challenge_08_knn_cleaning_colab_ultra
3455,1,1.0,1,challenge_08_knn_cleaning_colab_ultra
3456,0,1.0,1,challenge_08_knn_cleaning_colab_ultra
3457,1,1.0,1,challenge_08_knn_cleaning_colab_ultra
3458,1,1.0,1,challenge_08_knn_cleaning_colab_ultra
3459,0,0.0,0,challenge_08_knn_cleaning_colab_ultra
3460,1,0.0,0,challenge_08_knn_cleaning_colab_ultra
3461,1,1.0,1,challenge_08_knn_cleaning_colab_ultra
3462,0,0.5071106,1,challenge_08_knn_cleaning_colab_ultra
3463,1,1.0,1,challenge_08_knn_cleaning_colab_ultra
3464,1,0.4944445,0,challenge_08_knn_cleaning_colab_ultra
3465,0,0.49609038,0,challenge_08_knn_cleaning_colab_ultra
3466,1,0.4822191,0,challenge_08_knn_cleaning_colab_ultra
3467,1,1.0,1,challenge_08_knn_cleaning_colab_ultra
3468,1,1.0,1,challenge_08_knn_cleaning_colab_ultra
3469,0,0.0,0,challenge_08_knn_cleaning_colab_ultra
3470,1,1.0,1,challenge_08_knn_cleaning_colab_ultra
3471,0,0.0,0,challenge_08_knn_cleaning_colab_ultra
3472,0,0.50131774,1,challenge_08_knn_cleaning_colab_ultra
3473,1,1.0,1,challenge_08_knn_cleaning_colab_ultra
3474,0,0.496522,0,challenge_08_knn_cleaning_colab_ultra
3475,1,1.0,1,challenge_08_knn_cleaning_colab_ultra
3476,1,1.0,1,challenge_08_knn_cleaning_colab_ultra
3477,0,0.0,0,challenge_08_knn_cleaning_colab_ultra
3478,0,0.0,0,challenge_08_knn_cleaning_colab_ultra
3479,1,1.0,1,challenge_08_knn_cleaning_colab_ultra
3480,0,0.0,0,challenge_08_knn_cleaning_colab_ultra
3481,0,0.5134003,1,challenge_08_knn_cleaning_colab_ultra
3482,1,1.0,1,challenge_08_knn_cleaning_colab_ultra
3483,0,0.0,0,challenge_08_knn_cleaning_colab_ultra
3484,1,0.5005847,1,challenge_08_knn_cleaning_colab_ultra
3485,1,1.0,1,challenge_08_knn_cleaning_colab_ultra
3486,0,0.0,0,challenge_08_knn_cleaning_colab_ultra
3487,0,0.4998254,0,challenge_08_knn_cleaning_colab_ultra
3488,0,0.0,0,challenge_08_knn_cleaning_colab_ultra
3489,0,0.50778764,1,challenge_08_knn_cleaning_colab_ultra
3490,1,1.0,1,challenge_08_knn_cleaning_colab_ultra
3491,1,0.5176133,1,challenge_08_knn_cleaning_colab_ultra
3492,1,0.0,0,challenge_08_knn_cleaning_colab_ultra
3493,1,1.0,1,challenge_08_knn_cleaning_colab_ultra
3494,0,0.0,0,challenge_08_knn_cleaning_colab_ultra
3495,0,0.0,0,challenge_08_knn_cleaning_colab_ultra
3496,1,0.49771747,0,challenge_08_knn_cleaning_colab_ultra
3497,0,0.0,0,challenge_08_knn_cleaning_colab_ultra
3498,1,0.5528743,1,challenge_08_knn_cleaning_colab_ultra
3499,0,0.48419738,0,challenge_08_knn_cleaning_colab_ultra
3500,0,0.0,0,challenge_08_knn_cleaning_colab_ultra
3501,0,0.0,0,challenge_08_knn_cleaning_colab_ultra
3502,0,0.50270754,1,challenge_08_knn_cleaning_colab_ultra
3503,0,0.4676715,0,challenge_08_knn_cleaning_colab_ultra
3504,1,0.5010232,1,challenge_08_knn_cleaning_colab_ultra
3505,0,0.0,0,challenge_08_knn_cleaning_colab_ultra
3506,1,0.0,0,challenge_08_knn_cleaning_colab_ultra
3507,1,1.0,1,challenge_08_knn_cleaning_colab_ultra
3508,1,0.5152687,1,challenge_08_knn_cleaning_colab_ultra
3509,1,1.0,1,challenge_08_knn_cleaning_colab_ultra
3510,1,0.5494001,1,challenge_08_knn_cleaning_colab_ultra
3511,1,1.0,1,challenge_08_knn_cleaning_colab_ultra
3512,1,0.50026214,1,challenge_08_knn_cleaning_colab_ultra
3513,1,1.0,1,challenge_08_knn_cleaning_colab_ultra
3514,0,0.5032925,1,challenge_08_knn_cleaning_colab_ultra
3515,1,1.0,1,challenge_08_knn_cleaning_colab_ultra
3516,1,1.0,1,challenge_08_knn_cleaning_colab_ultra
3517,1,1.0,1,challenge_08_knn_cleaning_colab_ultra
3518,0,0.0,0,challenge_08_knn_cleaning_colab_ultra
3519,0,1.0,1,challenge_08_knn_cleaning_colab_ultra
3520,1,1.0,1,challenge_08_knn_cleaning_colab_ultra
3521,1,1.0,1,challenge_08_knn_cleaning_colab_ultra
3522,0,0.0,0,challenge_08_knn_cleaning_colab_ultra
3523,1,1.0,1,challenge_08_knn_cleaning_colab_ultra
3524,1,0.5005159,1,challenge_08_knn_cleaning_colab_ultra
3525,1,1.0,1,challenge_08_knn_cleaning_colab_ultra
3526,0,0.49104333,0,challenge_08_knn_cleaning_colab_ultra
3527,0,0.0,0,challenge_08_knn_cleaning_colab_ultra
3528,0,0.492228,0,challenge_08_knn_cleaning_colab_ultra
3529,0,0.48839748,0,challenge_08_knn_cleaning_colab_ultra
3530,0,0.0,0,challenge_08_knn_cleaning_colab_ultra
3531,0,0.0,0,challenge_08_knn_cleaning_colab_ultra
3532,1,0.49720874,0,challenge_08_knn_cleaning_colab_ultra
3533,1,1.0,1,challenge_08_knn_cleaning_colab_ultra
3534,0,0.0,0,challenge_08_knn_cleaning_colab_ultra
3535,0,0.44870415,0,challenge_08_knn_cleaning_colab_ultra
3536,1,1.0,1,challenge_08_knn_cleaning_colab_ultra
3537,1,1.0,1,challenge_08_knn_cleaning_colab_ultra
3538,0,1.0,1,challenge_08_knn_cleaning_colab_ultra
3539,0,0.0,0,challenge_08_knn_cleaning_colab_ultra
3540,0,1.0,1,challenge_08_knn_cleaning_colab_ultra
3541,1,1.0,1,challenge_08_knn_cleaning_colab_ultra
3542,1,1.0,1,challenge_08_knn_cleaning_colab_ultra
3543,1,1.0,1,challenge_08_knn_cleaning_colab_ultra
3544,0,0.53384364,1,challenge_08_knn_cleaning_colab_ultra
3545,0,0.0,0,challenge_08_knn_cleaning_colab_ultra
3546,1,0.51355875,1,challenge_08_knn_cleaning_colab_ultra
3547,0,0.0,0,challenge_08_knn_cleaning_colab_ultra
3548,0,0.47612345,0,challenge_08_knn_cleaning_colab_ultra
3549,1,1.0,1,challenge_08_knn_cleaning_colab_ultra
3550,0,0.5056562,1,challenge_08_knn_cleaning_colab_ultra
3551,0,0.48012936,0,challenge_08_knn_cleaning_colab_ultra
3552,0,0.0,0,challenge_08_knn_cleaning_colab_ultra
3553,0,0.0,0,challenge_08_knn_cleaning_colab_ultra
3554,1,0.51375866,1,challenge_08_knn_cleaning_colab_ultra
3555,0,0.0,0,challenge_08_knn_cleaning_colab_ultra
3556,0,1.0,1,challenge_08_knn_cleaning_colab_ultra
3557,0,0.0,0,challenge_08_knn_cleaning_colab_ultra
3558,1,1.0,1,challenge_08_knn_cleaning_colab_ultra
3559,1,0.0,0,challenge_08_knn_cleaning_colab_ultra
3560,1,0.50052494,1,challenge_08_knn_cleaning_colab_ultra
3561,1,1.0,1,challenge_08_knn_cleaning_colab_ultra
3562,0,0.0,0,challenge_08_knn_cleaning_colab_ultra
3563,1,0.50454473,1,challenge_08_knn_cleaning_colab_ultra
3564,0,0.0,0,challenge_08_knn_cleaning_colab_ultra
3565,0,0.0,0,challenge_08_knn_cleaning_colab_ultra
3566,0,0.49882692,0,challenge_08_knn_cleaning_colab_ultra
3567,1,1.0,1,challenge_08_knn_cleaning_colab_ultra
3568,1,1.0,1,challenge_08_knn_cleaning_colab_ultra
3569,1,0.5393245,1,challenge_08_knn_cleaning_colab_ultra
3570,0,0.4706306,0,challenge_08_knn_cleaning_colab_ultra
3571,1,0.49881238,0,challenge_08_knn_cleaning_colab_ultra
3572,1,1.0,1,challenge_08_knn_cleaning_colab_ultra
3573,0,0.0,0,challenge_08_knn_cleaning_colab_ultra
3574,1,1.0,1,challenge_08_knn_cleaning_colab_ultra
3575,0,0.0,0,challenge_08_knn_cleaning_colab_ultra
3576,0,0.0,0,challenge_08_knn_cleaning_colab_ultra
3577,1,0.5172117,1,challenge_08_knn_cleaning_colab_ultra
3578,0,0.0,0,challenge_08_knn_cleaning_colab_ultra
3579,1,1.0,1,challenge_08_knn_cleaning_colab_ultra
3580,0,0.4595901,0,challenge_08_knn_cleaning_colab_ultra
3581,1,1.0,1,challenge_08_knn_cleaning_colab_ultra
3582,0,0.0,0,challenge_08_knn_cleaning_colab_ultra
3583,1,1.0,1,challenge_08_knn_cleaning_colab_ultra
3584,0,1.0,1,challenge_08_knn_cleaning_colab_ultra
3585,1,1.0,1,challenge_08_knn_cleaning_colab_ultra
3586,1,1.0,1,challenge_08_knn_cleaning_colab_ultra
3587,1,1.0,1,challenge_08_knn_cleaning_colab_ultra
3588,1,0.54012734,1,challenge_08_knn_cleaning_colab_ultra
3589,1,0.6256961,1,challenge_08_knn_cleaning_colab_ultra
3590,0,0.0,0,challenge_08_knn_cleaning_colab_ultra
3591,1,0.5007503,1,challenge_08_knn_cleaning_colab_ultra
3592,0,0.0,0,challenge_08_knn_cleaning_colab_ultra
3593,1,0.5401794,1,challenge_08_knn_cleaning_colab_ultra
3594,0,0.0,0,challenge_08_knn_cleaning_colab_ultra
3595,1,0.4916628,0,challenge_08_knn_cleaning_colab_ultra
3596,1,1.0,1,challenge_08_knn_cleaning_colab_ultra
3597,1,1.0,1,challenge_08_knn_cleaning_colab_ultra
3598,1,1.0,1,challenge_08_knn_cleaning_colab_ultra
3599,0,0.5122259,1,challenge_08_knn_cleaning_colab_ultra
3600,1,1.0,1,challenge_08_knn_cleaning_colab_ultra
3601,0,0.0,0,challenge_08_knn_cleaning_colab_ultra
3602,0,0.0,0,challenge_08_knn_cleaning_colab_ultra
3603,1,1.0,1,challenge_08_knn_cleaning_colab_ultra
3604,0,0.49503028,0,challenge_08_knn_cleaning_colab_ultra
3605,1,1.0,1,challenge_08_knn_cleaning_colab_ultra
3606,0,0.5087126,1,challenge_08_knn_cleaning_colab_ultra
3607,1,1.0,1,challenge_08_knn_cleaning_colab_ultra
3608,1,0.5012209,1,challenge_08_knn_cleaning_colab_ultra
3609,1,1.0,1,challenge_08_knn_cleaning_colab_ultra
3610,0,0.0,0,challenge_08_knn_cleaning_colab_ultra
3611,0,0.44266552,0,challenge_08_knn_cleaning_colab_ultra
3612,1,0.511993,1,challenge_08_knn_cleaning_colab_ultra
3613,0,0.4756479,0,challenge_08_knn_cleaning_colab_ultra
3614,0,0.0,0,challenge_08_knn_cleaning_colab_ultra
3615,0,0.0,0,challenge_08_knn_cleaning_colab_ultra
3616,1,1.0,1,challenge_08_knn_cleaning_colab_ultra
3617,1,1.0,1,challenge_08_knn_cleaning_colab_ultra
3618,0,0.0,0,challenge_08_knn_cleaning_colab_ultra
3619,0,0.0,0,challenge_08_knn_cleaning_colab_ultra
3620,1,0.49273774,0,challenge_08_knn_cleaning_colab_ultra
3621,1,1.0,1,challenge_08_knn_cleaning_colab_ultra
3622,1,1.0,1,challenge_08_knn_cleaning_colab_ultra
3623,0,0.0,0,challenge_08_knn_cleaning_colab_ultra
3624,0,0.0,0,challenge_08_knn_cleaning_colab_ultra
3625,0,0.0,0,challenge_08_knn_cleaning_colab_ultra
3626,1,1.0,1,challenge_08_knn_cleaning_colab_ultra
3627,0,0.0,0,challenge_08_knn_cleaning_colab_ultra
3628,0,0.50266683,1,challenge_08_knn_cleaning_colab_ultra
3629,0,0.0,0,challenge_08_knn_cleaning_colab_ultra
3630,1,1.0,1,challenge_08_knn_cleaning_colab_ultra
3631,1,1.0,1,challenge_08_knn_cleaning_colab_ultra
3632,0,0.0,0,challenge_08_knn_cleaning_colab_ultra
3633,1,0.5010335,1,challenge_08_knn_cleaning_colab_ultra
3634,1,1.0,1,challenge_08_knn_cleaning_colab_ultra
3635,1,1.0,1,challenge_08_knn_cleaning_colab_ultra
3636,1,1.0,1,challenge_08_knn_cleaning_colab_ultra
3637,0,0.4870757,0,challenge_08_knn_cleaning_colab_ultra
3638,1,1.0,1,challenge_08_knn_cleaning_colab_ultra
3639,1,0.4955558,0,challenge_08_knn_cleaning_colab_ultra
3640,0,0.0,0,challenge_08_knn_cleaning_colab_ultra
3641,0,0.49887684,0,challenge_08_knn_cleaning_colab_ultra
3642,1,0.5052497,1,challenge_08_knn_cleaning_colab_ultra
3643,0,0.47218317,0,challenge_08_knn_cleaning_colab_ultra
3644,1,1.0,1,challenge_08_knn_cleaning_colab_ultra
3645,1,0.5075063,1,challenge_08_knn_cleaning_colab_ultra
3646,0,0.49313083,0,challenge_08_knn_cleaning_colab_ultra
3647,0,0.482701,0,challenge_08_knn_cleaning_colab_ultra
3648,0,0.0,0,challenge_08_knn_cleaning_colab_ultra
3649,0,0.0,0,challenge_08_knn_cleaning_colab_ultra
3650,1,1.0,1,challenge_08_knn_cleaning_colab_ultra
3651,1,0.50407225,1,challenge_08_knn_cleaning_colab_ultra
3652,0,0.49520347,0,challenge_08_knn_cleaning_colab_ultra
3653,0,0.0,0,challenge_08_knn_cleaning_colab_ultra
3654,0,0.0,0,challenge_08_knn_cleaning_colab_ultra
3655,1,0.56047887,1,challenge_08_knn_cleaning_colab_ultra
3656,1,0.49271584,0,challenge_08_knn_cleaning_colab_ultra
3657,1,1.0,1,challenge_08_knn_cleaning_colab_ultra
3658,0,0.0,0,challenge_08_knn_cleaning_colab_ultra
3659,1,1.0,1,challenge_08_knn_cleaning_colab_ultra
3660,0,0.0,0,challenge_08_knn_cleaning_colab_ultra
3661,0,0.44350696,0,challenge_08_knn_cleaning_colab_ultra
3662,1,0.50542057,1,challenge_08_knn_cleaning_colab_ultra
3663,0,0.0,0,challenge_08_knn_cleaning_colab_ultra
3664,1,1.0,1,challenge_08_knn_cleaning_colab_ultra
3665,1,1.0,1,challenge_08_knn_cleaning_colab_ultra
3666,1,1.0,1,challenge_08_knn_cleaning_colab_ultra
3667,1,1.0,1,challenge_08_knn_cleaning_colab_ultra
3668,1,1.0,1,challenge_08_knn_cleaning_colab_ultra
3669,0,0.0,0,challenge_08_knn_cleaning_colab_ultra
3670,1,1.0,1,challenge_08_knn_cleaning_colab_ultra
3671,1,0.50556695,1,challenge_08_knn_cleaning_colab_ultra
3672,1,1.0,1,challenge_08_knn_cleaning_colab_ultra
3673,1,0.52040863,1,challenge_08_knn_cleaning_colab_ultra
3674,1,1.0,1,challenge_08_knn_cleaning_colab_ultra
3675,0,0.46796328,0,challenge_08_knn_cleaning_colab_ultra
3676,0,0.0,0,challenge_08_knn_cleaning_colab_ultra
3677,1,1.0,1,challenge_08_knn_cleaning_colab_ultra
3678,1,0.5022306,1,challenge_08_knn_cleaning_colab_ultra
3679,0,0.0,0,challenge_08_knn_cleaning_colab_ultra
3680,0,0.0,0,challenge_08_knn_cleaning_colab_ultra
3681,1,1.0,1,challenge_08_knn_cleaning_colab_ultra
3682,1,0.49892652,0,challenge_08_knn_cleaning_colab_ultra
3683,1,1.0,1,challenge_08_knn_cleaning_colab_ultra
3684,0,0.0,0,challenge_08_knn_cleaning_colab_ultra
3685,0,0.0,0,challenge_08_knn_cleaning_colab_ultra
3686,1,1.0,1,challenge_08_knn_cleaning_colab_ultra
3687,0,0.49687514,0,challenge_08_knn_cleaning_colab_ultra
3688,1,1.0,1,challenge_08_knn_cleaning_colab_ultra
3689,0,0.0,0,challenge_08_knn_cleaning_colab_ultra
3690,0,0.0,0,challenge_08_knn_cleaning_colab_ultra
3691,1,0.50093263,1,challenge_08_knn_cleaning_colab_ultra
3692,0,0.4923927,0,challenge_08_knn_cleaning_colab_ultra
3693,1,1.0,1,challenge_08_knn_cleaning_colab_ultra
3694,1,1.0,1,challenge_08_knn_cleaning_colab_ultra
3695,0,0.0,0,challenge_08_knn_cleaning_colab_ultra
3696,1,0.4969481,0,challenge_08_knn_cleaning_colab_ultra
3697,1,0.5031843,1,challenge_08_knn_cleaning_colab_ultra
3698,1,1.0,1,challenge_08_knn_cleaning_colab_ultra
3699,1,1.0,1,challenge_08_knn_cleaning_colab_ultra
3700,1,1.0,1,challenge_08_knn_cleaning_colab_ultra
3701,1,0.49959582,0,challenge_08_knn_cleaning_colab_ultra
3702,0,1.0,1,challenge_08_knn_cleaning_colab_ultra
3703,0,0.0,0,challenge_08_knn_cleaning_colab_ultra
3704,0,0.0,0,challenge_08_knn_cleaning_colab_ultra
3705,0,0.0,0,challenge_08_knn_cleaning_colab_ultra
3706,1,0.49676555,0,challenge_08_knn_cleaning_colab_ultra
3707,0,1.0,1,challenge_08_knn_cleaning_colab_ultra
3708,1,0.4957792,0,challenge_08_knn_cleaning_colab_ultra
3709,0,1.0,1,challenge_08_knn_cleaning_colab_ultra
3710,1,1.0,1,challenge_08_knn_cleaning_colab_ultra
3711,1,1.0,1,challenge_08_knn_cleaning_colab_ultra
3712,0,0.0,0,challenge_08_knn_cleaning_colab_ultra
3713,1,1.0,1,challenge_08_knn_cleaning_colab_ultra
3714,1,1.0,1,challenge_08_knn_cleaning_colab_ultra
3715,0,0.0,0,challenge_08_knn_cleaning_colab_ultra
3716,1,1.0,1,challenge_08_knn_cleaning_colab_ultra
3717,0,0.0,0,challenge_08_knn_cleaning_colab_ultra
3718,1,1.0,1,challenge_08_knn_cleaning_colab_ultra
3719,0,0.0,0,challenge_08_knn_cleaning_colab_ultra
3720,0,0.0,0,challenge_08_knn_cleaning_colab_ultra
3721,1,1.0,1,challenge_08_knn_cleaning_colab_ultra
3722,1,0.4989034,0,challenge_08_knn_cleaning_colab_ultra
3723,0,0.0,0,challenge_08_knn_cleaning_colab_ultra
3724,0,1.0,1,challenge_08_knn_cleaning_colab_ultra
3725,0,0.504997,1,challenge_08_knn_cleaning_colab_ultra
3726,1,0.0,0,challenge_08_knn_cleaning_colab_ultra
3727,0,0.4905405,0,challenge_08_knn_cleaning_colab_ultra
3728,1,0.49390808,0,challenge_08_knn_cleaning_colab_ultra
3729,0,0.48916876,0,challenge_08_knn_cleaning_colab_ultra
3730,0,0.4874345,0,challenge_08_knn_cleaning_colab_ultra
3731,1,0.0,0,challenge_08_knn_cleaning_colab_ultra
3732,1,1.0,1,challenge_08_knn_cleaning_colab_ultra
3733,1,0.5348231,1,challenge_08_knn_cleaning_colab_ultra
3734,1,1.0,1,challenge_08_knn_cleaning_colab_ultra
3735,0,0.0,0,challenge_08_knn_cleaning_colab_ultra
3736,1,1.0,1,challenge_08_knn_cleaning_colab_ultra
3737,0,0.49681467,0,challenge_08_knn_cleaning_colab_ultra
3738,1,0.50275576,1,challenge_08_knn_cleaning_colab_ultra
3739,1,1.0,1,challenge_08_knn_cleaning_colab_ultra
3740,0,0.40059808,0,challenge_08_knn_cleaning_colab_ultra
3741,1,1.0,1,challenge_08_knn_cleaning_colab_ultra
3742,1,1.0,1,challenge_08_knn_cleaning_colab_ultra
3743,1,0.5018572,1,challenge_08_knn_cleaning_colab_ultra
3744,1,0.50451463,1,challenge_08_knn_cleaning_colab_ultra
3745,0,0.49854252,0,challenge_08_knn_cleaning_colab_ultra
3746,1,1.0,1,challenge_08_knn_cleaning_colab_ultra
3747,0,0.0,0,challenge_08_knn_cleaning_colab_ultra
3748,0,0.505153,1,challenge_08_knn_cleaning_colab_ultra
3749,0,0.4882018,0,challenge_08_knn_cleaning_colab_ultra
3750,1,1.0,1,challenge_08_knn_cleaning_colab_ultra
3751,1,1.0,1,challenge_08_knn_cleaning_colab_ultra
3752,0,0.4262,0,challenge_08_knn_cleaning_colab_ultra
3753,1,0.49605823,0,challenge_08_knn_cleaning_colab_ultra
3754,0,0.0,0,challenge_08_knn_cleaning_colab_ultra
3755,1,0.49938765,0,challenge_08_knn_cleaning_colab_ultra
3756,1,1.0,1,challenge_08_knn_cleaning_colab_ultra
3757,0,0.47158659,0,challenge_08_knn_cleaning_colab_ultra
3758,0,0.0,0,challenge_08_knn_cleaning_colab_ultra
3759,0,0.0,0,challenge_08_knn_cleaning_colab_ultra
3760,1,1.0,1,challenge_08_knn_cleaning_colab_ultra
3761,1,0.55401534,1,challenge_08_knn_cleaning_colab_ultra
3762,1,1.0,1,challenge_08_knn_cleaning_colab_ultra
3763,1,0.47898462,0,challenge_08_knn_cleaning_colab_ultra
3764,0,0.0,0,challenge_08_knn_cleaning_colab_ultra
3765,0,0.0,0,challenge_08_knn_cleaning_colab_ultra
3766,0,0.0,0,challenge_08_knn_cleaning_colab_ultra
3767,0,0.47740224,0,challenge_08_knn_cleaning_colab_ultra
3768,1,0.50739294,1,challenge_08_knn_cleaning_colab_ultra
3769,0,0.0,0,challenge_08_knn_cleaning_colab_ultra
3770,0,1.0,1,challenge_08_knn_cleaning_colab_ultra
3771,1,1.0,1,challenge_08_knn_cleaning_colab_ultra
3772,0,0.49785474,0,challenge_08_knn_cleaning_colab_ultra
3773,1,1.0,1,challenge_08_knn_cleaning_colab_ultra
3774,1,1.0,1,challenge_08_knn_cleaning_colab_ultra
3775,0,1.0,1,challenge_08_knn_cleaning_colab_ultra
3776,1,0.5293803,1,challenge_08_knn_cleaning_colab_ultra
3777,1,1.0,1,challenge_08_knn_cleaning_colab_ultra
3778,0,0.48899788,0,challenge_08_knn_cleaning_colab_ultra
3779,0,0.0,0,challenge_08_knn_cleaning_colab_ultra
3780,1,1.0,1,challenge_08_knn_cleaning_colab_ultra
3781,0,0.0,0,challenge_08_knn_cleaning_colab_ultra
3782,1,1.0,1,challenge_08_knn_cleaning_colab_ultra
3783,1,1.0,1,challenge_08_knn_cleaning_colab_ultra
3784,1,1.0,1,challenge_08_knn_cleaning_colab_ultra
3785,0,0.0,0,challenge_08_knn_cleaning_colab_ultra
3786,1,0.5188098,1,challenge_08_knn_cleaning_colab_ultra
3787,0,0.50204825,1,challenge_08_knn_cleaning_colab_ultra
3788,1,1.0,1,challenge_08_knn_cleaning_colab_ultra
3789,0,0.42591044,0,challenge_08_knn_cleaning_colab_ultra
3790,0,1.0,1,challenge_08_knn_cleaning_colab_ultra
3791,1,1.0,1,challenge_08_knn_cleaning_colab_ultra
3792,0,0.0,0,challenge_08_knn_cleaning_colab_ultra
3793,0,0.0,0,challenge_08_knn_cleaning_colab_ultra
3794,0,0.0,0,challenge_08_knn_cleaning_colab_ultra
3795,0,0.5031545,1,challenge_08_knn_cleaning_colab_ultra
3796,0,0.0,0,challenge_08_knn_cleaning_colab_ultra
3797,1,0.5000421,1,challenge_08_knn_cleaning_colab_ultra
3798,0,0.47496685,0,challenge_08_knn_cleaning_colab_ultra
3799,1,1.0,1,challenge_08_knn_cleaning_colab_ultra
3800,0,0.50493985,1,challenge_08_knn_cleaning_colab_ultra
3801,1,1.0,1,challenge_08_knn_cleaning_colab_ultra
3802,1,0.5222514,1,challenge_08_knn_cleaning_colab_ultra
3803,0,0.0,0,challenge_08_knn_cleaning_colab_ultra
3804,1,1.0,1,challenge_08_knn_cleaning_colab_ultra
3805,0,0.0,0,challenge_08_knn_cleaning_colab_ultra
3806,0,0.0,0,challenge_08_knn_cleaning_colab_ultra
3807,1,0.0,0,challenge_08_knn_cleaning_colab_ultra
3808,0,0.0,0,challenge_08_knn_cleaning_colab_ultra
3809,0,0.44259354,0,challenge_08_knn_cleaning_colab_ultra
3810,0,0.0,0,challenge_08_knn_cleaning_colab_ultra
3811,0,1.0,1,challenge_08_knn_cleaning_colab_ultra
3812,0,0.0,0,challenge_08_knn_cleaning_colab_ultra
3813,0,0.5037678,1,challenge_08_knn_cleaning_colab_ultra
3814,1,1.0,1,challenge_08_knn_cleaning_colab_ultra
3815,1,1.0,1,challenge_08_knn_cleaning_colab_ultra
3816,0,1.0,1,challenge_08_knn_cleaning_colab_ultra
3817,0,0.0,0,challenge_08_knn_cleaning_colab_ultra
3818,0,0.0,0,challenge_08_knn_cleaning_colab_ultra
3819,0,0.49852824,0,challenge_08_knn_cleaning_colab_ultra
3820,1,1.0,1,challenge_08_knn_cleaning_colab_ultra
3821,1,1.0,1,challenge_08_knn_cleaning_colab_ultra
3822,0,0.0,0,challenge_08_knn_cleaning_colab_ultra
3823,1,1.0,1,challenge_08_knn_cleaning_colab_ultra
3824,0,1.0,1,challenge_08_knn_cleaning_colab_ultra
3825,1,1.0,1,challenge_08_knn_cleaning_colab_ultra
3826,0,0.0,0,challenge_08_knn_cleaning_colab_ultra
3827,0,1.0,1,challenge_08_knn_cleaning_colab_ultra
3828,1,1.0,1,challenge_08_knn_cleaning_colab_ultra
3829,0,0.0,0,challenge_08_knn_cleaning_colab_ultra
3830,1,0.5025651,1,challenge_08_knn_cleaning_colab_ultra
3831,0,0.0,0,challenge_08_knn_cleaning_colab_ultra
3832,0,0.0,0,challenge_08_knn_cleaning_colab_ultra
3833,1,1.0,1,challenge_08_knn_cleaning_colab_ultra
3834,1,1.0,1,challenge_08_knn_cleaning_colab_ultra
3835,0,0.47968364,0,challenge_08_knn_cleaning_colab_ultra
3836,0,0.0,0,challenge_08_knn_cleaning_colab_ultra
3837,1,1.0,1,challenge_08_knn_cleaning_colab_ultra
3838,1,1.0,1,challenge_08_knn_cleaning_colab_ultra
3839,1,1.0,1,challenge_08_knn_cleaning_colab_ultra
3840,0,1.0,1,challenge_08_knn_cleaning_colab_ultra
3841,0,1.0,1,challenge_08_knn_cleaning_colab_ultra
3842,0,0.50544643,1,challenge_08_knn_cleaning_colab_ultra
3843,1,1.0,1,challenge_08_knn_cleaning_colab_ultra
3844,0,0.47321644,0,challenge_08_knn_cleaning_colab_ultra
3845,1,0.50118357,1,challenge_08_knn_cleaning_colab_ultra
3846,0,0.47751382,0,challenge_08_knn_cleaning_colab_ultra
3847,1,1.0,1,challenge_08_knn_cleaning_colab_ultra
3848,0,0.0,0,challenge_08_knn_cleaning_colab_ultra
3849,0,1.0,1,challenge_08_knn_cleaning_colab_ultra
3850,1,0.0,0,challenge_08_knn_cleaning_colab_ultra
3851,0,0.45869625,0,challenge_08_knn_cleaning_colab_ultra
3852,1,0.48655376,0,challenge_08_knn_cleaning_colab_ultra
3853,1,1.0,1,challenge_08_knn_cleaning_colab_ultra
3854,1,0.49939802,0,challenge_08_knn_cleaning_colab_ultra
3855,1,0.5111351,1,challenge_08_knn_cleaning_colab_ultra
3856,0,0.0,0,challenge_08_knn_cleaning_colab_ultra
3857,0,0.5093559,1,challenge_08_knn_cleaning_colab_ultra
3858,1,1.0,1,challenge_08_knn_cleaning_colab_ultra
3859,0,0.0,0,challenge_08_knn_cleaning_colab_ultra
3860,0,0.0,0,challenge_08_knn_cleaning_colab_ultra
3861,0,0.0,0,challenge_08_knn_cleaning_colab_ultra
3862,1,0.5241597,1,challenge_08_knn_cleaning_colab_ultra
3863,1,1.0,1,challenge_08_knn_cleaning_colab_ultra
3864,1,1.0,1,challenge_08_knn_cleaning_colab_ultra
3865,0,0.0,0,challenge_08_knn_cleaning_colab_ultra
3866,0,1.0,1,challenge_08_knn_cleaning_colab_ultra
3867,0,0.0,0,challenge_08_knn_cleaning_colab_ultra
3868,1,1.0,1,challenge_08_knn_cleaning_colab_ultra
3869,1,1.0,1,challenge_08_knn_cleaning_colab_ultra
3870,0,0.499147,0,challenge_08_knn_cleaning_colab_ultra
3871,1,0.4964393,0,challenge_08_knn_cleaning_colab_ultra
3872,0,0.0,0,challenge_08_knn_cleaning_colab_ultra
3873,1,1.0,1,challenge_08_knn_cleaning_colab_ultra
3874,1,1.0,1,challenge_08_knn_cleaning_colab_ultra
3875,0,0.38745892,0,challenge_08_knn_cleaning_colab_ultra
3876,0,0.0,0,challenge_08_knn_cleaning_colab_ultra
3877,0,0.0,0,challenge_08_knn_cleaning_colab_ultra
3878,0,0.48829946,0,challenge_08_knn_cleaning_colab_ultra
3879,1,0.0,0,challenge_08_knn_cleaning_colab_ultra
3880,0,0.49615926,0,challenge_08_knn_cleaning_colab_ultra
3881,0,0.0,0,challenge_08_knn_cleaning_colab_ultra
3882,1,0.52614,1,challenge_08_knn_cleaning_colab_ultra
3883,0,0.49870294,0,challenge_08_knn_cleaning_colab_ultra
3884,0,0.0,0,challenge_08_knn_cleaning_colab_ultra
3885,0,0.48517263,0,challenge_08_knn_cleaning_colab_ultra
3886,0,1.0,1,challenge_08_knn_cleaning_colab_ultra
3887,0,0.0,0,challenge_08_knn_cleaning_colab_ultra
3888,0,0.4258195,0,challenge_08_knn_cleaning_colab_ultra
3889,1,1.0,1,challenge_08_knn_cleaning_colab_ultra
3890,1,1.0,1,challenge_08_knn_cleaning_colab_ultra
3891,1,1.0,1,challenge_08_knn_cleaning_colab_ultra
3892,0,0.5027322,1,challenge_08_knn_cleaning_colab_ultra
3893,1,0.49842876,0,challenge_08_knn_cleaning_colab_ultra
3894,0,0.0,0,challenge_08_knn_cleaning_colab_ultra
3895,1,0.5105761,1,challenge_08_knn_cleaning_colab_ultra
3896,1,1.0,1,challenge_08_knn_cleaning_colab_ultra
3897,1,0.5001604,1,challenge_08_knn_cleaning_colab_ultra
3898,1,0.49868754,0,challenge_08_knn_cleaning_colab_ultra
3899,1,1.0,1,challenge_08_knn_cleaning_colab_ultra
3900,0,0.0,0,challenge_08_knn_cleaning_colab_ultra
3901,1,1.0,1,challenge_08_knn_cleaning_colab_ultra
3902,1,1.0,1,challenge_08_knn_cleaning_colab_ultra
3903,1,1.0,1,challenge_08_knn_cleaning_colab_ultra
3904,0,0.0,0,challenge_08_knn_cleaning_colab_ultra
3905,1,1.0,1,challenge_08_knn_cleaning_colab_ultra
3906,1,0.5072391,1,challenge_08_knn_cleaning_colab_ultra
3907,0,0.0,0,challenge_08_knn_cleaning_colab_ultra
3908,1,0.5093402,1,challenge_08_knn_cleaning_colab_ultra
3909,1,0.54118,1,challenge_08_knn_cleaning_colab_ultra
3910,0,0.0,0,challenge_08_knn_cleaning_colab_ultra
3911,1,1.0,1,challenge_08_knn_cleaning_colab_ultra
3912,1,1.0,1,challenge_08_knn_cleaning_colab_ultra
3913,0,0.50466573,1,challenge_08_knn_cleaning_colab_ultra
3914,1,1.0,1,challenge_08_knn_cleaning_colab_ultra
3915,0,0.50181866,1,challenge_08_knn_cleaning_colab_ultra
3916,1,1.0,1,challenge_08_knn_cleaning_colab_ultra
3917,0,0.0,0,challenge_08_knn_cleaning_colab_ultra
3918,1,1.0,1,challenge_08_knn_cleaning_colab_ultra
3919,1,0.5148363,1,challenge_08_knn_cleaning_colab_ultra
3920,1,1.0,1,challenge_08_knn_cleaning_colab_ultra
3921,0,0.0,0,challenge_08_knn_cleaning_colab_ultra
3922,1,1.0,1,challenge_08_knn_cleaning_colab_ultra
3923,0,0.0,0,challenge_08_knn_cleaning_colab_ultra
3924,1,1.0,1,challenge_08_knn_cleaning_colab_ultra
3925,0,0.0,0,challenge_08_knn_cleaning_colab_ultra
3926,1,0.49960887,0,challenge_08_knn_cleaning_colab_ultra
3927,0,1.0,1,challenge_08_knn_cleaning_colab_ultra
3928,1,0.0,0,challenge_08_knn_cleaning_colab_ultra
3929,0,1.0,1,challenge_08_knn_cleaning_colab_ultra
3930,1,0.0,0,challenge_08_knn_cleaning_colab_ultra
3931,1,0.51994914,1,challenge_08_knn_cleaning_colab_ultra
3932,0,0.49500322,0,challenge_08_knn_cleaning_colab_ultra
3933,0,0.4670796,0,challenge_08_knn_cleaning_colab_ultra
3934,0,0.0,0,challenge_08_knn_cleaning_colab_ultra
3935,1,1.0,1,challenge_08_knn_cleaning_colab_ultra
3936,0,0.0,0,challenge_08_knn_cleaning_colab_ultra
3937,1,1.0,1,challenge_08_knn_cleaning_colab_ultra
3938,0,0.0,0,challenge_08_knn_cleaning_colab_ultra
3939,1,1.0,1,challenge_08_knn_cleaning_colab_ultra
3940,0,0.0,0,challenge_08_knn_cleaning_colab_ultra
3941,0,0.0,0,challenge_08_knn_cleaning_colab_ultra
3942,0,0.0,0,challenge_08_knn_cleaning_colab_ultra
3943,1,1.0,1,challenge_08_knn_cleaning_colab_ultra
3944,1,1.0,1,challenge_08_knn_cleaning_colab_ultra
3945,0,0.5032962,1,challenge_08_knn_cleaning_colab_ultra
3946,0,0.0,0,challenge_08_knn_cleaning_colab_ultra
3947,1,0.5000944,1,challenge_08_knn_cleaning_colab_ultra
3948,0,0.0,0,challenge_08_knn_cleaning_colab_ultra
3949,1,1.0,1,challenge_08_knn_cleaning_colab_ultra
3950,1,1.0,1,challenge_08_knn_cleaning_colab_ultra
3951,0,0.0,0,challenge_08_knn_cleaning_colab_ultra
3952,1,0.5052793,1,challenge_08_knn_cleaning_colab_ultra
3953,1,1.0,1,challenge_08_knn_cleaning_colab_ultra
3954,0,0.0,0,challenge_08_knn_cleaning_colab_ultra
3955,0,0.0,0,challenge_08_knn_cleaning_colab_ultra
3956,0,0.49966446,0,challenge_08_knn_cleaning_colab_ultra
3957,1,1.0,1,challenge_08_knn_cleaning_colab_ultra
3958,1,1.0,1,challenge_08_knn_cleaning_colab_ultra
3959,0,0.5031404,1,challenge_08_knn_cleaning_colab_ultra
3960,0,0.0,0,challenge_08_knn_cleaning_colab_ultra
3961,1,1.0,1,challenge_08_knn_cleaning_colab_ultra
3962,1,0.5057686,1,challenge_08_knn_cleaning_colab_ultra
3963,1,1.0,1,challenge_08_knn_cleaning_colab_ultra
3964,0,0.50291276,1,challenge_08_knn_cleaning_colab_ultra
3965,1,0.4912269,0,challenge_08_knn_cleaning_colab_ultra
3966,1,1.0,1,challenge_08_knn_cleaning_colab_ultra
3967,0,0.0,0,challenge_08_knn_cleaning_colab_ultra
3968,0,0.0,0,challenge_08_knn_cleaning_colab_ultra
3969,0,0.0,0,challenge_08_knn_cleaning_colab_ultra
3970,1,0.49395144,0,challenge_08_knn_cleaning_colab_ultra
3971,1,1.0,1,challenge_08_knn_cleaning_colab_ultra
3972,1,1.0,1,challenge_08_knn_cleaning_colab_ultra
3973,1,0.5130166,1,challenge_08_knn_cleaning_colab_ultra
3974,0,0.0,0,challenge_08_knn_cleaning_colab_ultra
3975,1,1.0,1,challenge_08_knn_cleaning_colab_ultra
3976,0,0.0,0,challenge_08_knn_cleaning_colab_ultra
3977,1,1.0,1,challenge_08_knn_cleaning_colab_ultra
3978,1,0.52559453,1,challenge_08_knn_cleaning_colab_ultra
3979,0,0.3996665,0,challenge_08_knn_cleaning_colab_ultra
3980,1,0.0,0,challenge_08_knn_cleaning_colab_ultra
3981,0,0.0,0,challenge_08_knn_cleaning_colab_ultra
3982,0,0.0,0,challenge_08_knn_cleaning_colab_ultra
3983,0,0.0,0,challenge_08_knn_cleaning_colab_ultra
3984,1,1.0,1,challenge_08_knn_cleaning_colab_ultra
3985,0,0.0,0,challenge_08_knn_cleaning_colab_ultra
3986,0,1.0,1,challenge_08_knn_cleaning_colab_ultra
3987,0,0.5171242,1,challenge_08_knn_cleaning_colab_ultra
3988,1,1.0,1,challenge_08_knn_cleaning_colab_ultra
3989,0,0.0,0,challenge_08_knn_cleaning_colab_ultra
3990,1,1.0,1,challenge_08_knn_cleaning_colab_ultra
3991,1,1.0,1,challenge_08_knn_cleaning_colab_ultra
3992,0,0.0,0,challenge_08_knn_cleaning_colab_ultra
3993,0,0.46510142,0,challenge_08_knn_cleaning_colab_ultra
3994,1,0.0,0,challenge_08_knn_cleaning_colab_ultra
3995,1,0.5128443,1,challenge_08_knn_cleaning_colab_ultra
3996,0,0.0,0,challenge_08_knn_cleaning_colab_ultra
3997,0,0.0,0,challenge_08_knn_cleaning_colab_ultra
3998,0,0.4868488,0,challenge_08_knn_cleaning_colab_ultra
3999,1,1.0,1,challenge_08_knn_cleaning_colab_ultra
4000,0,0.48311153,0,challenge_08_knn_cleaning_colab_ultra
4001,1,1.0,1,challenge_08_knn_cleaning_colab_ultra
4002,0,0.0,0,challenge_08_knn_cleaning_colab_ultra
4003,1,1.0,1,challenge_08_knn_cleaning_colab_ultra
4004,0,1.0,1,challenge_08_knn_cleaning_colab_ultra
4005,1,0.4995017,0,challenge_08_knn_cleaning_colab_ultra
4006,0,0.0,0,challenge_08_knn_cleaning_colab_ultra
4007,1,1.0,1,challenge_08_knn_cleaning_colab_ultra
4008,0,0.354827,0,challenge_08_knn_cleaning_colab_ultra
4009,1,1.0,1,challenge_08_knn_cleaning_colab_ultra
4010,0,0.0,0,challenge_08_knn_cleaning_colab_ultra
4011,0,1.0,1,challenge_08_knn_cleaning_colab_ultra
4012,1,0.5034813,1,challenge_08_knn_cleaning_colab_ultra
4013,0,0.0,0,challenge_08_knn_cleaning_colab_ultra
4014,1,0.5122132,1,challenge_08_knn_cleaning_colab_ultra
4015,0,0.0,0,challenge_08_knn_cleaning_colab_ultra
4016,1,1.0,1,challenge_08_knn_cleaning_colab_ultra
4017,1,1.0,1,challenge_08_knn_cleaning_colab_ultra
4018,1,1.0,1,challenge_08_knn_cleaning_colab_ultra
4019,1,1.0,1,challenge_08_knn_cleaning_colab_ultra
4020,1,1.0,1,challenge_08_knn_cleaning_colab_ultra
4021,0,0.0,0,challenge_08_knn_cleaning_colab_ultra
4022,0,1.0,1,challenge_08_knn_cleaning_colab_ultra
4023,0,0.48382035,0,challenge_08_knn_cleaning_colab_ultra
4024,1,1.0,1,challenge_08_knn_cleaning_colab_ultra
4025,1,0.49403247,0,challenge_08_knn_cleaning_colab_ultra
4026,1,1.0,1,challenge_08_knn_cleaning_colab_ultra
4027,1,1.0,1,challenge_08_knn_cleaning_colab_ultra
4028,0,0.4998707,0,challenge_08_knn_cleaning_colab_ultra
4029,1,0.4922159,0,challenge_08_knn_cleaning_colab_ultra
4030,1,0.4891541,0,challenge_08_knn_cleaning_colab_ultra
4031,1,1.0,1,challenge_08_knn_cleaning_colab_ultra
4032,1,1.0,1,challenge_08_knn_cleaning_colab_ultra
4033,1,1.0,1,challenge_08_knn_cleaning_colab_ultra
4034,1,1.0,1,challenge_08_knn_cleaning_colab_ultra
4035,1,1.0,1,challenge_08_knn_cleaning_colab_ultra
4036,0,1.0,1,challenge_08_knn_cleaning_colab_ultra
4037,0,1.0,1,challenge_08_knn_cleaning_colab_ultra
4038,0,0.0,0,challenge_08_knn_cleaning_colab_ultra
4039,0,0.0,0,challenge_08_knn_cleaning_colab_ultra
4040,0,1.0,1,challenge_08_knn_cleaning_colab_ultra
4041,0,1.0,1,challenge_08_knn_cleaning_colab_ultra
4042,0,0.47656292,0,challenge_08_knn_cleaning_colab_ultra
4043,1,1.0,1,challenge_08_knn_cleaning_colab_ultra
4044,0,0.48071572,0,challenge_08_knn_cleaning_colab_ultra
4045,1,1.0,1,challenge_08_knn_cleaning_colab_ultra
4046,1,1.0,1,challenge_08_knn_cleaning_colab_ultra
4047,0,0.0,0,challenge_08_knn_cleaning_colab_ultra
4048,0,0.0,0,challenge_08_knn_cleaning_colab_ultra
4049,0,0.0,0,challenge_08_knn_cleaning_colab_ultra
4050,1,1.0,1,challenge_08_knn_cleaning_colab_ultra
4051,1,1.0,1,challenge_08_knn_cleaning_colab_ultra
4052,0,0.49252185,0,challenge_08_knn_cleaning_colab_ultra
4053,1,1.0,1,challenge_08_knn_cleaning_colab_ultra
4054,0,1.0,1,challenge_08_knn_cleaning_colab_ultra
4055,0,0.0,0,challenge_08_knn_cleaning_colab_ultra
4056,0,0.0,0,challenge_08_knn_cleaning_colab_ultra
4057,1,0.0,0,challenge_08_knn_cleaning_colab_ultra
4058,0,1.0,1,challenge_08_knn_cleaning_colab_ultra
4059,0,0.0,0,challenge_08_knn_cleaning_colab_ultra
4060,0,0.49294955,0,challenge_08_knn_cleaning_colab_ultra
4061,0,0.53433764,1,challenge_08_knn_cleaning_colab_ultra
4062,0,0.0,0,challenge_08_knn_cleaning_colab_ultra
4063,0,0.5093618,1,challenge_08_knn_cleaning_colab_ultra
4064,0,0.0,0,challenge_08_knn_cleaning_colab_ultra
4065,1,1.0,1,challenge_08_knn_cleaning_colab_ultra
4066,1,1.0,1,challenge_08_knn_cleaning_colab_ultra
4067,1,1.0,1,challenge_08_knn_cleaning_colab_ultra
4068,0,1.0,1,challenge_08_knn_cleaning_colab_ultra
4069,0,0.49777508,0,challenge_08_knn_cleaning_colab_ultra
4070,0,0.0,0,challenge_08_knn_cleaning_colab_ultra
4071,0,0.49481297,0,challenge_08_knn_cleaning_colab_ultra
4072,1,1.0,1,challenge_08_knn_cleaning_colab_ultra
4073,0,0.5049462,1,challenge_08_knn_cleaning_colab_ultra
4074,1,1.0,1,challenge_08_knn_cleaning_colab_ultra
4075,1,0.48568696,0,challenge_08_knn_cleaning_colab_ultra
4076,0,0.5093055,1,challenge_08_knn_cleaning_colab_ultra
4077,0,0.0,0,challenge_08_knn_cleaning_colab_ultra
4078,0,0.49630323,0,challenge_08_knn_cleaning_colab_ultra
4079,0,0.0,0,challenge_08_knn_cleaning_colab_ultra
4080,0,0.5109966,1,challenge_08_knn_cleaning_colab_ultra
4081,0,0.44976372,0,challenge_08_knn_cleaning_colab_ultra
4082,1,0.4980863,0,challenge_08_knn_cleaning_colab_ultra
4083,0,0.0,0,challenge_08_knn_cleaning_colab_ultra
4084,1,1.0,1,challenge_08_knn_cleaning_colab_ultra
4085,0,0.4488674,0,challenge_08_knn_cleaning_colab_ultra
4086,0,0.0,0,challenge_08_knn_cleaning_colab_ultra
4087,1,1.0,1,challenge_08_knn_cleaning_colab_ultra
4088,1,1.0,1,challenge_08_knn_cleaning_colab_ultra
4089,1,0.52408236,1,challenge_08_knn_cleaning_colab_ultra
4090,1,1.0,1,challenge_08_knn_cleaning_colab_ultra
4091,0,0.50072634,1,challenge_08_knn_cleaning_colab_ultra
4092,0,0.0,0,challenge_08_knn_cleaning_colab_ultra
4093,1,1.0,1,challenge_08_knn_cleaning_colab_ultra
4094,1,1.0,1,challenge_08_knn_cleaning_colab_ultra
4095,1,1.0,1,challenge_08_knn_cleaning_colab_ultra
4096,0,0.48896688,0,challenge_08_knn_cleaning_colab_ultra
4097,1,1.0,1,challenge_08_knn_cleaning_colab_ultra
4098,0,0.0,0,challenge_08_knn_cleaning_colab_ultra
4099,0,0.0,0,challenge_08_knn_cleaning_colab_ultra
4100,1,0.50328934,1,challenge_08_knn_cleaning_colab_ultra
4101,0,0.0,0,challenge_08_knn_cleaning_colab_ultra
4102,0,0.0,0,challenge_08_knn_cleaning_colab_ultra
4103,1,1.0,1,challenge_08_knn_cleaning_colab_ultra
4104,1,1.0,1,challenge_08_knn_cleaning_colab_ultra
4105,0,0.0,0,challenge_08_knn_cleaning_colab_ultra
4106,0,0.0,0,challenge_08_knn_cleaning_colab_ultra
4107,0,0.48313886,0,challenge_08_knn_cleaning_colab_ultra
4108,0,0.46271405,0,challenge_08_knn_cleaning_colab_ultra
4109,1,0.0,0,challenge_08_knn_cleaning_colab_ultra
4110,0,0.49848863,0,challenge_08_knn_cleaning_colab_ultra
4111,0,0.0,0,challenge_08_knn_cleaning_colab_ultra
4112,1,1.0,1,challenge_08_knn_cleaning_colab_ultra
4113,1,0.50741136,1,challenge_08_knn_cleaning_colab_ultra
4114,0,0.0,0,challenge_08_knn_cleaning_colab_ultra
4115,0,0.51451206,1,challenge_08_knn_cleaning_colab_ultra
4116,1,1.0,1,challenge_08_knn_cleaning_colab_ultra
4117,0,0.47624746,0,challenge_08_knn_cleaning_colab_ultra
4118,0,0.0,0,challenge_08_knn_cleaning_colab_ultra
4119,0,1.0,1,challenge_08_knn_cleaning_colab_ultra
4120,0,0.0,0,challenge_08_knn_cleaning_colab_ultra
4121,0,0.4912562,0,challenge_08_knn_cleaning_colab_ultra
4122,1,1.0,1,challenge_08_knn_cleaning_colab_ultra
4123,0,0.0,0,challenge_08_knn_cleaning_colab_ultra
4124,0,0.0,0,challenge_08_knn_cleaning_colab_ultra
4125,1,1.0,1,challenge_08_knn_cleaning_colab_ultra
4126,1,1.0,1,challenge_08_knn_cleaning_colab_ultra
4127,0,0.0,0,challenge_08_knn_cleaning_colab_ultra
4128,1,1.0,1,challenge_08_knn_cleaning_colab_ultra
4129,0,0.0,0,challenge_08_knn_cleaning_colab_ultra
4130,0,0.4392656,0,challenge_08_knn_cleaning_colab_ultra
4131,0,0.0,0,challenge_08_knn_cleaning_colab_ultra
4132,1,1.0,1,challenge_08_knn_cleaning_colab_ultra
4133,0,0.5076676,1,challenge_08_knn_cleaning_colab_ultra
4134,0,0.5014488,1,challenge_08_knn_cleaning_colab_ultra
4135,1,0.53800684,1,challenge_08_knn_cleaning_colab_ultra
4136,1,1.0,1,challenge_08_knn_cleaning_colab_ultra
4137,0,0.0,0,challenge_08_knn_cleaning_colab_ultra
4138,1,1.0,1,challenge_08_knn_cleaning_colab_ultra
4139,0,0.0,0,challenge_08_knn_cleaning_colab_ultra
4140,1,1.0,1,challenge_08_knn_cleaning_colab_ultra
4141,0,0.39414072,0,challenge_08_knn_cleaning_colab_ultra
4142,1,0.50133216,1,challenge_08_knn_cleaning_colab_ultra
4143,0,1.0,1,challenge_08_knn_cleaning_colab_ultra
4144,1,1.0,1,challenge_08_knn_cleaning_colab_ultra
4145,0,1.0,1,challenge_08_knn_cleaning_colab_ultra
4146,1,0.49817228,0,challenge_08_knn_cleaning_colab_ultra
4147,1,0.49999517,0,challenge_08_knn_cleaning_colab_ultra
4148,1,1.0,1,challenge_08_knn_cleaning_colab_ultra
4149,0,0.0,0,challenge_08_knn_cleaning_colab_ultra
4150,0,0.0,0,challenge_08_knn_cleaning_colab_ultra
4151,0,0.0,0,challenge_08_knn_cleaning_colab_ultra
4152,1,0.52584803,1,challenge_08_knn_cleaning_colab_ultra
4153,0,0.0,0,challenge_08_knn_cleaning_colab_ultra
4154,0,0.5014693,1,challenge_08_knn_cleaning_colab_ultra
4155,0,0.5130867,1,challenge_08_knn_cleaning_colab_ultra
4156,1,1.0,1,challenge_08_knn_cleaning_colab_ultra
4157,0,1.0,1,challenge_08_knn_cleaning_colab_ultra
4158,1,0.49825737,0,challenge_08_knn_cleaning_colab_ultra
4159,1,1.0,1,challenge_08_knn_cleaning_colab_ultra
4160,0,0.0,0,challenge_08_knn_cleaning_colab_ultra
4161,0,0.48708308,0,challenge_08_knn_cleaning_colab_ultra
4162,0,0.0,0,challenge_08_knn_cleaning_colab_ultra
4163,1,1.0,1,challenge_08_knn_cleaning_colab_ultra
4164,1,1.0,1,challenge_08_knn_cleaning_colab_ultra
4165,1,1.0,1,challenge_08_knn_cleaning_colab_ultra
4166,0,0.0,0,challenge_08_knn_cleaning_colab_ultra
4167,1,1.0,1,challenge_08_knn_cleaning_colab_ultra
4168,1,1.0,1,challenge_08_knn_cleaning_colab_ultra
4169,0,0.0,0,challenge_08_knn_cleaning_colab_ultra
4170,0,0.43148038,0,challenge_08_knn_cleaning_colab_ultra
4171,1,0.0,0,challenge_08_knn_cleaning_colab_ultra
4172,0,0.0,0,challenge_08_knn_cleaning_colab_ultra
4173,1,1.0,1,challenge_08_knn_cleaning_colab_ultra
4174,1,0.50250083,1,challenge_08_knn_cleaning_colab_ultra
4175,0,0.0,0,challenge_08_knn_cleaning_colab_ultra
4176,0,0.4756018,0,challenge_08_knn_cleaning_colab_ultra
4177,0,0.4948926,0,challenge_08_knn_cleaning_colab_ultra
4178,0,0.4190365,0,challenge_08_knn_cleaning_colab_ultra
4179,0,0.0,0,challenge_08_knn_cleaning_colab_ultra
4180,0,0.49481633,0,challenge_08_knn_cleaning_colab_ultra
4181,0,0.0,0,challenge_08_knn_cleaning_colab_ultra
4182,1,1.0,1,challenge_08_knn_cleaning_colab_ultra
4183,1,1.0,1,challenge_08_knn_cleaning_colab_ultra
4184,1,0.0,0,challenge_08_knn_cleaning_colab_ultra
4185,1,1.0,1,challenge_08_knn_cleaning_colab_ultra
4186,1,1.0,1,challenge_08_knn_cleaning_colab_ultra
4187,0,0.49879158,0,challenge_08_knn_cleaning_colab_ultra
4188,0,0.48733464,0,challenge_08_knn_cleaning_colab_ultra
4189,0,0.0,0,challenge_08_knn_cleaning_colab_ultra
4190,0,0.50536954,1,challenge_08_knn_cleaning_colab_ultra
4191,0,0.48088586,0,challenge_08_knn_cleaning_colab_ultra
4192,0,0.0,0,challenge_08_knn_cleaning_colab_ultra
4193,0,0.50808185,1,challenge_08_knn_cleaning_colab_ultra
4194,0,0.503434,1,challenge_08_knn_cleaning_colab_ultra
4195,1,1.0,1,challenge_08_knn_cleaning_colab_ultra
4196,0,0.53449786,1,challenge_08_knn_cleaning_colab_ultra
4197,1,0.50531745,1,challenge_08_knn_cleaning_colab_ultra
4198,1,1.0,1,challenge_08_knn_cleaning_colab_ultra
4199,0,0.0,0,challenge_08_knn_cleaning_colab_ultra
4200,0,0.44334397,0,challenge_08_knn_cleaning_colab_ultra
4201,1,1.0,1,challenge_08_knn_cleaning_colab_ultra
4202,1,1.0,1,challenge_08_knn_cleaning_colab_ultra
4203,0,0.0,0,challenge_08_knn_cleaning_colab_ultra
4204,0,0.49012122,0,challenge_08_knn_cleaning_colab_ultra
4205,0,0.0,0,challenge_08_knn_cleaning_colab_ultra
4206,1,1.0,1,challenge_08_knn_cleaning_colab_ultra
4207,1,1.0,1,challenge_08_knn_cleaning_colab_ultra
4208,1,1.0,1,challenge_08_knn_cleaning_colab_ultra
4209,0,0.0,0,challenge_08_knn_cleaning_colab_ultra
4210,1,1.0,1,challenge_08_knn_cleaning_colab_ultra
4211,0,0.0,0,challenge_08_knn_cleaning_colab_ultra
4212,0,0.0,0,challenge_08_knn_cleaning_colab_ultra
4213,1,1.0,1,challenge_08_knn_cleaning_colab_ultra
4214,0,0.49798745,0,challenge_08_knn_cleaning_colab_ultra
4215,1,1.0,1,challenge_08_knn_cleaning_colab_ultra
4216,0,0.0,0,challenge_08_knn_cleaning_colab_ultra
4217,0,0.0,0,challenge_08_knn_cleaning_colab_ultra
4218,1,1.0,1,challenge_08_knn_cleaning_colab_ultra
4219,0,0.0,0,challenge_08_knn_cleaning_colab_ultra
4220,1,1.0,1,challenge_08_knn_cleaning_colab_ultra
4221,0,1.0,1,challenge_08_knn_cleaning_colab_ultra
4222,0,0.0,0,challenge_08_knn_cleaning_colab_ultra
4223,1,1.0,1,challenge_08_knn_cleaning_colab_ultra
4224,0,0.48755968,0,challenge_08_knn_cleaning_colab_ultra
4225,0,0.0,0,challenge_08_knn_cleaning_colab_ultra
4226,1,1.0,1,challenge_08_knn_cleaning_colab_ultra
4227,0,0.0,0,challenge_08_knn_cleaning_colab_ultra
4228,0,0.0,0,challenge_08_knn_cleaning_colab_ultra
4229,0,0.502089,1,challenge_08_knn_cleaning_colab_ultra
4230,0,0.0,0,challenge_08_knn_cleaning_colab_ultra
4231,1,0.49330917,0,challenge_08_knn_cleaning_colab_ultra
4232,1,1.0,1,challenge_08_knn_cleaning_colab_ultra
4233,0,0.49982804,0,challenge_08_knn_cleaning_colab_ultra
4234,0,0.0,0,challenge_08_knn_cleaning_colab_ultra
4235,1,1.0,1,challenge_08_knn_cleaning_colab_ultra
4236,0,0.0,0,challenge_08_knn_cleaning_colab_ultra
4237,0,0.0,0,challenge_08_knn_cleaning_colab_ultra
4238,1,1.0,1,challenge_08_knn_cleaning_colab_ultra
4239,0,0.0,0,challenge_08_knn_cleaning_colab_ultra
4240,1,0.50667655,1,challenge_08_knn_cleaning_colab_ultra
4241,1,1.0,1,challenge_08_knn_cleaning_colab_ultra
4242,1,1.0,1,challenge_08_knn_cleaning_colab_ultra
4243,1,0.0,0,challenge_08_knn_cleaning_colab_ultra
4244,0,0.50310045,1,challenge_08_knn_cleaning_colab_ultra
4245,0,0.0,0,challenge_08_knn_cleaning_colab_ultra
4246,0,0.47685036,0,challenge_08_knn_cleaning_colab_ultra
4247,1,0.48685783,0,challenge_08_knn_cleaning_colab_ultra
4248,0,0.0,0,challenge_08_knn_cleaning_colab_ultra
4249,0,0.0,0,challenge_08_knn_cleaning_colab_ultra
4250,1,1.0,1,challenge_08_knn_cleaning_colab_ultra
4251,1,1.0,1,challenge_08_knn_cleaning_colab_ultra
4252,0,0.0,0,challenge_08_knn_cleaning_colab_ultra
4253,0,0.0,0,challenge_08_knn_cleaning_colab_ultra
4254,0,0.0,0,challenge_08_knn_cleaning_colab_ultra
4255,0,0.0,0,challenge_08_knn_cleaning_colab_ultra
4256,1,1.0,1,challenge_08_knn_cleaning_colab_ultra
4257,1,1.0,1,challenge_08_knn_cleaning_colab_ultra
4258,1,1.0,1,challenge_08_knn_cleaning_colab_ultra
4259,0,0.38954356,0,challenge_08_knn_cleaning_colab_ultra
4260,1,1.0,1,challenge_08_knn_cleaning_colab_ultra
4261,0,0.50748104,1,challenge_08_knn_cleaning_colab_ultra
4262,1,0.5144228,1,challenge_08_knn_cleaning_colab_ultra
4263,0,0.0,0,challenge_08_knn_cleaning_colab_ultra
4264,0,0.0,0,challenge_08_knn_cleaning_colab_ultra
4265,1,1.0,1,challenge_08_knn_cleaning_colab_ultra
4266,0,0.50692374,1,challenge_08_knn_cleaning_colab_ultra
4267,0,0.0,0,challenge_08_knn_cleaning_colab_ultra
4268,0,0.0,0,challenge_08_knn_cleaning_colab_ultra
4269,0,0.0,0,challenge_08_knn_cleaning_colab_ultra
4270,1,0.49451405,0,challenge_08_knn_cleaning_colab_ultra
4271,1,0.5658171,1,challenge_08_knn_cleaning_colab_ultra
4272,0,0.0,0,challenge_08_knn_cleaning_colab_ultra
4273,0,0.0,0,challenge_08_knn_cleaning_colab_ultra
4274,1,1.0,1,challenge_08_knn_cleaning_colab_ultra
4275,1,0.49620324,0,challenge_08_knn_cleaning_colab_ultra
4276,1,0.5253357,1,challenge_08_knn_cleaning_colab_ultra
4277,1,0.49823773,0,challenge_08_knn_cleaning_colab_ultra
4278,1,0.0,0,challenge_08_knn_cleaning_colab_ultra
4279,0,0.49923512,0,challenge_08_knn_cleaning_colab_ultra
4280,0,0.0,0,challenge_08_knn_cleaning_colab_ultra
4281,1,1.0,1,challenge_08_knn_cleaning_colab_ultra
4282,1,1.0,1,challenge_08_knn_cleaning_colab_ultra
4283,0,1.0,1,challenge_08_knn_cleaning_colab_ultra
4284,1,1.0,1,challenge_08_knn_cleaning_colab_ultra
4285,0,0.51195085,1,challenge_08_knn_cleaning_colab_ultra
4286,1,0.50162345,1,challenge_08_knn_cleaning_colab_ultra
4287,0,1.0,1,challenge_08_knn_cleaning_colab_ultra
4288,1,1.0,1,challenge_08_knn_cleaning_colab_ultra
4289,0,0.0,0,challenge_08_knn_cleaning_colab_ultra
4290,0,0.0,0,challenge_08_knn_cleaning_colab_ultra
4291,0,0.5004301,1,challenge_08_knn_cleaning_colab_ultra
4292,1,1.0,1,challenge_08_knn_cleaning_colab_ultra
4293,1,1.0,1,challenge_08_knn_cleaning_colab_ultra
4294,1,0.48103863,0,challenge_08_knn_cleaning_colab_ultra
4295,1,1.0,1,challenge_08_knn_cleaning_colab_ultra
4296,1,0.5011995,1,challenge_08_knn_cleaning_colab_ultra
4297,0,1.0,1,challenge_08_knn_cleaning_colab_ultra
4298,1,0.52240413,1,challenge_08_knn_cleaning_colab_ultra
4299,1,1.0,1,challenge_08_knn_cleaning_colab_ultra
4300,1,1.0,1,challenge_08_knn_cleaning_colab_ultra
4301,1,1.0,1,challenge_08_knn_cleaning_colab_ultra
4302,1,1.0,1,challenge_08_knn_cleaning_colab_ultra
4303,1,1.0,1,challenge_08_knn_cleaning_colab_ultra
4304,1,0.49441376,0,challenge_08_knn_cleaning_colab_ultra
4305,0,1.0,1,challenge_08_knn_cleaning_colab_ultra
4306,0,0.47984058,0,challenge_08_knn_cleaning_colab_ultra
4307,1,0.49700686,0,challenge_08_knn_cleaning_colab_ultra
4308,0,0.4968009,0,challenge_08_knn_cleaning_colab_ultra
4309,1,1.0,1,challenge_08_knn_cleaning_colab_ultra
4310,0,1.0,1,challenge_08_knn_cleaning_colab_ultra
4311,0,0.0,0,challenge_08_knn_cleaning_colab_ultra
4312,1,1.0,1,challenge_08_knn_cleaning_colab_ultra
4313,1,1.0,1,challenge_08_knn_cleaning_colab_ultra
4314,1,1.0,1,challenge_08_knn_cleaning_colab_ultra
4315,0,0.0,0,challenge_08_knn_cleaning_colab_ultra
4316,1,1.0,1,challenge_08_knn_cleaning_colab_ultra
4317,1,1.0,1,challenge_08_knn_cleaning_colab_ultra
4318,1,0.49583519,0,challenge_08_knn_cleaning_colab_ultra
4319,1,1.0,1,challenge_08_knn_cleaning_colab_ultra
4320,0,0.0,0,challenge_08_knn_cleaning_colab_ultra
4321,0,1.0,1,challenge_08_knn_cleaning_colab_ultra
4322,0,0.0,0,challenge_08_knn_cleaning_colab_ultra
4323,1,0.5167608,1,challenge_08_knn_cleaning_colab_ultra
4324,1,1.0,1,challenge_08_knn_cleaning_colab_ultra
4325,0,0.0,0,challenge_08_knn_cleaning_colab_ultra
4326,1,0.51756877,1,challenge_08_knn_cleaning_colab_ultra
4327,0,0.4853483,0,challenge_08_knn_cleaning_colab_ultra
4328,1,1.0,1,challenge_08_knn_cleaning_colab_ultra
4329,1,1.0,1,challenge_08_knn_cleaning_colab_ultra
4330,1,1.0,1,challenge_08_knn_cleaning_colab_ultra
4331,1,0.4780948,0,challenge_08_knn_cleaning_colab_ultra
4332,0,1.0,1,challenge_08_knn_cleaning_colab_ultra
4333,0,0.0,0,challenge_08_knn_cleaning_colab_ultra
4334,1,0.50951624,1,challenge_08_knn_cleaning_colab_ultra
4335,0,0.0,0,challenge_08_knn_cleaning_colab_ultra
4336,1,1.0,1,challenge_08_knn_cleaning_colab_ultra
4337,1,1.0,1,challenge_08_knn_cleaning_colab_ultra
4338,1,1.0,1,challenge_08_knn_cleaning_colab_ultra
4339,0,0.462809,0,challenge_08_knn_cleaning_colab_ultra
4340,1,1.0,1,challenge_08_knn_cleaning_colab_ultra
4341,0,0.0,0,challenge_08_knn_cleaning_colab_ultra
4342,0,0.0,0,challenge_08_knn_cleaning_colab_ultra
4343,1,1.0,1,challenge_08_knn_cleaning_colab_ultra
4344,0,0.0,0,challenge_08_knn_cleaning_colab_ultra
4345,1,1.0,1,challenge_08_knn_cleaning_colab_ultra
4346,1,0.5008624,1,challenge_08_knn_cleaning_colab_ultra
4347,0,0.48904544,0,challenge_08_knn_cleaning_colab_ultra
4348,0,0.458494,0,challenge_08_knn_cleaning_colab_ultra
4349,0,0.49190196,0,challenge_08_knn_cleaning_colab_ultra
4350,0,0.0,0,challenge_08_knn_cleaning_colab_ultra
4351,0,0.0,0,challenge_08_knn_cleaning_colab_ultra
4352,0,0.0,0,challenge_08_knn_cleaning_colab_ultra
4353,0,0.5101981,1,challenge_08_knn_cleaning_colab_ultra
4354,1,1.0,1,challenge_08_knn_cleaning_colab_ultra
4355,0,0.0,0,challenge_08_knn_cleaning_colab_ultra
4356,0,0.0,0,challenge_08_knn_cleaning_colab_ultra
4357,1,1.0,1,challenge_08_knn_cleaning_colab_ultra
4358,0,0.49073058,0,challenge_08_knn_cleaning_colab_ultra
4359,0,0.4250456,0,challenge_08_knn_cleaning_colab_ultra
4360,0,0.45843127,0,challenge_08_knn_cleaning_colab_ultra
4361,0,0.0,0,challenge_08_knn_cleaning_colab_ultra
4362,0,0.0,0,challenge_08_knn_cleaning_colab_ultra
4363,0,0.0,0,challenge_08_knn_cleaning_colab_ultra
4364,1,1.0,1,challenge_08_knn_cleaning_colab_ultra
4365,1,1.0,1,challenge_08_knn_cleaning_colab_ultra
4366,0,0.0,0,challenge_08_knn_cleaning_colab_ultra
4367,1,1.0,1,challenge_08_knn_cleaning_colab_ultra
4368,1,1.0,1,challenge_08_knn_cleaning_colab_ultra
4369,1,0.49485698,0,challenge_08_knn_cleaning_colab_ultra
4370,1,1.0,1,challenge_08_knn_cleaning_colab_ultra
4371,0,1.0,1,challenge_08_knn_cleaning_colab_ultra
4372,1,0.0,0,challenge_08_knn_cleaning_colab_ultra
4373,1,1.0,1,challenge_08_knn_cleaning_colab_ultra
4374,0,0.0,0,challenge_08_knn_cleaning_colab_ultra
4375,1,1.0,1,challenge_08_knn_cleaning_colab_ultra
4376,0,0.50558597,1,challenge_08_knn_cleaning_colab_ultra
4377,0,0.0,0,challenge_08_knn_cleaning_colab_ultra
4378,0,0.0,0,challenge_08_knn_cleaning_colab_ultra
4379,0,0.0,0,challenge_08_knn_cleaning_colab_ultra
4380,0,0.0,0,challenge_08_knn_cleaning_colab_ultra
4381,1,0.4683179,0,challenge_08_knn_cleaning_colab_ultra
4382,1,1.0,1,challenge_08_knn_cleaning_colab_ultra
4383,1,1.0,1,challenge_08_knn_cleaning_colab_ultra
4384,0,0.47781542,0,challenge_08_knn_cleaning_colab_ultra
4385,1,1.0,1,challenge_08_knn_cleaning_colab_ultra
4386,0,0.0,0,challenge_08_knn_cleaning_colab_ultra
4387,0,0.47751594,0,challenge_08_knn_cleaning_colab_ultra
4388,1,0.51451075,1,challenge_08_knn_cleaning_colab_ultra
4389,1,0.5111591,1,challenge_08_knn_cleaning_colab_ultra
4390,1,1.0,1,challenge_08_knn_cleaning_colab_ultra
4391,0,0.0,0,challenge_08_knn_cleaning_colab_ultra
4392,1,1.0,1,challenge_08_knn_cleaning_colab_ultra
4393,1,0.5041522,1,challenge_08_knn_cleaning_colab_ultra
4394,0,0.0,0,challenge_08_knn_cleaning_colab_ultra
4395,1,1.0,1,challenge_08_knn_cleaning_colab_ultra
4396,1,0.50299084,1,challenge_08_knn_cleaning_colab_ultra
4397,1,1.0,1,challenge_08_knn_cleaning_colab_ultra
4398,1,1.0,1,challenge_08_knn_cleaning_colab_ultra
4399,0,0.0,0,challenge_08_knn_cleaning_colab_ultra
4400,0,0.0,0,challenge_08_knn_cleaning_colab_ultra
4401,0,0.5138123,1,challenge_08_knn_cleaning_colab_ultra
4402,0,0.48840186,0,challenge_08_knn_cleaning_colab_ultra
4403,1,1.0,1,challenge_08_knn_cleaning_colab_ultra
4404,0,0.0,0,challenge_08_knn_cleaning_colab_ultra
4405,0,0.0,0,challenge_08_knn_cleaning_colab_ultra
4406,0,0.48272383,0,challenge_08_knn_cleaning_colab_ultra
4407,0,0.48133278,0,challenge_08_knn_cleaning_colab_ultra
4408,1,1.0,1,challenge_08_knn_cleaning_colab_ultra
4409,0,0.5047036,1,challenge_08_knn_cleaning_colab_ultra
4410,0,0.0,0,challenge_08_knn_cleaning_colab_ultra
4411,1,0.52297014,1,challenge_08_knn_cleaning_colab_ultra
4412,1,1.0,1,challenge_08_knn_cleaning_colab_ultra
4413,0,1.0,1,challenge_08_knn_cleaning_colab_ultra
4414,0,0.0,0,challenge_08_knn_cleaning_colab_ultra
4415,0,0.0,0,challenge_08_knn_cleaning_colab_ultra
4416,1,0.5183918,1,challenge_08_knn_cleaning_colab_ultra
4417,1,0.49265572,0,challenge_08_knn_cleaning_colab_ultra
4418,0,0.0,0,challenge_08_knn_cleaning_colab_ultra
4419,0,1.0,1,challenge_08_knn_cleaning_colab_ultra
4420,1,1.0,1,challenge_08_knn_cleaning_colab_ultra
4421,1,0.506059,1,challenge_08_knn_cleaning_colab_ultra
4422,0,0.47112492,0,challenge_08_knn_cleaning_colab_ultra
4423,0,1.0,1,challenge_08_knn_cleaning_colab_ultra
4424,0,0.0,0,challenge_08_knn_cleaning_colab_ultra
4425,0,0.0,0,challenge_08_knn_cleaning_colab_ultra
4426,0,0.0,0,challenge_08_knn_cleaning_colab_ultra
4427,1,1.0,1,challenge_08_knn_cleaning_colab_ultra
4428,0,0.43318138,0,challenge_08_knn_cleaning_colab_ultra
4429,0,0.0,0,challenge_08_knn_cleaning_colab_ultra
4430,0,0.0,0,challenge_08_knn_cleaning_colab_ultra
4431,0,1.0,1,challenge_08_knn_cleaning_colab_ultra
4432,0,0.5183108,1,challenge_08_knn_cleaning_colab_ultra
4433,1,0.49961528,0,challenge_08_knn_cleaning_colab_ultra
4434,1,1.0,1,challenge_08_knn_cleaning_colab_ultra
4435,1,1.0,1,challenge_08_knn_cleaning_colab_ultra
4436,0,0.4922676,0,challenge_08_knn_cleaning_colab_ultra
4437,0,0.49259198,0,challenge_08_knn_cleaning_colab_ultra
4438,0,0.0,0,challenge_08_knn_cleaning_colab_ultra
4439,0,0.0,0,challenge_08_knn_cleaning_colab_ultra
4440,1,1.0,1,challenge_08_knn_cleaning_colab_ultra
4441,1,1.0,1,challenge_08_knn_cleaning_colab_ultra
4442,0,0.0,0,challenge_08_knn_cleaning_colab_ultra
4443,1,0.0,0,challenge_08_knn_cleaning_colab_ultra
4444,0,0.48728895,0,challenge_08_knn_cleaning_colab_ultra
4445,0,1.0,1,challenge_08_knn_cleaning_colab_ultra
4446,1,1.0,1,challenge_08_knn_cleaning_colab_ultra
4447,0,0.0,0,challenge_08_knn_cleaning_colab_ultra
4448,0,0.0,0,challenge_08_knn_cleaning_colab_ultra
4449,1,1.0,1,challenge_08_knn_cleaning_colab_ultra
4450,1,0.0,0,challenge_08_knn_cleaning_colab_ultra
4451,1,0.0,0,challenge_08_knn_cleaning_colab_ultra
4452,1,1.0,1,challenge_08_knn_cleaning_colab_ultra
4453,0,0.0,0,challenge_08_knn_cleaning_colab_ultra
4454,1,1.0,1,challenge_08_knn_cleaning_colab_ultra
4455,0,0.0,0,challenge_08_knn_cleaning_colab_ultra
4456,1,1.0,1,challenge_08_knn_cleaning_colab_ultra
4457,1,1.0,1,challenge_08_knn_cleaning_colab_ultra
4458,1,0.0,0,challenge_08_knn_cleaning_colab_ultra
4459,0,0.0,0,challenge_08_knn_cleaning_colab_ultra
4460,0,0.52766997,1,challenge_08_knn_cleaning_colab_ultra
4461,1,0.5226242,1,challenge_08_knn_cleaning_colab_ultra
4462,1,1.0,1,challenge_08_knn_cleaning_colab_ultra
4463,1,0.5186857,1,challenge_08_knn_cleaning_colab_ultra
4464,1,0.5057519,1,challenge_08_knn_cleaning_colab_ultra
4465,1,1.0,1,challenge_08_knn_cleaning_colab_ultra
4466,1,1.0,1,challenge_08_knn_cleaning_colab_ultra
4467,0,1.0,1,challenge_08_knn_cleaning_colab_ultra
4468,1,1.0,1,challenge_08_knn_cleaning_colab_ultra
4469,0,0.4837705,0,challenge_08_knn_cleaning_colab_ultra
4470,1,1.0,1,challenge_08_knn_cleaning_colab_ultra
4471,1,1.0,1,challenge_08_knn_cleaning_colab_ultra
4472,1,1.0,1,challenge_08_knn_cleaning_colab_ultra
4473,1,1.0,1,challenge_08_knn_cleaning_colab_ultra
4474,0,0.0,0,challenge_08_knn_cleaning_colab_ultra
4475,0,0.0,0,challenge_08_knn_cleaning_colab_ultra
4476,1,0.5117724,1,challenge_08_knn_cleaning_colab_ultra
4477,0,0.0,0,challenge_08_knn_cleaning_colab_ultra
4478,1,1.0,1,challenge_08_knn_cleaning_colab_ultra
4479,0,1.0,1,challenge_08_knn_cleaning_colab_ultra
4480,1,1.0,1,challenge_08_knn_cleaning_colab_ultra
4481,0,1.0,1,challenge_08_knn_cleaning_colab_ultra
4482,0,0.49548647,0,challenge_08_knn_cleaning_colab_ultra
4483,0,0.0,0,challenge_08_knn_cleaning_colab_ultra
4484,1,1.0,1,challenge_08_knn_cleaning_colab_ultra
4485,0,0.0,0,challenge_08_knn_cleaning_colab_ultra
4486,1,0.5102905,1,challenge_08_knn_cleaning_colab_ultra
4487,1,0.5019321,1,challenge_08_knn_cleaning_colab_ultra
4488,1,1.0,1,challenge_08_knn_cleaning_colab_ultra
4489,1,1.0,1,challenge_08_knn_cleaning_colab_ultra
4490,1,0.5233024,1,challenge_08_knn_cleaning_colab_ultra
4491,0,0.4737761,0,challenge_08_knn_cleaning_colab_ultra
4492,0,0.0,0,challenge_08_knn_cleaning_colab_ultra
4493,0,0.0,0,challenge_08_knn_cleaning_colab_ultra
4494,0,0.0,0,challenge_08_knn_cleaning_colab_ultra
4495,1,1.0,1,challenge_08_knn_cleaning_colab_ultra
4496,0,0.0,0,challenge_08_knn_cleaning_colab_ultra
4497,1,1.0,1,challenge_08_knn_cleaning_colab_ultra
4498,1,1.0,1,challenge_08_knn_cleaning_colab_ultra
4499,1,1.0,1,challenge_08_knn_cleaning_colab_ultra
4500,1,0.0,0,challenge_08_knn_cleaning_colab_ultra
4501,1,0.0,0,challenge_08_knn_cleaning_colab_ultra
4502,1,1.0,1,challenge_08_knn_cleaning_colab_ultra
4503,0,0.0,0,challenge_08_knn_cleaning_colab_ultra
4504,1,0.0,0,challenge_08_knn_cleaning_colab_ultra
4505,1,0.0,0,challenge_08_knn_cleaning_colab_ultra
4506,0,1.0,1,challenge_08_knn_cleaning_colab_ultra
4507,1,1.0,1,challenge_08_knn_cleaning_colab_ultra
4508,1,1.0,1,challenge_08_knn_cleaning_colab_ultra
4509,0,1.0,1,challenge_08_knn_cleaning_colab_ultra
4510,0,0.0,0,challenge_08_knn_cleaning_colab_ultra
4511,1,1.0,1,challenge_08_knn_cleaning_colab_ultra
4512,0,1.0,1,challenge_08_knn_cleaning_colab_ultra
4513,1,0.51806927,1,challenge_08_knn_cleaning_colab_ultra
4514,1,1.0,1,challenge_08_knn_cleaning_colab_ultra
4515,0,0.49395037,0,challenge_08_knn_cleaning_colab_ultra
4516,1,1.0,1,challenge_08_knn_cleaning_colab_ultra
4517,1,0.512562,1,challenge_08_knn_cleaning_colab_ultra
4518,1,0.51839435,1,challenge_08_knn_cleaning_colab_ultra
4519,0,1.0,1,challenge_08_knn_cleaning_colab_ultra
4520,1,1.0,1,challenge_08_knn_cleaning_colab_ultra
4521,1,1.0,1,challenge_08_knn_cleaning_colab_ultra
4522,0,0.0,0,challenge_08_knn_cleaning_colab_ultra
4523,1,0.5095868,1,challenge_08_knn_cleaning_colab_ultra
4524,0,0.49695796,0,challenge_08_knn_cleaning_colab_ultra
4525,1,0.51419574,1,challenge_08_knn_cleaning_colab_ultra
4526,0,0.0,0,challenge_08_knn_cleaning_colab_ultra
4527,1,0.5011807,1,challenge_08_knn_cleaning_colab_ultra
4528,1,1.0,1,challenge_08_knn_cleaning_colab_ultra
4529,1,1.0,1,challenge_08_knn_cleaning_colab_ultra
4530,0,0.0,0,challenge_08_knn_cleaning_colab_ultra
4531,1,1.0,1,challenge_08_knn_cleaning_colab_ultra
4532,1,0.5180661,1,challenge_08_knn_cleaning_colab_ultra
4533,1,1.0,1,challenge_08_knn_cleaning_colab_ultra
4534,1,1.0,1,challenge_08_knn_cleaning_colab_ultra
4535,0,0.0,0,challenge_08_knn_cleaning_colab_ultra
4536,1,1.0,1,challenge_08_knn_cleaning_colab_ultra
4537,0,0.51655954,1,challenge_08_knn_cleaning_colab_ultra
4538,0,1.0,1,challenge_08_knn_cleaning_colab_ultra
4539,0,0.5202115,1,challenge_08_knn_cleaning_colab_ultra
4540,1,1.0,1,challenge_08_knn_cleaning_colab_ultra
4541,1,1.0,1,challenge_08_knn_cleaning_colab_ultra
4542,1,1.0,1,challenge_08_knn_cleaning_colab_ultra
4543,1,1.0,1,challenge_08_knn_cleaning_colab_ultra
4544,1,1.0,1,challenge_08_knn_cleaning_colab_ultra
4545,0,0.49499762,0,challenge_08_knn_cleaning_colab_ultra
4546,1,0.4712719,0,challenge_08_knn_cleaning_colab_ultra
4547,0,0.0,0,challenge_08_knn_cleaning_colab_ultra
4548,1,1.0,1,challenge_08_knn_cleaning_colab_ultra
4549,1,1.0,1,challenge_08_knn_cleaning_colab_ultra
4550,1,1.0,1,challenge_08_knn_cleaning_colab_ultra
4551,1,0.0,0,challenge_08_knn_cleaning_colab_ultra
4552,1,0.50604343,1,challenge_08_knn_cleaning_colab_ultra
4553,1,1.0,1,challenge_08_knn_cleaning_colab_ultra
4554,0,0.49906608,0,challenge_08_knn_cleaning_colab_ultra
4555,0,0.5102163,1,challenge_08_knn_cleaning_colab_ultra
4556,1,0.0,0,challenge_08_knn_cleaning_colab_ultra
4557,0,0.4524636,0,challenge_08_knn_cleaning_colab_ultra
4558,0,0.50729793,1,challenge_08_knn_cleaning_colab_ultra
4559,0,0.0,0,challenge_08_knn_cleaning_colab_ultra
4560,0,0.5137869,1,challenge_08_knn_cleaning_colab_ultra
4561,0,0.4993923,0,challenge_08_knn_cleaning_colab_ultra
4562,1,0.5064741,1,challenge_08_knn_cleaning_colab_ultra
4563,0,0.0,0,challenge_08_knn_cleaning_colab_ultra
4564,0,0.0,0,challenge_08_knn_cleaning_colab_ultra
4565,1,1.0,1,challenge_08_knn_cleaning_colab_ultra
4566,0,0.0,0,challenge_08_knn_cleaning_colab_ultra
4567,0,0.5270091,1,challenge_08_knn_cleaning_colab_ultra
4568,1,0.49487263,0,challenge_08_knn_cleaning_colab_ultra
4569,1,1.0,1,challenge_08_knn_cleaning_colab_ultra
4570,0,0.0,0,challenge_08_knn_cleaning_colab_ultra
4571,1,1.0,1,challenge_08_knn_cleaning_colab_ultra
4572,1,1.0,1,challenge_08_knn_cleaning_colab_ultra
4573,1,0.53941536,1,challenge_08_knn_cleaning_colab_ultra
4574,0,1.0,1,challenge_08_knn_cleaning_colab_ultra
4575,0,0.49511662,0,challenge_08_knn_cleaning_colab_ultra
4576,1,1.0,1,challenge_08_knn_cleaning_colab_ultra
4577,0,0.0,0,challenge_08_knn_cleaning_colab_ultra
4578,0,0.4946828,0,challenge_08_knn_cleaning_colab_ultra
4579,0,0.0,0,challenge_08_knn_cleaning_colab_ultra
4580,1,1.0,1,challenge_08_knn_cleaning_colab_ultra
4581,1,1.0,1,challenge_08_knn_cleaning_colab_ultra
4582,1,0.0,0,challenge_08_knn_cleaning_colab_ultra
4583,1,1.0,1,challenge_08_knn_cleaning_colab_ultra
4584,0,0.534063,1,challenge_08_knn_cleaning_colab_ultra
4585,1,1.0,1,challenge_08_knn_cleaning_colab_ultra
4586,0,0.0,0,challenge_08_knn_cleaning_colab_ultra
4587,0,1.0,1,challenge_08_knn_cleaning_colab_ultra
4588,1,0.5021086,1,challenge_08_knn_cleaning_colab_ultra
4589,0,0.50048107,1,challenge_08_knn_cleaning_colab_ultra
4590,1,0.49609065,0,challenge_08_knn_cleaning_colab_ultra
4591,0,0.0,0,challenge_08_knn_cleaning_colab_ultra
4592,1,1.0,1,challenge_08_knn_cleaning_colab_ultra
4593,0,0.0,0,challenge_08_knn_cleaning_colab_ultra
4594,0,0.0,0,challenge_08_knn_cleaning_colab_ultra
4595,1,1.0,1,challenge_08_knn_cleaning_colab_ultra
4596,1,1.0,1,challenge_08_knn_cleaning_colab_ultra
4597,0,0.0,0,challenge_08_knn_cleaning_colab_ultra
4598,1,1.0,1,challenge_08_knn_cleaning_colab_ultra
4599,0,0.49587634,0,challenge_08_knn_cleaning_colab_ultra
4600,0,0.50086427,1,challenge_08_knn_cleaning_colab_ultra
4601,0,0.0,0,challenge_08_knn_cleaning_colab_ultra
4602,1,0.5083797,1,challenge_08_knn_cleaning_colab_ultra
4603,0,0.49016568,0,challenge_08_knn_cleaning_colab_ultra
4604,1,0.5237406,1,challenge_08_knn_cleaning_colab_ultra
4605,0,0.51155,1,challenge_08_knn_cleaning_colab_ultra
4606,0,0.0,0,challenge_08_knn_cleaning_colab_ultra
4607,0,0.0,0,challenge_08_knn_cleaning_colab_ultra
4608,1,1.0,1,challenge_08_knn_cleaning_colab_ultra
4609,0,0.0,0,challenge_08_knn_cleaning_colab_ultra
4610,0,0.0,0,challenge_08_knn_cleaning_colab_ultra
4611,1,1.0,1,challenge_08_knn_cleaning_colab_ultra
4612,0,0.0,0,challenge_08_knn_cleaning_colab_ultra
4613,0,0.5001797,1,challenge_08_knn_cleaning_colab_ultra
4614,1,1.0,1,challenge_08_knn_cleaning_colab_ultra
4615,0,0.0,0,challenge_08_knn_cleaning_colab_ultra
4616,1,1.0,1,challenge_08_knn_cleaning_colab_ultra
4617,1,1.0,1,challenge_08_knn_cleaning_colab_ultra
4618,0,0.5051226,1,challenge_08_knn_cleaning_colab_ultra
4619,1,1.0,1,challenge_08_knn_cleaning_colab_ultra
4620,1,1.0,1,challenge_08_knn_cleaning_colab_ultra
4621,1,1.0,1,challenge_08_knn_cleaning_colab_ultra
4622,0,0.48780298,0,challenge_08_knn_cleaning_colab_ultra
4623,1,1.0,1,challenge_08_knn_cleaning_colab_ultra
4624,1,1.0,1,challenge_08_knn_cleaning_colab_ultra
4625,1,1.0,1,challenge_08_knn_cleaning_colab_ultra
4626,1,1.0,1,challenge_08_knn_cleaning_colab_ultra
4627,1,1.0,1,challenge_08_knn_cleaning_colab_ultra
4628,0,0.0,0,challenge_08_knn_cleaning_colab_ultra
4629,0,0.0,0,challenge_08_knn_cleaning_colab_ultra
4630,1,0.50507945,1,challenge_08_knn_cleaning_colab_ultra
4631,1,1.0,1,challenge_08_knn_cleaning_colab_ultra
4632,0,0.48661917,0,challenge_08_knn_cleaning_colab_ultra
4633,1,1.0,1,challenge_08_knn_cleaning_colab_ultra
4634,0,0.0,0,challenge_08_knn_cleaning_colab_ultra
4635,1,1.0,1,challenge_08_knn_cleaning_colab_ultra
4636,1,1.0,1,challenge_08_knn_cleaning_colab_ultra
4637,0,0.0,0,challenge_08_knn_cleaning_colab_ultra
4638,0,1.0,1,challenge_08_knn_cleaning_colab_ultra
4639,1,1.0,1,challenge_08_knn_cleaning_colab_ultra
4640,0,0.0,0,challenge_08_knn_cleaning_colab_ultra
4641,0,1.0,1,challenge_08_knn_cleaning_colab_ultra
4642,1,0.50859356,1,challenge_08_knn_cleaning_colab_ultra
4643,1,0.5166091,1,challenge_08_knn_cleaning_colab_ultra
4644,1,1.0,1,challenge_08_knn_cleaning_colab_ultra
4645,1,1.0,1,challenge_08_knn_cleaning_colab_ultra
4646,1,1.0,1,challenge_08_knn_cleaning_colab_ultra
4647,0,0.0,0,challenge_08_knn_cleaning_colab_ultra
4648,1,0.53462166,1,challenge_08_knn_cleaning_colab_ultra
4649,0,1.0,1,challenge_08_knn_cleaning_colab_ultra
4650,0,0.0,0,challenge_08_knn_cleaning_colab_ultra
4651,1,1.0,1,challenge_08_knn_cleaning_colab_ultra
4652,0,0.0,0,challenge_08_knn_cleaning_colab_ultra
4653,1,1.0,1,challenge_08_knn_cleaning_colab_ultra
4654,0,0.0,0,challenge_08_knn_cleaning_colab_ultra
4655,0,0.0,0,challenge_08_knn_cleaning_colab_ultra
4656,0,0.0,0,challenge_08_knn_cleaning_colab_ultra
4657,0,0.50483674,1,challenge_08_knn_cleaning_colab_ultra
4658,1,1.0,1,challenge_08_knn_cleaning_colab_ultra
4659,0,0.0,0,challenge_08_knn_cleaning_colab_ultra
4660,1,0.0,0,challenge_08_knn_cleaning_colab_ultra
4661,0,0.49712938,0,challenge_08_knn_cleaning_colab_ultra
4662,0,0.0,0,challenge_08_knn_cleaning_colab_ultra
4663,0,0.0,0,challenge_08_knn_cleaning_colab_ultra
4664,1,0.5134831,1,challenge_08_knn_cleaning_colab_ultra
4665,1,0.49263108,0,challenge_08_knn_cleaning_colab_ultra
4666,1,1.0,1,challenge_08_knn_cleaning_colab_ultra
4667,0,0.50190383,1,challenge_08_knn_cleaning_colab_ultra
4668,1,1.0,1,challenge_08_knn_cleaning_colab_ultra
4669,1,1.0,1,challenge_08_knn_cleaning_colab_ultra
4670,1,1.0,1,challenge_08_knn_cleaning_colab_ultra
4671,1,1.0,1,challenge_08_knn_cleaning_colab_ultra
4672,1,1.0,1,challenge_08_knn_cleaning_colab_ultra
4673,0,0.0,0,challenge_08_knn_cleaning_colab_ultra
4674,0,0.49361297,0,challenge_08_knn_cleaning_colab_ultra
4675,1,1.0,1,challenge_08_knn_cleaning_colab_ultra
4676,1,1.0,1,challenge_08_knn_cleaning_colab_ultra
4677,1,0.5145458,1,challenge_08_knn_cleaning_colab_ultra
4678,1,1.0,1,challenge_08_knn_cleaning_colab_ultra
4679,0,0.0,0,challenge_08_knn_cleaning_colab_ultra
4680,1,1.0,1,challenge_08_knn_cleaning_colab_ultra
4681,1,0.0,0,challenge_08_knn_cleaning_colab_ultra
4682,1,1.0,1,challenge_08_knn_cleaning_colab_ultra
4683,1,1.0,1,challenge_08_knn_cleaning_colab_ultra
4684,1,1.0,1,challenge_08_knn_cleaning_colab_ultra
4685,1,1.0,1,challenge_08_knn_cleaning_colab_ultra
4686,1,0.5166924,1,challenge_08_knn_cleaning_colab_ultra
4687,1,1.0,1,challenge_08_knn_cleaning_colab_ultra
4688,0,0.0,0,challenge_08_knn_cleaning_colab_ultra
4689,0,0.48148543,0,challenge_08_knn_cleaning_colab_ultra
4690,1,1.0,1,challenge_08_knn_cleaning_colab_ultra
4691,0,0.49437782,0,challenge_08_knn_cleaning_colab_ultra
4692,0,0.5184273,1,challenge_08_knn_cleaning_colab_ultra
4693,1,1.0,1,challenge_08_knn_cleaning_colab_ultra
4694,0,0.49021897,0,challenge_08_knn_cleaning_colab_ultra
4695,0,0.0,0,challenge_08_knn_cleaning_colab_ultra
4696,1,0.500894,1,challenge_08_knn_cleaning_colab_ultra
4697,1,1.0,1,challenge_08_knn_cleaning_colab_ultra
4698,0,1.0,1,challenge_08_knn_cleaning_colab_ultra
4699,0,0.0,0,challenge_08_knn_cleaning_colab_ultra
4700,1,1.0,1,challenge_08_knn_cleaning_colab_ultra
4701,1,1.0,1,challenge_08_knn_cleaning_colab_ultra
4702,0,0.0,0,challenge_08_knn_cleaning_colab_ultra
4703,1,0.0,0,challenge_08_knn_cleaning_colab_ultra
4704,1,0.5032681,1,challenge_08_knn_cleaning_colab_ultra
4705,0,0.48230615,0,challenge_08_knn_cleaning_colab_ultra
4706,1,0.5219419,1,challenge_08_knn_cleaning_colab_ultra
4707,1,1.0,1,challenge_08_knn_cleaning_colab_ultra
4708,1,0.4977311,0,challenge_08_knn_cleaning_colab_ultra
4709,1,1.0,1,challenge_08_knn_cleaning_colab_ultra
4710,0,0.0,0,challenge_08_knn_cleaning_colab_ultra
4711,0,0.0,0,challenge_08_knn_cleaning_colab_ultra
4712,1,0.5031906,1,challenge_08_knn_cleaning_colab_ultra
4713,0,0.0,0,challenge_08_knn_cleaning_colab_ultra
4714,1,1.0,1,challenge_08_knn_cleaning_colab_ultra
4715,0,0.0,0,challenge_08_knn_cleaning_colab_ultra
4716,0,0.48587826,0,challenge_08_knn_cleaning_colab_ultra
4717,0,0.49333137,0,challenge_08_knn_cleaning_colab_ultra
4718,1,1.0,1,challenge_08_knn_cleaning_colab_ultra
4719,1,1.0,1,challenge_08_knn_cleaning_colab_ultra
4720,1,1.0,1,challenge_08_knn_cleaning_colab_ultra
4721,1,1.0,1,challenge_08_knn_cleaning_colab_ultra
4722,1,1.0,1,challenge_08_knn_cleaning_colab_ultra
4723,0,0.0,0,challenge_08_knn_cleaning_colab_ultra
4724,0,1.0,1,challenge_08_knn_cleaning_colab_ultra
4725,0,0.0,0,challenge_08_knn_cleaning_colab_ultra
4726,1,1.0,1,challenge_08_knn_cleaning_colab_ultra
4727,1,1.0,1,challenge_08_knn_cleaning_colab_ultra
4728,0,0.48772374,0,challenge_08_knn_cleaning_colab_ultra
4729,1,1.0,1,challenge_08_knn_cleaning_colab_ultra
4730,1,1.0,1,challenge_08_knn_cleaning_colab_ultra
4731,1,1.0,1,challenge_08_knn_cleaning_colab_ultra
4732,0,0.0,0,challenge_08_knn_cleaning_colab_ultra
4733,1,1.0,1,challenge_08_knn_cleaning_colab_ultra
4734,1,1.0,1,challenge_08_knn_cleaning_colab_ultra
4735,0,0.4754147,0,challenge_08_knn_cleaning_colab_ultra
4736,1,1.0,1,challenge_08_knn_cleaning_colab_ultra
4737,1,1.0,1,challenge_08_knn_cleaning_colab_ultra
4738,1,1.0,1,challenge_08_knn_cleaning_colab_ultra
4739,1,0.4931473,0,challenge_08_knn_cleaning_colab_ultra
4740,1,1.0,1,challenge_08_knn_cleaning_colab_ultra
4741,0,0.5094357,1,challenge_08_knn_cleaning_colab_ultra
4742,0,0.5114001,1,challenge_08_knn_cleaning_colab_ultra
4743,1,1.0,1,challenge_08_knn_cleaning_colab_ultra
4744,0,0.0,0,challenge_08_knn_cleaning_colab_ultra
4745,0,0.0,0,challenge_08_knn_cleaning_colab_ultra
4746,0,0.0,0,challenge_08_knn_cleaning_colab_ultra
4747,1,0.49532622,0,challenge_08_knn_cleaning_colab_ultra
4748,0,0.0,0,challenge_08_knn_cleaning_colab_ultra
4749,0,0.0,0,challenge_08_knn_cleaning_colab_ultra
4750,1,1.0,1,challenge_08_knn_cleaning_colab_ultra
4751,1,0.49515378,0,challenge_08_knn_cleaning_colab_ultra
4752,0,0.0,0,challenge_08_knn_cleaning_colab_ultra
4753,1,0.5397784,1,challenge_08_knn_cleaning_colab_ultra
4754,0,0.49843892,0,challenge_08_knn_cleaning_colab_ultra
4755,0,1.0,1,challenge_08_knn_cleaning_colab_ultra
4756,0,0.50547755,1,challenge_08_knn_cleaning_colab_ultra
4757,1,1.0,1,challenge_08_knn_cleaning_colab_ultra
4758,0,1.0,1,challenge_08_knn_cleaning_colab_ultra
4759,0,0.0,0,challenge_08_knn_cleaning_colab_ultra
4760,0,0.486831,0,challenge_08_knn_cleaning_colab_ultra
4761,1,1.0,1,challenge_08_knn_cleaning_colab_ultra
4762,1,0.49813992,0,challenge_08_knn_cleaning_colab_ultra
4763,1,0.4932454,0,challenge_08_knn_cleaning_colab_ultra
4764,1,1.0,1,challenge_08_knn_cleaning_colab_ultra
4765,0,0.49949044,0,challenge_08_knn_cleaning_colab_ultra
4766,0,0.50862515,1,challenge_08_knn_cleaning_colab_ultra
4767,1,1.0,1,challenge_08_knn_cleaning_colab_ultra
4768,1,1.0,1,challenge_08_knn_cleaning_colab_ultra
4769,1,1.0,1,challenge_08_knn_cleaning_colab_ultra
4770,1,1.0,1,challenge_08_knn_cleaning_colab_ultra
4771,0,1.0,1,challenge_08_knn_cleaning_colab_ultra
4772,1,1.0,1,challenge_08_knn_cleaning_colab_ultra
4773,1,1.0,1,challenge_08_knn_cleaning_colab_ultra
4774,1,1.0,1,challenge_08_knn_cleaning_colab_ultra
4775,1,1.0,1,challenge_08_knn_cleaning_colab_ultra
4776,0,0.0,0,challenge_08_knn_cleaning_colab_ultra
4777,0,0.0,0,challenge_08_knn_cleaning_colab_ultra
4778,0,0.50222373,1,challenge_08_knn_cleaning_colab_ultra
4779,0,0.51572543,1,challenge_08_knn_cleaning_colab_ultra
4780,0,0.46764702,0,challenge_08_knn_cleaning_colab_ultra
4781,0,0.48551092,0,challenge_08_knn_cleaning_colab_ultra
4782,1,0.49917233,0,challenge_08_knn_cleaning_colab_ultra
4783,1,0.6528649,1,challenge_08_knn_cleaning_colab_ultra
4784,1,1.0,1,challenge_08_knn_cleaning_colab_ultra
4785,0,0.0,0,challenge_08_knn_cleaning_colab_ultra
4786,0,0.0,0,challenge_08_knn_cleaning_colab_ultra
4787,0,1.0,1,challenge_08_knn_cleaning_colab_ultra
4788,0,0.46673825,0,challenge_08_knn_cleaning_colab_ultra
4789,1,1.0,1,challenge_08_knn_cleaning_colab_ultra
4790,1,0.0,0,challenge_08_knn_cleaning_colab_ultra
4791,1,1.0,1,challenge_08_knn_cleaning_colab_ultra
4792,1,1.0,1,challenge_08_knn_cleaning_colab_ultra
4793,1,1.0,1,challenge_08_knn_cleaning_colab_ultra
4794,0,0.0,0,challenge_08_knn_cleaning_colab_ultra
4795,0,0.0,0,challenge_08_knn_cleaning_colab_ultra
4796,1,1.0,1,challenge_08_knn_cleaning_colab_ultra
4797,1,1.0,1,challenge_08_knn_cleaning_colab_ultra
4798,1,1.0,1,challenge_08_knn_cleaning_colab_ultra
4799,0,0.5007073,1,challenge_08_knn_cleaning_colab_ultra
4800,0,0.0,0,challenge_08_knn_cleaning_colab_ultra
4801,0,0.50098294,1,challenge_08_knn_cleaning_colab_ultra
4802,1,1.0,1,challenge_08_knn_cleaning_colab_ultra
4803,1,1.0,1,challenge_08_knn_cleaning_colab_ultra
4804,0,0.0,0,challenge_08_knn_cleaning_colab_ultra
4805,0,0.0,0,challenge_08_knn_cleaning_colab_ultra
4806,1,1.0,1,challenge_08_knn_cleaning_colab_ultra
4807,1,1.0,1,challenge_08_knn_cleaning_colab_ultra
4808,1,0.5102331,1,challenge_08_knn_cleaning_colab_ultra
4809,0,0.0,0,challenge_08_knn_cleaning_colab_ultra
4810,0,1.0,1,challenge_08_knn_cleaning_colab_ultra
4811,0,0.0,0,challenge_08_knn_cleaning_colab_ultra
4812,0,0.38003966,0,challenge_08_knn_cleaning_colab_ultra
4813,1,0.5079464,1,challenge_08_knn_cleaning_colab_ultra
4814,1,1.0,1,challenge_08_knn_cleaning_colab_ultra
4815,1,0.0,0,challenge_08_knn_cleaning_colab_ultra
4816,0,0.0,0,challenge_08_knn_cleaning_colab_ultra
4817,0,0.4148646,0,challenge_08_knn_cleaning_colab_ultra
4818,1,1.0,1,challenge_08_knn_cleaning_colab_ultra
4819,0,0.0,0,challenge_08_knn_cleaning_colab_ultra
4820,1,1.0,1,challenge_08_knn_cleaning_colab_ultra
4821,1,1.0,1,challenge_08_knn_cleaning_colab_ultra
4822,0,0.0,0,challenge_08_knn_cleaning_colab_ultra
4823,0,0.0,0,challenge_08_knn_cleaning_colab_ultra
4824,1,1.0,1,challenge_08_knn_cleaning_colab_ultra
4825,0,0.0,0,challenge_08_knn_cleaning_colab_ultra
4826,0,0.0,0,challenge_08_knn_cleaning_colab_ultra
4827,0,0.0,0,challenge_08_knn_cleaning_colab_ultra
4828,1,1.0,1,challenge_08_knn_cleaning_colab_ultra
4829,0,1.0,1,challenge_08_knn_cleaning_colab_ultra
4830,1,1.0,1,challenge_08_knn_cleaning_colab_ultra
4831,1,1.0,1,challenge_08_knn_cleaning_colab_ultra
4832,1,1.0,1,challenge_08_knn_cleaning_colab_ultra
4833,0,0.5012734,1,challenge_08_knn_cleaning_colab_ultra
4834,0,0.0,0,challenge_08_knn_cleaning_colab_ultra
4835,1,0.0,0,challenge_08_knn_cleaning_colab_ultra
4836,1,0.5507546,1,challenge_08_knn_cleaning_colab_ultra
4837,1,0.50116706,1,challenge_08_knn_cleaning_colab_ultra
4838,0,0.0,0,challenge_08_knn_cleaning_colab_ultra
4839,1,1.0,1,challenge_08_knn_cleaning_colab_ultra
4840,1,0.5042749,1,challenge_08_knn_cleaning_colab_ultra
4841,0,0.0,0,challenge_08_knn_cleaning_colab_ultra
4842,0,0.0,0,challenge_08_knn_cleaning_colab_ultra
4843,0,0.4612435,0,challenge_08_knn_cleaning_colab_ultra
4844,0,0.4825956,0,challenge_08_knn_cleaning_colab_ultra
4845,1,1.0,1,challenge_08_knn_cleaning_colab_ultra
4846,1,1.0,1,challenge_08_knn_cleaning_colab_ultra
4847,1,1.0,1,challenge_08_knn_cleaning_colab_ultra
4848,1,0.5035124,1,challenge_08_knn_cleaning_colab_ultra
4849,0,0.0,0,challenge_08_knn_cleaning_colab_ultra
4850,1,1.0,1,challenge_08_knn_cleaning_colab_ultra
4851,1,1.0,1,challenge_08_knn_cleaning_colab_ultra
4852,0,0.50451535,1,challenge_08_knn_cleaning_colab_ultra
4853,0,1.0,1,challenge_08_knn_cleaning_colab_ultra
4854,0,0.0,0,challenge_08_knn_cleaning_colab_ultra
4855,0,0.0,0,challenge_08_knn_cleaning_colab_ultra
4856,0,0.50283533,1,challenge_08_knn_cleaning_colab_ultra
4857,0,0.0,0,challenge_08_knn_cleaning_colab_ultra
4858,0,1.0,1,challenge_08_knn_cleaning_colab_ultra
4859,1,1.0,1,challenge_08_knn_cleaning_colab_ultra
4860,1,1.0,1,challenge_08_knn_cleaning_colab_ultra
4861,0,0.0,0,challenge_08_knn_cleaning_colab_ultra
4862,0,1.0,1,challenge_08_knn_cleaning_colab_ultra
4863,1,1.0,1,challenge_08_knn_cleaning_colab_ultra
4864,1,1.0,1,challenge_08_knn_cleaning_colab_ultra
4865,0,0.48926982,0,challenge_08_knn_cleaning_colab_ultra
4866,0,0.47326013,0,challenge_08_knn_cleaning_colab_ultra
4867,1,1.0,1,challenge_08_knn_cleaning_colab_ultra
4868,1,1.0,1,challenge_08_knn_cleaning_colab_ultra
4869,1,1.0,1,challenge_08_knn_cleaning_colab_ultra
4870,1,1.0,1,challenge_08_knn_cleaning_colab_ultra
4871,0,0.0,0,challenge_08_knn_cleaning_colab_ultra
4872,0,0.488283,0,challenge_08_knn_cleaning_colab_ultra
4873,0,0.48800522,0,challenge_08_knn_cleaning_colab_ultra
4874,1,1.0,1,challenge_08_knn_cleaning_colab_ultra
4875,0,0.4986941,0,challenge_08_knn_cleaning_colab_ultra
4876,1,1.0,1,challenge_08_knn_cleaning_colab_ultra
4877,1,1.0,1,challenge_08_knn_cleaning_colab_ultra
4878,0,0.0,0,challenge_08_knn_cleaning_colab_ultra
4879,0,0.47692466,0,challenge_08_knn_cleaning_colab_ultra
4880,0,0.0,0,challenge_08_knn_cleaning_colab_ultra
4881,1,1.0,1,challenge_08_knn_cleaning_colab_ultra
4882,1,1.0,1,challenge_08_knn_cleaning_colab_ultra
4883,1,1.0,1,challenge_08_knn_cleaning_colab_ultra
4884,1,0.0,0,challenge_08_knn_cleaning_colab_ultra
4885,1,0.51922345,1,challenge_08_knn_cleaning_colab_ultra
4886,1,0.5426165,1,challenge_08_knn_cleaning_colab_ultra
4887,1,1.0,1,challenge_08_knn_cleaning_colab_ultra
4888,0,0.45152032,0,challenge_08_knn_cleaning_colab_ultra
4889,0,0.49600258,0,challenge_08_knn_cleaning_colab_ultra
4890,1,1.0,1,challenge_08_knn_cleaning_colab_ultra
4891,1,1.0,1,challenge_08_knn_cleaning_colab_ultra
4892,0,0.45720565,0,challenge_08_knn_cleaning_colab_ultra
4893,0,0.0,0,challenge_08_knn_cleaning_colab_ultra
4894,0,0.0,0,challenge_08_knn_cleaning_colab_ultra
4895,1,1.0,1,challenge_08_knn_cleaning_colab_ultra
4896,1,1.0,1,challenge_08_knn_cleaning_colab_ultra
4897,1,1.0,1,challenge_08_knn_cleaning_colab_ultra
4898,0,1.0,1,challenge_08_knn_cleaning_colab_ultra
4899,0,0.0,0,challenge_08_knn_cleaning_colab_ultra
4900,1,0.50274175,1,challenge_08_knn_cleaning_colab_ultra
4901,1,1.0,1,challenge_08_knn_cleaning_colab_ultra
4902,0,0.0,0,challenge_08_knn_cleaning_colab_ultra
4903,1,1.0,1,challenge_08_knn_cleaning_colab_ultra
4904,0,0.48302338,0,challenge_08_knn_cleaning_colab_ultra
4905,1,1.0,1,challenge_08_knn_cleaning_colab_ultra
4906,1,1.0,1,challenge_08_knn_cleaning_colab_ultra
4907,0,0.0,0,challenge_08_knn_cleaning_colab_ultra
4908,0,0.47082227,0,challenge_08_knn_cleaning_colab_ultra
4909,0,0.0,0,challenge_08_knn_cleaning_colab_ultra
4910,0,0.0,0,challenge_08_knn_cleaning_colab_ultra
4911,1,0.49426207,0,challenge_08_knn_cleaning_colab_ultra
4912,0,0.0,0,challenge_08_knn_cleaning_colab_ultra
4913,0,0.40312076,0,challenge_08_knn_cleaning_colab_ultra
4914,0,0.0,0,challenge_08_knn_cleaning_colab_ultra
4915,1,1.0,1,challenge_08_knn_cleaning_colab_ultra
4916,0,0.4751252,0,challenge_08_knn_cleaning_colab_ultra
4917,1,0.49629083,0,challenge_08_knn_cleaning_colab_ultra
4918,0,0.0,0,challenge_08_knn_cleaning_colab_ultra
4919,0,0.0,0,challenge_08_knn_cleaning_colab_ultra
4920,1,0.5441711,1,challenge_08_knn_cleaning_colab_ultra
4921,1,1.0,1,challenge_08_knn_cleaning_colab_ultra
4922,1,1.0,1,challenge_08_knn_cleaning_colab_ultra
4923,0,0.36949617,0,challenge_08_knn_cleaning_colab_ultra
4924,1,1.0,1,challenge_08_knn_cleaning_colab_ultra
4925,1,1.0,1,challenge_08_knn_cleaning_colab_ultra
4926,0,0.0,0,challenge_08_knn_cleaning_colab_ultra
4927,1,0.48820573,0,challenge_08_knn_cleaning_colab_ultra
4928,0,1.0,1,challenge_08_knn_cleaning_colab_ultra
4929,1,1.0,1,challenge_08_knn_cleaning_colab_ultra
4930,0,0.0,0,challenge_08_knn_cleaning_colab_ultra
4931,0,0.4767979,0,challenge_08_knn_cleaning_colab_ultra
4932,0,0.0,0,challenge_08_knn_cleaning_colab_ultra
4933,0,0.0,0,challenge_08_knn_cleaning_colab_ultra
4934,1,1.0,1,challenge_08_knn_cleaning_colab_ultra
4935,0,0.51665497,1,challenge_08_knn_cleaning_colab_ultra
4936,1,1.0,1,challenge_08_knn_cleaning_colab_ultra
4937,1,1.0,1,challenge_08_knn_cleaning_colab_ultra
4938,1,1.0,1,challenge_08_knn_cleaning_colab_ultra
4939,1,1.0,1,challenge_08_knn_cleaning_colab_ultra
4940,1,0.50129074,1,challenge_08_knn_cleaning_colab_ultra
4941,0,0.0,0,challenge_08_knn_cleaning_colab_ultra
4942,0,0.0,0,challenge_08_knn_cleaning_colab_ultra
4943,0,0.45226362,0,challenge_08_knn_cleaning_colab_ultra
4944,1,1.0,1,challenge_08_knn_cleaning_colab_ultra
4945,1,1.0,1,challenge_08_knn_cleaning_colab_ultra
4946,0,0.0,0,challenge_08_knn_cleaning_colab_ultra
4947,1,0.49637526,0,challenge_08_knn_cleaning_colab_ultra
4948,0,0.51126784,1,challenge_08_knn_cleaning_colab_ultra
4949,1,0.5185715,1,challenge_08_knn_cleaning_colab_ultra
4950,0,0.0,0,challenge_08_knn_cleaning_colab_ultra
4951,0,1.0,1,challenge_08_knn_cleaning_colab_ultra
4952,1,1.0,1,challenge_08_knn_cleaning_colab_ultra
4953,0,0.0,0,challenge_08_knn_cleaning_colab_ultra
4954,1,0.49595088,0,challenge_08_knn_cleaning_colab_ultra
4955,1,1.0,1,challenge_08_knn_cleaning_colab_ultra
4956,1,1.0,1,challenge_08_knn_cleaning_colab_ultra
4957,1,1.0,1,challenge_08_knn_cleaning_colab_ultra
4958,0,0.0,0,challenge_08_knn_cleaning_colab_ultra
4959,0,0.0,0,challenge_08_knn_cleaning_colab_ultra
4960,1,1.0,1,challenge_08_knn_cleaning_colab_ultra
4961,1,0.5668893,1,challenge_08_knn_cleaning_colab_ultra
4962,1,0.0,0,challenge_08_knn_cleaning_colab_ultra
4963,1,0.49927026,0,challenge_08_knn_cleaning_colab_ultra
4964,1,0.50084764,1,challenge_08_knn_cleaning_colab_ultra
4965,1,1.0,1,challenge_08_knn_cleaning_colab_ultra
4966,0,1.0,1,challenge_08_knn_cleaning_colab_ultra
4967,1,1.0,1,challenge_08_knn_cleaning_colab_ultra
4968,1,1.0,1,challenge_08_knn_cleaning_colab_ultra
4969,0,0.0,0,challenge_08_knn_cleaning_colab_ultra
4970,1,1.0,1,challenge_08_knn_cleaning_colab_ultra
4971,0,0.46491027,0,challenge_08_knn_cleaning_colab_ultra
4972,1,1.0,1,challenge_08_knn_cleaning_colab_ultra
4973,1,1.0,1,challenge_08_knn_cleaning_colab_ultra
4974,0,0.49712694,0,challenge_08_knn_cleaning_colab_ultra
4975,1,0.5008997,1,challenge_08_knn_cleaning_colab_ultra
4976,1,1.0,1,challenge_08_knn_cleaning_colab_ultra
4977,1,1.0,1,challenge_08_knn_cleaning_colab_ultra
4978,0,0.4786885,0,challenge_08_knn_cleaning_colab_ultra
4979,0,0.0,0,challenge_08_knn_cleaning_colab_ultra
4980,0,0.0,0,challenge_08_knn_cleaning_colab_ultra
4981,0,0.5038168,1,challenge_08_knn_cleaning_colab_ultra
4982,0,1.0,1,challenge_08_knn_cleaning_colab_ultra
4983,1,1.0,1,challenge_08_knn_cleaning_colab_ultra
4984,1,1.0,1,challenge_08_knn_cleaning_colab_ultra
4985,1,1.0,1,challenge_08_knn_cleaning_colab_ultra
4986,1,1.0,1,challenge_08_knn_cleaning_colab_ultra
4987,0,1.0,1,challenge_08_knn_cleaning_colab_ultra
4988,1,1.0,1,challenge_08_knn_cleaning_colab_ultra
4989,0,0.46807757,0,challenge_08_knn_cleaning_colab_ultra
4990,1,1.0,1,challenge_08_knn_cleaning_colab_ultra
4991,1,0.49701747,0,challenge_08_knn_cleaning_colab_ultra
4992,0,0.0,0,challenge_08_knn_cleaning_colab_ultra
4993,1,1.0,1,challenge_08_knn_cleaning_colab_ultra
4994,0,0.0,0,challenge_08_knn_cleaning_colab_ultra
4995,1,1.0,1,challenge_08_knn_cleaning_colab_ultra
4996,0,0.0,0,challenge_08_knn_cleaning_colab_ultra
4997,0,0.46825692,0,challenge_08_knn_cleaning_colab_ultra
4998,1,1.0,1,challenge_08_knn_cleaning_colab_ultra
4999,1,0.0,0,challenge_08_knn_cleaning_colab_ultra
5000,1,1.0,1,challenge_08_knn_cleaning_colab_ultra
5001,1,0.5095901,1,challenge_08_knn_cleaning_colab_ultra
5002,1,1.0,1,challenge_08_knn_cleaning_colab_ultra
5003,1,0.0,0,challenge_08_knn_cleaning_colab_ultra
5004,1,1.0,1,challenge_08_knn_cleaning_colab_ultra
5005,0,0.0,0,challenge_08_knn_cleaning_colab_ultra
5006,0,0.0,0,challenge_08_knn_cleaning_colab_ultra
5007,0,1.0,1,challenge_08_knn_cleaning_colab_ultra
5008,1,1.0,1,challenge_08_knn_cleaning_colab_ultra
5009,0,0.0,0,challenge_08_knn_cleaning_colab_ultra
5010,1,1.0,1,challenge_08_knn_cleaning_colab_ultra
5011,0,0.48815733,0,challenge_08_knn_cleaning_colab_ultra
5012,0,0.0,0,challenge_08_knn_cleaning_colab_ultra
5013,1,1.0,1,challenge_08_knn_cleaning_colab_ultra
5014,1,1.0,1,challenge_08_knn_cleaning_colab_ultra
5015,1,1.0,1,challenge_08_knn_cleaning_colab_ultra
5016,1,1.0,1,challenge_08_knn_cleaning_colab_ultra
5017,0,0.0,0,challenge_08_knn_cleaning_colab_ultra
5018,1,1.0,1,challenge_08_knn_cleaning_colab_ultra
5019,1,1.0,1,challenge_08_knn_cleaning_colab_ultra
5020,0,0.46672106,0,challenge_08_knn_cleaning_colab_ultra
5021,1,0.51429754,1,challenge_08_knn_cleaning_colab_ultra
5022,0,0.50243884,1,challenge_08_knn_cleaning_colab_ultra
5023,0,0.50475544,1,challenge_08_knn_cleaning_colab_ultra
5024,1,1.0,1,challenge_08_knn_cleaning_colab_ultra
5025,1,1.0,1,challenge_08_knn_cleaning_colab_ultra
5026,1,1.0,1,challenge_08_knn_cleaning_colab_ultra
5027,1,1.0,1,challenge_08_knn_cleaning_colab_ultra
5028,0,0.0,0,challenge_08_knn_cleaning_colab_ultra
5029,0,0.0,0,challenge_08_knn_cleaning_colab_ultra
5030,0,0.0,0,challenge_08_knn_cleaning_colab_ultra
5031,0,0.0,0,challenge_08_knn_cleaning_colab_ultra
5032,0,0.0,0,challenge_08_knn_cleaning_colab_ultra
5033,1,1.0,1,challenge_08_knn_cleaning_colab_ultra
5034,0,0.50008637,1,challenge_08_knn_cleaning_colab_ultra
5035,1,1.0,1,challenge_08_knn_cleaning_colab_ultra
5036,0,0.0,0,challenge_08_knn_cleaning_colab_ultra
5037,0,0.0,0,challenge_08_knn_cleaning_colab_ultra
5038,1,0.56120545,1,challenge_08_knn_cleaning_colab_ultra
5039,1,1.0,1,challenge_08_knn_cleaning_colab_ultra
5040,1,1.0,1,challenge_08_knn_cleaning_colab_ultra
5041,0,0.50059474,1,challenge_08_knn_cleaning_colab_ultra
5042,0,0.48411047,0,challenge_08_knn_cleaning_colab_ultra
5043,0,0.0,0,challenge_08_knn_cleaning_colab_ultra
5044,1,1.0,1,challenge_08_knn_cleaning_colab_ultra
5045,0,0.0,0,challenge_08_knn_cleaning_colab_ultra
5046,1,1.0,1,challenge_08_knn_cleaning_colab_ultra
5047,1,0.514864,1,challenge_08_knn_cleaning_colab_ultra
5048,1,0.50459284,1,challenge_08_knn_cleaning_colab_ultra
5049,1,0.5054779,1,challenge_08_knn_cleaning_colab_ultra
5050,0,0.0,0,challenge_08_knn_cleaning_colab_ultra
5051,1,1.0,1,challenge_08_knn_cleaning_colab_ultra
5052,1,1.0,1,challenge_08_knn_cleaning_colab_ultra
5053,1,1.0,1,challenge_08_knn_cleaning_colab_ultra
5054,1,1.0,1,challenge_08_knn_cleaning_colab_ultra
5055,1,1.0,1,challenge_08_knn_cleaning_colab_ultra
5056,1,1.0,1,challenge_08_knn_cleaning_colab_ultra
5057,0,0.0,0,challenge_08_knn_cleaning_colab_ultra
5058,0,0.47163096,0,challenge_08_knn_cleaning_colab_ultra
5059,1,1.0,1,challenge_08_knn_cleaning_colab_ultra
5060,1,1.0,1,challenge_08_knn_cleaning_colab_ultra
5061,1,0.0,0,challenge_08_knn_cleaning_colab_ultra
5062,0,0.0,0,challenge_08_knn_cleaning_colab_ultra
5063,0,0.4733973,0,challenge_08_knn_cleaning_colab_ultra
5064,0,0.0,0,challenge_08_knn_cleaning_colab_ultra
5065,1,0.0,0,challenge_08_knn_cleaning_colab_ultra
5066,1,1.0,1,challenge_08_knn_cleaning_colab_ultra
5067,1,1.0,1,challenge_08_knn_cleaning_colab_ultra
5068,1,0.48565492,0,challenge_08_knn_cleaning_colab_ultra
5069,1,1.0,1,challenge_08_knn_cleaning_colab_ultra
5070,1,0.5019441,1,challenge_08_knn_cleaning_colab_ultra
5071,1,1.0,1,challenge_08_knn_cleaning_colab_ultra
5072,0,1.0,1,challenge_08_knn_cleaning_colab_ultra
5073,0,1.0,1,challenge_08_knn_cleaning_colab_ultra
5074,1,1.0,1,challenge_08_knn_cleaning_colab_ultra
5075,0,0.0,0,challenge_08_knn_cleaning_colab_ultra
5076,1,0.529414,1,challenge_08_knn_cleaning_colab_ultra
5077,1,1.0,1,challenge_08_knn_cleaning_colab_ultra
5078,1,1.0,1,challenge_08_knn_cleaning_colab_ultra
5079,1,1.0,1,challenge_08_knn_cleaning_colab_ultra
5080,1,1.0,1,challenge_08_knn_cleaning_colab_ultra
5081,0,0.0,0,challenge_08_knn_cleaning_colab_ultra
5082,1,1.0,1,challenge_08_knn_cleaning_colab_ultra
5083,0,0.50926673,1,challenge_08_knn_cleaning_colab_ultra
5084,1,0.49915075,0,challenge_08_knn_cleaning_colab_ultra
5085,0,1.0,1,challenge_08_knn_cleaning_colab_ultra
5086,1,1.0,1,challenge_08_knn_cleaning_colab_ultra
5087,0,0.0,0,challenge_08_knn_cleaning_colab_ultra
5088,1,0.52788234,1,challenge_08_knn_cleaning_colab_ultra
5089,1,1.0,1,challenge_08_knn_cleaning_colab_ultra
5090,1,1.0,1,challenge_08_knn_cleaning_colab_ultra
5091,0,1.0,1,challenge_08_knn_cleaning_colab_ultra
5092,1,1.0,1,challenge_08_knn_cleaning_colab_ultra
5093,0,0.0,0,challenge_08_knn_cleaning_colab_ultra
5094,1,0.49603972,0,challenge_08_knn_cleaning_colab_ultra
5095,0,0.0,0,challenge_08_knn_cleaning_colab_ultra
5096,0,0.50484693,1,challenge_08_knn_cleaning_colab_ultra
5097,1,1.0,1,challenge_08_knn_cleaning_colab_ultra
5098,0,0.50566924,1,challenge_08_knn_cleaning_colab_ultra
5099,1,1.0,1,challenge_08_knn_cleaning_colab_ultra
5100,0,0.5260635,1,challenge_08_knn_cleaning_colab_ultra
5101,1,0.47645488,0,challenge_08_knn_cleaning_colab_ultra
5102,1,1.0,1,challenge_08_knn_cleaning_colab_ultra
5103,1,1.0,1,challenge_08_knn_cleaning_colab_ultra
5104,1,1.0,1,challenge_08_knn_cleaning_colab_ultra
5105,1,0.500884,1,challenge_08_knn_cleaning_colab_ultra
5106,0,0.5020984,1,challenge_08_knn_cleaning_colab_ultra
5107,0,0.49339825,0,challenge_08_knn_cleaning_colab_ultra
5108,1,1.0,1,challenge_08_knn_cleaning_colab_ultra
5109,0,0.0,0,challenge_08_knn_cleaning_colab_ultra
5110,0,1.0,1,challenge_08_knn_cleaning_colab_ultra
5111,0,0.0,0,challenge_08_knn_cleaning_colab_ultra
5112,0,0.0,0,challenge_08_knn_cleaning_colab_ultra
5113,1,0.49683353,0,challenge_08_knn_cleaning_colab_ultra
5114,0,0.48940483,0,challenge_08_knn_cleaning_colab_ultra
5115,0,0.4623113,0,challenge_08_knn_cleaning_colab_ultra
5116,0,0.0,0,challenge_08_knn_cleaning_colab_ultra
5117,1,1.0,1,challenge_08_knn_cleaning_colab_ultra
5118,0,0.46027657,0,challenge_08_knn_cleaning_colab_ultra
5119,0,0.0,0,challenge_08_knn_cleaning_colab_ultra
5120,0,0.44446996,0,challenge_08_knn_cleaning_colab_ultra
5121,1,0.5071164,1,challenge_08_knn_cleaning_colab_ultra
5122,0,0.4974288,0,challenge_08_knn_cleaning_colab_ultra
5123,0,0.48469782,0,challenge_08_knn_cleaning_colab_ultra
5124,0,0.0,0,challenge_08_knn_cleaning_colab_ultra
5125,0,0.45846888,0,challenge_08_knn_cleaning_colab_ultra
5126,0,0.49044883,0,challenge_08_knn_cleaning_colab_ultra
5127,1,0.49978718,0,challenge_08_knn_cleaning_colab_ultra
5128,1,0.5082568,1,challenge_08_knn_cleaning_colab_ultra
5129,0,0.0,0,challenge_08_knn_cleaning_colab_ultra
5130,1,1.0,1,challenge_08_knn_cleaning_colab_ultra
5131,0,0.0,0,challenge_08_knn_cleaning_colab_ultra
5132,1,0.50002515,1,challenge_08_knn_cleaning_colab_ultra
5133,0,0.0,0,challenge_08_knn_cleaning_colab_ultra
5134,1,1.0,1,challenge_08_knn_cleaning_colab_ultra
5135,0,0.0,0,challenge_08_knn_cleaning_colab_ultra
5136,1,1.0,1,challenge_08_knn_cleaning_colab_ultra
5137,1,1.0,1,challenge_08_knn_cleaning_colab_ultra
5138,0,0.49363974,0,challenge_08_knn_cleaning_colab_ultra
5139,0,0.0,0,challenge_08_knn_cleaning_colab_ultra
5140,0,0.0,0,challenge_08_knn_cleaning_colab_ultra
5141,1,1.0,1,challenge_08_knn_cleaning_colab_ultra
5142,1,1.0,1,challenge_08_knn_cleaning_colab_ultra
5143,0,1.0,1,challenge_08_knn_cleaning_colab_ultra
5144,0,0.0,0,challenge_08_knn_cleaning_colab_ultra
5145,1,1.0,1,challenge_08_knn_cleaning_colab_ultra
5146,0,1.0,1,challenge_08_knn_cleaning_colab_ultra
5147,0,0.49538612,0,challenge_08_knn_cleaning_colab_ultra
5148,0,0.0,0,challenge_08_knn_cleaning_colab_ultra
5149,0,0.4968257,0,challenge_08_knn_cleaning_colab_ultra
5150,0,0.49898058,0,challenge_08_knn_cleaning_colab_ultra
5151,0,0.0,0,challenge_08_knn_cleaning_colab_ultra
5152,0,1.0,1,challenge_08_knn_cleaning_colab_ultra
5153,1,1.0,1,challenge_08_knn_cleaning_colab_ultra
5154,1,1.0,1,challenge_08_knn_cleaning_colab_ultra
5155,1,1.0,1,challenge_08_knn_cleaning_colab_ultra
5156,0,0.0,0,challenge_08_knn_cleaning_colab_ultra
5157,0,0.48898715,0,challenge_08_knn_cleaning_colab_ultra
5158,0,0.4957371,0,challenge_08_knn_cleaning_colab_ultra
5159,0,0.5231186,1,challenge_08_knn_cleaning_colab_ultra
5160,1,1.0,1,challenge_08_knn_cleaning_colab_ultra
5161,0,0.0,0,challenge_08_knn_cleaning_colab_ultra
5162,1,1.0,1,challenge_08_knn_cleaning_colab_ultra
5163,0,0.0,0,challenge_08_knn_cleaning_colab_ultra
5164,0,0.49430406,0,challenge_08_knn_cleaning_colab_ultra
5165,1,0.49910027,0,challenge_08_knn_cleaning_colab_ultra
5166,0,0.4969088,0,challenge_08_knn_cleaning_colab_ultra
5167,1,1.0,1,challenge_08_knn_cleaning_colab_ultra
5168,0,0.0,0,challenge_08_knn_cleaning_colab_ultra
5169,1,0.5583705,1,challenge_08_knn_cleaning_colab_ultra
5170,1,0.55106634,1,challenge_08_knn_cleaning_colab_ultra
5171,1,0.0,0,challenge_08_knn_cleaning_colab_ultra
5172,0,0.0,0,challenge_08_knn_cleaning_colab_ultra
5173,0,1.0,1,challenge_08_knn_cleaning_colab_ultra
5174,0,0.0,0,challenge_08_knn_cleaning_colab_ultra
5175,1,0.5224669,1,challenge_08_knn_cleaning_colab_ultra
5176,0,0.48672986,0,challenge_08_knn_cleaning_colab_ultra
5177,1,1.0,1,challenge_08_knn_cleaning_colab_ultra
5178,1,1.0,1,challenge_08_knn_cleaning_colab_ultra
5179,1,1.0,1,challenge_08_knn_cleaning_colab_ultra
5180,0,0.0,0,challenge_08_knn_cleaning_colab_ultra
5181,1,1.0,1,challenge_08_knn_cleaning_colab_ultra
5182,0,0.47112593,0,challenge_08_knn_cleaning_colab_ultra
5183,0,0.0,0,challenge_08_knn_cleaning_colab_ultra
5184,1,0.48782402,0,challenge_08_knn_cleaning_colab_ultra
5185,0,0.5078663,1,challenge_08_knn_cleaning_colab_ultra
5186,0,0.49412486,0,challenge_08_knn_cleaning_colab_ultra
5187,1,1.0,1,challenge_08_knn_cleaning_colab_ultra
5188,1,1.0,1,challenge_08_knn_cleaning_colab_ultra
5189,1,1.0,1,challenge_08_knn_cleaning_colab_ultra
5190,0,0.0,0,challenge_08_knn_cleaning_colab_ultra
5191,0,0.0,0,challenge_08_knn_cleaning_colab_ultra
5192,1,1.0,1,challenge_08_knn_cleaning_colab_ultra
5193,0,0.49986464,0,challenge_08_knn_cleaning_colab_ultra
5194,1,1.0,1,challenge_08_knn_cleaning_colab_ultra
5195,1,1.0,1,challenge_08_knn_cleaning_colab_ultra
5196,1,1.0,1,challenge_08_knn_cleaning_colab_ultra
5197,0,0.49820384,0,challenge_08_knn_cleaning_colab_ultra
5198,1,1.0,1,challenge_08_knn_cleaning_colab_ultra
5199,0,0.49923357,0,challenge_08_knn_cleaning_colab_ultra
5200,0,0.0,0,challenge_08_knn_cleaning_colab_ultra
5201,1,0.5131532,1,challenge_08_knn_cleaning_colab_ultra
5202,1,0.49927476,0,challenge_08_knn_cleaning_colab_ultra
5203,0,0.5305614,1,challenge_08_knn_cleaning_colab_ultra
5204,1,1.0,1,challenge_08_knn_cleaning_colab_ultra
5205,1,1.0,1,challenge_08_knn_cleaning_colab_ultra
5206,0,0.0,0,challenge_08_knn_cleaning_colab_ultra
5207,1,1.0,1,challenge_08_knn_cleaning_colab_ultra
5208,0,0.0,0,challenge_08_knn_cleaning_colab_ultra
5209,1,1.0,1,challenge_08_knn_cleaning_colab_ultra
5210,0,0.0,0,challenge_08_knn_cleaning_colab_ultra
5211,0,0.0,0,challenge_08_knn_cleaning_colab_ultra
5212,1,0.505894,1,challenge_08_knn_cleaning_colab_ultra
5213,1,0.0,0,challenge_08_knn_cleaning_colab_ultra
5214,0,0.46779475,0,challenge_08_knn_cleaning_colab_ultra
5215,0,0.48480278,0,challenge_08_knn_cleaning_colab_ultra
5216,1,0.50224715,1,challenge_08_knn_cleaning_colab_ultra
5217,0,0.0,0,challenge_08_knn_cleaning_colab_ultra
5218,0,0.0,0,challenge_08_knn_cleaning_colab_ultra
5219,0,0.0,0,challenge_08_knn_cleaning_colab_ultra
5220,1,1.0,1,challenge_08_knn_cleaning_colab_ultra
5221,0,0.0,0,challenge_08_knn_cleaning_colab_ultra
5222,0,0.0,0,challenge_08_knn_cleaning_colab_ultra
5223,0,0.5040093,1,challenge_08_knn_cleaning_colab_ultra
5224,1,1.0,1,challenge_08_knn_cleaning_colab_ultra
5225,0,0.0,0,challenge_08_knn_cleaning_colab_ultra
5226,0,0.0,0,challenge_08_knn_cleaning_colab_ultra
5227,1,1.0,1,challenge_08_knn_cleaning_colab_ultra
5228,0,0.0,0,challenge_08_knn_cleaning_colab_ultra
5229,1,0.52326673,1,challenge_08_knn_cleaning_colab_ultra
5230,1,1.0,1,challenge_08_knn_cleaning_colab_ultra
5231,0,0.49237505,0,challenge_08_knn_cleaning_colab_ultra
5232,0,0.0,0,challenge_08_knn_cleaning_colab_ultra
5233,1,1.0,1,challenge_08_knn_cleaning_colab_ultra
5234,0,0.0,0,challenge_08_knn_cleaning_colab_ultra
5235,0,0.0,0,challenge_08_knn_cleaning_colab_ultra
5236,0,0.49182898,0,challenge_08_knn_cleaning_colab_ultra
5237,1,1.0,1,challenge_08_knn_cleaning_colab_ultra
5238,1,1.0,1,challenge_08_knn_cleaning_colab_ultra
5239,0,0.48745963,0,challenge_08_knn_cleaning_colab_ultra
5240,1,0.50504935,1,challenge_08_knn_cleaning_colab_ultra
5241,1,1.0,1,challenge_08_knn_cleaning_colab_ultra
5242,1,1.0,1,challenge_08_knn_cleaning_colab_ultra
5243,1,1.0,1,challenge_08_knn_cleaning_colab_ultra
5244,1,1.0,1,challenge_08_knn_cleaning_colab_ultra
5245,0,0.4827635,0,challenge_08_knn_cleaning_colab_ultra
5246,0,0.0,0,challenge_08_knn_cleaning_colab_ultra
5247,0,0.5074602,1,challenge_08_knn_cleaning_colab_ultra
5248,0,0.0,0,challenge_08_knn_cleaning_colab_ultra
5249,0,0.50389594,1,challenge_08_knn_cleaning_colab_ultra
5250,1,0.52413034,1,challenge_08_knn_cleaning_colab_ultra
5251,0,0.0,0,challenge_08_knn_cleaning_colab_ultra
5252,1,0.0,0,challenge_08_knn_cleaning_colab_ultra
5253,1,1.0,1,challenge_08_knn_cleaning_colab_ultra
5254,0,0.49954158,0,challenge_08_knn_cleaning_colab_ultra
5255,0,1.0,1,challenge_08_knn_cleaning_colab_ultra
5256,0,0.4774346,0,challenge_08_knn_cleaning_colab_ultra
5257,1,0.4913101,0,challenge_08_knn_cleaning_colab_ultra
5258,1,1.0,1,challenge_08_knn_cleaning_colab_ultra
5259,0,0.0,0,challenge_08_knn_cleaning_colab_ultra
5260,0,1.0,1,challenge_08_knn_cleaning_colab_ultra
5261,1,1.0,1,challenge_08_knn_cleaning_colab_ultra
5262,0,0.4739148,0,challenge_08_knn_cleaning_colab_ultra
5263,0,0.50085354,1,challenge_08_knn_cleaning_colab_ultra
5264,1,0.5107738,1,challenge_08_knn_cleaning_colab_ultra
5265,1,1.0,1,challenge_08_knn_cleaning_colab_ultra
5266,0,0.0,0,challenge_08_knn_cleaning_colab_ultra
5267,0,0.0,0,challenge_08_knn_cleaning_colab_ultra
5268,1,1.0,1,challenge_08_knn_cleaning_colab_ultra
5269,1,0.5220837,1,challenge_08_knn_cleaning_colab_ultra
5270,0,0.4999764,0,challenge_08_knn_cleaning_colab_ultra
5271,0,0.50127226,1,challenge_08_knn_cleaning_colab_ultra
5272,0,0.50194824,1,challenge_08_knn_cleaning_colab_ultra
5273,0,0.0,0,challenge_08_knn_cleaning_colab_ultra
5274,0,0.0,0,challenge_08_knn_cleaning_colab_ultra
5275,0,0.0,0,challenge_08_knn_cleaning_colab_ultra
5276,1,0.5156567,1,challenge_08_knn_cleaning_colab_ultra
5277,1,1.0,1,challenge_08_knn_cleaning_colab_ultra
5278,0,0.0,0,challenge_08_knn_cleaning_colab_ultra
5279,0,0.0,0,challenge_08_knn_cleaning_colab_ultra
5280,1,1.0,1,challenge_08_knn_cleaning_colab_ultra
5281,1,1.0,1,challenge_08_knn_cleaning_colab_ultra
5282,1,1.0,1,challenge_08_knn_cleaning_colab_ultra
5283,1,1.0,1,challenge_08_knn_cleaning_colab_ultra
5284,0,0.40960473,0,challenge_08_knn_cleaning_colab_ultra
5285,1,0.4981558,0,challenge_08_knn_cleaning_colab_ultra
5286,0,0.0,0,challenge_08_knn_cleaning_colab_ultra
5287,1,1.0,1,challenge_08_knn_cleaning_colab_ultra
5288,0,1.0,1,challenge_08_knn_cleaning_colab_ultra
5289,0,0.49418566,0,challenge_08_knn_cleaning_colab_ultra
5290,0,0.0,0,challenge_08_knn_cleaning_colab_ultra
5291,0,0.0,0,challenge_08_knn_cleaning_colab_ultra
5292,0,1.0,1,challenge_08_knn_cleaning_colab_ultra
5293,0,0.0,0,challenge_08_knn_cleaning_colab_ultra
5294,1,1.0,1,challenge_08_knn_cleaning_colab_ultra
5295,1,0.53498244,1,challenge_08_knn_cleaning_colab_ultra
5296,1,1.0,1,challenge_08_knn_cleaning_colab_ultra
5297,0,0.0,0,challenge_08_knn_cleaning_colab_ultra
5298,0,0.5005101,1,challenge_08_knn_cleaning_colab_ultra
5299,0,1.0,1,challenge_08_knn_cleaning_colab_ultra
5300,0,0.0,0,challenge_08_knn_cleaning_colab_ultra
5301,1,0.49977985,0,challenge_08_knn_cleaning_colab_ultra
5302,1,1.0,1,challenge_08_knn_cleaning_colab_ultra
5303,0,0.4887485,0,challenge_08_knn_cleaning_colab_ultra
5304,0,0.50953066,1,challenge_08_knn_cleaning_colab_ultra
5305,1,1.0,1,challenge_08_knn_cleaning_colab_ultra
5306,0,0.502917,1,challenge_08_knn_cleaning_colab_ultra
5307,0,0.0,0,challenge_08_knn_cleaning_colab_ultra
5308,0,0.5104911,1,challenge_08_knn_cleaning_colab_ultra
5309,0,0.0,0,challenge_08_knn_cleaning_colab_ultra
5310,0,0.0,0,challenge_08_knn_cleaning_colab_ultra
5311,0,0.0,0,challenge_08_knn_cleaning_colab_ultra
5312,1,1.0,1,challenge_08_knn_cleaning_colab_ultra
5313,1,1.0,1,challenge_08_knn_cleaning_colab_ultra
5314,1,0.49164158,0,challenge_08_knn_cleaning_colab_ultra
5315,1,1.0,1,challenge_08_knn_cleaning_colab_ultra
5316,1,1.0,1,challenge_08_knn_cleaning_colab_ultra
5317,1,1.0,1,challenge_08_knn_cleaning_colab_ultra
5318,0,0.4477298,0,challenge_08_knn_cleaning_colab_ultra
5319,0,0.0,0,challenge_08_knn_cleaning_colab_ultra
5320,0,0.0,0,challenge_08_knn_cleaning_colab_ultra
5321,1,1.0,1,challenge_08_knn_cleaning_colab_ultra
5322,1,0.5068637,1,challenge_08_knn_cleaning_colab_ultra
5323,1,1.0,1,challenge_08_knn_cleaning_colab_ultra
5324,0,0.0,0,challenge_08_knn_cleaning_colab_ultra
5325,1,1.0,1,challenge_08_knn_cleaning_colab_ultra
5326,1,1.0,1,challenge_08_knn_cleaning_colab_ultra
5327,0,0.528967,1,challenge_08_knn_cleaning_colab_ultra
5328,0,0.0,0,challenge_08_knn_cleaning_colab_ultra
5329,0,0.0,0,challenge_08_knn_cleaning_colab_ultra
5330,1,0.49450332,0,challenge_08_knn_cleaning_colab_ultra
5331,1,1.0,1,challenge_08_knn_cleaning_colab_ultra
5332,1,1.0,1,challenge_08_knn_cleaning_colab_ultra
5333,0,0.44890606,0,challenge_08_knn_cleaning_colab_ultra
5334,1,0.5015275,1,challenge_08_knn_cleaning_colab_ultra
5335,1,0.5186126,1,challenge_08_knn_cleaning_colab_ultra
5336,1,1.0,1,challenge_08_knn_cleaning_colab_ultra
5337,0,1.0,1,challenge_08_knn_cleaning_colab_ultra
5338,1,1.0,1,challenge_08_knn_cleaning_colab_ultra
5339,1,1.0,1,challenge_08_knn_cleaning_colab_ultra
5340,0,0.0,0,challenge_08_knn_cleaning_colab_ultra
5341,0,0.4734804,0,challenge_08_knn_cleaning_colab_ultra
5342,1,1.0,1,challenge_08_knn_cleaning_colab_ultra
5343,0,0.0,0,challenge_08_knn_cleaning_colab_ultra
5344,1,1.0,1,challenge_08_knn_cleaning_colab_ultra
5345,1,0.49945402,0,challenge_08_knn_cleaning_colab_ultra
5346,1,0.48964256,0,challenge_08_knn_cleaning_colab_ultra
5347,1,0.0,0,challenge_08_knn_cleaning_colab_ultra
5348,1,0.48992097,0,challenge_08_knn_cleaning_colab_ultra
5349,1,1.0,1,challenge_08_knn_cleaning_colab_ultra
5350,0,1.0,1,challenge_08_knn_cleaning_colab_ultra
5351,1,0.49632105,0,challenge_08_knn_cleaning_colab_ultra
5352,0,0.0,0,challenge_08_knn_cleaning_colab_ultra
5353,1,1.0,1,challenge_08_knn_cleaning_colab_ultra
5354,0,0.0,0,challenge_08_knn_cleaning_colab_ultra
5355,0,0.0,0,challenge_08_knn_cleaning_colab_ultra
5356,0,0.0,0,challenge_08_knn_cleaning_colab_ultra
5357,0,0.5011152,1,challenge_08_knn_cleaning_colab_ultra
5358,1,1.0,1,challenge_08_knn_cleaning_colab_ultra
5359,0,0.5018632,1,challenge_08_knn_cleaning_colab_ultra
5360,0,0.50085145,1,challenge_08_knn_cleaning_colab_ultra
5361,0,0.43742052,0,challenge_08_knn_cleaning_colab_ultra
5362,0,0.5035818,1,challenge_08_knn_cleaning_colab_ultra
5363,1,0.5199527,1,challenge_08_knn_cleaning_colab_ultra
5364,0,0.0,0,challenge_08_knn_cleaning_colab_ultra
5365,0,0.0,0,challenge_08_knn_cleaning_colab_ultra
5366,1,1.0,1,challenge_08_knn_cleaning_colab_ultra
5367,0,1.0,1,challenge_08_knn_cleaning_colab_ultra
5368,0,0.0,0,challenge_08_knn_cleaning_colab_ultra
5369,1,1.0,1,challenge_08_knn_cleaning_colab_ultra
5370,1,0.488325,0,challenge_08_knn_cleaning_colab_ultra
5371,1,0.0,0,challenge_08_knn_cleaning_colab_ultra
5372,0,0.49006328,0,challenge_08_knn_cleaning_colab_ultra
5373,0,0.0,0,challenge_08_knn_cleaning_colab_ultra
5374,1,0.5236874,1,challenge_08_knn_cleaning_colab_ultra
5375,0,0.0,0,challenge_08_knn_cleaning_colab_ultra
5376,1,0.49854547,0,challenge_08_knn_cleaning_colab_ultra
5377,1,1.0,1,challenge_08_knn_cleaning_colab_ultra
5378,1,0.49701214,0,challenge_08_knn_cleaning_colab_ultra
5379,0,0.0,0,challenge_08_knn_cleaning_colab_ultra
5380,0,1.0,1,challenge_08_knn_cleaning_colab_ultra
5381,0,0.0,0,challenge_08_knn_cleaning_colab_ultra
5382,0,0.0,0,challenge_08_knn_cleaning_colab_ultra
5383,1,1.0,1,challenge_08_knn_cleaning_colab_ultra
5384,1,0.4905202,0,challenge_08_knn_cleaning_colab_ultra
5385,1,1.0,1,challenge_08_knn_cleaning_colab_ultra
5386,0,0.0,0,challenge_08_knn_cleaning_colab_ultra
5387,1,1.0,1,challenge_08_knn_cleaning_colab_ultra
5388,1,1.0,1,challenge_08_knn_cleaning_colab_ultra
5389,1,1.0,1,challenge_08_knn_cleaning_colab_ultra
5390,1,1.0,1,challenge_08_knn_cleaning_colab_ultra
5391,1,0.0,0,challenge_08_knn_cleaning_colab_ultra
5392,0,0.0,0,challenge_08_knn_cleaning_colab_ultra
5393,1,1.0,1,challenge_08_knn_cleaning_colab_ultra
5394,1,1.0,1,challenge_08_knn_cleaning_colab_ultra
5395,1,1.0,1,challenge_08_knn_cleaning_colab_ultra
5396,0,0.0,0,challenge_08_knn_cleaning_colab_ultra
5397,0,0.5012191,1,challenge_08_knn_cleaning_colab_ultra
5398,1,1.0,1,challenge_08_knn_cleaning_colab_ultra
5399,0,0.0,0,challenge_08_knn_cleaning_colab_ultra
5400,1,1.0,1,challenge_08_knn_cleaning_colab_ultra
5401,0,0.0,0,challenge_08_knn_cleaning_colab_ultra
5402,1,1.0,1,challenge_08_knn_cleaning_colab_ultra
5403,0,0.0,0,challenge_08_knn_cleaning_colab_ultra
5404,1,1.0,1,challenge_08_knn_cleaning_colab_ultra
5405,1,1.0,1,challenge_08_knn_cleaning_colab_ultra
5406,0,0.0,0,challenge_08_knn_cleaning_colab_ultra
5407,1,0.5116752,1,challenge_08_knn_cleaning_colab_ultra
5408,1,0.52147883,1,challenge_08_knn_cleaning_colab_ultra
5409,0,0.38438678,0,challenge_08_knn_cleaning_colab_ultra
5410,1,1.0,1,challenge_08_knn_cleaning_colab_ultra
5411,0,1.0,1,challenge_08_knn_cleaning_colab_ultra
5412,0,0.42984805,0,challenge_08_knn_cleaning_colab_ultra
5413,1,1.0,1,challenge_08_knn_cleaning_colab_ultra
5414,1,1.0,1,challenge_08_knn_cleaning_colab_ultra
5415,1,1.0,1,challenge_08_knn_cleaning_colab_ultra
5416,1,1.0,1,challenge_08_knn_cleaning_colab_ultra
5417,1,1.0,1,challenge_08_knn_cleaning_colab_ultra
5418,1,0.50137043,1,challenge_08_knn_cleaning_colab_ultra
5419,0,0.0,0,challenge_08_knn_cleaning_colab_ultra
5420,0,0.5089139,1,challenge_08_knn_cleaning_colab_ultra
5421,0,0.0,0,challenge_08_knn_cleaning_colab_ultra
5422,0,0.4846468,0,challenge_08_knn_cleaning_colab_ultra
5423,0,0.0,0,challenge_08_knn_cleaning_colab_ultra
5424,0,1.0,1,challenge_08_knn_cleaning_colab_ultra
5425,1,0.50399274,1,challenge_08_knn_cleaning_colab_ultra
5426,0,1.0,1,challenge_08_knn_cleaning_colab_ultra
5427,1,0.52209824,1,challenge_08_knn_cleaning_colab_ultra
5428,1,0.49923792,0,challenge_08_knn_cleaning_colab_ultra
5429,1,0.5181858,1,challenge_08_knn_cleaning_colab_ultra
5430,0,0.0,0,challenge_08_knn_cleaning_colab_ultra
5431,1,1.0,1,challenge_08_knn_cleaning_colab_ultra
5432,0,0.0,0,challenge_08_knn_cleaning_colab_ultra
5433,0,0.49354532,0,challenge_08_knn_cleaning_colab_ultra
5434,0,0.0,0,challenge_08_knn_cleaning_colab_ultra
5435,0,0.0,0,challenge_08_knn_cleaning_colab_ultra
5436,0,0.500301,1,challenge_08_knn_cleaning_colab_ultra
5437,0,0.49359357,0,challenge_08_knn_cleaning_colab_ultra
5438,0,0.0,0,challenge_08_knn_cleaning_colab_ultra
5439,1,0.5078309,1,challenge_08_knn_cleaning_colab_ultra
5440,1,1.0,1,challenge_08_knn_cleaning_colab_ultra
5441,1,1.0,1,challenge_08_knn_cleaning_colab_ultra
5442,0,0.49795744,0,challenge_08_knn_cleaning_colab_ultra
5443,1,1.0,1,challenge_08_knn_cleaning_colab_ultra
5444,0,1.0,1,challenge_08_knn_cleaning_colab_ultra
5445,0,0.0,0,challenge_08_knn_cleaning_colab_ultra
5446,1,1.0,1,challenge_08_knn_cleaning_colab_ultra
5447,0,0.0,0,challenge_08_knn_cleaning_colab_ultra
5448,0,0.0,0,challenge_08_knn_cleaning_colab_ultra
5449,0,0.4102998,0,challenge_08_knn_cleaning_colab_ultra
5450,0,1.0,1,challenge_08_knn_cleaning_colab_ultra
5451,1,0.49824092,0,challenge_08_knn_cleaning_colab_ultra
5452,1,1.0,1,challenge_08_knn_cleaning_colab_ultra
5453,0,0.0,0,challenge_08_knn_cleaning_colab_ultra
5454,0,1.0,1,challenge_08_knn_cleaning_colab_ultra
5455,1,0.0,0,challenge_08_knn_cleaning_colab_ultra
5456,1,0.0,0,challenge_08_knn_cleaning_colab_ultra
5457,0,1.0,1,challenge_08_knn_cleaning_colab_ultra
5458,0,0.52666795,1,challenge_08_knn_cleaning_colab_ultra
5459,1,1.0,1,challenge_08_knn_cleaning_colab_ultra
5460,1,1.0,1,challenge_08_knn_cleaning_colab_ultra
5461,0,0.0,0,challenge_08_knn_cleaning_colab_ultra
5462,1,1.0,1,challenge_08_knn_cleaning_colab_ultra
5463,0,0.0,0,challenge_08_knn_cleaning_colab_ultra
5464,0,1.0,1,challenge_08_knn_cleaning_colab_ultra
5465,0,0.0,0,challenge_08_knn_cleaning_colab_ultra
5466,1,1.0,1,challenge_08_knn_cleaning_colab_ultra
5467,1,1.0,1,challenge_08_knn_cleaning_colab_ultra
5468,0,0.50230384,1,challenge_08_knn_cleaning_colab_ultra
5469,0,0.0,0,challenge_08_knn_cleaning_colab_ultra
5470,1,1.0,1,challenge_08_knn_cleaning_colab_ultra
5471,0,1.0,1,challenge_08_knn_cleaning_colab_ultra
5472,1,0.0,0,challenge_08_knn_cleaning_colab_ultra
5473,1,1.0,1,challenge_08_knn_cleaning_colab_ultra
5474,1,1.0,1,challenge_08_knn_cleaning_colab_ultra
5475,0,0.47920138,0,challenge_08_knn_cleaning_colab_ultra
5476,1,0.54035777,1,challenge_08_knn_cleaning_colab_ultra
5477,1,1.0,1,challenge_08_knn_cleaning_colab_ultra
5478,1,0.4970429,0,challenge_08_knn_cleaning_colab_ultra
5479,1,1.0,1,challenge_08_knn_cleaning_colab_ultra
5480,0,0.49446785,0,challenge_08_knn_cleaning_colab_ultra
5481,1,0.6055017,1,challenge_08_knn_cleaning_colab_ultra
5482,0,0.49834436,0,challenge_08_knn_cleaning_colab_ultra
5483,1,1.0,1,challenge_08_knn_cleaning_colab_ultra
5484,0,1.0,1,challenge_08_knn_cleaning_colab_ultra
5485,1,1.0,1,challenge_08_knn_cleaning_colab_ultra
5486,1,0.5021592,1,challenge_08_knn_cleaning_colab_ultra
5487,0,0.49673063,0,challenge_08_knn_cleaning_colab_ultra
5488,0,0.0,0,challenge_08_knn_cleaning_colab_ultra
5489,1,0.49419436,0,challenge_08_knn_cleaning_colab_ultra
5490,0,0.4445125,0,challenge_08_knn_cleaning_colab_ultra
5491,0,0.49976525,0,challenge_08_knn_cleaning_colab_ultra
5492,1,1.0,1,challenge_08_knn_cleaning_colab_ultra
5493,1,1.0,1,challenge_08_knn_cleaning_colab_ultra
5494,1,1.0,1,challenge_08_knn_cleaning_colab_ultra
5495,1,1.0,1,challenge_08_knn_cleaning_colab_ultra
5496,0,0.0,0,challenge_08_knn_cleaning_colab_ultra
5497,1,1.0,1,challenge_08_knn_cleaning_colab_ultra
5498,1,1.0,1,challenge_08_knn_cleaning_colab_ultra
5499,1,0.0,0,challenge_08_knn_cleaning_colab_ultra
5500,1,1.0,1,challenge_08_knn_cleaning_colab_ultra
5501,1,1.0,1,challenge_08_knn_cleaning_colab_ultra
5502,1,1.0,1,challenge_08_knn_cleaning_colab_ultra
5503,0,0.5010457,1,challenge_08_knn_cleaning_colab_ultra
5504,0,0.49845213,0,challenge_08_knn_cleaning_colab_ultra
5505,0,0.0,0,challenge_08_knn_cleaning_colab_ultra
5506,0,0.47819766,0,challenge_08_knn_cleaning_colab_ultra
5507,1,0.50277233,1,challenge_08_knn_cleaning_colab_ultra
5508,1,1.0,1,challenge_08_knn_cleaning_colab_ultra
5509,1,1.0,1,challenge_08_knn_cleaning_colab_ultra
5510,1,1.0,1,challenge_08_knn_cleaning_colab_ultra
5511,1,1.0,1,challenge_08_knn_cleaning_colab_ultra
5512,1,0.48950124,0,challenge_08_knn_cleaning_colab_ultra
5513,0,0.44423428,0,challenge_08_knn_cleaning_colab_ultra
5514,1,1.0,1,challenge_08_knn_cleaning_colab_ultra
5515,1,0.5345717,1,challenge_08_knn_cleaning_colab_ultra
5516,1,1.0,1,challenge_08_knn_cleaning_colab_ultra
5517,0,0.39333922,0,challenge_08_knn_cleaning_colab_ultra
5518,0,0.0,0,challenge_08_knn_cleaning_colab_ultra
5519,1,0.544025,1,challenge_08_knn_cleaning_colab_ultra
5520,1,1.0,1,challenge_08_knn_cleaning_colab_ultra
5521,1,1.0,1,challenge_08_knn_cleaning_colab_ultra
5522,0,0.4919353,0,challenge_08_knn_cleaning_colab_ultra
5523,1,0.0,0,challenge_08_knn_cleaning_colab_ultra
5524,0,0.4956719,0,challenge_08_knn_cleaning_colab_ultra
5525,1,1.0,1,challenge_08_knn_cleaning_colab_ultra
5526,0,0.36303404,0,challenge_08_knn_cleaning_colab_ultra
5527,0,0.51852065,1,challenge_08_knn_cleaning_colab_ultra
5528,0,0.0,0,challenge_08_knn_cleaning_colab_ultra
5529,1,1.0,1,challenge_08_knn_cleaning_colab_ultra
5530,0,0.50020945,1,challenge_08_knn_cleaning_colab_ultra
5531,1,1.0,1,challenge_08_knn_cleaning_colab_ultra
5532,0,0.0,0,challenge_08_knn_cleaning_colab_ultra
5533,0,0.49766487,0,challenge_08_knn_cleaning_colab_ultra
5534,1,0.0,0,challenge_08_knn_cleaning_colab_ultra
5535,0,0.4705589,0,challenge_08_knn_cleaning_colab_ultra
5536,0,0.0,0,challenge_08_knn_cleaning_colab_ultra
5537,0,0.49829066,0,challenge_08_knn_cleaning_colab_ultra
5538,0,0.5201027,1,challenge_08_knn_cleaning_colab_ultra
5539,1,1.0,1,challenge_08_knn_cleaning_colab_ultra
5540,0,0.5137562,1,challenge_08_knn_cleaning_colab_ultra
5541,1,1.0,1,challenge_08_knn_cleaning_colab_ultra
5542,0,0.498577,0,challenge_08_knn_cleaning_colab_ultra
5543,1,1.0,1,challenge_08_knn_cleaning_colab_ultra
5544,0,0.0,0,challenge_08_knn_cleaning_colab_ultra
5545,0,0.49517936,0,challenge_08_knn_cleaning_colab_ultra
5546,0,0.0,0,challenge_08_knn_cleaning_colab_ultra
5547,1,0.5147809,1,challenge_08_knn_cleaning_colab_ultra
5548,0,0.4984979,0,challenge_08_knn_cleaning_colab_ultra
5549,0,0.0,0,challenge_08_knn_cleaning_colab_ultra
5550,1,0.0,0,challenge_08_knn_cleaning_colab_ultra
5551,1,1.0,1,challenge_08_knn_cleaning_colab_ultra
5552,1,0.50506145,1,challenge_08_knn_cleaning_colab_ultra
5553,1,0.49645206,0,challenge_08_knn_cleaning_colab_ultra
5554,1,1.0,1,challenge_08_knn_cleaning_colab_ultra
5555,1,1.0,1,challenge_08_knn_cleaning_colab_ultra
5556,0,0.0,0,challenge_08_knn_cleaning_colab_ultra
5557,1,1.0,1,challenge_08_knn_cleaning_colab_ultra
5558,1,0.5030555,1,challenge_08_knn_cleaning_colab_ultra
5559,0,0.0,0,challenge_08_knn_cleaning_colab_ultra
5560,1,1.0,1,challenge_08_knn_cleaning_colab_ultra
5561,0,0.0,0,challenge_08_knn_cleaning_colab_ultra
5562,0,0.0,0,challenge_08_knn_cleaning_colab_ultra
5563,1,1.0,1,challenge_08_knn_cleaning_colab_ultra
5564,0,1.0,1,challenge_08_knn_cleaning_colab_ultra
5565,1,0.50105715,1,challenge_08_knn_cleaning_colab_ultra
5566,1,0.502549,1,challenge_08_knn_cleaning_colab_ultra
5567,0,0.0,0,challenge_08_knn_cleaning_colab_ultra
5568,1,1.0,1,challenge_08_knn_cleaning_colab_ultra
5569,0,0.0,0,challenge_08_knn_cleaning_colab_ultra
5570,1,0.5046908,1,challenge_08_knn_cleaning_colab_ultra
5571,0,0.0,0,challenge_08_knn_cleaning_colab_ultra
5572,0,0.0,0,challenge_08_knn_cleaning_colab_ultra
5573,1,1.0,1,challenge_08_knn_cleaning_colab_ultra
5574,1,1.0,1,challenge_08_knn_cleaning_colab_ultra
5575,0,0.0,0,challenge_08_knn_cleaning_colab_ultra
5576,1,1.0,1,challenge_08_knn_cleaning_colab_ultra
5577,1,1.0,1,challenge_08_knn_cleaning_colab_ultra
5578,1,1.0,1,challenge_08_knn_cleaning_colab_ultra
5579,1,0.49432254,0,challenge_08_knn_cleaning_colab_ultra
5580,1,1.0,1,challenge_08_knn_cleaning_colab_ultra
5581,1,1.0,1,challenge_08_knn_cleaning_colab_ultra
5582,0,0.0,0,challenge_08_knn_cleaning_colab_ultra
5583,1,0.0,0,challenge_08_knn_cleaning_colab_ultra
5584,0,1.0,1,challenge_08_knn_cleaning_colab_ultra
5585,0,0.0,0,challenge_08_knn_cleaning_colab_ultra
5586,1,1.0,1,challenge_08_knn_cleaning_colab_ultra
5587,0,1.0,1,challenge_08_knn_cleaning_colab_ultra
5588,1,0.5371057,1,challenge_08_knn_cleaning_colab_ultra
5589,1,0.49965432,0,challenge_08_knn_cleaning_colab_ultra
5590,0,0.0,0,challenge_08_knn_cleaning_colab_ultra
5591,1,1.0,1,challenge_08_knn_cleaning_colab_ultra
5592,1,0.0,0,challenge_08_knn_cleaning_colab_ultra
5593,1,1.0,1,challenge_08_knn_cleaning_colab_ultra
5594,1,1.0,1,challenge_08_knn_cleaning_colab_ultra
5595,1,0.49192014,0,challenge_08_knn_cleaning_colab_ultra
5596,0,0.0,0,challenge_08_knn_cleaning_colab_ultra
5597,0,0.4765376,0,challenge_08_knn_cleaning_colab_ultra
5598,1,1.0,1,challenge_08_knn_cleaning_colab_ultra
5599,0,0.43909523,0,challenge_08_knn_cleaning_colab_ultra
5600,1,1.0,1,challenge_08_knn_cleaning_colab_ultra
5601,1,1.0,1,challenge_08_knn_cleaning_colab_ultra
5602,1,0.50303096,1,challenge_08_knn_cleaning_colab_ultra
5603,0,0.0,0,challenge_08_knn_cleaning_colab_ultra
5604,0,0.0,0,challenge_08_knn_cleaning_colab_ultra
5605,1,1.0,1,challenge_08_knn_cleaning_colab_ultra
5606,0,0.5116866,1,challenge_08_knn_cleaning_colab_ultra
5607,1,1.0,1,challenge_08_knn_cleaning_colab_ultra
5608,0,0.0,0,challenge_08_knn_cleaning_colab_ultra
5609,1,0.49559715,0,challenge_08_knn_cleaning_colab_ultra
5610,0,0.41656575,0,challenge_08_knn_cleaning_colab_ultra
5611,0,0.5266588,1,challenge_08_knn_cleaning_colab_ultra
5612,0,0.49877715,0,challenge_08_knn_cleaning_colab_ultra
5613,1,1.0,1,challenge_08_knn_cleaning_colab_ultra
5614,0,0.49529475,0,challenge_08_knn_cleaning_colab_ultra
5615,0,0.4916787,0,challenge_08_knn_cleaning_colab_ultra
5616,0,0.0,0,challenge_08_knn_cleaning_colab_ultra
5617,0,0.0,0,challenge_08_knn_cleaning_colab_ultra
5618,1,1.0,1,challenge_08_knn_cleaning_colab_ultra
5619,1,1.0,1,challenge_08_knn_cleaning_colab_ultra
5620,0,0.49106255,0,challenge_08_knn_cleaning_colab_ultra
5621,1,1.0,1,challenge_08_knn_cleaning_colab_ultra
5622,1,1.0,1,challenge_08_knn_cleaning_colab_ultra
5623,1,1.0,1,challenge_08_knn_cleaning_colab_ultra
5624,1,0.49889565,0,challenge_08_knn_cleaning_colab_ultra
5625,0,0.0,0,challenge_08_knn_cleaning_colab_ultra
5626,1,0.49891946,0,challenge_08_knn_cleaning_colab_ultra
5627,0,0.5013759,1,challenge_08_knn_cleaning_colab_ultra
5628,0,0.5037521,1,challenge_08_knn_cleaning_colab_ultra
5629,1,1.0,1,challenge_08_knn_cleaning_colab_ultra
5630,1,1.0,1,challenge_08_knn_cleaning_colab_ultra
5631,1,0.5045627,1,challenge_08_knn_cleaning_colab_ultra
5632,1,1.0,1,challenge_08_knn_cleaning_colab_ultra
5633,0,0.50380456,1,challenge_08_knn_cleaning_colab_ultra
5634,1,1.0,1,challenge_08_knn_cleaning_colab_ultra
5635,1,0.50087386,1,challenge_08_knn_cleaning_colab_ultra
5636,0,0.0,0,challenge_08_knn_cleaning_colab_ultra
5637,1,0.5031268,1,challenge_08_knn_cleaning_colab_ultra
5638,0,0.0,0,challenge_08_knn_cleaning_colab_ultra
5639,1,1.0,1,challenge_08_knn_cleaning_colab_ultra
5640,0,0.0,0,challenge_08_knn_cleaning_colab_ultra
5641,0,0.0,0,challenge_08_knn_cleaning_colab_ultra
5642,1,0.49362245,0,challenge_08_knn_cleaning_colab_ultra
5643,0,0.0,0,challenge_08_knn_cleaning_colab_ultra
5644,1,1.0,1,challenge_08_knn_cleaning_colab_ultra
5645,0,0.45789868,0,challenge_08_knn_cleaning_colab_ultra
5646,0,0.37767145,0,challenge_08_knn_cleaning_colab_ultra
5647,1,0.50380284,1,challenge_08_knn_cleaning_colab_ultra
5648,1,1.0,1,challenge_08_knn_cleaning_colab_ultra
5649,0,0.48133093,0,challenge_08_knn_cleaning_colab_ultra
5650,0,1.0,1,challenge_08_knn_cleaning_colab_ultra
5651,0,0.0,0,challenge_08_knn_cleaning_colab_ultra
5652,1,0.51619166,1,challenge_08_knn_cleaning_colab_ultra
5653,1,0.53438824,1,challenge_08_knn_cleaning_colab_ultra
5654,1,1.0,1,challenge_08_knn_cleaning_colab_ultra
5655,1,0.0,0,challenge_08_knn_cleaning_colab_ultra
5656,1,1.0,1,challenge_08_knn_cleaning_colab_ultra
5657,0,0.0,0,challenge_08_knn_cleaning_colab_ultra
5658,1,0.48626038,0,challenge_08_knn_cleaning_colab_ultra
5659,1,1.0,1,challenge_08_knn_cleaning_colab_ultra
5660,1,0.5044907,1,challenge_08_knn_cleaning_colab_ultra
5661,1,0.49677464,0,challenge_08_knn_cleaning_colab_ultra
5662,1,1.0,1,challenge_08_knn_cleaning_colab_ultra
5663,1,1.0,1,challenge_08_knn_cleaning_colab_ultra
5664,0,0.0,0,challenge_08_knn_cleaning_colab_ultra
5665,1,1.0,1,challenge_08_knn_cleaning_colab_ultra
5666,1,0.5012989,1,challenge_08_knn_cleaning_colab_ultra
5667,0,0.4961241,0,challenge_08_knn_cleaning_colab_ultra
5668,1,1.0,1,challenge_08_knn_cleaning_colab_ultra
5669,0,1.0,1,challenge_08_knn_cleaning_colab_ultra
5670,1,1.0,1,challenge_08_knn_cleaning_colab_ultra
5671,1,0.5022014,1,challenge_08_knn_cleaning_colab_ultra
5672,1,1.0,1,challenge_08_knn_cleaning_colab_ultra
5673,1,1.0,1,challenge_08_knn_cleaning_colab_ultra
5674,0,0.0,0,challenge_08_knn_cleaning_colab_ultra
5675,1,1.0,1,challenge_08_knn_cleaning_colab_ultra
5676,0,1.0,1,challenge_08_knn_cleaning_colab_ultra
5677,1,1.0,1,challenge_08_knn_cleaning_colab_ultra
5678,0,0.39293417,0,challenge_08_knn_cleaning_colab_ultra
5679,1,1.0,1,challenge_08_knn_cleaning_colab_ultra
5680,1,0.5233084,1,challenge_08_knn_cleaning_colab_ultra
5681,0,0.0,0,challenge_08_knn_cleaning_colab_ultra
5682,1,1.0,1,challenge_08_knn_cleaning_colab_ultra
5683,1,1.0,1,challenge_08_knn_cleaning_colab_ultra
5684,1,1.0,1,challenge_08_knn_cleaning_colab_ultra
5685,0,0.0,0,challenge_08_knn_cleaning_colab_ultra
5686,0,0.0,0,challenge_08_knn_cleaning_colab_ultra
5687,1,1.0,1,challenge_08_knn_cleaning_colab_ultra
5688,0,0.0,0,challenge_08_knn_cleaning_colab_ultra
5689,0,0.0,0,challenge_08_knn_cleaning_colab_ultra
5690,0,0.49797258,0,challenge_08_knn_cleaning_colab_ultra
5691,0,0.0,0,challenge_08_knn_cleaning_colab_ultra
5692,0,0.0,0,challenge_08_knn_cleaning_colab_ultra
5693,0,0.46567804,0,challenge_08_knn_cleaning_colab_ultra
5694,0,0.0,0,challenge_08_knn_cleaning_colab_ultra
5695,0,0.0,0,challenge_08_knn_cleaning_colab_ultra
5696,1,1.0,1,challenge_08_knn_cleaning_colab_ultra
5697,1,0.4979031,0,challenge_08_knn_cleaning_colab_ultra
5698,0,0.48458096,0,challenge_08_knn_cleaning_colab_ultra
5699,0,0.5026961,1,challenge_08_knn_cleaning_colab_ultra
5700,0,0.45568475,0,challenge_08_knn_cleaning_colab_ultra
5701,1,1.0,1,challenge_08_knn_cleaning_colab_ultra
5702,0,0.48584673,0,challenge_08_knn_cleaning_colab_ultra
5703,1,0.0,0,challenge_08_knn_cleaning_colab_ultra
5704,1,0.50541645,1,challenge_08_knn_cleaning_colab_ultra
5705,1,1.0,1,challenge_08_knn_cleaning_colab_ultra
5706,1,0.49981576,0,challenge_08_knn_cleaning_colab_ultra
5707,1,0.0,0,challenge_08_knn_cleaning_colab_ultra
5708,0,0.0,0,challenge_08_knn_cleaning_colab_ultra
5709,1,1.0,1,challenge_08_knn_cleaning_colab_ultra
5710,0,0.5022716,1,challenge_08_knn_cleaning_colab_ultra
5711,1,1.0,1,challenge_08_knn_cleaning_colab_ultra
5712,0,0.0,0,challenge_08_knn_cleaning_colab_ultra
5713,0,0.0,0,challenge_08_knn_cleaning_colab_ultra
5714,1,1.0,1,challenge_08_knn_cleaning_colab_ultra
5715,1,1.0,1,challenge_08_knn_cleaning_colab_ultra
5716,1,1.0,1,challenge_08_knn_cleaning_colab_ultra
5717,0,0.50159895,1,challenge_08_knn_cleaning_colab_ultra
5718,0,0.0,0,challenge_08_knn_cleaning_colab_ultra
5719,1,1.0,1,challenge_08_knn_cleaning_colab_ultra
5720,0,0.4915308,0,challenge_08_knn_cleaning_colab_ultra
5721,1,1.0,1,challenge_08_knn_cleaning_colab_ultra
5722,0,0.49910414,0,challenge_08_knn_cleaning_colab_ultra
5723,1,1.0,1,challenge_08_knn_cleaning_colab_ultra
5724,0,0.0,0,challenge_08_knn_cleaning_colab_ultra
5725,1,1.0,1,challenge_08_knn_cleaning_colab_ultra
5726,1,1.0,1,challenge_08_knn_cleaning_colab_ultra
5727,0,0.0,0,challenge_08_knn_cleaning_colab_ultra
5728,0,0.0,0,challenge_08_knn_cleaning_colab_ultra
5729,1,1.0,1,challenge_08_knn_cleaning_colab_ultra
5730,1,1.0,1,challenge_08_knn_cleaning_colab_ultra
5731,1,1.0,1,challenge_08_knn_cleaning_colab_ultra
5732,0,0.4263558,0,challenge_08_knn_cleaning_colab_ultra
5733,0,0.43740892,0,challenge_08_knn_cleaning_colab_ultra
5734,0,0.0,0,challenge_08_knn_cleaning_colab_ultra
5735,0,0.0,0,challenge_08_knn_cleaning_colab_ultra
5736,0,0.0,0,challenge_08_knn_cleaning_colab_ultra
5737,1,0.5204064,1,challenge_08_knn_cleaning_colab_ultra
5738,0,0.0,0,challenge_08_knn_cleaning_colab_ultra
5739,0,1.0,1,challenge_08_knn_cleaning_colab_ultra
5740,1,1.0,1,challenge_08_knn_cleaning_colab_ultra
5741,1,0.51380694,1,challenge_08_knn_cleaning_colab_ultra
5742,1,1.0,1,challenge_08_knn_cleaning_colab_ultra
5743,0,0.47150463,0,challenge_08_knn_cleaning_colab_ultra
5744,1,1.0,1,challenge_08_knn_cleaning_colab_ultra
5745,0,0.0,0,challenge_08_knn_cleaning_colab_ultra
5746,0,0.503249,1,challenge_08_knn_cleaning_colab_ultra
5747,0,0.0,0,challenge_08_knn_cleaning_colab_ultra
5748,1,1.0,1,challenge_08_knn_cleaning_colab_ultra
5749,0,0.0,0,challenge_08_knn_cleaning_colab_ultra
5750,1,1.0,1,challenge_08_knn_cleaning_colab_ultra
5751,1,1.0,1,challenge_08_knn_cleaning_colab_ultra
5752,0,0.49956495,0,challenge_08_knn_cleaning_colab_ultra
5753,1,1.0,1,challenge_08_knn_cleaning_colab_ultra
5754,1,0.54092383,1,challenge_08_knn_cleaning_colab_ultra
5755,1,1.0,1,challenge_08_knn_cleaning_colab_ultra
5756,0,0.49013132,0,challenge_08_knn_cleaning_colab_ultra
5757,0,1.0,1,challenge_08_knn_cleaning_colab_ultra
5758,1,0.0,0,challenge_08_knn_cleaning_colab_ultra
5759,0,0.49573368,0,challenge_08_knn_cleaning_colab_ultra
5760,0,0.0,0,challenge_08_knn_cleaning_colab_ultra
5761,0,0.0,0,challenge_08_knn_cleaning_colab_ultra
5762,0,0.0,0,challenge_08_knn_cleaning_colab_ultra
5763,1,0.0,0,challenge_08_knn_cleaning_colab_ultra
5764,0,1.0,1,challenge_08_knn_cleaning_colab_ultra
5765,0,0.0,0,challenge_08_knn_cleaning_colab_ultra
5766,0,1.0,1,challenge_08_knn_cleaning_colab_ultra
5767,1,1.0,1,challenge_08_knn_cleaning_colab_ultra
5768,1,1.0,1,challenge_08_knn_cleaning_colab_ultra
5769,1,0.5107998,1,challenge_08_knn_cleaning_colab_ultra
5770,1,0.5061141,1,challenge_08_knn_cleaning_colab_ultra
5771,0,0.0,0,challenge_08_knn_cleaning_colab_ultra
5772,1,0.49543992,0,challenge_08_knn_cleaning_colab_ultra
5773,0,0.48036596,0,challenge_08_knn_cleaning_colab_ultra
5774,0,0.4215369,0,challenge_08_knn_cleaning_colab_ultra
5775,1,1.0,1,challenge_08_knn_cleaning_colab_ultra
5776,0,0.0,0,challenge_08_knn_cleaning_colab_ultra
5777,1,1.0,1,challenge_08_knn_cleaning_colab_ultra
5778,0,0.0,0,challenge_08_knn_cleaning_colab_ultra
5779,1,1.0,1,challenge_08_knn_cleaning_colab_ultra
5780,1,0.5002341,1,challenge_08_knn_cleaning_colab_ultra
5781,0,0.0,0,challenge_08_knn_cleaning_colab_ultra
5782,0,0.5146182,1,challenge_08_knn_cleaning_colab_ultra
5783,0,0.49545807,0,challenge_08_knn_cleaning_colab_ultra
5784,1,1.0,1,challenge_08_knn_cleaning_colab_ultra
5785,1,1.0,1,challenge_08_knn_cleaning_colab_ultra
5786,0,0.0,0,challenge_08_knn_cleaning_colab_ultra
5787,1,0.4944519,0,challenge_08_knn_cleaning_colab_ultra
5788,0,0.5306369,1,challenge_08_knn_cleaning_colab_ultra
5789,0,0.0,0,challenge_08_knn_cleaning_colab_ultra
5790,1,1.0,1,challenge_08_knn_cleaning_colab_ultra
5791,1,0.0,0,challenge_08_knn_cleaning_colab_ultra
5792,0,0.0,0,challenge_08_knn_cleaning_colab_ultra
5793,0,0.49216992,0,challenge_08_knn_cleaning_colab_ultra
5794,0,1.0,1,challenge_08_knn_cleaning_colab_ultra
5795,1,0.5089068,1,challenge_08_knn_cleaning_colab_ultra
5796,1,1.0,1,challenge_08_knn_cleaning_colab_ultra
5797,1,0.5353614,1,challenge_08_knn_cleaning_colab_ultra
5798,0,0.0,0,challenge_08_knn_cleaning_colab_ultra
5799,1,0.51483524,1,challenge_08_knn_cleaning_colab_ultra
5800,1,1.0,1,challenge_08_knn_cleaning_colab_ultra
5801,1,1.0,1,challenge_08_knn_cleaning_colab_ultra
5802,1,1.0,1,challenge_08_knn_cleaning_colab_ultra
5803,0,0.0,0,challenge_08_knn_cleaning_colab_ultra
5804,1,0.50563776,1,challenge_08_knn_cleaning_colab_ultra
5805,1,0.48846042,0,challenge_08_knn_cleaning_colab_ultra
5806,0,0.0,0,challenge_08_knn_cleaning_colab_ultra
5807,0,0.0,0,challenge_08_knn_cleaning_colab_ultra
5808,1,1.0,1,challenge_08_knn_cleaning_colab_ultra
5809,1,0.510555,1,challenge_08_knn_cleaning_colab_ultra
5810,1,1.0,1,challenge_08_knn_cleaning_colab_ultra
5811,0,0.50141793,1,challenge_08_knn_cleaning_colab_ultra
5812,1,1.0,1,challenge_08_knn_cleaning_colab_ultra
5813,1,1.0,1,challenge_08_knn_cleaning_colab_ultra
5814,0,0.0,0,challenge_08_knn_cleaning_colab_ultra
5815,0,0.48231304,0,challenge_08_knn_cleaning_colab_ultra
5816,1,0.50246483,1,challenge_08_knn_cleaning_colab_ultra
5817,1,1.0,1,challenge_08_knn_cleaning_colab_ultra
5818,0,0.50654644,1,challenge_08_knn_cleaning_colab_ultra
5819,0,0.0,0,challenge_08_knn_cleaning_colab_ultra
5820,1,1.0,1,challenge_08_knn_cleaning_colab_ultra
5821,0,1.0,1,challenge_08_knn_cleaning_colab_ultra
5822,0,0.0,0,challenge_08_knn_cleaning_colab_ultra
5823,1,1.0,1,challenge_08_knn_cleaning_colab_ultra
5824,1,1.0,1,challenge_08_knn_cleaning_colab_ultra
5825,0,0.0,0,challenge_08_knn_cleaning_colab_ultra
5826,0,1.0,1,challenge_08_knn_cleaning_colab_ultra
5827,1,1.0,1,challenge_08_knn_cleaning_colab_ultra
5828,0,1.0,1,challenge_08_knn_cleaning_colab_ultra
5829,1,0.51205415,1,challenge_08_knn_cleaning_colab_ultra
5830,1,1.0,1,challenge_08_knn_cleaning_colab_ultra
5831,0,0.0,0,challenge_08_knn_cleaning_colab_ultra
5832,1,0.52281266,1,challenge_08_knn_cleaning_colab_ultra
5833,1,1.0,1,challenge_08_knn_cleaning_colab_ultra
5834,0,1.0,1,challenge_08_knn_cleaning_colab_ultra
5835,1,1.0,1,challenge_08_knn_cleaning_colab_ultra
5836,0,0.0,0,challenge_08_knn_cleaning_colab_ultra
5837,1,1.0,1,challenge_08_knn_cleaning_colab_ultra
5838,0,1.0,1,challenge_08_knn_cleaning_colab_ultra
5839,1,1.0,1,challenge_08_knn_cleaning_colab_ultra
5840,0,0.0,0,challenge_08_knn_cleaning_colab_ultra
5841,1,1.0,1,challenge_08_knn_cleaning_colab_ultra
5842,0,0.0,0,challenge_08_knn_cleaning_colab_ultra
5843,0,0.0,0,challenge_08_knn_cleaning_colab_ultra
5844,1,0.5100422,1,challenge_08_knn_cleaning_colab_ultra
5845,1,1.0,1,challenge_08_knn_cleaning_colab_ultra
5846,0,0.0,0,challenge_08_knn_cleaning_colab_ultra
5847,1,0.0,0,challenge_08_knn_cleaning_colab_ultra
5848,1,1.0,1,challenge_08_knn_cleaning_colab_ultra
5849,1,1.0,1,challenge_08_knn_cleaning_colab_ultra
5850,0,0.5015534,1,challenge_08_knn_cleaning_colab_ultra
5851,0,0.0,0,challenge_08_knn_cleaning_colab_ultra
5852,0,0.51314956,1,challenge_08_knn_cleaning_colab_ultra
5853,1,0.496696,0,challenge_08_knn_cleaning_colab_ultra
5854,0,0.0,0,challenge_08_knn_cleaning_colab_ultra
5855,1,1.0,1,challenge_08_knn_cleaning_colab_ultra
5856,0,0.48609933,0,challenge_08_knn_cleaning_colab_ultra
5857,0,0.0,0,challenge_08_knn_cleaning_colab_ultra
5858,0,0.0,0,challenge_08_knn_cleaning_colab_ultra
5859,1,1.0,1,challenge_08_knn_cleaning_colab_ultra
5860,1,1.0,1,challenge_08_knn_cleaning_colab_ultra
5861,0,0.0,0,challenge_08_knn_cleaning_colab_ultra
5862,0,0.0,0,challenge_08_knn_cleaning_colab_ultra
5863,1,1.0,1,challenge_08_knn_cleaning_colab_ultra
5864,1,1.0,1,challenge_08_knn_cleaning_colab_ultra
5865,0,0.0,0,challenge_08_knn_cleaning_colab_ultra
5866,0,0.0,0,challenge_08_knn_cleaning_colab_ultra
5867,0,0.0,0,challenge_08_knn_cleaning_colab_ultra
5868,0,0.4969075,0,challenge_08_knn_cleaning_colab_ultra
5869,0,0.0,0,challenge_08_knn_cleaning_colab_ultra
5870,1,1.0,1,challenge_08_knn_cleaning_colab_ultra
5871,1,1.0,1,challenge_08_knn_cleaning_colab_ultra
5872,1,1.0,1,challenge_08_knn_cleaning_colab_ultra
5873,1,1.0,1,challenge_08_knn_cleaning_colab_ultra
5874,0,0.0,0,challenge_08_knn_cleaning_colab_ultra
5875,0,0.48328158,0,challenge_08_knn_cleaning_colab_ultra
5876,0,0.44259694,0,challenge_08_knn_cleaning_colab_ultra
5877,0,0.0,0,challenge_08_knn_cleaning_colab_ultra
5878,0,0.49997333,0,challenge_08_knn_cleaning_colab_ultra
5879,0,0.4911058,0,challenge_08_knn_cleaning_colab_ultra
5880,0,0.49344915,0,challenge_08_knn_cleaning_colab_ultra
5881,0,1.0,1,challenge_08_knn_cleaning_colab_ultra
5882,1,0.0,0,challenge_08_knn_cleaning_colab_ultra
5883,1,1.0,1,challenge_08_knn_cleaning_colab_ultra
5884,1,0.0,0,challenge_08_knn_cleaning_colab_ultra
5885,0,0.0,0,challenge_08_knn_cleaning_colab_ultra
5886,1,0.50294,1,challenge_08_knn_cleaning_colab_ultra
5887,1,1.0,1,challenge_08_knn_cleaning_colab_ultra
5888,0,0.0,0,challenge_08_knn_cleaning_colab_ultra
5889,0,0.0,0,challenge_08_knn_cleaning_colab_ultra
5890,0,0.0,0,challenge_08_knn_cleaning_colab_ultra
5891,0,0.0,0,challenge_08_knn_cleaning_colab_ultra
5892,0,0.496611,0,challenge_08_knn_cleaning_colab_ultra
5893,1,1.0,1,challenge_08_knn_cleaning_colab_ultra
5894,0,0.0,0,challenge_08_knn_cleaning_colab_ultra
5895,1,1.0,1,challenge_08_knn_cleaning_colab_ultra
5896,1,0.49987778,0,challenge_08_knn_cleaning_colab_ultra
5897,1,1.0,1,challenge_08_knn_cleaning_colab_ultra
5898,0,0.0,0,challenge_08_knn_cleaning_colab_ultra
5899,0,1.0,1,challenge_08_knn_cleaning_colab_ultra
5900,0,0.0,0,challenge_08_knn_cleaning_colab_ultra
5901,0,0.4997464,0,challenge_08_knn_cleaning_colab_ultra
5902,1,0.5397736,1,challenge_08_knn_cleaning_colab_ultra
5903,1,1.0,1,challenge_08_knn_cleaning_colab_ultra
5904,1,1.0,1,challenge_08_knn_cleaning_colab_ultra
5905,0,0.0,0,challenge_08_knn_cleaning_colab_ultra
5906,0,0.0,0,challenge_08_knn_cleaning_colab_ultra
5907,0,0.48883045,0,challenge_08_knn_cleaning_colab_ultra
5908,1,1.0,1,challenge_08_knn_cleaning_colab_ultra
5909,1,1.0,1,challenge_08_knn_cleaning_colab_ultra
5910,1,1.0,1,challenge_08_knn_cleaning_colab_ultra
5911,1,1.0,1,challenge_08_knn_cleaning_colab_ultra
5912,1,1.0,1,challenge_08_knn_cleaning_colab_ultra
5913,0,0.0,0,challenge_08_knn_cleaning_colab_ultra
5914,0,0.4661237,0,challenge_08_knn_cleaning_colab_ultra
5915,0,0.0,0,challenge_08_knn_cleaning_colab_ultra
5916,0,0.0,0,challenge_08_knn_cleaning_colab_ultra
5917,1,1.0,1,challenge_08_knn_cleaning_colab_ultra
5918,0,0.0,0,challenge_08_knn_cleaning_colab_ultra
5919,0,0.0,0,challenge_08_knn_cleaning_colab_ultra
5920,0,0.4821958,0,challenge_08_knn_cleaning_colab_ultra
5921,1,1.0,1,challenge_08_knn_cleaning_colab_ultra
5922,0,1.0,1,challenge_08_knn_cleaning_colab_ultra
5923,0,0.0,0,challenge_08_knn_cleaning_colab_ultra
5924,1,1.0,1,challenge_08_knn_cleaning_colab_ultra
5925,1,1.0,1,challenge_08_knn_cleaning_colab_ultra
5926,1,0.50576305,1,challenge_08_knn_cleaning_colab_ultra
5927,1,0.5001419,1,challenge_08_knn_cleaning_colab_ultra
5928,1,0.4954384,0,challenge_08_knn_cleaning_colab_ultra
5929,1,1.0,1,challenge_08_knn_cleaning_colab_ultra
5930,1,1.0,1,challenge_08_knn_cleaning_colab_ultra
5931,1,1.0,1,challenge_08_knn_cleaning_colab_ultra
5932,0,0.0,0,challenge_08_knn_cleaning_colab_ultra
5933,0,0.4772572,0,challenge_08_knn_cleaning_colab_ultra
5934,1,1.0,1,challenge_08_knn_cleaning_colab_ultra
5935,1,1.0,1,challenge_08_knn_cleaning_colab_ultra
5936,0,0.0,0,challenge_08_knn_cleaning_colab_ultra
5937,1,1.0,1,challenge_08_knn_cleaning_colab_ultra
5938,1,1.0,1,challenge_08_knn_cleaning_colab_ultra
5939,1,1.0,1,challenge_08_knn_cleaning_colab_ultra
5940,0,0.0,0,challenge_08_knn_cleaning_colab_ultra
5941,0,1.0,1,challenge_08_knn_cleaning_colab_ultra
5942,1,0.49512485,0,challenge_08_knn_cleaning_colab_ultra
5943,0,0.0,0,challenge_08_knn_cleaning_colab_ultra
5944,0,0.0,0,challenge_08_knn_cleaning_colab_ultra
5945,0,0.0,0,challenge_08_knn_cleaning_colab_ultra
5946,1,1.0,1,challenge_08_knn_cleaning_colab_ultra
5947,1,1.0,1,challenge_08_knn_cleaning_colab_ultra
5948,1,1.0,1,challenge_08_knn_cleaning_colab_ultra
5949,0,0.0,0,challenge_08_knn_cleaning_colab_ultra
5950,1,1.0,1,challenge_08_knn_cleaning_colab_ultra
5951,1,1.0,1,challenge_08_knn_cleaning_colab_ultra
5952,1,1.0,1,challenge_08_knn_cleaning_colab_ultra
5953,1,1.0,1,challenge_08_knn_cleaning_colab_ultra
5954,0,0.49272552,0,challenge_08_knn_cleaning_colab_ultra
5955,0,0.0,0,challenge_08_knn_cleaning_colab_ultra
5956,0,0.43932214,0,challenge_08_knn_cleaning_colab_ultra
5957,1,0.5578497,1,challenge_08_knn_cleaning_colab_ultra
5958,1,1.0,1,challenge_08_knn_cleaning_colab_ultra
5959,1,1.0,1,challenge_08_knn_cleaning_colab_ultra
5960,0,0.5134269,1,challenge_08_knn_cleaning_colab_ultra
5961,0,0.0,0,challenge_08_knn_cleaning_colab_ultra
5962,1,1.0,1,challenge_08_knn_cleaning_colab_ultra
5963,1,1.0,1,challenge_08_knn_cleaning_colab_ultra
5964,1,0.4951613,0,challenge_08_knn_cleaning_colab_ultra
5965,0,0.0,0,challenge_08_knn_cleaning_colab_ultra
5966,1,1.0,1,challenge_08_knn_cleaning_colab_ultra
5967,0,0.50332946,1,challenge_08_knn_cleaning_colab_ultra
5968,1,1.0,1,challenge_08_knn_cleaning_colab_ultra
5969,0,0.0,0,challenge_08_knn_cleaning_colab_ultra
5970,0,0.49733496,0,challenge_08_knn_cleaning_colab_ultra
5971,0,0.47067654,0,challenge_08_knn_cleaning_colab_ultra
5972,0,0.0,0,challenge_08_knn_cleaning_colab_ultra
5973,1,0.5242453,1,challenge_08_knn_cleaning_colab_ultra
5974,1,1.0,1,challenge_08_knn_cleaning_colab_ultra
5975,1,1.0,1,challenge_08_knn_cleaning_colab_ultra
5976,0,0.0,0,challenge_08_knn_cleaning_colab_ultra
5977,1,0.49919033,0,challenge_08_knn_cleaning_colab_ultra
5978,0,0.48633403,0,challenge_08_knn_cleaning_colab_ultra
5979,0,0.0,0,challenge_08_knn_cleaning_colab_ultra
5980,1,1.0,1,challenge_08_knn_cleaning_colab_ultra
5981,0,0.5216103,1,challenge_08_knn_cleaning_colab_ultra
5982,0,0.0,0,challenge_08_knn_cleaning_colab_ultra
5983,0,0.506009,1,challenge_08_knn_cleaning_colab_ultra
5984,0,0.50291294,1,challenge_08_knn_cleaning_colab_ultra
5985,1,1.0,1,challenge_08_knn_cleaning_colab_ultra
5986,1,0.5000907,1,challenge_08_knn_cleaning_colab_ultra
5987,1,0.5174728,1,challenge_08_knn_cleaning_colab_ultra
5988,0,0.0,0,challenge_08_knn_cleaning_colab_ultra
5989,0,0.46402475,0,challenge_08_knn_cleaning_colab_ultra
5990,0,0.0,0,challenge_08_knn_cleaning_colab_ultra
5991,0,0.0,0,challenge_08_knn_cleaning_colab_ultra
5992,0,0.0,0,challenge_08_knn_cleaning_colab_ultra
5993,0,0.48467508,0,challenge_08_knn_cleaning_colab_ultra
5994,0,0.0,0,challenge_08_knn_cleaning_colab_ultra
5995,1,0.51486737,1,challenge_08_knn_cleaning_colab_ultra
5996,0,0.0,0,challenge_08_knn_cleaning_colab_ultra
5997,1,1.0,1,challenge_08_knn_cleaning_colab_ultra
5998,1,0.0,0,challenge_08_knn_cleaning_colab_ultra
5999,0,0.0,0,challenge_08_knn_cleaning_colab_ultra
6000,1,1.0,1,challenge_08_knn_cleaning_colab_ultra
6001,0,0.0,0,challenge_08_knn_cleaning_colab_ultra
6002,1,1.0,1,challenge_08_knn_cleaning_colab_ultra
6003,1,0.49879172,0,challenge_08_knn_cleaning_colab_ultra
6004,0,0.0,0,challenge_08_knn_cleaning_colab_ultra
6005,0,0.38439208,0,challenge_08_knn_cleaning_colab_ultra
6006,0,0.5018204,1,challenge_08_knn_cleaning_colab_ultra
6007,1,1.0,1,challenge_08_knn_cleaning_colab_ultra
6008,1,0.5015279,1,challenge_08_knn_cleaning_colab_ultra
6009,0,0.49767748,0,challenge_08_knn_cleaning_colab_ultra
6010,0,0.0,0,challenge_08_knn_cleaning_colab_ultra
6011,1,1.0,1,challenge_08_knn_cleaning_colab_ultra
6012,0,0.0,0,challenge_08_knn_cleaning_colab_ultra
6013,1,1.0,1,challenge_08_knn_cleaning_colab_ultra
6014,0,0.0,0,challenge_08_knn_cleaning_colab_ultra
6015,0,0.49898255,0,challenge_08_knn_cleaning_colab_ultra
6016,0,0.0,0,challenge_08_knn_cleaning_colab_ultra
6017,1,1.0,1,challenge_08_knn_cleaning_colab_ultra
6018,0,0.0,0,challenge_08_knn_cleaning_colab_ultra
6019,0,0.0,0,challenge_08_knn_cleaning_colab_ultra
6020,0,0.0,0,challenge_08_knn_cleaning_colab_ultra
6021,1,1.0,1,challenge_08_knn_cleaning_colab_ultra
6022,0,0.49975747,0,challenge_08_knn_cleaning_colab_ultra
6023,1,1.0,1,challenge_08_knn_cleaning_colab_ultra
6024,1,1.0,1,challenge_08_knn_cleaning_colab_ultra
6025,0,0.0,0,challenge_08_knn_cleaning_colab_ultra
6026,1,0.51776755,1,challenge_08_knn_cleaning_colab_ultra
6027,1,1.0,1,challenge_08_knn_cleaning_colab_ultra
6028,1,0.4974607,0,challenge_08_knn_cleaning_colab_ultra
6029,0,0.0,0,challenge_08_knn_cleaning_colab_ultra
6030,1,1.0,1,challenge_08_knn_cleaning_colab_ultra
6031,1,1.0,1,challenge_08_knn_cleaning_colab_ultra
6032,1,0.50885594,1,challenge_08_knn_cleaning_colab_ultra
6033,0,0.0,0,challenge_08_knn_cleaning_colab_ultra
6034,1,1.0,1,challenge_08_knn_cleaning_colab_ultra
6035,1,1.0,1,challenge_08_knn_cleaning_colab_ultra
6036,0,0.0,0,challenge_08_knn_cleaning_colab_ultra
6037,1,0.0,0,challenge_08_knn_cleaning_colab_ultra
6038,0,0.0,0,challenge_08_knn_cleaning_colab_ultra
6039,0,0.50501966,1,challenge_08_knn_cleaning_colab_ultra
6040,0,0.0,0,challenge_08_knn_cleaning_colab_ultra
6041,0,0.0,0,challenge_08_knn_cleaning_colab_ultra
6042,1,1.0,1,challenge_08_knn_cleaning_colab_ultra
6043,0,0.48867866,0,challenge_08_knn_cleaning_colab_ultra
6044,0,0.4958356,0,challenge_08_knn_cleaning_colab_ultra
6045,0,0.0,0,challenge_08_knn_cleaning_colab_ultra
6046,0,0.0,0,challenge_08_knn_cleaning_colab_ultra
6047,0,0.4780282,0,challenge_08_knn_cleaning_colab_ultra
6048,0,0.50163156,1,challenge_08_knn_cleaning_colab_ultra
6049,0,0.0,0,challenge_08_knn_cleaning_colab_ultra
6050,1,1.0,1,challenge_08_knn_cleaning_colab_ultra
6051,1,0.53975827,1,challenge_08_knn_cleaning_colab_ultra
6052,0,0.0,0,challenge_08_knn_cleaning_colab_ultra
6053,1,0.5708139,1,challenge_08_knn_cleaning_colab_ultra
6054,1,1.0,1,challenge_08_knn_cleaning_colab_ultra
6055,1,1.0,1,challenge_08_knn_cleaning_colab_ultra
6056,1,1.0,1,challenge_08_knn_cleaning_colab_ultra
6057,0,0.4990559,0,challenge_08_knn_cleaning_colab_ultra
6058,1,1.0,1,challenge_08_knn_cleaning_colab_ultra
6059,1,0.0,0,challenge_08_knn_cleaning_colab_ultra
6060,0,0.0,0,challenge_08_knn_cleaning_colab_ultra
6061,1,1.0,1,challenge_08_knn_cleaning_colab_ultra
6062,1,1.0,1,challenge_08_knn_cleaning_colab_ultra
6063,1,0.5533193,1,challenge_08_knn_cleaning_colab_ultra
6064,0,0.0,0,challenge_08_knn_cleaning_colab_ultra
6065,1,0.0,0,challenge_08_knn_cleaning_colab_ultra
6066,0,1.0,1,challenge_08_knn_cleaning_colab_ultra
6067,1,1.0,1,challenge_08_knn_cleaning_colab_ultra
6068,0,0.0,0,challenge_08_knn_cleaning_colab_ultra
6069,1,0.0,0,challenge_08_knn_cleaning_colab_ultra
6070,1,0.0,0,challenge_08_knn_cleaning_colab_ultra
6071,0,1.0,1,challenge_08_knn_cleaning_colab_ultra
6072,1,1.0,1,challenge_08_knn_cleaning_colab_ultra
6073,1,1.0,1,challenge_08_knn_cleaning_colab_ultra
6074,0,0.0,0,challenge_08_knn_cleaning_colab_ultra
6075,0,0.42714015,0,challenge_08_knn_cleaning_colab_ultra
6076,0,0.43067914,0,challenge_08_knn_cleaning_colab_ultra
6077,0,0.0,0,challenge_08_knn_cleaning_colab_ultra
6078,1,1.0,1,challenge_08_knn_cleaning_colab_ultra
6079,0,0.44312865,0,challenge_08_knn_cleaning_colab_ultra
6080,0,0.0,0,challenge_08_knn_cleaning_colab_ultra
6081,0,0.0,0,challenge_08_knn_cleaning_colab_ultra
6082,1,0.0,0,challenge_08_knn_cleaning_colab_ultra
6083,1,1.0,1,challenge_08_knn_cleaning_colab_ultra
6084,1,0.507918,1,challenge_08_knn_cleaning_colab_ultra
6085,0,0.49700218,0,challenge_08_knn_cleaning_colab_ultra
6086,0,0.0,0,challenge_08_knn_cleaning_colab_ultra
6087,0,0.0,0,challenge_08_knn_cleaning_colab_ultra
6088,0,0.0,0,challenge_08_knn_cleaning_colab_ultra
6089,1,1.0,1,challenge_08_knn_cleaning_colab_ultra
6090,0,0.0,0,challenge_08_knn_cleaning_colab_ultra
6091,1,0.5129967,1,challenge_08_knn_cleaning_colab_ultra
6092,0,0.0,0,challenge_08_knn_cleaning_colab_ultra
6093,1,1.0,1,challenge_08_knn_cleaning_colab_ultra
6094,0,0.0,0,challenge_08_knn_cleaning_colab_ultra
6095,1,1.0,1,challenge_08_knn_cleaning_colab_ultra
6096,0,0.0,0,challenge_08_knn_cleaning_colab_ultra
6097,0,0.39690977,0,challenge_08_knn_cleaning_colab_ultra
6098,1,1.0,1,challenge_08_knn_cleaning_colab_ultra
6099,0,0.0,0,challenge_08_knn_cleaning_colab_ultra
6100,0,0.49920744,0,challenge_08_knn_cleaning_colab_ultra
6101,0,0.49402755,0,challenge_08_knn_cleaning_colab_ultra
6102,1,1.0,1,challenge_08_knn_cleaning_colab_ultra
6103,1,1.0,1,challenge_08_knn_cleaning_colab_ultra
6104,1,0.0,0,challenge_08_knn_cleaning_colab_ultra
6105,1,0.0,0,challenge_08_knn_cleaning_colab_ultra
6106,0,0.44919044,0,challenge_08_knn_cleaning_colab_ultra
6107,1,1.0,1,challenge_08_knn_cleaning_colab_ultra
6108,1,1.0,1,challenge_08_knn_cleaning_colab_ultra
6109,1,1.0,1,challenge_08_knn_cleaning_colab_ultra
6110,1,1.0,1,challenge_08_knn_cleaning_colab_ultra
6111,1,1.0,1,challenge_08_knn_cleaning_colab_ultra
6112,0,0.0,0,challenge_08_knn_cleaning_colab_ultra
6113,0,0.50066334,1,challenge_08_knn_cleaning_colab_ultra
6114,0,0.47672892,0,challenge_08_knn_cleaning_colab_ultra
6115,1,0.52507436,1,challenge_08_knn_cleaning_colab_ultra
6116,0,0.36226848,0,challenge_08_knn_cleaning_colab_ultra
6117,1,0.51337594,1,challenge_08_knn_cleaning_colab_ultra
6118,0,0.0,0,challenge_08_knn_cleaning_colab_ultra
6119,0,0.49913597,0,challenge_08_knn_cleaning_colab_ultra
6120,1,1.0,1,challenge_08_knn_cleaning_colab_ultra
6121,0,1.0,1,challenge_08_knn_cleaning_colab_ultra
6122,1,1.0,1,challenge_08_knn_cleaning_colab_ultra
6123,1,1.0,1,challenge_08_knn_cleaning_colab_ultra
6124,1,1.0,1,challenge_08_knn_cleaning_colab_ultra
6125,1,1.0,1,challenge_08_knn_cleaning_colab_ultra
6126,1,0.0,0,challenge_08_knn_cleaning_colab_ultra
6127,0,1.0,1,challenge_08_knn_cleaning_colab_ultra
6128,1,1.0,1,challenge_08_knn_cleaning_colab_ultra
6129,0,0.0,0,challenge_08_knn_cleaning_colab_ultra
6130,0,0.0,0,challenge_08_knn_cleaning_colab_ultra
6131,1,1.0,1,challenge_08_knn_cleaning_colab_ultra
6132,0,0.0,0,challenge_08_knn_cleaning_colab_ultra
6133,0,0.49512652,0,challenge_08_knn_cleaning_colab_ultra
6134,0,0.0,0,challenge_08_knn_cleaning_colab_ultra
6135,0,0.0,0,challenge_08_knn_cleaning_colab_ultra
6136,0,0.0,0,challenge_08_knn_cleaning_colab_ultra
6137,1,1.0,1,challenge_08_knn_cleaning_colab_ultra
6138,1,1.0,1,challenge_08_knn_cleaning_colab_ultra
6139,1,0.50491965,1,challenge_08_knn_cleaning_colab_ultra
6140,0,0.0,0,challenge_08_knn_cleaning_colab_ultra
6141,1,1.0,1,challenge_08_knn_cleaning_colab_ultra
6142,1,1.0,1,challenge_08_knn_cleaning_colab_ultra
6143,0,0.0,0,challenge_08_knn_cleaning_colab_ultra
6144,0,0.4919068,0,challenge_08_knn_cleaning_colab_ultra
6145,1,1.0,1,challenge_08_knn_cleaning_colab_ultra
6146,1,1.0,1,challenge_08_knn_cleaning_colab_ultra
6147,0,0.50741833,1,challenge_08_knn_cleaning_colab_ultra
6148,1,0.48888445,0,challenge_08_knn_cleaning_colab_ultra
6149,1,1.0,1,challenge_08_knn_cleaning_colab_ultra
6150,0,0.0,0,challenge_08_knn_cleaning_colab_ultra
6151,0,0.0,0,challenge_08_knn_cleaning_colab_ultra
6152,1,1.0,1,challenge_08_knn_cleaning_colab_ultra
6153,1,1.0,1,challenge_08_knn_cleaning_colab_ultra
6154,1,1.0,1,challenge_08_knn_cleaning_colab_ultra
6155,1,1.0,1,challenge_08_knn_cleaning_colab_ultra
6156,0,0.0,0,challenge_08_knn_cleaning_colab_ultra
6157,0,0.0,0,challenge_08_knn_cleaning_colab_ultra
6158,1,1.0,1,challenge_08_knn_cleaning_colab_ultra
6159,1,0.49115363,0,challenge_08_knn_cleaning_colab_ultra
6160,0,0.0,0,challenge_08_knn_cleaning_colab_ultra
6161,1,1.0,1,challenge_08_knn_cleaning_colab_ultra
6162,0,0.0,0,challenge_08_knn_cleaning_colab_ultra
6163,1,1.0,1,challenge_08_knn_cleaning_colab_ultra
6164,0,0.5170377,1,challenge_08_knn_cleaning_colab_ultra
6165,0,1.0,1,challenge_08_knn_cleaning_colab_ultra
6166,0,0.47862738,0,challenge_08_knn_cleaning_colab_ultra
6167,1,1.0,1,challenge_08_knn_cleaning_colab_ultra
6168,0,0.0,0,challenge_08_knn_cleaning_colab_ultra
6169,0,0.0,0,challenge_08_knn_cleaning_colab_ultra
6170,0,0.50050217,1,challenge_08_knn_cleaning_colab_ultra
6171,0,0.49678382,0,challenge_08_knn_cleaning_colab_ultra
6172,1,0.50507694,1,challenge_08_knn_cleaning_colab_ultra
6173,1,0.5317188,1,challenge_08_knn_cleaning_colab_ultra
6174,1,1.0,1,challenge_08_knn_cleaning_colab_ultra
6175,1,0.49582085,0,challenge_08_knn_cleaning_colab_ultra
6176,0,0.0,0,challenge_08_knn_cleaning_colab_ultra
6177,0,0.5011086,1,challenge_08_knn_cleaning_colab_ultra
6178,0,0.0,0,challenge_08_knn_cleaning_colab_ultra
6179,0,0.0,0,challenge_08_knn_cleaning_colab_ultra
6180,1,0.5003246,1,challenge_08_knn_cleaning_colab_ultra
6181,1,1.0,1,challenge_08_knn_cleaning_colab_ultra
6182,0,0.51233375,1,challenge_08_knn_cleaning_colab_ultra
6183,0,0.49671578,0,challenge_08_knn_cleaning_colab_ultra
6184,1,0.5216568,1,challenge_08_knn_cleaning_colab_ultra
6185,1,0.4968908,0,challenge_08_knn_cleaning_colab_ultra
6186,0,0.0,0,challenge_08_knn_cleaning_colab_ultra
6187,1,0.48725525,0,challenge_08_knn_cleaning_colab_ultra
6188,1,1.0,1,challenge_08_knn_cleaning_colab_ultra
6189,0,0.0,0,challenge_08_knn_cleaning_colab_ultra
6190,1,1.0,1,challenge_08_knn_cleaning_colab_ultra
6191,0,0.0,0,challenge_08_knn_cleaning_colab_ultra
6192,1,1.0,1,challenge_08_knn_cleaning_colab_ultra
6193,0,0.4939247,0,challenge_08_knn_cleaning_colab_ultra
6194,0,1.0,1,challenge_08_knn_cleaning_colab_ultra
6195,1,1.0,1,challenge_08_knn_cleaning_colab_ultra
6196,1,1.0,1,challenge_08_knn_cleaning_colab_ultra
6197,0,0.47728544,0,challenge_08_knn_cleaning_colab_ultra
6198,1,1.0,1,challenge_08_knn_cleaning_colab_ultra
6199,0,0.0,0,challenge_08_knn_cleaning_colab_ultra
6200,0,0.50457096,1,challenge_08_knn_cleaning_colab_ultra
6201,1,0.0,0,challenge_08_knn_cleaning_colab_ultra
6202,1,0.5150016,1,challenge_08_knn_cleaning_colab_ultra
6203,1,0.4960674,0,challenge_08_knn_cleaning_colab_ultra
6204,0,1.0,1,challenge_08_knn_cleaning_colab_ultra
6205,1,1.0,1,challenge_08_knn_cleaning_colab_ultra
6206,0,0.0,0,challenge_08_knn_cleaning_colab_ultra
6207,1,1.0,1,challenge_08_knn_cleaning_colab_ultra
6208,0,0.0,0,challenge_08_knn_cleaning_colab_ultra
6209,0,0.0,0,challenge_08_knn_cleaning_colab_ultra
6210,1,0.0,0,challenge_08_knn_cleaning_colab_ultra
6211,0,0.0,0,challenge_08_knn_cleaning_colab_ultra
6212,0,0.0,0,challenge_08_knn_cleaning_colab_ultra
6213,0,0.5023356,1,challenge_08_knn_cleaning_colab_ultra
6214,0,0.0,0,challenge_08_knn_cleaning_colab_ultra
6215,1,0.49875194,0,challenge_08_knn_cleaning_colab_ultra
6216,0,0.49588552,0,challenge_08_knn_cleaning_colab_ultra
6217,0,0.47692773,0,challenge_08_knn_cleaning_colab_ultra
6218,1,0.4915384,0,challenge_08_knn_cleaning_colab_ultra
6219,1,0.49646077,0,challenge_08_knn_cleaning_colab_ultra
6220,0,0.0,0,challenge_08_knn_cleaning_colab_ultra
6221,0,0.4941978,0,challenge_08_knn_cleaning_colab_ultra
6222,0,0.0,0,challenge_08_knn_cleaning_colab_ultra
6223,1,0.0,0,challenge_08_knn_cleaning_colab_ultra
6224,0,0.0,0,challenge_08_knn_cleaning_colab_ultra
6225,0,0.50115925,1,challenge_08_knn_cleaning_colab_ultra
6226,1,1.0,1,challenge_08_knn_cleaning_colab_ultra
6227,0,0.49895573,0,challenge_08_knn_cleaning_colab_ultra
6228,1,0.0,0,challenge_08_knn_cleaning_colab_ultra
6229,1,1.0,1,challenge_08_knn_cleaning_colab_ultra
6230,0,0.0,0,challenge_08_knn_cleaning_colab_ultra
6231,0,0.0,0,challenge_08_knn_cleaning_colab_ultra
6232,0,1.0,1,challenge_08_knn_cleaning_colab_ultra
6233,0,0.0,0,challenge_08_knn_cleaning_colab_ultra
6234,1,1.0,1,challenge_08_knn_cleaning_colab_ultra
6235,1,1.0,1,challenge_08_knn_cleaning_colab_ultra
6236,1,1.0,1,challenge_08_knn_cleaning_colab_ultra
6237,0,0.0,0,challenge_08_knn_cleaning_colab_ultra
6238,0,0.0,0,challenge_08_knn_cleaning_colab_ultra
6239,0,0.0,0,challenge_08_knn_cleaning_colab_ultra
6240,0,0.0,0,challenge_08_knn_cleaning_colab_ultra
6241,0,0.51590395,1,challenge_08_knn_cleaning_colab_ultra
6242,0,0.0,0,challenge_08_knn_cleaning_colab_ultra
6243,0,0.0,0,challenge_08_knn_cleaning_colab_ultra
6244,0,0.49716973,0,challenge_08_knn_cleaning_colab_ultra
6245,1,1.0,1,challenge_08_knn_cleaning_colab_ultra
6246,0,0.0,0,challenge_08_knn_cleaning_colab_ultra
6247,0,0.0,0,challenge_08_knn_cleaning_colab_ultra
6248,0,1.0,1,challenge_08_knn_cleaning_colab_ultra
6249,1,1.0,1,challenge_08_knn_cleaning_colab_ultra
6250,1,1.0,1,challenge_08_knn_cleaning_colab_ultra
6251,1,1.0,1,challenge_08_knn_cleaning_colab_ultra
6252,0,0.0,0,challenge_08_knn_cleaning_colab_ultra
6253,1,1.0,1,challenge_08_knn_cleaning_colab_ultra
6254,0,0.46513698,0,challenge_08_knn_cleaning_colab_ultra
6255,0,0.0,0,challenge_08_knn_cleaning_colab_ultra
6256,1,0.5029514,1,challenge_08_knn_cleaning_colab_ultra
6257,0,0.0,0,challenge_08_knn_cleaning_colab_ultra
6258,1,0.53561676,1,challenge_08_knn_cleaning_colab_ultra
6259,1,1.0,1,challenge_08_knn_cleaning_colab_ultra
6260,1,1.0,1,challenge_08_knn_cleaning_colab_ultra
6261,1,1.0,1,challenge_08_knn_cleaning_colab_ultra
6262,0,0.0,0,challenge_08_knn_cleaning_colab_ultra
6263,0,0.0,0,challenge_08_knn_cleaning_colab_ultra
6264,1,1.0,1,challenge_08_knn_cleaning_colab_ultra
6265,0,0.0,0,challenge_08_knn_cleaning_colab_ultra
6266,0,0.48129374,0,challenge_08_knn_cleaning_colab_ultra
6267,0,0.0,0,challenge_08_knn_cleaning_colab_ultra
6268,1,1.0,1,challenge_08_knn_cleaning_colab_ultra
6269,0,0.50243163,1,challenge_08_knn_cleaning_colab_ultra
6270,0,0.5100418,1,challenge_08_knn_cleaning_colab_ultra
6271,1,1.0,1,challenge_08_knn_cleaning_colab_ultra
6272,1,1.0,1,challenge_08_knn_cleaning_colab_ultra
6273,1,0.49657756,0,challenge_08_knn_cleaning_colab_ultra
6274,1,0.5198077,1,challenge_08_knn_cleaning_colab_ultra
6275,1,0.50051355,1,challenge_08_knn_cleaning_colab_ultra
6276,0,0.0,0,challenge_08_knn_cleaning_colab_ultra
6277,0,0.0,0,challenge_08_knn_cleaning_colab_ultra
6278,1,1.0,1,challenge_08_knn_cleaning_colab_ultra
6279,1,1.0,1,challenge_08_knn_cleaning_colab_ultra
6280,0,0.0,0,challenge_08_knn_cleaning_colab_ultra
6281,1,1.0,1,challenge_08_knn_cleaning_colab_ultra
6282,0,0.0,0,challenge_08_knn_cleaning_colab_ultra
6283,1,1.0,1,challenge_08_knn_cleaning_colab_ultra
6284,0,0.50182205,1,challenge_08_knn_cleaning_colab_ultra
6285,0,0.0,0,challenge_08_knn_cleaning_colab_ultra
6286,1,1.0,1,challenge_08_knn_cleaning_colab_ultra
6287,1,0.53752404,1,challenge_08_knn_cleaning_colab_ultra
6288,0,0.5058081,1,challenge_08_knn_cleaning_colab_ultra
6289,1,1.0,1,challenge_08_knn_cleaning_colab_ultra
6290,0,0.0,0,challenge_08_knn_cleaning_colab_ultra
6291,1,1.0,1,challenge_08_knn_cleaning_colab_ultra
6292,0,0.48906836,0,challenge_08_knn_cleaning_colab_ultra
6293,0,0.0,0,challenge_08_knn_cleaning_colab_ultra
6294,0,0.51734436,1,challenge_08_knn_cleaning_colab_ultra
6295,1,1.0,1,challenge_08_knn_cleaning_colab_ultra
6296,0,1.0,1,challenge_08_knn_cleaning_colab_ultra
6297,1,1.0,1,challenge_08_knn_cleaning_colab_ultra
6298,0,0.0,0,challenge_08_knn_cleaning_colab_ultra
6299,0,0.0,0,challenge_08_knn_cleaning_colab_ultra
6300,1,1.0,1,challenge_08_knn_cleaning_colab_ultra
6301,0,0.4463968,0,challenge_08_knn_cleaning_colab_ultra
6302,1,0.5159215,1,challenge_08_knn_cleaning_colab_ultra
6303,1,1.0,1,challenge_08_knn_cleaning_colab_ultra
6304,0,0.0,0,challenge_08_knn_cleaning_colab_ultra
6305,1,1.0,1,challenge_08_knn_cleaning_colab_ultra
6306,1,0.5021197,1,challenge_08_knn_cleaning_colab_ultra
6307,1,0.543186,1,challenge_08_knn_cleaning_colab_ultra
6308,0,0.0,0,challenge_08_knn_cleaning_colab_ultra
6309,0,0.0,0,challenge_08_knn_cleaning_colab_ultra
6310,0,0.48742613,0,challenge_08_knn_cleaning_colab_ultra
6311,0,0.0,0,challenge_08_knn_cleaning_colab_ultra
6312,0,1.0,1,challenge_08_knn_cleaning_colab_ultra
6313,1,1.0,1,challenge_08_knn_cleaning_colab_ultra
6314,0,0.0,0,challenge_08_knn_cleaning_colab_ultra
6315,1,1.0,1,challenge_08_knn_cleaning_colab_ultra
6316,0,0.0,0,challenge_08_knn_cleaning_colab_ultra
6317,1,0.5138078,1,challenge_08_knn_cleaning_colab_ultra
6318,1,1.0,1,challenge_08_knn_cleaning_colab_ultra
6319,0,0.5183867,1,challenge_08_knn_cleaning_colab_ultra
6320,1,1.0,1,challenge_08_knn_cleaning_colab_ultra
6321,0,0.0,0,challenge_08_knn_cleaning_colab_ultra
6322,0,0.0,0,challenge_08_knn_cleaning_colab_ultra
6323,1,0.4972146,0,challenge_08_knn_cleaning_colab_ultra
6324,1,0.49704376,0,challenge_08_knn_cleaning_colab_ultra
6325,1,0.50048643,1,challenge_08_knn_cleaning_colab_ultra
6326,1,0.51329887,1,challenge_08_knn_cleaning_colab_ultra
6327,0,0.0,0,challenge_08_knn_cleaning_colab_ultra
6328,1,1.0,1,challenge_08_knn_cleaning_colab_ultra
6329,1,1.0,1,challenge_08_knn_cleaning_colab_ultra
6330,0,0.3984146,0,challenge_08_knn_cleaning_colab_ultra
6331,1,1.0,1,challenge_08_knn_cleaning_colab_ultra
6332,1,1.0,1,challenge_08_knn_cleaning_colab_ultra
6333,1,1.0,1,challenge_08_knn_cleaning_colab_ultra
6334,1,0.0,0,challenge_08_knn_cleaning_colab_ultra
6335,0,0.0,0,challenge_08_knn_cleaning_colab_ultra
6336,1,1.0,1,challenge_08_knn_cleaning_colab_ultra
6337,0,0.0,0,challenge_08_knn_cleaning_colab_ultra
6338,0,0.0,0,challenge_08_knn_cleaning_colab_ultra
6339,0,0.0,0,challenge_08_knn_cleaning_colab_ultra
6340,0,0.0,0,challenge_08_knn_cleaning_colab_ultra
6341,1,1.0,1,challenge_08_knn_cleaning_colab_ultra
6342,0,0.0,0,challenge_08_knn_cleaning_colab_ultra
6343,1,1.0,1,challenge_08_knn_cleaning_colab_ultra
6344,0,0.0,0,challenge_08_knn_cleaning_colab_ultra
6345,0,0.47656667,0,challenge_08_knn_cleaning_colab_ultra
6346,1,1.0,1,challenge_08_knn_cleaning_colab_ultra
6347,0,0.0,0,challenge_08_knn_cleaning_colab_ultra
6348,0,0.0,0,challenge_08_knn_cleaning_colab_ultra
6349,0,0.0,0,challenge_08_knn_cleaning_colab_ultra
6350,1,1.0,1,challenge_08_knn_cleaning_colab_ultra
6351,0,0.0,0,challenge_08_knn_cleaning_colab_ultra
6352,1,1.0,1,challenge_08_knn_cleaning_colab_ultra
6353,0,0.48247454,0,challenge_08_knn_cleaning_colab_ultra
6354,1,1.0,1,challenge_08_knn_cleaning_colab_ultra
6355,0,0.0,0,challenge_08_knn_cleaning_colab_ultra
6356,1,1.0,1,challenge_08_knn_cleaning_colab_ultra
6357,1,1.0,1,challenge_08_knn_cleaning_colab_ultra
6358,0,0.5049859,1,challenge_08_knn_cleaning_colab_ultra
6359,0,0.5090549,1,challenge_08_knn_cleaning_colab_ultra
6360,1,1.0,1,challenge_08_knn_cleaning_colab_ultra
6361,0,0.0,0,challenge_08_knn_cleaning_colab_ultra
6362,0,0.0,0,challenge_08_knn_cleaning_colab_ultra
6363,1,0.5420498,1,challenge_08_knn_cleaning_colab_ultra
6364,1,1.0,1,challenge_08_knn_cleaning_colab_ultra
6365,0,0.0,0,challenge_08_knn_cleaning_colab_ultra
6366,1,1.0,1,challenge_08_knn_cleaning_colab_ultra
6367,0,1.0,1,challenge_08_knn_cleaning_colab_ultra
6368,0,0.5104369,1,challenge_08_knn_cleaning_colab_ultra
6369,0,0.0,0,challenge_08_knn_cleaning_colab_ultra
6370,0,0.46710485,0,challenge_08_knn_cleaning_colab_ultra
6371,0,0.0,0,challenge_08_knn_cleaning_colab_ultra
6372,1,0.50398004,1,challenge_08_knn_cleaning_colab_ultra
6373,1,1.0,1,challenge_08_knn_cleaning_colab_ultra
6374,1,1.0,1,challenge_08_knn_cleaning_colab_ultra
6375,1,1.0,1,challenge_08_knn_cleaning_colab_ultra
6376,0,1.0,1,challenge_08_knn_cleaning_colab_ultra
6377,1,1.0,1,challenge_08_knn_cleaning_colab_ultra
6378,1,1.0,1,challenge_08_knn_cleaning_colab_ultra
6379,0,0.5014415,1,challenge_08_knn_cleaning_colab_ultra
6380,0,0.0,0,challenge_08_knn_cleaning_colab_ultra
6381,0,0.0,0,challenge_08_knn_cleaning_colab_ultra
6382,0,0.0,0,challenge_08_knn_cleaning_colab_ultra
6383,0,0.0,0,challenge_08_knn_cleaning_colab_ultra
6384,0,0.0,0,challenge_08_knn_cleaning_colab_ultra
6385,1,1.0,1,challenge_08_knn_cleaning_colab_ultra
6386,1,1.0,1,challenge_08_knn_cleaning_colab_ultra
6387,0,0.50629586,1,challenge_08_knn_cleaning_colab_ultra
6388,1,1.0,1,challenge_08_knn_cleaning_colab_ultra
6389,1,0.5049046,1,challenge_08_knn_cleaning_colab_ultra
6390,1,1.0,1,challenge_08_knn_cleaning_colab_ultra
6391,0,1.0,1,challenge_08_knn_cleaning_colab_ultra
6392,0,0.46954575,0,challenge_08_knn_cleaning_colab_ultra
6393,1,1.0,1,challenge_08_knn_cleaning_colab_ultra
6394,0,0.0,0,challenge_08_knn_cleaning_colab_ultra
6395,0,0.5003483,1,challenge_08_knn_cleaning_colab_ultra
6396,1,0.0,0,challenge_08_knn_cleaning_colab_ultra
6397,0,0.0,0,challenge_08_knn_cleaning_colab_ultra
6398,0,0.0,0,challenge_08_knn_cleaning_colab_ultra
6399,0,0.0,0,challenge_08_knn_cleaning_colab_ultra
6400,0,0.0,0,challenge_08_knn_cleaning_colab_ultra
6401,1,1.0,1,challenge_08_knn_cleaning_colab_ultra
6402,0,0.4534882,0,challenge_08_knn_cleaning_colab_ultra
6403,1,1.0,1,challenge_08_knn_cleaning_colab_ultra
6404,1,0.51414347,1,challenge_08_knn_cleaning_colab_ultra
6405,0,0.0,0,challenge_08_knn_cleaning_colab_ultra
6406,0,0.5040449,1,challenge_08_knn_cleaning_colab_ultra
6407,0,0.49399817,0,challenge_08_knn_cleaning_colab_ultra
6408,0,0.48772448,0,challenge_08_knn_cleaning_colab_ultra
6409,1,1.0,1,challenge_08_knn_cleaning_colab_ultra
6410,1,0.0,0,challenge_08_knn_cleaning_colab_ultra
6411,1,1.0,1,challenge_08_knn_cleaning_colab_ultra
6412,1,1.0,1,challenge_08_knn_cleaning_colab_ultra
6413,0,0.45072502,0,challenge_08_knn_cleaning_colab_ultra
6414,0,0.0,0,challenge_08_knn_cleaning_colab_ultra
6415,1,1.0,1,challenge_08_knn_cleaning_colab_ultra
6416,1,0.4953634,0,challenge_08_knn_cleaning_colab_ultra
6417,1,0.49574172,0,challenge_08_knn_cleaning_colab_ultra
6418,0,0.49623147,0,challenge_08_knn_cleaning_colab_ultra
6419,1,1.0,1,challenge_08_knn_cleaning_colab_ultra
6420,1,1.0,1,challenge_08_knn_cleaning_colab_ultra
6421,0,0.4912243,0,challenge_08_knn_cleaning_colab_ultra
6422,1,0.5045991,1,challenge_08_knn_cleaning_colab_ultra
6423,1,1.0,1,challenge_08_knn_cleaning_colab_ultra
6424,0,0.48047656,0,challenge_08_knn_cleaning_colab_ultra
6425,1,1.0,1,challenge_08_knn_cleaning_colab_ultra
6426,0,0.48213872,0,challenge_08_knn_cleaning_colab_ultra
6427,0,1.0,1,challenge_08_knn_cleaning_colab_ultra
6428,1,1.0,1,challenge_08_knn_cleaning_colab_ultra
6429,1,1.0,1,challenge_08_knn_cleaning_colab_ultra
6430,0,0.487813,0,challenge_08_knn_cleaning_colab_ultra
6431,0,0.0,0,challenge_08_knn_cleaning_colab_ultra
6432,0,0.0,0,challenge_08_knn_cleaning_colab_ultra
6433,1,1.0,1,challenge_08_knn_cleaning_colab_ultra
6434,1,0.49781027,0,challenge_08_knn_cleaning_colab_ultra
6435,0,0.0,0,challenge_08_knn_cleaning_colab_ultra
6436,1,0.63702214,1,challenge_08_knn_cleaning_colab_ultra
6437,0,0.0,0,challenge_08_knn_cleaning_colab_ultra
6438,1,0.49405777,0,challenge_08_knn_cleaning_colab_ultra
6439,0,0.0,0,challenge_08_knn_cleaning_colab_ultra
6440,0,0.0,0,challenge_08_knn_cleaning_colab_ultra
6441,0,0.0,0,challenge_08_knn_cleaning_colab_ultra
6442,1,1.0,1,challenge_08_knn_cleaning_colab_ultra
6443,1,0.53218615,1,challenge_08_knn_cleaning_colab_ultra
6444,1,1.0,1,challenge_08_knn_cleaning_colab_ultra
6445,1,1.0,1,challenge_08_knn_cleaning_colab_ultra
6446,1,1.0,1,challenge_08_knn_cleaning_colab_ultra
6447,1,1.0,1,challenge_08_knn_cleaning_colab_ultra
6448,1,0.4991333,0,challenge_08_knn_cleaning_colab_ultra
6449,1,1.0,1,challenge_08_knn_cleaning_colab_ultra
6450,0,0.48038453,0,challenge_08_knn_cleaning_colab_ultra
6451,0,0.0,0,challenge_08_knn_cleaning_colab_ultra
6452,1,0.5142428,1,challenge_08_knn_cleaning_colab_ultra
6453,0,0.0,0,challenge_08_knn_cleaning_colab_ultra
6454,1,0.5005702,1,challenge_08_knn_cleaning_colab_ultra
6455,0,0.503619,1,challenge_08_knn_cleaning_colab_ultra
6456,0,0.0,0,challenge_08_knn_cleaning_colab_ultra
6457,1,1.0,1,challenge_08_knn_cleaning_colab_ultra
6458,1,0.5045419,1,challenge_08_knn_cleaning_colab_ultra
6459,0,0.4953718,0,challenge_08_knn_cleaning_colab_ultra
6460,1,1.0,1,challenge_08_knn_cleaning_colab_ultra
6461,0,0.0,0,challenge_08_knn_cleaning_colab_ultra
6462,0,0.47606966,0,challenge_08_knn_cleaning_colab_ultra
6463,0,0.47360542,0,challenge_08_knn_cleaning_colab_ultra
6464,0,0.0,0,challenge_08_knn_cleaning_colab_ultra
6465,0,0.0,0,challenge_08_knn_cleaning_colab_ultra
6466,0,0.0,0,challenge_08_knn_cleaning_colab_ultra
6467,1,1.0,1,challenge_08_knn_cleaning_colab_ultra
6468,0,0.0,0,challenge_08_knn_cleaning_colab_ultra
6469,1,1.0,1,challenge_08_knn_cleaning_colab_ultra
6470,1,1.0,1,challenge_08_knn_cleaning_colab_ultra
6471,1,1.0,1,challenge_08_knn_cleaning_colab_ultra
6472,1,1.0,1,challenge_08_knn_cleaning_colab_ultra
6473,0,0.49508554,0,challenge_08_knn_cleaning_colab_ultra
6474,1,1.0,1,challenge_08_knn_cleaning_colab_ultra
6475,0,0.0,0,challenge_08_knn_cleaning_colab_ultra
6476,0,0.0,0,challenge_08_knn_cleaning_colab_ultra
6477,1,1.0,1,challenge_08_knn_cleaning_colab_ultra
6478,0,0.0,0,challenge_08_knn_cleaning_colab_ultra
6479,0,0.0,0,challenge_08_knn_cleaning_colab_ultra
6480,0,0.0,0,challenge_08_knn_cleaning_colab_ultra
6481,1,1.0,1,challenge_08_knn_cleaning_colab_ultra
6482,1,1.0,1,challenge_08_knn_cleaning_colab_ultra
6483,0,0.44964167,0,challenge_08_knn_cleaning_colab_ultra
6484,1,1.0,1,challenge_08_knn_cleaning_colab_ultra
6485,0,0.4982672,0,challenge_08_knn_cleaning_colab_ultra
6486,0,0.4496263,0,challenge_08_knn_cleaning_colab_ultra
6487,0,0.0,0,challenge_08_knn_cleaning_colab_ultra
6488,0,0.0,0,challenge_08_knn_cleaning_colab_ultra
6489,1,0.5188219,1,challenge_08_knn_cleaning_colab_ultra
6490,0,0.5036175,1,challenge_08_knn_cleaning_colab_ultra
6491,1,1.0,1,challenge_08_knn_cleaning_colab_ultra
6492,0,0.0,0,challenge_08_knn_cleaning_colab_ultra
6493,1,1.0,1,challenge_08_knn_cleaning_colab_ultra
6494,0,0.50013113,1,challenge_08_knn_cleaning_colab_ultra
6495,0,0.0,0,challenge_08_knn_cleaning_colab_ultra
6496,1,0.48769796,0,challenge_08_knn_cleaning_colab_ultra
6497,1,0.5076388,1,challenge_08_knn_cleaning_colab_ultra
6498,1,1.0,1,challenge_08_knn_cleaning_colab_ultra
6499,0,0.0,0,challenge_08_knn_cleaning_colab_ultra
6500,1,0.49537238,0,challenge_08_knn_cleaning_colab_ultra
6501,1,1.0,1,challenge_08_knn_cleaning_colab_ultra
6502,1,0.520222,1,challenge_08_knn_cleaning_colab_ultra
6503,1,0.49696374,0,challenge_08_knn_cleaning_colab_ultra
6504,0,0.0,0,challenge_08_knn_cleaning_colab_ultra
6505,1,0.5054866,1,challenge_08_knn_cleaning_colab_ultra
6506,1,0.54476076,1,challenge_08_knn_cleaning_colab_ultra
6507,0,0.49059442,0,challenge_08_knn_cleaning_colab_ultra
6508,0,0.49847496,0,challenge_08_knn_cleaning_colab_ultra
6509,1,1.0,1,challenge_08_knn_cleaning_colab_ultra
6510,1,0.49156946,0,challenge_08_knn_cleaning_colab_ultra
6511,1,1.0,1,challenge_08_knn_cleaning_colab_ultra
6512,0,0.50614625,1,challenge_08_knn_cleaning_colab_ultra
6513,1,1.0,1,challenge_08_knn_cleaning_colab_ultra
6514,1,1.0,1,challenge_08_knn_cleaning_colab_ultra
6515,0,0.0,0,challenge_08_knn_cleaning_colab_ultra
6516,0,0.0,0,challenge_08_knn_cleaning_colab_ultra
6517,0,0.0,0,challenge_08_knn_cleaning_colab_ultra
6518,0,0.48255518,0,challenge_08_knn_cleaning_colab_ultra
6519,1,1.0,1,challenge_08_knn_cleaning_colab_ultra
6520,1,1.0,1,challenge_08_knn_cleaning_colab_ultra
6521,1,1.0,1,challenge_08_knn_cleaning_colab_ultra
6522,0,0.0,0,challenge_08_knn_cleaning_colab_ultra
6523,1,0.52357817,1,challenge_08_knn_cleaning_colab_ultra
6524,0,0.0,0,challenge_08_knn_cleaning_colab_ultra
6525,1,1.0,1,challenge_08_knn_cleaning_colab_ultra
6526,1,0.50641835,1,challenge_08_knn_cleaning_colab_ultra
6527,0,0.0,0,challenge_08_knn_cleaning_colab_ultra
6528,0,0.0,0,challenge_08_knn_cleaning_colab_ultra
6529,0,0.48463184,0,challenge_08_knn_cleaning_colab_ultra
6530,1,1.0,1,challenge_08_knn_cleaning_colab_ultra
6531,0,0.47979483,0,challenge_08_knn_cleaning_colab_ultra
6532,1,0.0,0,challenge_08_knn_cleaning_colab_ultra
6533,1,1.0,1,challenge_08_knn_cleaning_colab_ultra
6534,1,1.0,1,challenge_08_knn_cleaning_colab_ultra
6535,0,0.0,0,challenge_08_knn_cleaning_colab_ultra
6536,1,0.49086526,0,challenge_08_knn_cleaning_colab_ultra
6537,1,1.0,1,challenge_08_knn_cleaning_colab_ultra
6538,1,1.0,1,challenge_08_knn_cleaning_colab_ultra
6539,0,0.47971204,0,challenge_08_knn_cleaning_colab_ultra
6540,1,1.0,1,challenge_08_knn_cleaning_colab_ultra
6541,0,0.5031385,1,challenge_08_knn_cleaning_colab_ultra
6542,1,1.0,1,challenge_08_knn_cleaning_colab_ultra
6543,0,0.0,0,challenge_08_knn_cleaning_colab_ultra
6544,1,1.0,1,challenge_08_knn_cleaning_colab_ultra
6545,1,1.0,1,challenge_08_knn_cleaning_colab_ultra
6546,0,1.0,1,challenge_08_knn_cleaning_colab_ultra
6547,1,1.0,1,challenge_08_knn_cleaning_colab_ultra
6548,1,0.50395423,1,challenge_08_knn_cleaning_colab_ultra
6549,1,1.0,1,challenge_08_knn_cleaning_colab_ultra
6550,1,1.0,1,challenge_08_knn_cleaning_colab_ultra
6551,1,1.0,1,challenge_08_knn_cleaning_colab_ultra
6552,0,0.5014589,1,challenge_08_knn_cleaning_colab_ultra
6553,0,0.5231292,1,challenge_08_knn_cleaning_colab_ultra
6554,1,1.0,1,challenge_08_knn_cleaning_colab_ultra
6555,1,0.0,0,challenge_08_knn_cleaning_colab_ultra
6556,0,0.5006033,1,challenge_08_knn_cleaning_colab_ultra
6557,0,1.0,1,challenge_08_knn_cleaning_colab_ultra
6558,1,0.49041617,0,challenge_08_knn_cleaning_colab_ultra
6559,1,1.0,1,challenge_08_knn_cleaning_colab_ultra
6560,0,1.0,1,challenge_08_knn_cleaning_colab_ultra
6561,1,0.49947697,0,challenge_08_knn_cleaning_colab_ultra
6562,0,1.0,1,challenge_08_knn_cleaning_colab_ultra
6563,1,1.0,1,challenge_08_knn_cleaning_colab_ultra
6564,0,0.0,0,challenge_08_knn_cleaning_colab_ultra
6565,0,0.49939328,0,challenge_08_knn_cleaning_colab_ultra
6566,0,1.0,1,challenge_08_knn_cleaning_colab_ultra
6567,1,1.0,1,challenge_08_knn_cleaning_colab_ultra
6568,1,1.0,1,challenge_08_knn_cleaning_colab_ultra
6569,1,0.0,0,challenge_08_knn_cleaning_colab_ultra
6570,0,0.0,0,challenge_08_knn_cleaning_colab_ultra
6571,1,1.0,1,challenge_08_knn_cleaning_colab_ultra
6572,0,0.0,0,challenge_08_knn_cleaning_colab_ultra
6573,0,1.0,1,challenge_08_knn_cleaning_colab_ultra
6574,1,1.0,1,challenge_08_knn_cleaning_colab_ultra
6575,0,0.0,0,challenge_08_knn_cleaning_colab_ultra
6576,0,0.0,0,challenge_08_knn_cleaning_colab_ultra
6577,0,0.50305736,1,challenge_08_knn_cleaning_colab_ultra
6578,0,1.0,1,challenge_08_knn_cleaning_colab_ultra
6579,0,0.49553314,0,challenge_08_knn_cleaning_colab_ultra
6580,1,0.5077696,1,challenge_08_knn_cleaning_colab_ultra
6581,0,0.0,0,challenge_08_knn_cleaning_colab_ultra
6582,0,0.0,0,challenge_08_knn_cleaning_colab_ultra
6583,0,0.51017624,1,challenge_08_knn_cleaning_colab_ultra
6584,0,0.0,0,challenge_08_knn_cleaning_colab_ultra
6585,0,0.0,0,challenge_08_knn_cleaning_colab_ultra
6586,1,0.48393095,0,challenge_08_knn_cleaning_colab_ultra
6587,1,0.515427,1,challenge_08_knn_cleaning_colab_ultra
6588,1,1.0,1,challenge_08_knn_cleaning_colab_ultra
6589,1,0.50055385,1,challenge_08_knn_cleaning_colab_ultra
6590,1,0.5267548,1,challenge_08_knn_cleaning_colab_ultra
6591,0,0.0,0,challenge_08_knn_cleaning_colab_ultra
6592,0,0.0,0,challenge_08_knn_cleaning_colab_ultra
6593,0,0.0,0,challenge_08_knn_cleaning_colab_ultra
6594,0,0.0,0,challenge_08_knn_cleaning_colab_ultra
6595,1,0.4989556,0,challenge_08_knn_cleaning_colab_ultra
6596,1,1.0,1,challenge_08_knn_cleaning_colab_ultra
6597,0,1.0,1,challenge_08_knn_cleaning_colab_ultra
6598,1,1.0,1,challenge_08_knn_cleaning_colab_ultra
6599,0,0.0,0,challenge_08_knn_cleaning_colab_ultra
6600,0,0.49267727,0,challenge_08_knn_cleaning_colab_ultra
6601,0,0.5113925,1,challenge_08_knn_cleaning_colab_ultra
6602,1,0.486545,0,challenge_08_knn_cleaning_colab_ultra
6603,0,0.0,0,challenge_08_knn_cleaning_colab_ultra
6604,0,0.0,0,challenge_08_knn_cleaning_colab_ultra
6605,0,0.0,0,challenge_08_knn_cleaning_colab_ultra
6606,1,0.4994673,0,challenge_08_knn_cleaning_colab_ultra
6607,1,1.0,1,challenge_08_knn_cleaning_colab_ultra
6608,1,1.0,1,challenge_08_knn_cleaning_colab_ultra
6609,1,1.0,1,challenge_08_knn_cleaning_colab_ultra
6610,0,0.49154186,0,challenge_08_knn_cleaning_colab_ultra
6611,1,1.0,1,challenge_08_knn_cleaning_colab_ultra
6612,1,1.0,1,challenge_08_knn_cleaning_colab_ultra
6613,0,1.0,1,challenge_08_knn_cleaning_colab_ultra
6614,0,0.0,0,challenge_08_knn_cleaning_colab_ultra
6615,1,1.0,1,challenge_08_knn_cleaning_colab_ultra
6616,0,0.0,0,challenge_08_knn_cleaning_colab_ultra
6617,0,0.5055843,1,challenge_08_knn_cleaning_colab_ultra
6618,1,1.0,1,challenge_08_knn_cleaning_colab_ultra
6619,1,1.0,1,challenge_08_knn_cleaning_colab_ultra
6620,1,0.5197904,1,challenge_08_knn_cleaning_colab_ultra
6621,1,1.0,1,challenge_08_knn_cleaning_colab_ultra
6622,0,0.0,0,challenge_08_knn_cleaning_colab_ultra
6623,1,1.0,1,challenge_08_knn_cleaning_colab_ultra
6624,0,0.5003107,1,challenge_08_knn_cleaning_colab_ultra
6625,1,0.4580837,0,challenge_08_knn_cleaning_colab_ultra
6626,1,1.0,1,challenge_08_knn_cleaning_colab_ultra
6627,0,0.0,0,challenge_08_knn_cleaning_colab_ultra
6628,1,1.0,1,challenge_08_knn_cleaning_colab_ultra
6629,0,0.0,0,challenge_08_knn_cleaning_colab_ultra
6630,1,1.0,1,challenge_08_knn_cleaning_colab_ultra
6631,1,1.0,1,challenge_08_knn_cleaning_colab_ultra
6632,1,0.5228476,1,challenge_08_knn_cleaning_colab_ultra
6633,1,1.0,1,challenge_08_knn_cleaning_colab_ultra
6634,1,1.0,1,challenge_08_knn_cleaning_colab_ultra
6635,0,0.0,0,challenge_08_knn_cleaning_colab_ultra
6636,0,0.5040798,1,challenge_08_knn_cleaning_colab_ultra
6637,1,0.0,0,challenge_08_knn_cleaning_colab_ultra
6638,0,1.0,1,challenge_08_knn_cleaning_colab_ultra
6639,1,1.0,1,challenge_08_knn_cleaning_colab_ultra
6640,0,0.0,0,challenge_08_knn_cleaning_colab_ultra
6641,1,1.0,1,challenge_08_knn_cleaning_colab_ultra
6642,1,1.0,1,challenge_08_knn_cleaning_colab_ultra
6643,1,1.0,1,challenge_08_knn_cleaning_colab_ultra
6644,0,0.0,0,challenge_08_knn_cleaning_colab_ultra
6645,1,1.0,1,challenge_08_knn_cleaning_colab_ultra
6646,1,0.5235128,1,challenge_08_knn_cleaning_colab_ultra
6647,1,0.48638463,0,challenge_08_knn_cleaning_colab_ultra
6648,1,0.5066116,1,challenge_08_knn_cleaning_colab_ultra
6649,1,1.0,1,challenge_08_knn_cleaning_colab_ultra
6650,0,0.45022523,0,challenge_08_knn_cleaning_colab_ultra
6651,0,0.0,0,challenge_08_knn_cleaning_colab_ultra
6652,1,0.0,0,challenge_08_knn_cleaning_colab_ultra
6653,0,0.0,0,challenge_08_knn_cleaning_colab_ultra
6654,1,0.5092545,1,challenge_08_knn_cleaning_colab_ultra
6655,0,0.5160723,1,challenge_08_knn_cleaning_colab_ultra
6656,0,0.0,0,challenge_08_knn_cleaning_colab_ultra
6657,1,0.0,0,challenge_08_knn_cleaning_colab_ultra
6658,0,0.0,0,challenge_08_knn_cleaning_colab_ultra
6659,1,1.0,1,challenge_08_knn_cleaning_colab_ultra
6660,0,0.5129842,1,challenge_08_knn_cleaning_colab_ultra
6661,1,0.50818175,1,challenge_08_knn_cleaning_colab_ultra
6662,1,1.0,1,challenge_08_knn_cleaning_colab_ultra
6663,1,0.0,0,challenge_08_knn_cleaning_colab_ultra
6664,0,0.0,0,challenge_08_knn_cleaning_colab_ultra
6665,0,0.0,0,challenge_08_knn_cleaning_colab_ultra
6666,1,1.0,1,challenge_08_knn_cleaning_colab_ultra
6667,1,1.0,1,challenge_08_knn_cleaning_colab_ultra
6668,0,0.0,0,challenge_08_knn_cleaning_colab_ultra
6669,0,0.49779555,0,challenge_08_knn_cleaning_colab_ultra
6670,1,0.50372523,1,challenge_08_knn_cleaning_colab_ultra
6671,0,0.0,0,challenge_08_knn_cleaning_colab_ultra
6672,1,1.0,1,challenge_08_knn_cleaning_colab_ultra
6673,0,0.4907504,0,challenge_08_knn_cleaning_colab_ultra
6674,0,1.0,1,challenge_08_knn_cleaning_colab_ultra
6675,1,1.0,1,challenge_08_knn_cleaning_colab_ultra
6676,1,0.5119484,1,challenge_08_knn_cleaning_colab_ultra
6677,1,1.0,1,challenge_08_knn_cleaning_colab_ultra
6678,1,0.51480824,1,challenge_08_knn_cleaning_colab_ultra
6679,1,1.0,1,challenge_08_knn_cleaning_colab_ultra
6680,0,0.50277704,1,challenge_08_knn_cleaning_colab_ultra
6681,1,1.0,1,challenge_08_knn_cleaning_colab_ultra
6682,1,1.0,1,challenge_08_knn_cleaning_colab_ultra
6683,0,0.50362027,1,challenge_08_knn_cleaning_colab_ultra
6684,0,0.0,0,challenge_08_knn_cleaning_colab_ultra
6685,1,1.0,1,challenge_08_knn_cleaning_colab_ultra
6686,0,1.0,1,challenge_08_knn_cleaning_colab_ultra
6687,1,1.0,1,challenge_08_knn_cleaning_colab_ultra
6688,1,1.0,1,challenge_08_knn_cleaning_colab_ultra
6689,1,1.0,1,challenge_08_knn_cleaning_colab_ultra
6690,0,0.47687837,0,challenge_08_knn_cleaning_colab_ultra
6691,0,1.0,1,challenge_08_knn_cleaning_colab_ultra
6692,0,0.0,0,challenge_08_knn_cleaning_colab_ultra
6693,0,0.48767793,0,challenge_08_knn_cleaning_colab_ultra
6694,1,0.47005904,0,challenge_08_knn_cleaning_colab_ultra
6695,0,0.48923203,0,challenge_08_knn_cleaning_colab_ultra
6696,0,0.46609673,0,challenge_08_knn_cleaning_colab_ultra
6697,0,1.0,1,challenge_08_knn_cleaning_colab_ultra
6698,1,1.0,1,challenge_08_knn_cleaning_colab_ultra
6699,1,1.0,1,challenge_08_knn_cleaning_colab_ultra
6700,1,1.0,1,challenge_08_knn_cleaning_colab_ultra
6701,0,0.49593508,0,challenge_08_knn_cleaning_colab_ultra
6702,0,0.5126134,1,challenge_08_knn_cleaning_colab_ultra
6703,1,0.0,0,challenge_08_knn_cleaning_colab_ultra
6704,0,0.0,0,challenge_08_knn_cleaning_colab_ultra
6705,0,0.47889456,0,challenge_08_knn_cleaning_colab_ultra
6706,0,0.5028184,1,challenge_08_knn_cleaning_colab_ultra
6707,0,0.0,0,challenge_08_knn_cleaning_colab_ultra
6708,0,0.0,0,challenge_08_knn_cleaning_colab_ultra
6709,1,1.0,1,challenge_08_knn_cleaning_colab_ultra
6710,0,0.0,0,challenge_08_knn_cleaning_colab_ultra
6711,0,1.0,1,challenge_08_knn_cleaning_colab_ultra
6712,0,0.5007132,1,challenge_08_knn_cleaning_colab_ultra
6713,1,0.50150263,1,challenge_08_knn_cleaning_colab_ultra
6714,0,0.49184948,0,challenge_08_knn_cleaning_colab_ultra
6715,1,1.0,1,challenge_08_knn_cleaning_colab_ultra
6716,0,0.0,0,challenge_08_knn_cleaning_colab_ultra
6717,1,1.0,1,challenge_08_knn_cleaning_colab_ultra
6718,0,1.0,1,challenge_08_knn_cleaning_colab_ultra
6719,1,0.49184301,0,challenge_08_knn_cleaning_colab_ultra
6720,1,1.0,1,challenge_08_knn_cleaning_colab_ultra
6721,0,1.0,1,challenge_08_knn_cleaning_colab_ultra
6722,0,0.5079624,1,challenge_08_knn_cleaning_colab_ultra
6723,0,0.0,0,challenge_08_knn_cleaning_colab_ultra
6724,0,0.0,0,challenge_08_knn_cleaning_colab_ultra
6725,0,0.5019244,1,challenge_08_knn_cleaning_colab_ultra
6726,0,1.0,1,challenge_08_knn_cleaning_colab_ultra
6727,0,0.46577054,0,challenge_08_knn_cleaning_colab_ultra
6728,0,0.0,0,challenge_08_knn_cleaning_colab_ultra
6729,1,0.52164745,1,challenge_08_knn_cleaning_colab_ultra
6730,0,0.43487993,0,challenge_08_knn_cleaning_colab_ultra
6731,1,1.0,1,challenge_08_knn_cleaning_colab_ultra
6732,0,0.51224893,1,challenge_08_knn_cleaning_colab_ultra
6733,1,1.0,1,challenge_08_knn_cleaning_colab_ultra
6734,1,0.0,0,challenge_08_knn_cleaning_colab_ultra
6735,0,1.0,1,challenge_08_knn_cleaning_colab_ultra
6736,1,1.0,1,challenge_08_knn_cleaning_colab_ultra
6737,0,0.44437498,0,challenge_08_knn_cleaning_colab_ultra
6738,1,1.0,1,challenge_08_knn_cleaning_colab_ultra
6739,1,0.55803204,1,challenge_08_knn_cleaning_colab_ultra
6740,1,1.0,1,challenge_08_knn_cleaning_colab_ultra
6741,1,0.0,0,challenge_08_knn_cleaning_colab_ultra
6742,1,1.0,1,challenge_08_knn_cleaning_colab_ultra
6743,0,0.49495757,0,challenge_08_knn_cleaning_colab_ultra
6744,0,0.0,0,challenge_08_knn_cleaning_colab_ultra
6745,0,0.0,0,challenge_08_knn_cleaning_colab_ultra
6746,1,0.50471985,1,challenge_08_knn_cleaning_colab_ultra
6747,0,0.0,0,challenge_08_knn_cleaning_colab_ultra
6748,0,0.50301117,1,challenge_08_knn_cleaning_colab_ultra
6749,1,1.0,1,challenge_08_knn_cleaning_colab_ultra
6750,1,1.0,1,challenge_08_knn_cleaning_colab_ultra
6751,1,0.5624409,1,challenge_08_knn_cleaning_colab_ultra
6752,1,1.0,1,challenge_08_knn_cleaning_colab_ultra
6753,1,1.0,1,challenge_08_knn_cleaning_colab_ultra
6754,0,0.0,0,challenge_08_knn_cleaning_colab_ultra
6755,0,0.0,0,challenge_08_knn_cleaning_colab_ultra
6756,0,0.5176102,1,challenge_08_knn_cleaning_colab_ultra
6757,1,1.0,1,challenge_08_knn_cleaning_colab_ultra
6758,0,0.0,0,challenge_08_knn_cleaning_colab_ultra
6759,1,1.0,1,challenge_08_knn_cleaning_colab_ultra
6760,0,0.0,0,challenge_08_knn_cleaning_colab_ultra
6761,0,0.0,0,challenge_08_knn_cleaning_colab_ultra
6762,0,0.0,0,challenge_08_knn_cleaning_colab_ultra
6763,1,0.49997553,0,challenge_08_knn_cleaning_colab_ultra
6764,1,0.0,0,challenge_08_knn_cleaning_colab_ultra
6765,1,0.49376288,0,challenge_08_knn_cleaning_colab_ultra
6766,1,1.0,1,challenge_08_knn_cleaning_colab_ultra
6767,1,1.0,1,challenge_08_knn_cleaning_colab_ultra
6768,1,0.5356754,1,challenge_08_knn_cleaning_colab_ultra
6769,1,1.0,1,challenge_08_knn_cleaning_colab_ultra
6770,1,1.0,1,challenge_08_knn_cleaning_colab_ultra
6771,0,0.0,0,challenge_08_knn_cleaning_colab_ultra
6772,0,0.0,0,challenge_08_knn_cleaning_colab_ultra
6773,1,1.0,1,challenge_08_knn_cleaning_colab_ultra
6774,0,0.0,0,challenge_08_knn_cleaning_colab_ultra
6775,1,1.0,1,challenge_08_knn_cleaning_colab_ultra
6776,0,0.0,0,challenge_08_knn_cleaning_colab_ultra
6777,0,0.5132345,1,challenge_08_knn_cleaning_colab_ultra
6778,0,0.0,0,challenge_08_knn_cleaning_colab_ultra
6779,1,0.49837574,0,challenge_08_knn_cleaning_colab_ultra
6780,0,0.0,0,challenge_08_knn_cleaning_colab_ultra
6781,1,1.0,1,challenge_08_knn_cleaning_colab_ultra
6782,0,0.0,0,challenge_08_knn_cleaning_colab_ultra
6783,0,0.4995764,0,challenge_08_knn_cleaning_colab_ultra
6784,1,0.0,0,challenge_08_knn_cleaning_colab_ultra
6785,1,1.0,1,challenge_08_knn_cleaning_colab_ultra
6786,1,0.0,0,challenge_08_knn_cleaning_colab_ultra
6787,0,0.0,0,challenge_08_knn_cleaning_colab_ultra
6788,1,0.5361434,1,challenge_08_knn_cleaning_colab_ultra
6789,1,0.0,0,challenge_08_knn_cleaning_colab_ultra
6790,0,0.0,0,challenge_08_knn_cleaning_colab_ultra
6791,1,1.0,1,challenge_08_knn_cleaning_colab_ultra
6792,0,0.0,0,challenge_08_knn_cleaning_colab_ultra
6793,0,0.4930439,0,challenge_08_knn_cleaning_colab_ultra
6794,1,1.0,1,challenge_08_knn_cleaning_colab_ultra
6795,0,1.0,1,challenge_08_knn_cleaning_colab_ultra
6796,0,0.0,0,challenge_08_knn_cleaning_colab_ultra
6797,1,1.0,1,challenge_08_knn_cleaning_colab_ultra
6798,1,1.0,1,challenge_08_knn_cleaning_colab_ultra
6799,1,0.50910354,1,challenge_08_knn_cleaning_colab_ultra
6800,1,0.5017971,1,challenge_08_knn_cleaning_colab_ultra
6801,0,1.0,1,challenge_08_knn_cleaning_colab_ultra
6802,0,1.0,1,challenge_08_knn_cleaning_colab_ultra
6803,1,1.0,1,challenge_08_knn_cleaning_colab_ultra
6804,0,1.0,1,challenge_08_knn_cleaning_colab_ultra
6805,0,0.0,0,challenge_08_knn_cleaning_colab_ultra
6806,1,1.0,1,challenge_08_knn_cleaning_colab_ultra
6807,1,1.0,1,challenge_08_knn_cleaning_colab_ultra
6808,0,0.33774504,0,challenge_08_knn_cleaning_colab_ultra
6809,1,1.0,1,challenge_08_knn_cleaning_colab_ultra
6810,0,0.46640006,0,challenge_08_knn_cleaning_colab_ultra
6811,1,1.0,1,challenge_08_knn_cleaning_colab_ultra
6812,0,0.0,0,challenge_08_knn_cleaning_colab_ultra
6813,1,1.0,1,challenge_08_knn_cleaning_colab_ultra
6814,0,0.0,0,challenge_08_knn_cleaning_colab_ultra
6815,0,0.47097427,0,challenge_08_knn_cleaning_colab_ultra
6816,1,0.5060285,1,challenge_08_knn_cleaning_colab_ultra
6817,0,0.0,0,challenge_08_knn_cleaning_colab_ultra
6818,1,0.48535427,0,challenge_08_knn_cleaning_colab_ultra
6819,0,0.47437266,0,challenge_08_knn_cleaning_colab_ultra
6820,1,0.0,0,challenge_08_knn_cleaning_colab_ultra
6821,1,1.0,1,challenge_08_knn_cleaning_colab_ultra
6822,1,0.49951136,0,challenge_08_knn_cleaning_colab_ultra
6823,1,1.0,1,challenge_08_knn_cleaning_colab_ultra
6824,0,1.0,1,challenge_08_knn_cleaning_colab_ultra
6825,1,0.0,0,challenge_08_knn_cleaning_colab_ultra
6826,1,1.0,1,challenge_08_knn_cleaning_colab_ultra
6827,0,0.0,0,challenge_08_knn_cleaning_colab_ultra
6828,1,1.0,1,challenge_08_knn_cleaning_colab_ultra
6829,0,0.0,0,challenge_08_knn_cleaning_colab_ultra
6830,0,0.0,0,challenge_08_knn_cleaning_colab_ultra
6831,1,1.0,1,challenge_08_knn_cleaning_colab_ultra
6832,0,0.4940528,0,challenge_08_knn_cleaning_colab_ultra
6833,1,1.0,1,challenge_08_knn_cleaning_colab_ultra
6834,0,1.0,1,challenge_08_knn_cleaning_colab_ultra
6835,0,0.48563597,0,challenge_08_knn_cleaning_colab_ultra
6836,1,1.0,1,challenge_08_knn_cleaning_colab_ultra
6837,1,0.5143686,1,challenge_08_knn_cleaning_colab_ultra
6838,1,1.0,1,challenge_08_knn_cleaning_colab_ultra
6839,1,0.51793224,1,challenge_08_knn_cleaning_colab_ultra
6840,0,0.0,0,challenge_08_knn_cleaning_colab_ultra
6841,1,0.51814693,1,challenge_08_knn_cleaning_colab_ultra
6842,0,0.0,0,challenge_08_knn_cleaning_colab_ultra
6843,0,0.0,0,challenge_08_knn_cleaning_colab_ultra
6844,1,0.4961378,0,challenge_08_knn_cleaning_colab_ultra
6845,1,1.0,1,challenge_08_knn_cleaning_colab_ultra
6846,0,0.0,0,challenge_08_knn_cleaning_colab_ultra
6847,0,0.0,0,challenge_08_knn_cleaning_colab_ultra
6848,1,1.0,1,challenge_08_knn_cleaning_colab_ultra
6849,0,0.0,0,challenge_08_knn_cleaning_colab_ultra
6850,1,0.50954944,1,challenge_08_knn_cleaning_colab_ultra
6851,1,1.0,1,challenge_08_knn_cleaning_colab_ultra
6852,0,1.0,1,challenge_08_knn_cleaning_colab_ultra
6853,1,1.0,1,challenge_08_knn_cleaning_colab_ultra
6854,1,1.0,1,challenge_08_knn_cleaning_colab_ultra
6855,0,0.5062426,1,challenge_08_knn_cleaning_colab_ultra
6856,0,0.0,0,challenge_08_knn_cleaning_colab_ultra
6857,0,0.0,0,challenge_08_knn_cleaning_colab_ultra
6858,0,0.0,0,challenge_08_knn_cleaning_colab_ultra
6859,1,1.0,1,challenge_08_knn_cleaning_colab_ultra
6860,0,0.0,0,challenge_08_knn_cleaning_colab_ultra
6861,1,1.0,1,challenge_08_knn_cleaning_colab_ultra
6862,1,1.0,1,challenge_08_knn_cleaning_colab_ultra
6863,0,0.0,0,challenge_08_knn_cleaning_colab_ultra
6864,1,1.0,1,challenge_08_knn_cleaning_colab_ultra
6865,1,1.0,1,challenge_08_knn_cleaning_colab_ultra
6866,1,1.0,1,challenge_08_knn_cleaning_colab_ultra
6867,1,1.0,1,challenge_08_knn_cleaning_colab_ultra
6868,1,1.0,1,challenge_08_knn_cleaning_colab_ultra
6869,1,0.5174722,1,challenge_08_knn_cleaning_colab_ultra
6870,1,1.0,1,challenge_08_knn_cleaning_colab_ultra
6871,0,0.0,0,challenge_08_knn_cleaning_colab_ultra
6872,0,1.0,1,challenge_08_knn_cleaning_colab_ultra
6873,1,1.0,1,challenge_08_knn_cleaning_colab_ultra
6874,0,0.0,0,challenge_08_knn_cleaning_colab_ultra
6875,1,1.0,1,challenge_08_knn_cleaning_colab_ultra
6876,0,0.5034623,1,challenge_08_knn_cleaning_colab_ultra
6877,0,0.0,0,challenge_08_knn_cleaning_colab_ultra
6878,0,0.40673167,0,challenge_08_knn_cleaning_colab_ultra
6879,1,0.5014473,1,challenge_08_knn_cleaning_colab_ultra
6880,1,1.0,1,challenge_08_knn_cleaning_colab_ultra
6881,0,0.0,0,challenge_08_knn_cleaning_colab_ultra
6882,0,1.0,1,challenge_08_knn_cleaning_colab_ultra
6883,0,0.0,0,challenge_08_knn_cleaning_colab_ultra
6884,1,0.0,0,challenge_08_knn_cleaning_colab_ultra
6885,1,1.0,1,challenge_08_knn_cleaning_colab_ultra
6886,1,1.0,1,challenge_08_knn_cleaning_colab_ultra
6887,1,1.0,1,challenge_08_knn_cleaning_colab_ultra
6888,0,0.45512506,0,challenge_08_knn_cleaning_colab_ultra
6889,0,0.0,0,challenge_08_knn_cleaning_colab_ultra
6890,1,0.49019194,0,challenge_08_knn_cleaning_colab_ultra
6891,0,0.48689964,0,challenge_08_knn_cleaning_colab_ultra
6892,0,1.0,1,challenge_08_knn_cleaning_colab_ultra
6893,1,1.0,1,challenge_08_knn_cleaning_colab_ultra
6894,1,1.0,1,challenge_08_knn_cleaning_colab_ultra
6895,1,1.0,1,challenge_08_knn_cleaning_colab_ultra
6896,0,0.0,0,challenge_08_knn_cleaning_colab_ultra
6897,1,0.50041,1,challenge_08_knn_cleaning_colab_ultra
6898,0,0.0,0,challenge_08_knn_cleaning_colab_ultra
6899,1,1.0,1,challenge_08_knn_cleaning_colab_ultra
6900,1,0.49762273,0,challenge_08_knn_cleaning_colab_ultra
6901,1,1.0,1,challenge_08_knn_cleaning_colab_ultra
6902,1,0.5233956,1,challenge_08_knn_cleaning_colab_ultra
6903,1,0.0,0,challenge_08_knn_cleaning_colab_ultra
6904,1,1.0,1,challenge_08_knn_cleaning_colab_ultra
6905,0,0.0,0,challenge_08_knn_cleaning_colab_ultra
6906,1,0.0,0,challenge_08_knn_cleaning_colab_ultra
6907,0,0.49390715,0,challenge_08_knn_cleaning_colab_ultra
6908,0,0.0,0,challenge_08_knn_cleaning_colab_ultra
6909,0,0.0,0,challenge_08_knn_cleaning_colab_ultra
6910,0,0.0,0,challenge_08_knn_cleaning_colab_ultra
6911,1,1.0,1,challenge_08_knn_cleaning_colab_ultra
6912,1,0.5298818,1,challenge_08_knn_cleaning_colab_ultra
6913,0,0.0,0,challenge_08_knn_cleaning_colab_ultra
6914,0,0.0,0,challenge_08_knn_cleaning_colab_ultra
6915,0,0.0,0,challenge_08_knn_cleaning_colab_ultra
6916,0,0.4950931,0,challenge_08_knn_cleaning_colab_ultra
6917,1,0.4992803,0,challenge_08_knn_cleaning_colab_ultra
6918,0,0.49895614,0,challenge_08_knn_cleaning_colab_ultra
6919,1,0.4806976,0,challenge_08_knn_cleaning_colab_ultra
6920,1,0.49679264,0,challenge_08_knn_cleaning_colab_ultra
6921,0,0.0,0,challenge_08_knn_cleaning_colab_ultra
6922,0,0.0,0,challenge_08_knn_cleaning_colab_ultra
6923,1,1.0,1,challenge_08_knn_cleaning_colab_ultra
6924,1,1.0,1,challenge_08_knn_cleaning_colab_ultra
6925,1,1.0,1,challenge_08_knn_cleaning_colab_ultra
6926,0,0.0,0,challenge_08_knn_cleaning_colab_ultra
6927,0,0.45257556,0,challenge_08_knn_cleaning_colab_ultra
6928,1,0.5098468,1,challenge_08_knn_cleaning_colab_ultra
6929,1,1.0,1,challenge_08_knn_cleaning_colab_ultra
6930,0,0.5301255,1,challenge_08_knn_cleaning_colab_ultra
6931,0,0.0,0,challenge_08_knn_cleaning_colab_ultra
6932,1,1.0,1,challenge_08_knn_cleaning_colab_ultra
6933,0,0.49897492,0,challenge_08_knn_cleaning_colab_ultra
6934,1,1.0,1,challenge_08_knn_cleaning_colab_ultra
6935,0,0.0,0,challenge_08_knn_cleaning_colab_ultra
6936,1,1.0,1,challenge_08_knn_cleaning_colab_ultra
6937,0,0.0,0,challenge_08_knn_cleaning_colab_ultra
6938,1,0.5016358,1,challenge_08_knn_cleaning_colab_ultra
6939,1,1.0,1,challenge_08_knn_cleaning_colab_ultra
6940,1,1.0,1,challenge_08_knn_cleaning_colab_ultra
6941,1,1.0,1,challenge_08_knn_cleaning_colab_ultra
6942,1,1.0,1,challenge_08_knn_cleaning_colab_ultra
6943,0,0.5108281,1,challenge_08_knn_cleaning_colab_ultra
6944,0,0.4930737,0,challenge_08_knn_cleaning_colab_ultra
6945,0,0.42018995,0,challenge_08_knn_cleaning_colab_ultra
6946,1,1.0,1,challenge_08_knn_cleaning_colab_ultra
6947,0,0.42981124,0,challenge_08_knn_cleaning_colab_ultra
6948,1,1.0,1,challenge_08_knn_cleaning_colab_ultra
6949,0,0.50459594,1,challenge_08_knn_cleaning_colab_ultra
6950,0,0.4936923,0,challenge_08_knn_cleaning_colab_ultra
6951,0,0.0,0,challenge_08_knn_cleaning_colab_ultra
6952,1,1.0,1,challenge_08_knn_cleaning_colab_ultra
6953,0,0.0,0,challenge_08_knn_cleaning_colab_ultra
6954,1,1.0,1,challenge_08_knn_cleaning_colab_ultra
6955,0,0.4434547,0,challenge_08_knn_cleaning_colab_ultra
6956,1,1.0,1,challenge_08_knn_cleaning_colab_ultra
6957,1,1.0,1,challenge_08_knn_cleaning_colab_ultra
6958,1,1.0,1,challenge_08_knn_cleaning_colab_ultra
6959,1,0.0,0,challenge_08_knn_cleaning_colab_ultra
6960,0,1.0,1,challenge_08_knn_cleaning_colab_ultra
6961,1,0.0,0,challenge_08_knn_cleaning_colab_ultra
6962,0,1.0,1,challenge_08_knn_cleaning_colab_ultra
6963,1,1.0,1,challenge_08_knn_cleaning_colab_ultra
6964,0,0.49791834,0,challenge_08_knn_cleaning_colab_ultra
6965,1,1.0,1,challenge_08_knn_cleaning_colab_ultra
6966,1,1.0,1,challenge_08_knn_cleaning_colab_ultra
6967,1,1.0,1,challenge_08_knn_cleaning_colab_ultra
6968,1,1.0,1,challenge_08_knn_cleaning_colab_ultra
6969,0,0.0,0,challenge_08_knn_cleaning_colab_ultra
6970,0,0.0,0,challenge_08_knn_cleaning_colab_ultra
6971,0,0.436336,0,challenge_08_knn_cleaning_colab_ultra
6972,0,0.5051992,1,challenge_08_knn_cleaning_colab_ultra
6973,0,0.0,0,challenge_08_knn_cleaning_colab_ultra
6974,1,1.0,1,challenge_08_knn_cleaning_colab_ultra
6975,0,1.0,1,challenge_08_knn_cleaning_colab_ultra
6976,0,0.0,0,challenge_08_knn_cleaning_colab_ultra
6977,1,0.5018945,1,challenge_08_knn_cleaning_colab_ultra
6978,0,1.0,1,challenge_08_knn_cleaning_colab_ultra
6979,1,1.0,1,challenge_08_knn_cleaning_colab_ultra
6980,1,1.0,1,challenge_08_knn_cleaning_colab_ultra
6981,0,1.0,1,challenge_08_knn_cleaning_colab_ultra
6982,0,0.5049882,1,challenge_08_knn_cleaning_colab_ultra
6983,0,0.0,0,challenge_08_knn_cleaning_colab_ultra
6984,1,1.0,1,challenge_08_knn_cleaning_colab_ultra
6985,1,0.51033044,1,challenge_08_knn_cleaning_colab_ultra
6986,1,1.0,1,challenge_08_knn_cleaning_colab_ultra
6987,1,1.0,1,challenge_08_knn_cleaning_colab_ultra
6988,1,1.0,1,challenge_08_knn_cleaning_colab_ultra
6989,1,1.0,1,challenge_08_knn_cleaning_colab_ultra
6990,1,0.50956964,1,challenge_08_knn_cleaning_colab_ultra
6991,1,0.49812922,0,challenge_08_knn_cleaning_colab_ultra
6992,1,0.5109978,1,challenge_08_knn_cleaning_colab_ultra
6993,0,1.0,1,challenge_08_knn_cleaning_colab_ultra
6994,0,0.49256825,0,challenge_08_knn_cleaning_colab_ultra
6995,0,0.0,0,challenge_08_knn_cleaning_colab_ultra
6996,1,1.0,1,challenge_08_knn_cleaning_colab_ultra
6997,0,0.0,0,challenge_08_knn_cleaning_colab_ultra
6998,1,0.5104709,1,challenge_08_knn_cleaning_colab_ultra
6999,0,0.5007983,1,challenge_08_knn_cleaning_colab_ultra
7000,0,0.5036524,1,challenge_08_knn_cleaning_colab_ultra
7001,0,1.0,1,challenge_08_knn_cleaning_colab_ultra
7002,0,0.45168525,0,challenge_08_knn_cleaning_colab_ultra
7003,0,0.0,0,challenge_08_knn_cleaning_colab_ultra
7004,0,0.49768355,0,challenge_08_knn_cleaning_colab_ultra
7005,1,1.0,1,challenge_08_knn_cleaning_colab_ultra
7006,0,1.0,1,challenge_08_knn_cleaning_colab_ultra
7007,1,1.0,1,challenge_08_knn_cleaning_colab_ultra
7008,1,1.0,1,challenge_08_knn_cleaning_colab_ultra
7009,0,0.0,0,challenge_08_knn_cleaning_colab_ultra
7010,1,0.5407598,1,challenge_08_knn_cleaning_colab_ultra
7011,0,0.0,0,challenge_08_knn_cleaning_colab_ultra
7012,1,1.0,1,challenge_08_knn_cleaning_colab_ultra
7013,0,0.0,0,challenge_08_knn_cleaning_colab_ultra
7014,0,0.0,0,challenge_08_knn_cleaning_colab_ultra
7015,1,1.0,1,challenge_08_knn_cleaning_colab_ultra
7016,0,0.0,0,challenge_08_knn_cleaning_colab_ultra
7017,1,0.5035847,1,challenge_08_knn_cleaning_colab_ultra
7018,0,0.0,0,challenge_08_knn_cleaning_colab_ultra
7019,1,0.49430612,0,challenge_08_knn_cleaning_colab_ultra
7020,1,1.0,1,challenge_08_knn_cleaning_colab_ultra
7021,1,1.0,1,challenge_08_knn_cleaning_colab_ultra
7022,1,0.5724576,1,challenge_08_knn_cleaning_colab_ultra
7023,1,1.0,1,challenge_08_knn_cleaning_colab_ultra
7024,0,0.50838107,1,challenge_08_knn_cleaning_colab_ultra
7025,1,1.0,1,challenge_08_knn_cleaning_colab_ultra
7026,0,0.0,0,challenge_08_knn_cleaning_colab_ultra
7027,1,0.4997933,0,challenge_08_knn_cleaning_colab_ultra
7028,0,0.48999342,0,challenge_08_knn_cleaning_colab_ultra
7029,1,1.0,1,challenge_08_knn_cleaning_colab_ultra
7030,0,0.0,0,challenge_08_knn_cleaning_colab_ultra
7031,0,0.0,0,challenge_08_knn_cleaning_colab_ultra
7032,0,0.0,0,challenge_08_knn_cleaning_colab_ultra
7033,0,0.4884262,0,challenge_08_knn_cleaning_colab_ultra
7034,0,0.5001482,1,challenge_08_knn_cleaning_colab_ultra
7035,1,1.0,1,challenge_08_knn_cleaning_colab_ultra
7036,1,1.0,1,challenge_08_knn_cleaning_colab_ultra
7037,1,1.0,1,challenge_08_knn_cleaning_colab_ultra
7038,1,0.518905,1,challenge_08_knn_cleaning_colab_ultra
7039,0,0.49106532,0,challenge_08_knn_cleaning_colab_ultra
7040,0,0.0,0,challenge_08_knn_cleaning_colab_ultra
7041,1,1.0,1,challenge_08_knn_cleaning_colab_ultra
7042,1,1.0,1,challenge_08_knn_cleaning_colab_ultra
7043,1,0.52469975,1,challenge_08_knn_cleaning_colab_ultra
7044,1,0.5343667,1,challenge_08_knn_cleaning_colab_ultra
7045,1,1.0,1,challenge_08_knn_cleaning_colab_ultra
7046,1,0.5034452,1,challenge_08_knn_cleaning_colab_ultra
7047,1,0.49975315,0,challenge_08_knn_cleaning_colab_ultra
7048,1,1.0,1,challenge_08_knn_cleaning_colab_ultra
7049,1,0.5037185,1,challenge_08_knn_cleaning_colab_ultra
7050,1,0.49961886,0,challenge_08_knn_cleaning_colab_ultra
7051,0,0.0,0,challenge_08_knn_cleaning_colab_ultra
7052,0,0.0,0,challenge_08_knn_cleaning_colab_ultra
7053,1,0.4952131,0,challenge_08_knn_cleaning_colab_ultra
7054,0,0.0,0,challenge_08_knn_cleaning_colab_ultra
7055,1,0.51026064,1,challenge_08_knn_cleaning_colab_ultra
7056,1,1.0,1,challenge_08_knn_cleaning_colab_ultra
7057,1,1.0,1,challenge_08_knn_cleaning_colab_ultra
7058,0,0.0,0,challenge_08_knn_cleaning_colab_ultra
7059,1,1.0,1,challenge_08_knn_cleaning_colab_ultra
7060,1,1.0,1,challenge_08_knn_cleaning_colab_ultra
7061,0,0.0,0,challenge_08_knn_cleaning_colab_ultra
7062,1,1.0,1,challenge_08_knn_cleaning_colab_ultra
7063,1,1.0,1,challenge_08_knn_cleaning_colab_ultra
7064,0,0.0,0,challenge_08_knn_cleaning_colab_ultra
7065,0,0.0,0,challenge_08_knn_cleaning_colab_ultra
7066,1,0.5055557,1,challenge_08_knn_cleaning_colab_ultra
7067,1,1.0,1,challenge_08_knn_cleaning_colab_ultra
7068,0,0.46666953,0,challenge_08_knn_cleaning_colab_ultra
7069,0,0.0,0,challenge_08_knn_cleaning_colab_ultra
7070,0,0.0,0,challenge_08_knn_cleaning_colab_ultra
7071,0,0.0,0,challenge_08_knn_cleaning_colab_ultra
7072,0,0.0,0,challenge_08_knn_cleaning_colab_ultra
7073,0,0.4994193,0,challenge_08_knn_cleaning_colab_ultra
7074,0,0.0,0,challenge_08_knn_cleaning_colab_ultra
7075,1,0.0,0,challenge_08_knn_cleaning_colab_ultra
7076,1,1.0,1,challenge_08_knn_cleaning_colab_ultra
7077,0,0.50173193,1,challenge_08_knn_cleaning_colab_ultra
7078,1,0.5002164,1,challenge_08_knn_cleaning_colab_ultra
7079,0,0.49469957,0,challenge_08_knn_cleaning_colab_ultra
7080,0,0.48758477,0,challenge_08_knn_cleaning_colab_ultra
7081,0,0.0,0,challenge_08_knn_cleaning_colab_ultra
7082,0,0.0,0,challenge_08_knn_cleaning_colab_ultra
7083,1,0.498121,0,challenge_08_knn_cleaning_colab_ultra
7084,0,0.0,0,challenge_08_knn_cleaning_colab_ultra
7085,1,1.0,1,challenge_08_knn_cleaning_colab_ultra
7086,1,0.53876615,1,challenge_08_knn_cleaning_colab_ultra
7087,0,1.0,1,challenge_08_knn_cleaning_colab_ultra
7088,1,1.0,1,challenge_08_knn_cleaning_colab_ultra
7089,1,0.5359469,1,challenge_08_knn_cleaning_colab_ultra
7090,0,0.40612832,0,challenge_08_knn_cleaning_colab_ultra
7091,0,0.0,0,challenge_08_knn_cleaning_colab_ultra
7092,1,1.0,1,challenge_08_knn_cleaning_colab_ultra
7093,1,1.0,1,challenge_08_knn_cleaning_colab_ultra
7094,1,0.0,0,challenge_08_knn_cleaning_colab_ultra
7095,1,1.0,1,challenge_08_knn_cleaning_colab_ultra
7096,1,0.56472844,1,challenge_08_knn_cleaning_colab_ultra
7097,0,0.50452477,1,challenge_08_knn_cleaning_colab_ultra
7098,1,1.0,1,challenge_08_knn_cleaning_colab_ultra
7099,1,0.519315,1,challenge_08_knn_cleaning_colab_ultra
7100,1,1.0,1,challenge_08_knn_cleaning_colab_ultra
7101,1,1.0,1,challenge_08_knn_cleaning_colab_ultra
7102,1,1.0,1,challenge_08_knn_cleaning_colab_ultra
7103,0,0.0,0,challenge_08_knn_cleaning_colab_ultra
7104,1,0.5825941,1,challenge_08_knn_cleaning_colab_ultra
7105,0,0.0,0,challenge_08_knn_cleaning_colab_ultra
7106,1,1.0,1,challenge_08_knn_cleaning_colab_ultra
7107,0,0.0,0,challenge_08_knn_cleaning_colab_ultra
7108,0,1.0,1,challenge_08_knn_cleaning_colab_ultra
7109,0,0.50127906,1,challenge_08_knn_cleaning_colab_ultra
7110,0,0.0,0,challenge_08_knn_cleaning_colab_ultra
7111,1,0.5030351,1,challenge_08_knn_cleaning_colab_ultra
7112,0,0.0,0,challenge_08_knn_cleaning_colab_ultra
7113,1,1.0,1,challenge_08_knn_cleaning_colab_ultra
7114,0,0.0,0,challenge_08_knn_cleaning_colab_ultra
7115,1,1.0,1,challenge_08_knn_cleaning_colab_ultra
7116,1,1.0,1,challenge_08_knn_cleaning_colab_ultra
7117,1,1.0,1,challenge_08_knn_cleaning_colab_ultra
7118,0,0.0,0,challenge_08_knn_cleaning_colab_ultra
7119,0,0.0,0,challenge_08_knn_cleaning_colab_ultra
7120,1,1.0,1,challenge_08_knn_cleaning_colab_ultra
7121,0,0.48867846,0,challenge_08_knn_cleaning_colab_ultra
7122,1,1.0,1,challenge_08_knn_cleaning_colab_ultra
7123,0,0.0,0,challenge_08_knn_cleaning_colab_ultra
7124,1,0.4982553,0,challenge_08_knn_cleaning_colab_ultra
7125,0,0.0,0,challenge_08_knn_cleaning_colab_ultra
7126,1,1.0,1,challenge_08_knn_cleaning_colab_ultra
7127,1,1.0,1,challenge_08_knn_cleaning_colab_ultra
7128,1,1.0,1,challenge_08_knn_cleaning_colab_ultra
7129,0,0.5039898,1,challenge_08_knn_cleaning_colab_ultra
7130,0,0.38096577,0,challenge_08_knn_cleaning_colab_ultra
7131,1,0.49106675,0,challenge_08_knn_cleaning_colab_ultra
7132,1,0.5002251,1,challenge_08_knn_cleaning_colab_ultra
7133,1,1.0,1,challenge_08_knn_cleaning_colab_ultra
7134,1,0.50265366,1,challenge_08_knn_cleaning_colab_ultra
7135,0,0.4609486,0,challenge_08_knn_cleaning_colab_ultra
7136,0,0.49957758,0,challenge_08_knn_cleaning_colab_ultra
7137,1,1.0,1,challenge_08_knn_cleaning_colab_ultra
7138,1,0.47311732,0,challenge_08_knn_cleaning_colab_ultra
7139,1,0.49909943,0,challenge_08_knn_cleaning_colab_ultra
7140,1,0.5225645,1,challenge_08_knn_cleaning_colab_ultra
7141,1,1.0,1,challenge_08_knn_cleaning_colab_ultra
7142,1,1.0,1,challenge_08_knn_cleaning_colab_ultra
7143,1,0.49989814,0,challenge_08_knn_cleaning_colab_ultra
7144,0,1.0,1,challenge_08_knn_cleaning_colab_ultra
7145,0,1.0,1,challenge_08_knn_cleaning_colab_ultra
7146,0,0.0,0,challenge_08_knn_cleaning_colab_ultra
7147,0,0.4998529,0,challenge_08_knn_cleaning_colab_ultra
7148,0,0.4932899,0,challenge_08_knn_cleaning_colab_ultra
7149,1,0.4801628,0,challenge_08_knn_cleaning_colab_ultra
7150,0,0.0,0,challenge_08_knn_cleaning_colab_ultra
7151,0,0.5027282,1,challenge_08_knn_cleaning_colab_ultra
7152,1,1.0,1,challenge_08_knn_cleaning_colab_ultra
7153,0,0.4763911,0,challenge_08_knn_cleaning_colab_ultra
7154,1,0.4987571,0,challenge_08_knn_cleaning_colab_ultra
7155,0,1.0,1,challenge_08_knn_cleaning_colab_ultra
7156,0,0.0,0,challenge_08_knn_cleaning_colab_ultra
7157,1,1.0,1,challenge_08_knn_cleaning_colab_ultra
7158,1,1.0,1,challenge_08_knn_cleaning_colab_ultra
7159,0,0.0,0,challenge_08_knn_cleaning_colab_ultra
7160,1,1.0,1,challenge_08_knn_cleaning_colab_ultra
7161,0,0.0,0,challenge_08_knn_cleaning_colab_ultra
7162,1,1.0,1,challenge_08_knn_cleaning_colab_ultra
7163,1,1.0,1,challenge_08_knn_cleaning_colab_ultra
7164,0,1.0,1,challenge_08_knn_cleaning_colab_ultra
7165,1,1.0,1,challenge_08_knn_cleaning_colab_ultra
7166,0,1.0,1,challenge_08_knn_cleaning_colab_ultra
7167,1,1.0,1,challenge_08_knn_cleaning_colab_ultra
7168,1,0.51613003,1,challenge_08_knn_cleaning_colab_ultra
7169,1,0.51007813,1,challenge_08_knn_cleaning_colab_ultra
7170,0,0.0,0,challenge_08_knn_cleaning_colab_ultra
7171,0,0.0,0,challenge_08_knn_cleaning_colab_ultra
7172,1,1.0,1,challenge_08_knn_cleaning_colab_ultra
7173,0,1.0,1,challenge_08_knn_cleaning_colab_ultra
7174,0,0.0,0,challenge_08_knn_cleaning_colab_ultra
7175,0,0.47556987,0,challenge_08_knn_cleaning_colab_ultra
7176,0,0.49746144,0,challenge_08_knn_cleaning_colab_ultra
7177,0,0.0,0,challenge_08_knn_cleaning_colab_ultra
7178,0,1.0,1,challenge_08_knn_cleaning_colab_ultra
7179,1,0.47719637,0,challenge_08_knn_cleaning_colab_ultra
7180,1,0.5018932,1,challenge_08_knn_cleaning_colab_ultra
7181,1,0.0,0,challenge_08_knn_cleaning_colab_ultra
7182,0,0.45767462,0,challenge_08_knn_cleaning_colab_ultra
7183,0,1.0,1,challenge_08_knn_cleaning_colab_ultra
7184,0,0.0,0,challenge_08_knn_cleaning_colab_ultra
7185,1,1.0,1,challenge_08_knn_cleaning_colab_ultra
7186,1,0.500138,1,challenge_08_knn_cleaning_colab_ultra
7187,1,0.5068636,1,challenge_08_knn_cleaning_colab_ultra
7188,0,0.0,0,challenge_08_knn_cleaning_colab_ultra
7189,0,0.0,0,challenge_08_knn_cleaning_colab_ultra
7190,1,1.0,1,challenge_08_knn_cleaning_colab_ultra
7191,0,1.0,1,challenge_08_knn_cleaning_colab_ultra
7192,0,0.0,0,challenge_08_knn_cleaning_colab_ultra
7193,1,0.53572094,1,challenge_08_knn_cleaning_colab_ultra
7194,0,0.0,0,challenge_08_knn_cleaning_colab_ultra
7195,1,1.0,1,challenge_08_knn_cleaning_colab_ultra
7196,1,0.50321966,1,challenge_08_knn_cleaning_colab_ultra
7197,0,0.4855833,0,challenge_08_knn_cleaning_colab_ultra
7198,0,0.0,0,challenge_08_knn_cleaning_colab_ultra
7199,1,0.49879017,0,challenge_08_knn_cleaning_colab_ultra
7200,1,1.0,1,challenge_08_knn_cleaning_colab_ultra
7201,0,0.0,0,challenge_08_knn_cleaning_colab_ultra
7202,1,0.0,0,challenge_08_knn_cleaning_colab_ultra
7203,0,0.48211262,0,challenge_08_knn_cleaning_colab_ultra
7204,1,1.0,1,challenge_08_knn_cleaning_colab_ultra
7205,1,1.0,1,challenge_08_knn_cleaning_colab_ultra
7206,1,1.0,1,challenge_08_knn_cleaning_colab_ultra
7207,0,0.4969556,0,challenge_08_knn_cleaning_colab_ultra
7208,0,0.0,0,challenge_08_knn_cleaning_colab_ultra
7209,1,1.0,1,challenge_08_knn_cleaning_colab_ultra
7210,1,1.0,1,challenge_08_knn_cleaning_colab_ultra
7211,1,1.0,1,challenge_08_knn_cleaning_colab_ultra
7212,1,1.0,1,challenge_08_knn_cleaning_colab_ultra
7213,0,0.0,0,challenge_08_knn_cleaning_colab_ultra
7214,1,1.0,1,challenge_08_knn_cleaning_colab_ultra
7215,1,0.5310808,1,challenge_08_knn_cleaning_colab_ultra
7216,0,0.0,0,challenge_08_knn_cleaning_colab_ultra
7217,0,0.0,0,challenge_08_knn_cleaning_colab_ultra
7218,1,1.0,1,challenge_08_knn_cleaning_colab_ultra
7219,0,0.0,0,challenge_08_knn_cleaning_colab_ultra
7220,1,1.0,1,challenge_08_knn_cleaning_colab_ultra
7221,0,0.505722,1,challenge_08_knn_cleaning_colab_ultra
7222,1,1.0,1,challenge_08_knn_cleaning_colab_ultra
7223,0,0.0,0,challenge_08_knn_cleaning_colab_ultra
7224,1,0.5254977,1,challenge_08_knn_cleaning_colab_ultra
7225,1,1.0,1,challenge_08_knn_cleaning_colab_ultra
7226,0,0.0,0,challenge_08_knn_cleaning_colab_ultra
7227,0,0.0,0,challenge_08_knn_cleaning_colab_ultra
7228,0,0.0,0,challenge_08_knn_cleaning_colab_ultra
7229,0,0.49416256,0,challenge_08_knn_cleaning_colab_ultra
7230,0,0.0,0,challenge_08_knn_cleaning_colab_ultra
7231,1,1.0,1,challenge_08_knn_cleaning_colab_ultra
7232,0,0.0,0,challenge_08_knn_cleaning_colab_ultra
7233,0,1.0,1,challenge_08_knn_cleaning_colab_ultra
7234,1,0.49834892,0,challenge_08_knn_cleaning_colab_ultra
7235,1,0.48752537,0,challenge_08_knn_cleaning_colab_ultra
7236,1,1.0,1,challenge_08_knn_cleaning_colab_ultra
7237,0,0.0,0,challenge_08_knn_cleaning_colab_ultra
7238,1,0.50885063,1,challenge_08_knn_cleaning_colab_ultra
7239,1,1.0,1,challenge_08_knn_cleaning_colab_ultra
7240,0,0.0,0,challenge_08_knn_cleaning_colab_ultra
7241,1,1.0,1,challenge_08_knn_cleaning_colab_ultra
7242,0,0.0,0,challenge_08_knn_cleaning_colab_ultra
7243,1,0.500776,1,challenge_08_knn_cleaning_colab_ultra
7244,0,0.0,0,challenge_08_knn_cleaning_colab_ultra
7245,0,0.0,0,challenge_08_knn_cleaning_colab_ultra
7246,0,0.5031066,1,challenge_08_knn_cleaning_colab_ultra
7247,1,0.49593586,0,challenge_08_knn_cleaning_colab_ultra
7248,1,0.5094018,1,challenge_08_knn_cleaning_colab_ultra
7249,1,1.0,1,challenge_08_knn_cleaning_colab_ultra
7250,1,1.0,1,challenge_08_knn_cleaning_colab_ultra
7251,1,1.0,1,challenge_08_knn_cleaning_colab_ultra
7252,1,1.0,1,challenge_08_knn_cleaning_colab_ultra
7253,1,1.0,1,challenge_08_knn_cleaning_colab_ultra
7254,1,1.0,1,challenge_08_knn_cleaning_colab_ultra
7255,1,1.0,1,challenge_08_knn_cleaning_colab_ultra
7256,1,0.0,0,challenge_08_knn_cleaning_colab_ultra
7257,0,1.0,1,challenge_08_knn_cleaning_colab_ultra
7258,0,0.49730662,0,challenge_08_knn_cleaning_colab_ultra
7259,1,1.0,1,challenge_08_knn_cleaning_colab_ultra
7260,0,0.4942937,0,challenge_08_knn_cleaning_colab_ultra
7261,0,0.0,0,challenge_08_knn_cleaning_colab_ultra
7262,1,0.4993179,0,challenge_08_knn_cleaning_colab_ultra
7263,0,0.0,0,challenge_08_knn_cleaning_colab_ultra
7264,0,0.5044724,1,challenge_08_knn_cleaning_colab_ultra
7265,0,0.49639243,0,challenge_08_knn_cleaning_colab_ultra
7266,1,1.0,1,challenge_08_knn_cleaning_colab_ultra
7267,1,1.0,1,challenge_08_knn_cleaning_colab_ultra
7268,1,1.0,1,challenge_08_knn_cleaning_colab_ultra
7269,0,0.0,0,challenge_08_knn_cleaning_colab_ultra
7270,0,0.0,0,challenge_08_knn_cleaning_colab_ultra
7271,1,1.0,1,challenge_08_knn_cleaning_colab_ultra
7272,0,0.49827138,0,challenge_08_knn_cleaning_colab_ultra
7273,1,1.0,1,challenge_08_knn_cleaning_colab_ultra
7274,1,1.0,1,challenge_08_knn_cleaning_colab_ultra
7275,1,1.0,1,challenge_08_knn_cleaning_colab_ultra
7276,1,1.0,1,challenge_08_knn_cleaning_colab_ultra
7277,1,1.0,1,challenge_08_knn_cleaning_colab_ultra
7278,0,0.0,0,challenge_08_knn_cleaning_colab_ultra
7279,1,1.0,1,challenge_08_knn_cleaning_colab_ultra
7280,0,0.48506796,0,challenge_08_knn_cleaning_colab_ultra
7281,1,0.5498095,1,challenge_08_knn_cleaning_colab_ultra
7282,1,0.5025942,1,challenge_08_knn_cleaning_colab_ultra
7283,1,1.0,1,challenge_08_knn_cleaning_colab_ultra
7284,0,0.0,0,challenge_08_knn_cleaning_colab_ultra
7285,0,0.0,0,challenge_08_knn_cleaning_colab_ultra
7286,1,1.0,1,challenge_08_knn_cleaning_colab_ultra
7287,1,0.5073012,1,challenge_08_knn_cleaning_colab_ultra
7288,1,1.0,1,challenge_08_knn_cleaning_colab_ultra
7289,0,0.5034459,1,challenge_08_knn_cleaning_colab_ultra
7290,1,1.0,1,challenge_08_knn_cleaning_colab_ultra
7291,0,0.0,0,challenge_08_knn_cleaning_colab_ultra
7292,0,0.0,0,challenge_08_knn_cleaning_colab_ultra
7293,1,1.0,1,challenge_08_knn_cleaning_colab_ultra
7294,1,1.0,1,challenge_08_knn_cleaning_colab_ultra
7295,0,0.518694,1,challenge_08_knn_cleaning_colab_ultra
7296,1,0.49954456,0,challenge_08_knn_cleaning_colab_ultra
7297,1,0.48453328,0,challenge_08_knn_cleaning_colab_ultra
7298,1,0.5143505,1,challenge_08_knn_cleaning_colab_ultra
7299,0,0.46226865,0,challenge_08_knn_cleaning_colab_ultra
7300,0,0.42670414,0,challenge_08_knn_cleaning_colab_ultra
7301,0,0.48978,0,challenge_08_knn_cleaning_colab_ultra
7302,1,1.0,1,challenge_08_knn_cleaning_colab_ultra
7303,1,1.0,1,challenge_08_knn_cleaning_colab_ultra
7304,1,1.0,1,challenge_08_knn_cleaning_colab_ultra
7305,0,0.0,0,challenge_08_knn_cleaning_colab_ultra
7306,0,0.0,0,challenge_08_knn_cleaning_colab_ultra
7307,0,0.0,0,challenge_08_knn_cleaning_colab_ultra
7308,0,0.5027665,1,challenge_08_knn_cleaning_colab_ultra
7309,0,0.0,0,challenge_08_knn_cleaning_colab_ultra
7310,0,0.4979276,0,challenge_08_knn_cleaning_colab_ultra
7311,1,0.5058537,1,challenge_08_knn_cleaning_colab_ultra
7312,0,0.0,0,challenge_08_knn_cleaning_colab_ultra
7313,1,1.0,1,challenge_08_knn_cleaning_colab_ultra
7314,0,0.49952614,0,challenge_08_knn_cleaning_colab_ultra
7315,1,1.0,1,challenge_08_knn_cleaning_colab_ultra
7316,1,1.0,1,challenge_08_knn_cleaning_colab_ultra
7317,1,0.49718803,0,challenge_08_knn_cleaning_colab_ultra
7318,0,0.0,0,challenge_08_knn_cleaning_colab_ultra
7319,0,0.49043238,0,challenge_08_knn_cleaning_colab_ultra
7320,0,0.0,0,challenge_08_knn_cleaning_colab_ultra
7321,0,0.0,0,challenge_08_knn_cleaning_colab_ultra
7322,1,0.49994028,0,challenge_08_knn_cleaning_colab_ultra
7323,1,1.0,1,challenge_08_knn_cleaning_colab_ultra
7324,0,0.49575996,0,challenge_08_knn_cleaning_colab_ultra
7325,1,0.51064384,1,challenge_08_knn_cleaning_colab_ultra
7326,1,1.0,1,challenge_08_knn_cleaning_colab_ultra
7327,0,0.0,0,challenge_08_knn_cleaning_colab_ultra
7328,0,0.0,0,challenge_08_knn_cleaning_colab_ultra
7329,1,1.0,1,challenge_08_knn_cleaning_colab_ultra
7330,0,0.0,0,challenge_08_knn_cleaning_colab_ultra
7331,1,1.0,1,challenge_08_knn_cleaning_colab_ultra
7332,0,0.49907136,0,challenge_08_knn_cleaning_colab_ultra
7333,1,0.49843606,0,challenge_08_knn_cleaning_colab_ultra
7334,0,0.5189793,1,challenge_08_knn_cleaning_colab_ultra
7335,1,1.0,1,challenge_08_knn_cleaning_colab_ultra
7336,1,0.5319449,1,challenge_08_knn_cleaning_colab_ultra
7337,1,0.5160928,1,challenge_08_knn_cleaning_colab_ultra
7338,0,0.51338214,1,challenge_08_knn_cleaning_colab_ultra
7339,0,0.49308217,0,challenge_08_knn_cleaning_colab_ultra
7340,0,0.0,0,challenge_08_knn_cleaning_colab_ultra
7341,0,1.0,1,challenge_08_knn_cleaning_colab_ultra
7342,0,1.0,1,challenge_08_knn_cleaning_colab_ultra
7343,0,0.0,0,challenge_08_knn_cleaning_colab_ultra
7344,0,0.0,0,challenge_08_knn_cleaning_colab_ultra
7345,0,0.0,0,challenge_08_knn_cleaning_colab_ultra
7346,0,0.0,0,challenge_08_knn_cleaning_colab_ultra
7347,0,0.0,0,challenge_08_knn_cleaning_colab_ultra
7348,1,1.0,1,challenge_08_knn_cleaning_colab_ultra
7349,1,1.0,1,challenge_08_knn_cleaning_colab_ultra
7350,1,1.0,1,challenge_08_knn_cleaning_colab_ultra
7351,1,1.0,1,challenge_08_knn_cleaning_colab_ultra
7352,0,0.0,0,challenge_08_knn_cleaning_colab_ultra
7353,0,0.47480762,0,challenge_08_knn_cleaning_colab_ultra
7354,1,1.0,1,challenge_08_knn_cleaning_colab_ultra
7355,1,1.0,1,challenge_08_knn_cleaning_colab_ultra
7356,1,0.0,0,challenge_08_knn_cleaning_colab_ultra
7357,0,0.0,0,challenge_08_knn_cleaning_colab_ultra
7358,1,0.4965755,0,challenge_08_knn_cleaning_colab_ultra
7359,1,1.0,1,challenge_08_knn_cleaning_colab_ultra
7360,0,0.0,0,challenge_08_knn_cleaning_colab_ultra
7361,0,0.4887967,0,challenge_08_knn_cleaning_colab_ultra
7362,0,0.50474906,1,challenge_08_knn_cleaning_colab_ultra
7363,1,1.0,1,challenge_08_knn_cleaning_colab_ultra
7364,0,0.4654638,0,challenge_08_knn_cleaning_colab_ultra
7365,1,0.0,0,challenge_08_knn_cleaning_colab_ultra
7366,1,1.0,1,challenge_08_knn_cleaning_colab_ultra
7367,1,1.0,1,challenge_08_knn_cleaning_colab_ultra
7368,0,0.0,0,challenge_08_knn_cleaning_colab_ultra
7369,0,0.0,0,challenge_08_knn_cleaning_colab_ultra
7370,0,0.0,0,challenge_08_knn_cleaning_colab_ultra
7371,0,0.48046592,0,challenge_08_knn_cleaning_colab_ultra
7372,1,0.4979297,0,challenge_08_knn_cleaning_colab_ultra
7373,0,0.0,0,challenge_08_knn_cleaning_colab_ultra
7374,0,0.0,0,challenge_08_knn_cleaning_colab_ultra
7375,1,1.0,1,challenge_08_knn_cleaning_colab_ultra
7376,1,1.0,1,challenge_08_knn_cleaning_colab_ultra
7377,0,0.0,0,challenge_08_knn_cleaning_colab_ultra
7378,0,0.0,0,challenge_08_knn_cleaning_colab_ultra
7379,1,0.0,0,challenge_08_knn_cleaning_colab_ultra
7380,0,1.0,1,challenge_08_knn_cleaning_colab_ultra
7381,0,0.0,0,challenge_08_knn_cleaning_colab_ultra
7382,1,0.50646293,1,challenge_08_knn_cleaning_colab_ultra
7383,1,1.0,1,challenge_08_knn_cleaning_colab_ultra
7384,0,0.47629616,0,challenge_08_knn_cleaning_colab_ultra
7385,1,1.0,1,challenge_08_knn_cleaning_colab_ultra
7386,0,0.0,0,challenge_08_knn_cleaning_colab_ultra
7387,0,0.0,0,challenge_08_knn_cleaning_colab_ultra
7388,0,1.0,1,challenge_08_knn_cleaning_colab_ultra
7389,1,0.50235224,1,challenge_08_knn_cleaning_colab_ultra
7390,0,1.0,1,challenge_08_knn_cleaning_colab_ultra
7391,0,1.0,1,challenge_08_knn_cleaning_colab_ultra
7392,0,0.0,0,challenge_08_knn_cleaning_colab_ultra
7393,1,1.0,1,challenge_08_knn_cleaning_colab_ultra
7394,1,1.0,1,challenge_08_knn_cleaning_colab_ultra
7395,1,1.0,1,challenge_08_knn_cleaning_colab_ultra
7396,1,1.0,1,challenge_08_knn_cleaning_colab_ultra
7397,0,0.49817884,0,challenge_08_knn_cleaning_colab_ultra
7398,1,1.0,1,challenge_08_knn_cleaning_colab_ultra
7399,1,1.0,1,challenge_08_knn_cleaning_colab_ultra
7400,0,0.0,0,challenge_08_knn_cleaning_colab_ultra
7401,0,1.0,1,challenge_08_knn_cleaning_colab_ultra
7402,0,0.5129167,1,challenge_08_knn_cleaning_colab_ultra
7403,1,0.0,0,challenge_08_knn_cleaning_colab_ultra
7404,0,0.0,0,challenge_08_knn_cleaning_colab_ultra
7405,0,0.49601227,0,challenge_08_knn_cleaning_colab_ultra
7406,0,1.0,1,challenge_08_knn_cleaning_colab_ultra
7407,0,0.0,0,challenge_08_knn_cleaning_colab_ultra
7408,1,1.0,1,challenge_08_knn_cleaning_colab_ultra
7409,0,0.0,0,challenge_08_knn_cleaning_colab_ultra
7410,1,1.0,1,challenge_08_knn_cleaning_colab_ultra
7411,0,0.50655776,1,challenge_08_knn_cleaning_colab_ultra
7412,1,1.0,1,challenge_08_knn_cleaning_colab_ultra
7413,0,0.0,0,challenge_08_knn_cleaning_colab_ultra
7414,1,0.48939782,0,challenge_08_knn_cleaning_colab_ultra
7415,0,0.0,0,challenge_08_knn_cleaning_colab_ultra
7416,0,0.0,0,challenge_08_knn_cleaning_colab_ultra
7417,0,0.49871024,0,challenge_08_knn_cleaning_colab_ultra
7418,0,0.49168152,0,challenge_08_knn_cleaning_colab_ultra
7419,1,1.0,1,challenge_08_knn_cleaning_colab_ultra
7420,0,0.48585695,0,challenge_08_knn_cleaning_colab_ultra
7421,1,1.0,1,challenge_08_knn_cleaning_colab_ultra
7422,0,0.0,0,challenge_08_knn_cleaning_colab_ultra
7423,1,1.0,1,challenge_08_knn_cleaning_colab_ultra
7424,0,0.0,0,challenge_08_knn_cleaning_colab_ultra
7425,0,0.0,0,challenge_08_knn_cleaning_colab_ultra
7426,1,1.0,1,challenge_08_knn_cleaning_colab_ultra
7427,0,0.0,0,challenge_08_knn_cleaning_colab_ultra
7428,0,0.0,0,challenge_08_knn_cleaning_colab_ultra
7429,1,0.50184846,1,challenge_08_knn_cleaning_colab_ultra
7430,0,0.4602052,0,challenge_08_knn_cleaning_colab_ultra
7431,0,0.0,0,challenge_08_knn_cleaning_colab_ultra
7432,1,1.0,1,challenge_08_knn_cleaning_colab_ultra
7433,1,0.49948707,0,challenge_08_knn_cleaning_colab_ultra
7434,0,0.44468948,0,challenge_08_knn_cleaning_colab_ultra
7435,0,0.0,0,challenge_08_knn_cleaning_colab_ultra
7436,1,1.0,1,challenge_08_knn_cleaning_colab_ultra
7437,1,1.0,1,challenge_08_knn_cleaning_colab_ultra
7438,0,0.48545414,0,challenge_08_knn_cleaning_colab_ultra
7439,1,1.0,1,challenge_08_knn_cleaning_colab_ultra
7440,1,1.0,1,challenge_08_knn_cleaning_colab_ultra
7441,0,0.49791396,0,challenge_08_knn_cleaning_colab_ultra
7442,1,1.0,1,challenge_08_knn_cleaning_colab_ultra
7443,0,1.0,1,challenge_08_knn_cleaning_colab_ultra
7444,1,0.540611,1,challenge_08_knn_cleaning_colab_ultra
7445,0,0.0,0,challenge_08_knn_cleaning_colab_ultra
7446,0,0.0,0,challenge_08_knn_cleaning_colab_ultra
7447,1,1.0,1,challenge_08_knn_cleaning_colab_ultra
7448,0,1.0,1,challenge_08_knn_cleaning_colab_ultra
7449,1,1.0,1,challenge_08_knn_cleaning_colab_ultra
7450,0,0.5041316,1,challenge_08_knn_cleaning_colab_ultra
7451,1,1.0,1,challenge_08_knn_cleaning_colab_ultra
7452,0,1.0,1,challenge_08_knn_cleaning_colab_ultra
7453,1,1.0,1,challenge_08_knn_cleaning_colab_ultra
7454,1,0.50320315,1,challenge_08_knn_cleaning_colab_ultra
7455,0,0.0,0,challenge_08_knn_cleaning_colab_ultra
7456,0,0.0,0,challenge_08_knn_cleaning_colab_ultra
7457,1,1.0,1,challenge_08_knn_cleaning_colab_ultra
7458,1,1.0,1,challenge_08_knn_cleaning_colab_ultra
7459,1,0.4924947,0,challenge_08_knn_cleaning_colab_ultra
7460,0,0.4594054,0,challenge_08_knn_cleaning_colab_ultra
7461,0,0.0,0,challenge_08_knn_cleaning_colab_ultra
7462,1,0.49664783,0,challenge_08_knn_cleaning_colab_ultra
7463,0,0.48896962,0,challenge_08_knn_cleaning_colab_ultra
7464,1,1.0,1,challenge_08_knn_cleaning_colab_ultra
7465,0,0.0,0,challenge_08_knn_cleaning_colab_ultra
7466,0,0.49970743,0,challenge_08_knn_cleaning_colab_ultra
7467,1,0.49425247,0,challenge_08_knn_cleaning_colab_ultra
7468,1,1.0,1,challenge_08_knn_cleaning_colab_ultra
7469,0,0.0,0,challenge_08_knn_cleaning_colab_ultra
7470,0,0.0,0,challenge_08_knn_cleaning_colab_ultra
7471,0,1.0,1,challenge_08_knn_cleaning_colab_ultra
7472,1,1.0,1,challenge_08_knn_cleaning_colab_ultra
7473,0,0.0,0,challenge_08_knn_cleaning_colab_ultra
7474,1,1.0,1,challenge_08_knn_cleaning_colab_ultra
7475,1,0.5378962,1,challenge_08_knn_cleaning_colab_ultra
7476,1,1.0,1,challenge_08_knn_cleaning_colab_ultra
7477,1,0.50836086,1,challenge_08_knn_cleaning_colab_ultra
7478,1,0.0,0,challenge_08_knn_cleaning_colab_ultra
7479,1,1.0,1,challenge_08_knn_cleaning_colab_ultra
7480,0,0.0,0,challenge_08_knn_cleaning_colab_ultra
7481,1,1.0,1,challenge_08_knn_cleaning_colab_ultra
7482,1,1.0,1,challenge_08_knn_cleaning_colab_ultra
7483,0,1.0,1,challenge_08_knn_cleaning_colab_ultra
7484,0,0.0,0,challenge_08_knn_cleaning_colab_ultra
7485,0,0.52936226,1,challenge_08_knn_cleaning_colab_ultra
7486,0,0.0,0,challenge_08_knn_cleaning_colab_ultra
7487,0,0.0,0,challenge_08_knn_cleaning_colab_ultra
7488,1,1.0,1,challenge_08_knn_cleaning_colab_ultra
7489,0,0.51771337,1,challenge_08_knn_cleaning_colab_ultra
7490,0,0.0,0,challenge_08_knn_cleaning_colab_ultra
7491,1,1.0,1,challenge_08_knn_cleaning_colab_ultra
7492,0,0.0,0,challenge_08_knn_cleaning_colab_ultra
7493,1,1.0,1,challenge_08_knn_cleaning_colab_ultra
7494,1,1.0,1,challenge_08_knn_cleaning_colab_ultra
7495,1,1.0,1,challenge_08_knn_cleaning_colab_ultra
7496,0,0.0,0,challenge_08_knn_cleaning_colab_ultra
7497,0,0.49560726,0,challenge_08_knn_cleaning_colab_ultra
7498,0,0.0,0,challenge_08_knn_cleaning_colab_ultra
7499,1,1.0,1,challenge_08_knn_cleaning_colab_ultra
7500,1,1.0,1,challenge_08_knn_cleaning_colab_ultra
7501,0,0.0,0,challenge_08_knn_cleaning_colab_ultra
7502,0,0.0,0,challenge_08_knn_cleaning_colab_ultra
7503,0,1.0,1,challenge_08_knn_cleaning_colab_ultra
7504,1,1.0,1,challenge_08_knn_cleaning_colab_ultra
7505,1,1.0,1,challenge_08_knn_cleaning_colab_ultra
7506,1,1.0,1,challenge_08_knn_cleaning_colab_ultra
7507,1,0.49358094,0,challenge_08_knn_cleaning_colab_ultra
7508,1,1.0,1,challenge_08_knn_cleaning_colab_ultra
7509,0,0.49871436,0,challenge_08_knn_cleaning_colab_ultra
7510,1,1.0,1,challenge_08_knn_cleaning_colab_ultra
7511,1,1.0,1,challenge_08_knn_cleaning_colab_ultra
7512,0,0.0,0,challenge_08_knn_cleaning_colab_ultra
7513,1,0.49119264,0,challenge_08_knn_cleaning_colab_ultra
7514,1,1.0,1,challenge_08_knn_cleaning_colab_ultra
7515,0,0.0,0,challenge_08_knn_cleaning_colab_ultra
7516,1,0.5240741,1,challenge_08_knn_cleaning_colab_ultra
7517,0,0.0,0,challenge_08_knn_cleaning_colab_ultra
7518,0,0.4975443,0,challenge_08_knn_cleaning_colab_ultra
7519,1,1.0,1,challenge_08_knn_cleaning_colab_ultra
7520,0,0.0,0,challenge_08_knn_cleaning_colab_ultra
7521,1,0.508615,1,challenge_08_knn_cleaning_colab_ultra
7522,0,0.47749048,0,challenge_08_knn_cleaning_colab_ultra
7523,1,0.507752,1,challenge_08_knn_cleaning_colab_ultra
7524,0,0.50209147,1,challenge_08_knn_cleaning_colab_ultra
7525,0,1.0,1,challenge_08_knn_cleaning_colab_ultra
7526,0,0.0,0,challenge_08_knn_cleaning_colab_ultra
7527,0,0.0,0,challenge_08_knn_cleaning_colab_ultra
7528,1,0.46619824,0,challenge_08_knn_cleaning_colab_ultra
7529,0,0.0,0,challenge_08_knn_cleaning_colab_ultra
7530,0,0.49494153,0,challenge_08_knn_cleaning_colab_ultra
7531,1,1.0,1,challenge_08_knn_cleaning_colab_ultra
7532,0,1.0,1,challenge_08_knn_cleaning_colab_ultra
7533,0,0.5058736,1,challenge_08_knn_cleaning_colab_ultra
7534,0,0.0,0,challenge_08_knn_cleaning_colab_ultra
7535,1,0.5111543,1,challenge_08_knn_cleaning_colab_ultra
7536,0,1.0,1,challenge_08_knn_cleaning_colab_ultra
7537,1,0.0,0,challenge_08_knn_cleaning_colab_ultra
7538,1,1.0,1,challenge_08_knn_cleaning_colab_ultra
7539,1,1.0,1,challenge_08_knn_cleaning_colab_ultra
7540,0,0.49514455,0,challenge_08_knn_cleaning_colab_ultra
7541,0,0.4847438,0,challenge_08_knn_cleaning_colab_ultra
7542,0,0.0,0,challenge_08_knn_cleaning_colab_ultra
7543,0,0.0,0,challenge_08_knn_cleaning_colab_ultra
7544,1,1.0,1,challenge_08_knn_cleaning_colab_ultra
7545,0,0.0,0,challenge_08_knn_cleaning_colab_ultra
7546,0,0.47076914,0,challenge_08_knn_cleaning_colab_ultra
7547,1,1.0,1,challenge_08_knn_cleaning_colab_ultra
7548,0,0.49698046,0,challenge_08_knn_cleaning_colab_ultra
7549,0,0.0,0,challenge_08_knn_cleaning_colab_ultra
7550,0,0.0,0,challenge_08_knn_cleaning_colab_ultra
7551,0,0.50709426,1,challenge_08_knn_cleaning_colab_ultra
7552,0,0.0,0,challenge_08_knn_cleaning_colab_ultra
7553,1,1.0,1,challenge_08_knn_cleaning_colab_ultra
7554,0,0.47837588,0,challenge_08_knn_cleaning_colab_ultra
7555,1,1.0,1,challenge_08_knn_cleaning_colab_ultra
7556,0,0.50747377,1,challenge_08_knn_cleaning_colab_ultra
7557,0,0.48542392,0,challenge_08_knn_cleaning_colab_ultra
7558,1,1.0,1,challenge_08_knn_cleaning_colab_ultra
7559,1,0.50426686,1,challenge_08_knn_cleaning_colab_ultra
7560,1,1.0,1,challenge_08_knn_cleaning_colab_ultra
7561,0,0.0,0,challenge_08_knn_cleaning_colab_ultra
7562,1,0.5172436,1,challenge_08_knn_cleaning_colab_ultra
7563,0,0.0,0,challenge_08_knn_cleaning_colab_ultra
7564,0,0.5076836,1,challenge_08_knn_cleaning_colab_ultra
7565,0,0.4996343,0,challenge_08_knn_cleaning_colab_ultra
7566,1,1.0,1,challenge_08_knn_cleaning_colab_ultra
7567,1,1.0,1,challenge_08_knn_cleaning_colab_ultra
7568,0,0.5006084,1,challenge_08_knn_cleaning_colab_ultra
7569,1,1.0,1,challenge_08_knn_cleaning_colab_ultra
7570,1,1.0,1,challenge_08_knn_cleaning_colab_ultra
7571,1,1.0,1,challenge_08_knn_cleaning_colab_ultra
7572,0,0.0,0,challenge_08_knn_cleaning_colab_ultra
7573,1,1.0,1,challenge_08_knn_cleaning_colab_ultra
7574,1,1.0,1,challenge_08_knn_cleaning_colab_ultra
7575,1,1.0,1,challenge_08_knn_cleaning_colab_ultra
7576,1,1.0,1,challenge_08_knn_cleaning_colab_ultra
7577,0,0.4914326,0,challenge_08_knn_cleaning_colab_ultra
7578,0,0.0,0,challenge_08_knn_cleaning_colab_ultra
7579,0,0.49688712,0,challenge_08_knn_cleaning_colab_ultra
7580,1,1.0,1,challenge_08_knn_cleaning_colab_ultra
7581,1,1.0,1,challenge_08_knn_cleaning_colab_ultra
7582,0,0.0,0,challenge_08_knn_cleaning_colab_ultra
7583,1,1.0,1,challenge_08_knn_cleaning_colab_ultra
7584,0,0.0,0,challenge_08_knn_cleaning_colab_ultra
7585,0,0.49837407,0,challenge_08_knn_cleaning_colab_ultra
7586,1,1.0,1,challenge_08_knn_cleaning_colab_ultra
7587,1,0.0,0,challenge_08_knn_cleaning_colab_ultra
7588,1,0.5338796,1,challenge_08_knn_cleaning_colab_ultra
7589,1,1.0,1,challenge_08_knn_cleaning_colab_ultra
7590,1,1.0,1,challenge_08_knn_cleaning_colab_ultra
7591,1,0.49427024,0,challenge_08_knn_cleaning_colab_ultra
7592,0,0.0,0,challenge_08_knn_cleaning_colab_ultra
7593,1,1.0,1,challenge_08_knn_cleaning_colab_ultra
7594,1,1.0,1,challenge_08_knn_cleaning_colab_ultra
7595,0,0.0,0,challenge_08_knn_cleaning_colab_ultra
7596,0,0.0,0,challenge_08_knn_cleaning_colab_ultra
7597,1,1.0,1,challenge_08_knn_cleaning_colab_ultra
7598,1,1.0,1,challenge_08_knn_cleaning_colab_ultra
7599,0,0.0,0,challenge_08_knn_cleaning_colab_ultra
7600,0,0.0,0,challenge_08_knn_cleaning_colab_ultra
7601,1,0.48172173,0,challenge_08_knn_cleaning_colab_ultra
7602,0,0.0,0,challenge_08_knn_cleaning_colab_ultra
7603,0,0.0,0,challenge_08_knn_cleaning_colab_ultra
7604,1,1.0,1,challenge_08_knn_cleaning_colab_ultra
7605,0,0.0,0,challenge_08_knn_cleaning_colab_ultra
7606,0,0.0,0,challenge_08_knn_cleaning_colab_ultra
7607,1,0.49352252,0,challenge_08_knn_cleaning_colab_ultra
7608,0,0.48374677,0,challenge_08_knn_cleaning_colab_ultra
7609,1,1.0,1,challenge_08_knn_cleaning_colab_ultra
7610,1,0.5081561,1,challenge_08_knn_cleaning_colab_ultra
7611,1,1.0,1,challenge_08_knn_cleaning_colab_ultra
7612,1,0.5025099,1,challenge_08_knn_cleaning_colab_ultra
7613,0,0.49882448,0,challenge_08_knn_cleaning_colab_ultra
7614,1,0.4943103,0,challenge_08_knn_cleaning_colab_ultra
7615,1,0.5029689,1,challenge_08_knn_cleaning_colab_ultra
7616,0,0.0,0,challenge_08_knn_cleaning_colab_ultra
7617,1,1.0,1,challenge_08_knn_cleaning_colab_ultra
7618,1,1.0,1,challenge_08_knn_cleaning_colab_ultra
7619,1,0.5181455,1,challenge_08_knn_cleaning_colab_ultra
7620,0,0.51022273,1,challenge_08_knn_cleaning_colab_ultra
7621,0,0.0,0,challenge_08_knn_cleaning_colab_ultra
7622,1,0.49994612,0,challenge_08_knn_cleaning_colab_ultra
7623,1,1.0,1,challenge_08_knn_cleaning_colab_ultra
7624,0,0.5027652,1,challenge_08_knn_cleaning_colab_ultra
7625,1,0.53183943,1,challenge_08_knn_cleaning_colab_ultra
7626,1,1.0,1,challenge_08_knn_cleaning_colab_ultra
7627,0,0.49976584,0,challenge_08_knn_cleaning_colab_ultra
7628,0,0.49448505,0,challenge_08_knn_cleaning_colab_ultra
7629,1,1.0,1,challenge_08_knn_cleaning_colab_ultra
7630,1,1.0,1,challenge_08_knn_cleaning_colab_ultra
7631,0,0.0,0,challenge_08_knn_cleaning_colab_ultra
7632,1,0.53279674,1,challenge_08_knn_cleaning_colab_ultra
7633,1,0.49002382,0,challenge_08_knn_cleaning_colab_ultra
7634,1,1.0,1,challenge_08_knn_cleaning_colab_ultra
7635,1,1.0,1,challenge_08_knn_cleaning_colab_ultra
7636,0,0.0,0,challenge_08_knn_cleaning_colab_ultra
7637,0,0.0,0,challenge_08_knn_cleaning_colab_ultra
7638,1,0.51073647,1,challenge_08_knn_cleaning_colab_ultra
7639,0,0.5164177,1,challenge_08_knn_cleaning_colab_ultra
7640,1,0.4967058,0,challenge_08_knn_cleaning_colab_ultra
7641,0,0.483255,0,challenge_08_knn_cleaning_colab_ultra
7642,1,1.0,1,challenge_08_knn_cleaning_colab_ultra
7643,1,1.0,1,challenge_08_knn_cleaning_colab_ultra
7644,1,1.0,1,challenge_08_knn_cleaning_colab_ultra
7645,0,0.48877245,0,challenge_08_knn_cleaning_colab_ultra
7646,0,0.0,0,challenge_08_knn_cleaning_colab_ultra
7647,1,1.0,1,challenge_08_knn_cleaning_colab_ultra
7648,0,0.5045182,1,challenge_08_knn_cleaning_colab_ultra
7649,0,0.4530503,0,challenge_08_knn_cleaning_colab_ultra
7650,0,0.0,0,challenge_08_knn_cleaning_colab_ultra
7651,1,1.0,1,challenge_08_knn_cleaning_colab_ultra
7652,0,0.0,0,challenge_08_knn_cleaning_colab_ultra
7653,0,0.0,0,challenge_08_knn_cleaning_colab_ultra
7654,1,0.5388158,1,challenge_08_knn_cleaning_colab_ultra
7655,0,0.0,0,challenge_08_knn_cleaning_colab_ultra
7656,1,1.0,1,challenge_08_knn_cleaning_colab_ultra
7657,1,1.0,1,challenge_08_knn_cleaning_colab_ultra
7658,0,0.5043698,1,challenge_08_knn_cleaning_colab_ultra
7659,0,1.0,1,challenge_08_knn_cleaning_colab_ultra
7660,1,1.0,1,challenge_08_knn_cleaning_colab_ultra
7661,1,1.0,1,challenge_08_knn_cleaning_colab_ultra
7662,1,1.0,1,challenge_08_knn_cleaning_colab_ultra
7663,1,1.0,1,challenge_08_knn_cleaning_colab_ultra
7664,1,1.0,1,challenge_08_knn_cleaning_colab_ultra
7665,1,1.0,1,challenge_08_knn_cleaning_colab_ultra
7666,1,0.4864389,0,challenge_08_knn_cleaning_colab_ultra
7667,0,0.0,0,challenge_08_knn_cleaning_colab_ultra
7668,0,0.0,0,challenge_08_knn_cleaning_colab_ultra
7669,1,1.0,1,challenge_08_knn_cleaning_colab_ultra
7670,1,1.0,1,challenge_08_knn_cleaning_colab_ultra
7671,1,0.0,0,challenge_08_knn_cleaning_colab_ultra
7672,1,1.0,1,challenge_08_knn_cleaning_colab_ultra
7673,1,0.50073135,1,challenge_08_knn_cleaning_colab_ultra
7674,1,1.0,1,challenge_08_knn_cleaning_colab_ultra
7675,1,1.0,1,challenge_08_knn_cleaning_colab_ultra
7676,1,0.0,0,challenge_08_knn_cleaning_colab_ultra
7677,1,1.0,1,challenge_08_knn_cleaning_colab_ultra
7678,0,0.4202404,0,challenge_08_knn_cleaning_colab_ultra
7679,1,1.0,1,challenge_08_knn_cleaning_colab_ultra
7680,1,1.0,1,challenge_08_knn_cleaning_colab_ultra
7681,0,0.0,0,challenge_08_knn_cleaning_colab_ultra
7682,0,0.4767246,0,challenge_08_knn_cleaning_colab_ultra
7683,1,1.0,1,challenge_08_knn_cleaning_colab_ultra
7684,1,0.49265462,0,challenge_08_knn_cleaning_colab_ultra
7685,0,0.50578016,1,challenge_08_knn_cleaning_colab_ultra
7686,1,1.0,1,challenge_08_knn_cleaning_colab_ultra
7687,1,1.0,1,challenge_08_knn_cleaning_colab_ultra
7688,1,1.0,1,challenge_08_knn_cleaning_colab_ultra
7689,1,0.48153126,0,challenge_08_knn_cleaning_colab_ultra
7690,0,0.50777555,1,challenge_08_knn_cleaning_colab_ultra
7691,0,0.5018943,1,challenge_08_knn_cleaning_colab_ultra
7692,1,0.5320112,1,challenge_08_knn_cleaning_colab_ultra
7693,1,0.54031503,1,challenge_08_knn_cleaning_colab_ultra
7694,0,0.0,0,challenge_08_knn_cleaning_colab_ultra
7695,0,0.0,0,challenge_08_knn_cleaning_colab_ultra
7696,0,0.0,0,challenge_08_knn_cleaning_colab_ultra
7697,1,1.0,1,challenge_08_knn_cleaning_colab_ultra
7698,0,0.4705273,0,challenge_08_knn_cleaning_colab_ultra
7699,1,1.0,1,challenge_08_knn_cleaning_colab_ultra
7700,0,0.5042686,1,challenge_08_knn_cleaning_colab_ultra
7701,0,0.0,0,challenge_08_knn_cleaning_colab_ultra
7702,1,1.0,1,challenge_08_knn_cleaning_colab_ultra
7703,1,0.49350923,0,challenge_08_knn_cleaning_colab_ultra
7704,0,1.0,1,challenge_08_knn_cleaning_colab_ultra
7705,1,1.0,1,challenge_08_knn_cleaning_colab_ultra
7706,0,0.0,0,challenge_08_knn_cleaning_colab_ultra
7707,1,1.0,1,challenge_08_knn_cleaning_colab_ultra
7708,1,1.0,1,challenge_08_knn_cleaning_colab_ultra
7709,0,0.0,0,challenge_08_knn_cleaning_colab_ultra
7710,0,0.0,0,challenge_08_knn_cleaning_colab_ultra
7711,1,1.0,1,challenge_08_knn_cleaning_colab_ultra
7712,0,0.51231366,1,challenge_08_knn_cleaning_colab_ultra
7713,1,0.0,0,challenge_08_knn_cleaning_colab_ultra
7714,0,0.0,0,challenge_08_knn_cleaning_colab_ultra
7715,0,0.0,0,challenge_08_knn_cleaning_colab_ultra
7716,1,1.0,1,challenge_08_knn_cleaning_colab_ultra
7717,0,1.0,1,challenge_08_knn_cleaning_colab_ultra
7718,1,1.0,1,challenge_08_knn_cleaning_colab_ultra
7719,0,0.50861233,1,challenge_08_knn_cleaning_colab_ultra
7720,1,1.0,1,challenge_08_knn_cleaning_colab_ultra
7721,1,0.50098854,1,challenge_08_knn_cleaning_colab_ultra
7722,1,1.0,1,challenge_08_knn_cleaning_colab_ultra
7723,0,0.5034507,1,challenge_08_knn_cleaning_colab_ultra
7724,0,0.46337107,0,challenge_08_knn_cleaning_colab_ultra
7725,0,0.4783778,0,challenge_08_knn_cleaning_colab_ultra
7726,0,1.0,1,challenge_08_knn_cleaning_colab_ultra
7727,1,1.0,1,challenge_08_knn_cleaning_colab_ultra
7728,0,0.0,0,challenge_08_knn_cleaning_colab_ultra
7729,1,1.0,1,challenge_08_knn_cleaning_colab_ultra
7730,1,1.0,1,challenge_08_knn_cleaning_colab_ultra
7731,1,0.0,0,challenge_08_knn_cleaning_colab_ultra
7732,1,0.51859707,1,challenge_08_knn_cleaning_colab_ultra
7733,0,0.0,0,challenge_08_knn_cleaning_colab_ultra
7734,1,1.0,1,challenge_08_knn_cleaning_colab_ultra
7735,0,0.0,0,challenge_08_knn_cleaning_colab_ultra
7736,1,0.5208631,1,challenge_08_knn_cleaning_colab_ultra
7737,1,1.0,1,challenge_08_knn_cleaning_colab_ultra
7738,1,1.0,1,challenge_08_knn_cleaning_colab_ultra
7739,1,0.61124253,1,challenge_08_knn_cleaning_colab_ultra
7740,0,0.0,0,challenge_08_knn_cleaning_colab_ultra
7741,1,1.0,1,challenge_08_knn_cleaning_colab_ultra
7742,1,1.0,1,challenge_08_knn_cleaning_colab_ultra
7743,1,1.0,1,challenge_08_knn_cleaning_colab_ultra
7744,1,1.0,1,challenge_08_knn_cleaning_colab_ultra
7745,0,0.0,0,challenge_08_knn_cleaning_colab_ultra
7746,1,1.0,1,challenge_08_knn_cleaning_colab_ultra
7747,0,0.0,0,challenge_08_knn_cleaning_colab_ultra
7748,0,0.0,0,challenge_08_knn_cleaning_colab_ultra
7749,0,0.49323848,0,challenge_08_knn_cleaning_colab_ultra
7750,1,1.0,1,challenge_08_knn_cleaning_colab_ultra
7751,0,0.0,0,challenge_08_knn_cleaning_colab_ultra
7752,0,0.0,0,challenge_08_knn_cleaning_colab_ultra
7753,0,0.48224744,0,challenge_08_knn_cleaning_colab_ultra
7754,1,1.0,1,challenge_08_knn_cleaning_colab_ultra
7755,0,0.47815746,0,challenge_08_knn_cleaning_colab_ultra
7756,0,0.0,0,challenge_08_knn_cleaning_colab_ultra
7757,0,0.44201458,0,challenge_08_knn_cleaning_colab_ultra
7758,0,0.519797,1,challenge_08_knn_cleaning_colab_ultra
7759,0,0.0,0,challenge_08_knn_cleaning_colab_ultra
7760,0,0.0,0,challenge_08_knn_cleaning_colab_ultra
7761,1,1.0,1,challenge_08_knn_cleaning_colab_ultra
7762,0,1.0,1,challenge_08_knn_cleaning_colab_ultra
7763,1,1.0,1,challenge_08_knn_cleaning_colab_ultra
7764,0,1.0,1,challenge_08_knn_cleaning_colab_ultra
7765,0,0.49640885,0,challenge_08_knn_cleaning_colab_ultra
7766,1,1.0,1,challenge_08_knn_cleaning_colab_ultra
7767,0,1.0,1,challenge_08_knn_cleaning_colab_ultra
7768,1,1.0,1,challenge_08_knn_cleaning_colab_ultra
7769,0,0.0,0,challenge_08_knn_cleaning_colab_ultra
7770,1,1.0,1,challenge_08_knn_cleaning_colab_ultra
7771,1,1.0,1,challenge_08_knn_cleaning_colab_ultra
7772,0,1.0,1,challenge_08_knn_cleaning_colab_ultra
7773,0,0.0,0,challenge_08_knn_cleaning_colab_ultra
7774,1,0.5124084,1,challenge_08_knn_cleaning_colab_ultra
7775,1,1.0,1,challenge_08_knn_cleaning_colab_ultra
7776,0,0.0,0,challenge_08_knn_cleaning_colab_ultra
7777,1,1.0,1,challenge_08_knn_cleaning_colab_ultra
7778,0,0.39891165,0,challenge_08_knn_cleaning_colab_ultra
7779,1,1.0,1,challenge_08_knn_cleaning_colab_ultra
7780,1,1.0,1,challenge_08_knn_cleaning_colab_ultra
7781,1,1.0,1,challenge_08_knn_cleaning_colab_ultra
7782,0,0.0,0,challenge_08_knn_cleaning_colab_ultra
7783,0,0.0,0,challenge_08_knn_cleaning_colab_ultra
7784,0,0.0,0,challenge_08_knn_cleaning_colab_ultra
7785,0,0.4659621,0,challenge_08_knn_cleaning_colab_ultra
7786,0,0.44747382,0,challenge_08_knn_cleaning_colab_ultra
7787,0,0.0,0,challenge_08_knn_cleaning_colab_ultra
7788,0,0.0,0,challenge_08_knn_cleaning_colab_ultra
7789,0,0.0,0,challenge_08_knn_cleaning_colab_ultra
7790,1,0.50019467,1,challenge_08_knn_cleaning_colab_ultra
7791,1,1.0,1,challenge_08_knn_cleaning_colab_ultra
7792,1,1.0,1,challenge_08_knn_cleaning_colab_ultra
7793,0,1.0,1,challenge_08_knn_cleaning_colab_ultra
7794,0,0.0,0,challenge_08_knn_cleaning_colab_ultra
7795,1,1.0,1,challenge_08_knn_cleaning_colab_ultra
7796,1,1.0,1,challenge_08_knn_cleaning_colab_ultra
7797,1,0.50843465,1,challenge_08_knn_cleaning_colab_ultra
7798,1,1.0,1,challenge_08_knn_cleaning_colab_ultra
7799,1,1.0,1,challenge_08_knn_cleaning_colab_ultra
7800,1,1.0,1,challenge_08_knn_cleaning_colab_ultra
7801,1,1.0,1,challenge_08_knn_cleaning_colab_ultra
7802,0,1.0,1,challenge_08_knn_cleaning_colab_ultra
7803,0,0.0,0,challenge_08_knn_cleaning_colab_ultra
7804,0,1.0,1,challenge_08_knn_cleaning_colab_ultra
7805,1,0.5792342,1,challenge_08_knn_cleaning_colab_ultra
7806,1,1.0,1,challenge_08_knn_cleaning_colab_ultra
7807,0,1.0,1,challenge_08_knn_cleaning_colab_ultra
7808,1,1.0,1,challenge_08_knn_cleaning_colab_ultra
7809,1,0.4727712,0,challenge_08_knn_cleaning_colab_ultra
7810,0,0.4205011,0,challenge_08_knn_cleaning_colab_ultra
7811,0,0.52028406,1,challenge_08_knn_cleaning_colab_ultra
7812,1,1.0,1,challenge_08_knn_cleaning_colab_ultra
7813,0,1.0,1,challenge_08_knn_cleaning_colab_ultra
7814,0,0.0,0,challenge_08_knn_cleaning_colab_ultra
7815,0,0.0,0,challenge_08_knn_cleaning_colab_ultra
7816,1,0.0,0,challenge_08_knn_cleaning_colab_ultra
7817,0,0.0,0,challenge_08_knn_cleaning_colab_ultra
7818,0,0.0,0,challenge_08_knn_cleaning_colab_ultra
7819,1,0.5114178,1,challenge_08_knn_cleaning_colab_ultra
7820,1,1.0,1,challenge_08_knn_cleaning_colab_ultra
7821,1,0.5036605,1,challenge_08_knn_cleaning_colab_ultra
7822,1,1.0,1,challenge_08_knn_cleaning_colab_ultra
7823,1,1.0,1,challenge_08_knn_cleaning_colab_ultra
7824,1,0.50338364,1,challenge_08_knn_cleaning_colab_ultra
7825,1,1.0,1,challenge_08_knn_cleaning_colab_ultra
7826,1,0.0,0,challenge_08_knn_cleaning_colab_ultra
7827,0,0.49025047,0,challenge_08_knn_cleaning_colab_ultra
7828,1,0.5377433,1,challenge_08_knn_cleaning_colab_ultra
7829,0,0.0,0,challenge_08_knn_cleaning_colab_ultra
7830,1,0.5009825,1,challenge_08_knn_cleaning_colab_ultra
7831,1,0.60170245,1,challenge_08_knn_cleaning_colab_ultra
7832,1,1.0,1,challenge_08_knn_cleaning_colab_ultra
7833,1,1.0,1,challenge_08_knn_cleaning_colab_ultra
7834,0,0.0,0,challenge_08_knn_cleaning_colab_ultra
7835,0,0.49909064,0,challenge_08_knn_cleaning_colab_ultra
7836,1,1.0,1,challenge_08_knn_cleaning_colab_ultra
7837,0,0.4812991,0,challenge_08_knn_cleaning_colab_ultra
7838,1,1.0,1,challenge_08_knn_cleaning_colab_ultra
7839,0,0.47759712,0,challenge_08_knn_cleaning_colab_ultra
7840,1,0.0,0,challenge_08_knn_cleaning_colab_ultra
7841,0,0.47818598,0,challenge_08_knn_cleaning_colab_ultra
7842,0,0.0,0,challenge_08_knn_cleaning_colab_ultra
7843,1,1.0,1,challenge_08_knn_cleaning_colab_ultra
7844,1,1.0,1,challenge_08_knn_cleaning_colab_ultra
7845,0,0.0,0,challenge_08_knn_cleaning_colab_ultra
7846,0,0.49967822,0,challenge_08_knn_cleaning_colab_ultra
7847,1,0.48555896,0,challenge_08_knn_cleaning_colab_ultra
7848,0,1.0,1,challenge_08_knn_cleaning_colab_ultra
7849,1,0.50822085,1,challenge_08_knn_cleaning_colab_ultra
7850,1,1.0,1,challenge_08_knn_cleaning_colab_ultra
7851,1,1.0,1,challenge_08_knn_cleaning_colab_ultra
7852,1,1.0,1,challenge_08_knn_cleaning_colab_ultra
7853,0,0.0,0,challenge_08_knn_cleaning_colab_ultra
7854,1,1.0,1,challenge_08_knn_cleaning_colab_ultra
7855,1,1.0,1,challenge_08_knn_cleaning_colab_ultra
7856,1,1.0,1,challenge_08_knn_cleaning_colab_ultra
7857,1,1.0,1,challenge_08_knn_cleaning_colab_ultra
7858,0,0.48913446,0,challenge_08_knn_cleaning_colab_ultra
7859,0,0.4732459,0,challenge_08_knn_cleaning_colab_ultra
7860,1,1.0,1,challenge_08_knn_cleaning_colab_ultra
7861,1,1.0,1,challenge_08_knn_cleaning_colab_ultra
7862,1,0.50023574,1,challenge_08_knn_cleaning_colab_ultra
7863,0,1.0,1,challenge_08_knn_cleaning_colab_ultra
7864,1,0.5033818,1,challenge_08_knn_cleaning_colab_ultra
7865,1,0.5186147,1,challenge_08_knn_cleaning_colab_ultra
7866,1,0.49784353,0,challenge_08_knn_cleaning_colab_ultra
7867,1,1.0,1,challenge_08_knn_cleaning_colab_ultra
7868,0,1.0,1,challenge_08_knn_cleaning_colab_ultra
7869,1,1.0,1,challenge_08_knn_cleaning_colab_ultra
7870,0,0.5100267,1,challenge_08_knn_cleaning_colab_ultra
7871,1,1.0,1,challenge_08_knn_cleaning_colab_ultra
7872,1,1.0,1,challenge_08_knn_cleaning_colab_ultra
7873,0,0.49438888,0,challenge_08_knn_cleaning_colab_ultra
7874,1,1.0,1,challenge_08_knn_cleaning_colab_ultra
7875,1,1.0,1,challenge_08_knn_cleaning_colab_ultra
7876,0,0.0,0,challenge_08_knn_cleaning_colab_ultra
7877,0,0.0,0,challenge_08_knn_cleaning_colab_ultra
7878,0,0.45370543,0,challenge_08_knn_cleaning_colab_ultra
7879,1,0.0,0,challenge_08_knn_cleaning_colab_ultra
7880,1,1.0,1,challenge_08_knn_cleaning_colab_ultra
7881,0,0.43062103,0,challenge_08_knn_cleaning_colab_ultra
7882,1,0.5004398,1,challenge_08_knn_cleaning_colab_ultra
7883,1,1.0,1,challenge_08_knn_cleaning_colab_ultra
7884,1,1.0,1,challenge_08_knn_cleaning_colab_ultra
7885,0,1.0,1,challenge_08_knn_cleaning_colab_ultra
7886,0,0.0,0,challenge_08_knn_cleaning_colab_ultra
7887,1,0.5004714,1,challenge_08_knn_cleaning_colab_ultra
7888,0,0.0,0,challenge_08_knn_cleaning_colab_ultra
7889,1,1.0,1,challenge_08_knn_cleaning_colab_ultra
7890,0,1.0,1,challenge_08_knn_cleaning_colab_ultra
7891,0,0.0,0,challenge_08_knn_cleaning_colab_ultra
7892,0,0.0,0,challenge_08_knn_cleaning_colab_ultra
7893,0,0.0,0,challenge_08_knn_cleaning_colab_ultra
7894,1,0.5019176,1,challenge_08_knn_cleaning_colab_ultra
7895,1,1.0,1,challenge_08_knn_cleaning_colab_ultra
7896,0,0.49676114,0,challenge_08_knn_cleaning_colab_ultra
7897,1,1.0,1,challenge_08_knn_cleaning_colab_ultra
7898,1,1.0,1,challenge_08_knn_cleaning_colab_ultra
7899,1,1.0,1,challenge_08_knn_cleaning_colab_ultra
7900,1,0.0,0,challenge_08_knn_cleaning_colab_ultra
7901,1,1.0,1,challenge_08_knn_cleaning_colab_ultra
7902,1,1.0,1,challenge_08_knn_cleaning_colab_ultra
7903,1,1.0,1,challenge_08_knn_cleaning_colab_ultra
7904,1,1.0,1,challenge_08_knn_cleaning_colab_ultra
7905,0,0.0,0,challenge_08_knn_cleaning_colab_ultra
7906,0,0.0,0,challenge_08_knn_cleaning_colab_ultra
7907,0,0.4974182,0,challenge_08_knn_cleaning_colab_ultra
7908,1,0.50723755,1,challenge_08_knn_cleaning_colab_ultra
7909,1,1.0,1,challenge_08_knn_cleaning_colab_ultra
7910,1,1.0,1,challenge_08_knn_cleaning_colab_ultra
7911,1,1.0,1,challenge_08_knn_cleaning_colab_ultra
7912,1,0.520719,1,challenge_08_knn_cleaning_colab_ultra
7913,1,1.0,1,challenge_08_knn_cleaning_colab_ultra
7914,0,0.0,0,challenge_08_knn_cleaning_colab_ultra
7915,0,0.0,0,challenge_08_knn_cleaning_colab_ultra
7916,0,0.0,0,challenge_08_knn_cleaning_colab_ultra
7917,1,1.0,1,challenge_08_knn_cleaning_colab_ultra
7918,1,0.50594515,1,challenge_08_knn_cleaning_colab_ultra
7919,1,1.0,1,challenge_08_knn_cleaning_colab_ultra
7920,1,1.0,1,challenge_08_knn_cleaning_colab_ultra
7921,1,1.0,1,challenge_08_knn_cleaning_colab_ultra
7922,0,1.0,1,challenge_08_knn_cleaning_colab_ultra
7923,0,0.0,0,challenge_08_knn_cleaning_colab_ultra
7924,0,0.49879158,0,challenge_08_knn_cleaning_colab_ultra
7925,1,1.0,1,challenge_08_knn_cleaning_colab_ultra
7926,0,0.0,0,challenge_08_knn_cleaning_colab_ultra
7927,1,0.5340429,1,challenge_08_knn_cleaning_colab_ultra
7928,1,0.55978805,1,challenge_08_knn_cleaning_colab_ultra
7929,1,0.55220664,1,challenge_08_knn_cleaning_colab_ultra
7930,0,0.49721628,0,challenge_08_knn_cleaning_colab_ultra
7931,1,1.0,1,challenge_08_knn_cleaning_colab_ultra
7932,1,1.0,1,challenge_08_knn_cleaning_colab_ultra
7933,0,0.45891652,0,challenge_08_knn_cleaning_colab_ultra
7934,0,0.5010406,1,challenge_08_knn_cleaning_colab_ultra
7935,1,0.51181954,1,challenge_08_knn_cleaning_colab_ultra
7936,0,1.0,1,challenge_08_knn_cleaning_colab_ultra
7937,1,1.0,1,challenge_08_knn_cleaning_colab_ultra
7938,0,0.0,0,challenge_08_knn_cleaning_colab_ultra
7939,0,0.47429907,0,challenge_08_knn_cleaning_colab_ultra
7940,0,0.0,0,challenge_08_knn_cleaning_colab_ultra
7941,1,1.0,1,challenge_08_knn_cleaning_colab_ultra
7942,0,0.0,0,challenge_08_knn_cleaning_colab_ultra
7943,1,1.0,1,challenge_08_knn_cleaning_colab_ultra
7944,1,0.49963412,0,challenge_08_knn_cleaning_colab_ultra
7945,1,0.53727823,1,challenge_08_knn_cleaning_colab_ultra
7946,1,1.0,1,challenge_08_knn_cleaning_colab_ultra
7947,0,1.0,1,challenge_08_knn_cleaning_colab_ultra
7948,1,1.0,1,challenge_08_knn_cleaning_colab_ultra
7949,1,1.0,1,challenge_08_knn_cleaning_colab_ultra
7950,0,0.0,0,challenge_08_knn_cleaning_colab_ultra
7951,0,0.0,0,challenge_08_knn_cleaning_colab_ultra
7952,1,1.0,1,challenge_08_knn_cleaning_colab_ultra
7953,1,1.0,1,challenge_08_knn_cleaning_colab_ultra
7954,1,1.0,1,challenge_08_knn_cleaning_colab_ultra
7955,1,1.0,1,challenge_08_knn_cleaning_colab_ultra
7956,0,1.0,1,challenge_08_knn_cleaning_colab_ultra
7957,0,0.4823217,0,challenge_08_knn_cleaning_colab_ultra
7958,1,1.0,1,challenge_08_knn_cleaning_colab_ultra
7959,0,0.0,0,challenge_08_knn_cleaning_colab_ultra
7960,1,1.0,1,challenge_08_knn_cleaning_colab_ultra
7961,0,0.0,0,challenge_08_knn_cleaning_colab_ultra
7962,0,0.0,0,challenge_08_knn_cleaning_colab_ultra
7963,0,0.0,0,challenge_08_knn_cleaning_colab_ultra
7964,1,1.0,1,challenge_08_knn_cleaning_colab_ultra
7965,0,0.48096597,0,challenge_08_knn_cleaning_colab_ultra
7966,1,1.0,1,challenge_08_knn_cleaning_colab_ultra
7967,0,1.0,1,challenge_08_knn_cleaning_colab_ultra
7968,0,1.0,1,challenge_08_knn_cleaning_colab_ultra
7969,1,1.0,1,challenge_08_knn_cleaning_colab_ultra
7970,0,0.0,0,challenge_08_knn_cleaning_colab_ultra
7971,0,0.50265956,1,challenge_08_knn_cleaning_colab_ultra
7972,1,1.0,1,challenge_08_knn_cleaning_colab_ultra
7973,0,0.49415433,0,challenge_08_knn_cleaning_colab_ultra
7974,0,0.4955382,0,challenge_08_knn_cleaning_colab_ultra
7975,0,1.0,1,challenge_08_knn_cleaning_colab_ultra
7976,1,1.0,1,challenge_08_knn_cleaning_colab_ultra
7977,0,0.0,0,challenge_08_knn_cleaning_colab_ultra
7978,1,0.5007028,1,challenge_08_knn_cleaning_colab_ultra
7979,0,0.4832092,0,challenge_08_knn_cleaning_colab_ultra
7980,0,0.4965912,0,challenge_08_knn_cleaning_colab_ultra
7981,0,0.48970386,0,challenge_08_knn_cleaning_colab_ultra
7982,0,0.0,0,challenge_08_knn_cleaning_colab_ultra
7983,0,0.0,0,challenge_08_knn_cleaning_colab_ultra
7984,0,0.49502242,0,challenge_08_knn_cleaning_colab_ultra
7985,1,1.0,1,challenge_08_knn_cleaning_colab_ultra
7986,0,0.5181814,1,challenge_08_knn_cleaning_colab_ultra
7987,0,0.0,0,challenge_08_knn_cleaning_colab_ultra
7988,1,1.0,1,challenge_08_knn_cleaning_colab_ultra
7989,0,0.500269,1,challenge_08_knn_cleaning_colab_ultra
7990,1,0.46819866,0,challenge_08_knn_cleaning_colab_ultra
7991,1,1.0,1,challenge_08_knn_cleaning_colab_ultra
7992,1,0.0,0,challenge_08_knn_cleaning_colab_ultra
7993,0,0.0,0,challenge_08_knn_cleaning_colab_ultra
7994,0,0.0,0,challenge_08_knn_cleaning_colab_ultra
7995,0,0.49457893,0,challenge_08_knn_cleaning_colab_ultra
7996,1,1.0,1,challenge_08_knn_cleaning_colab_ultra
7997,1,0.4964822,0,challenge_08_knn_cleaning_colab_ultra
7998,1,1.0,1,challenge_08_knn_cleaning_colab_ultra
7999,0,0.0,0,challenge_08_knn_cleaning_colab_ultra
8000,1,1.0,1,challenge_08_knn_cleaning_colab_ultra
8001,0,0.0,0,challenge_08_knn_cleaning_colab_ultra
8002,1,1.0,1,challenge_08_knn_cleaning_colab_ultra
8003,0,1.0,1,challenge_08_knn_cleaning_colab_ultra
8004,0,0.0,0,challenge_08_knn_cleaning_colab_ultra
8005,0,0.50838304,1,challenge_08_knn_cleaning_colab_ultra
8006,0,0.0,0,challenge_08_knn_cleaning_colab_ultra
8007,1,1.0,1,challenge_08_knn_cleaning_colab_ultra
8008,1,1.0,1,challenge_08_knn_cleaning_colab_ultra
8009,0,0.47898108,0,challenge_08_knn_cleaning_colab_ultra
8010,0,0.0,0,challenge_08_knn_cleaning_colab_ultra
8011,0,0.50304025,1,challenge_08_knn_cleaning_colab_ultra
8012,0,0.45621014,0,challenge_08_knn_cleaning_colab_ultra
8013,1,0.49911895,0,challenge_08_knn_cleaning_colab_ultra
8014,1,0.48348176,0,challenge_08_knn_cleaning_colab_ultra
8015,1,0.50597334,1,challenge_08_knn_cleaning_colab_ultra
8016,1,1.0,1,challenge_08_knn_cleaning_colab_ultra
8017,1,1.0,1,challenge_08_knn_cleaning_colab_ultra
8018,1,1.0,1,challenge_08_knn_cleaning_colab_ultra
8019,0,0.0,0,challenge_08_knn_cleaning_colab_ultra
8020,0,0.0,0,challenge_08_knn_cleaning_colab_ultra
8021,0,0.0,0,challenge_08_knn_cleaning_colab_ultra
8022,1,1.0,1,challenge_08_knn_cleaning_colab_ultra
8023,0,0.0,0,challenge_08_knn_cleaning_colab_ultra
8024,0,1.0,1,challenge_08_knn_cleaning_colab_ultra
8025,0,0.0,0,challenge_08_knn_cleaning_colab_ultra
8026,0,0.4512127,0,challenge_08_knn_cleaning_colab_ultra
8027,0,0.50918657,1,challenge_08_knn_cleaning_colab_ultra
8028,0,0.0,0,challenge_08_knn_cleaning_colab_ultra
8029,1,1.0,1,challenge_08_knn_cleaning_colab_ultra
8030,0,0.48887452,0,challenge_08_knn_cleaning_colab_ultra
8031,1,0.49779487,0,challenge_08_knn_cleaning_colab_ultra
8032,0,0.0,0,challenge_08_knn_cleaning_colab_ultra
8033,1,0.49905726,0,challenge_08_knn_cleaning_colab_ultra
8034,1,1.0,1,challenge_08_knn_cleaning_colab_ultra
8035,0,0.0,0,challenge_08_knn_cleaning_colab_ultra
8036,0,0.0,0,challenge_08_knn_cleaning_colab_ultra
8037,0,0.0,0,challenge_08_knn_cleaning_colab_ultra
8038,0,1.0,1,challenge_08_knn_cleaning_colab_ultra
8039,0,0.0,0,challenge_08_knn_cleaning_colab_ultra
8040,1,1.0,1,challenge_08_knn_cleaning_colab_ultra
8041,1,0.49668533,0,challenge_08_knn_cleaning_colab_ultra
8042,1,0.49957564,0,challenge_08_knn_cleaning_colab_ultra
8043,1,0.54230547,1,challenge_08_knn_cleaning_colab_ultra
8044,1,0.518616,1,challenge_08_knn_cleaning_colab_ultra
8045,0,0.5107644,1,challenge_08_knn_cleaning_colab_ultra
8046,0,1.0,1,challenge_08_knn_cleaning_colab_ultra
8047,1,1.0,1,challenge_08_knn_cleaning_colab_ultra
8048,1,1.0,1,challenge_08_knn_cleaning_colab_ultra
8049,0,0.48027146,0,challenge_08_knn_cleaning_colab_ultra
8050,1,1.0,1,challenge_08_knn_cleaning_colab_ultra
8051,1,0.0,0,challenge_08_knn_cleaning_colab_ultra
8052,1,1.0,1,challenge_08_knn_cleaning_colab_ultra
8053,1,0.4944714,0,challenge_08_knn_cleaning_colab_ultra
8054,0,0.48749897,0,challenge_08_knn_cleaning_colab_ultra
8055,0,0.0,0,challenge_08_knn_cleaning_colab_ultra
8056,0,0.0,0,challenge_08_knn_cleaning_colab_ultra
8057,1,0.53558743,1,challenge_08_knn_cleaning_colab_ultra
8058,0,0.0,0,challenge_08_knn_cleaning_colab_ultra
8059,0,0.39958394,0,challenge_08_knn_cleaning_colab_ultra
8060,0,0.49292922,0,challenge_08_knn_cleaning_colab_ultra
8061,0,0.0,0,challenge_08_knn_cleaning_colab_ultra
8062,0,0.0,0,challenge_08_knn_cleaning_colab_ultra
8063,0,0.47665027,0,challenge_08_knn_cleaning_colab_ultra
8064,0,0.4908228,0,challenge_08_knn_cleaning_colab_ultra
8065,1,1.0,1,challenge_08_knn_cleaning_colab_ultra
8066,1,1.0,1,challenge_08_knn_cleaning_colab_ultra
8067,0,0.0,0,challenge_08_knn_cleaning_colab_ultra
8068,0,0.0,0,challenge_08_knn_cleaning_colab_ultra
8069,0,0.0,0,challenge_08_knn_cleaning_colab_ultra
8070,0,0.0,0,challenge_08_knn_cleaning_colab_ultra
8071,1,1.0,1,challenge_08_knn_cleaning_colab_ultra
8072,1,0.5023476,1,challenge_08_knn_cleaning_colab_ultra
8073,0,0.0,0,challenge_08_knn_cleaning_colab_ultra
8074,1,1.0,1,challenge_08_knn_cleaning_colab_ultra
8075,0,0.0,0,challenge_08_knn_cleaning_colab_ultra
8076,0,0.0,0,challenge_08_knn_cleaning_colab_ultra
8077,1,1.0,1,challenge_08_knn_cleaning_colab_ultra
8078,0,0.0,0,challenge_08_knn_cleaning_colab_ultra
8079,1,0.49822256,0,challenge_08_knn_cleaning_colab_ultra
8080,0,0.50014806,1,challenge_08_knn_cleaning_colab_ultra
8081,1,1.0,1,challenge_08_knn_cleaning_colab_ultra
8082,1,0.5155173,1,challenge_08_knn_cleaning_colab_ultra
8083,1,1.0,1,challenge_08_knn_cleaning_colab_ultra
8084,1,1.0,1,challenge_08_knn_cleaning_colab_ultra
8085,0,0.0,0,challenge_08_knn_cleaning_colab_ultra
8086,0,0.4751524,0,challenge_08_knn_cleaning_colab_ultra
8087,0,0.0,0,challenge_08_knn_cleaning_colab_ultra
8088,1,1.0,1,challenge_08_knn_cleaning_colab_ultra
8089,1,0.4991802,0,challenge_08_knn_cleaning_colab_ultra
8090,0,0.4926288,0,challenge_08_knn_cleaning_colab_ultra
8091,1,1.0,1,challenge_08_knn_cleaning_colab_ultra
8092,1,1.0,1,challenge_08_knn_cleaning_colab_ultra
8093,0,0.0,0,challenge_08_knn_cleaning_colab_ultra
8094,1,1.0,1,challenge_08_knn_cleaning_colab_ultra
8095,1,0.0,0,challenge_08_knn_cleaning_colab_ultra
8096,1,0.49759963,0,challenge_08_knn_cleaning_colab_ultra
8097,0,0.5071794,1,challenge_08_knn_cleaning_colab_ultra
8098,0,0.0,0,challenge_08_knn_cleaning_colab_ultra
8099,1,0.57236797,1,challenge_08_knn_cleaning_colab_ultra
8100,0,0.46787867,0,challenge_08_knn_cleaning_colab_ultra
8101,1,1.0,1,challenge_08_knn_cleaning_colab_ultra
8102,1,1.0,1,challenge_08_knn_cleaning_colab_ultra
8103,1,0.0,0,challenge_08_knn_cleaning_colab_ultra
8104,1,1.0,1,challenge_08_knn_cleaning_colab_ultra
8105,0,0.49226248,0,challenge_08_knn_cleaning_colab_ultra
8106,1,0.5168207,1,challenge_08_knn_cleaning_colab_ultra
8107,1,1.0,1,challenge_08_knn_cleaning_colab_ultra
8108,1,1.0,1,challenge_08_knn_cleaning_colab_ultra
8109,1,1.0,1,challenge_08_knn_cleaning_colab_ultra
8110,1,1.0,1,challenge_08_knn_cleaning_colab_ultra
8111,0,0.4801609,0,challenge_08_knn_cleaning_colab_ultra
8112,1,1.0,1,challenge_08_knn_cleaning_colab_ultra
8113,0,1.0,1,challenge_08_knn_cleaning_colab_ultra
8114,1,0.5413865,1,challenge_08_knn_cleaning_colab_ultra
8115,0,0.0,0,challenge_08_knn_cleaning_colab_ultra
8116,1,1.0,1,challenge_08_knn_cleaning_colab_ultra
8117,0,0.48922166,0,challenge_08_knn_cleaning_colab_ultra
8118,0,0.44526458,0,challenge_08_knn_cleaning_colab_ultra
8119,1,1.0,1,challenge_08_knn_cleaning_colab_ultra
8120,0,1.0,1,challenge_08_knn_cleaning_colab_ultra
8121,0,0.4556391,0,challenge_08_knn_cleaning_colab_ultra
8122,1,1.0,1,challenge_08_knn_cleaning_colab_ultra
8123,0,0.0,0,challenge_08_knn_cleaning_colab_ultra
8124,1,1.0,1,challenge_08_knn_cleaning_colab_ultra
8125,1,1.0,1,challenge_08_knn_cleaning_colab_ultra
8126,1,1.0,1,challenge_08_knn_cleaning_colab_ultra
8127,0,0.5005847,1,challenge_08_knn_cleaning_colab_ultra
8128,0,0.4392925,0,challenge_08_knn_cleaning_colab_ultra
8129,1,0.0,0,challenge_08_knn_cleaning_colab_ultra
8130,1,0.49083853,0,challenge_08_knn_cleaning_colab_ultra
8131,1,1.0,1,challenge_08_knn_cleaning_colab_ultra
8132,0,0.0,0,challenge_08_knn_cleaning_colab_ultra
8133,0,0.0,0,challenge_08_knn_cleaning_colab_ultra
8134,0,0.51109827,1,challenge_08_knn_cleaning_colab_ultra
8135,1,1.0,1,challenge_08_knn_cleaning_colab_ultra
8136,1,1.0,1,challenge_08_knn_cleaning_colab_ultra
8137,0,0.0,0,challenge_08_knn_cleaning_colab_ultra
8138,0,0.48195434,0,challenge_08_knn_cleaning_colab_ultra
8139,0,1.0,1,challenge_08_knn_cleaning_colab_ultra
8140,1,0.5424661,1,challenge_08_knn_cleaning_colab_ultra
8141,1,1.0,1,challenge_08_knn_cleaning_colab_ultra
8142,0,0.48914847,0,challenge_08_knn_cleaning_colab_ultra
8143,1,1.0,1,challenge_08_knn_cleaning_colab_ultra
8144,0,0.0,0,challenge_08_knn_cleaning_colab_ultra
8145,0,0.0,0,challenge_08_knn_cleaning_colab_ultra
8146,1,1.0,1,challenge_08_knn_cleaning_colab_ultra
8147,1,0.5002523,1,challenge_08_knn_cleaning_colab_ultra
8148,0,0.0,0,challenge_08_knn_cleaning_colab_ultra
8149,0,0.0,0,challenge_08_knn_cleaning_colab_ultra
8150,0,0.0,0,challenge_08_knn_cleaning_colab_ultra
8151,0,0.4122604,0,challenge_08_knn_cleaning_colab_ultra
8152,0,0.0,0,challenge_08_knn_cleaning_colab_ultra
8153,0,0.0,0,challenge_08_knn_cleaning_colab_ultra
8154,1,0.6380774,1,challenge_08_knn_cleaning_colab_ultra
8155,1,1.0,1,challenge_08_knn_cleaning_colab_ultra
8156,0,0.0,0,challenge_08_knn_cleaning_colab_ultra
8157,0,0.0,0,challenge_08_knn_cleaning_colab_ultra
8158,0,0.0,0,challenge_08_knn_cleaning_colab_ultra
8159,0,0.49957633,0,challenge_08_knn_cleaning_colab_ultra
8160,0,0.0,0,challenge_08_knn_cleaning_colab_ultra
8161,0,1.0,1,challenge_08_knn_cleaning_colab_ultra
8162,0,0.0,0,challenge_08_knn_cleaning_colab_ultra
8163,1,0.49600664,0,challenge_08_knn_cleaning_colab_ultra
8164,0,0.0,0,challenge_08_knn_cleaning_colab_ultra
8165,0,0.44956127,0,challenge_08_knn_cleaning_colab_ultra
8166,0,0.0,0,challenge_08_knn_cleaning_colab_ultra
8167,0,0.4805072,0,challenge_08_knn_cleaning_colab_ultra
8168,1,1.0,1,challenge_08_knn_cleaning_colab_ultra
8169,1,0.49878502,0,challenge_08_knn_cleaning_colab_ultra
8170,0,0.45502746,0,challenge_08_knn_cleaning_colab_ultra
8171,1,0.0,0,challenge_08_knn_cleaning_colab_ultra
8172,1,1.0,1,challenge_08_knn_cleaning_colab_ultra
8173,0,0.4997793,0,challenge_08_knn_cleaning_colab_ultra
8174,0,0.0,0,challenge_08_knn_cleaning_colab_ultra
8175,1,1.0,1,challenge_08_knn_cleaning_colab_ultra
8176,0,0.41461983,0,challenge_08_knn_cleaning_colab_ultra
8177,1,1.0,1,challenge_08_knn_cleaning_colab_ultra
8178,0,0.0,0,challenge_08_knn_cleaning_colab_ultra
8179,1,1.0,1,challenge_08_knn_cleaning_colab_ultra
8180,0,0.0,0,challenge_08_knn_cleaning_colab_ultra
8181,0,0.4744713,0,challenge_08_knn_cleaning_colab_ultra
8182,1,1.0,1,challenge_08_knn_cleaning_colab_ultra
8183,1,0.0,0,challenge_08_knn_cleaning_colab_ultra
8184,0,0.0,0,challenge_08_knn_cleaning_colab_ultra
8185,1,1.0,1,challenge_08_knn_cleaning_colab_ultra
8186,1,0.51415753,1,challenge_08_knn_cleaning_colab_ultra
8187,1,1.0,1,challenge_08_knn_cleaning_colab_ultra
8188,0,0.4738365,0,challenge_08_knn_cleaning_colab_ultra
8189,1,1.0,1,challenge_08_knn_cleaning_colab_ultra
8190,0,0.0,0,challenge_08_knn_cleaning_colab_ultra
8191,0,0.0,0,challenge_08_knn_cleaning_colab_ultra
8192,0,0.0,0,challenge_08_knn_cleaning_colab_ultra
8193,1,0.49864212,0,challenge_08_knn_cleaning_colab_ultra
8194,0,1.0,1,challenge_08_knn_cleaning_colab_ultra
8195,0,0.0,0,challenge_08_knn_cleaning_colab_ultra
8196,0,0.0,0,challenge_08_knn_cleaning_colab_ultra
8197,1,1.0,1,challenge_08_knn_cleaning_colab_ultra
8198,1,1.0,1,challenge_08_knn_cleaning_colab_ultra
8199,1,1.0,1,challenge_08_knn_cleaning_colab_ultra
8200,1,1.0,1,challenge_08_knn_cleaning_colab_ultra
8201,0,0.4826674,0,challenge_08_knn_cleaning_colab_ultra
8202,1,1.0,1,challenge_08_knn_cleaning_colab_ultra
8203,1,1.0,1,challenge_08_knn_cleaning_colab_ultra
8204,1,1.0,1,challenge_08_knn_cleaning_colab_ultra
8205,0,0.0,0,challenge_08_knn_cleaning_colab_ultra
8206,0,0.49359262,0,challenge_08_knn_cleaning_colab_ultra
8207,0,0.50918466,1,challenge_08_knn_cleaning_colab_ultra
8208,0,0.0,0,challenge_08_knn_cleaning_colab_ultra
8209,0,0.0,0,challenge_08_knn_cleaning_colab_ultra
8210,1,0.48644286,0,challenge_08_knn_cleaning_colab_ultra
8211,0,0.0,0,challenge_08_knn_cleaning_colab_ultra
8212,1,1.0,1,challenge_08_knn_cleaning_colab_ultra
8213,0,0.4844328,0,challenge_08_knn_cleaning_colab_ultra
8214,0,0.46960902,0,challenge_08_knn_cleaning_colab_ultra
8215,1,1.0,1,challenge_08_knn_cleaning_colab_ultra
8216,0,0.0,0,challenge_08_knn_cleaning_colab_ultra
8217,0,0.0,0,challenge_08_knn_cleaning_colab_ultra
8218,1,1.0,1,challenge_08_knn_cleaning_colab_ultra
8219,1,1.0,1,challenge_08_knn_cleaning_colab_ultra
8220,0,0.0,0,challenge_08_knn_cleaning_colab_ultra
8221,0,0.0,0,challenge_08_knn_cleaning_colab_ultra
8222,1,1.0,1,challenge_08_knn_cleaning_colab_ultra
8223,1,1.0,1,challenge_08_knn_cleaning_colab_ultra
8224,1,1.0,1,challenge_08_knn_cleaning_colab_ultra
8225,0,0.0,0,challenge_08_knn_cleaning_colab_ultra
8226,1,0.5102342,1,challenge_08_knn_cleaning_colab_ultra
8227,0,0.50163156,1,challenge_08_knn_cleaning_colab_ultra
8228,1,1.0,1,challenge_08_knn_cleaning_colab_ultra
8229,1,1.0,1,challenge_08_knn_cleaning_colab_ultra
8230,1,1.0,1,challenge_08_knn_cleaning_colab_ultra
8231,1,0.0,0,challenge_08_knn_cleaning_colab_ultra
8232,0,0.0,0,challenge_08_knn_cleaning_colab_ultra
8233,1,1.0,1,challenge_08_knn_cleaning_colab_ultra
8234,1,0.49381307,0,challenge_08_knn_cleaning_colab_ultra
8235,1,1.0,1,challenge_08_knn_cleaning_colab_ultra
8236,0,0.0,0,challenge_08_knn_cleaning_colab_ultra
8237,0,0.44226065,0,challenge_08_knn_cleaning_colab_ultra
8238,1,1.0,1,challenge_08_knn_cleaning_colab_ultra
8239,0,0.4780566,0,challenge_08_knn_cleaning_colab_ultra
8240,1,1.0,1,challenge_08_knn_cleaning_colab_ultra
8241,1,0.52003837,1,challenge_08_knn_cleaning_colab_ultra
8242,1,1.0,1,challenge_08_knn_cleaning_colab_ultra
8243,1,1.0,1,challenge_08_knn_cleaning_colab_ultra
8244,1,1.0,1,challenge_08_knn_cleaning_colab_ultra
8245,1,1.0,1,challenge_08_knn_cleaning_colab_ultra
8246,0,0.0,0,challenge_08_knn_cleaning_colab_ultra
8247,1,1.0,1,challenge_08_knn_cleaning_colab_ultra
8248,0,1.0,1,challenge_08_knn_cleaning_colab_ultra
8249,0,0.0,0,challenge_08_knn_cleaning_colab_ultra
8250,1,1.0,1,challenge_08_knn_cleaning_colab_ultra
8251,1,1.0,1,challenge_08_knn_cleaning_colab_ultra
8252,1,0.50941825,1,challenge_08_knn_cleaning_colab_ultra
8253,1,1.0,1,challenge_08_knn_cleaning_colab_ultra
8254,0,0.4823411,0,challenge_08_knn_cleaning_colab_ultra
8255,1,1.0,1,challenge_08_knn_cleaning_colab_ultra
8256,1,1.0,1,challenge_08_knn_cleaning_colab_ultra
8257,1,1.0,1,challenge_08_knn_cleaning_colab_ultra
8258,1,0.5132163,1,challenge_08_knn_cleaning_colab_ultra
8259,0,0.48932025,0,challenge_08_knn_cleaning_colab_ultra
8260,0,0.0,0,challenge_08_knn_cleaning_colab_ultra
8261,1,1.0,1,challenge_08_knn_cleaning_colab_ultra
8262,0,0.0,0,challenge_08_knn_cleaning_colab_ultra
8263,0,0.5008884,1,challenge_08_knn_cleaning_colab_ultra
8264,0,0.5177057,1,challenge_08_knn_cleaning_colab_ultra
8265,1,0.4983126,0,challenge_08_knn_cleaning_colab_ultra
8266,0,0.0,0,challenge_08_knn_cleaning_colab_ultra
8267,0,0.47439644,0,challenge_08_knn_cleaning_colab_ultra
8268,0,0.50247926,1,challenge_08_knn_cleaning_colab_ultra
8269,1,0.50456953,1,challenge_08_knn_cleaning_colab_ultra
8270,1,1.0,1,challenge_08_knn_cleaning_colab_ultra
8271,0,1.0,1,challenge_08_knn_cleaning_colab_ultra
8272,0,0.0,0,challenge_08_knn_cleaning_colab_ultra
8273,1,1.0,1,challenge_08_knn_cleaning_colab_ultra
8274,0,0.0,0,challenge_08_knn_cleaning_colab_ultra
8275,1,1.0,1,challenge_08_knn_cleaning_colab_ultra
8276,1,0.50113094,1,challenge_08_knn_cleaning_colab_ultra
8277,0,0.45223436,0,challenge_08_knn_cleaning_colab_ultra
8278,1,0.5050637,1,challenge_08_knn_cleaning_colab_ultra
8279,1,1.0,1,challenge_08_knn_cleaning_colab_ultra
8280,0,0.4692033,0,challenge_08_knn_cleaning_colab_ultra
8281,0,0.0,0,challenge_08_knn_cleaning_colab_ultra
8282,1,1.0,1,challenge_08_knn_cleaning_colab_ultra
8283,0,0.0,0,challenge_08_knn_cleaning_colab_ultra
8284,1,1.0,1,challenge_08_knn_cleaning_colab_ultra
8285,1,1.0,1,challenge_08_knn_cleaning_colab_ultra
8286,0,0.46177834,0,challenge_08_knn_cleaning_colab_ultra
8287,1,1.0,1,challenge_08_knn_cleaning_colab_ultra
8288,0,0.0,0,challenge_08_knn_cleaning_colab_ultra
8289,0,0.0,0,challenge_08_knn_cleaning_colab_ultra
8290,0,0.0,0,challenge_08_knn_cleaning_colab_ultra
8291,0,0.0,0,challenge_08_knn_cleaning_colab_ultra
8292,0,1.0,1,challenge_08_knn_cleaning_colab_ultra
8293,0,0.0,0,challenge_08_knn_cleaning_colab_ultra
8294,0,0.4965094,0,challenge_08_knn_cleaning_colab_ultra
8295,1,1.0,1,challenge_08_knn_cleaning_colab_ultra
8296,0,0.481367,0,challenge_08_knn_cleaning_colab_ultra
8297,1,1.0,1,challenge_08_knn_cleaning_colab_ultra
8298,1,1.0,1,challenge_08_knn_cleaning_colab_ultra
8299,0,0.0,0,challenge_08_knn_cleaning_colab_ultra
8300,1,1.0,1,challenge_08_knn_cleaning_colab_ultra
8301,1,1.0,1,challenge_08_knn_cleaning_colab_ultra
8302,0,0.0,0,challenge_08_knn_cleaning_colab_ultra
8303,1,1.0,1,challenge_08_knn_cleaning_colab_ultra
8304,0,0.5017402,1,challenge_08_knn_cleaning_colab_ultra
8305,1,1.0,1,challenge_08_knn_cleaning_colab_ultra
8306,0,0.48397997,0,challenge_08_knn_cleaning_colab_ultra
8307,1,1.0,1,challenge_08_knn_cleaning_colab_ultra
8308,0,0.0,0,challenge_08_knn_cleaning_colab_ultra
8309,1,1.0,1,challenge_08_knn_cleaning_colab_ultra
8310,0,0.49730265,0,challenge_08_knn_cleaning_colab_ultra
8311,0,1.0,1,challenge_08_knn_cleaning_colab_ultra
8312,1,1.0,1,challenge_08_knn_cleaning_colab_ultra
8313,1,1.0,1,challenge_08_knn_cleaning_colab_ultra
8314,1,1.0,1,challenge_08_knn_cleaning_colab_ultra
8315,0,0.49220002,0,challenge_08_knn_cleaning_colab_ultra
8316,0,1.0,1,challenge_08_knn_cleaning_colab_ultra
8317,1,0.5019702,1,challenge_08_knn_cleaning_colab_ultra
8318,1,0.0,0,challenge_08_knn_cleaning_colab_ultra
8319,1,1.0,1,challenge_08_knn_cleaning_colab_ultra
8320,1,1.0,1,challenge_08_knn_cleaning_colab_ultra
8321,0,0.0,0,challenge_08_knn_cleaning_colab_ultra
8322,0,0.0,0,challenge_08_knn_cleaning_colab_ultra
8323,0,0.0,0,challenge_08_knn_cleaning_colab_ultra
8324,1,0.0,0,challenge_08_knn_cleaning_colab_ultra
8325,1,0.5018543,1,challenge_08_knn_cleaning_colab_ultra
8326,0,0.0,0,challenge_08_knn_cleaning_colab_ultra
8327,0,0.0,0,challenge_08_knn_cleaning_colab_ultra
8328,1,0.5099817,1,challenge_08_knn_cleaning_colab_ultra
8329,0,0.0,0,challenge_08_knn_cleaning_colab_ultra
8330,0,0.0,0,challenge_08_knn_cleaning_colab_ultra
8331,0,1.0,1,challenge_08_knn_cleaning_colab_ultra
8332,0,0.0,0,challenge_08_knn_cleaning_colab_ultra
8333,0,0.0,0,challenge_08_knn_cleaning_colab_ultra
8334,0,1.0,1,challenge_08_knn_cleaning_colab_ultra
8335,0,0.0,0,challenge_08_knn_cleaning_colab_ultra
8336,0,0.0,0,challenge_08_knn_cleaning_colab_ultra
8337,1,0.4985581,0,challenge_08_knn_cleaning_colab_ultra
8338,0,0.4552283,0,challenge_08_knn_cleaning_colab_ultra
8339,1,0.4887777,0,challenge_08_knn_cleaning_colab_ultra
8340,1,1.0,1,challenge_08_knn_cleaning_colab_ultra
8341,0,0.5124818,1,challenge_08_knn_cleaning_colab_ultra
8342,0,0.0,0,challenge_08_knn_cleaning_colab_ultra
8343,0,0.0,0,challenge_08_knn_cleaning_colab_ultra
8344,1,1.0,1,challenge_08_knn_cleaning_colab_ultra
8345,1,1.0,1,challenge_08_knn_cleaning_colab_ultra
8346,0,0.5118941,1,challenge_08_knn_cleaning_colab_ultra
8347,0,0.0,0,challenge_08_knn_cleaning_colab_ultra
8348,0,1.0,1,challenge_08_knn_cleaning_colab_ultra
8349,1,1.0,1,challenge_08_knn_cleaning_colab_ultra
8350,0,0.47979477,0,challenge_08_knn_cleaning_colab_ultra
8351,1,1.0,1,challenge_08_knn_cleaning_colab_ultra
8352,0,0.50159574,1,challenge_08_knn_cleaning_colab_ultra
8353,1,1.0,1,challenge_08_knn_cleaning_colab_ultra
8354,1,1.0,1,challenge_08_knn_cleaning_colab_ultra
8355,1,0.49918097,0,challenge_08_knn_cleaning_colab_ultra
8356,0,0.48195723,0,challenge_08_knn_cleaning_colab_ultra
8357,1,1.0,1,challenge_08_knn_cleaning_colab_ultra
8358,0,0.48687917,0,challenge_08_knn_cleaning_colab_ultra
8359,1,0.5625664,1,challenge_08_knn_cleaning_colab_ultra
8360,1,1.0,1,challenge_08_knn_cleaning_colab_ultra
8361,0,0.0,0,challenge_08_knn_cleaning_colab_ultra
8362,1,0.4934753,0,challenge_08_knn_cleaning_colab_ultra
8363,1,1.0,1,challenge_08_knn_cleaning_colab_ultra
8364,1,0.49601665,0,challenge_08_knn_cleaning_colab_ultra
8365,1,0.51196176,1,challenge_08_knn_cleaning_colab_ultra
8366,0,0.0,0,challenge_08_knn_cleaning_colab_ultra
8367,1,1.0,1,challenge_08_knn_cleaning_colab_ultra
8368,0,0.50193334,1,challenge_08_knn_cleaning_colab_ultra
8369,1,1.0,1,challenge_08_knn_cleaning_colab_ultra
8370,1,0.0,0,challenge_08_knn_cleaning_colab_ultra
8371,1,1.0,1,challenge_08_knn_cleaning_colab_ultra
8372,0,0.48361036,0,challenge_08_knn_cleaning_colab_ultra
8373,1,0.505081,1,challenge_08_knn_cleaning_colab_ultra
8374,1,1.0,1,challenge_08_knn_cleaning_colab_ultra
8375,1,0.51063955,1,challenge_08_knn_cleaning_colab_ultra
8376,0,0.5068074,1,challenge_08_knn_cleaning_colab_ultra
8377,0,0.0,0,challenge_08_knn_cleaning_colab_ultra
8378,0,0.0,0,challenge_08_knn_cleaning_colab_ultra
8379,0,1.0,1,challenge_08_knn_cleaning_colab_ultra
8380,0,0.0,0,challenge_08_knn_cleaning_colab_ultra
8381,0,0.49983677,0,challenge_08_knn_cleaning_colab_ultra
8382,1,1.0,1,challenge_08_knn_cleaning_colab_ultra
8383,1,1.0,1,challenge_08_knn_cleaning_colab_ultra
8384,0,1.0,1,challenge_08_knn_cleaning_colab_ultra
8385,0,0.50786245,1,challenge_08_knn_cleaning_colab_ultra
8386,0,1.0,1,challenge_08_knn_cleaning_colab_ultra
8387,1,1.0,1,challenge_08_knn_cleaning_colab_ultra
8388,0,0.48092294,0,challenge_08_knn_cleaning_colab_ultra
8389,0,0.4862683,0,challenge_08_knn_cleaning_colab_ultra
8390,1,1.0,1,challenge_08_knn_cleaning_colab_ultra
8391,1,1.0,1,challenge_08_knn_cleaning_colab_ultra
8392,1,1.0,1,challenge_08_knn_cleaning_colab_ultra
8393,0,0.5131623,1,challenge_08_knn_cleaning_colab_ultra
8394,1,0.5014679,1,challenge_08_knn_cleaning_colab_ultra
8395,0,0.51116943,1,challenge_08_knn_cleaning_colab_ultra
8396,1,0.49643865,0,challenge_08_knn_cleaning_colab_ultra
8397,0,1.0,1,challenge_08_knn_cleaning_colab_ultra
8398,0,0.4830179,0,challenge_08_knn_cleaning_colab_ultra
8399,0,0.0,0,challenge_08_knn_cleaning_colab_ultra
8400,0,0.49521136,0,challenge_08_knn_cleaning_colab_ultra
8401,1,0.52455413,1,challenge_08_knn_cleaning_colab_ultra
8402,0,0.0,0,challenge_08_knn_cleaning_colab_ultra
8403,1,1.0,1,challenge_08_knn_cleaning_colab_ultra
8404,1,1.0,1,challenge_08_knn_cleaning_colab_ultra
8405,0,0.0,0,challenge_08_knn_cleaning_colab_ultra
8406,0,0.49757043,0,challenge_08_knn_cleaning_colab_ultra
8407,0,0.47779462,0,challenge_08_knn_cleaning_colab_ultra
8408,1,1.0,1,challenge_08_knn_cleaning_colab_ultra
8409,0,0.0,0,challenge_08_knn_cleaning_colab_ultra
8410,0,0.0,0,challenge_08_knn_cleaning_colab_ultra
8411,0,0.0,0,challenge_08_knn_cleaning_colab_ultra
8412,0,0.0,0,challenge_08_knn_cleaning_colab_ultra
8413,0,0.0,0,challenge_08_knn_cleaning_colab_ultra
8414,1,1.0,1,challenge_08_knn_cleaning_colab_ultra
8415,0,0.48498026,0,challenge_08_knn_cleaning_colab_ultra
8416,1,0.5128839,1,challenge_08_knn_cleaning_colab_ultra
8417,0,0.0,0,challenge_08_knn_cleaning_colab_ultra
8418,1,0.5110939,1,challenge_08_knn_cleaning_colab_ultra
8419,0,0.0,0,challenge_08_knn_cleaning_colab_ultra
8420,0,0.0,0,challenge_08_knn_cleaning_colab_ultra
8421,1,1.0,1,challenge_08_knn_cleaning_colab_ultra
8422,0,1.0,1,challenge_08_knn_cleaning_colab_ultra
8423,0,0.483422,0,challenge_08_knn_cleaning_colab_ultra
8424,1,0.5032761,1,challenge_08_knn_cleaning_colab_ultra
8425,0,0.0,0,challenge_08_knn_cleaning_colab_ultra
8426,0,0.48364294,0,challenge_08_knn_cleaning_colab_ultra
8427,1,1.0,1,challenge_08_knn_cleaning_colab_ultra
8428,0,0.43483412,0,challenge_08_knn_cleaning_colab_ultra
8429,1,1.0,1,challenge_08_knn_cleaning_colab_ultra
8430,1,1.0,1,challenge_08_knn_cleaning_colab_ultra
8431,0,0.4783748,0,challenge_08_knn_cleaning_colab_ultra
8432,0,0.0,0,challenge_08_knn_cleaning_colab_ultra
8433,0,0.0,0,challenge_08_knn_cleaning_colab_ultra
8434,1,0.4915773,0,challenge_08_knn_cleaning_colab_ultra
8435,1,1.0,1,challenge_08_knn_cleaning_colab_ultra
8436,1,1.0,1,challenge_08_knn_cleaning_colab_ultra
8437,0,0.49375144,0,challenge_08_knn_cleaning_colab_ultra
8438,0,0.4998823,0,challenge_08_knn_cleaning_colab_ultra
8439,0,0.0,0,challenge_08_knn_cleaning_colab_ultra
8440,0,1.0,1,challenge_08_knn_cleaning_colab_ultra
8441,0,0.0,0,challenge_08_knn_cleaning_colab_ultra
8442,0,0.4677361,0,challenge_08_knn_cleaning_colab_ultra
8443,1,1.0,1,challenge_08_knn_cleaning_colab_ultra
8444,0,0.49006844,0,challenge_08_knn_cleaning_colab_ultra
8445,0,0.5241927,1,challenge_08_knn_cleaning_colab_ultra
8446,1,1.0,1,challenge_08_knn_cleaning_colab_ultra
8447,1,1.0,1,challenge_08_knn_cleaning_colab_ultra
8448,0,0.0,0,challenge_08_knn_cleaning_colab_ultra
8449,1,1.0,1,challenge_08_knn_cleaning_colab_ultra
8450,1,1.0,1,challenge_08_knn_cleaning_colab_ultra
8451,0,0.0,0,challenge_08_knn_cleaning_colab_ultra
8452,1,1.0,1,challenge_08_knn_cleaning_colab_ultra
8453,0,0.0,0,challenge_08_knn_cleaning_colab_ultra
8454,0,1.0,1,challenge_08_knn_cleaning_colab_ultra
8455,0,1.0,1,challenge_08_knn_cleaning_colab_ultra
8456,1,1.0,1,challenge_08_knn_cleaning_colab_ultra
8457,1,0.0,0,challenge_08_knn_cleaning_colab_ultra
8458,0,0.5164091,1,challenge_08_knn_cleaning_colab_ultra
8459,0,0.0,0,challenge_08_knn_cleaning_colab_ultra
8460,1,1.0,1,challenge_08_knn_cleaning_colab_ultra
8461,0,0.0,0,challenge_08_knn_cleaning_colab_ultra
8462,0,0.0,0,challenge_08_knn_cleaning_colab_ultra
8463,0,0.0,0,challenge_08_knn_cleaning_colab_ultra
8464,1,0.53141886,1,challenge_08_knn_cleaning_colab_ultra
8465,0,0.0,0,challenge_08_knn_cleaning_colab_ultra
8466,1,0.49886012,0,challenge_08_knn_cleaning_colab_ultra
8467,1,1.0,1,challenge_08_knn_cleaning_colab_ultra
8468,0,0.0,0,challenge_08_knn_cleaning_colab_ultra
8469,0,0.4964029,0,challenge_08_knn_cleaning_colab_ultra
8470,0,0.0,0,challenge_08_knn_cleaning_colab_ultra
8471,1,0.0,0,challenge_08_knn_cleaning_colab_ultra
8472,0,0.50391084,1,challenge_08_knn_cleaning_colab_ultra
8473,0,0.0,0,challenge_08_knn_cleaning_colab_ultra
8474,1,0.4898722,0,challenge_08_knn_cleaning_colab_ultra
8475,1,1.0,1,challenge_08_knn_cleaning_colab_ultra
8476,0,0.0,0,challenge_08_knn_cleaning_colab_ultra
8477,0,0.45766434,0,challenge_08_knn_cleaning_colab_ultra
8478,0,0.0,0,challenge_08_knn_cleaning_colab_ultra
8479,1,0.4996191,0,challenge_08_knn_cleaning_colab_ultra
8480,1,1.0,1,challenge_08_knn_cleaning_colab_ultra
8481,1,1.0,1,challenge_08_knn_cleaning_colab_ultra
8482,1,0.49825665,0,challenge_08_knn_cleaning_colab_ultra
8483,0,1.0,1,challenge_08_knn_cleaning_colab_ultra
8484,0,0.0,0,challenge_08_knn_cleaning_colab_ultra
8485,0,0.0,0,challenge_08_knn_cleaning_colab_ultra
8486,0,1.0,1,challenge_08_knn_cleaning_colab_ultra
8487,0,0.0,0,challenge_08_knn_cleaning_colab_ultra
8488,0,0.49461818,0,challenge_08_knn_cleaning_colab_ultra
8489,1,1.0,1,challenge_08_knn_cleaning_colab_ultra
8490,1,1.0,1,challenge_08_knn_cleaning_colab_ultra
8491,1,1.0,1,challenge_08_knn_cleaning_colab_ultra
8492,0,1.0,1,challenge_08_knn_cleaning_colab_ultra
8493,1,1.0,1,challenge_08_knn_cleaning_colab_ultra
8494,1,1.0,1,challenge_08_knn_cleaning_colab_ultra
8495,1,1.0,1,challenge_08_knn_cleaning_colab_ultra
8496,1,1.0,1,challenge_08_knn_cleaning_colab_ultra
8497,1,1.0,1,challenge_08_knn_cleaning_colab_ultra
8498,0,1.0,1,challenge_08_knn_cleaning_colab_ultra
8499,0,0.48871964,0,challenge_08_knn_cleaning_colab_ultra
8500,1,1.0,1,challenge_08_knn_cleaning_colab_ultra
8501,0,0.0,0,challenge_08_knn_cleaning_colab_ultra
8502,0,0.0,0,challenge_08_knn_cleaning_colab_ultra
8503,1,1.0,1,challenge_08_knn_cleaning_colab_ultra
8504,1,0.6390525,1,challenge_08_knn_cleaning_colab_ultra
8505,0,0.49452904,0,challenge_08_knn_cleaning_colab_ultra
8506,1,1.0,1,challenge_08_knn_cleaning_colab_ultra
8507,1,1.0,1,challenge_08_knn_cleaning_colab_ultra
8508,1,1.0,1,challenge_08_knn_cleaning_colab_ultra
8509,1,1.0,1,challenge_08_knn_cleaning_colab_ultra
8510,1,0.50059235,1,challenge_08_knn_cleaning_colab_ultra
8511,1,1.0,1,challenge_08_knn_cleaning_colab_ultra
8512,0,0.46536478,0,challenge_08_knn_cleaning_colab_ultra
8513,0,1.0,1,challenge_08_knn_cleaning_colab_ultra
8514,0,0.0,0,challenge_08_knn_cleaning_colab_ultra
8515,1,0.0,0,challenge_08_knn_cleaning_colab_ultra
8516,1,0.49792966,0,challenge_08_knn_cleaning_colab_ultra
8517,0,0.0,0,challenge_08_knn_cleaning_colab_ultra
8518,1,1.0,1,challenge_08_knn_cleaning_colab_ultra
8519,0,0.0,0,challenge_08_knn_cleaning_colab_ultra
8520,1,1.0,1,challenge_08_knn_cleaning_colab_ultra
8521,1,1.0,1,challenge_08_knn_cleaning_colab_ultra
8522,0,0.5124326,1,challenge_08_knn_cleaning_colab_ultra
8523,0,0.46965215,0,challenge_08_knn_cleaning_colab_ultra
8524,1,0.48349932,0,challenge_08_knn_cleaning_colab_ultra
8525,1,0.5031665,1,challenge_08_knn_cleaning_colab_ultra
8526,1,0.0,0,challenge_08_knn_cleaning_colab_ultra
8527,1,1.0,1,challenge_08_knn_cleaning_colab_ultra
8528,1,1.0,1,challenge_08_knn_cleaning_colab_ultra
8529,0,0.0,0,challenge_08_knn_cleaning_colab_ultra
8530,0,1.0,1,challenge_08_knn_cleaning_colab_ultra
8531,1,0.5231182,1,challenge_08_knn_cleaning_colab_ultra
8532,1,1.0,1,challenge_08_knn_cleaning_colab_ultra
8533,1,1.0,1,challenge_08_knn_cleaning_colab_ultra
8534,0,0.0,0,challenge_08_knn_cleaning_colab_ultra
8535,0,0.0,0,challenge_08_knn_cleaning_colab_ultra
8536,1,0.5038239,1,challenge_08_knn_cleaning_colab_ultra
8537,1,1.0,1,challenge_08_knn_cleaning_colab_ultra
8538,1,0.0,0,challenge_08_knn_cleaning_colab_ultra
8539,1,1.0,1,challenge_08_knn_cleaning_colab_ultra
8540,1,1.0,1,challenge_08_knn_cleaning_colab_ultra
8541,1,1.0,1,challenge_08_knn_cleaning_colab_ultra
8542,0,0.0,0,challenge_08_knn_cleaning_colab_ultra
8543,0,0.0,0,challenge_08_knn_cleaning_colab_ultra
8544,1,1.0,1,challenge_08_knn_cleaning_colab_ultra
8545,1,1.0,1,challenge_08_knn_cleaning_colab_ultra
8546,0,0.4987283,0,challenge_08_knn_cleaning_colab_ultra
8547,0,0.5014232,1,challenge_08_knn_cleaning_colab_ultra
8548,1,1.0,1,challenge_08_knn_cleaning_colab_ultra
8549,0,1.0,1,challenge_08_knn_cleaning_colab_ultra
8550,1,0.4921275,0,challenge_08_knn_cleaning_colab_ultra
8551,0,0.5158697,1,challenge_08_knn_cleaning_colab_ultra
8552,1,1.0,1,challenge_08_knn_cleaning_colab_ultra
8553,1,1.0,1,challenge_08_knn_cleaning_colab_ultra
8554,1,1.0,1,challenge_08_knn_cleaning_colab_ultra
8555,0,0.0,0,challenge_08_knn_cleaning_colab_ultra
8556,0,0.0,0,challenge_08_knn_cleaning_colab_ultra
8557,0,0.50265485,1,challenge_08_knn_cleaning_colab_ultra
8558,0,0.50973654,1,challenge_08_knn_cleaning_colab_ultra
8559,0,0.46722695,0,challenge_08_knn_cleaning_colab_ultra
8560,0,0.49643812,0,challenge_08_knn_cleaning_colab_ultra
8561,0,0.0,0,challenge_08_knn_cleaning_colab_ultra
8562,1,1.0,1,challenge_08_knn_cleaning_colab_ultra
8563,0,0.0,0,challenge_08_knn_cleaning_colab_ultra
8564,1,1.0,1,challenge_08_knn_cleaning_colab_ultra
8565,0,0.0,0,challenge_08_knn_cleaning_colab_ultra
8566,0,0.49808627,0,challenge_08_knn_cleaning_colab_ultra
8567,1,0.51664346,1,challenge_08_knn_cleaning_colab_ultra
8568,0,0.0,0,challenge_08_knn_cleaning_colab_ultra
8569,1,0.0,0,challenge_08_knn_cleaning_colab_ultra
8570,0,1.0,1,challenge_08_knn_cleaning_colab_ultra
8571,1,1.0,1,challenge_08_knn_cleaning_colab_ultra
8572,0,0.0,0,challenge_08_knn_cleaning_colab_ultra
8573,1,1.0,1,challenge_08_knn_cleaning_colab_ultra
8574,1,0.5267592,1,challenge_08_knn_cleaning_colab_ultra
8575,1,1.0,1,challenge_08_knn_cleaning_colab_ultra
8576,0,0.0,0,challenge_08_knn_cleaning_colab_ultra
8577,1,1.0,1,challenge_08_knn_cleaning_colab_ultra
8578,0,0.48767796,0,challenge_08_knn_cleaning_colab_ultra
8579,0,0.0,0,challenge_08_knn_cleaning_colab_ultra
8580,1,1.0,1,challenge_08_knn_cleaning_colab_ultra
8581,1,0.5031981,1,challenge_08_knn_cleaning_colab_ultra
8582,1,1.0,1,challenge_08_knn_cleaning_colab_ultra
8583,0,1.0,1,challenge_08_knn_cleaning_colab_ultra
8584,1,1.0,1,challenge_08_knn_cleaning_colab_ultra
8585,1,0.53488463,1,challenge_08_knn_cleaning_colab_ultra
8586,0,0.0,0,challenge_08_knn_cleaning_colab_ultra
8587,1,1.0,1,challenge_08_knn_cleaning_colab_ultra
8588,1,1.0,1,challenge_08_knn_cleaning_colab_ultra
8589,0,0.0,0,challenge_08_knn_cleaning_colab_ultra
8590,1,1.0,1,challenge_08_knn_cleaning_colab_ultra
8591,0,0.40737513,0,challenge_08_knn_cleaning_colab_ultra
8592,1,1.0,1,challenge_08_knn_cleaning_colab_ultra
8593,0,0.46716374,0,challenge_08_knn_cleaning_colab_ultra
8594,0,0.0,0,challenge_08_knn_cleaning_colab_ultra
8595,0,0.0,0,challenge_08_knn_cleaning_colab_ultra
8596,0,0.48853382,0,challenge_08_knn_cleaning_colab_ultra
8597,0,0.0,0,challenge_08_knn_cleaning_colab_ultra
8598,1,0.48666078,0,challenge_08_knn_cleaning_colab_ultra
8599,0,0.49969128,0,challenge_08_knn_cleaning_colab_ultra
8600,1,1.0,1,challenge_08_knn_cleaning_colab_ultra
8601,1,0.0,0,challenge_08_knn_cleaning_colab_ultra
8602,1,0.50840175,1,challenge_08_knn_cleaning_colab_ultra
8603,0,0.0,0,challenge_08_knn_cleaning_colab_ultra
8604,0,0.0,0,challenge_08_knn_cleaning_colab_ultra
8605,1,1.0,1,challenge_08_knn_cleaning_colab_ultra
8606,1,1.0,1,challenge_08_knn_cleaning_colab_ultra
8607,1,0.0,0,challenge_08_knn_cleaning_colab_ultra
8608,1,1.0,1,challenge_08_knn_cleaning_colab_ultra
8609,1,0.506267,1,challenge_08_knn_cleaning_colab_ultra
8610,1,0.5216588,1,challenge_08_knn_cleaning_colab_ultra
8611,1,1.0,1,challenge_08_knn_cleaning_colab_ultra
8612,1,1.0,1,challenge_08_knn_cleaning_colab_ultra
8613,0,0.0,0,challenge_08_knn_cleaning_colab_ultra
8614,0,0.0,0,challenge_08_knn_cleaning_colab_ultra
8615,0,1.0,1,challenge_08_knn_cleaning_colab_ultra
8616,1,0.5154316,1,challenge_08_knn_cleaning_colab_ultra
8617,0,0.493612,0,challenge_08_knn_cleaning_colab_ultra
8618,0,0.49913472,0,challenge_08_knn_cleaning_colab_ultra
8619,0,0.495328,0,challenge_08_knn_cleaning_colab_ultra
8620,1,0.49081555,0,challenge_08_knn_cleaning_colab_ultra
8621,1,1.0,1,challenge_08_knn_cleaning_colab_ultra
8622,0,0.50704634,1,challenge_08_knn_cleaning_colab_ultra
8623,1,0.0,0,challenge_08_knn_cleaning_colab_ultra
8624,0,0.0,0,challenge_08_knn_cleaning_colab_ultra
8625,0,0.50191087,1,challenge_08_knn_cleaning_colab_ultra
8626,0,0.0,0,challenge_08_knn_cleaning_colab_ultra
8627,0,1.0,1,challenge_08_knn_cleaning_colab_ultra
8628,0,0.0,0,challenge_08_knn_cleaning_colab_ultra
8629,0,0.0,0,challenge_08_knn_cleaning_colab_ultra
8630,1,1.0,1,challenge_08_knn_cleaning_colab_ultra
8631,1,1.0,1,challenge_08_knn_cleaning_colab_ultra
8632,0,0.0,0,challenge_08_knn_cleaning_colab_ultra
8633,1,0.0,0,challenge_08_knn_cleaning_colab_ultra
8634,0,0.0,0,challenge_08_knn_cleaning_colab_ultra
8635,0,0.49764386,0,challenge_08_knn_cleaning_colab_ultra
8636,1,1.0,1,challenge_08_knn_cleaning_colab_ultra
8637,1,1.0,1,challenge_08_knn_cleaning_colab_ultra
8638,0,0.46644866,0,challenge_08_knn_cleaning_colab_ultra
8639,0,0.0,0,challenge_08_knn_cleaning_colab_ultra
8640,1,0.500199,1,challenge_08_knn_cleaning_colab_ultra
8641,1,1.0,1,challenge_08_knn_cleaning_colab_ultra
8642,0,0.51215637,1,challenge_08_knn_cleaning_colab_ultra
8643,0,0.0,0,challenge_08_knn_cleaning_colab_ultra
8644,1,0.5001264,1,challenge_08_knn_cleaning_colab_ultra
8645,1,0.0,0,challenge_08_knn_cleaning_colab_ultra
8646,1,1.0,1,challenge_08_knn_cleaning_colab_ultra
8647,1,1.0,1,challenge_08_knn_cleaning_colab_ultra
8648,1,0.5071324,1,challenge_08_knn_cleaning_colab_ultra
8649,1,1.0,1,challenge_08_knn_cleaning_colab_ultra
8650,1,1.0,1,challenge_08_knn_cleaning_colab_ultra
8651,0,1.0,1,challenge_08_knn_cleaning_colab_ultra
8652,1,1.0,1,challenge_08_knn_cleaning_colab_ultra
8653,0,0.0,0,challenge_08_knn_cleaning_colab_ultra
8654,1,1.0,1,challenge_08_knn_cleaning_colab_ultra
8655,0,0.4562297,0,challenge_08_knn_cleaning_colab_ultra
8656,0,0.0,0,challenge_08_knn_cleaning_colab_ultra
8657,0,1.0,1,challenge_08_knn_cleaning_colab_ultra
8658,0,1.0,1,challenge_08_knn_cleaning_colab_ultra
8659,1,1.0,1,challenge_08_knn_cleaning_colab_ultra
8660,0,0.5024006,1,challenge_08_knn_cleaning_colab_ultra
8661,1,1.0,1,challenge_08_knn_cleaning_colab_ultra
8662,1,0.49948743,0,challenge_08_knn_cleaning_colab_ultra
8663,1,0.50081295,1,challenge_08_knn_cleaning_colab_ultra
8664,1,1.0,1,challenge_08_knn_cleaning_colab_ultra
8665,0,0.4889226,0,challenge_08_knn_cleaning_colab_ultra
8666,0,0.0,0,challenge_08_knn_cleaning_colab_ultra
8667,0,0.0,0,challenge_08_knn_cleaning_colab_ultra
8668,0,0.0,0,challenge_08_knn_cleaning_colab_ultra
8669,0,1.0,1,challenge_08_knn_cleaning_colab_ultra
8670,0,0.4720844,0,challenge_08_knn_cleaning_colab_ultra
8671,1,0.4925986,0,challenge_08_knn_cleaning_colab_ultra
8672,0,0.45193556,0,challenge_08_knn_cleaning_colab_ultra
8673,1,1.0,1,challenge_08_knn_cleaning_colab_ultra
8674,0,0.4745331,0,challenge_08_knn_cleaning_colab_ultra
8675,0,0.5212095,1,challenge_08_knn_cleaning_colab_ultra
8676,0,0.0,0,challenge_08_knn_cleaning_colab_ultra
8677,0,0.44708467,0,challenge_08_knn_cleaning_colab_ultra
8678,1,1.0,1,challenge_08_knn_cleaning_colab_ultra
8679,1,0.49957436,0,challenge_08_knn_cleaning_colab_ultra
8680,0,1.0,1,challenge_08_knn_cleaning_colab_ultra
8681,1,1.0,1,challenge_08_knn_cleaning_colab_ultra
8682,1,0.51186323,1,challenge_08_knn_cleaning_colab_ultra
8683,0,0.0,0,challenge_08_knn_cleaning_colab_ultra
8684,0,0.0,0,challenge_08_knn_cleaning_colab_ultra
8685,1,1.0,1,challenge_08_knn_cleaning_colab_ultra
8686,1,1.0,1,challenge_08_knn_cleaning_colab_ultra
8687,1,1.0,1,challenge_08_knn_cleaning_colab_ultra
8688,1,1.0,1,challenge_08_knn_cleaning_colab_ultra
8689,0,0.0,0,challenge_08_knn_cleaning_colab_ultra
8690,1,1.0,1,challenge_08_knn_cleaning_colab_ultra
8691,1,1.0,1,challenge_08_knn_cleaning_colab_ultra
8692,0,0.45975962,0,challenge_08_knn_cleaning_colab_ultra
8693,1,1.0,1,challenge_08_knn_cleaning_colab_ultra
8694,1,1.0,1,challenge_08_knn_cleaning_colab_ultra
8695,1,1.0,1,challenge_08_knn_cleaning_colab_ultra
8696,0,1.0,1,challenge_08_knn_cleaning_colab_ultra
8697,0,0.5036854,1,challenge_08_knn_cleaning_colab_ultra
8698,0,0.49845305,0,challenge_08_knn_cleaning_colab_ultra
8699,1,1.0,1,challenge_08_knn_cleaning_colab_ultra
8700,0,0.48114482,0,challenge_08_knn_cleaning_colab_ultra
8701,0,0.0,0,challenge_08_knn_cleaning_colab_ultra
8702,1,0.5084766,1,challenge_08_knn_cleaning_colab_ultra
8703,1,0.0,0,challenge_08_knn_cleaning_colab_ultra
8704,1,1.0,1,challenge_08_knn_cleaning_colab_ultra
8705,1,1.0,1,challenge_08_knn_cleaning_colab_ultra
8706,0,0.43092513,0,challenge_08_knn_cleaning_colab_ultra
8707,1,1.0,1,challenge_08_knn_cleaning_colab_ultra
8708,0,1.0,1,challenge_08_knn_cleaning_colab_ultra
8709,0,0.53058904,1,challenge_08_knn_cleaning_colab_ultra
8710,1,1.0,1,challenge_08_knn_cleaning_colab_ultra
8711,0,0.0,0,challenge_08_knn_cleaning_colab_ultra
8712,1,0.49972618,0,challenge_08_knn_cleaning_colab_ultra
8713,1,1.0,1,challenge_08_knn_cleaning_colab_ultra
8714,1,0.49677256,0,challenge_08_knn_cleaning_colab_ultra
8715,1,1.0,1,challenge_08_knn_cleaning_colab_ultra
8716,0,0.50062066,1,challenge_08_knn_cleaning_colab_ultra
8717,1,1.0,1,challenge_08_knn_cleaning_colab_ultra
8718,1,1.0,1,challenge_08_knn_cleaning_colab_ultra
8719,0,0.0,0,challenge_08_knn_cleaning_colab_ultra
8720,0,0.0,0,challenge_08_knn_cleaning_colab_ultra
8721,0,0.0,0,challenge_08_knn_cleaning_colab_ultra
8722,0,0.0,0,challenge_08_knn_cleaning_colab_ultra
8723,1,1.0,1,challenge_08_knn_cleaning_colab_ultra
8724,1,0.4967809,0,challenge_08_knn_cleaning_colab_ultra
8725,0,0.0,0,challenge_08_knn_cleaning_colab_ultra
8726,0,0.0,0,challenge_08_knn_cleaning_colab_ultra
8727,1,0.5044596,1,challenge_08_knn_cleaning_colab_ultra
8728,0,0.49403512,0,challenge_08_knn_cleaning_colab_ultra
8729,0,0.0,0,challenge_08_knn_cleaning_colab_ultra
8730,1,1.0,1,challenge_08_knn_cleaning_colab_ultra
8731,0,0.0,0,challenge_08_knn_cleaning_colab_ultra
8732,0,0.0,0,challenge_08_knn_cleaning_colab_ultra
8733,1,1.0,1,challenge_08_knn_cleaning_colab_ultra
8734,0,0.48432255,0,challenge_08_knn_cleaning_colab_ultra
8735,0,0.47643742,0,challenge_08_knn_cleaning_colab_ultra
8736,1,0.50451964,1,challenge_08_knn_cleaning_colab_ultra
8737,1,1.0,1,challenge_08_knn_cleaning_colab_ultra
8738,0,0.0,0,challenge_08_knn_cleaning_colab_ultra
8739,0,0.49777195,0,challenge_08_knn_cleaning_colab_ultra
8740,1,1.0,1,challenge_08_knn_cleaning_colab_ultra
8741,0,0.0,0,challenge_08_knn_cleaning_colab_ultra
8742,0,0.0,0,challenge_08_knn_cleaning_colab_ultra
8743,1,1.0,1,challenge_08_knn_cleaning_colab_ultra
8744,0,0.0,0,challenge_08_knn_cleaning_colab_ultra
8745,0,0.0,0,challenge_08_knn_cleaning_colab_ultra
8746,1,0.50114864,1,challenge_08_knn_cleaning_colab_ultra
8747,1,0.49067405,0,challenge_08_knn_cleaning_colab_ultra
8748,0,0.0,0,challenge_08_knn_cleaning_colab_ultra
8749,1,1.0,1,challenge_08_knn_cleaning_colab_ultra
8750,1,1.0,1,challenge_08_knn_cleaning_colab_ultra
8751,1,0.49476755,0,challenge_08_knn_cleaning_colab_ultra
8752,0,0.48999506,0,challenge_08_knn_cleaning_colab_ultra
8753,0,0.0,0,challenge_08_knn_cleaning_colab_ultra
8754,0,0.0,0,challenge_08_knn_cleaning_colab_ultra
8755,1,1.0,1,challenge_08_knn_cleaning_colab_ultra
8756,0,0.0,0,challenge_08_knn_cleaning_colab_ultra
8757,0,0.0,0,challenge_08_knn_cleaning_colab_ultra
8758,0,0.5092195,1,challenge_08_knn_cleaning_colab_ultra
8759,1,0.50671244,1,challenge_08_knn_cleaning_colab_ultra
8760,1,1.0,1,challenge_08_knn_cleaning_colab_ultra
8761,1,1.0,1,challenge_08_knn_cleaning_colab_ultra
8762,0,0.0,0,challenge_08_knn_cleaning_colab_ultra
8763,0,0.5060158,1,challenge_08_knn_cleaning_colab_ultra
8764,0,1.0,1,challenge_08_knn_cleaning_colab_ultra
8765,0,1.0,1,challenge_08_knn_cleaning_colab_ultra
8766,0,0.0,0,challenge_08_knn_cleaning_colab_ultra
8767,1,0.49702564,0,challenge_08_knn_cleaning_colab_ultra
8768,0,0.49744147,0,challenge_08_knn_cleaning_colab_ultra
8769,1,1.0,1,challenge_08_knn_cleaning_colab_ultra
8770,0,0.50074065,1,challenge_08_knn_cleaning_colab_ultra
8771,1,1.0,1,challenge_08_knn_cleaning_colab_ultra
8772,1,0.5139137,1,challenge_08_knn_cleaning_colab_ultra
8773,1,1.0,1,challenge_08_knn_cleaning_colab_ultra
8774,0,0.50580883,1,challenge_08_knn_cleaning_colab_ultra
8775,0,0.0,0,challenge_08_knn_cleaning_colab_ultra
8776,1,0.4754318,0,challenge_08_knn_cleaning_colab_ultra
8777,1,1.0,1,challenge_08_knn_cleaning_colab_ultra
8778,0,0.0,0,challenge_08_knn_cleaning_colab_ultra
8779,1,0.49162534,0,challenge_08_knn_cleaning_colab_ultra
8780,1,0.50140107,1,challenge_08_knn_cleaning_colab_ultra
8781,1,1.0,1,challenge_08_knn_cleaning_colab_ultra
8782,0,0.36920086,0,challenge_08_knn_cleaning_colab_ultra
8783,1,1.0,1,challenge_08_knn_cleaning_colab_ultra
8784,0,0.0,0,challenge_08_knn_cleaning_colab_ultra
8785,1,0.5008954,1,challenge_08_knn_cleaning_colab_ultra
8786,1,1.0,1,challenge_08_knn_cleaning_colab_ultra
8787,1,1.0,1,challenge_08_knn_cleaning_colab_ultra
8788,0,0.0,0,challenge_08_knn_cleaning_colab_ultra
8789,0,0.0,0,challenge_08_knn_cleaning_colab_ultra
8790,1,1.0,1,challenge_08_knn_cleaning_colab_ultra
8791,0,0.0,0,challenge_08_knn_cleaning_colab_ultra
8792,1,1.0,1,challenge_08_knn_cleaning_colab_ultra
8793,1,0.50093466,1,challenge_08_knn_cleaning_colab_ultra
8794,0,0.50338644,1,challenge_08_knn_cleaning_colab_ultra
8795,1,0.49955443,0,challenge_08_knn_cleaning_colab_ultra
8796,1,1.0,1,challenge_08_knn_cleaning_colab_ultra
8797,0,1.0,1,challenge_08_knn_cleaning_colab_ultra
8798,1,1.0,1,challenge_08_knn_cleaning_colab_ultra
8799,0,0.42803088,0,challenge_08_knn_cleaning_colab_ultra
8800,0,0.5001052,1,challenge_08_knn_cleaning_colab_ultra
8801,1,1.0,1,challenge_08_knn_cleaning_colab_ultra
8802,0,0.49138603,0,challenge_08_knn_cleaning_colab_ultra
8803,1,1.0,1,challenge_08_knn_cleaning_colab_ultra
8804,1,1.0,1,challenge_08_knn_cleaning_colab_ultra
8805,0,0.4971388,0,challenge_08_knn_cleaning_colab_ultra
8806,0,0.46318513,0,challenge_08_knn_cleaning_colab_ultra
8807,0,0.48488402,0,challenge_08_knn_cleaning_colab_ultra
8808,0,0.0,0,challenge_08_knn_cleaning_colab_ultra
8809,0,0.43565536,0,challenge_08_knn_cleaning_colab_ultra
8810,1,1.0,1,challenge_08_knn_cleaning_colab_ultra
8811,1,0.51724875,1,challenge_08_knn_cleaning_colab_ultra
8812,1,1.0,1,challenge_08_knn_cleaning_colab_ultra
8813,0,0.0,0,challenge_08_knn_cleaning_colab_ultra
8814,0,0.49050125,0,challenge_08_knn_cleaning_colab_ultra
8815,0,0.4952356,0,challenge_08_knn_cleaning_colab_ultra
8816,1,0.4839835,0,challenge_08_knn_cleaning_colab_ultra
8817,0,0.0,0,challenge_08_knn_cleaning_colab_ultra
8818,0,0.46214187,0,challenge_08_knn_cleaning_colab_ultra
8819,1,0.49829274,0,challenge_08_knn_cleaning_colab_ultra
8820,0,0.0,0,challenge_08_knn_cleaning_colab_ultra
8821,0,0.49379122,0,challenge_08_knn_cleaning_colab_ultra
8822,0,0.0,0,challenge_08_knn_cleaning_colab_ultra
8823,0,0.0,0,challenge_08_knn_cleaning_colab_ultra
8824,1,0.5194141,1,challenge_08_knn_cleaning_colab_ultra
8825,1,1.0,1,challenge_08_knn_cleaning_colab_ultra
8826,1,1.0,1,challenge_08_knn_cleaning_colab_ultra
8827,0,0.4976844,0,challenge_08_knn_cleaning_colab_ultra
8828,1,0.50067174,1,challenge_08_knn_cleaning_colab_ultra
8829,0,0.50244254,1,challenge_08_knn_cleaning_colab_ultra
8830,1,1.0,1,challenge_08_knn_cleaning_colab_ultra
8831,1,1.0,1,challenge_08_knn_cleaning_colab_ultra
8832,0,0.4923691,0,challenge_08_knn_cleaning_colab_ultra
8833,1,1.0,1,challenge_08_knn_cleaning_colab_ultra
8834,1,0.49592575,0,challenge_08_knn_cleaning_colab_ultra
8835,1,0.544279,1,challenge_08_knn_cleaning_colab_ultra
8836,1,1.0,1,challenge_08_knn_cleaning_colab_ultra
8837,0,0.0,0,challenge_08_knn_cleaning_colab_ultra
8838,1,0.51093286,1,challenge_08_knn_cleaning_colab_ultra
8839,1,0.49727872,0,challenge_08_knn_cleaning_colab_ultra
8840,1,1.0,1,challenge_08_knn_cleaning_colab_ultra
8841,1,0.0,0,challenge_08_knn_cleaning_colab_ultra
8842,1,1.0,1,challenge_08_knn_cleaning_colab_ultra
8843,0,0.51035076,1,challenge_08_knn_cleaning_colab_ultra
8844,0,0.0,0,challenge_08_knn_cleaning_colab_ultra
8845,1,1.0,1,challenge_08_knn_cleaning_colab_ultra
8846,0,0.0,0,challenge_08_knn_cleaning_colab_ultra
8847,0,0.48842442,0,challenge_08_knn_cleaning_colab_ultra
8848,1,1.0,1,challenge_08_knn_cleaning_colab_ultra
8849,0,0.47638428,0,challenge_08_knn_cleaning_colab_ultra
8850,1,1.0,1,challenge_08_knn_cleaning_colab_ultra
8851,1,0.48558977,0,challenge_08_knn_cleaning_colab_ultra
8852,0,0.0,0,challenge_08_knn_cleaning_colab_ultra
8853,0,0.0,0,challenge_08_knn_cleaning_colab_ultra
8854,0,0.0,0,challenge_08_knn_cleaning_colab_ultra
8855,1,0.50723135,1,challenge_08_knn_cleaning_colab_ultra
8856,1,0.49651164,0,challenge_08_knn_cleaning_colab_ultra
8857,0,1.0,1,challenge_08_knn_cleaning_colab_ultra
8858,1,1.0,1,challenge_08_knn_cleaning_colab_ultra
8859,1,1.0,1,challenge_08_knn_cleaning_colab_ultra
8860,1,1.0,1,challenge_08_knn_cleaning_colab_ultra
8861,0,0.0,0,challenge_08_knn_cleaning_colab_ultra
8862,1,1.0,1,challenge_08_knn_cleaning_colab_ultra
8863,0,0.49599,0,challenge_08_knn_cleaning_colab_ultra
8864,1,0.49038476,0,challenge_08_knn_cleaning_colab_ultra
8865,1,1.0,1,challenge_08_knn_cleaning_colab_ultra
8866,0,0.51092225,1,challenge_08_knn_cleaning_colab_ultra
8867,1,0.5120834,1,challenge_08_knn_cleaning_colab_ultra
8868,1,0.49849415,0,challenge_08_knn_cleaning_colab_ultra
8869,0,0.0,0,challenge_08_knn_cleaning_colab_ultra
8870,0,0.0,0,challenge_08_knn_cleaning_colab_ultra
8871,0,0.45445013,0,challenge_08_knn_cleaning_colab_ultra
8872,0,0.0,0,challenge_08_knn_cleaning_colab_ultra
8873,1,1.0,1,challenge_08_knn_cleaning_colab_ultra
8874,0,0.0,0,challenge_08_knn_cleaning_colab_ultra
8875,0,0.0,0,challenge_08_knn_cleaning_colab_ultra
8876,0,0.46690005,0,challenge_08_knn_cleaning_colab_ultra
8877,0,0.45189735,0,challenge_08_knn_cleaning_colab_ultra
8878,0,0.49842247,0,challenge_08_knn_cleaning_colab_ultra
8879,0,0.0,0,challenge_08_knn_cleaning_colab_ultra
8880,0,0.0,0,challenge_08_knn_cleaning_colab_ultra
8881,0,0.43280083,0,challenge_08_knn_cleaning_colab_ultra
8882,1,1.0,1,challenge_08_knn_cleaning_colab_ultra
8883,1,0.51418173,1,challenge_08_knn_cleaning_colab_ultra
8884,0,0.0,0,challenge_08_knn_cleaning_colab_ultra
8885,1,0.49972153,0,challenge_08_knn_cleaning_colab_ultra
8886,1,1.0,1,challenge_08_knn_cleaning_colab_ultra
8887,1,1.0,1,challenge_08_knn_cleaning_colab_ultra
8888,1,0.50756407,1,challenge_08_knn_cleaning_colab_ultra
8889,1,1.0,1,challenge_08_knn_cleaning_colab_ultra
8890,1,0.50113815,1,challenge_08_knn_cleaning_colab_ultra
8891,1,1.0,1,challenge_08_knn_cleaning_colab_ultra
8892,1,1.0,1,challenge_08_knn_cleaning_colab_ultra
8893,1,1.0,1,challenge_08_knn_cleaning_colab_ultra
8894,1,0.4761356,0,challenge_08_knn_cleaning_colab_ultra
8895,0,0.0,0,challenge_08_knn_cleaning_colab_ultra
8896,0,0.50187993,1,challenge_08_knn_cleaning_colab_ultra
8897,1,0.510865,1,challenge_08_knn_cleaning_colab_ultra
8898,0,0.0,0,challenge_08_knn_cleaning_colab_ultra
8899,1,1.0,1,challenge_08_knn_cleaning_colab_ultra
8900,0,0.49748987,0,challenge_08_knn_cleaning_colab_ultra
8901,1,1.0,1,challenge_08_knn_cleaning_colab_ultra
8902,1,0.0,0,challenge_08_knn_cleaning_colab_ultra
8903,0,0.42487738,0,challenge_08_knn_cleaning_colab_ultra
8904,1,1.0,1,challenge_08_knn_cleaning_colab_ultra
8905,0,0.0,0,challenge_08_knn_cleaning_colab_ultra
8906,1,1.0,1,challenge_08_knn_cleaning_colab_ultra
8907,0,0.0,0,challenge_08_knn_cleaning_colab_ultra
8908,0,0.0,0,challenge_08_knn_cleaning_colab_ultra
8909,1,1.0,1,challenge_08_knn_cleaning_colab_ultra
8910,0,0.0,0,challenge_08_knn_cleaning_colab_ultra
8911,1,1.0,1,challenge_08_knn_cleaning_colab_ultra
8912,0,0.5048579,1,challenge_08_knn_cleaning_colab_ultra
8913,0,0.48364845,0,challenge_08_knn_cleaning_colab_ultra
8914,1,1.0,1,challenge_08_knn_cleaning_colab_ultra
8915,1,1.0,1,challenge_08_knn_cleaning_colab_ultra
8916,1,1.0,1,challenge_08_knn_cleaning_colab_ultra
8917,1,1.0,1,challenge_08_knn_cleaning_colab_ultra
8918,0,1.0,1,challenge_08_knn_cleaning_colab_ultra
8919,1,1.0,1,challenge_08_knn_cleaning_colab_ultra
8920,0,0.49535397,0,challenge_08_knn_cleaning_colab_ultra
8921,0,0.0,0,challenge_08_knn_cleaning_colab_ultra
8922,0,0.0,0,challenge_08_knn_cleaning_colab_ultra
8923,1,0.47526023,0,challenge_08_knn_cleaning_colab_ultra
8924,0,0.0,0,challenge_08_knn_cleaning_colab_ultra
8925,1,1.0,1,challenge_08_knn_cleaning_colab_ultra
8926,1,1.0,1,challenge_08_knn_cleaning_colab_ultra
8927,1,0.48797873,0,challenge_08_knn_cleaning_colab_ultra
8928,1,1.0,1,challenge_08_knn_cleaning_colab_ultra
8929,0,0.0,0,challenge_08_knn_cleaning_colab_ultra
8930,1,1.0,1,challenge_08_knn_cleaning_colab_ultra
8931,1,1.0,1,challenge_08_knn_cleaning_colab_ultra
8932,1,1.0,1,challenge_08_knn_cleaning_colab_ultra
8933,0,0.0,0,challenge_08_knn_cleaning_colab_ultra
8934,0,1.0,1,challenge_08_knn_cleaning_colab_ultra
8935,1,0.52923965,1,challenge_08_knn_cleaning_colab_ultra
8936,1,1.0,1,challenge_08_knn_cleaning_colab_ultra
8937,1,1.0,1,challenge_08_knn_cleaning_colab_ultra
8938,1,1.0,1,challenge_08_knn_cleaning_colab_ultra
8939,1,1.0,1,challenge_08_knn_cleaning_colab_ultra
8940,0,0.0,0,challenge_08_knn_cleaning_colab_ultra
8941,1,1.0,1,challenge_08_knn_cleaning_colab_ultra
8942,1,1.0,1,challenge_08_knn_cleaning_colab_ultra
8943,1,0.0,0,challenge_08_knn_cleaning_colab_ultra
8944,1,0.0,0,challenge_08_knn_cleaning_colab_ultra
8945,1,1.0,1,challenge_08_knn_cleaning_colab_ultra
8946,1,1.0,1,challenge_08_knn_cleaning_colab_ultra
8947,0,0.0,0,challenge_08_knn_cleaning_colab_ultra
8948,0,0.4766918,0,challenge_08_knn_cleaning_colab_ultra
8949,0,0.45037583,0,challenge_08_knn_cleaning_colab_ultra
8950,1,0.5008338,1,challenge_08_knn_cleaning_colab_ultra
8951,0,0.0,0,challenge_08_knn_cleaning_colab_ultra
8952,0,0.0,0,challenge_08_knn_cleaning_colab_ultra
8953,1,0.49915427,0,challenge_08_knn_cleaning_colab_ultra
8954,1,0.5239172,1,challenge_08_knn_cleaning_colab_ultra
8955,0,0.0,0,challenge_08_knn_cleaning_colab_ultra
8956,0,0.0,0,challenge_08_knn_cleaning_colab_ultra
8957,1,0.5980164,1,challenge_08_knn_cleaning_colab_ultra
8958,0,0.0,0,challenge_08_knn_cleaning_colab_ultra
8959,1,1.0,1,challenge_08_knn_cleaning_colab_ultra
8960,1,1.0,1,challenge_08_knn_cleaning_colab_ultra
8961,0,0.4966181,0,challenge_08_knn_cleaning_colab_ultra
8962,0,0.0,0,challenge_08_knn_cleaning_colab_ultra
8963,1,1.0,1,challenge_08_knn_cleaning_colab_ultra
8964,1,0.5017494,1,challenge_08_knn_cleaning_colab_ultra
8965,1,1.0,1,challenge_08_knn_cleaning_colab_ultra
8966,0,0.4970323,0,challenge_08_knn_cleaning_colab_ultra
8967,1,1.0,1,challenge_08_knn_cleaning_colab_ultra
8968,0,0.5054003,1,challenge_08_knn_cleaning_colab_ultra
8969,0,1.0,1,challenge_08_knn_cleaning_colab_ultra
8970,1,1.0,1,challenge_08_knn_cleaning_colab_ultra
8971,0,0.0,0,challenge_08_knn_cleaning_colab_ultra
8972,1,1.0,1,challenge_08_knn_cleaning_colab_ultra
8973,0,0.49082112,0,challenge_08_knn_cleaning_colab_ultra
8974,0,0.4997573,0,challenge_08_knn_cleaning_colab_ultra
8975,1,1.0,1,challenge_08_knn_cleaning_colab_ultra
8976,1,1.0,1,challenge_08_knn_cleaning_colab_ultra
8977,0,0.46037754,0,challenge_08_knn_cleaning_colab_ultra
8978,0,1.0,1,challenge_08_knn_cleaning_colab_ultra
8979,0,0.477506,0,challenge_08_knn_cleaning_colab_ultra
8980,0,0.0,0,challenge_08_knn_cleaning_colab_ultra
8981,0,0.0,0,challenge_08_knn_cleaning_colab_ultra
8982,1,0.5002922,1,challenge_08_knn_cleaning_colab_ultra
8983,1,1.0,1,challenge_08_knn_cleaning_colab_ultra
8984,1,1.0,1,challenge_08_knn_cleaning_colab_ultra
8985,0,0.49189883,0,challenge_08_knn_cleaning_colab_ultra
8986,1,1.0,1,challenge_08_knn_cleaning_colab_ultra
8987,0,0.47654346,0,challenge_08_knn_cleaning_colab_ultra
8988,0,0.0,0,challenge_08_knn_cleaning_colab_ultra
8989,0,0.0,0,challenge_08_knn_cleaning_colab_ultra
8990,1,1.0,1,challenge_08_knn_cleaning_colab_ultra
8991,1,1.0,1,challenge_08_knn_cleaning_colab_ultra
8992,0,1.0,1,challenge_08_knn_cleaning_colab_ultra
8993,1,1.0,1,challenge_08_knn_cleaning_colab_ultra
8994,1,1.0,1,challenge_08_knn_cleaning_colab_ultra
8995,1,1.0,1,challenge_08_knn_cleaning_colab_ultra
8996,1,0.50001246,1,challenge_08_knn_cleaning_colab_ultra
8997,1,1.0,1,challenge_08_knn_cleaning_colab_ultra
8998,1,0.5007841,1,challenge_08_knn_cleaning_colab_ultra
8999,0,0.45545945,0,challenge_08_knn_cleaning_colab_ultra
9000,1,0.49341133,0,challenge_08_knn_cleaning_colab_ultra
9001,1,1.0,1,challenge_08_knn_cleaning_colab_ultra
9002,0,0.47787842,0,challenge_08_knn_cleaning_colab_ultra
9003,1,1.0,1,challenge_08_knn_cleaning_colab_ultra
9004,1,1.0,1,challenge_08_knn_cleaning_colab_ultra
9005,0,0.0,0,challenge_08_knn_cleaning_colab_ultra
9006,0,0.4971833,0,challenge_08_knn_cleaning_colab_ultra
9007,0,0.48308843,0,challenge_08_knn_cleaning_colab_ultra
9008,1,1.0,1,challenge_08_knn_cleaning_colab_ultra
9009,0,0.0,0,challenge_08_knn_cleaning_colab_ultra
9010,1,1.0,1,challenge_08_knn_cleaning_colab_ultra
9011,1,1.0,1,challenge_08_knn_cleaning_colab_ultra
9012,1,0.51414496,1,challenge_08_knn_cleaning_colab_ultra
9013,1,1.0,1,challenge_08_knn_cleaning_colab_ultra
9014,1,1.0,1,challenge_08_knn_cleaning_colab_ultra
9015,0,1.0,1,challenge_08_knn_cleaning_colab_ultra
9016,0,0.0,0,challenge_08_knn_cleaning_colab_ultra
9017,1,1.0,1,challenge_08_knn_cleaning_colab_ultra
9018,0,0.0,0,challenge_08_knn_cleaning_colab_ultra
9019,1,1.0,1,challenge_08_knn_cleaning_colab_ultra
9020,1,0.0,0,challenge_08_knn_cleaning_colab_ultra
9021,0,0.0,0,challenge_08_knn_cleaning_colab_ultra
9022,1,1.0,1,challenge_08_knn_cleaning_colab_ultra
9023,1,1.0,1,challenge_08_knn_cleaning_colab_ultra
9024,1,1.0,1,challenge_08_knn_cleaning_colab_ultra
9025,0,0.0,0,challenge_08_knn_cleaning_colab_ultra
9026,0,0.0,0,challenge_08_knn_cleaning_colab_ultra
9027,0,1.0,1,challenge_08_knn_cleaning_colab_ultra
9028,0,1.0,1,challenge_08_knn_cleaning_colab_ultra
9029,1,1.0,1,challenge_08_knn_cleaning_colab_ultra
9030,0,0.457398,0,challenge_08_knn_cleaning_colab_ultra
9031,0,1.0,1,challenge_08_knn_cleaning_colab_ultra
9032,1,1.0,1,challenge_08_knn_cleaning_colab_ultra
9033,1,0.49891555,0,challenge_08_knn_cleaning_colab_ultra
9034,0,0.0,0,challenge_08_knn_cleaning_colab_ultra
9035,0,0.0,0,challenge_08_knn_cleaning_colab_ultra
9036,0,0.49843663,0,challenge_08_knn_cleaning_colab_ultra
9037,0,0.46660173,0,challenge_08_knn_cleaning_colab_ultra
9038,0,0.0,0,challenge_08_knn_cleaning_colab_ultra
9039,1,1.0,1,challenge_08_knn_cleaning_colab_ultra
9040,1,1.0,1,challenge_08_knn_cleaning_colab_ultra
9041,0,0.0,0,challenge_08_knn_cleaning_colab_ultra
9042,0,0.0,0,challenge_08_knn_cleaning_colab_ultra
9043,1,1.0,1,challenge_08_knn_cleaning_colab_ultra
9044,1,1.0,1,challenge_08_knn_cleaning_colab_ultra
9045,1,1.0,1,challenge_08_knn_cleaning_colab_ultra
9046,1,0.5007646,1,challenge_08_knn_cleaning_colab_ultra
9047,1,1.0,1,challenge_08_knn_cleaning_colab_ultra
9048,0,0.0,0,challenge_08_knn_cleaning_colab_ultra
9049,1,1.0,1,challenge_08_knn_cleaning_colab_ultra
9050,1,0.50150317,1,challenge_08_knn_cleaning_colab_ultra
9051,1,0.50824684,1,challenge_08_knn_cleaning_colab_ultra
9052,0,0.0,0,challenge_08_knn_cleaning_colab_ultra
9053,0,0.0,0,challenge_08_knn_cleaning_colab_ultra
9054,0,0.0,0,challenge_08_knn_cleaning_colab_ultra
9055,1,1.0,1,challenge_08_knn_cleaning_colab_ultra
9056,1,1.0,1,challenge_08_knn_cleaning_colab_ultra
9057,0,0.0,0,challenge_08_knn_cleaning_colab_ultra
9058,0,0.5171959,1,challenge_08_knn_cleaning_colab_ultra
9059,0,0.50480914,1,challenge_08_knn_cleaning_colab_ultra
9060,1,1.0,1,challenge_08_knn_cleaning_colab_ultra
9061,0,0.0,0,challenge_08_knn_cleaning_colab_ultra
9062,1,1.0,1,challenge_08_knn_cleaning_colab_ultra
9063,0,0.5099791,1,challenge_08_knn_cleaning_colab_ultra
9064,1,1.0,1,challenge_08_knn_cleaning_colab_ultra
9065,0,0.0,0,challenge_08_knn_cleaning_colab_ultra
9066,0,0.0,0,challenge_08_knn_cleaning_colab_ultra
9067,1,1.0,1,challenge_08_knn_cleaning_colab_ultra
9068,1,1.0,1,challenge_08_knn_cleaning_colab_ultra
9069,1,1.0,1,challenge_08_knn_cleaning_colab_ultra
9070,0,0.498899,0,challenge_08_knn_cleaning_colab_ultra
9071,0,1.0,1,challenge_08_knn_cleaning_colab_ultra
9072,1,0.48918998,0,challenge_08_knn_cleaning_colab_ultra
9073,1,0.0,0,challenge_08_knn_cleaning_colab_ultra
9074,1,1.0,1,challenge_08_knn_cleaning_colab_ultra
9075,0,0.0,0,challenge_08_knn_cleaning_colab_ultra
9076,1,1.0,1,challenge_08_knn_cleaning_colab_ultra
9077,1,1.0,1,challenge_08_knn_cleaning_colab_ultra
9078,0,0.0,0,challenge_08_knn_cleaning_colab_ultra
9079,1,0.50058424,1,challenge_08_knn_cleaning_colab_ultra
9080,1,1.0,1,challenge_08_knn_cleaning_colab_ultra
9081,1,0.50286686,1,challenge_08_knn_cleaning_colab_ultra
9082,1,0.50397086,1,challenge_08_knn_cleaning_colab_ultra
9083,0,0.0,0,challenge_08_knn_cleaning_colab_ultra
9084,1,1.0,1,challenge_08_knn_cleaning_colab_ultra
9085,0,0.47439662,0,challenge_08_knn_cleaning_colab_ultra
9086,0,0.4997015,0,challenge_08_knn_cleaning_colab_ultra
9087,1,0.50743896,1,challenge_08_knn_cleaning_colab_ultra
9088,1,1.0,1,challenge_08_knn_cleaning_colab_ultra
9089,1,1.0,1,challenge_08_knn_cleaning_colab_ultra
9090,1,1.0,1,challenge_08_knn_cleaning_colab_ultra
9091,0,0.0,0,challenge_08_knn_cleaning_colab_ultra
9092,0,0.45601577,0,challenge_08_knn_cleaning_colab_ultra
9093,1,1.0,1,challenge_08_knn_cleaning_colab_ultra
9094,1,1.0,1,challenge_08_knn_cleaning_colab_ultra
9095,0,0.0,0,challenge_08_knn_cleaning_colab_ultra
9096,0,0.0,0,challenge_08_knn_cleaning_colab_ultra
9097,0,0.48954257,0,challenge_08_knn_cleaning_colab_ultra
9098,1,1.0,1,challenge_08_knn_cleaning_colab_ultra
9099,1,1.0,1,challenge_08_knn_cleaning_colab_ultra
9100,1,0.49911007,0,challenge_08_knn_cleaning_colab_ultra
9101,1,0.48799434,0,challenge_08_knn_cleaning_colab_ultra
9102,1,1.0,1,challenge_08_knn_cleaning_colab_ultra
9103,0,0.47652042,0,challenge_08_knn_cleaning_colab_ultra
9104,1,1.0,1,challenge_08_knn_cleaning_colab_ultra
9105,1,0.51670164,1,challenge_08_knn_cleaning_colab_ultra
9106,1,1.0,1,challenge_08_knn_cleaning_colab_ultra
9107,0,0.0,0,challenge_08_knn_cleaning_colab_ultra
9108,1,1.0,1,challenge_08_knn_cleaning_colab_ultra
9109,0,0.0,0,challenge_08_knn_cleaning_colab_ultra
9110,1,1.0,1,challenge_08_knn_cleaning_colab_ultra
9111,0,1.0,1,challenge_08_knn_cleaning_colab_ultra
9112,0,0.0,0,challenge_08_knn_cleaning_colab_ultra
9113,0,0.0,0,challenge_08_knn_cleaning_colab_ultra
9114,0,0.0,0,challenge_08_knn_cleaning_colab_ultra
9115,1,0.0,0,challenge_08_knn_cleaning_colab_ultra
9116,0,0.0,0,challenge_08_knn_cleaning_colab_ultra
9117,0,0.0,0,challenge_08_knn_cleaning_colab_ultra
9118,0,0.0,0,challenge_08_knn_cleaning_colab_ultra
9119,0,0.0,0,challenge_08_knn_cleaning_colab_ultra
9120,1,1.0,1,challenge_08_knn_cleaning_colab_ultra
9121,1,0.540271,1,challenge_08_knn_cleaning_colab_ultra
9122,0,1.0,1,challenge_08_knn_cleaning_colab_ultra
9123,0,0.50171685,1,challenge_08_knn_cleaning_colab_ultra
9124,0,1.0,1,challenge_08_knn_cleaning_colab_ultra
9125,1,0.48324698,0,challenge_08_knn_cleaning_colab_ultra
9126,1,0.49957982,0,challenge_08_knn_cleaning_colab_ultra
9127,0,0.0,0,challenge_08_knn_cleaning_colab_ultra
9128,0,0.0,0,challenge_08_knn_cleaning_colab_ultra
9129,1,0.49336898,0,challenge_08_knn_cleaning_colab_ultra
9130,1,1.0,1,challenge_08_knn_cleaning_colab_ultra
9131,1,0.5017558,1,challenge_08_knn_cleaning_colab_ultra
9132,0,0.0,0,challenge_08_knn_cleaning_colab_ultra
9133,1,1.0,1,challenge_08_knn_cleaning_colab_ultra
9134,0,0.0,0,challenge_08_knn_cleaning_colab_ultra
9135,0,0.0,0,challenge_08_knn_cleaning_colab_ultra
9136,1,1.0,1,challenge_08_knn_cleaning_colab_ultra
9137,1,1.0,1,challenge_08_knn_cleaning_colab_ultra
9138,0,0.4472987,0,challenge_08_knn_cleaning_colab_ultra
9139,0,0.44335377,0,challenge_08_knn_cleaning_colab_ultra
9140,1,0.5190109,1,challenge_08_knn_cleaning_colab_ultra
9141,0,0.0,0,challenge_08_knn_cleaning_colab_ultra
9142,1,1.0,1,challenge_08_knn_cleaning_colab_ultra
9143,1,1.0,1,challenge_08_knn_cleaning_colab_ultra
9144,0,0.49587017,0,challenge_08_knn_cleaning_colab_ultra
9145,1,1.0,1,challenge_08_knn_cleaning_colab_ultra
9146,0,0.4999312,0,challenge_08_knn_cleaning_colab_ultra
9147,0,0.49419194,0,challenge_08_knn_cleaning_colab_ultra
9148,1,1.0,1,challenge_08_knn_cleaning_colab_ultra
9149,1,0.0,0,challenge_08_knn_cleaning_colab_ultra
9150,0,0.49600983,0,challenge_08_knn_cleaning_colab_ultra
9151,0,0.50566196,1,challenge_08_knn_cleaning_colab_ultra
9152,0,0.0,0,challenge_08_knn_cleaning_colab_ultra
9153,0,0.0,0,challenge_08_knn_cleaning_colab_ultra
9154,1,1.0,1,challenge_08_knn_cleaning_colab_ultra
9155,0,0.0,0,challenge_08_knn_cleaning_colab_ultra
9156,1,1.0,1,challenge_08_knn_cleaning_colab_ultra
9157,1,0.0,0,challenge_08_knn_cleaning_colab_ultra
9158,1,0.4819335,0,challenge_08_knn_cleaning_colab_ultra
9159,0,0.0,0,challenge_08_knn_cleaning_colab_ultra
9160,0,0.0,0,challenge_08_knn_cleaning_colab_ultra
9161,1,0.0,0,challenge_08_knn_cleaning_colab_ultra
9162,0,0.5007043,1,challenge_08_knn_cleaning_colab_ultra
9163,0,0.49696448,0,challenge_08_knn_cleaning_colab_ultra
9164,0,0.50355244,1,challenge_08_knn_cleaning_colab_ultra
9165,1,0.49872273,0,challenge_08_knn_cleaning_colab_ultra
9166,0,0.0,0,challenge_08_knn_cleaning_colab_ultra
9167,0,0.48039025,0,challenge_08_knn_cleaning_colab_ultra
9168,1,1.0,1,challenge_08_knn_cleaning_colab_ultra
9169,0,0.5023741,1,challenge_08_knn_cleaning_colab_ultra
9170,0,1.0,1,challenge_08_knn_cleaning_colab_ultra
9171,0,0.0,0,challenge_08_knn_cleaning_colab_ultra
9172,0,0.0,0,challenge_08_knn_cleaning_colab_ultra
9173,1,1.0,1,challenge_08_knn_cleaning_colab_ultra
9174,0,1.0,1,challenge_08_knn_cleaning_colab_ultra
9175,0,1.0,1,challenge_08_knn_cleaning_colab_ultra
9176,1,1.0,1,challenge_08_knn_cleaning_colab_ultra
9177,1,1.0,1,challenge_08_knn_cleaning_colab_ultra
9178,1,1.0,1,challenge_08_knn_cleaning_colab_ultra
9179,0,0.0,0,challenge_08_knn_cleaning_colab_ultra
9180,1,1.0,1,challenge_08_knn_cleaning_colab_ultra
9181,1,1.0,1,challenge_08_knn_cleaning_colab_ultra
9182,0,0.0,0,challenge_08_knn_cleaning_colab_ultra
9183,0,0.0,0,challenge_08_knn_cleaning_colab_ultra
9184,0,1.0,1,challenge_08_knn_cleaning_colab_ultra
9185,1,1.0,1,challenge_08_knn_cleaning_colab_ultra
9186,0,0.0,0,challenge_08_knn_cleaning_colab_ultra
9187,0,0.4992524,0,challenge_08_knn_cleaning_colab_ultra
9188,0,0.0,0,challenge_08_knn_cleaning_colab_ultra
9189,0,1.0,1,challenge_08_knn_cleaning_colab_ultra
9190,0,0.49946156,0,challenge_08_knn_cleaning_colab_ultra
9191,0,0.50141764,1,challenge_08_knn_cleaning_colab_ultra
9192,0,0.0,0,challenge_08_knn_cleaning_colab_ultra
9193,1,0.49266487,0,challenge_08_knn_cleaning_colab_ultra
9194,1,1.0,1,challenge_08_knn_cleaning_colab_ultra
9195,1,1.0,1,challenge_08_knn_cleaning_colab_ultra
9196,0,0.45828828,0,challenge_08_knn_cleaning_colab_ultra
9197,0,1.0,1,challenge_08_knn_cleaning_colab_ultra
9198,0,1.0,1,challenge_08_knn_cleaning_colab_ultra
9199,0,0.492214,0,challenge_08_knn_cleaning_colab_ultra
9200,1,0.49331188,0,challenge_08_knn_cleaning_colab_ultra
9201,1,1.0,1,challenge_08_knn_cleaning_colab_ultra
9202,0,0.49392492,0,challenge_08_knn_cleaning_colab_ultra
9203,1,0.0,0,challenge_08_knn_cleaning_colab_ultra
9204,0,1.0,1,challenge_08_knn_cleaning_colab_ultra
9205,0,0.0,0,challenge_08_knn_cleaning_colab_ultra
9206,0,1.0,1,challenge_08_knn_cleaning_colab_ultra
9207,1,1.0,1,challenge_08_knn_cleaning_colab_ultra
9208,0,0.51732534,1,challenge_08_knn_cleaning_colab_ultra
9209,0,1.0,1,challenge_08_knn_cleaning_colab_ultra
9210,1,0.49738964,0,challenge_08_knn_cleaning_colab_ultra
9211,1,0.48282194,0,challenge_08_knn_cleaning_colab_ultra
9212,0,0.49869415,0,challenge_08_knn_cleaning_colab_ultra
9213,1,1.0,1,challenge_08_knn_cleaning_colab_ultra
9214,1,0.5334023,1,challenge_08_knn_cleaning_colab_ultra
9215,1,0.5217917,1,challenge_08_knn_cleaning_colab_ultra
9216,0,1.0,1,challenge_08_knn_cleaning_colab_ultra
9217,0,0.0,0,challenge_08_knn_cleaning_colab_ultra
9218,0,0.45317718,0,challenge_08_knn_cleaning_colab_ultra
9219,1,0.5005402,1,challenge_08_knn_cleaning_colab_ultra
9220,1,0.49868667,0,challenge_08_knn_cleaning_colab_ultra
9221,1,1.0,1,challenge_08_knn_cleaning_colab_ultra
9222,1,0.0,0,challenge_08_knn_cleaning_colab_ultra
9223,0,0.50665265,1,challenge_08_knn_cleaning_colab_ultra
9224,0,1.0,1,challenge_08_knn_cleaning_colab_ultra
9225,0,0.46609628,0,challenge_08_knn_cleaning_colab_ultra
9226,1,1.0,1,challenge_08_knn_cleaning_colab_ultra
9227,1,0.503718,1,challenge_08_knn_cleaning_colab_ultra
9228,1,1.0,1,challenge_08_knn_cleaning_colab_ultra
9229,1,0.48676416,0,challenge_08_knn_cleaning_colab_ultra
9230,0,0.0,0,challenge_08_knn_cleaning_colab_ultra
9231,0,0.48074478,0,challenge_08_knn_cleaning_colab_ultra
9232,1,1.0,1,challenge_08_knn_cleaning_colab_ultra
9233,0,0.50154024,1,challenge_08_knn_cleaning_colab_ultra
9234,1,1.0,1,challenge_08_knn_cleaning_colab_ultra
9235,1,1.0,1,challenge_08_knn_cleaning_colab_ultra
9236,1,1.0,1,challenge_08_knn_cleaning_colab_ultra
9237,1,1.0,1,challenge_08_knn_cleaning_colab_ultra
9238,0,0.0,0,challenge_08_knn_cleaning_colab_ultra
9239,0,0.0,0,challenge_08_knn_cleaning_colab_ultra
9240,0,0.4908323,0,challenge_08_knn_cleaning_colab_ultra
9241,0,0.0,0,challenge_08_knn_cleaning_colab_ultra
9242,1,1.0,1,challenge_08_knn_cleaning_colab_ultra
9243,1,0.0,0,challenge_08_knn_cleaning_colab_ultra
9244,1,0.5144264,1,challenge_08_knn_cleaning_colab_ultra
9245,0,0.0,0,challenge_08_knn_cleaning_colab_ultra
9246,1,1.0,1,challenge_08_knn_cleaning_colab_ultra
9247,0,0.5082355,1,challenge_08_knn_cleaning_colab_ultra
9248,1,1.0,1,challenge_08_knn_cleaning_colab_ultra
9249,0,0.0,0,challenge_08_knn_cleaning_colab_ultra
9250,1,1.0,1,challenge_08_knn_cleaning_colab_ultra
9251,0,0.0,0,challenge_08_knn_cleaning_colab_ultra
9252,0,0.43641084,0,challenge_08_knn_cleaning_colab_ultra
9253,1,0.49919793,0,challenge_08_knn_cleaning_colab_ultra
9254,0,0.0,0,challenge_08_knn_cleaning_colab_ultra
9255,1,1.0,1,challenge_08_knn_cleaning_colab_ultra
9256,1,1.0,1,challenge_08_knn_cleaning_colab_ultra
9257,0,0.0,0,challenge_08_knn_cleaning_colab_ultra
9258,0,0.0,0,challenge_08_knn_cleaning_colab_ultra
9259,0,0.50525445,1,challenge_08_knn_cleaning_colab_ultra
9260,0,0.48095885,0,challenge_08_knn_cleaning_colab_ultra
9261,0,0.0,0,challenge_08_knn_cleaning_colab_ultra
9262,1,1.0,1,challenge_08_knn_cleaning_colab_ultra
9263,1,1.0,1,challenge_08_knn_cleaning_colab_ultra
9264,0,0.47960463,0,challenge_08_knn_cleaning_colab_ultra
9265,0,0.0,0,challenge_08_knn_cleaning_colab_ultra
9266,1,1.0,1,challenge_08_knn_cleaning_colab_ultra
9267,0,0.0,0,challenge_08_knn_cleaning_colab_ultra
9268,0,0.4584219,0,challenge_08_knn_cleaning_colab_ultra
9269,1,1.0,1,challenge_08_knn_cleaning_colab_ultra
9270,1,1.0,1,challenge_08_knn_cleaning_colab_ultra
9271,1,0.5324742,1,challenge_08_knn_cleaning_colab_ultra
9272,0,0.0,0,challenge_08_knn_cleaning_colab_ultra
9273,1,0.0,0,challenge_08_knn_cleaning_colab_ultra
9274,1,0.0,0,challenge_08_knn_cleaning_colab_ultra
9275,0,0.0,0,challenge_08_knn_cleaning_colab_ultra
9276,0,0.5037647,1,challenge_08_knn_cleaning_colab_ultra
9277,0,1.0,1,challenge_08_knn_cleaning_colab_ultra
9278,1,1.0,1,challenge_08_knn_cleaning_colab_ultra
9279,0,0.52144474,1,challenge_08_knn_cleaning_colab_ultra
9280,0,0.0,0,challenge_08_knn_cleaning_colab_ultra
9281,0,0.4694902,0,challenge_08_knn_cleaning_colab_ultra
9282,0,0.0,0,challenge_08_knn_cleaning_colab_ultra
9283,0,0.0,0,challenge_08_knn_cleaning_colab_ultra
9284,0,0.0,0,challenge_08_knn_cleaning_colab_ultra
9285,0,0.0,0,challenge_08_knn_cleaning_colab_ultra
9286,1,0.5097004,1,challenge_08_knn_cleaning_colab_ultra
9287,0,0.0,0,challenge_08_knn_cleaning_colab_ultra
9288,0,0.0,0,challenge_08_knn_cleaning_colab_ultra
9289,1,0.5151348,1,challenge_08_knn_cleaning_colab_ultra
9290,0,0.0,0,challenge_08_knn_cleaning_colab_ultra
9291,0,0.0,0,challenge_08_knn_cleaning_colab_ultra
9292,1,0.0,0,challenge_08_knn_cleaning_colab_ultra
9293,1,1.0,1,challenge_08_knn_cleaning_colab_ultra
9294,0,1.0,1,challenge_08_knn_cleaning_colab_ultra
9295,1,0.5058405,1,challenge_08_knn_cleaning_colab_ultra
9296,0,0.502672,1,challenge_08_knn_cleaning_colab_ultra
9297,0,0.0,0,challenge_08_knn_cleaning_colab_ultra
9298,0,1.0,1,challenge_08_knn_cleaning_colab_ultra
9299,0,0.0,0,challenge_08_knn_cleaning_colab_ultra
9300,1,1.0,1,challenge_08_knn_cleaning_colab_ultra
9301,1,0.0,0,challenge_08_knn_cleaning_colab_ultra
9302,1,1.0,1,challenge_08_knn_cleaning_colab_ultra
9303,0,0.0,0,challenge_08_knn_cleaning_colab_ultra
9304,1,1.0,1,challenge_08_knn_cleaning_colab_ultra
9305,0,0.0,0,challenge_08_knn_cleaning_colab_ultra
9306,0,1.0,1,challenge_08_knn_cleaning_colab_ultra
9307,1,1.0,1,challenge_08_knn_cleaning_colab_ultra
9308,1,1.0,1,challenge_08_knn_cleaning_colab_ultra
9309,0,0.48587534,0,challenge_08_knn_cleaning_colab_ultra
9310,0,0.0,0,challenge_08_knn_cleaning_colab_ultra
9311,1,0.50253534,1,challenge_08_knn_cleaning_colab_ultra
9312,1,1.0,1,challenge_08_knn_cleaning_colab_ultra
9313,1,0.49865472,0,challenge_08_knn_cleaning_colab_ultra
9314,1,1.0,1,challenge_08_knn_cleaning_colab_ultra
9315,0,0.5035962,1,challenge_08_knn_cleaning_colab_ultra
9316,0,0.49487284,0,challenge_08_knn_cleaning_colab_ultra
9317,0,1.0,1,challenge_08_knn_cleaning_colab_ultra
9318,0,0.47632274,0,challenge_08_knn_cleaning_colab_ultra
9319,0,0.51012254,1,challenge_08_knn_cleaning_colab_ultra
9320,1,1.0,1,challenge_08_knn_cleaning_colab_ultra
9321,1,1.0,1,challenge_08_knn_cleaning_colab_ultra
9322,1,1.0,1,challenge_08_knn_cleaning_colab_ultra
9323,0,1.0,1,challenge_08_knn_cleaning_colab_ultra
9324,0,0.4847402,0,challenge_08_knn_cleaning_colab_ultra
9325,0,0.49086323,0,challenge_08_knn_cleaning_colab_ultra
9326,1,1.0,1,challenge_08_knn_cleaning_colab_ultra
9327,1,0.49560267,0,challenge_08_knn_cleaning_colab_ultra
9328,0,0.49400866,0,challenge_08_knn_cleaning_colab_ultra
9329,0,0.0,0,challenge_08_knn_cleaning_colab_ultra
9330,0,0.0,0,challenge_08_knn_cleaning_colab_ultra
9331,1,1.0,1,challenge_08_knn_cleaning_colab_ultra
9332,0,0.0,0,challenge_08_knn_cleaning_colab_ultra
9333,0,1.0,1,challenge_08_knn_cleaning_colab_ultra
9334,1,1.0,1,challenge_08_knn_cleaning_colab_ultra
9335,1,1.0,1,challenge_08_knn_cleaning_colab_ultra
9336,1,1.0,1,challenge_08_knn_cleaning_colab_ultra
9337,0,0.5101059,1,challenge_08_knn_cleaning_colab_ultra
9338,1,1.0,1,challenge_08_knn_cleaning_colab_ultra
9339,1,1.0,1,challenge_08_knn_cleaning_colab_ultra
9340,0,0.0,0,challenge_08_knn_cleaning_colab_ultra
9341,0,0.0,0,challenge_08_knn_cleaning_colab_ultra
9342,0,0.0,0,challenge_08_knn_cleaning_colab_ultra
9343,0,0.0,0,challenge_08_knn_cleaning_colab_ultra
9344,0,0.0,0,challenge_08_knn_cleaning_colab_ultra
9345,1,1.0,1,challenge_08_knn_cleaning_colab_ultra
9346,0,0.49526834,0,challenge_08_knn_cleaning_colab_ultra
9347,1,1.0,1,challenge_08_knn_cleaning_colab_ultra
9348,0,0.0,0,challenge_08_knn_cleaning_colab_ultra
9349,0,0.0,0,challenge_08_knn_cleaning_colab_ultra
9350,1,1.0,1,challenge_08_knn_cleaning_colab_ultra
9351,1,1.0,1,challenge_08_knn_cleaning_colab_ultra
9352,0,1.0,1,challenge_08_knn_cleaning_colab_ultra
9353,0,0.0,0,challenge_08_knn_cleaning_colab_ultra
9354,0,0.0,0,challenge_08_knn_cleaning_colab_ultra
9355,0,0.0,0,challenge_08_knn_cleaning_colab_ultra
9356,0,0.0,0,challenge_08_knn_cleaning_colab_ultra
9357,0,0.49391305,0,challenge_08_knn_cleaning_colab_ultra
9358,1,1.0,1,challenge_08_knn_cleaning_colab_ultra
9359,0,0.51160574,1,challenge_08_knn_cleaning_colab_ultra
9360,1,1.0,1,challenge_08_knn_cleaning_colab_ultra
9361,1,1.0,1,challenge_08_knn_cleaning_colab_ultra
9362,0,0.49545908,0,challenge_08_knn_cleaning_colab_ultra
9363,1,1.0,1,challenge_08_knn_cleaning_colab_ultra
9364,0,0.0,0,challenge_08_knn_cleaning_colab_ultra
9365,1,1.0,1,challenge_08_knn_cleaning_colab_ultra
9366,0,0.0,0,challenge_08_knn_cleaning_colab_ultra
9367,0,0.0,0,challenge_08_knn_cleaning_colab_ultra
9368,1,0.49433985,0,challenge_08_knn_cleaning_colab_ultra
9369,1,1.0,1,challenge_08_knn_cleaning_colab_ultra
9370,1,0.4997995,0,challenge_08_knn_cleaning_colab_ultra
9371,1,1.0,1,challenge_08_knn_cleaning_colab_ultra
9372,0,0.0,0,challenge_08_knn_cleaning_colab_ultra
9373,1,1.0,1,challenge_08_knn_cleaning_colab_ultra
9374,1,0.53804994,1,challenge_08_knn_cleaning_colab_ultra
9375,1,1.0,1,challenge_08_knn_cleaning_colab_ultra
9376,1,1.0,1,challenge_08_knn_cleaning_colab_ultra
9377,0,0.0,0,challenge_08_knn_cleaning_colab_ultra
9378,0,0.0,0,challenge_08_knn_cleaning_colab_ultra
9379,1,0.55042243,1,challenge_08_knn_cleaning_colab_ultra
9380,1,0.5010645,1,challenge_08_knn_cleaning_colab_ultra
9381,0,0.0,0,challenge_08_knn_cleaning_colab_ultra
9382,0,0.49889705,0,challenge_08_knn_cleaning_colab_ultra
9383,0,0.50636554,1,challenge_08_knn_cleaning_colab_ultra
9384,1,1.0,1,challenge_08_knn_cleaning_colab_ultra
9385,1,0.5536505,1,challenge_08_knn_cleaning_colab_ultra
9386,1,0.0,0,challenge_08_knn_cleaning_colab_ultra
9387,0,0.5019339,1,challenge_08_knn_cleaning_colab_ultra
9388,1,1.0,1,challenge_08_knn_cleaning_colab_ultra
9389,1,0.50022495,1,challenge_08_knn_cleaning_colab_ultra
9390,0,0.43363333,0,challenge_08_knn_cleaning_colab_ultra
9391,0,0.5122935,1,challenge_08_knn_cleaning_colab_ultra
9392,1,1.0,1,challenge_08_knn_cleaning_colab_ultra
9393,1,1.0,1,challenge_08_knn_cleaning_colab_ultra
9394,0,0.0,0,challenge_08_knn_cleaning_colab_ultra
9395,0,0.0,0,challenge_08_knn_cleaning_colab_ultra
9396,0,0.0,0,challenge_08_knn_cleaning_colab_ultra
9397,1,1.0,1,challenge_08_knn_cleaning_colab_ultra
9398,1,1.0,1,challenge_08_knn_cleaning_colab_ultra
9399,0,0.0,0,challenge_08_knn_cleaning_colab_ultra
9400,0,0.453365,0,challenge_08_knn_cleaning_colab_ultra
9401,1,0.4932496,0,challenge_08_knn_cleaning_colab_ultra
9402,0,0.0,0,challenge_08_knn_cleaning_colab_ultra
9403,0,0.0,0,challenge_08_knn_cleaning_colab_ultra
9404,1,1.0,1,challenge_08_knn_cleaning_colab_ultra
9405,0,0.48070765,0,challenge_08_knn_cleaning_colab_ultra
9406,1,1.0,1,challenge_08_knn_cleaning_colab_ultra
9407,0,0.42414415,0,challenge_08_knn_cleaning_colab_ultra
9408,0,0.0,0,challenge_08_knn_cleaning_colab_ultra
9409,0,0.4828591,0,challenge_08_knn_cleaning_colab_ultra
9410,1,1.0,1,challenge_08_knn_cleaning_colab_ultra
9411,0,1.0,1,challenge_08_knn_cleaning_colab_ultra
9412,0,1.0,1,challenge_08_knn_cleaning_colab_ultra
9413,1,1.0,1,challenge_08_knn_cleaning_colab_ultra
9414,1,1.0,1,challenge_08_knn_cleaning_colab_ultra
9415,1,1.0,1,challenge_08_knn_cleaning_colab_ultra
9416,0,0.0,0,challenge_08_knn_cleaning_colab_ultra
9417,0,0.5089209,1,challenge_08_knn_cleaning_colab_ultra
9418,0,0.0,0,challenge_08_knn_cleaning_colab_ultra
9419,0,0.51636577,1,challenge_08_knn_cleaning_colab_ultra
9420,0,0.0,0,challenge_08_knn_cleaning_colab_ultra
9421,1,1.0,1,challenge_08_knn_cleaning_colab_ultra
9422,0,0.0,0,challenge_08_knn_cleaning_colab_ultra
9423,0,0.5061146,1,challenge_08_knn_cleaning_colab_ultra
9424,1,1.0,1,challenge_08_knn_cleaning_colab_ultra
9425,1,1.0,1,challenge_08_knn_cleaning_colab_ultra
9426,0,0.0,0,challenge_08_knn_cleaning_colab_ultra
9427,1,0.0,0,challenge_08_knn_cleaning_colab_ultra
9428,0,0.48496017,0,challenge_08_knn_cleaning_colab_ultra
9429,0,1.0,1,challenge_08_knn_cleaning_colab_ultra
9430,1,1.0,1,challenge_08_knn_cleaning_colab_ultra
9431,0,0.4990469,0,challenge_08_knn_cleaning_colab_ultra
9432,0,0.0,0,challenge_08_knn_cleaning_colab_ultra
9433,1,1.0,1,challenge_08_knn_cleaning_colab_ultra
9434,0,0.0,0,challenge_08_knn_cleaning_colab_ultra
9435,1,1.0,1,challenge_08_knn_cleaning_colab_ultra
9436,0,0.0,0,challenge_08_knn_cleaning_colab_ultra
9437,0,0.4190316,0,challenge_08_knn_cleaning_colab_ultra
9438,0,0.0,0,challenge_08_knn_cleaning_colab_ultra
9439,1,1.0,1,challenge_08_knn_cleaning_colab_ultra
9440,0,0.0,0,challenge_08_knn_cleaning_colab_ultra
9441,1,1.0,1,challenge_08_knn_cleaning_colab_ultra
9442,1,0.49537298,0,challenge_08_knn_cleaning_colab_ultra
9443,1,0.5102417,1,challenge_08_knn_cleaning_colab_ultra
9444,0,0.0,0,challenge_08_knn_cleaning_colab_ultra
9445,0,0.0,0,challenge_08_knn_cleaning_colab_ultra
9446,0,0.4749617,0,challenge_08_knn_cleaning_colab_ultra
9447,1,1.0,1,challenge_08_knn_cleaning_colab_ultra
9448,1,1.0,1,challenge_08_knn_cleaning_colab_ultra
9449,1,0.4824924,0,challenge_08_knn_cleaning_colab_ultra
9450,1,0.50185496,1,challenge_08_knn_cleaning_colab_ultra
9451,1,1.0,1,challenge_08_knn_cleaning_colab_ultra
9452,1,0.49739528,0,challenge_08_knn_cleaning_colab_ultra
9453,1,1.0,1,challenge_08_knn_cleaning_colab_ultra
9454,0,0.0,0,challenge_08_knn_cleaning_colab_ultra
9455,0,0.0,0,challenge_08_knn_cleaning_colab_ultra
9456,1,0.5042331,1,challenge_08_knn_cleaning_colab_ultra
9457,0,0.49070716,0,challenge_08_knn_cleaning_colab_ultra
9458,0,0.0,0,challenge_08_knn_cleaning_colab_ultra
9459,0,0.5041907,1,challenge_08_knn_cleaning_colab_ultra
9460,1,1.0,1,challenge_08_knn_cleaning_colab_ultra
9461,1,0.5032206,1,challenge_08_knn_cleaning_colab_ultra
9462,0,1.0,1,challenge_08_knn_cleaning_colab_ultra
9463,0,0.49960843,0,challenge_08_knn_cleaning_colab_ultra
9464,0,0.51840985,1,challenge_08_knn_cleaning_colab_ultra
9465,0,0.0,0,challenge_08_knn_cleaning_colab_ultra
9466,0,0.0,0,challenge_08_knn_cleaning_colab_ultra
9467,0,0.0,0,challenge_08_knn_cleaning_colab_ultra
9468,0,0.0,0,challenge_08_knn_cleaning_colab_ultra
9469,1,1.0,1,challenge_08_knn_cleaning_colab_ultra
9470,1,1.0,1,challenge_08_knn_cleaning_colab_ultra
9471,0,0.0,0,challenge_08_knn_cleaning_colab_ultra
9472,0,0.0,0,challenge_08_knn_cleaning_colab_ultra
9473,1,0.0,0,challenge_08_knn_cleaning_colab_ultra
9474,0,1.0,1,challenge_08_knn_cleaning_colab_ultra
9475,1,1.0,1,challenge_08_knn_cleaning_colab_ultra
9476,0,0.0,0,challenge_08_knn_cleaning_colab_ultra
9477,0,0.0,0,challenge_08_knn_cleaning_colab_ultra
9478,1,1.0,1,challenge_08_knn_cleaning_colab_ultra
9479,1,1.0,1,challenge_08_knn_cleaning_colab_ultra
9480,0,0.0,0,challenge_08_knn_cleaning_colab_ultra
9481,1,1.0,1,challenge_08_knn_cleaning_colab_ultra
9482,1,1.0,1,challenge_08_knn_cleaning_colab_ultra
9483,1,1.0,1,challenge_08_knn_cleaning_colab_ultra
9484,1,1.0,1,challenge_08_knn_cleaning_colab_ultra
9485,1,1.0,1,challenge_08_knn_cleaning_colab_ultra
9486,0,0.0,0,challenge_08_knn_cleaning_colab_ultra
9487,1,0.50106746,1,challenge_08_knn_cleaning_colab_ultra
9488,1,1.0,1,challenge_08_knn_cleaning_colab_ultra
9489,1,1.0,1,challenge_08_knn_cleaning_colab_ultra
9490,1,1.0,1,challenge_08_knn_cleaning_colab_ultra
9491,1,0.50123376,1,challenge_08_knn_cleaning_colab_ultra
9492,0,0.5013993,1,challenge_08_knn_cleaning_colab_ultra
9493,1,1.0,1,challenge_08_knn_cleaning_colab_ultra
9494,1,0.50417346,1,challenge_08_knn_cleaning_colab_ultra
9495,1,1.0,1,challenge_08_knn_cleaning_colab_ultra
9496,0,0.4790093,0,challenge_08_knn_cleaning_colab_ultra
9497,0,0.0,0,challenge_08_knn_cleaning_colab_ultra
9498,1,0.4907708,0,challenge_08_knn_cleaning_colab_ultra
9499,1,0.5146183,1,challenge_08_knn_cleaning_colab_ultra
9500,0,1.0,1,challenge_08_knn_cleaning_colab_ultra
9501,0,0.49798965,0,challenge_08_knn_cleaning_colab_ultra
9502,1,1.0,1,challenge_08_knn_cleaning_colab_ultra
9503,0,0.0,0,challenge_08_knn_cleaning_colab_ultra
9504,0,0.0,0,challenge_08_knn_cleaning_colab_ultra
9505,1,1.0,1,challenge_08_knn_cleaning_colab_ultra
9506,1,1.0,1,challenge_08_knn_cleaning_colab_ultra
9507,0,0.0,0,challenge_08_knn_cleaning_colab_ultra
9508,0,0.5061261,1,challenge_08_knn_cleaning_colab_ultra
9509,0,0.46379703,0,challenge_08_knn_cleaning_colab_ultra
9510,1,0.4839423,0,challenge_08_knn_cleaning_colab_ultra
9511,1,0.50123596,1,challenge_08_knn_cleaning_colab_ultra
9512,0,0.0,0,challenge_08_knn_cleaning_colab_ultra
9513,1,1.0,1,challenge_08_knn_cleaning_colab_ultra
9514,0,0.0,0,challenge_08_knn_cleaning_colab_ultra
9515,0,0.0,0,challenge_08_knn_cleaning_colab_ultra
9516,0,0.0,0,challenge_08_knn_cleaning_colab_ultra
9517,0,0.50181264,1,challenge_08_knn_cleaning_colab_ultra
9518,1,1.0,1,challenge_08_knn_cleaning_colab_ultra
9519,1,1.0,1,challenge_08_knn_cleaning_colab_ultra
9520,0,0.45334497,0,challenge_08_knn_cleaning_colab_ultra
9521,1,1.0,1,challenge_08_knn_cleaning_colab_ultra
9522,0,0.4829967,0,challenge_08_knn_cleaning_colab_ultra
9523,1,1.0,1,challenge_08_knn_cleaning_colab_ultra
9524,1,1.0,1,challenge_08_knn_cleaning_colab_ultra
9525,1,1.0,1,challenge_08_knn_cleaning_colab_ultra
9526,1,1.0,1,challenge_08_knn_cleaning_colab_ultra
9527,1,0.0,0,challenge_08_knn_cleaning_colab_ultra
9528,1,0.49311632,0,challenge_08_knn_cleaning_colab_ultra
9529,1,1.0,1,challenge_08_knn_cleaning_colab_ultra
9530,1,1.0,1,challenge_08_knn_cleaning_colab_ultra
9531,0,0.0,0,challenge_08_knn_cleaning_colab_ultra
9532,1,1.0,1,challenge_08_knn_cleaning_colab_ultra
9533,1,1.0,1,challenge_08_knn_cleaning_colab_ultra
9534,1,0.50783795,1,challenge_08_knn_cleaning_colab_ultra
9535,1,1.0,1,challenge_08_knn_cleaning_colab_ultra
9536,0,0.0,0,challenge_08_knn_cleaning_colab_ultra
9537,1,1.0,1,challenge_08_knn_cleaning_colab_ultra
9538,1,1.0,1,challenge_08_knn_cleaning_colab_ultra
9539,1,1.0,1,challenge_08_knn_cleaning_colab_ultra
9540,0,0.0,0,challenge_08_knn_cleaning_colab_ultra
9541,1,1.0,1,challenge_08_knn_cleaning_colab_ultra
9542,1,1.0,1,challenge_08_knn_cleaning_colab_ultra
9543,0,0.0,0,challenge_08_knn_cleaning_colab_ultra
9544,0,0.0,0,challenge_08_knn_cleaning_colab_ultra
9545,0,0.0,0,challenge_08_knn_cleaning_colab_ultra
9546,0,0.49246082,0,challenge_08_knn_cleaning_colab_ultra
9547,0,0.0,0,challenge_08_knn_cleaning_colab_ultra
9548,0,0.0,0,challenge_08_knn_cleaning_colab_ultra
9549,1,0.4961992,0,challenge_08_knn_cleaning_colab_ultra
9550,0,0.0,0,challenge_08_knn_cleaning_colab_ultra
9551,0,0.0,0,challenge_08_knn_cleaning_colab_ultra
9552,0,0.49636444,0,challenge_08_knn_cleaning_colab_ultra
9553,0,0.48267877,0,challenge_08_knn_cleaning_colab_ultra
9554,0,0.0,0,challenge_08_knn_cleaning_colab_ultra
9555,0,0.0,0,challenge_08_knn_cleaning_colab_ultra
9556,1,1.0,1,challenge_08_knn_cleaning_colab_ultra
9557,0,0.0,0,challenge_08_knn_cleaning_colab_ultra
9558,0,1.0,1,challenge_08_knn_cleaning_colab_ultra
9559,0,0.0,0,challenge_08_knn_cleaning_colab_ultra
9560,0,0.0,0,challenge_08_knn_cleaning_colab_ultra
9561,0,1.0,1,challenge_08_knn_cleaning_colab_ultra
9562,0,1.0,1,challenge_08_knn_cleaning_colab_ultra
9563,0,1.0,1,challenge_08_knn_cleaning_colab_ultra
9564,0,0.0,0,challenge_08_knn_cleaning_colab_ultra
9565,1,1.0,1,challenge_08_knn_cleaning_colab_ultra
9566,0,0.3629054,0,challenge_08_knn_cleaning_colab_ultra
9567,1,0.49884787,0,challenge_08_knn_cleaning_colab_ultra
9568,1,1.0,1,challenge_08_knn_cleaning_colab_ultra
9569,0,0.48126328,0,challenge_08_knn_cleaning_colab_ultra
9570,0,0.4969144,0,challenge_08_knn_cleaning_colab_ultra
9571,1,1.0,1,challenge_08_knn_cleaning_colab_ultra
9572,1,1.0,1,challenge_08_knn_cleaning_colab_ultra
9573,0,0.0,0,challenge_08_knn_cleaning_colab_ultra
9574,0,0.49698287,0,challenge_08_knn_cleaning_colab_ultra
9575,0,0.0,0,challenge_08_knn_cleaning_colab_ultra
9576,1,0.4989253,0,challenge_08_knn_cleaning_colab_ultra
9577,1,0.52911544,1,challenge_08_knn_cleaning_colab_ultra
9578,1,1.0,1,challenge_08_knn_cleaning_colab_ultra
9579,1,1.0,1,challenge_08_knn_cleaning_colab_ultra
9580,0,0.49966905,0,challenge_08_knn_cleaning_colab_ultra
9581,1,1.0,1,challenge_08_knn_cleaning_colab_ultra
9582,0,1.0,1,challenge_08_knn_cleaning_colab_ultra
9583,1,1.0,1,challenge_08_knn_cleaning_colab_ultra
9584,0,0.0,0,challenge_08_knn_cleaning_colab_ultra
9585,1,1.0,1,challenge_08_knn_cleaning_colab_ultra
9586,0,0.0,0,challenge_08_knn_cleaning_colab_ultra
9587,1,1.0,1,challenge_08_knn_cleaning_colab_ultra
9588,1,1.0,1,challenge_08_knn_cleaning_colab_ultra
9589,1,1.0,1,challenge_08_knn_cleaning_colab_ultra
9590,1,1.0,1,challenge_08_knn_cleaning_colab_ultra
9591,1,1.0,1,challenge_08_knn_cleaning_colab_ultra
9592,1,1.0,1,challenge_08_knn_cleaning_colab_ultra
9593,1,0.4847543,0,challenge_08_knn_cleaning_colab_ultra
9594,0,0.48569497,0,challenge_08_knn_cleaning_colab_ultra
9595,1,1.0,1,challenge_08_knn_cleaning_colab_ultra
9596,1,1.0,1,challenge_08_knn_cleaning_colab_ultra
9597,1,1.0,1,challenge_08_knn_cleaning_colab_ultra
9598,1,0.5366808,1,challenge_08_knn_cleaning_colab_ultra
9599,1,1.0,1,challenge_08_knn_cleaning_colab_ultra
9600,1,1.0,1,challenge_08_knn_cleaning_colab_ultra
9601,0,0.4933929,0,challenge_08_knn_cleaning_colab_ultra
9602,1,1.0,1,challenge_08_knn_cleaning_colab_ultra
9603,1,1.0,1,challenge_08_knn_cleaning_colab_ultra
9604,0,0.5018129,1,challenge_08_knn_cleaning_colab_ultra
9605,1,1.0,1,challenge_08_knn_cleaning_colab_ultra
9606,1,1.0,1,challenge_08_knn_cleaning_colab_ultra
9607,1,1.0,1,challenge_08_knn_cleaning_colab_ultra
9608,1,1.0,1,challenge_08_knn_cleaning_colab_ultra
9609,1,1.0,1,challenge_08_knn_cleaning_colab_ultra
9610,1,1.0,1,challenge_08_knn_cleaning_colab_ultra
9611,1,1.0,1,challenge_08_knn_cleaning_colab_ultra
9612,0,0.0,0,challenge_08_knn_cleaning_colab_ultra
9613,0,0.4947457,0,challenge_08_knn_cleaning_colab_ultra
9614,1,0.50159115,1,challenge_08_knn_cleaning_colab_ultra
9615,0,0.0,0,challenge_08_knn_cleaning_colab_ultra
9616,0,0.0,0,challenge_08_knn_cleaning_colab_ultra
9617,1,0.0,0,challenge_08_knn_cleaning_colab_ultra
9618,0,0.5009788,1,challenge_08_knn_cleaning_colab_ultra
9619,1,0.5190147,1,challenge_08_knn_cleaning_colab_ultra
9620,0,0.0,0,challenge_08_knn_cleaning_colab_ultra
9621,1,1.0,1,challenge_08_knn_cleaning_colab_ultra
9622,0,0.4946477,0,challenge_08_knn_cleaning_colab_ultra
9623,0,0.0,0,challenge_08_knn_cleaning_colab_ultra
9624,1,1.0,1,challenge_08_knn_cleaning_colab_ultra
9625,0,1.0,1,challenge_08_knn_cleaning_colab_ultra
9626,0,0.0,0,challenge_08_knn_cleaning_colab_ultra
9627,1,0.5055097,1,challenge_08_knn_cleaning_colab_ultra
9628,1,0.0,0,challenge_08_knn_cleaning_colab_ultra
9629,0,1.0,1,challenge_08_knn_cleaning_colab_ultra
9630,0,0.48191598,0,challenge_08_knn_cleaning_colab_ultra
9631,0,0.0,0,challenge_08_knn_cleaning_colab_ultra
9632,0,0.5012003,1,challenge_08_knn_cleaning_colab_ultra
9633,0,0.0,0,challenge_08_knn_cleaning_colab_ultra
9634,1,1.0,1,challenge_08_knn_cleaning_colab_ultra
9635,1,1.0,1,challenge_08_knn_cleaning_colab_ultra
9636,1,0.0,0,challenge_08_knn_cleaning_colab_ultra
9637,0,0.0,0,challenge_08_knn_cleaning_colab_ultra
9638,0,0.0,0,challenge_08_knn_cleaning_colab_ultra
9639,1,1.0,1,challenge_08_knn_cleaning_colab_ultra
9640,0,0.0,0,challenge_08_knn_cleaning_colab_ultra
9641,0,0.5027978,1,challenge_08_knn_cleaning_colab_ultra
9642,0,0.0,0,challenge_08_knn_cleaning_colab_ultra
9643,0,0.5020475,1,challenge_08_knn_cleaning_colab_ultra
9644,1,0.0,0,challenge_08_knn_cleaning_colab_ultra
9645,1,0.5057803,1,challenge_08_knn_cleaning_colab_ultra
9646,1,1.0,1,challenge_08_knn_cleaning_colab_ultra
9647,1,1.0,1,challenge_08_knn_cleaning_colab_ultra
9648,0,0.0,0,challenge_08_knn_cleaning_colab_ultra
9649,0,0.0,0,challenge_08_knn_cleaning_colab_ultra
9650,1,1.0,1,challenge_08_knn_cleaning_colab_ultra
9651,0,0.0,0,challenge_08_knn_cleaning_colab_ultra
9652,0,0.49982235,0,challenge_08_knn_cleaning_colab_ultra
9653,0,0.0,0,challenge_08_knn_cleaning_colab_ultra
9654,0,0.0,0,challenge_08_knn_cleaning_colab_ultra
9655,0,0.37925446,0,challenge_08_knn_cleaning_colab_ultra
9656,1,1.0,1,challenge_08_knn_cleaning_colab_ultra
9657,1,1.0,1,challenge_08_knn_cleaning_colab_ultra
9658,0,0.49089798,0,challenge_08_knn_cleaning_colab_ultra
9659,0,0.49642152,0,challenge_08_knn_cleaning_colab_ultra
9660,1,0.66287565,1,challenge_08_knn_cleaning_colab_ultra
9661,0,0.4790349,0,challenge_08_knn_cleaning_colab_ultra
9662,1,0.49671993,0,challenge_08_knn_cleaning_colab_ultra
9663,1,0.48128387,0,challenge_08_knn_cleaning_colab_ultra
9664,0,0.47212157,0,challenge_08_knn_cleaning_colab_ultra
9665,1,0.49803323,0,challenge_08_knn_cleaning_colab_ultra
9666,1,0.0,0,challenge_08_knn_cleaning_colab_ultra
9667,0,0.0,0,challenge_08_knn_cleaning_colab_ultra
9668,0,0.0,0,challenge_08_knn_cleaning_colab_ultra
9669,1,0.49722528,0,challenge_08_knn_cleaning_colab_ultra
9670,0,0.4585101,0,challenge_08_knn_cleaning_colab_ultra
9671,0,0.49330428,0,challenge_08_knn_cleaning_colab_ultra
9672,0,0.0,0,challenge_08_knn_cleaning_colab_ultra
9673,1,1.0,1,challenge_08_knn_cleaning_colab_ultra
9674,1,1.0,1,challenge_08_knn_cleaning_colab_ultra
9675,1,1.0,1,challenge_08_knn_cleaning_colab_ultra
9676,0,0.0,0,challenge_08_knn_cleaning_colab_ultra
9677,0,0.49939397,0,challenge_08_knn_cleaning_colab_ultra
9678,1,0.50004184,1,challenge_08_knn_cleaning_colab_ultra
9679,0,0.0,0,challenge_08_knn_cleaning_colab_ultra
9680,0,0.4477321,0,challenge_08_knn_cleaning_colab_ultra
9681,0,0.5076802,1,challenge_08_knn_cleaning_colab_ultra
9682,0,0.48610008,0,challenge_08_knn_cleaning_colab_ultra
9683,0,0.0,0,challenge_08_knn_cleaning_colab_ultra
9684,0,0.0,0,challenge_08_knn_cleaning_colab_ultra
9685,0,0.5061199,1,challenge_08_knn_cleaning_colab_ultra
9686,1,1.0,1,challenge_08_knn_cleaning_colab_ultra
9687,0,0.4783974,0,challenge_08_knn_cleaning_colab_ultra
9688,0,0.0,0,challenge_08_knn_cleaning_colab_ultra
9689,1,0.49627572,0,challenge_08_knn_cleaning_colab_ultra
9690,0,0.46760976,0,challenge_08_knn_cleaning_colab_ultra
9691,1,0.5279843,1,challenge_08_knn_cleaning_colab_ultra
9692,1,0.5066596,1,challenge_08_knn_cleaning_colab_ultra
9693,1,0.51146615,1,challenge_08_knn_cleaning_colab_ultra
9694,0,0.50107235,1,challenge_08_knn_cleaning_colab_ultra
9695,1,1.0,1,challenge_08_knn_cleaning_colab_ultra
9696,1,0.53664416,1,challenge_08_knn_cleaning_colab_ultra
9697,0,0.0,0,challenge_08_knn_cleaning_colab_ultra
9698,0,0.0,0,challenge_08_knn_cleaning_colab_ultra
9699,0,0.0,0,challenge_08_knn_cleaning_colab_ultra
9700,1,1.0,1,challenge_08_knn_cleaning_colab_ultra
9701,1,1.0,1,challenge_08_knn_cleaning_colab_ultra
9702,1,1.0,1,challenge_08_knn_cleaning_colab_ultra
9703,0,1.0,1,challenge_08_knn_cleaning_colab_ultra
9704,1,0.51067793,1,challenge_08_knn_cleaning_colab_ultra
9705,0,0.5097759,1,challenge_08_knn_cleaning_colab_ultra
9706,1,0.0,0,challenge_08_knn_cleaning_colab_ultra
9707,1,0.50154597,1,challenge_08_knn_cleaning_colab_ultra
9708,0,0.0,0,challenge_08_knn_cleaning_colab_ultra
9709,0,0.40338236,0,challenge_08_knn_cleaning_colab_ultra
9710,1,1.0,1,challenge_08_knn_cleaning_colab_ultra
9711,1,1.0,1,challenge_08_knn_cleaning_colab_ultra
9712,1,1.0,1,challenge_08_knn_cleaning_colab_ultra
9713,1,0.520441,1,challenge_08_knn_cleaning_colab_ultra
9714,1,1.0,1,challenge_08_knn_cleaning_colab_ultra
9715,1,1.0,1,challenge_08_knn_cleaning_colab_ultra
9716,0,0.0,0,challenge_08_knn_cleaning_colab_ultra
9717,0,0.49822006,0,challenge_08_knn_cleaning_colab_ultra
9718,1,0.48456553,0,challenge_08_knn_cleaning_colab_ultra
9719,0,0.0,0,challenge_08_knn_cleaning_colab_ultra
9720,0,0.0,0,challenge_08_knn_cleaning_colab_ultra
9721,1,1.0,1,challenge_08_knn_cleaning_colab_ultra
9722,0,1.0,1,challenge_08_knn_cleaning_colab_ultra
9723,0,0.4817976,0,challenge_08_knn_cleaning_colab_ultra
9724,0,0.50081414,1,challenge_08_knn_cleaning_colab_ultra
9725,0,0.0,0,challenge_08_knn_cleaning_colab_ultra
9726,0,0.5142859,1,challenge_08_knn_cleaning_colab_ultra
9727,1,1.0,1,challenge_08_knn_cleaning_colab_ultra
9728,0,0.50608945,1,challenge_08_knn_cleaning_colab_ultra
9729,0,0.0,0,challenge_08_knn_cleaning_colab_ultra
9730,0,0.0,0,challenge_08_knn_cleaning_colab_ultra
9731,1,1.0,1,challenge_08_knn_cleaning_colab_ultra
9732,0,0.0,0,challenge_08_knn_cleaning_colab_ultra
9733,1,0.49570423,0,challenge_08_knn_cleaning_colab_ultra
9734,0,0.0,0,challenge_08_knn_cleaning_colab_ultra
9735,0,0.0,0,challenge_08_knn_cleaning_colab_ultra
9736,0,0.49662626,0,challenge_08_knn_cleaning_colab_ultra
9737,0,0.49739257,0,challenge_08_knn_cleaning_colab_ultra
9738,1,1.0,1,challenge_08_knn_cleaning_colab_ultra
9739,1,0.5139265,1,challenge_08_knn_cleaning_colab_ultra
9740,0,0.0,0,challenge_08_knn_cleaning_colab_ultra
9741,1,1.0,1,challenge_08_knn_cleaning_colab_ultra
9742,0,0.0,0,challenge_08_knn_cleaning_colab_ultra
9743,1,1.0,1,challenge_08_knn_cleaning_colab_ultra
9744,0,0.0,0,challenge_08_knn_cleaning_colab_ultra
9745,1,0.0,0,challenge_08_knn_cleaning_colab_ultra
9746,0,0.0,0,challenge_08_knn_cleaning_colab_ultra
9747,1,0.516969,1,challenge_08_knn_cleaning_colab_ultra
9748,1,1.0,1,challenge_08_knn_cleaning_colab_ultra
9749,1,1.0,1,challenge_08_knn_cleaning_colab_ultra
9750,0,0.51378584,1,challenge_08_knn_cleaning_colab_ultra
9751,0,0.49879518,0,challenge_08_knn_cleaning_colab_ultra
9752,0,0.49598822,0,challenge_08_knn_cleaning_colab_ultra
9753,0,0.48648426,0,challenge_08_knn_cleaning_colab_ultra
9754,1,1.0,1,challenge_08_knn_cleaning_colab_ultra
9755,1,1.0,1,challenge_08_knn_cleaning_colab_ultra
9756,0,0.5213024,1,challenge_08_knn_cleaning_colab_ultra
9757,0,0.4967553,0,challenge_08_knn_cleaning_colab_ultra
9758,0,0.507686,1,challenge_08_knn_cleaning_colab_ultra
9759,1,1.0,1,challenge_08_knn_cleaning_colab_ultra
9760,1,1.0,1,challenge_08_knn_cleaning_colab_ultra
9761,0,0.4839037,0,challenge_08_knn_cleaning_colab_ultra
9762,0,0.0,0,challenge_08_knn_cleaning_colab_ultra
9763,1,1.0,1,challenge_08_knn_cleaning_colab_ultra
9764,0,1.0,1,challenge_08_knn_cleaning_colab_ultra
9765,1,1.0,1,challenge_08_knn_cleaning_colab_ultra
9766,1,1.0,1,challenge_08_knn_cleaning_colab_ultra
9767,1,1.0,1,challenge_08_knn_cleaning_colab_ultra
9768,1,1.0,1,challenge_08_knn_cleaning_colab_ultra
9769,1,1.0,1,challenge_08_knn_cleaning_colab_ultra
9770,1,1.0,1,challenge_08_knn_cleaning_colab_ultra
9771,0,0.0,0,challenge_08_knn_cleaning_colab_ultra
9772,1,0.50047904,1,challenge_08_knn_cleaning_colab_ultra
9773,0,0.0,0,challenge_08_knn_cleaning_colab_ultra
9774,1,0.0,0,challenge_08_knn_cleaning_colab_ultra
9775,0,0.0,0,challenge_08_knn_cleaning_colab_ultra
9776,0,1.0,1,challenge_08_knn_cleaning_colab_ultra
9777,0,0.0,0,challenge_08_knn_cleaning_colab_ultra
9778,0,0.0,0,challenge_08_knn_cleaning_colab_ultra
9779,1,1.0,1,challenge_08_knn_cleaning_colab_ultra
9780,0,0.445384,0,challenge_08_knn_cleaning_colab_ultra
9781,0,0.0,0,challenge_08_knn_cleaning_colab_ultra
9782,1,0.50127846,1,challenge_08_knn_cleaning_colab_ultra
9783,1,1.0,1,challenge_08_knn_cleaning_colab_ultra
9784,1,1.0,1,challenge_08_knn_cleaning_colab_ultra
9785,1,1.0,1,challenge_08_knn_cleaning_colab_ultra
9786,0,0.0,0,challenge_08_knn_cleaning_colab_ultra
9787,0,0.0,0,challenge_08_knn_cleaning_colab_ultra
9788,0,0.0,0,challenge_08_knn_cleaning_colab_ultra
9789,0,0.48545015,0,challenge_08_knn_cleaning_colab_ultra
9790,1,1.0,1,challenge_08_knn_cleaning_colab_ultra
9791,1,1.0,1,challenge_08_knn_cleaning_colab_ultra
9792,1,0.49209943,0,challenge_08_knn_cleaning_colab_ultra
9793,1,1.0,1,challenge_08_knn_cleaning_colab_ultra
9794,0,0.0,0,challenge_08_knn_cleaning_colab_ultra
9795,0,0.50111777,1,challenge_08_knn_cleaning_colab_ultra
9796,1,0.5117218,1,challenge_08_knn_cleaning_colab_ultra
9797,0,0.5016083,1,challenge_08_knn_cleaning_colab_ultra
9798,0,0.37759194,0,challenge_08_knn_cleaning_colab_ultra
9799,1,1.0,1,challenge_08_knn_cleaning_colab_ultra
9800,1,1.0,1,challenge_08_knn_cleaning_colab_ultra
9801,0,0.49583486,0,challenge_08_knn_cleaning_colab_ultra
9802,0,1.0,1,challenge_08_knn_cleaning_colab_ultra
9803,1,1.0,1,challenge_08_knn_cleaning_colab_ultra
9804,1,1.0,1,challenge_08_knn_cleaning_colab_ultra
9805,0,0.41145265,0,challenge_08_knn_cleaning_colab_ultra
9806,0,1.0,1,challenge_08_knn_cleaning_colab_ultra
9807,1,0.5135267,1,challenge_08_knn_cleaning_colab_ultra
9808,1,1.0,1,challenge_08_knn_cleaning_colab_ultra
9809,0,0.0,0,challenge_08_knn_cleaning_colab_ultra
9810,1,1.0,1,challenge_08_knn_cleaning_colab_ultra
9811,1,0.54036224,1,challenge_08_knn_cleaning_colab_ultra
9812,1,0.50092095,1,challenge_08_knn_cleaning_colab_ultra
9813,1,1.0,1,challenge_08_knn_cleaning_colab_ultra
9814,1,1.0,1,challenge_08_knn_cleaning_colab_ultra
9815,1,1.0,1,challenge_08_knn_cleaning_colab_ultra
9816,0,0.0,0,challenge_08_knn_cleaning_colab_ultra
9817,1,1.0,1,challenge_08_knn_cleaning_colab_ultra
9818,0,0.0,0,challenge_08_knn_cleaning_colab_ultra
9819,0,0.0,0,challenge_08_knn_cleaning_colab_ultra
9820,0,0.0,0,challenge_08_knn_cleaning_colab_ultra
9821,1,0.0,0,challenge_08_knn_cleaning_colab_ultra
9822,1,1.0,1,challenge_08_knn_cleaning_colab_ultra
9823,1,1.0,1,challenge_08_knn_cleaning_colab_ultra
9824,0,0.0,0,challenge_08_knn_cleaning_colab_ultra
9825,0,0.0,0,challenge_08_knn_cleaning_colab_ultra
9826,0,0.50538456,1,challenge_08_knn_cleaning_colab_ultra
9827,1,1.0,1,challenge_08_knn_cleaning_colab_ultra
9828,1,1.0,1,challenge_08_knn_cleaning_colab_ultra
9829,0,0.0,0,challenge_08_knn_cleaning_colab_ultra
9830,1,1.0,1,challenge_08_knn_cleaning_colab_ultra
9831,0,0.0,0,challenge_08_knn_cleaning_colab_ultra
9832,1,0.5125837,1,challenge_08_knn_cleaning_colab_ultra
9833,1,0.51850396,1,challenge_08_knn_cleaning_colab_ultra
9834,1,1.0,1,challenge_08_knn_cleaning_colab_ultra
9835,0,0.0,0,challenge_08_knn_cleaning_colab_ultra
9836,0,0.0,0,challenge_08_knn_cleaning_colab_ultra
9837,0,0.0,0,challenge_08_knn_cleaning_colab_ultra
9838,1,1.0,1,challenge_08_knn_cleaning_colab_ultra
9839,1,0.5078625,1,challenge_08_knn_cleaning_colab_ultra
9840,0,0.0,0,challenge_08_knn_cleaning_colab_ultra
9841,0,0.0,0,challenge_08_knn_cleaning_colab_ultra
9842,1,1.0,1,challenge_08_knn_cleaning_colab_ultra
9843,0,0.0,0,challenge_08_knn_cleaning_colab_ultra
9844,0,0.0,0,challenge_08_knn_cleaning_colab_ultra
9845,0,0.50312287,1,challenge_08_knn_cleaning_colab_ultra
9846,0,0.47479522,0,challenge_08_knn_cleaning_colab_ultra
9847,1,1.0,1,challenge_08_knn_cleaning_colab_ultra
9848,1,1.0,1,challenge_08_knn_cleaning_colab_ultra
9849,1,1.0,1,challenge_08_knn_cleaning_colab_ultra
9850,0,1.0,1,challenge_08_knn_cleaning_colab_ultra
9851,0,0.0,0,challenge_08_knn_cleaning_colab_ultra
9852,1,0.51201683,1,challenge_08_knn_cleaning_colab_ultra
9853,1,1.0,1,challenge_08_knn_cleaning_colab_ultra
9854,1,1.0,1,challenge_08_knn_cleaning_colab_ultra
9855,0,0.46965477,0,challenge_08_knn_cleaning_colab_ultra
9856,1,1.0,1,challenge_08_knn_cleaning_colab_ultra
9857,0,0.4689002,0,challenge_08_knn_cleaning_colab_ultra
9858,0,0.0,0,challenge_08_knn_cleaning_colab_ultra
9859,0,0.3992069,0,challenge_08_knn_cleaning_colab_ultra
9860,1,1.0,1,challenge_08_knn_cleaning_colab_ultra
9861,0,0.5147541,1,challenge_08_knn_cleaning_colab_ultra
9862,1,0.4988203,0,challenge_08_knn_cleaning_colab_ultra
9863,0,1.0,1,challenge_08_knn_cleaning_colab_ultra
9864,0,1.0,1,challenge_08_knn_cleaning_colab_ultra
9865,1,1.0,1,challenge_08_knn_cleaning_colab_ultra
9866,0,0.0,0,challenge_08_knn_cleaning_colab_ultra
9867,1,1.0,1,challenge_08_knn_cleaning_colab_ultra
9868,1,1.0,1,challenge_08_knn_cleaning_colab_ultra
9869,1,0.5168282,1,challenge_08_knn_cleaning_colab_ultra
9870,1,1.0,1,challenge_08_knn_cleaning_colab_ultra
9871,0,0.0,0,challenge_08_knn_cleaning_colab_ultra
9872,1,1.0,1,challenge_08_knn_cleaning_colab_ultra
9873,1,0.0,0,challenge_08_knn_cleaning_colab_ultra
9874,0,0.50431216,1,challenge_08_knn_cleaning_colab_ultra
9875,0,0.0,0,challenge_08_knn_cleaning_colab_ultra
9876,1,1.0,1,challenge_08_knn_cleaning_colab_ultra
9877,0,0.0,0,challenge_08_knn_cleaning_colab_ultra
9878,0,0.0,0,challenge_08_knn_cleaning_colab_ultra
9879,0,0.0,0,challenge_08_knn_cleaning_colab_ultra
9880,0,1.0,1,challenge_08_knn_cleaning_colab_ultra
9881,0,0.0,0,challenge_08_knn_cleaning_colab_ultra
9882,1,1.0,1,challenge_08_knn_cleaning_colab_ultra
9883,1,1.0,1,challenge_08_knn_cleaning_colab_ultra
9884,1,1.0,1,challenge_08_knn_cleaning_colab_ultra
9885,1,0.50000364,1,challenge_08_knn_cleaning_colab_ultra
9886,0,0.0,0,challenge_08_knn_cleaning_colab_ultra
9887,0,0.51186526,1,challenge_08_knn_cleaning_colab_ultra
9888,0,0.0,0,challenge_08_knn_cleaning_colab_ultra
9889,0,1.0,1,challenge_08_knn_cleaning_colab_ultra
9890,0,0.0,0,challenge_08_knn_cleaning_colab_ultra
9891,0,0.4856328,0,challenge_08_knn_cleaning_colab_ultra
9892,1,1.0,1,challenge_08_knn_cleaning_colab_ultra
9893,1,1.0,1,challenge_08_knn_cleaning_colab_ultra
9894,0,0.5056511,1,challenge_08_knn_cleaning_colab_ultra
9895,1,0.5097606,1,challenge_08_knn_cleaning_colab_ultra
9896,0,0.0,0,challenge_08_knn_cleaning_colab_ultra
9897,1,1.0,1,challenge_08_knn_cleaning_colab_ultra
9898,0,0.0,0,challenge_08_knn_cleaning_colab_ultra
9899,0,0.0,0,challenge_08_knn_cleaning_colab_ultra
9900,0,0.54690313,1,challenge_08_knn_cleaning_colab_ultra
9901,1,1.0,1,challenge_08_knn_cleaning_colab_ultra
9902,1,1.0,1,challenge_08_knn_cleaning_colab_ultra
9903,0,0.0,0,challenge_08_knn_cleaning_colab_ultra
9904,0,0.0,0,challenge_08_knn_cleaning_colab_ultra
9905,0,0.4749881,0,challenge_08_knn_cleaning_colab_ultra
9906,1,1.0,1,challenge_08_knn_cleaning_colab_ultra
9907,0,0.0,0,challenge_08_knn_cleaning_colab_ultra
9908,0,0.0,0,challenge_08_knn_cleaning_colab_ultra
9909,0,0.0,0,challenge_08_knn_cleaning_colab_ultra
9910,1,0.50921357,1,challenge_08_knn_cleaning_colab_ultra
9911,0,0.50466985,1,challenge_08_knn_cleaning_colab_ultra
9912,1,0.49701393,0,challenge_08_knn_cleaning_colab_ultra
9913,0,0.0,0,challenge_08_knn_cleaning_colab_ultra
9914,0,0.5039144,1,challenge_08_knn_cleaning_colab_ultra
9915,0,0.0,0,challenge_08_knn_cleaning_colab_ultra
9916,0,0.5153089,1,challenge_08_knn_cleaning_colab_ultra
9917,1,0.5028102,1,challenge_08_knn_cleaning_colab_ultra
9918,1,1.0,1,challenge_08_knn_cleaning_colab_ultra
9919,1,0.50400317,1,challenge_08_knn_cleaning_colab_ultra
9920,1,1.0,1,challenge_08_knn_cleaning_colab_ultra
9921,0,1.0,1,challenge_08_knn_cleaning_colab_ultra
9922,0,0.42115438,0,challenge_08_knn_cleaning_colab_ultra
9923,0,0.4941006,0,challenge_08_knn_cleaning_colab_ultra
9924,1,1.0,1,challenge_08_knn_cleaning_colab_ultra
9925,1,1.0,1,challenge_08_knn_cleaning_colab_ultra
9926,0,0.492268,0,challenge_08_knn_cleaning_colab_ultra
9927,1,0.0,0,challenge_08_knn_cleaning_colab_ultra
9928,1,1.0,1,challenge_08_knn_cleaning_colab_ultra
9929,0,0.5066693,1,challenge_08_knn_cleaning_colab_ultra
9930,1,0.6322031,1,challenge_08_knn_cleaning_colab_ultra
9931,0,1.0,1,challenge_08_knn_cleaning_colab_ultra
9932,1,0.51129395,1,challenge_08_knn_cleaning_colab_ultra
9933,1,0.48915106,0,challenge_08_knn_cleaning_colab_ultra
9934,0,0.47180662,0,challenge_08_knn_cleaning_colab_ultra
9935,1,0.0,0,challenge_08_knn_cleaning_colab_ultra
9936,0,0.0,0,challenge_08_knn_cleaning_colab_ultra
9937,1,1.0,1,challenge_08_knn_cleaning_colab_ultra
9938,1,1.0,1,challenge_08_knn_cleaning_colab_ultra
9939,0,0.49523157,0,challenge_08_knn_cleaning_colab_ultra
9940,0,0.482857,0,challenge_08_knn_cleaning_colab_ultra
9941,1,1.0,1,challenge_08_knn_cleaning_colab_ultra
9942,1,0.4968116,0,challenge_08_knn_cleaning_colab_ultra
9943,1,1.0,1,challenge_08_knn_cleaning_colab_ultra
9944,0,0.4337047,0,challenge_08_knn_cleaning_colab_ultra
9945,1,1.0,1,challenge_08_knn_cleaning_colab_ultra
9946,0,0.0,0,challenge_08_knn_cleaning_colab_ultra
9947,1,0.5057011,1,challenge_08_knn_cleaning_colab_ultra
9948,1,1.0,1,challenge_08_knn_cleaning_colab_ultra
9949,0,0.0,0,challenge_08_knn_cleaning_colab_ultra
9950,0,0.0,0,challenge_08_knn_cleaning_colab_ultra
9951,0,1.0,1,challenge_08_knn_cleaning_colab_ultra
9952,1,1.0,1,challenge_08_knn_cleaning_colab_ultra
9953,1,0.0,0,challenge_08_knn_cleaning_colab_ultra
9954,0,0.0,0,challenge_08_knn_cleaning_colab_ultra
9955,0,1.0,1,challenge_08_knn_cleaning_colab_ultra
9956,1,1.0,1,challenge_08_knn_cleaning_colab_ultra
9957,1,1.0,1,challenge_08_knn_cleaning_colab_ultra
9958,1,0.49893314,0,challenge_08_knn_cleaning_colab_ultra
9959,0,0.0,0,challenge_08_knn_cleaning_colab_ultra
9960,1,1.0,1,challenge_08_knn_cleaning_colab_ultra
9961,1,0.5060189,1,challenge_08_knn_cleaning_colab_ultra
9962,1,1.0,1,challenge_08_knn_cleaning_colab_ultra
9963,0,0.0,0,challenge_08_knn_cleaning_colab_ultra
9964,0,0.0,0,challenge_08_knn_cleaning_colab_ultra
9965,1,0.5152351,1,challenge_08_knn_cleaning_colab_ultra
9966,1,0.50467634,1,challenge_08_knn_cleaning_colab_ultra
9967,0,0.49918228,0,challenge_08_knn_cleaning_colab_ultra
9968,0,0.4992371,0,challenge_08_knn_cleaning_colab_ultra
9969,1,1.0,1,challenge_08_knn_cleaning_colab_ultra
9970,0,0.49777898,0,challenge_08_knn_cleaning_colab_ultra
9971,0,0.0,0,challenge_08_knn_cleaning_colab_ultra
9972,0,0.0,0,challenge_08_knn_cleaning_colab_ultra
9973,1,1.0,1,challenge_08_knn_cleaning_colab_ultra
9974,1,0.52208924,1,challenge_08_knn_cleaning_colab_ultra
9975,1,1.0,1,challenge_08_knn_cleaning_colab_ultra
9976,1,1.0,1,challenge_08_knn_cleaning_colab_ultra
9977,1,1.0,1,challenge_08_knn_cleaning_colab_ultra
9978,1,0.0,0,challenge_08_knn_cleaning_colab_ultra
9979,1,1.0,1,challenge_08_knn_cleaning_colab_ultra
9980,0,0.0,0,challenge_08_knn_cleaning_colab_ultra
9981,1,1.0,1,challenge_08_knn_cleaning_colab_ultra
9982,0,0.0,0,challenge_08_knn_cleaning_colab_ultra
9983,1,1.0,1,challenge_08_knn_cleaning_colab_ultra
9984,0,0.0,0,challenge_08_knn_cleaning_colab_ultra
9985,1,0.5032935,1,challenge_08_knn_cleaning_colab_ultra
9986,0,0.0,0,challenge_08_knn_cleaning_colab_ultra
9987,1,1.0,1,challenge_08_knn_cleaning_colab_ultra
9988,0,1.0,1,challenge_08_knn_cleaning_colab_ultra
9989,0,0.0,0,challenge_08_knn_cleaning_colab_ultra
9990,0,0.4939254,0,challenge_08_knn_cleaning_colab_ultra
9991,0,0.5031019,1,challenge_08_knn_cleaning_colab_ultra
9992,0,0.0,0,challenge_08_knn_cleaning_colab_ultra
9993,1,0.50347906,1,challenge_08_knn_cleaning_colab_ultra
9994,0,0.0,0,challenge_08_knn_cleaning_colab_ultra
9995,0,0.4888682,0,challenge_08_knn_cleaning_colab_ultra
9996,0,1.0,1,challenge_08_knn_cleaning_colab_ultra
9997,1,0.49991047,0,challenge_08_knn_cleaning_colab_ultra
9998,1,1.0,1,challenge_08_knn_cleaning_colab_ultra
9999,0,1.0,1,challenge_08_knn_cleaning_colab_ultra
10000,1,0.4984669,0,challenge_08_knn_cleaning_colab_ultra
