candidate_id,source,signature,clean__method,scale__method,pca__n_components,model__C,model__gamma,params_json,stage,fold_idx,fold_accuracy,fit_seconds,removed_rows
stage3_000,stage3_seed_0,"{""clean__method"": ""lof_0.03"", ""model__C"": 3.0, ""model__gamma"": 0.01, ""pca__n_components"": 104, ""scale__method"": ""power_yeo""}",lof_0.03,power_yeo,104,3.0,0.01,"{""clean__method"": ""lof_0.03"", ""model__C"": 3.0, ""model__gamma"": 0.01, ""pca__n_components"": 104, ""scale__method"": ""power_yeo""}",stage3_local_cv,0,0.81125,9.671,192
stage3_001,stage3_seed_0,"{""clean__method"": ""lof_0.03"", ""model__C"": 3.0, ""model__gamma"": 0.02, ""pca__n_components"": 104, ""scale__method"": ""power_yeo""}",lof_0.03,power_yeo,104,3.0,0.02,"{""clean__method"": ""lof_0.03"", ""model__C"": 3.0, ""model__gamma"": 0.02, ""pca__n_components"": 104, ""scale__method"": ""power_yeo""}",stage3_local_cv,0,0.8,9.128,192
stage3_002,stage3_seed_0,"{""clean__method"": ""lof_0.03"", ""model__C"": 3.0, ""model__gamma"": 0.03, ""pca__n_components"": 104, ""scale__method"": ""power_yeo""}",lof_0.03,power_yeo,104,3.0,0.03,"{""clean__method"": ""lof_0.03"", ""model__C"": 3.0, ""model__gamma"": 0.03, ""pca__n_components"": 104, ""scale__method"": ""power_yeo""}",stage3_local_cv,0,0.779375,8.328,192
stage3_003,stage3_seed_0,"{""clean__method"": ""lof_0.03"", ""model__C"": 3.0, ""model__gamma"": 0.04, ""pca__n_components"": 104, ""scale__method"": ""power_yeo""}",lof_0.03,power_yeo,104,3.0,0.04,"{""clean__method"": ""lof_0.03"", ""model__C"": 3.0, ""model__gamma"": 0.04, ""pca__n_components"": 104, ""scale__method"": ""power_yeo""}",stage3_local_cv,0,0.758125,9.852,192
stage3_004,stage3_seed_0,"{""clean__method"": ""lof_0.03"", ""model__C"": 4.0, ""model__gamma"": 0.01, ""pca__n_components"": 104, ""scale__method"": ""power_yeo""}",lof_0.03,power_yeo,104,4.0,0.01,"{""clean__method"": ""lof_0.03"", ""model__C"": 4.0, ""model__gamma"": 0.01, ""pca__n_components"": 104, ""scale__method"": ""power_yeo""}",stage3_local_cv,0,0.810625,12.17,192
stage3_005,stage3_seed_0,"{""clean__method"": ""lof_0.03"", ""model__C"": 4.0, ""model__gamma"": 0.02, ""pca__n_components"": 104, ""scale__method"": ""power_yeo""}",lof_0.03,power_yeo,104,4.0,0.02,"{""clean__method"": ""lof_0.03"", ""model__C"": 4.0, ""model__gamma"": 0.02, ""pca__n_components"": 104, ""scale__method"": ""power_yeo""}",stage3_local_cv,0,0.799375,9.562,192
stage3_006,stage3_seed_0,"{""clean__method"": ""lof_0.03"", ""model__C"": 4.0, ""model__gamma"": 0.03, ""pca__n_components"": 104, ""scale__method"": ""power_yeo""}",lof_0.03,power_yeo,104,4.0,0.03,"{""clean__method"": ""lof_0.03"", ""model__C"": 4.0, ""model__gamma"": 0.03, ""pca__n_components"": 104, ""scale__method"": ""power_yeo""}",stage3_local_cv,0,0.7775,8.454,192
stage3_007,stage3_seed_0,"{""clean__method"": ""lof_0.03"", ""model__C"": 4.0, ""model__gamma"": 0.04, ""pca__n_components"": 104, ""scale__method"": ""power_yeo""}",lof_0.03,power_yeo,104,4.0,0.04,"{""clean__method"": ""lof_0.03"", ""model__C"": 4.0, ""model__gamma"": 0.04, ""pca__n_components"": 104, ""scale__method"": ""power_yeo""}",stage3_local_cv,0,0.75875,9.237,192
stage3_008,stage3_seed_0,"{""clean__method"": ""lof_0.03"", ""model__C"": 6.0, ""model__gamma"": 0.01, ""pca__n_components"": 104, ""scale__method"": ""power_yeo""}",lof_0.03,power_yeo,104,6.0,0.01,"{""clean__method"": ""lof_0.03"", ""model__C"": 6.0, ""model__gamma"": 0.01, ""pca__n_components"": 104, ""scale__method"": ""power_yeo""}",stage3_local_cv,0,0.80625,9.453,192
stage3_009,stage3_seed_0,"{""clean__method"": ""lof_0.03"", ""model__C"": 6.0, ""model__gamma"": 0.02, ""pca__n_components"": 104, ""scale__method"": ""power_yeo""}",lof_0.03,power_yeo,104,6.0,0.02,"{""clean__method"": ""lof_0.03"", ""model__C"": 6.0, ""model__gamma"": 0.02, ""pca__n_components"": 104, ""scale__method"": ""power_yeo""}",stage3_local_cv,0,0.7975,9.18,192
stage3_010,stage3_seed_0,"{""clean__method"": ""lof_0.03"", ""model__C"": 6.0, ""model__gamma"": 0.03, ""pca__n_components"": 104, ""scale__method"": ""power_yeo""}",lof_0.03,power_yeo,104,6.0,0.03,"{""clean__method"": ""lof_0.03"", ""model__C"": 6.0, ""model__gamma"": 0.03, ""pca__n_components"": 104, ""scale__method"": ""power_yeo""}",stage3_local_cv,0,0.776875,8.65,192
stage3_011,stage3_seed_0,"{""clean__method"": ""lof_0.03"", ""model__C"": 6.0, ""model__gamma"": 0.04, ""pca__n_components"": 104, ""scale__method"": ""power_yeo""}",lof_0.03,power_yeo,104,6.0,0.04,"{""clean__method"": ""lof_0.03"", ""model__C"": 6.0, ""model__gamma"": 0.04, ""pca__n_components"": 104, ""scale__method"": ""power_yeo""}",stage3_local_cv,0,0.759375,9.197,192
stage3_012,stage3_seed_0,"{""clean__method"": ""lof_0.03"", ""model__C"": 8.0, ""model__gamma"": 0.01, ""pca__n_components"": 104, ""scale__method"": ""power_yeo""}",lof_0.03,power_yeo,104,8.0,0.01,"{""clean__method"": ""lof_0.03"", ""model__C"": 8.0, ""model__gamma"": 0.01, ""pca__n_components"": 104, ""scale__method"": ""power_yeo""}",stage3_local_cv,0,0.805625,9.503,192
stage3_013,stage3_seed_0,"{""clean__method"": ""lof_0.03"", ""model__C"": 8.0, ""model__gamma"": 0.02, ""pca__n_components"": 104, ""scale__method"": ""power_yeo""}",lof_0.03,power_yeo,104,8.0,0.02,"{""clean__method"": ""lof_0.03"", ""model__C"": 8.0, ""model__gamma"": 0.02, ""pca__n_components"": 104, ""scale__method"": ""power_yeo""}",stage3_local_cv,0,0.7975,8.355,192
stage3_014,stage3_seed_0,"{""clean__method"": ""lof_0.03"", ""model__C"": 8.0, ""model__gamma"": 0.03, ""pca__n_components"": 104, ""scale__method"": ""power_yeo""}",lof_0.03,power_yeo,104,8.0,0.03,"{""clean__method"": ""lof_0.03"", ""model__C"": 8.0, ""model__gamma"": 0.03, ""pca__n_components"": 104, ""scale__method"": ""power_yeo""}",stage3_local_cv,0,0.779375,9.37,192
stage3_015,stage3_seed_0,"{""clean__method"": ""lof_0.03"", ""model__C"": 8.0, ""model__gamma"": 0.04, ""pca__n_components"": 104, ""scale__method"": ""power_yeo""}",lof_0.03,power_yeo,104,8.0,0.04,"{""clean__method"": ""lof_0.03"", ""model__C"": 8.0, ""model__gamma"": 0.04, ""pca__n_components"": 104, ""scale__method"": ""power_yeo""}",stage3_local_cv,0,0.760625,9.596,192
stage3_016,stage3_seed_0,"{""clean__method"": ""lof_0.03"", ""model__C"": 3.0, ""model__gamma"": 0.01, ""pca__n_components"": 112, ""scale__method"": ""power_yeo""}",lof_0.03,power_yeo,112,3.0,0.01,"{""clean__method"": ""lof_0.03"", ""model__C"": 3.0, ""model__gamma"": 0.01, ""pca__n_components"": 112, ""scale__method"": ""power_yeo""}",stage3_local_cv,0,0.809375,9.504,192
stage3_017,stage3_seed_0,"{""clean__method"": ""lof_0.03"", ""model__C"": 3.0, ""model__gamma"": 0.02, ""pca__n_components"": 112, ""scale__method"": ""power_yeo""}",lof_0.03,power_yeo,112,3.0,0.02,"{""clean__method"": ""lof_0.03"", ""model__C"": 3.0, ""model__gamma"": 0.02, ""pca__n_components"": 112, ""scale__method"": ""power_yeo""}",stage3_local_cv,0,0.80125,8.182,192
stage3_018,stage3_seed_0,"{""clean__method"": ""lof_0.03"", ""model__C"": 3.0, ""model__gamma"": 0.03, ""pca__n_components"": 112, ""scale__method"": ""power_yeo""}",lof_0.03,power_yeo,112,3.0,0.03,"{""clean__method"": ""lof_0.03"", ""model__C"": 3.0, ""model__gamma"": 0.03, ""pca__n_components"": 112, ""scale__method"": ""power_yeo""}",stage3_local_cv,0,0.77875,9.213,192
stage3_019,stage3_seed_0,"{""clean__method"": ""lof_0.03"", ""model__C"": 3.0, ""model__gamma"": 0.04, ""pca__n_components"": 112, ""scale__method"": ""power_yeo""}",lof_0.03,power_yeo,112,3.0,0.04,"{""clean__method"": ""lof_0.03"", ""model__C"": 3.0, ""model__gamma"": 0.04, ""pca__n_components"": 112, ""scale__method"": ""power_yeo""}",stage3_local_cv,0,0.758125,9.179,192
stage3_020,stage3_seed_0,"{""clean__method"": ""lof_0.03"", ""model__C"": 4.0, ""model__gamma"": 0.01, ""pca__n_components"": 112, ""scale__method"": ""power_yeo""}",lof_0.03,power_yeo,112,4.0,0.01,"{""clean__method"": ""lof_0.03"", ""model__C"": 4.0, ""model__gamma"": 0.01, ""pca__n_components"": 112, ""scale__method"": ""power_yeo""}",stage3_local_cv,0,0.811875,8.439,192
stage3_021,stage3_seed_0,"{""clean__method"": ""lof_0.03"", ""model__C"": 4.0, ""model__gamma"": 0.02, ""pca__n_components"": 112, ""scale__method"": ""power_yeo""}",lof_0.03,power_yeo,112,4.0,0.02,"{""clean__method"": ""lof_0.03"", ""model__C"": 4.0, ""model__gamma"": 0.02, ""pca__n_components"": 112, ""scale__method"": ""power_yeo""}",stage3_local_cv,0,0.800625,8.954,192
stage3_022,stage3_seed_0,"{""clean__method"": ""lof_0.03"", ""model__C"": 4.0, ""model__gamma"": 0.03, ""pca__n_components"": 112, ""scale__method"": ""power_yeo""}",lof_0.03,power_yeo,112,4.0,0.03,"{""clean__method"": ""lof_0.03"", ""model__C"": 4.0, ""model__gamma"": 0.03, ""pca__n_components"": 112, ""scale__method"": ""power_yeo""}",stage3_local_cv,0,0.775625,9.0,192
stage3_023,stage3_seed_0,"{""clean__method"": ""lof_0.03"", ""model__C"": 4.0, ""model__gamma"": 0.04, ""pca__n_components"": 112, ""scale__method"": ""power_yeo""}",lof_0.03,power_yeo,112,4.0,0.04,"{""clean__method"": ""lof_0.03"", ""model__C"": 4.0, ""model__gamma"": 0.04, ""pca__n_components"": 112, ""scale__method"": ""power_yeo""}",stage3_local_cv,0,0.7575,9.16,192
stage3_024,stage3_seed_0,"{""clean__method"": ""lof_0.03"", ""model__C"": 6.0, ""model__gamma"": 0.01, ""pca__n_components"": 112, ""scale__method"": ""power_yeo""}",lof_0.03,power_yeo,112,6.0,0.01,"{""clean__method"": ""lof_0.03"", ""model__C"": 6.0, ""model__gamma"": 0.01, ""pca__n_components"": 112, ""scale__method"": ""power_yeo""}",stage3_local_cv,0,0.809375,8.479,192
stage3_025,stage3_seed_0,"{""clean__method"": ""lof_0.03"", ""model__C"": 6.0, ""model__gamma"": 0.02, ""pca__n_components"": 112, ""scale__method"": ""power_yeo""}",lof_0.03,power_yeo,112,6.0,0.02,"{""clean__method"": ""lof_0.03"", ""model__C"": 6.0, ""model__gamma"": 0.02, ""pca__n_components"": 112, ""scale__method"": ""power_yeo""}",stage3_local_cv,0,0.80125,9.098,192
stage3_026,stage3_seed_0,"{""clean__method"": ""lof_0.03"", ""model__C"": 6.0, ""model__gamma"": 0.03, ""pca__n_components"": 112, ""scale__method"": ""power_yeo""}",lof_0.03,power_yeo,112,6.0,0.03,"{""clean__method"": ""lof_0.03"", ""model__C"": 6.0, ""model__gamma"": 0.03, ""pca__n_components"": 112, ""scale__method"": ""power_yeo""}",stage3_local_cv,0,0.776875,9.093,192
stage3_027,stage3_seed_0,"{""clean__method"": ""lof_0.03"", ""model__C"": 6.0, ""model__gamma"": 0.04, ""pca__n_components"": 112, ""scale__method"": ""power_yeo""}",lof_0.03,power_yeo,112,6.0,0.04,"{""clean__method"": ""lof_0.03"", ""model__C"": 6.0, ""model__gamma"": 0.04, ""pca__n_components"": 112, ""scale__method"": ""power_yeo""}",stage3_local_cv,0,0.759375,8.208,192
stage3_028,stage3_seed_0,"{""clean__method"": ""lof_0.03"", ""model__C"": 8.0, ""model__gamma"": 0.01, ""pca__n_components"": 112, ""scale__method"": ""power_yeo""}",lof_0.03,power_yeo,112,8.0,0.01,"{""clean__method"": ""lof_0.03"", ""model__C"": 8.0, ""model__gamma"": 0.01, ""pca__n_components"": 112, ""scale__method"": ""power_yeo""}",stage3_local_cv,0,0.805625,9.399,192
stage3_029,stage3_seed_0,"{""clean__method"": ""lof_0.03"", ""model__C"": 8.0, ""model__gamma"": 0.02, ""pca__n_components"": 112, ""scale__method"": ""power_yeo""}",lof_0.03,power_yeo,112,8.0,0.02,"{""clean__method"": ""lof_0.03"", ""model__C"": 8.0, ""model__gamma"": 0.02, ""pca__n_components"": 112, ""scale__method"": ""power_yeo""}",stage3_local_cv,0,0.79875,9.069,192
stage3_030,stage3_seed_0,"{""clean__method"": ""lof_0.03"", ""model__C"": 8.0, ""model__gamma"": 0.03, ""pca__n_components"": 112, ""scale__method"": ""power_yeo""}",lof_0.03,power_yeo,112,8.0,0.03,"{""clean__method"": ""lof_0.03"", ""model__C"": 8.0, ""model__gamma"": 0.03, ""pca__n_components"": 112, ""scale__method"": ""power_yeo""}",stage3_local_cv,0,0.78,8.676,192
stage3_031,stage3_seed_0,"{""clean__method"": ""lof_0.03"", ""model__C"": 8.0, ""model__gamma"": 0.04, ""pca__n_components"": 112, ""scale__method"": ""power_yeo""}",lof_0.03,power_yeo,112,8.0,0.04,"{""clean__method"": ""lof_0.03"", ""model__C"": 8.0, ""model__gamma"": 0.04, ""pca__n_components"": 112, ""scale__method"": ""power_yeo""}",stage3_local_cv,0,0.760625,8.614,192
stage3_032,stage3_seed_0,"{""clean__method"": ""lof_0.03"", ""model__C"": 3.0, ""model__gamma"": 0.01, ""pca__n_components"": 120, ""scale__method"": ""power_yeo""}",lof_0.03,power_yeo,120,3.0,0.01,"{""clean__method"": ""lof_0.03"", ""model__C"": 3.0, ""model__gamma"": 0.01, ""pca__n_components"": 120, ""scale__method"": ""power_yeo""}",stage3_local_cv,0,0.814375,9.895,192
stage3_033,stage3_seed_0,"{""clean__method"": ""lof_0.03"", ""model__C"": 3.0, ""model__gamma"": 0.02, ""pca__n_components"": 120, ""scale__method"": ""power_yeo""}",lof_0.03,power_yeo,120,3.0,0.02,"{""clean__method"": ""lof_0.03"", ""model__C"": 3.0, ""model__gamma"": 0.02, ""pca__n_components"": 120, ""scale__method"": ""power_yeo""}",stage3_local_cv,0,0.800625,9.458,192
stage3_034,stage3_seed_0,"{""clean__method"": ""lof_0.03"", ""model__C"": 3.0, ""model__gamma"": 0.03, ""pca__n_components"": 120, ""scale__method"": ""power_yeo""}",lof_0.03,power_yeo,120,3.0,0.03,"{""clean__method"": ""lof_0.03"", ""model__C"": 3.0, ""model__gamma"": 0.03, ""pca__n_components"": 120, ""scale__method"": ""power_yeo""}",stage3_local_cv,0,0.776875,9.127,192
stage3_035,stage3_seed_0,"{""clean__method"": ""lof_0.03"", ""model__C"": 3.0, ""model__gamma"": 0.04, ""pca__n_components"": 120, ""scale__method"": ""power_yeo""}",lof_0.03,power_yeo,120,3.0,0.04,"{""clean__method"": ""lof_0.03"", ""model__C"": 3.0, ""model__gamma"": 0.04, ""pca__n_components"": 120, ""scale__method"": ""power_yeo""}",stage3_local_cv,0,0.758125,9.222,192
stage3_036,stage3_seed_0,"{""clean__method"": ""lof_0.03"", ""model__C"": 4.0, ""model__gamma"": 0.01, ""pca__n_components"": 120, ""scale__method"": ""power_yeo""}",lof_0.03,power_yeo,120,4.0,0.01,"{""clean__method"": ""lof_0.03"", ""model__C"": 4.0, ""model__gamma"": 0.01, ""pca__n_components"": 120, ""scale__method"": ""power_yeo""}",stage3_local_cv,0,0.808125,9.843,192
stage3_037,stage3_seed_0,"{""clean__method"": ""lof_0.03"", ""model__C"": 4.0, ""model__gamma"": 0.02, ""pca__n_components"": 120, ""scale__method"": ""power_yeo""}",lof_0.03,power_yeo,120,4.0,0.02,"{""clean__method"": ""lof_0.03"", ""model__C"": 4.0, ""model__gamma"": 0.02, ""pca__n_components"": 120, ""scale__method"": ""power_yeo""}",stage3_local_cv,0,0.79875,9.509,192
stage3_038,stage3_seed_0,"{""clean__method"": ""lof_0.03"", ""model__C"": 4.0, ""model__gamma"": 0.03, ""pca__n_components"": 120, ""scale__method"": ""power_yeo""}",lof_0.03,power_yeo,120,4.0,0.03,"{""clean__method"": ""lof_0.03"", ""model__C"": 4.0, ""model__gamma"": 0.03, ""pca__n_components"": 120, ""scale__method"": ""power_yeo""}",stage3_local_cv,0,0.77625,8.954,192
stage3_039,stage3_seed_0,"{""clean__method"": ""lof_0.03"", ""model__C"": 4.0, ""model__gamma"": 0.04, ""pca__n_components"": 120, ""scale__method"": ""power_yeo""}",lof_0.03,power_yeo,120,4.0,0.04,"{""clean__method"": ""lof_0.03"", ""model__C"": 4.0, ""model__gamma"": 0.04, ""pca__n_components"": 120, ""scale__method"": ""power_yeo""}",stage3_local_cv,0,0.76,9.433,192
stage3_040,stage3_seed_0,"{""clean__method"": ""lof_0.03"", ""model__C"": 6.0, ""model__gamma"": 0.01, ""pca__n_components"": 120, ""scale__method"": ""power_yeo""}",lof_0.03,power_yeo,120,6.0,0.01,"{""clean__method"": ""lof_0.03"", ""model__C"": 6.0, ""model__gamma"": 0.01, ""pca__n_components"": 120, ""scale__method"": ""power_yeo""}",stage3_local_cv,0,0.808125,9.837,192
stage3_041,stage3_seed_0,"{""clean__method"": ""lof_0.03"", ""model__C"": 6.0, ""model__gamma"": 0.02, ""pca__n_components"": 120, ""scale__method"": ""power_yeo""}",lof_0.03,power_yeo,120,6.0,0.02,"{""clean__method"": ""lof_0.03"", ""model__C"": 6.0, ""model__gamma"": 0.02, ""pca__n_components"": 120, ""scale__method"": ""power_yeo""}",stage3_local_cv,0,0.79875,9.614,192
stage3_042,stage3_seed_0,"{""clean__method"": ""lof_0.03"", ""model__C"": 6.0, ""model__gamma"": 0.03, ""pca__n_components"": 120, ""scale__method"": ""power_yeo""}",lof_0.03,power_yeo,120,6.0,0.03,"{""clean__method"": ""lof_0.03"", ""model__C"": 6.0, ""model__gamma"": 0.03, ""pca__n_components"": 120, ""scale__method"": ""power_yeo""}",stage3_local_cv,0,0.776875,9.058,192
stage3_043,stage3_seed_0,"{""clean__method"": ""lof_0.03"", ""model__C"": 6.0, ""model__gamma"": 0.04, ""pca__n_components"": 120, ""scale__method"": ""power_yeo""}",lof_0.03,power_yeo,120,6.0,0.04,"{""clean__method"": ""lof_0.03"", ""model__C"": 6.0, ""model__gamma"": 0.04, ""pca__n_components"": 120, ""scale__method"": ""power_yeo""}",stage3_local_cv,0,0.7625,9.293,192
stage3_044,stage3_seed_0,"{""clean__method"": ""lof_0.03"", ""model__C"": 8.0, ""model__gamma"": 0.01, ""pca__n_components"": 120, ""scale__method"": ""power_yeo""}",lof_0.03,power_yeo,120,8.0,0.01,"{""clean__method"": ""lof_0.03"", ""model__C"": 8.0, ""model__gamma"": 0.01, ""pca__n_components"": 120, ""scale__method"": ""power_yeo""}",stage3_local_cv,0,0.803125,9.884,192
stage3_045,stage3_seed_0,"{""clean__method"": ""lof_0.03"", ""model__C"": 8.0, ""model__gamma"": 0.02, ""pca__n_components"": 120, ""scale__method"": ""power_yeo""}",lof_0.03,power_yeo,120,8.0,0.02,"{""clean__method"": ""lof_0.03"", ""model__C"": 8.0, ""model__gamma"": 0.02, ""pca__n_components"": 120, ""scale__method"": ""power_yeo""}",stage3_local_cv,0,0.800625,9.539,192
stage3_046,stage3_seed_0,"{""clean__method"": ""lof_0.03"", ""model__C"": 8.0, ""model__gamma"": 0.03, ""pca__n_components"": 120, ""scale__method"": ""power_yeo""}",lof_0.03,power_yeo,120,8.0,0.03,"{""clean__method"": ""lof_0.03"", ""model__C"": 8.0, ""model__gamma"": 0.03, ""pca__n_components"": 120, ""scale__method"": ""power_yeo""}",stage3_local_cv,0,0.779375,9.313,192
stage3_047,stage3_seed_0,"{""clean__method"": ""lof_0.03"", ""model__C"": 8.0, ""model__gamma"": 0.04, ""pca__n_components"": 120, ""scale__method"": ""power_yeo""}",lof_0.03,power_yeo,120,8.0,0.04,"{""clean__method"": ""lof_0.03"", ""model__C"": 8.0, ""model__gamma"": 0.04, ""pca__n_components"": 120, ""scale__method"": ""power_yeo""}",stage3_local_cv,0,0.764375,9.189,192
stage3_048,stage3_seed_0,"{""clean__method"": ""lof_0.03"", ""model__C"": 3.0, ""model__gamma"": 0.01, ""pca__n_components"": 128, ""scale__method"": ""power_yeo""}",lof_0.03,power_yeo,128,3.0,0.01,"{""clean__method"": ""lof_0.03"", ""model__C"": 3.0, ""model__gamma"": 0.01, ""pca__n_components"": 128, ""scale__method"": ""power_yeo""}",stage3_local_cv,0,0.816875,9.748,192
stage3_049,stage3_seed_0,"{""clean__method"": ""lof_0.03"", ""model__C"": 3.0, ""model__gamma"": 0.02, ""pca__n_components"": 128, ""scale__method"": ""power_yeo""}",lof_0.03,power_yeo,128,3.0,0.02,"{""clean__method"": ""lof_0.03"", ""model__C"": 3.0, ""model__gamma"": 0.02, ""pca__n_components"": 128, ""scale__method"": ""power_yeo""}",stage3_local_cv,0,0.798125,9.38,192
stage3_050,stage3_seed_0,"{""clean__method"": ""lof_0.03"", ""model__C"": 3.0, ""model__gamma"": 0.03, ""pca__n_components"": 128, ""scale__method"": ""power_yeo""}",lof_0.03,power_yeo,128,3.0,0.03,"{""clean__method"": ""lof_0.03"", ""model__C"": 3.0, ""model__gamma"": 0.03, ""pca__n_components"": 128, ""scale__method"": ""power_yeo""}",stage3_local_cv,0,0.77625,8.887,192
stage3_051,stage3_seed_0,"{""clean__method"": ""lof_0.03"", ""model__C"": 3.0, ""model__gamma"": 0.04, ""pca__n_components"": 128, ""scale__method"": ""power_yeo""}",lof_0.03,power_yeo,128,3.0,0.04,"{""clean__method"": ""lof_0.03"", ""model__C"": 3.0, ""model__gamma"": 0.04, ""pca__n_components"": 128, ""scale__method"": ""power_yeo""}",stage3_local_cv,0,0.7575,9.144,192
stage3_052,stage3_seed_0,"{""clean__method"": ""lof_0.03"", ""model__C"": 4.0, ""model__gamma"": 0.01, ""pca__n_components"": 128, ""scale__method"": ""power_yeo""}",lof_0.03,power_yeo,128,4.0,0.01,"{""clean__method"": ""lof_0.03"", ""model__C"": 4.0, ""model__gamma"": 0.01, ""pca__n_components"": 128, ""scale__method"": ""power_yeo""}",stage3_local_cv,0,0.8125,9.746,192
stage3_053,stage3_seed_0,"{""clean__method"": ""lof_0.03"", ""model__C"": 4.0, ""model__gamma"": 0.02, ""pca__n_components"": 128, ""scale__method"": ""power_yeo""}",lof_0.03,power_yeo,128,4.0,0.02,"{""clean__method"": ""lof_0.03"", ""model__C"": 4.0, ""model__gamma"": 0.02, ""pca__n_components"": 128, ""scale__method"": ""power_yeo""}",stage3_local_cv,0,0.79875,9.373,192
stage3_054,stage3_seed_0,"{""clean__method"": ""lof_0.03"", ""model__C"": 4.0, ""model__gamma"": 0.03, ""pca__n_components"": 128, ""scale__method"": ""power_yeo""}",lof_0.03,power_yeo,128,4.0,0.03,"{""clean__method"": ""lof_0.03"", ""model__C"": 4.0, ""model__gamma"": 0.03, ""pca__n_components"": 128, ""scale__method"": ""power_yeo""}",stage3_local_cv,0,0.77625,8.478,192
stage3_055,stage3_seed_0,"{""clean__method"": ""lof_0.03"", ""model__C"": 4.0, ""model__gamma"": 0.04, ""pca__n_components"": 128, ""scale__method"": ""power_yeo""}",lof_0.03,power_yeo,128,4.0,0.04,"{""clean__method"": ""lof_0.03"", ""model__C"": 4.0, ""model__gamma"": 0.04, ""pca__n_components"": 128, ""scale__method"": ""power_yeo""}",stage3_local_cv,0,0.75875,9.37,192
stage3_056,stage3_seed_0,"{""clean__method"": ""lof_0.03"", ""model__C"": 6.0, ""model__gamma"": 0.01, ""pca__n_components"": 128, ""scale__method"": ""power_yeo""}",lof_0.03,power_yeo,128,6.0,0.01,"{""clean__method"": ""lof_0.03"", ""model__C"": 6.0, ""model__gamma"": 0.01, ""pca__n_components"": 128, ""scale__method"": ""power_yeo""}",stage3_local_cv,0,0.810625,9.623,192
stage3_057,stage3_seed_0,"{""clean__method"": ""lof_0.03"", ""model__C"": 6.0, ""model__gamma"": 0.02, ""pca__n_components"": 128, ""scale__method"": ""power_yeo""}",lof_0.03,power_yeo,128,6.0,0.02,"{""clean__method"": ""lof_0.03"", ""model__C"": 6.0, ""model__gamma"": 0.02, ""pca__n_components"": 128, ""scale__method"": ""power_yeo""}",stage3_local_cv,0,0.800625,10.227,192
stage3_058,stage3_seed_0,"{""clean__method"": ""lof_0.03"", ""model__C"": 6.0, ""model__gamma"": 0.03, ""pca__n_components"": 128, ""scale__method"": ""power_yeo""}",lof_0.03,power_yeo,128,6.0,0.03,"{""clean__method"": ""lof_0.03"", ""model__C"": 6.0, ""model__gamma"": 0.03, ""pca__n_components"": 128, ""scale__method"": ""power_yeo""}",stage3_local_cv,0,0.775625,8.537,192
stage3_059,stage3_seed_0,"{""clean__method"": ""lof_0.03"", ""model__C"": 6.0, ""model__gamma"": 0.04, ""pca__n_components"": 128, ""scale__method"": ""power_yeo""}",lof_0.03,power_yeo,128,6.0,0.04,"{""clean__method"": ""lof_0.03"", ""model__C"": 6.0, ""model__gamma"": 0.04, ""pca__n_components"": 128, ""scale__method"": ""power_yeo""}",stage3_local_cv,0,0.76,10.653,192
stage3_060,stage3_seed_0,"{""clean__method"": ""lof_0.03"", ""model__C"": 8.0, ""model__gamma"": 0.01, ""pca__n_components"": 128, ""scale__method"": ""power_yeo""}",lof_0.03,power_yeo,128,8.0,0.01,"{""clean__method"": ""lof_0.03"", ""model__C"": 8.0, ""model__gamma"": 0.01, ""pca__n_components"": 128, ""scale__method"": ""power_yeo""}",stage3_local_cv,0,0.803125,9.813,192
stage3_061,stage3_seed_0,"{""clean__method"": ""lof_0.03"", ""model__C"": 8.0, ""model__gamma"": 0.02, ""pca__n_components"": 128, ""scale__method"": ""power_yeo""}",lof_0.03,power_yeo,128,8.0,0.02,"{""clean__method"": ""lof_0.03"", ""model__C"": 8.0, ""model__gamma"": 0.02, ""pca__n_components"": 128, ""scale__method"": ""power_yeo""}",stage3_local_cv,0,0.80125,9.338,192
stage3_062,stage3_seed_0,"{""clean__method"": ""lof_0.03"", ""model__C"": 8.0, ""model__gamma"": 0.03, ""pca__n_components"": 128, ""scale__method"": ""power_yeo""}",lof_0.03,power_yeo,128,8.0,0.03,"{""clean__method"": ""lof_0.03"", ""model__C"": 8.0, ""model__gamma"": 0.03, ""pca__n_components"": 128, ""scale__method"": ""power_yeo""}",stage3_local_cv,0,0.775,8.457,192
stage3_063,stage3_seed_0,"{""clean__method"": ""lof_0.03"", ""model__C"": 8.0, ""model__gamma"": 0.04, ""pca__n_components"": 128, ""scale__method"": ""power_yeo""}",lof_0.03,power_yeo,128,8.0,0.04,"{""clean__method"": ""lof_0.03"", ""model__C"": 8.0, ""model__gamma"": 0.04, ""pca__n_components"": 128, ""scale__method"": ""power_yeo""}",stage3_local_cv,0,0.760625,9.474,192
stage3_064,stage3_seed_0,"{""clean__method"": ""lof_0.03"", ""model__C"": 3.0, ""model__gamma"": 0.01, ""pca__n_components"": 136, ""scale__method"": ""power_yeo""}",lof_0.03,power_yeo,136,3.0,0.01,"{""clean__method"": ""lof_0.03"", ""model__C"": 3.0, ""model__gamma"": 0.01, ""pca__n_components"": 136, ""scale__method"": ""power_yeo""}",stage3_local_cv,0,0.81125,10.718,192
stage3_065,stage3_seed_0,"{""clean__method"": ""lof_0.03"", ""model__C"": 3.0, ""model__gamma"": 0.02, ""pca__n_components"": 136, ""scale__method"": ""power_yeo""}",lof_0.03,power_yeo,136,3.0,0.02,"{""clean__method"": ""lof_0.03"", ""model__C"": 3.0, ""model__gamma"": 0.02, ""pca__n_components"": 136, ""scale__method"": ""power_yeo""}",stage3_local_cv,0,0.7975,10.581,192
stage3_066,stage3_seed_0,"{""clean__method"": ""lof_0.03"", ""model__C"": 3.0, ""model__gamma"": 0.03, ""pca__n_components"": 136, ""scale__method"": ""power_yeo""}",lof_0.03,power_yeo,136,3.0,0.03,"{""clean__method"": ""lof_0.03"", ""model__C"": 3.0, ""model__gamma"": 0.03, ""pca__n_components"": 136, ""scale__method"": ""power_yeo""}",stage3_local_cv,0,0.775625,10.778,192
stage3_067,stage3_seed_0,"{""clean__method"": ""lof_0.03"", ""model__C"": 3.0, ""model__gamma"": 0.04, ""pca__n_components"": 136, ""scale__method"": ""power_yeo""}",lof_0.03,power_yeo,136,3.0,0.04,"{""clean__method"": ""lof_0.03"", ""model__C"": 3.0, ""model__gamma"": 0.04, ""pca__n_components"": 136, ""scale__method"": ""power_yeo""}",stage3_local_cv,0,0.75625,10.261,192
stage3_068,stage3_seed_0,"{""clean__method"": ""lof_0.03"", ""model__C"": 4.0, ""model__gamma"": 0.01, ""pca__n_components"": 136, ""scale__method"": ""power_yeo""}",lof_0.03,power_yeo,136,4.0,0.01,"{""clean__method"": ""lof_0.03"", ""model__C"": 4.0, ""model__gamma"": 0.01, ""pca__n_components"": 136, ""scale__method"": ""power_yeo""}",stage3_local_cv,0,0.808125,12.64,192
stage3_069,stage3_seed_0,"{""clean__method"": ""lof_0.03"", ""model__C"": 4.0, ""model__gamma"": 0.02, ""pca__n_components"": 136, ""scale__method"": ""power_yeo""}",lof_0.03,power_yeo,136,4.0,0.02,"{""clean__method"": ""lof_0.03"", ""model__C"": 4.0, ""model__gamma"": 0.02, ""pca__n_components"": 136, ""scale__method"": ""power_yeo""}",stage3_local_cv,0,0.7975,10.124,192
stage3_070,stage3_seed_0,"{""clean__method"": ""lof_0.03"", ""model__C"": 4.0, ""model__gamma"": 0.03, ""pca__n_components"": 136, ""scale__method"": ""power_yeo""}",lof_0.03,power_yeo,136,4.0,0.03,"{""clean__method"": ""lof_0.03"", ""model__C"": 4.0, ""model__gamma"": 0.03, ""pca__n_components"": 136, ""scale__method"": ""power_yeo""}",stage3_local_cv,0,0.775625,10.251,192
stage3_071,stage3_seed_0,"{""clean__method"": ""lof_0.03"", ""model__C"": 4.0, ""model__gamma"": 0.04, ""pca__n_components"": 136, ""scale__method"": ""power_yeo""}",lof_0.03,power_yeo,136,4.0,0.04,"{""clean__method"": ""lof_0.03"", ""model__C"": 4.0, ""model__gamma"": 0.04, ""pca__n_components"": 136, ""scale__method"": ""power_yeo""}",stage3_local_cv,0,0.7575,10.228,192
stage3_072,stage3_seed_0,"{""clean__method"": ""lof_0.03"", ""model__C"": 6.0, ""model__gamma"": 0.01, ""pca__n_components"": 136, ""scale__method"": ""power_yeo""}",lof_0.03,power_yeo,136,6.0,0.01,"{""clean__method"": ""lof_0.03"", ""model__C"": 6.0, ""model__gamma"": 0.01, ""pca__n_components"": 136, ""scale__method"": ""power_yeo""}",stage3_local_cv,0,0.805,10.344,192
stage3_073,stage3_seed_0,"{""clean__method"": ""lof_0.03"", ""model__C"": 6.0, ""model__gamma"": 0.02, ""pca__n_components"": 136, ""scale__method"": ""power_yeo""}",lof_0.03,power_yeo,136,6.0,0.02,"{""clean__method"": ""lof_0.03"", ""model__C"": 6.0, ""model__gamma"": 0.02, ""pca__n_components"": 136, ""scale__method"": ""power_yeo""}",stage3_local_cv,0,0.800625,10.508,192
stage3_074,stage3_seed_0,"{""clean__method"": ""lof_0.03"", ""model__C"": 6.0, ""model__gamma"": 0.03, ""pca__n_components"": 136, ""scale__method"": ""power_yeo""}",lof_0.03,power_yeo,136,6.0,0.03,"{""clean__method"": ""lof_0.03"", ""model__C"": 6.0, ""model__gamma"": 0.03, ""pca__n_components"": 136, ""scale__method"": ""power_yeo""}",stage3_local_cv,0,0.775625,9.296,192
stage3_075,stage3_seed_0,"{""clean__method"": ""lof_0.03"", ""model__C"": 6.0, ""model__gamma"": 0.04, ""pca__n_components"": 136, ""scale__method"": ""power_yeo""}",lof_0.03,power_yeo,136,6.0,0.04,"{""clean__method"": ""lof_0.03"", ""model__C"": 6.0, ""model__gamma"": 0.04, ""pca__n_components"": 136, ""scale__method"": ""power_yeo""}",stage3_local_cv,0,0.76,10.18,192
stage3_076,stage3_seed_0,"{""clean__method"": ""lof_0.03"", ""model__C"": 8.0, ""model__gamma"": 0.01, ""pca__n_components"": 136, ""scale__method"": ""power_yeo""}",lof_0.03,power_yeo,136,8.0,0.01,"{""clean__method"": ""lof_0.03"", ""model__C"": 8.0, ""model__gamma"": 0.01, ""pca__n_components"": 136, ""scale__method"": ""power_yeo""}",stage3_local_cv,0,0.80125,10.781,192
stage3_077,stage3_seed_0,"{""clean__method"": ""lof_0.03"", ""model__C"": 8.0, ""model__gamma"": 0.02, ""pca__n_components"": 136, ""scale__method"": ""power_yeo""}",lof_0.03,power_yeo,136,8.0,0.02,"{""clean__method"": ""lof_0.03"", ""model__C"": 8.0, ""model__gamma"": 0.02, ""pca__n_components"": 136, ""scale__method"": ""power_yeo""}",stage3_local_cv,0,0.799375,10.134,192
stage3_078,stage3_seed_0,"{""clean__method"": ""lof_0.03"", ""model__C"": 8.0, ""model__gamma"": 0.03, ""pca__n_components"": 136, ""scale__method"": ""power_yeo""}",lof_0.03,power_yeo,136,8.0,0.03,"{""clean__method"": ""lof_0.03"", ""model__C"": 8.0, ""model__gamma"": 0.03, ""pca__n_components"": 136, ""scale__method"": ""power_yeo""}",stage3_local_cv,0,0.775,10.497,192
stage3_079,stage3_seed_0,"{""clean__method"": ""lof_0.03"", ""model__C"": 8.0, ""model__gamma"": 0.04, ""pca__n_components"": 136, ""scale__method"": ""power_yeo""}",lof_0.03,power_yeo,136,8.0,0.04,"{""clean__method"": ""lof_0.03"", ""model__C"": 8.0, ""model__gamma"": 0.04, ""pca__n_components"": 136, ""scale__method"": ""power_yeo""}",stage3_local_cv,0,0.7625,9.374,192
stage3_080,stage3_seed_0,"{""clean__method"": ""lof_0.03"", ""model__C"": 3.0, ""model__gamma"": 0.01, ""pca__n_components"": 104, ""scale__method"": ""quantile_normal""}",lof_0.03,quantile_normal,104,3.0,0.01,"{""clean__method"": ""lof_0.03"", ""model__C"": 3.0, ""model__gamma"": 0.01, ""pca__n_components"": 104, ""scale__method"": ""quantile_normal""}",stage3_local_cv,0,0.808125,6.723,192
stage3_081,stage3_seed_0,"{""clean__method"": ""lof_0.03"", ""model__C"": 3.0, ""model__gamma"": 0.02, ""pca__n_components"": 104, ""scale__method"": ""quantile_normal""}",lof_0.03,quantile_normal,104,3.0,0.02,"{""clean__method"": ""lof_0.03"", ""model__C"": 3.0, ""model__gamma"": 0.02, ""pca__n_components"": 104, ""scale__method"": ""quantile_normal""}",stage3_local_cv,0,0.80125,5.685,192
stage3_082,stage3_seed_0,"{""clean__method"": ""lof_0.03"", ""model__C"": 3.0, ""model__gamma"": 0.03, ""pca__n_components"": 104, ""scale__method"": ""quantile_normal""}",lof_0.03,quantile_normal,104,3.0,0.03,"{""clean__method"": ""lof_0.03"", ""model__C"": 3.0, ""model__gamma"": 0.03, ""pca__n_components"": 104, ""scale__method"": ""quantile_normal""}",stage3_local_cv,0,0.77875,6.427,192
stage3_083,stage3_seed_0,"{""clean__method"": ""lof_0.03"", ""model__C"": 3.0, ""model__gamma"": 0.04, ""pca__n_components"": 104, ""scale__method"": ""quantile_normal""}",lof_0.03,quantile_normal,104,3.0,0.04,"{""clean__method"": ""lof_0.03"", ""model__C"": 3.0, ""model__gamma"": 0.04, ""pca__n_components"": 104, ""scale__method"": ""quantile_normal""}",stage3_local_cv,0,0.763125,5.733,192
stage3_084,stage3_seed_0,"{""clean__method"": ""lof_0.03"", ""model__C"": 4.0, ""model__gamma"": 0.01, ""pca__n_components"": 104, ""scale__method"": ""quantile_normal""}",lof_0.03,quantile_normal,104,4.0,0.01,"{""clean__method"": ""lof_0.03"", ""model__C"": 4.0, ""model__gamma"": 0.01, ""pca__n_components"": 104, ""scale__method"": ""quantile_normal""}",stage3_local_cv,0,0.8075,6.735,192
stage3_085,stage3_seed_0,"{""clean__method"": ""lof_0.03"", ""model__C"": 4.0, ""model__gamma"": 0.02, ""pca__n_components"": 104, ""scale__method"": ""quantile_normal""}",lof_0.03,quantile_normal,104,4.0,0.02,"{""clean__method"": ""lof_0.03"", ""model__C"": 4.0, ""model__gamma"": 0.02, ""pca__n_components"": 104, ""scale__method"": ""quantile_normal""}",stage3_local_cv,0,0.799375,5.652,192
stage3_086,stage3_seed_0,"{""clean__method"": ""lof_0.03"", ""model__C"": 4.0, ""model__gamma"": 0.03, ""pca__n_components"": 104, ""scale__method"": ""quantile_normal""}",lof_0.03,quantile_normal,104,4.0,0.03,"{""clean__method"": ""lof_0.03"", ""model__C"": 4.0, ""model__gamma"": 0.03, ""pca__n_components"": 104, ""scale__method"": ""quantile_normal""}",stage3_local_cv,0,0.78125,6.402,192
stage3_087,stage3_seed_0,"{""clean__method"": ""lof_0.03"", ""model__C"": 4.0, ""model__gamma"": 0.04, ""pca__n_components"": 104, ""scale__method"": ""quantile_normal""}",lof_0.03,quantile_normal,104,4.0,0.04,"{""clean__method"": ""lof_0.03"", ""model__C"": 4.0, ""model__gamma"": 0.04, ""pca__n_components"": 104, ""scale__method"": ""quantile_normal""}",stage3_local_cv,0,0.76375,5.597,192
stage3_088,stage3_seed_0,"{""clean__method"": ""lof_0.03"", ""model__C"": 6.0, ""model__gamma"": 0.01, ""pca__n_components"": 104, ""scale__method"": ""quantile_normal""}",lof_0.03,quantile_normal,104,6.0,0.01,"{""clean__method"": ""lof_0.03"", ""model__C"": 6.0, ""model__gamma"": 0.01, ""pca__n_components"": 104, ""scale__method"": ""quantile_normal""}",stage3_local_cv,0,0.808125,6.66,192
stage3_089,stage3_seed_0,"{""clean__method"": ""lof_0.03"", ""model__C"": 6.0, ""model__gamma"": 0.02, ""pca__n_components"": 104, ""scale__method"": ""quantile_normal""}",lof_0.03,quantile_normal,104,6.0,0.02,"{""clean__method"": ""lof_0.03"", ""model__C"": 6.0, ""model__gamma"": 0.02, ""pca__n_components"": 104, ""scale__method"": ""quantile_normal""}",stage3_local_cv,0,0.800625,5.616,192
stage3_090,stage3_seed_0,"{""clean__method"": ""lof_0.03"", ""model__C"": 6.0, ""model__gamma"": 0.03, ""pca__n_components"": 104, ""scale__method"": ""quantile_normal""}",lof_0.03,quantile_normal,104,6.0,0.03,"{""clean__method"": ""lof_0.03"", ""model__C"": 6.0, ""model__gamma"": 0.03, ""pca__n_components"": 104, ""scale__method"": ""quantile_normal""}",stage3_local_cv,0,0.780625,6.424,192
stage3_091,stage3_seed_0,"{""clean__method"": ""lof_0.03"", ""model__C"": 6.0, ""model__gamma"": 0.04, ""pca__n_components"": 104, ""scale__method"": ""quantile_normal""}",lof_0.03,quantile_normal,104,6.0,0.04,"{""clean__method"": ""lof_0.03"", ""model__C"": 6.0, ""model__gamma"": 0.04, ""pca__n_components"": 104, ""scale__method"": ""quantile_normal""}",stage3_local_cv,0,0.7625,5.635,192
stage3_092,stage3_seed_0,"{""clean__method"": ""lof_0.03"", ""model__C"": 8.0, ""model__gamma"": 0.01, ""pca__n_components"": 104, ""scale__method"": ""quantile_normal""}",lof_0.03,quantile_normal,104,8.0,0.01,"{""clean__method"": ""lof_0.03"", ""model__C"": 8.0, ""model__gamma"": 0.01, ""pca__n_components"": 104, ""scale__method"": ""quantile_normal""}",stage3_local_cv,0,0.806875,6.705,192
stage3_093,stage3_seed_0,"{""clean__method"": ""lof_0.03"", ""model__C"": 8.0, ""model__gamma"": 0.02, ""pca__n_components"": 104, ""scale__method"": ""quantile_normal""}",lof_0.03,quantile_normal,104,8.0,0.02,"{""clean__method"": ""lof_0.03"", ""model__C"": 8.0, ""model__gamma"": 0.02, ""pca__n_components"": 104, ""scale__method"": ""quantile_normal""}",stage3_local_cv,0,0.800625,5.738,192
stage3_094,stage3_seed_0,"{""clean__method"": ""lof_0.03"", ""model__C"": 8.0, ""model__gamma"": 0.03, ""pca__n_components"": 104, ""scale__method"": ""quantile_normal""}",lof_0.03,quantile_normal,104,8.0,0.03,"{""clean__method"": ""lof_0.03"", ""model__C"": 8.0, ""model__gamma"": 0.03, ""pca__n_components"": 104, ""scale__method"": ""quantile_normal""}",stage3_local_cv,0,0.78,6.388,192
stage3_095,stage3_seed_0,"{""clean__method"": ""lof_0.03"", ""model__C"": 8.0, ""model__gamma"": 0.04, ""pca__n_components"": 104, ""scale__method"": ""quantile_normal""}",lof_0.03,quantile_normal,104,8.0,0.04,"{""clean__method"": ""lof_0.03"", ""model__C"": 8.0, ""model__gamma"": 0.04, ""pca__n_components"": 104, ""scale__method"": ""quantile_normal""}",stage3_local_cv,0,0.7625,5.64,192
stage3_096,stage3_seed_0,"{""clean__method"": ""lof_0.03"", ""model__C"": 3.0, ""model__gamma"": 0.01, ""pca__n_components"": 112, ""scale__method"": ""quantile_normal""}",lof_0.03,quantile_normal,112,3.0,0.01,"{""clean__method"": ""lof_0.03"", ""model__C"": 3.0, ""model__gamma"": 0.01, ""pca__n_components"": 112, ""scale__method"": ""quantile_normal""}",stage3_local_cv,0,0.805,6.596,192
stage3_097,stage3_seed_0,"{""clean__method"": ""lof_0.03"", ""model__C"": 3.0, ""model__gamma"": 0.02, ""pca__n_components"": 112, ""scale__method"": ""quantile_normal""}",lof_0.03,quantile_normal,112,3.0,0.02,"{""clean__method"": ""lof_0.03"", ""model__C"": 3.0, ""model__gamma"": 0.02, ""pca__n_components"": 112, ""scale__method"": ""quantile_normal""}",stage3_local_cv,0,0.8025,5.361,192
stage3_098,stage3_seed_0,"{""clean__method"": ""lof_0.03"", ""model__C"": 3.0, ""model__gamma"": 0.03, ""pca__n_components"": 112, ""scale__method"": ""quantile_normal""}",lof_0.03,quantile_normal,112,3.0,0.03,"{""clean__method"": ""lof_0.03"", ""model__C"": 3.0, ""model__gamma"": 0.03, ""pca__n_components"": 112, ""scale__method"": ""quantile_normal""}",stage3_local_cv,0,0.78125,6.383,192
stage3_099,stage3_seed_0,"{""clean__method"": ""lof_0.03"", ""model__C"": 3.0, ""model__gamma"": 0.04, ""pca__n_components"": 112, ""scale__method"": ""quantile_normal""}",lof_0.03,quantile_normal,112,3.0,0.04,"{""clean__method"": ""lof_0.03"", ""model__C"": 3.0, ""model__gamma"": 0.04, ""pca__n_components"": 112, ""scale__method"": ""quantile_normal""}",stage3_local_cv,0,0.760625,5.297,192
stage3_100,stage3_seed_0,"{""clean__method"": ""lof_0.03"", ""model__C"": 4.0, ""model__gamma"": 0.01, ""pca__n_components"": 112, ""scale__method"": ""quantile_normal""}",lof_0.03,quantile_normal,112,4.0,0.01,"{""clean__method"": ""lof_0.03"", ""model__C"": 4.0, ""model__gamma"": 0.01, ""pca__n_components"": 112, ""scale__method"": ""quantile_normal""}",stage3_local_cv,0,0.80625,6.786,192
stage3_101,stage3_seed_0,"{""clean__method"": ""lof_0.03"", ""model__C"": 4.0, ""model__gamma"": 0.02, ""pca__n_components"": 112, ""scale__method"": ""quantile_normal""}",lof_0.03,quantile_normal,112,4.0,0.02,"{""clean__method"": ""lof_0.03"", ""model__C"": 4.0, ""model__gamma"": 0.02, ""pca__n_components"": 112, ""scale__method"": ""quantile_normal""}",stage3_local_cv,0,0.8,5.599,192
stage3_102,stage3_seed_0,"{""clean__method"": ""lof_0.03"", ""model__C"": 4.0, ""model__gamma"": 0.03, ""pca__n_components"": 112, ""scale__method"": ""quantile_normal""}",lof_0.03,quantile_normal,112,4.0,0.03,"{""clean__method"": ""lof_0.03"", ""model__C"": 4.0, ""model__gamma"": 0.03, ""pca__n_components"": 112, ""scale__method"": ""quantile_normal""}",stage3_local_cv,0,0.78,6.237,192
stage3_103,stage3_seed_0,"{""clean__method"": ""lof_0.03"", ""model__C"": 4.0, ""model__gamma"": 0.04, ""pca__n_components"": 112, ""scale__method"": ""quantile_normal""}",lof_0.03,quantile_normal,112,4.0,0.04,"{""clean__method"": ""lof_0.03"", ""model__C"": 4.0, ""model__gamma"": 0.04, ""pca__n_components"": 112, ""scale__method"": ""quantile_normal""}",stage3_local_cv,0,0.763125,5.58,192
stage3_104,stage3_seed_0,"{""clean__method"": ""lof_0.03"", ""model__C"": 6.0, ""model__gamma"": 0.01, ""pca__n_components"": 112, ""scale__method"": ""quantile_normal""}",lof_0.03,quantile_normal,112,6.0,0.01,"{""clean__method"": ""lof_0.03"", ""model__C"": 6.0, ""model__gamma"": 0.01, ""pca__n_components"": 112, ""scale__method"": ""quantile_normal""}",stage3_local_cv,0,0.805,5.938,192
stage3_105,stage3_seed_0,"{""clean__method"": ""lof_0.03"", ""model__C"": 6.0, ""model__gamma"": 0.02, ""pca__n_components"": 112, ""scale__method"": ""quantile_normal""}",lof_0.03,quantile_normal,112,6.0,0.02,"{""clean__method"": ""lof_0.03"", ""model__C"": 6.0, ""model__gamma"": 0.02, ""pca__n_components"": 112, ""scale__method"": ""quantile_normal""}",stage3_local_cv,0,0.801875,6.071,192
stage3_106,stage3_seed_0,"{""clean__method"": ""lof_0.03"", ""model__C"": 6.0, ""model__gamma"": 0.03, ""pca__n_components"": 112, ""scale__method"": ""quantile_normal""}",lof_0.03,quantile_normal,112,6.0,0.03,"{""clean__method"": ""lof_0.03"", ""model__C"": 6.0, ""model__gamma"": 0.03, ""pca__n_components"": 112, ""scale__method"": ""quantile_normal""}",stage3_local_cv,0,0.781875,5.404,192
stage3_107,stage3_seed_0,"{""clean__method"": ""lof_0.03"", ""model__C"": 6.0, ""model__gamma"": 0.04, ""pca__n_components"": 112, ""scale__method"": ""quantile_normal""}",lof_0.03,quantile_normal,112,6.0,0.04,"{""clean__method"": ""lof_0.03"", ""model__C"": 6.0, ""model__gamma"": 0.04, ""pca__n_components"": 112, ""scale__method"": ""quantile_normal""}",stage3_local_cv,0,0.764375,6.518,192
stage3_108,stage3_seed_0,"{""clean__method"": ""lof_0.03"", ""model__C"": 8.0, ""model__gamma"": 0.01, ""pca__n_components"": 112, ""scale__method"": ""quantile_normal""}",lof_0.03,quantile_normal,112,8.0,0.01,"{""clean__method"": ""lof_0.03"", ""model__C"": 8.0, ""model__gamma"": 0.01, ""pca__n_components"": 112, ""scale__method"": ""quantile_normal""}",stage3_local_cv,0,0.80125,5.657,192
stage3_109,stage3_seed_0,"{""clean__method"": ""lof_0.03"", ""model__C"": 8.0, ""model__gamma"": 0.02, ""pca__n_components"": 112, ""scale__method"": ""quantile_normal""}",lof_0.03,quantile_normal,112,8.0,0.02,"{""clean__method"": ""lof_0.03"", ""model__C"": 8.0, ""model__gamma"": 0.02, ""pca__n_components"": 112, ""scale__method"": ""quantile_normal""}",stage3_local_cv,0,0.80125,6.459,192
stage3_110,stage3_seed_0,"{""clean__method"": ""lof_0.03"", ""model__C"": 8.0, ""model__gamma"": 0.03, ""pca__n_components"": 112, ""scale__method"": ""quantile_normal""}",lof_0.03,quantile_normal,112,8.0,0.03,"{""clean__method"": ""lof_0.03"", ""model__C"": 8.0, ""model__gamma"": 0.03, ""pca__n_components"": 112, ""scale__method"": ""quantile_normal""}",stage3_local_cv,0,0.781875,5.463,192
stage3_111,stage3_seed_0,"{""clean__method"": ""lof_0.03"", ""model__C"": 8.0, ""model__gamma"": 0.04, ""pca__n_components"": 112, ""scale__method"": ""quantile_normal""}",lof_0.03,quantile_normal,112,8.0,0.04,"{""clean__method"": ""lof_0.03"", ""model__C"": 8.0, ""model__gamma"": 0.04, ""pca__n_components"": 112, ""scale__method"": ""quantile_normal""}",stage3_local_cv,0,0.763125,6.177,192
stage3_112,stage3_seed_0,"{""clean__method"": ""lof_0.03"", ""model__C"": 3.0, ""model__gamma"": 0.01, ""pca__n_components"": 120, ""scale__method"": ""quantile_normal""}",lof_0.03,quantile_normal,120,3.0,0.01,"{""clean__method"": ""lof_0.03"", ""model__C"": 3.0, ""model__gamma"": 0.01, ""pca__n_components"": 120, ""scale__method"": ""quantile_normal""}",stage3_local_cv,0,0.81125,6.117,192
stage3_113,stage3_seed_0,"{""clean__method"": ""lof_0.03"", ""model__C"": 3.0, ""model__gamma"": 0.02, ""pca__n_components"": 120, ""scale__method"": ""quantile_normal""}",lof_0.03,quantile_normal,120,3.0,0.02,"{""clean__method"": ""lof_0.03"", ""model__C"": 3.0, ""model__gamma"": 0.02, ""pca__n_components"": 120, ""scale__method"": ""quantile_normal""}",stage3_local_cv,0,0.8,6.692,192
stage3_114,stage3_seed_0,"{""clean__method"": ""lof_0.03"", ""model__C"": 3.0, ""model__gamma"": 0.03, ""pca__n_components"": 120, ""scale__method"": ""quantile_normal""}",lof_0.03,quantile_normal,120,3.0,0.03,"{""clean__method"": ""lof_0.03"", ""model__C"": 3.0, ""model__gamma"": 0.03, ""pca__n_components"": 120, ""scale__method"": ""quantile_normal""}",stage3_local_cv,0,0.7775,5.85,192
stage3_115,stage3_seed_0,"{""clean__method"": ""lof_0.03"", ""model__C"": 3.0, ""model__gamma"": 0.04, ""pca__n_components"": 120, ""scale__method"": ""quantile_normal""}",lof_0.03,quantile_normal,120,3.0,0.04,"{""clean__method"": ""lof_0.03"", ""model__C"": 3.0, ""model__gamma"": 0.04, ""pca__n_components"": 120, ""scale__method"": ""quantile_normal""}",stage3_local_cv,0,0.76125,6.652,192
stage3_116,stage3_seed_0,"{""clean__method"": ""lof_0.03"", ""model__C"": 4.0, ""model__gamma"": 0.01, ""pca__n_components"": 120, ""scale__method"": ""quantile_normal""}",lof_0.03,quantile_normal,120,4.0,0.01,"{""clean__method"": ""lof_0.03"", ""model__C"": 4.0, ""model__gamma"": 0.01, ""pca__n_components"": 120, ""scale__method"": ""quantile_normal""}",stage3_local_cv,0,0.809375,6.072,192
stage3_117,stage3_seed_0,"{""clean__method"": ""lof_0.03"", ""model__C"": 4.0, ""model__gamma"": 0.02, ""pca__n_components"": 120, ""scale__method"": ""quantile_normal""}",lof_0.03,quantile_normal,120,4.0,0.02,"{""clean__method"": ""lof_0.03"", ""model__C"": 4.0, ""model__gamma"": 0.02, ""pca__n_components"": 120, ""scale__method"": ""quantile_normal""}",stage3_local_cv,0,0.801875,6.777,192
stage3_118,stage3_seed_0,"{""clean__method"": ""lof_0.03"", ""model__C"": 4.0, ""model__gamma"": 0.03, ""pca__n_components"": 120, ""scale__method"": ""quantile_normal""}",lof_0.03,quantile_normal,120,4.0,0.03,"{""clean__method"": ""lof_0.03"", ""model__C"": 4.0, ""model__gamma"": 0.03, ""pca__n_components"": 120, ""scale__method"": ""quantile_normal""}",stage3_local_cv,0,0.77875,5.853,192
stage3_119,stage3_seed_0,"{""clean__method"": ""lof_0.03"", ""model__C"": 4.0, ""model__gamma"": 0.04, ""pca__n_components"": 120, ""scale__method"": ""quantile_normal""}",lof_0.03,quantile_normal,120,4.0,0.04,"{""clean__method"": ""lof_0.03"", ""model__C"": 4.0, ""model__gamma"": 0.04, ""pca__n_components"": 120, ""scale__method"": ""quantile_normal""}",stage3_local_cv,0,0.7625,6.666,192
stage3_120,stage3_seed_0,"{""clean__method"": ""lof_0.03"", ""model__C"": 6.0, ""model__gamma"": 0.01, ""pca__n_components"": 120, ""scale__method"": ""quantile_normal""}",lof_0.03,quantile_normal,120,6.0,0.01,"{""clean__method"": ""lof_0.03"", ""model__C"": 6.0, ""model__gamma"": 0.01, ""pca__n_components"": 120, ""scale__method"": ""quantile_normal""}",stage3_local_cv,0,0.809375,6.035,192
stage3_121,stage3_seed_0,"{""clean__method"": ""lof_0.03"", ""model__C"": 6.0, ""model__gamma"": 0.02, ""pca__n_components"": 120, ""scale__method"": ""quantile_normal""}",lof_0.03,quantile_normal,120,6.0,0.02,"{""clean__method"": ""lof_0.03"", ""model__C"": 6.0, ""model__gamma"": 0.02, ""pca__n_components"": 120, ""scale__method"": ""quantile_normal""}",stage3_local_cv,0,0.8,6.668,192
stage3_122,stage3_seed_0,"{""clean__method"": ""lof_0.03"", ""model__C"": 6.0, ""model__gamma"": 0.03, ""pca__n_components"": 120, ""scale__method"": ""quantile_normal""}",lof_0.03,quantile_normal,120,6.0,0.03,"{""clean__method"": ""lof_0.03"", ""model__C"": 6.0, ""model__gamma"": 0.03, ""pca__n_components"": 120, ""scale__method"": ""quantile_normal""}",stage3_local_cv,0,0.77875,6.0,192
stage3_123,stage3_seed_0,"{""clean__method"": ""lof_0.03"", ""model__C"": 6.0, ""model__gamma"": 0.04, ""pca__n_components"": 120, ""scale__method"": ""quantile_normal""}",lof_0.03,quantile_normal,120,6.0,0.04,"{""clean__method"": ""lof_0.03"", ""model__C"": 6.0, ""model__gamma"": 0.04, ""pca__n_components"": 120, ""scale__method"": ""quantile_normal""}",stage3_local_cv,0,0.764375,6.714,192
stage3_124,stage3_seed_0,"{""clean__method"": ""lof_0.03"", ""model__C"": 8.0, ""model__gamma"": 0.01, ""pca__n_components"": 120, ""scale__method"": ""quantile_normal""}",lof_0.03,quantile_normal,120,8.0,0.01,"{""clean__method"": ""lof_0.03"", ""model__C"": 8.0, ""model__gamma"": 0.01, ""pca__n_components"": 120, ""scale__method"": ""quantile_normal""}",stage3_local_cv,0,0.80375,6.197,192
stage3_125,stage3_seed_0,"{""clean__method"": ""lof_0.03"", ""model__C"": 8.0, ""model__gamma"": 0.02, ""pca__n_components"": 120, ""scale__method"": ""quantile_normal""}",lof_0.03,quantile_normal,120,8.0,0.02,"{""clean__method"": ""lof_0.03"", ""model__C"": 8.0, ""model__gamma"": 0.02, ""pca__n_components"": 120, ""scale__method"": ""quantile_normal""}",stage3_local_cv,0,0.8025,6.861,192
stage3_126,stage3_seed_0,"{""clean__method"": ""lof_0.03"", ""model__C"": 8.0, ""model__gamma"": 0.03, ""pca__n_components"": 120, ""scale__method"": ""quantile_normal""}",lof_0.03,quantile_normal,120,8.0,0.03,"{""clean__method"": ""lof_0.03"", ""model__C"": 8.0, ""model__gamma"": 0.03, ""pca__n_components"": 120, ""scale__method"": ""quantile_normal""}",stage3_local_cv,0,0.78,5.893,192
stage3_127,stage3_seed_0,"{""clean__method"": ""lof_0.03"", ""model__C"": 8.0, ""model__gamma"": 0.04, ""pca__n_components"": 120, ""scale__method"": ""quantile_normal""}",lof_0.03,quantile_normal,120,8.0,0.04,"{""clean__method"": ""lof_0.03"", ""model__C"": 8.0, ""model__gamma"": 0.04, ""pca__n_components"": 120, ""scale__method"": ""quantile_normal""}",stage3_local_cv,0,0.763125,6.734,192
stage3_128,stage3_seed_0,"{""clean__method"": ""lof_0.03"", ""model__C"": 3.0, ""model__gamma"": 0.01, ""pca__n_components"": 128, ""scale__method"": ""quantile_normal""}",lof_0.03,quantile_normal,128,3.0,0.01,"{""clean__method"": ""lof_0.03"", ""model__C"": 3.0, ""model__gamma"": 0.01, ""pca__n_components"": 128, ""scale__method"": ""quantile_normal""}",stage3_local_cv,0,0.8125,5.873,192
stage3_129,stage3_seed_0,"{""clean__method"": ""lof_0.03"", ""model__C"": 3.0, ""model__gamma"": 0.02, ""pca__n_components"": 128, ""scale__method"": ""quantile_normal""}",lof_0.03,quantile_normal,128,3.0,0.02,"{""clean__method"": ""lof_0.03"", ""model__C"": 3.0, ""model__gamma"": 0.02, ""pca__n_components"": 128, ""scale__method"": ""quantile_normal""}",stage3_local_cv,0,0.80125,6.545,192
stage3_130,stage3_seed_0,"{""clean__method"": ""lof_0.03"", ""model__C"": 3.0, ""model__gamma"": 0.03, ""pca__n_components"": 128, ""scale__method"": ""quantile_normal""}",lof_0.03,quantile_normal,128,3.0,0.03,"{""clean__method"": ""lof_0.03"", ""model__C"": 3.0, ""model__gamma"": 0.03, ""pca__n_components"": 128, ""scale__method"": ""quantile_normal""}",stage3_local_cv,0,0.77875,5.622,192
stage3_131,stage3_seed_0,"{""clean__method"": ""lof_0.03"", ""model__C"": 3.0, ""model__gamma"": 0.04, ""pca__n_components"": 128, ""scale__method"": ""quantile_normal""}",lof_0.03,quantile_normal,128,3.0,0.04,"{""clean__method"": ""lof_0.03"", ""model__C"": 3.0, ""model__gamma"": 0.04, ""pca__n_components"": 128, ""scale__method"": ""quantile_normal""}",stage3_local_cv,0,0.76,6.56,192
stage3_132,stage3_seed_0,"{""clean__method"": ""lof_0.03"", ""model__C"": 4.0, ""model__gamma"": 0.01, ""pca__n_components"": 128, ""scale__method"": ""quantile_normal""}",lof_0.03,quantile_normal,128,4.0,0.01,"{""clean__method"": ""lof_0.03"", ""model__C"": 4.0, ""model__gamma"": 0.01, ""pca__n_components"": 128, ""scale__method"": ""quantile_normal""}",stage3_local_cv,0,0.8125,6.035,192
stage3_133,stage3_seed_0,"{""clean__method"": ""lof_0.03"", ""model__C"": 4.0, ""model__gamma"": 0.02, ""pca__n_components"": 128, ""scale__method"": ""quantile_normal""}",lof_0.03,quantile_normal,128,4.0,0.02,"{""clean__method"": ""lof_0.03"", ""model__C"": 4.0, ""model__gamma"": 0.02, ""pca__n_components"": 128, ""scale__method"": ""quantile_normal""}",stage3_local_cv,0,0.803125,6.941,192
stage3_134,stage3_seed_0,"{""clean__method"": ""lof_0.03"", ""model__C"": 4.0, ""model__gamma"": 0.03, ""pca__n_components"": 128, ""scale__method"": ""quantile_normal""}",lof_0.03,quantile_normal,128,4.0,0.03,"{""clean__method"": ""lof_0.03"", ""model__C"": 4.0, ""model__gamma"": 0.03, ""pca__n_components"": 128, ""scale__method"": ""quantile_normal""}",stage3_local_cv,0,0.7775,5.729,192
stage3_135,stage3_seed_0,"{""clean__method"": ""lof_0.03"", ""model__C"": 4.0, ""model__gamma"": 0.04, ""pca__n_components"": 128, ""scale__method"": ""quantile_normal""}",lof_0.03,quantile_normal,128,4.0,0.04,"{""clean__method"": ""lof_0.03"", ""model__C"": 4.0, ""model__gamma"": 0.04, ""pca__n_components"": 128, ""scale__method"": ""quantile_normal""}",stage3_local_cv,0,0.760625,6.475,192
stage3_136,stage3_seed_0,"{""clean__method"": ""lof_0.03"", ""model__C"": 6.0, ""model__gamma"": 0.01, ""pca__n_components"": 128, ""scale__method"": ""quantile_normal""}",lof_0.03,quantile_normal,128,6.0,0.01,"{""clean__method"": ""lof_0.03"", ""model__C"": 6.0, ""model__gamma"": 0.01, ""pca__n_components"": 128, ""scale__method"": ""quantile_normal""}",stage3_local_cv,0,0.809375,5.931,192
stage3_137,stage3_seed_0,"{""clean__method"": ""lof_0.03"", ""model__C"": 6.0, ""model__gamma"": 0.02, ""pca__n_components"": 128, ""scale__method"": ""quantile_normal""}",lof_0.03,quantile_normal,128,6.0,0.02,"{""clean__method"": ""lof_0.03"", ""model__C"": 6.0, ""model__gamma"": 0.02, ""pca__n_components"": 128, ""scale__method"": ""quantile_normal""}",stage3_local_cv,0,0.801875,6.611,192
stage3_138,stage3_seed_0,"{""clean__method"": ""lof_0.03"", ""model__C"": 6.0, ""model__gamma"": 0.03, ""pca__n_components"": 128, ""scale__method"": ""quantile_normal""}",lof_0.03,quantile_normal,128,6.0,0.03,"{""clean__method"": ""lof_0.03"", ""model__C"": 6.0, ""model__gamma"": 0.03, ""pca__n_components"": 128, ""scale__method"": ""quantile_normal""}",stage3_local_cv,0,0.778125,5.688,192
stage3_139,stage3_seed_0,"{""clean__method"": ""lof_0.03"", ""model__C"": 6.0, ""model__gamma"": 0.04, ""pca__n_components"": 128, ""scale__method"": ""quantile_normal""}",lof_0.03,quantile_normal,128,6.0,0.04,"{""clean__method"": ""lof_0.03"", ""model__C"": 6.0, ""model__gamma"": 0.04, ""pca__n_components"": 128, ""scale__method"": ""quantile_normal""}",stage3_local_cv,0,0.763125,6.477,192
stage3_140,stage3_seed_0,"{""clean__method"": ""lof_0.03"", ""model__C"": 8.0, ""model__gamma"": 0.01, ""pca__n_components"": 128, ""scale__method"": ""quantile_normal""}",lof_0.03,quantile_normal,128,8.0,0.01,"{""clean__method"": ""lof_0.03"", ""model__C"": 8.0, ""model__gamma"": 0.01, ""pca__n_components"": 128, ""scale__method"": ""quantile_normal""}",stage3_local_cv,0,0.805,5.913,192
stage3_141,stage3_seed_0,"{""clean__method"": ""lof_0.03"", ""model__C"": 8.0, ""model__gamma"": 0.02, ""pca__n_components"": 128, ""scale__method"": ""quantile_normal""}",lof_0.03,quantile_normal,128,8.0,0.02,"{""clean__method"": ""lof_0.03"", ""model__C"": 8.0, ""model__gamma"": 0.02, ""pca__n_components"": 128, ""scale__method"": ""quantile_normal""}",stage3_local_cv,0,0.801875,6.525,192
stage3_142,stage3_seed_0,"{""clean__method"": ""lof_0.03"", ""model__C"": 8.0, ""model__gamma"": 0.03, ""pca__n_components"": 128, ""scale__method"": ""quantile_normal""}",lof_0.03,quantile_normal,128,8.0,0.03,"{""clean__method"": ""lof_0.03"", ""model__C"": 8.0, ""model__gamma"": 0.03, ""pca__n_components"": 128, ""scale__method"": ""quantile_normal""}",stage3_local_cv,0,0.77625,5.816,192
stage3_143,stage3_seed_0,"{""clean__method"": ""lof_0.03"", ""model__C"": 8.0, ""model__gamma"": 0.04, ""pca__n_components"": 128, ""scale__method"": ""quantile_normal""}",lof_0.03,quantile_normal,128,8.0,0.04,"{""clean__method"": ""lof_0.03"", ""model__C"": 8.0, ""model__gamma"": 0.04, ""pca__n_components"": 128, ""scale__method"": ""quantile_normal""}",stage3_local_cv,0,0.761875,6.56,192
stage3_144,stage3_seed_0,"{""clean__method"": ""lof_0.03"", ""model__C"": 3.0, ""model__gamma"": 0.01, ""pca__n_components"": 136, ""scale__method"": ""quantile_normal""}",lof_0.03,quantile_normal,136,3.0,0.01,"{""clean__method"": ""lof_0.03"", ""model__C"": 3.0, ""model__gamma"": 0.01, ""pca__n_components"": 136, ""scale__method"": ""quantile_normal""}",stage3_local_cv,0,0.811875,7.015,192
stage3_145,stage3_seed_0,"{""clean__method"": ""lof_0.03"", ""model__C"": 3.0, ""model__gamma"": 0.02, ""pca__n_components"": 136, ""scale__method"": ""quantile_normal""}",lof_0.03,quantile_normal,136,3.0,0.02,"{""clean__method"": ""lof_0.03"", ""model__C"": 3.0, ""model__gamma"": 0.02, ""pca__n_components"": 136, ""scale__method"": ""quantile_normal""}",stage3_local_cv,0,0.7975,7.588,192
stage3_146,stage3_seed_0,"{""clean__method"": ""lof_0.03"", ""model__C"": 3.0, ""model__gamma"": 0.03, ""pca__n_components"": 136, ""scale__method"": ""quantile_normal""}",lof_0.03,quantile_normal,136,3.0,0.03,"{""clean__method"": ""lof_0.03"", ""model__C"": 3.0, ""model__gamma"": 0.03, ""pca__n_components"": 136, ""scale__method"": ""quantile_normal""}",stage3_local_cv,0,0.7775,7.688,192
stage3_147,stage3_seed_0,"{""clean__method"": ""lof_0.03"", ""model__C"": 3.0, ""model__gamma"": 0.04, ""pca__n_components"": 136, ""scale__method"": ""quantile_normal""}",lof_0.03,quantile_normal,136,3.0,0.04,"{""clean__method"": ""lof_0.03"", ""model__C"": 3.0, ""model__gamma"": 0.04, ""pca__n_components"": 136, ""scale__method"": ""quantile_normal""}",stage3_local_cv,0,0.760625,7.031,192
stage3_148,stage3_seed_0,"{""clean__method"": ""lof_0.03"", ""model__C"": 4.0, ""model__gamma"": 0.01, ""pca__n_components"": 136, ""scale__method"": ""quantile_normal""}",lof_0.03,quantile_normal,136,4.0,0.01,"{""clean__method"": ""lof_0.03"", ""model__C"": 4.0, ""model__gamma"": 0.01, ""pca__n_components"": 136, ""scale__method"": ""quantile_normal""}",stage3_local_cv,0,0.809375,7.739,192
stage3_149,stage3_seed_0,"{""clean__method"": ""lof_0.03"", ""model__C"": 4.0, ""model__gamma"": 0.02, ""pca__n_components"": 136, ""scale__method"": ""quantile_normal""}",lof_0.03,quantile_normal,136,4.0,0.02,"{""clean__method"": ""lof_0.03"", ""model__C"": 4.0, ""model__gamma"": 0.02, ""pca__n_components"": 136, ""scale__method"": ""quantile_normal""}",stage3_local_cv,0,0.799375,6.911,192
stage3_150,stage3_seed_0,"{""clean__method"": ""lof_0.03"", ""model__C"": 4.0, ""model__gamma"": 0.03, ""pca__n_components"": 136, ""scale__method"": ""quantile_normal""}",lof_0.03,quantile_normal,136,4.0,0.03,"{""clean__method"": ""lof_0.03"", ""model__C"": 4.0, ""model__gamma"": 0.03, ""pca__n_components"": 136, ""scale__method"": ""quantile_normal""}",stage3_local_cv,0,0.775625,7.672,192
stage3_151,stage3_seed_0,"{""clean__method"": ""lof_0.03"", ""model__C"": 4.0, ""model__gamma"": 0.04, ""pca__n_components"": 136, ""scale__method"": ""quantile_normal""}",lof_0.03,quantile_normal,136,4.0,0.04,"{""clean__method"": ""lof_0.03"", ""model__C"": 4.0, ""model__gamma"": 0.04, ""pca__n_components"": 136, ""scale__method"": ""quantile_normal""}",stage3_local_cv,0,0.765,7.616,192
stage3_152,stage3_seed_0,"{""clean__method"": ""lof_0.03"", ""model__C"": 6.0, ""model__gamma"": 0.01, ""pca__n_components"": 136, ""scale__method"": ""quantile_normal""}",lof_0.03,quantile_normal,136,6.0,0.01,"{""clean__method"": ""lof_0.03"", ""model__C"": 6.0, ""model__gamma"": 0.01, ""pca__n_components"": 136, ""scale__method"": ""quantile_normal""}",stage3_local_cv,0,0.803125,7.254,192
stage3_153,stage3_seed_0,"{""clean__method"": ""lof_0.03"", ""model__C"": 6.0, ""model__gamma"": 0.02, ""pca__n_components"": 136, ""scale__method"": ""quantile_normal""}",lof_0.03,quantile_normal,136,6.0,0.02,"{""clean__method"": ""lof_0.03"", ""model__C"": 6.0, ""model__gamma"": 0.02, ""pca__n_components"": 136, ""scale__method"": ""quantile_normal""}",stage3_local_cv,0,0.80125,7.866,192
stage3_154,stage3_seed_0,"{""clean__method"": ""lof_0.03"", ""model__C"": 6.0, ""model__gamma"": 0.03, ""pca__n_components"": 136, ""scale__method"": ""quantile_normal""}",lof_0.03,quantile_normal,136,6.0,0.03,"{""clean__method"": ""lof_0.03"", ""model__C"": 6.0, ""model__gamma"": 0.03, ""pca__n_components"": 136, ""scale__method"": ""quantile_normal""}",stage3_local_cv,0,0.778125,6.751,192
stage3_155,stage3_seed_0,"{""clean__method"": ""lof_0.03"", ""model__C"": 6.0, ""model__gamma"": 0.04, ""pca__n_components"": 136, ""scale__method"": ""quantile_normal""}",lof_0.03,quantile_normal,136,6.0,0.04,"{""clean__method"": ""lof_0.03"", ""model__C"": 6.0, ""model__gamma"": 0.04, ""pca__n_components"": 136, ""scale__method"": ""quantile_normal""}",stage3_local_cv,0,0.765,7.496,192
stage3_156,stage3_seed_0,"{""clean__method"": ""lof_0.03"", ""model__C"": 8.0, ""model__gamma"": 0.01, ""pca__n_components"": 136, ""scale__method"": ""quantile_normal""}",lof_0.03,quantile_normal,136,8.0,0.01,"{""clean__method"": ""lof_0.03"", ""model__C"": 8.0, ""model__gamma"": 0.01, ""pca__n_components"": 136, ""scale__method"": ""quantile_normal""}",stage3_local_cv,0,0.8025,7.223,192
stage3_157,stage3_seed_0,"{""clean__method"": ""lof_0.03"", ""model__C"": 8.0, ""model__gamma"": 0.02, ""pca__n_components"": 136, ""scale__method"": ""quantile_normal""}",lof_0.03,quantile_normal,136,8.0,0.02,"{""clean__method"": ""lof_0.03"", ""model__C"": 8.0, ""model__gamma"": 0.02, ""pca__n_components"": 136, ""scale__method"": ""quantile_normal""}",stage3_local_cv,0,0.8025,7.618,192
stage3_158,stage3_seed_0,"{""clean__method"": ""lof_0.03"", ""model__C"": 8.0, ""model__gamma"": 0.03, ""pca__n_components"": 136, ""scale__method"": ""quantile_normal""}",lof_0.03,quantile_normal,136,8.0,0.03,"{""clean__method"": ""lof_0.03"", ""model__C"": 8.0, ""model__gamma"": 0.03, ""pca__n_components"": 136, ""scale__method"": ""quantile_normal""}",stage3_local_cv,0,0.775,8.02,192
stage3_159,stage3_seed_0,"{""clean__method"": ""lof_0.03"", ""model__C"": 8.0, ""model__gamma"": 0.04, ""pca__n_components"": 136, ""scale__method"": ""quantile_normal""}",lof_0.03,quantile_normal,136,8.0,0.04,"{""clean__method"": ""lof_0.03"", ""model__C"": 8.0, ""model__gamma"": 0.04, ""pca__n_components"": 136, ""scale__method"": ""quantile_normal""}",stage3_local_cv,0,0.76375,6.848,192
stage3_160,stage3_seed_0,"{""clean__method"": ""lof_0.03"", ""model__C"": 3.0, ""model__gamma"": 0.01, ""pca__n_components"": 104, ""scale__method"": ""robust""}",lof_0.03,robust,104,3.0,0.01,"{""clean__method"": ""lof_0.03"", ""model__C"": 3.0, ""model__gamma"": 0.01, ""pca__n_components"": 104, ""scale__method"": ""robust""}",stage3_local_cv,0,0.796875,5.639,192
stage3_161,stage3_seed_0,"{""clean__method"": ""lof_0.03"", ""model__C"": 3.0, ""model__gamma"": 0.02, ""pca__n_components"": 104, ""scale__method"": ""robust""}",lof_0.03,robust,104,3.0,0.02,"{""clean__method"": ""lof_0.03"", ""model__C"": 3.0, ""model__gamma"": 0.02, ""pca__n_components"": 104, ""scale__method"": ""robust""}",stage3_local_cv,0,0.8025,5.086,192
stage3_162,stage3_seed_0,"{""clean__method"": ""lof_0.03"", ""model__C"": 3.0, ""model__gamma"": 0.03, ""pca__n_components"": 104, ""scale__method"": ""robust""}",lof_0.03,robust,104,3.0,0.03,"{""clean__method"": ""lof_0.03"", ""model__C"": 3.0, ""model__gamma"": 0.03, ""pca__n_components"": 104, ""scale__method"": ""robust""}",stage3_local_cv,0,0.803125,5.647,192
stage3_163,stage3_seed_0,"{""clean__method"": ""lof_0.03"", ""model__C"": 3.0, ""model__gamma"": 0.04, ""pca__n_components"": 104, ""scale__method"": ""robust""}",lof_0.03,robust,104,3.0,0.04,"{""clean__method"": ""lof_0.03"", ""model__C"": 3.0, ""model__gamma"": 0.04, ""pca__n_components"": 104, ""scale__method"": ""robust""}",stage3_local_cv,0,0.798125,5.289,192
stage3_164,stage3_seed_0,"{""clean__method"": ""lof_0.03"", ""model__C"": 4.0, ""model__gamma"": 0.01, ""pca__n_components"": 104, ""scale__method"": ""robust""}",lof_0.03,robust,104,4.0,0.01,"{""clean__method"": ""lof_0.03"", ""model__C"": 4.0, ""model__gamma"": 0.01, ""pca__n_components"": 104, ""scale__method"": ""robust""}",stage3_local_cv,0,0.809375,5.367,192
stage3_165,stage3_seed_0,"{""clean__method"": ""lof_0.03"", ""model__C"": 4.0, ""model__gamma"": 0.02, ""pca__n_components"": 104, ""scale__method"": ""robust""}",lof_0.03,robust,104,4.0,0.02,"{""clean__method"": ""lof_0.03"", ""model__C"": 4.0, ""model__gamma"": 0.02, ""pca__n_components"": 104, ""scale__method"": ""robust""}",stage3_local_cv,0,0.805625,6.291,192
stage3_166,stage3_seed_0,"{""clean__method"": ""lof_0.03"", ""model__C"": 4.0, ""model__gamma"": 0.03, ""pca__n_components"": 104, ""scale__method"": ""robust""}",lof_0.03,robust,104,4.0,0.03,"{""clean__method"": ""lof_0.03"", ""model__C"": 4.0, ""model__gamma"": 0.03, ""pca__n_components"": 104, ""scale__method"": ""robust""}",stage3_local_cv,0,0.804375,4.88,192
stage3_167,stage3_seed_0,"{""clean__method"": ""lof_0.03"", ""model__C"": 4.0, ""model__gamma"": 0.04, ""pca__n_components"": 104, ""scale__method"": ""robust""}",lof_0.03,robust,104,4.0,0.04,"{""clean__method"": ""lof_0.03"", ""model__C"": 4.0, ""model__gamma"": 0.04, ""pca__n_components"": 104, ""scale__method"": ""robust""}",stage3_local_cv,0,0.795,5.782,192
stage3_168,stage3_seed_0,"{""clean__method"": ""lof_0.03"", ""model__C"": 6.0, ""model__gamma"": 0.01, ""pca__n_components"": 104, ""scale__method"": ""robust""}",lof_0.03,robust,104,6.0,0.01,"{""clean__method"": ""lof_0.03"", ""model__C"": 6.0, ""model__gamma"": 0.01, ""pca__n_components"": 104, ""scale__method"": ""robust""}",stage3_local_cv,0,0.81125,5.59,192
stage3_169,stage3_seed_0,"{""clean__method"": ""lof_0.03"", ""model__C"": 6.0, ""model__gamma"": 0.02, ""pca__n_components"": 104, ""scale__method"": ""robust""}",lof_0.03,robust,104,6.0,0.02,"{""clean__method"": ""lof_0.03"", ""model__C"": 6.0, ""model__gamma"": 0.02, ""pca__n_components"": 104, ""scale__method"": ""robust""}",stage3_local_cv,0,0.803125,6.038,192
stage3_170,stage3_seed_0,"{""clean__method"": ""lof_0.03"", ""model__C"": 6.0, ""model__gamma"": 0.03, ""pca__n_components"": 104, ""scale__method"": ""robust""}",lof_0.03,robust,104,6.0,0.03,"{""clean__method"": ""lof_0.03"", ""model__C"": 6.0, ""model__gamma"": 0.03, ""pca__n_components"": 104, ""scale__method"": ""robust""}",stage3_local_cv,0,0.8025,4.926,192
stage3_171,stage3_seed_0,"{""clean__method"": ""lof_0.03"", ""model__C"": 6.0, ""model__gamma"": 0.04, ""pca__n_components"": 104, ""scale__method"": ""robust""}",lof_0.03,robust,104,6.0,0.04,"{""clean__method"": ""lof_0.03"", ""model__C"": 6.0, ""model__gamma"": 0.04, ""pca__n_components"": 104, ""scale__method"": ""robust""}",stage3_local_cv,0,0.794375,5.402,192
stage3_172,stage3_seed_0,"{""clean__method"": ""lof_0.03"", ""model__C"": 8.0, ""model__gamma"": 0.01, ""pca__n_components"": 104, ""scale__method"": ""robust""}",lof_0.03,robust,104,8.0,0.01,"{""clean__method"": ""lof_0.03"", ""model__C"": 8.0, ""model__gamma"": 0.01, ""pca__n_components"": 104, ""scale__method"": ""robust""}",stage3_local_cv,0,0.81375,6.222,192
stage3_173,stage3_seed_0,"{""clean__method"": ""lof_0.03"", ""model__C"": 8.0, ""model__gamma"": 0.02, ""pca__n_components"": 104, ""scale__method"": ""robust""}",lof_0.03,robust,104,8.0,0.02,"{""clean__method"": ""lof_0.03"", ""model__C"": 8.0, ""model__gamma"": 0.02, ""pca__n_components"": 104, ""scale__method"": ""robust""}",stage3_local_cv,0,0.799375,5.081,192
stage3_174,stage3_seed_0,"{""clean__method"": ""lof_0.03"", ""model__C"": 8.0, ""model__gamma"": 0.03, ""pca__n_components"": 104, ""scale__method"": ""robust""}",lof_0.03,robust,104,8.0,0.03,"{""clean__method"": ""lof_0.03"", ""model__C"": 8.0, ""model__gamma"": 0.03, ""pca__n_components"": 104, ""scale__method"": ""robust""}",stage3_local_cv,0,0.79875,6.213,192
stage3_175,stage3_seed_0,"{""clean__method"": ""lof_0.03"", ""model__C"": 8.0, ""model__gamma"": 0.04, ""pca__n_components"": 104, ""scale__method"": ""robust""}",lof_0.03,robust,104,8.0,0.04,"{""clean__method"": ""lof_0.03"", ""model__C"": 8.0, ""model__gamma"": 0.04, ""pca__n_components"": 104, ""scale__method"": ""robust""}",stage3_local_cv,0,0.794375,4.976,192
stage3_176,stage3_seed_0,"{""clean__method"": ""lof_0.03"", ""model__C"": 3.0, ""model__gamma"": 0.01, ""pca__n_components"": 112, ""scale__method"": ""robust""}",lof_0.03,robust,112,3.0,0.01,"{""clean__method"": ""lof_0.03"", ""model__C"": 3.0, ""model__gamma"": 0.01, ""pca__n_components"": 112, ""scale__method"": ""robust""}",stage3_local_cv,0,0.80125,5.43,192
stage3_177,stage3_seed_0,"{""clean__method"": ""lof_0.03"", ""model__C"": 3.0, ""model__gamma"": 0.02, ""pca__n_components"": 112, ""scale__method"": ""robust""}",lof_0.03,robust,112,3.0,0.02,"{""clean__method"": ""lof_0.03"", ""model__C"": 3.0, ""model__gamma"": 0.02, ""pca__n_components"": 112, ""scale__method"": ""robust""}",stage3_local_cv,0,0.80125,4.819,192
stage3_178,stage3_seed_0,"{""clean__method"": ""lof_0.03"", ""model__C"": 3.0, ""model__gamma"": 0.03, ""pca__n_components"": 112, ""scale__method"": ""robust""}",lof_0.03,robust,112,3.0,0.03,"{""clean__method"": ""lof_0.03"", ""model__C"": 3.0, ""model__gamma"": 0.03, ""pca__n_components"": 112, ""scale__method"": ""robust""}",stage3_local_cv,0,0.804375,5.222,192
stage3_179,stage3_seed_0,"{""clean__method"": ""lof_0.03"", ""model__C"": 3.0, ""model__gamma"": 0.04, ""pca__n_components"": 112, ""scale__method"": ""robust""}",lof_0.03,robust,112,3.0,0.04,"{""clean__method"": ""lof_0.03"", ""model__C"": 3.0, ""model__gamma"": 0.04, ""pca__n_components"": 112, ""scale__method"": ""robust""}",stage3_local_cv,0,0.79875,5.188,192
stage3_180,stage3_seed_0,"{""clean__method"": ""lof_0.03"", ""model__C"": 4.0, ""model__gamma"": 0.01, ""pca__n_components"": 112, ""scale__method"": ""robust""}",lof_0.03,robust,112,4.0,0.01,"{""clean__method"": ""lof_0.03"", ""model__C"": 4.0, ""model__gamma"": 0.01, ""pca__n_components"": 112, ""scale__method"": ""robust""}",stage3_local_cv,0,0.810625,5.144,192
stage3_181,stage3_seed_0,"{""clean__method"": ""lof_0.03"", ""model__C"": 4.0, ""model__gamma"": 0.02, ""pca__n_components"": 112, ""scale__method"": ""robust""}",lof_0.03,robust,112,4.0,0.02,"{""clean__method"": ""lof_0.03"", ""model__C"": 4.0, ""model__gamma"": 0.02, ""pca__n_components"": 112, ""scale__method"": ""robust""}",stage3_local_cv,0,0.80375,5.648,192
stage3_182,stage3_seed_0,"{""clean__method"": ""lof_0.03"", ""model__C"": 4.0, ""model__gamma"": 0.03, ""pca__n_components"": 112, ""scale__method"": ""robust""}",lof_0.03,robust,112,4.0,0.03,"{""clean__method"": ""lof_0.03"", ""model__C"": 4.0, ""model__gamma"": 0.03, ""pca__n_components"": 112, ""scale__method"": ""robust""}",stage3_local_cv,0,0.80375,4.619,192
stage3_183,stage3_seed_0,"{""clean__method"": ""lof_0.03"", ""model__C"": 4.0, ""model__gamma"": 0.04, ""pca__n_components"": 112, ""scale__method"": ""robust""}",lof_0.03,robust,112,4.0,0.04,"{""clean__method"": ""lof_0.03"", ""model__C"": 4.0, ""model__gamma"": 0.04, ""pca__n_components"": 112, ""scale__method"": ""robust""}",stage3_local_cv,0,0.79875,5.788,192
stage3_184,stage3_seed_0,"{""clean__method"": ""lof_0.03"", ""model__C"": 6.0, ""model__gamma"": 0.01, ""pca__n_components"": 112, ""scale__method"": ""robust""}",lof_0.03,robust,112,6.0,0.01,"{""clean__method"": ""lof_0.03"", ""model__C"": 6.0, ""model__gamma"": 0.01, ""pca__n_components"": 112, ""scale__method"": ""robust""}",stage3_local_cv,0,0.813125,5.292,192
stage3_185,stage3_seed_0,"{""clean__method"": ""lof_0.03"", ""model__C"": 6.0, ""model__gamma"": 0.02, ""pca__n_components"": 112, ""scale__method"": ""robust""}",lof_0.03,robust,112,6.0,0.02,"{""clean__method"": ""lof_0.03"", ""model__C"": 6.0, ""model__gamma"": 0.02, ""pca__n_components"": 112, ""scale__method"": ""robust""}",stage3_local_cv,0,0.800625,4.778,192
stage3_186,stage3_seed_0,"{""clean__method"": ""lof_0.03"", ""model__C"": 6.0, ""model__gamma"": 0.03, ""pca__n_components"": 112, ""scale__method"": ""robust""}",lof_0.03,robust,112,6.0,0.03,"{""clean__method"": ""lof_0.03"", ""model__C"": 6.0, ""model__gamma"": 0.03, ""pca__n_components"": 112, ""scale__method"": ""robust""}",stage3_local_cv,0,0.801875,5.407,192
stage3_187,stage3_seed_0,"{""clean__method"": ""lof_0.03"", ""model__C"": 6.0, ""model__gamma"": 0.04, ""pca__n_components"": 112, ""scale__method"": ""robust""}",lof_0.03,robust,112,6.0,0.04,"{""clean__method"": ""lof_0.03"", ""model__C"": 6.0, ""model__gamma"": 0.04, ""pca__n_components"": 112, ""scale__method"": ""robust""}",stage3_local_cv,0,0.794375,4.64,192
stage3_188,stage3_seed_0,"{""clean__method"": ""lof_0.03"", ""model__C"": 8.0, ""model__gamma"": 0.01, ""pca__n_components"": 112, ""scale__method"": ""robust""}",lof_0.03,robust,112,8.0,0.01,"{""clean__method"": ""lof_0.03"", ""model__C"": 8.0, ""model__gamma"": 0.01, ""pca__n_components"": 112, ""scale__method"": ""robust""}",stage3_local_cv,0,0.8075,6.68,192
stage3_189,stage3_seed_0,"{""clean__method"": ""lof_0.03"", ""model__C"": 8.0, ""model__gamma"": 0.02, ""pca__n_components"": 112, ""scale__method"": ""robust""}",lof_0.03,robust,112,8.0,0.02,"{""clean__method"": ""lof_0.03"", ""model__C"": 8.0, ""model__gamma"": 0.02, ""pca__n_components"": 112, ""scale__method"": ""robust""}",stage3_local_cv,0,0.799375,4.752,192
stage3_190,stage3_seed_0,"{""clean__method"": ""lof_0.03"", ""model__C"": 8.0, ""model__gamma"": 0.03, ""pca__n_components"": 112, ""scale__method"": ""robust""}",lof_0.03,robust,112,8.0,0.03,"{""clean__method"": ""lof_0.03"", ""model__C"": 8.0, ""model__gamma"": 0.03, ""pca__n_components"": 112, ""scale__method"": ""robust""}",stage3_local_cv,0,0.79875,5.828,192
stage3_191,stage3_seed_0,"{""clean__method"": ""lof_0.03"", ""model__C"": 8.0, ""model__gamma"": 0.04, ""pca__n_components"": 112, ""scale__method"": ""robust""}",lof_0.03,robust,112,8.0,0.04,"{""clean__method"": ""lof_0.03"", ""model__C"": 8.0, ""model__gamma"": 0.04, ""pca__n_components"": 112, ""scale__method"": ""robust""}",stage3_local_cv,0,0.795,4.685,192
stage3_192,stage3_seed_0,"{""clean__method"": ""lof_0.03"", ""model__C"": 3.0, ""model__gamma"": 0.01, ""pca__n_components"": 120, ""scale__method"": ""robust""}",lof_0.03,robust,120,3.0,0.01,"{""clean__method"": ""lof_0.03"", ""model__C"": 3.0, ""model__gamma"": 0.01, ""pca__n_components"": 120, ""scale__method"": ""robust""}",stage3_local_cv,0,0.799375,5.111,192
stage3_193,stage3_seed_0,"{""clean__method"": ""lof_0.03"", ""model__C"": 3.0, ""model__gamma"": 0.02, ""pca__n_components"": 120, ""scale__method"": ""robust""}",lof_0.03,robust,120,3.0,0.02,"{""clean__method"": ""lof_0.03"", ""model__C"": 3.0, ""model__gamma"": 0.02, ""pca__n_components"": 120, ""scale__method"": ""robust""}",stage3_local_cv,0,0.809375,6.396,192
stage3_194,stage3_seed_0,"{""clean__method"": ""lof_0.03"", ""model__C"": 3.0, ""model__gamma"": 0.03, ""pca__n_components"": 120, ""scale__method"": ""robust""}",lof_0.03,robust,120,3.0,0.03,"{""clean__method"": ""lof_0.03"", ""model__C"": 3.0, ""model__gamma"": 0.03, ""pca__n_components"": 120, ""scale__method"": ""robust""}",stage3_local_cv,0,0.80375,5.114,192
stage3_195,stage3_seed_0,"{""clean__method"": ""lof_0.03"", ""model__C"": 3.0, ""model__gamma"": 0.04, ""pca__n_components"": 120, ""scale__method"": ""robust""}",lof_0.03,robust,120,3.0,0.04,"{""clean__method"": ""lof_0.03"", ""model__C"": 3.0, ""model__gamma"": 0.04, ""pca__n_components"": 120, ""scale__method"": ""robust""}",stage3_local_cv,0,0.79625,5.9,192
stage3_196,stage3_seed_0,"{""clean__method"": ""lof_0.03"", ""model__C"": 4.0, ""model__gamma"": 0.01, ""pca__n_components"": 120, ""scale__method"": ""robust""}",lof_0.03,robust,120,4.0,0.01,"{""clean__method"": ""lof_0.03"", ""model__C"": 4.0, ""model__gamma"": 0.01, ""pca__n_components"": 120, ""scale__method"": ""robust""}",stage3_local_cv,0,0.81,5.621,192
stage3_197,stage3_seed_0,"{""clean__method"": ""lof_0.03"", ""model__C"": 4.0, ""model__gamma"": 0.02, ""pca__n_components"": 120, ""scale__method"": ""robust""}",lof_0.03,robust,120,4.0,0.02,"{""clean__method"": ""lof_0.03"", ""model__C"": 4.0, ""model__gamma"": 0.02, ""pca__n_components"": 120, ""scale__method"": ""robust""}",stage3_local_cv,0,0.81125,6.078,192
stage3_198,stage3_seed_0,"{""clean__method"": ""lof_0.03"", ""model__C"": 4.0, ""model__gamma"": 0.03, ""pca__n_components"": 120, ""scale__method"": ""robust""}",lof_0.03,robust,120,4.0,0.03,"{""clean__method"": ""lof_0.03"", ""model__C"": 4.0, ""model__gamma"": 0.03, ""pca__n_components"": 120, ""scale__method"": ""robust""}",stage3_local_cv,0,0.803125,5.096,192
stage3_199,stage3_seed_0,"{""clean__method"": ""lof_0.03"", ""model__C"": 4.0, ""model__gamma"": 0.04, ""pca__n_components"": 120, ""scale__method"": ""robust""}",lof_0.03,robust,120,4.0,0.04,"{""clean__method"": ""lof_0.03"", ""model__C"": 4.0, ""model__gamma"": 0.04, ""pca__n_components"": 120, ""scale__method"": ""robust""}",stage3_local_cv,0,0.795625,6.353,192
stage3_200,stage3_seed_0,"{""clean__method"": ""lof_0.03"", ""model__C"": 6.0, ""model__gamma"": 0.01, ""pca__n_components"": 120, ""scale__method"": ""robust""}",lof_0.03,robust,120,6.0,0.01,"{""clean__method"": ""lof_0.03"", ""model__C"": 6.0, ""model__gamma"": 0.01, ""pca__n_components"": 120, ""scale__method"": ""robust""}",stage3_local_cv,0,0.815,5.69,192
stage3_201,stage3_seed_0,"{""clean__method"": ""lof_0.03"", ""model__C"": 6.0, ""model__gamma"": 0.02, ""pca__n_components"": 120, ""scale__method"": ""robust""}",lof_0.03,robust,120,6.0,0.02,"{""clean__method"": ""lof_0.03"", ""model__C"": 6.0, ""model__gamma"": 0.02, ""pca__n_components"": 120, ""scale__method"": ""robust""}",stage3_local_cv,0,0.80375,6.123,192
stage3_202,stage3_seed_0,"{""clean__method"": ""lof_0.03"", ""model__C"": 6.0, ""model__gamma"": 0.03, ""pca__n_components"": 120, ""scale__method"": ""robust""}",lof_0.03,robust,120,6.0,0.03,"{""clean__method"": ""lof_0.03"", ""model__C"": 6.0, ""model__gamma"": 0.03, ""pca__n_components"": 120, ""scale__method"": ""robust""}",stage3_local_cv,0,0.798125,5.392,192
stage3_203,stage3_seed_0,"{""clean__method"": ""lof_0.03"", ""model__C"": 6.0, ""model__gamma"": 0.04, ""pca__n_components"": 120, ""scale__method"": ""robust""}",lof_0.03,robust,120,6.0,0.04,"{""clean__method"": ""lof_0.03"", ""model__C"": 6.0, ""model__gamma"": 0.04, ""pca__n_components"": 120, ""scale__method"": ""robust""}",stage3_local_cv,0,0.794375,5.115,192
stage3_204,stage3_seed_0,"{""clean__method"": ""lof_0.03"", ""model__C"": 8.0, ""model__gamma"": 0.01, ""pca__n_components"": 120, ""scale__method"": ""robust""}",lof_0.03,robust,120,8.0,0.01,"{""clean__method"": ""lof_0.03"", ""model__C"": 8.0, ""model__gamma"": 0.01, ""pca__n_components"": 120, ""scale__method"": ""robust""}",stage3_local_cv,0,0.8125,6.607,192
stage3_205,stage3_seed_0,"{""clean__method"": ""lof_0.03"", ""model__C"": 8.0, ""model__gamma"": 0.02, ""pca__n_components"": 120, ""scale__method"": ""robust""}",lof_0.03,robust,120,8.0,0.02,"{""clean__method"": ""lof_0.03"", ""model__C"": 8.0, ""model__gamma"": 0.02, ""pca__n_components"": 120, ""scale__method"": ""robust""}",stage3_local_cv,0,0.801875,5.22,192
stage3_206,stage3_seed_0,"{""clean__method"": ""lof_0.03"", ""model__C"": 8.0, ""model__gamma"": 0.03, ""pca__n_components"": 120, ""scale__method"": ""robust""}",lof_0.03,robust,120,8.0,0.03,"{""clean__method"": ""lof_0.03"", ""model__C"": 8.0, ""model__gamma"": 0.03, ""pca__n_components"": 120, ""scale__method"": ""robust""}",stage3_local_cv,0,0.800625,5.981,192
stage3_207,stage3_seed_0,"{""clean__method"": ""lof_0.03"", ""model__C"": 8.0, ""model__gamma"": 0.04, ""pca__n_components"": 120, ""scale__method"": ""robust""}",lof_0.03,robust,120,8.0,0.04,"{""clean__method"": ""lof_0.03"", ""model__C"": 8.0, ""model__gamma"": 0.04, ""pca__n_components"": 120, ""scale__method"": ""robust""}",stage3_local_cv,0,0.795625,5.059,192
stage3_208,stage3_seed_0,"{""clean__method"": ""lof_0.03"", ""model__C"": 3.0, ""model__gamma"": 0.01, ""pca__n_components"": 128, ""scale__method"": ""robust""}",lof_0.03,robust,128,3.0,0.01,"{""clean__method"": ""lof_0.03"", ""model__C"": 3.0, ""model__gamma"": 0.01, ""pca__n_components"": 128, ""scale__method"": ""robust""}",stage3_local_cv,0,0.80375,6.195,192
stage3_209,stage3_seed_0,"{""clean__method"": ""lof_0.03"", ""model__C"": 3.0, ""model__gamma"": 0.02, ""pca__n_components"": 128, ""scale__method"": ""robust""}",lof_0.03,robust,128,3.0,0.02,"{""clean__method"": ""lof_0.03"", ""model__C"": 3.0, ""model__gamma"": 0.02, ""pca__n_components"": 128, ""scale__method"": ""robust""}",stage3_local_cv,0,0.810625,5.045,192
stage3_210,stage3_seed_0,"{""clean__method"": ""lof_0.03"", ""model__C"": 3.0, ""model__gamma"": 0.03, ""pca__n_components"": 128, ""scale__method"": ""robust""}",lof_0.03,robust,128,3.0,0.03,"{""clean__method"": ""lof_0.03"", ""model__C"": 3.0, ""model__gamma"": 0.03, ""pca__n_components"": 128, ""scale__method"": ""robust""}",stage3_local_cv,0,0.80375,6.051,192
stage3_211,stage3_seed_0,"{""clean__method"": ""lof_0.03"", ""model__C"": 3.0, ""model__gamma"": 0.04, ""pca__n_components"": 128, ""scale__method"": ""robust""}",lof_0.03,robust,128,3.0,0.04,"{""clean__method"": ""lof_0.03"", ""model__C"": 3.0, ""model__gamma"": 0.04, ""pca__n_components"": 128, ""scale__method"": ""robust""}",stage3_local_cv,0,0.7975,4.925,192
stage3_212,stage3_seed_0,"{""clean__method"": ""lof_0.03"", ""model__C"": 4.0, ""model__gamma"": 0.01, ""pca__n_components"": 128, ""scale__method"": ""robust""}",lof_0.03,robust,128,4.0,0.01,"{""clean__method"": ""lof_0.03"", ""model__C"": 4.0, ""model__gamma"": 0.01, ""pca__n_components"": 128, ""scale__method"": ""robust""}",stage3_local_cv,0,0.814375,5.6,192
stage3_213,stage3_seed_0,"{""clean__method"": ""lof_0.03"", ""model__C"": 4.0, ""model__gamma"": 0.02, ""pca__n_components"": 128, ""scale__method"": ""robust""}",lof_0.03,robust,128,4.0,0.02,"{""clean__method"": ""lof_0.03"", ""model__C"": 4.0, ""model__gamma"": 0.02, ""pca__n_components"": 128, ""scale__method"": ""robust""}",stage3_local_cv,0,0.8075,5.766,192
stage3_214,stage3_seed_0,"{""clean__method"": ""lof_0.03"", ""model__C"": 4.0, ""model__gamma"": 0.03, ""pca__n_components"": 128, ""scale__method"": ""robust""}",lof_0.03,robust,128,4.0,0.03,"{""clean__method"": ""lof_0.03"", ""model__C"": 4.0, ""model__gamma"": 0.03, ""pca__n_components"": 128, ""scale__method"": ""robust""}",stage3_local_cv,0,0.801875,4.843,192
stage3_215,stage3_seed_0,"{""clean__method"": ""lof_0.03"", ""model__C"": 4.0, ""model__gamma"": 0.04, ""pca__n_components"": 128, ""scale__method"": ""robust""}",lof_0.03,robust,128,4.0,0.04,"{""clean__method"": ""lof_0.03"", ""model__C"": 4.0, ""model__gamma"": 0.04, ""pca__n_components"": 128, ""scale__method"": ""robust""}",stage3_local_cv,0,0.795,5.768,192
stage3_216,stage3_seed_0,"{""clean__method"": ""lof_0.03"", ""model__C"": 6.0, ""model__gamma"": 0.01, ""pca__n_components"": 128, ""scale__method"": ""robust""}",lof_0.03,robust,128,6.0,0.01,"{""clean__method"": ""lof_0.03"", ""model__C"": 6.0, ""model__gamma"": 0.01, ""pca__n_components"": 128, ""scale__method"": ""robust""}",stage3_local_cv,0,0.81625,5.984,192
stage3_217,stage3_seed_0,"{""clean__method"": ""lof_0.03"", ""model__C"": 6.0, ""model__gamma"": 0.02, ""pca__n_components"": 128, ""scale__method"": ""robust""}",lof_0.03,robust,128,6.0,0.02,"{""clean__method"": ""lof_0.03"", ""model__C"": 6.0, ""model__gamma"": 0.02, ""pca__n_components"": 128, ""scale__method"": ""robust""}",stage3_local_cv,0,0.8025,5.895,192
stage3_218,stage3_seed_0,"{""clean__method"": ""lof_0.03"", ""model__C"": 6.0, ""model__gamma"": 0.03, ""pca__n_components"": 128, ""scale__method"": ""robust""}",lof_0.03,robust,128,6.0,0.03,"{""clean__method"": ""lof_0.03"", ""model__C"": 6.0, ""model__gamma"": 0.03, ""pca__n_components"": 128, ""scale__method"": ""robust""}",stage3_local_cv,0,0.80125,4.861,192
stage3_219,stage3_seed_0,"{""clean__method"": ""lof_0.03"", ""model__C"": 6.0, ""model__gamma"": 0.04, ""pca__n_components"": 128, ""scale__method"": ""robust""}",lof_0.03,robust,128,6.0,0.04,"{""clean__method"": ""lof_0.03"", ""model__C"": 6.0, ""model__gamma"": 0.04, ""pca__n_components"": 128, ""scale__method"": ""robust""}",stage3_local_cv,0,0.795,6.282,192
stage3_220,stage3_seed_0,"{""clean__method"": ""lof_0.03"", ""model__C"": 8.0, ""model__gamma"": 0.01, ""pca__n_components"": 128, ""scale__method"": ""robust""}",lof_0.03,robust,128,8.0,0.01,"{""clean__method"": ""lof_0.03"", ""model__C"": 8.0, ""model__gamma"": 0.01, ""pca__n_components"": 128, ""scale__method"": ""robust""}",stage3_local_cv,0,0.81375,5.688,192
stage3_221,stage3_seed_0,"{""clean__method"": ""lof_0.03"", ""model__C"": 8.0, ""model__gamma"": 0.02, ""pca__n_components"": 128, ""scale__method"": ""robust""}",lof_0.03,robust,128,8.0,0.02,"{""clean__method"": ""lof_0.03"", ""model__C"": 8.0, ""model__gamma"": 0.02, ""pca__n_components"": 128, ""scale__method"": ""robust""}",stage3_local_cv,0,0.8025,5.356,192
stage3_222,stage3_seed_0,"{""clean__method"": ""lof_0.03"", ""model__C"": 8.0, ""model__gamma"": 0.03, ""pca__n_components"": 128, ""scale__method"": ""robust""}",lof_0.03,robust,128,8.0,0.03,"{""clean__method"": ""lof_0.03"", ""model__C"": 8.0, ""model__gamma"": 0.03, ""pca__n_components"": 128, ""scale__method"": ""robust""}",stage3_local_cv,0,0.800625,5.577,192
stage3_223,stage3_seed_0,"{""clean__method"": ""lof_0.03"", ""model__C"": 8.0, ""model__gamma"": 0.04, ""pca__n_components"": 128, ""scale__method"": ""robust""}",lof_0.03,robust,128,8.0,0.04,"{""clean__method"": ""lof_0.03"", ""model__C"": 8.0, ""model__gamma"": 0.04, ""pca__n_components"": 128, ""scale__method"": ""robust""}",stage3_local_cv,0,0.794375,4.928,192
stage3_224,stage3_seed_0,"{""clean__method"": ""lof_0.03"", ""model__C"": 3.0, ""model__gamma"": 0.01, ""pca__n_components"": 136, ""scale__method"": ""robust""}",lof_0.03,robust,136,3.0,0.01,"{""clean__method"": ""lof_0.03"", ""model__C"": 3.0, ""model__gamma"": 0.01, ""pca__n_components"": 136, ""scale__method"": ""robust""}",stage3_local_cv,0,0.8025,7.191,192
stage3_225,stage3_seed_0,"{""clean__method"": ""lof_0.03"", ""model__C"": 3.0, ""model__gamma"": 0.02, ""pca__n_components"": 136, ""scale__method"": ""robust""}",lof_0.03,robust,136,3.0,0.02,"{""clean__method"": ""lof_0.03"", ""model__C"": 3.0, ""model__gamma"": 0.02, ""pca__n_components"": 136, ""scale__method"": ""robust""}",stage3_local_cv,0,0.8075,6.008,192
stage3_226,stage3_seed_0,"{""clean__method"": ""lof_0.03"", ""model__C"": 3.0, ""model__gamma"": 0.03, ""pca__n_components"": 136, ""scale__method"": ""robust""}",lof_0.03,robust,136,3.0,0.03,"{""clean__method"": ""lof_0.03"", ""model__C"": 3.0, ""model__gamma"": 0.03, ""pca__n_components"": 136, ""scale__method"": ""robust""}",stage3_local_cv,0,0.8025,6.911,192
stage3_227,stage3_seed_0,"{""clean__method"": ""lof_0.03"", ""model__C"": 3.0, ""model__gamma"": 0.04, ""pca__n_components"": 136, ""scale__method"": ""robust""}",lof_0.03,robust,136,3.0,0.04,"{""clean__method"": ""lof_0.03"", ""model__C"": 3.0, ""model__gamma"": 0.04, ""pca__n_components"": 136, ""scale__method"": ""robust""}",stage3_local_cv,0,0.7925,5.945,192
stage3_228,stage3_seed_0,"{""clean__method"": ""lof_0.03"", ""model__C"": 4.0, ""model__gamma"": 0.01, ""pca__n_components"": 136, ""scale__method"": ""robust""}",lof_0.03,robust,136,4.0,0.01,"{""clean__method"": ""lof_0.03"", ""model__C"": 4.0, ""model__gamma"": 0.01, ""pca__n_components"": 136, ""scale__method"": ""robust""}",stage3_local_cv,0,0.81125,7.336,192
stage3_229,stage3_seed_0,"{""clean__method"": ""lof_0.03"", ""model__C"": 4.0, ""model__gamma"": 0.02, ""pca__n_components"": 136, ""scale__method"": ""robust""}",lof_0.03,robust,136,4.0,0.02,"{""clean__method"": ""lof_0.03"", ""model__C"": 4.0, ""model__gamma"": 0.02, ""pca__n_components"": 136, ""scale__method"": ""robust""}",stage3_local_cv,0,0.806875,6.477,192
stage3_230,stage3_seed_0,"{""clean__method"": ""lof_0.03"", ""model__C"": 4.0, ""model__gamma"": 0.03, ""pca__n_components"": 136, ""scale__method"": ""robust""}",lof_0.03,robust,136,4.0,0.03,"{""clean__method"": ""lof_0.03"", ""model__C"": 4.0, ""model__gamma"": 0.03, ""pca__n_components"": 136, ""scale__method"": ""robust""}",stage3_local_cv,0,0.798125,6.51,192
stage3_231,stage3_seed_0,"{""clean__method"": ""lof_0.03"", ""model__C"": 4.0, ""model__gamma"": 0.04, ""pca__n_components"": 136, ""scale__method"": ""robust""}",lof_0.03,robust,136,4.0,0.04,"{""clean__method"": ""lof_0.03"", ""model__C"": 4.0, ""model__gamma"": 0.04, ""pca__n_components"": 136, ""scale__method"": ""robust""}",stage3_local_cv,0,0.790625,6.803,192
stage3_232,stage3_seed_0,"{""clean__method"": ""lof_0.03"", ""model__C"": 6.0, ""model__gamma"": 0.01, ""pca__n_components"": 136, ""scale__method"": ""robust""}",lof_0.03,robust,136,6.0,0.01,"{""clean__method"": ""lof_0.03"", ""model__C"": 6.0, ""model__gamma"": 0.01, ""pca__n_components"": 136, ""scale__method"": ""robust""}",stage3_local_cv,0,0.81625,6.898,192
stage3_233,stage3_seed_0,"{""clean__method"": ""lof_0.03"", ""model__C"": 6.0, ""model__gamma"": 0.02, ""pca__n_components"": 136, ""scale__method"": ""robust""}",lof_0.03,robust,136,6.0,0.02,"{""clean__method"": ""lof_0.03"", ""model__C"": 6.0, ""model__gamma"": 0.02, ""pca__n_components"": 136, ""scale__method"": ""robust""}",stage3_local_cv,0,0.803125,7.199,192
stage3_234,stage3_seed_0,"{""clean__method"": ""lof_0.03"", ""model__C"": 6.0, ""model__gamma"": 0.03, ""pca__n_components"": 136, ""scale__method"": ""robust""}",lof_0.03,robust,136,6.0,0.03,"{""clean__method"": ""lof_0.03"", ""model__C"": 6.0, ""model__gamma"": 0.03, ""pca__n_components"": 136, ""scale__method"": ""robust""}",stage3_local_cv,0,0.799375,5.927,192
stage3_235,stage3_seed_0,"{""clean__method"": ""lof_0.03"", ""model__C"": 6.0, ""model__gamma"": 0.04, ""pca__n_components"": 136, ""scale__method"": ""robust""}",lof_0.03,robust,136,6.0,0.04,"{""clean__method"": ""lof_0.03"", ""model__C"": 6.0, ""model__gamma"": 0.04, ""pca__n_components"": 136, ""scale__method"": ""robust""}",stage3_local_cv,0,0.791875,7.121,192
stage3_236,stage3_seed_0,"{""clean__method"": ""lof_0.03"", ""model__C"": 8.0, ""model__gamma"": 0.01, ""pca__n_components"": 136, ""scale__method"": ""robust""}",lof_0.03,robust,136,8.0,0.01,"{""clean__method"": ""lof_0.03"", ""model__C"": 8.0, ""model__gamma"": 0.01, ""pca__n_components"": 136, ""scale__method"": ""robust""}",stage3_local_cv,0,0.8125,6.5,192
stage3_237,stage3_seed_0,"{""clean__method"": ""lof_0.03"", ""model__C"": 8.0, ""model__gamma"": 0.02, ""pca__n_components"": 136, ""scale__method"": ""robust""}",lof_0.03,robust,136,8.0,0.02,"{""clean__method"": ""lof_0.03"", ""model__C"": 8.0, ""model__gamma"": 0.02, ""pca__n_components"": 136, ""scale__method"": ""robust""}",stage3_local_cv,0,0.8025,6.848,192
stage3_238,stage3_seed_0,"{""clean__method"": ""lof_0.03"", ""model__C"": 8.0, ""model__gamma"": 0.03, ""pca__n_components"": 136, ""scale__method"": ""robust""}",lof_0.03,robust,136,8.0,0.03,"{""clean__method"": ""lof_0.03"", ""model__C"": 8.0, ""model__gamma"": 0.03, ""pca__n_components"": 136, ""scale__method"": ""robust""}",stage3_local_cv,0,0.801875,5.864,192
stage3_239,stage3_seed_0,"{""clean__method"": ""lof_0.03"", ""model__C"": 8.0, ""model__gamma"": 0.04, ""pca__n_components"": 136, ""scale__method"": ""robust""}",lof_0.03,robust,136,8.0,0.04,"{""clean__method"": ""lof_0.03"", ""model__C"": 8.0, ""model__gamma"": 0.04, ""pca__n_components"": 136, ""scale__method"": ""robust""}",stage3_local_cv,0,0.79125,6.873,192
stage3_240,stage3_seed_0,"{""clean__method"": ""lof_0.03"", ""model__C"": 3.0, ""model__gamma"": 0.01, ""pca__n_components"": 104, ""scale__method"": ""standard""}",lof_0.03,standard,104,3.0,0.01,"{""clean__method"": ""lof_0.03"", ""model__C"": 3.0, ""model__gamma"": 0.01, ""pca__n_components"": 104, ""scale__method"": ""standard""}",stage3_local_cv,0,0.8125,4.963,192
stage3_241,stage3_seed_0,"{""clean__method"": ""lof_0.03"", ""model__C"": 3.0, ""model__gamma"": 0.02, ""pca__n_components"": 104, ""scale__method"": ""standard""}",lof_0.03,standard,104,3.0,0.02,"{""clean__method"": ""lof_0.03"", ""model__C"": 3.0, ""model__gamma"": 0.02, ""pca__n_components"": 104, ""scale__method"": ""standard""}",stage3_local_cv,0,0.801875,5.89,192
stage3_242,stage3_seed_0,"{""clean__method"": ""lof_0.03"", ""model__C"": 3.0, ""model__gamma"": 0.03, ""pca__n_components"": 104, ""scale__method"": ""standard""}",lof_0.03,standard,104,3.0,0.03,"{""clean__method"": ""lof_0.03"", ""model__C"": 3.0, ""model__gamma"": 0.03, ""pca__n_components"": 104, ""scale__method"": ""standard""}",stage3_local_cv,0,0.77875,4.828,192
stage3_243,stage3_seed_0,"{""clean__method"": ""lof_0.03"", ""model__C"": 3.0, ""model__gamma"": 0.04, ""pca__n_components"": 104, ""scale__method"": ""standard""}",lof_0.03,standard,104,3.0,0.04,"{""clean__method"": ""lof_0.03"", ""model__C"": 3.0, ""model__gamma"": 0.04, ""pca__n_components"": 104, ""scale__method"": ""standard""}",stage3_local_cv,0,0.759375,4.757,192
stage3_244,stage3_seed_0,"{""clean__method"": ""lof_0.03"", ""model__C"": 4.0, ""model__gamma"": 0.01, ""pca__n_components"": 104, ""scale__method"": ""standard""}",lof_0.03,standard,104,4.0,0.01,"{""clean__method"": ""lof_0.03"", ""model__C"": 4.0, ""model__gamma"": 0.01, ""pca__n_components"": 104, ""scale__method"": ""standard""}",stage3_local_cv,0,0.810625,5.825,192
stage3_245,stage3_seed_0,"{""clean__method"": ""lof_0.03"", ""model__C"": 4.0, ""model__gamma"": 0.02, ""pca__n_components"": 104, ""scale__method"": ""standard""}",lof_0.03,standard,104,4.0,0.02,"{""clean__method"": ""lof_0.03"", ""model__C"": 4.0, ""model__gamma"": 0.02, ""pca__n_components"": 104, ""scale__method"": ""standard""}",stage3_local_cv,0,0.80125,4.773,192
stage3_246,stage3_seed_0,"{""clean__method"": ""lof_0.03"", ""model__C"": 4.0, ""model__gamma"": 0.03, ""pca__n_components"": 104, ""scale__method"": ""standard""}",lof_0.03,standard,104,4.0,0.03,"{""clean__method"": ""lof_0.03"", ""model__C"": 4.0, ""model__gamma"": 0.03, ""pca__n_components"": 104, ""scale__method"": ""standard""}",stage3_local_cv,0,0.7775,5.671,192
stage3_247,stage3_seed_0,"{""clean__method"": ""lof_0.03"", ""model__C"": 4.0, ""model__gamma"": 0.04, ""pca__n_components"": 104, ""scale__method"": ""standard""}",lof_0.03,standard,104,4.0,0.04,"{""clean__method"": ""lof_0.03"", ""model__C"": 4.0, ""model__gamma"": 0.04, ""pca__n_components"": 104, ""scale__method"": ""standard""}",stage3_local_cv,0,0.75875,4.674,192
stage3_248,stage3_seed_0,"{""clean__method"": ""lof_0.03"", ""model__C"": 6.0, ""model__gamma"": 0.01, ""pca__n_components"": 104, ""scale__method"": ""standard""}",lof_0.03,standard,104,6.0,0.01,"{""clean__method"": ""lof_0.03"", ""model__C"": 6.0, ""model__gamma"": 0.01, ""pca__n_components"": 104, ""scale__method"": ""standard""}",stage3_local_cv,0,0.8075,5.894,192
stage3_249,stage3_seed_0,"{""clean__method"": ""lof_0.03"", ""model__C"": 6.0, ""model__gamma"": 0.02, ""pca__n_components"": 104, ""scale__method"": ""standard""}",lof_0.03,standard,104,6.0,0.02,"{""clean__method"": ""lof_0.03"", ""model__C"": 6.0, ""model__gamma"": 0.02, ""pca__n_components"": 104, ""scale__method"": ""standard""}",stage3_local_cv,0,0.79875,4.886,192
stage3_250,stage3_seed_0,"{""clean__method"": ""lof_0.03"", ""model__C"": 6.0, ""model__gamma"": 0.03, ""pca__n_components"": 104, ""scale__method"": ""standard""}",lof_0.03,standard,104,6.0,0.03,"{""clean__method"": ""lof_0.03"", ""model__C"": 6.0, ""model__gamma"": 0.03, ""pca__n_components"": 104, ""scale__method"": ""standard""}",stage3_local_cv,0,0.778125,4.736,192
stage3_251,stage3_seed_0,"{""clean__method"": ""lof_0.03"", ""model__C"": 6.0, ""model__gamma"": 0.04, ""pca__n_components"": 104, ""scale__method"": ""standard""}",lof_0.03,standard,104,6.0,0.04,"{""clean__method"": ""lof_0.03"", ""model__C"": 6.0, ""model__gamma"": 0.04, ""pca__n_components"": 104, ""scale__method"": ""standard""}",stage3_local_cv,0,0.75875,5.621,192
stage3_252,stage3_seed_0,"{""clean__method"": ""lof_0.03"", ""model__C"": 8.0, ""model__gamma"": 0.01, ""pca__n_components"": 104, ""scale__method"": ""standard""}",lof_0.03,standard,104,8.0,0.01,"{""clean__method"": ""lof_0.03"", ""model__C"": 8.0, ""model__gamma"": 0.01, ""pca__n_components"": 104, ""scale__method"": ""standard""}",stage3_local_cv,0,0.8075,5.044,192
stage3_253,stage3_seed_0,"{""clean__method"": ""lof_0.03"", ""model__C"": 8.0, ""model__gamma"": 0.02, ""pca__n_components"": 104, ""scale__method"": ""standard""}",lof_0.03,standard,104,8.0,0.02,"{""clean__method"": ""lof_0.03"", ""model__C"": 8.0, ""model__gamma"": 0.02, ""pca__n_components"": 104, ""scale__method"": ""standard""}",stage3_local_cv,0,0.7975,5.779,192
stage3_254,stage3_seed_0,"{""clean__method"": ""lof_0.03"", ""model__C"": 8.0, ""model__gamma"": 0.03, ""pca__n_components"": 104, ""scale__method"": ""standard""}",lof_0.03,standard,104,8.0,0.03,"{""clean__method"": ""lof_0.03"", ""model__C"": 8.0, ""model__gamma"": 0.03, ""pca__n_components"": 104, ""scale__method"": ""standard""}",stage3_local_cv,0,0.78,4.694,192
stage3_255,stage3_seed_0,"{""clean__method"": ""lof_0.03"", ""model__C"": 8.0, ""model__gamma"": 0.04, ""pca__n_components"": 104, ""scale__method"": ""standard""}",lof_0.03,standard,104,8.0,0.04,"{""clean__method"": ""lof_0.03"", ""model__C"": 8.0, ""model__gamma"": 0.04, ""pca__n_components"": 104, ""scale__method"": ""standard""}",stage3_local_cv,0,0.76,4.657,192
stage3_256,stage3_seed_0,"{""clean__method"": ""lof_0.03"", ""model__C"": 3.0, ""model__gamma"": 0.01, ""pca__n_components"": 112, ""scale__method"": ""standard""}",lof_0.03,standard,112,3.0,0.01,"{""clean__method"": ""lof_0.03"", ""model__C"": 3.0, ""model__gamma"": 0.01, ""pca__n_components"": 112, ""scale__method"": ""standard""}",stage3_local_cv,0,0.81125,5.806,192
stage3_257,stage3_seed_0,"{""clean__method"": ""lof_0.03"", ""model__C"": 3.0, ""model__gamma"": 0.02, ""pca__n_components"": 112, ""scale__method"": ""standard""}",lof_0.03,standard,112,3.0,0.02,"{""clean__method"": ""lof_0.03"", ""model__C"": 3.0, ""model__gamma"": 0.02, ""pca__n_components"": 112, ""scale__method"": ""standard""}",stage3_local_cv,0,0.800625,4.538,192
stage3_258,stage3_seed_0,"{""clean__method"": ""lof_0.03"", ""model__C"": 3.0, ""model__gamma"": 0.03, ""pca__n_components"": 112, ""scale__method"": ""standard""}",lof_0.03,standard,112,3.0,0.03,"{""clean__method"": ""lof_0.03"", ""model__C"": 3.0, ""model__gamma"": 0.03, ""pca__n_components"": 112, ""scale__method"": ""standard""}",stage3_local_cv,0,0.779375,5.503,192
stage3_259,stage3_seed_0,"{""clean__method"": ""lof_0.03"", ""model__C"": 3.0, ""model__gamma"": 0.04, ""pca__n_components"": 112, ""scale__method"": ""standard""}",lof_0.03,standard,112,3.0,0.04,"{""clean__method"": ""lof_0.03"", ""model__C"": 3.0, ""model__gamma"": 0.04, ""pca__n_components"": 112, ""scale__method"": ""standard""}",stage3_local_cv,0,0.759375,4.363,192
stage3_260,stage3_seed_0,"{""clean__method"": ""lof_0.03"", ""model__C"": 4.0, ""model__gamma"": 0.01, ""pca__n_components"": 112, ""scale__method"": ""standard""}",lof_0.03,standard,112,4.0,0.01,"{""clean__method"": ""lof_0.03"", ""model__C"": 4.0, ""model__gamma"": 0.01, ""pca__n_components"": 112, ""scale__method"": ""standard""}",stage3_local_cv,0,0.809375,4.821,192
stage3_261,stage3_seed_0,"{""clean__method"": ""lof_0.03"", ""model__C"": 4.0, ""model__gamma"": 0.02, ""pca__n_components"": 112, ""scale__method"": ""standard""}",lof_0.03,standard,112,4.0,0.02,"{""clean__method"": ""lof_0.03"", ""model__C"": 4.0, ""model__gamma"": 0.02, ""pca__n_components"": 112, ""scale__method"": ""standard""}",stage3_local_cv,0,0.800625,5.314,192
stage3_262,stage3_seed_0,"{""clean__method"": ""lof_0.03"", ""model__C"": 4.0, ""model__gamma"": 0.03, ""pca__n_components"": 112, ""scale__method"": ""standard""}",lof_0.03,standard,112,4.0,0.03,"{""clean__method"": ""lof_0.03"", ""model__C"": 4.0, ""model__gamma"": 0.03, ""pca__n_components"": 112, ""scale__method"": ""standard""}",stage3_local_cv,0,0.776875,4.506,192
stage3_263,stage3_seed_0,"{""clean__method"": ""lof_0.03"", ""model__C"": 4.0, ""model__gamma"": 0.04, ""pca__n_components"": 112, ""scale__method"": ""standard""}",lof_0.03,standard,112,4.0,0.04,"{""clean__method"": ""lof_0.03"", ""model__C"": 4.0, ""model__gamma"": 0.04, ""pca__n_components"": 112, ""scale__method"": ""standard""}",stage3_local_cv,0,0.758125,5.693,192
stage3_264,stage3_seed_0,"{""clean__method"": ""lof_0.03"", ""model__C"": 6.0, ""model__gamma"": 0.01, ""pca__n_components"": 112, ""scale__method"": ""standard""}",lof_0.03,standard,112,6.0,0.01,"{""clean__method"": ""lof_0.03"", ""model__C"": 6.0, ""model__gamma"": 0.01, ""pca__n_components"": 112, ""scale__method"": ""standard""}",stage3_local_cv,0,0.81,4.838,192
stage3_265,stage3_seed_0,"{""clean__method"": ""lof_0.03"", ""model__C"": 6.0, ""model__gamma"": 0.02, ""pca__n_components"": 112, ""scale__method"": ""standard""}",lof_0.03,standard,112,6.0,0.02,"{""clean__method"": ""lof_0.03"", ""model__C"": 6.0, ""model__gamma"": 0.02, ""pca__n_components"": 112, ""scale__method"": ""standard""}",stage3_local_cv,0,0.801875,4.482,192
stage3_266,stage3_seed_0,"{""clean__method"": ""lof_0.03"", ""model__C"": 6.0, ""model__gamma"": 0.03, ""pca__n_components"": 112, ""scale__method"": ""standard""}",lof_0.03,standard,112,6.0,0.03,"{""clean__method"": ""lof_0.03"", ""model__C"": 6.0, ""model__gamma"": 0.03, ""pca__n_components"": 112, ""scale__method"": ""standard""}",stage3_local_cv,0,0.7775,5.4,192
stage3_267,stage3_seed_0,"{""clean__method"": ""lof_0.03"", ""model__C"": 6.0, ""model__gamma"": 0.04, ""pca__n_components"": 112, ""scale__method"": ""standard""}",lof_0.03,standard,112,6.0,0.04,"{""clean__method"": ""lof_0.03"", ""model__C"": 6.0, ""model__gamma"": 0.04, ""pca__n_components"": 112, ""scale__method"": ""standard""}",stage3_local_cv,0,0.76,4.411,192
stage3_268,stage3_seed_0,"{""clean__method"": ""lof_0.03"", ""model__C"": 8.0, ""model__gamma"": 0.01, ""pca__n_components"": 112, ""scale__method"": ""standard""}",lof_0.03,standard,112,8.0,0.01,"{""clean__method"": ""lof_0.03"", ""model__C"": 8.0, ""model__gamma"": 0.01, ""pca__n_components"": 112, ""scale__method"": ""standard""}",stage3_local_cv,0,0.8075,5.838,192
stage3_269,stage3_seed_0,"{""clean__method"": ""lof_0.03"", ""model__C"": 8.0, ""model__gamma"": 0.02, ""pca__n_components"": 112, ""scale__method"": ""standard""}",lof_0.03,standard,112,8.0,0.02,"{""clean__method"": ""lof_0.03"", ""model__C"": 8.0, ""model__gamma"": 0.02, ""pca__n_components"": 112, ""scale__method"": ""standard""}",stage3_local_cv,0,0.8,4.454,192
stage3_270,stage3_seed_0,"{""clean__method"": ""lof_0.03"", ""model__C"": 8.0, ""model__gamma"": 0.03, ""pca__n_components"": 112, ""scale__method"": ""standard""}",lof_0.03,standard,112,8.0,0.03,"{""clean__method"": ""lof_0.03"", ""model__C"": 8.0, ""model__gamma"": 0.03, ""pca__n_components"": 112, ""scale__method"": ""standard""}",stage3_local_cv,0,0.778125,4.376,192
stage3_271,stage3_seed_0,"{""clean__method"": ""lof_0.03"", ""model__C"": 8.0, ""model__gamma"": 0.04, ""pca__n_components"": 112, ""scale__method"": ""standard""}",lof_0.03,standard,112,8.0,0.04,"{""clean__method"": ""lof_0.03"", ""model__C"": 8.0, ""model__gamma"": 0.04, ""pca__n_components"": 112, ""scale__method"": ""standard""}",stage3_local_cv,0,0.76,5.382,192
stage3_272,stage3_seed_0,"{""clean__method"": ""lof_0.03"", ""model__C"": 3.0, ""model__gamma"": 0.01, ""pca__n_components"": 120, ""scale__method"": ""standard""}",lof_0.03,standard,120,3.0,0.01,"{""clean__method"": ""lof_0.03"", ""model__C"": 3.0, ""model__gamma"": 0.01, ""pca__n_components"": 120, ""scale__method"": ""standard""}",stage3_local_cv,0,0.815,5.291,192
stage3_273,stage3_seed_0,"{""clean__method"": ""lof_0.03"", ""model__C"": 3.0, ""model__gamma"": 0.02, ""pca__n_components"": 120, ""scale__method"": ""standard""}",lof_0.03,standard,120,3.0,0.02,"{""clean__method"": ""lof_0.03"", ""model__C"": 3.0, ""model__gamma"": 0.02, ""pca__n_components"": 120, ""scale__method"": ""standard""}",stage3_local_cv,0,0.80125,6.001,192
stage3_274,stage3_seed_0,"{""clean__method"": ""lof_0.03"", ""model__C"": 3.0, ""model__gamma"": 0.03, ""pca__n_components"": 120, ""scale__method"": ""standard""}",lof_0.03,standard,120,3.0,0.03,"{""clean__method"": ""lof_0.03"", ""model__C"": 3.0, ""model__gamma"": 0.03, ""pca__n_components"": 120, ""scale__method"": ""standard""}",stage3_local_cv,0,0.77625,5.022,192
stage3_275,stage3_seed_0,"{""clean__method"": ""lof_0.03"", ""model__C"": 3.0, ""model__gamma"": 0.04, ""pca__n_components"": 120, ""scale__method"": ""standard""}",lof_0.03,standard,120,3.0,0.04,"{""clean__method"": ""lof_0.03"", ""model__C"": 3.0, ""model__gamma"": 0.04, ""pca__n_components"": 120, ""scale__method"": ""standard""}",stage3_local_cv,0,0.7575,5.484,192
stage3_276,stage3_seed_0,"{""clean__method"": ""lof_0.03"", ""model__C"": 4.0, ""model__gamma"": 0.01, ""pca__n_components"": 120, ""scale__method"": ""standard""}",lof_0.03,standard,120,4.0,0.01,"{""clean__method"": ""lof_0.03"", ""model__C"": 4.0, ""model__gamma"": 0.01, ""pca__n_components"": 120, ""scale__method"": ""standard""}",stage3_local_cv,0,0.809375,5.749,192
stage3_277,stage3_seed_0,"{""clean__method"": ""lof_0.03"", ""model__C"": 4.0, ""model__gamma"": 0.02, ""pca__n_components"": 120, ""scale__method"": ""standard""}",lof_0.03,standard,120,4.0,0.02,"{""clean__method"": ""lof_0.03"", ""model__C"": 4.0, ""model__gamma"": 0.02, ""pca__n_components"": 120, ""scale__method"": ""standard""}",stage3_local_cv,0,0.798125,5.102,192
stage3_278,stage3_seed_0,"{""clean__method"": ""lof_0.03"", ""model__C"": 4.0, ""model__gamma"": 0.03, ""pca__n_components"": 120, ""scale__method"": ""standard""}",lof_0.03,standard,120,4.0,0.03,"{""clean__method"": ""lof_0.03"", ""model__C"": 4.0, ""model__gamma"": 0.03, ""pca__n_components"": 120, ""scale__method"": ""standard""}",stage3_local_cv,0,0.774375,5.824,192
stage3_279,stage3_seed_0,"{""clean__method"": ""lof_0.03"", ""model__C"": 4.0, ""model__gamma"": 0.04, ""pca__n_components"": 120, ""scale__method"": ""standard""}",lof_0.03,standard,120,4.0,0.04,"{""clean__method"": ""lof_0.03"", ""model__C"": 4.0, ""model__gamma"": 0.04, ""pca__n_components"": 120, ""scale__method"": ""standard""}",stage3_local_cv,0,0.759375,5.021,192
stage3_280,stage3_seed_0,"{""clean__method"": ""lof_0.03"", ""model__C"": 6.0, ""model__gamma"": 0.01, ""pca__n_components"": 120, ""scale__method"": ""standard""}",lof_0.03,standard,120,6.0,0.01,"{""clean__method"": ""lof_0.03"", ""model__C"": 6.0, ""model__gamma"": 0.01, ""pca__n_components"": 120, ""scale__method"": ""standard""}",stage3_local_cv,0,0.810625,6.057,192
stage3_281,stage3_seed_0,"{""clean__method"": ""lof_0.03"", ""model__C"": 6.0, ""model__gamma"": 0.02, ""pca__n_components"": 120, ""scale__method"": ""standard""}",lof_0.03,standard,120,6.0,0.02,"{""clean__method"": ""lof_0.03"", ""model__C"": 6.0, ""model__gamma"": 0.02, ""pca__n_components"": 120, ""scale__method"": ""standard""}",stage3_local_cv,0,0.798125,4.971,192
stage3_282,stage3_seed_0,"{""clean__method"": ""lof_0.03"", ""model__C"": 6.0, ""model__gamma"": 0.03, ""pca__n_components"": 120, ""scale__method"": ""standard""}",lof_0.03,standard,120,6.0,0.03,"{""clean__method"": ""lof_0.03"", ""model__C"": 6.0, ""model__gamma"": 0.03, ""pca__n_components"": 120, ""scale__method"": ""standard""}",stage3_local_cv,0,0.775,6.077,192
stage3_283,stage3_seed_0,"{""clean__method"": ""lof_0.03"", ""model__C"": 6.0, ""model__gamma"": 0.04, ""pca__n_components"": 120, ""scale__method"": ""standard""}",lof_0.03,standard,120,6.0,0.04,"{""clean__method"": ""lof_0.03"", ""model__C"": 6.0, ""model__gamma"": 0.04, ""pca__n_components"": 120, ""scale__method"": ""standard""}",stage3_local_cv,0,0.759375,5.13,192
stage3_284,stage3_seed_0,"{""clean__method"": ""lof_0.03"", ""model__C"": 8.0, ""model__gamma"": 0.01, ""pca__n_components"": 120, ""scale__method"": ""standard""}",lof_0.03,standard,120,8.0,0.01,"{""clean__method"": ""lof_0.03"", ""model__C"": 8.0, ""model__gamma"": 0.01, ""pca__n_components"": 120, ""scale__method"": ""standard""}",stage3_local_cv,0,0.805625,5.366,192
stage3_285,stage3_seed_0,"{""clean__method"": ""lof_0.03"", ""model__C"": 8.0, ""model__gamma"": 0.02, ""pca__n_components"": 120, ""scale__method"": ""standard""}",lof_0.03,standard,120,8.0,0.02,"{""clean__method"": ""lof_0.03"", ""model__C"": 8.0, ""model__gamma"": 0.02, ""pca__n_components"": 120, ""scale__method"": ""standard""}",stage3_local_cv,0,0.8,6.161,192
stage3_286,stage3_seed_0,"{""clean__method"": ""lof_0.03"", ""model__C"": 8.0, ""model__gamma"": 0.03, ""pca__n_components"": 120, ""scale__method"": ""standard""}",lof_0.03,standard,120,8.0,0.03,"{""clean__method"": ""lof_0.03"", ""model__C"": 8.0, ""model__gamma"": 0.03, ""pca__n_components"": 120, ""scale__method"": ""standard""}",stage3_local_cv,0,0.7775,5.17,192
stage3_287,stage3_seed_0,"{""clean__method"": ""lof_0.03"", ""model__C"": 8.0, ""model__gamma"": 0.04, ""pca__n_components"": 120, ""scale__method"": ""standard""}",lof_0.03,standard,120,8.0,0.04,"{""clean__method"": ""lof_0.03"", ""model__C"": 8.0, ""model__gamma"": 0.04, ""pca__n_components"": 120, ""scale__method"": ""standard""}",stage3_local_cv,0,0.7625,5.745,192
stage3_288,stage3_seed_0,"{""clean__method"": ""lof_0.03"", ""model__C"": 3.0, ""model__gamma"": 0.01, ""pca__n_components"": 128, ""scale__method"": ""standard""}",lof_0.03,standard,128,3.0,0.01,"{""clean__method"": ""lof_0.03"", ""model__C"": 3.0, ""model__gamma"": 0.01, ""pca__n_components"": 128, ""scale__method"": ""standard""}",stage3_local_cv,0,0.81375,4.949,192
stage3_289,stage3_seed_0,"{""clean__method"": ""lof_0.03"", ""model__C"": 3.0, ""model__gamma"": 0.02, ""pca__n_components"": 128, ""scale__method"": ""standard""}",lof_0.03,standard,128,3.0,0.02,"{""clean__method"": ""lof_0.03"", ""model__C"": 3.0, ""model__gamma"": 0.02, ""pca__n_components"": 128, ""scale__method"": ""standard""}",stage3_local_cv,0,0.8,5.787,192
stage3_290,stage3_seed_0,"{""clean__method"": ""lof_0.03"", ""model__C"": 3.0, ""model__gamma"": 0.03, ""pca__n_components"": 128, ""scale__method"": ""standard""}",lof_0.03,standard,128,3.0,0.03,"{""clean__method"": ""lof_0.03"", ""model__C"": 3.0, ""model__gamma"": 0.03, ""pca__n_components"": 128, ""scale__method"": ""standard""}",stage3_local_cv,0,0.776875,4.761,192
stage3_291,stage3_seed_0,"{""clean__method"": ""lof_0.03"", ""model__C"": 3.0, ""model__gamma"": 0.04, ""pca__n_components"": 128, ""scale__method"": ""standard""}",lof_0.03,standard,128,3.0,0.04,"{""clean__method"": ""lof_0.03"", ""model__C"": 3.0, ""model__gamma"": 0.04, ""pca__n_components"": 128, ""scale__method"": ""standard""}",stage3_local_cv,0,0.75625,4.769,192
stage3_292,stage3_seed_0,"{""clean__method"": ""lof_0.03"", ""model__C"": 4.0, ""model__gamma"": 0.01, ""pca__n_components"": 128, ""scale__method"": ""standard""}",lof_0.03,standard,128,4.0,0.01,"{""clean__method"": ""lof_0.03"", ""model__C"": 4.0, ""model__gamma"": 0.01, ""pca__n_components"": 128, ""scale__method"": ""standard""}",stage3_local_cv,0,0.80875,5.811,192
stage3_293,stage3_seed_0,"{""clean__method"": ""lof_0.03"", ""model__C"": 4.0, ""model__gamma"": 0.02, ""pca__n_components"": 128, ""scale__method"": ""standard""}",lof_0.03,standard,128,4.0,0.02,"{""clean__method"": ""lof_0.03"", ""model__C"": 4.0, ""model__gamma"": 0.02, ""pca__n_components"": 128, ""scale__method"": ""standard""}",stage3_local_cv,0,0.8,4.853,192
stage3_294,stage3_seed_0,"{""clean__method"": ""lof_0.03"", ""model__C"": 4.0, ""model__gamma"": 0.03, ""pca__n_components"": 128, ""scale__method"": ""standard""}",lof_0.03,standard,128,4.0,0.03,"{""clean__method"": ""lof_0.03"", ""model__C"": 4.0, ""model__gamma"": 0.03, ""pca__n_components"": 128, ""scale__method"": ""standard""}",stage3_local_cv,0,0.775625,5.609,192
stage3_295,stage3_seed_0,"{""clean__method"": ""lof_0.03"", ""model__C"": 4.0, ""model__gamma"": 0.04, ""pca__n_components"": 128, ""scale__method"": ""standard""}",lof_0.03,standard,128,4.0,0.04,"{""clean__method"": ""lof_0.03"", ""model__C"": 4.0, ""model__gamma"": 0.04, ""pca__n_components"": 128, ""scale__method"": ""standard""}",stage3_local_cv,0,0.75875,4.674,192
stage3_296,stage3_seed_0,"{""clean__method"": ""lof_0.03"", ""model__C"": 6.0, ""model__gamma"": 0.01, ""pca__n_components"": 128, ""scale__method"": ""standard""}",lof_0.03,standard,128,6.0,0.01,"{""clean__method"": ""lof_0.03"", ""model__C"": 6.0, ""model__gamma"": 0.01, ""pca__n_components"": 128, ""scale__method"": ""standard""}",stage3_local_cv,0,0.81,5.792,192
stage3_297,stage3_seed_0,"{""clean__method"": ""lof_0.03"", ""model__C"": 6.0, ""model__gamma"": 0.02, ""pca__n_components"": 128, ""scale__method"": ""standard""}",lof_0.03,standard,128,6.0,0.02,"{""clean__method"": ""lof_0.03"", ""model__C"": 6.0, ""model__gamma"": 0.02, ""pca__n_components"": 128, ""scale__method"": ""standard""}",stage3_local_cv,0,0.800625,5.038,192
stage3_298,stage3_seed_0,"{""clean__method"": ""lof_0.03"", ""model__C"": 6.0, ""model__gamma"": 0.03, ""pca__n_components"": 128, ""scale__method"": ""standard""}",lof_0.03,standard,128,6.0,0.03,"{""clean__method"": ""lof_0.03"", ""model__C"": 6.0, ""model__gamma"": 0.03, ""pca__n_components"": 128, ""scale__method"": ""standard""}",stage3_local_cv,0,0.775625,4.856,192
stage3_299,stage3_seed_0,"{""clean__method"": ""lof_0.03"", ""model__C"": 6.0, ""model__gamma"": 0.04, ""pca__n_components"": 128, ""scale__method"": ""standard""}",lof_0.03,standard,128,6.0,0.04,"{""clean__method"": ""lof_0.03"", ""model__C"": 6.0, ""model__gamma"": 0.04, ""pca__n_components"": 128, ""scale__method"": ""standard""}",stage3_local_cv,0,0.760625,5.561,192
stage3_300,stage3_seed_0,"{""clean__method"": ""lof_0.03"", ""model__C"": 8.0, ""model__gamma"": 0.01, ""pca__n_components"": 128, ""scale__method"": ""standard""}",lof_0.03,standard,128,8.0,0.01,"{""clean__method"": ""lof_0.03"", ""model__C"": 8.0, ""model__gamma"": 0.01, ""pca__n_components"": 128, ""scale__method"": ""standard""}",stage3_local_cv,0,0.80625,4.967,192
stage3_301,stage3_seed_0,"{""clean__method"": ""lof_0.03"", ""model__C"": 8.0, ""model__gamma"": 0.02, ""pca__n_components"": 128, ""scale__method"": ""standard""}",lof_0.03,standard,128,8.0,0.02,"{""clean__method"": ""lof_0.03"", ""model__C"": 8.0, ""model__gamma"": 0.02, ""pca__n_components"": 128, ""scale__method"": ""standard""}",stage3_local_cv,0,0.8025,5.865,192
stage3_302,stage3_seed_0,"{""clean__method"": ""lof_0.03"", ""model__C"": 8.0, ""model__gamma"": 0.03, ""pca__n_components"": 128, ""scale__method"": ""standard""}",lof_0.03,standard,128,8.0,0.03,"{""clean__method"": ""lof_0.03"", ""model__C"": 8.0, ""model__gamma"": 0.03, ""pca__n_components"": 128, ""scale__method"": ""standard""}",stage3_local_cv,0,0.778125,4.727,192
stage3_303,stage3_seed_0,"{""clean__method"": ""lof_0.03"", ""model__C"": 8.0, ""model__gamma"": 0.04, ""pca__n_components"": 128, ""scale__method"": ""standard""}",lof_0.03,standard,128,8.0,0.04,"{""clean__method"": ""lof_0.03"", ""model__C"": 8.0, ""model__gamma"": 0.04, ""pca__n_components"": 128, ""scale__method"": ""standard""}",stage3_local_cv,0,0.761875,4.897,192
stage3_304,stage3_seed_0,"{""clean__method"": ""lof_0.03"", ""model__C"": 3.0, ""model__gamma"": 0.01, ""pca__n_components"": 136, ""scale__method"": ""standard""}",lof_0.03,standard,136,3.0,0.01,"{""clean__method"": ""lof_0.03"", ""model__C"": 3.0, ""model__gamma"": 0.01, ""pca__n_components"": 136, ""scale__method"": ""standard""}",stage3_local_cv,0,0.81375,7.309,192
stage3_305,stage3_seed_0,"{""clean__method"": ""lof_0.03"", ""model__C"": 3.0, ""model__gamma"": 0.02, ""pca__n_components"": 136, ""scale__method"": ""standard""}",lof_0.03,standard,136,3.0,0.02,"{""clean__method"": ""lof_0.03"", ""model__C"": 3.0, ""model__gamma"": 0.02, ""pca__n_components"": 136, ""scale__method"": ""standard""}",stage3_local_cv,0,0.798125,6.603,192
stage3_306,stage3_seed_0,"{""clean__method"": ""lof_0.03"", ""model__C"": 3.0, ""model__gamma"": 0.03, ""pca__n_components"": 136, ""scale__method"": ""standard""}",lof_0.03,standard,136,3.0,0.03,"{""clean__method"": ""lof_0.03"", ""model__C"": 3.0, ""model__gamma"": 0.03, ""pca__n_components"": 136, ""scale__method"": ""standard""}",stage3_local_cv,0,0.77625,6.322,192
stage3_307,stage3_seed_0,"{""clean__method"": ""lof_0.03"", ""model__C"": 3.0, ""model__gamma"": 0.04, ""pca__n_components"": 136, ""scale__method"": ""standard""}",lof_0.03,standard,136,3.0,0.04,"{""clean__method"": ""lof_0.03"", ""model__C"": 3.0, ""model__gamma"": 0.04, ""pca__n_components"": 136, ""scale__method"": ""standard""}",stage3_local_cv,0,0.75625,6.917,192
stage3_308,stage3_seed_0,"{""clean__method"": ""lof_0.03"", ""model__C"": 4.0, ""model__gamma"": 0.01, ""pca__n_components"": 136, ""scale__method"": ""standard""}",lof_0.03,standard,136,4.0,0.01,"{""clean__method"": ""lof_0.03"", ""model__C"": 4.0, ""model__gamma"": 0.01, ""pca__n_components"": 136, ""scale__method"": ""standard""}",stage3_local_cv,0,0.8075,6.118,192
stage3_309,stage3_seed_0,"{""clean__method"": ""lof_0.03"", ""model__C"": 4.0, ""model__gamma"": 0.02, ""pca__n_components"": 136, ""scale__method"": ""standard""}",lof_0.03,standard,136,4.0,0.02,"{""clean__method"": ""lof_0.03"", ""model__C"": 4.0, ""model__gamma"": 0.02, ""pca__n_components"": 136, ""scale__method"": ""standard""}",stage3_local_cv,0,0.7975,7.158,192
stage3_310,stage3_seed_0,"{""clean__method"": ""lof_0.03"", ""model__C"": 4.0, ""model__gamma"": 0.03, ""pca__n_components"": 136, ""scale__method"": ""standard""}",lof_0.03,standard,136,4.0,0.03,"{""clean__method"": ""lof_0.03"", ""model__C"": 4.0, ""model__gamma"": 0.03, ""pca__n_components"": 136, ""scale__method"": ""standard""}",stage3_local_cv,0,0.775,5.735,192
stage3_311,stage3_seed_0,"{""clean__method"": ""lof_0.03"", ""model__C"": 4.0, ""model__gamma"": 0.04, ""pca__n_components"": 136, ""scale__method"": ""standard""}",lof_0.03,standard,136,4.0,0.04,"{""clean__method"": ""lof_0.03"", ""model__C"": 4.0, ""model__gamma"": 0.04, ""pca__n_components"": 136, ""scale__method"": ""standard""}",stage3_local_cv,0,0.758125,6.991,192
stage3_312,stage3_seed_0,"{""clean__method"": ""lof_0.03"", ""model__C"": 6.0, ""model__gamma"": 0.01, ""pca__n_components"": 136, ""scale__method"": ""standard""}",lof_0.03,standard,136,6.0,0.01,"{""clean__method"": ""lof_0.03"", ""model__C"": 6.0, ""model__gamma"": 0.01, ""pca__n_components"": 136, ""scale__method"": ""standard""}",stage3_local_cv,0,0.804375,5.888,192
stage3_313,stage3_seed_0,"{""clean__method"": ""lof_0.03"", ""model__C"": 6.0, ""model__gamma"": 0.02, ""pca__n_components"": 136, ""scale__method"": ""standard""}",lof_0.03,standard,136,6.0,0.02,"{""clean__method"": ""lof_0.03"", ""model__C"": 6.0, ""model__gamma"": 0.02, ""pca__n_components"": 136, ""scale__method"": ""standard""}",stage3_local_cv,0,0.801875,6.728,192
stage3_314,stage3_seed_0,"{""clean__method"": ""lof_0.03"", ""model__C"": 6.0, ""model__gamma"": 0.03, ""pca__n_components"": 136, ""scale__method"": ""standard""}",lof_0.03,standard,136,6.0,0.03,"{""clean__method"": ""lof_0.03"", ""model__C"": 6.0, ""model__gamma"": 0.03, ""pca__n_components"": 136, ""scale__method"": ""standard""}",stage3_local_cv,0,0.775,5.777,192
stage3_315,stage3_seed_0,"{""clean__method"": ""lof_0.03"", ""model__C"": 6.0, ""model__gamma"": 0.04, ""pca__n_components"": 136, ""scale__method"": ""standard""}",lof_0.03,standard,136,6.0,0.04,"{""clean__method"": ""lof_0.03"", ""model__C"": 6.0, ""model__gamma"": 0.04, ""pca__n_components"": 136, ""scale__method"": ""standard""}",stage3_local_cv,0,0.759375,7.007,192
stage3_316,stage3_seed_0,"{""clean__method"": ""lof_0.03"", ""model__C"": 8.0, ""model__gamma"": 0.01, ""pca__n_components"": 136, ""scale__method"": ""standard""}",lof_0.03,standard,136,8.0,0.01,"{""clean__method"": ""lof_0.03"", ""model__C"": 8.0, ""model__gamma"": 0.01, ""pca__n_components"": 136, ""scale__method"": ""standard""}",stage3_local_cv,0,0.801875,6.314,192
stage3_317,stage3_seed_0,"{""clean__method"": ""lof_0.03"", ""model__C"": 8.0, ""model__gamma"": 0.02, ""pca__n_components"": 136, ""scale__method"": ""standard""}",lof_0.03,standard,136,8.0,0.02,"{""clean__method"": ""lof_0.03"", ""model__C"": 8.0, ""model__gamma"": 0.02, ""pca__n_components"": 136, ""scale__method"": ""standard""}",stage3_local_cv,0,0.80125,6.823,192
stage3_318,stage3_seed_0,"{""clean__method"": ""lof_0.03"", ""model__C"": 8.0, ""model__gamma"": 0.03, ""pca__n_components"": 136, ""scale__method"": ""standard""}",lof_0.03,standard,136,8.0,0.03,"{""clean__method"": ""lof_0.03"", ""model__C"": 8.0, ""model__gamma"": 0.03, ""pca__n_components"": 136, ""scale__method"": ""standard""}",stage3_local_cv,0,0.775625,6.039,192
stage3_319,stage3_seed_0,"{""clean__method"": ""lof_0.03"", ""model__C"": 8.0, ""model__gamma"": 0.04, ""pca__n_components"": 136, ""scale__method"": ""standard""}",lof_0.03,standard,136,8.0,0.04,"{""clean__method"": ""lof_0.03"", ""model__C"": 8.0, ""model__gamma"": 0.04, ""pca__n_components"": 136, ""scale__method"": ""standard""}",stage3_local_cv,0,0.761875,6.691,192
stage3_320,stage3_seed_0,"{""clean__method"": ""lof_0.05"", ""model__C"": 3.0, ""model__gamma"": 0.01, ""pca__n_components"": 104, ""scale__method"": ""power_yeo""}",lof_0.05,power_yeo,104,3.0,0.01,"{""clean__method"": ""lof_0.05"", ""model__C"": 3.0, ""model__gamma"": 0.01, ""pca__n_components"": 104, ""scale__method"": ""power_yeo""}",stage3_local_cv,0,0.806875,8.266,320
stage3_321,stage3_seed_0,"{""clean__method"": ""lof_0.05"", ""model__C"": 3.0, ""model__gamma"": 0.02, ""pca__n_components"": 104, ""scale__method"": ""power_yeo""}",lof_0.05,power_yeo,104,3.0,0.02,"{""clean__method"": ""lof_0.05"", ""model__C"": 3.0, ""model__gamma"": 0.02, ""pca__n_components"": 104, ""scale__method"": ""power_yeo""}",stage3_local_cv,0,0.800625,9.052,320
stage3_322,stage3_seed_0,"{""clean__method"": ""lof_0.05"", ""model__C"": 3.0, ""model__gamma"": 0.03, ""pca__n_components"": 104, ""scale__method"": ""power_yeo""}",lof_0.05,power_yeo,104,3.0,0.03,"{""clean__method"": ""lof_0.05"", ""model__C"": 3.0, ""model__gamma"": 0.03, ""pca__n_components"": 104, ""scale__method"": ""power_yeo""}",stage3_local_cv,0,0.780625,8.992,320
stage3_323,stage3_seed_0,"{""clean__method"": ""lof_0.05"", ""model__C"": 3.0, ""model__gamma"": 0.04, ""pca__n_components"": 104, ""scale__method"": ""power_yeo""}",lof_0.05,power_yeo,104,3.0,0.04,"{""clean__method"": ""lof_0.05"", ""model__C"": 3.0, ""model__gamma"": 0.04, ""pca__n_components"": 104, ""scale__method"": ""power_yeo""}",stage3_local_cv,0,0.7625,8.456,320
stage3_324,stage3_seed_0,"{""clean__method"": ""lof_0.05"", ""model__C"": 4.0, ""model__gamma"": 0.01, ""pca__n_components"": 104, ""scale__method"": ""power_yeo""}",lof_0.05,power_yeo,104,4.0,0.01,"{""clean__method"": ""lof_0.05"", ""model__C"": 4.0, ""model__gamma"": 0.01, ""pca__n_components"": 104, ""scale__method"": ""power_yeo""}",stage3_local_cv,0,0.804375,8.826,320
stage3_325,stage3_seed_0,"{""clean__method"": ""lof_0.05"", ""model__C"": 4.0, ""model__gamma"": 0.02, ""pca__n_components"": 104, ""scale__method"": ""power_yeo""}",lof_0.05,power_yeo,104,4.0,0.02,"{""clean__method"": ""lof_0.05"", ""model__C"": 4.0, ""model__gamma"": 0.02, ""pca__n_components"": 104, ""scale__method"": ""power_yeo""}",stage3_local_cv,0,0.8,9.025,320
stage3_326,stage3_seed_0,"{""clean__method"": ""lof_0.05"", ""model__C"": 4.0, ""model__gamma"": 0.03, ""pca__n_components"": 104, ""scale__method"": ""power_yeo""}",lof_0.05,power_yeo,104,4.0,0.03,"{""clean__method"": ""lof_0.05"", ""model__C"": 4.0, ""model__gamma"": 0.03, ""pca__n_components"": 104, ""scale__method"": ""power_yeo""}",stage3_local_cv,0,0.78,9.205,320
stage3_327,stage3_seed_0,"{""clean__method"": ""lof_0.05"", ""model__C"": 4.0, ""model__gamma"": 0.04, ""pca__n_components"": 104, ""scale__method"": ""power_yeo""}",lof_0.05,power_yeo,104,4.0,0.04,"{""clean__method"": ""lof_0.05"", ""model__C"": 4.0, ""model__gamma"": 0.04, ""pca__n_components"": 104, ""scale__method"": ""power_yeo""}",stage3_local_cv,0,0.763125,8.005,320
stage3_328,stage3_seed_0,"{""clean__method"": ""lof_0.05"", ""model__C"": 6.0, ""model__gamma"": 0.01, ""pca__n_components"": 104, ""scale__method"": ""power_yeo""}",lof_0.05,power_yeo,104,6.0,0.01,"{""clean__method"": ""lof_0.05"", ""model__C"": 6.0, ""model__gamma"": 0.01, ""pca__n_components"": 104, ""scale__method"": ""power_yeo""}",stage3_local_cv,0,0.804375,9.26,320
stage3_329,stage3_seed_0,"{""clean__method"": ""lof_0.05"", ""model__C"": 6.0, ""model__gamma"": 0.02, ""pca__n_components"": 104, ""scale__method"": ""power_yeo""}",lof_0.05,power_yeo,104,6.0,0.02,"{""clean__method"": ""lof_0.05"", ""model__C"": 6.0, ""model__gamma"": 0.02, ""pca__n_components"": 104, ""scale__method"": ""power_yeo""}",stage3_local_cv,0,0.79625,8.962,320
stage3_330,stage3_seed_0,"{""clean__method"": ""lof_0.05"", ""model__C"": 6.0, ""model__gamma"": 0.03, ""pca__n_components"": 104, ""scale__method"": ""power_yeo""}",lof_0.05,power_yeo,104,6.0,0.03,"{""clean__method"": ""lof_0.05"", ""model__C"": 6.0, ""model__gamma"": 0.03, ""pca__n_components"": 104, ""scale__method"": ""power_yeo""}",stage3_local_cv,0,0.779375,8.119,320
stage3_331,stage3_seed_0,"{""clean__method"": ""lof_0.05"", ""model__C"": 6.0, ""model__gamma"": 0.04, ""pca__n_components"": 104, ""scale__method"": ""power_yeo""}",lof_0.05,power_yeo,104,6.0,0.04,"{""clean__method"": ""lof_0.05"", ""model__C"": 6.0, ""model__gamma"": 0.04, ""pca__n_components"": 104, ""scale__method"": ""power_yeo""}",stage3_local_cv,0,0.76375,8.945,320
stage3_332,stage3_seed_0,"{""clean__method"": ""lof_0.05"", ""model__C"": 8.0, ""model__gamma"": 0.01, ""pca__n_components"": 104, ""scale__method"": ""power_yeo""}",lof_0.05,power_yeo,104,8.0,0.01,"{""clean__method"": ""lof_0.05"", ""model__C"": 8.0, ""model__gamma"": 0.01, ""pca__n_components"": 104, ""scale__method"": ""power_yeo""}",stage3_local_cv,0,0.804375,9.036,320
stage3_333,stage3_seed_0,"{""clean__method"": ""lof_0.05"", ""model__C"": 8.0, ""model__gamma"": 0.02, ""pca__n_components"": 104, ""scale__method"": ""power_yeo""}",lof_0.05,power_yeo,104,8.0,0.02,"{""clean__method"": ""lof_0.05"", ""model__C"": 8.0, ""model__gamma"": 0.02, ""pca__n_components"": 104, ""scale__method"": ""power_yeo""}",stage3_local_cv,0,0.795625,8.5,320
stage3_334,stage3_seed_0,"{""clean__method"": ""lof_0.05"", ""model__C"": 8.0, ""model__gamma"": 0.03, ""pca__n_components"": 104, ""scale__method"": ""power_yeo""}",lof_0.05,power_yeo,104,8.0,0.03,"{""clean__method"": ""lof_0.05"", ""model__C"": 8.0, ""model__gamma"": 0.03, ""pca__n_components"": 104, ""scale__method"": ""power_yeo""}",stage3_local_cv,0,0.781875,8.734,320
stage3_335,stage3_seed_0,"{""clean__method"": ""lof_0.05"", ""model__C"": 8.0, ""model__gamma"": 0.04, ""pca__n_components"": 104, ""scale__method"": ""power_yeo""}",lof_0.05,power_yeo,104,8.0,0.04,"{""clean__method"": ""lof_0.05"", ""model__C"": 8.0, ""model__gamma"": 0.04, ""pca__n_components"": 104, ""scale__method"": ""power_yeo""}",stage3_local_cv,0,0.763125,9.144,320
stage3_336,stage3_seed_0,"{""clean__method"": ""lof_0.05"", ""model__C"": 3.0, ""model__gamma"": 0.01, ""pca__n_components"": 112, ""scale__method"": ""power_yeo""}",lof_0.05,power_yeo,112,3.0,0.01,"{""clean__method"": ""lof_0.05"", ""model__C"": 3.0, ""model__gamma"": 0.01, ""pca__n_components"": 112, ""scale__method"": ""power_yeo""}",stage3_local_cv,0,0.81,9.089,320
stage3_337,stage3_seed_0,"{""clean__method"": ""lof_0.05"", ""model__C"": 3.0, ""model__gamma"": 0.02, ""pca__n_components"": 112, ""scale__method"": ""power_yeo""}",lof_0.05,power_yeo,112,3.0,0.02,"{""clean__method"": ""lof_0.05"", ""model__C"": 3.0, ""model__gamma"": 0.02, ""pca__n_components"": 112, ""scale__method"": ""power_yeo""}",stage3_local_cv,0,0.80125,7.832,320
stage3_338,stage3_seed_0,"{""clean__method"": ""lof_0.05"", ""model__C"": 3.0, ""model__gamma"": 0.03, ""pca__n_components"": 112, ""scale__method"": ""power_yeo""}",lof_0.05,power_yeo,112,3.0,0.03,"{""clean__method"": ""lof_0.05"", ""model__C"": 3.0, ""model__gamma"": 0.03, ""pca__n_components"": 112, ""scale__method"": ""power_yeo""}",stage3_local_cv,0,0.778125,8.747,320
stage3_339,stage3_seed_0,"{""clean__method"": ""lof_0.05"", ""model__C"": 3.0, ""model__gamma"": 0.04, ""pca__n_components"": 112, ""scale__method"": ""power_yeo""}",lof_0.05,power_yeo,112,3.0,0.04,"{""clean__method"": ""lof_0.05"", ""model__C"": 3.0, ""model__gamma"": 0.04, ""pca__n_components"": 112, ""scale__method"": ""power_yeo""}",stage3_local_cv,0,0.76125,8.782,320
stage3_340,stage3_seed_0,"{""clean__method"": ""lof_0.05"", ""model__C"": 4.0, ""model__gamma"": 0.01, ""pca__n_components"": 112, ""scale__method"": ""power_yeo""}",lof_0.05,power_yeo,112,4.0,0.01,"{""clean__method"": ""lof_0.05"", ""model__C"": 4.0, ""model__gamma"": 0.01, ""pca__n_components"": 112, ""scale__method"": ""power_yeo""}",stage3_local_cv,0,0.805625,8.006,320
stage3_341,stage3_seed_0,"{""clean__method"": ""lof_0.05"", ""model__C"": 4.0, ""model__gamma"": 0.02, ""pca__n_components"": 112, ""scale__method"": ""power_yeo""}",lof_0.05,power_yeo,112,4.0,0.02,"{""clean__method"": ""lof_0.05"", ""model__C"": 4.0, ""model__gamma"": 0.02, ""pca__n_components"": 112, ""scale__method"": ""power_yeo""}",stage3_local_cv,0,0.800625,8.66,320
stage3_342,stage3_seed_0,"{""clean__method"": ""lof_0.05"", ""model__C"": 4.0, ""model__gamma"": 0.03, ""pca__n_components"": 112, ""scale__method"": ""power_yeo""}",lof_0.05,power_yeo,112,4.0,0.03,"{""clean__method"": ""lof_0.05"", ""model__C"": 4.0, ""model__gamma"": 0.03, ""pca__n_components"": 112, ""scale__method"": ""power_yeo""}",stage3_local_cv,0,0.776875,8.686,320
stage3_343,stage3_seed_0,"{""clean__method"": ""lof_0.05"", ""model__C"": 4.0, ""model__gamma"": 0.04, ""pca__n_components"": 112, ""scale__method"": ""power_yeo""}",lof_0.05,power_yeo,112,4.0,0.04,"{""clean__method"": ""lof_0.05"", ""model__C"": 4.0, ""model__gamma"": 0.04, ""pca__n_components"": 112, ""scale__method"": ""power_yeo""}",stage3_local_cv,0,0.763125,7.822,320
stage3_344,stage3_seed_0,"{""clean__method"": ""lof_0.05"", ""model__C"": 6.0, ""model__gamma"": 0.01, ""pca__n_components"": 112, ""scale__method"": ""power_yeo""}",lof_0.05,power_yeo,112,6.0,0.01,"{""clean__method"": ""lof_0.05"", ""model__C"": 6.0, ""model__gamma"": 0.01, ""pca__n_components"": 112, ""scale__method"": ""power_yeo""}",stage3_local_cv,0,0.80125,8.883,320
stage3_345,stage3_seed_0,"{""clean__method"": ""lof_0.05"", ""model__C"": 6.0, ""model__gamma"": 0.02, ""pca__n_components"": 112, ""scale__method"": ""power_yeo""}",lof_0.05,power_yeo,112,6.0,0.02,"{""clean__method"": ""lof_0.05"", ""model__C"": 6.0, ""model__gamma"": 0.02, ""pca__n_components"": 112, ""scale__method"": ""power_yeo""}",stage3_local_cv,0,0.798125,8.572,320
stage3_346,stage3_seed_0,"{""clean__method"": ""lof_0.05"", ""model__C"": 6.0, ""model__gamma"": 0.03, ""pca__n_components"": 112, ""scale__method"": ""power_yeo""}",lof_0.05,power_yeo,112,6.0,0.03,"{""clean__method"": ""lof_0.05"", ""model__C"": 6.0, ""model__gamma"": 0.03, ""pca__n_components"": 112, ""scale__method"": ""power_yeo""}",stage3_local_cv,0,0.779375,7.773,320
stage3_347,stage3_seed_0,"{""clean__method"": ""lof_0.05"", ""model__C"": 6.0, ""model__gamma"": 0.04, ""pca__n_components"": 112, ""scale__method"": ""power_yeo""}",lof_0.05,power_yeo,112,6.0,0.04,"{""clean__method"": ""lof_0.05"", ""model__C"": 6.0, ""model__gamma"": 0.04, ""pca__n_components"": 112, ""scale__method"": ""power_yeo""}",stage3_local_cv,0,0.76625,8.583,320
stage3_348,stage3_seed_0,"{""clean__method"": ""lof_0.05"", ""model__C"": 8.0, ""model__gamma"": 0.01, ""pca__n_components"": 112, ""scale__method"": ""power_yeo""}",lof_0.05,power_yeo,112,8.0,0.01,"{""clean__method"": ""lof_0.05"", ""model__C"": 8.0, ""model__gamma"": 0.01, ""pca__n_components"": 112, ""scale__method"": ""power_yeo""}",stage3_local_cv,0,0.80125,8.755,320
stage3_349,stage3_seed_0,"{""clean__method"": ""lof_0.05"", ""model__C"": 8.0, ""model__gamma"": 0.02, ""pca__n_components"": 112, ""scale__method"": ""power_yeo""}",lof_0.05,power_yeo,112,8.0,0.02,"{""clean__method"": ""lof_0.05"", ""model__C"": 8.0, ""model__gamma"": 0.02, ""pca__n_components"": 112, ""scale__method"": ""power_yeo""}",stage3_local_cv,0,0.79875,7.965,320
stage3_350,stage3_seed_0,"{""clean__method"": ""lof_0.05"", ""model__C"": 8.0, ""model__gamma"": 0.03, ""pca__n_components"": 112, ""scale__method"": ""power_yeo""}",lof_0.05,power_yeo,112,8.0,0.03,"{""clean__method"": ""lof_0.05"", ""model__C"": 8.0, ""model__gamma"": 0.03, ""pca__n_components"": 112, ""scale__method"": ""power_yeo""}",stage3_local_cv,0,0.78,8.624,320
stage3_351,stage3_seed_0,"{""clean__method"": ""lof_0.05"", ""model__C"": 8.0, ""model__gamma"": 0.04, ""pca__n_components"": 112, ""scale__method"": ""power_yeo""}",lof_0.05,power_yeo,112,8.0,0.04,"{""clean__method"": ""lof_0.05"", ""model__C"": 8.0, ""model__gamma"": 0.04, ""pca__n_components"": 112, ""scale__method"": ""power_yeo""}",stage3_local_cv,0,0.76375,8.534,320
stage3_352,stage3_seed_0,"{""clean__method"": ""lof_0.05"", ""model__C"": 3.0, ""model__gamma"": 0.01, ""pca__n_components"": 120, ""scale__method"": ""power_yeo""}",lof_0.05,power_yeo,120,3.0,0.01,"{""clean__method"": ""lof_0.05"", ""model__C"": 3.0, ""model__gamma"": 0.01, ""pca__n_components"": 120, ""scale__method"": ""power_yeo""}",stage3_local_cv,0,0.808125,9.017,320
stage3_353,stage3_seed_0,"{""clean__method"": ""lof_0.05"", ""model__C"": 3.0, ""model__gamma"": 0.02, ""pca__n_components"": 120, ""scale__method"": ""power_yeo""}",lof_0.05,power_yeo,120,3.0,0.02,"{""clean__method"": ""lof_0.05"", ""model__C"": 3.0, ""model__gamma"": 0.02, ""pca__n_components"": 120, ""scale__method"": ""power_yeo""}",stage3_local_cv,0,0.8,8.734,320
stage3_354,stage3_seed_0,"{""clean__method"": ""lof_0.05"", ""model__C"": 3.0, ""model__gamma"": 0.03, ""pca__n_components"": 120, ""scale__method"": ""power_yeo""}",lof_0.05,power_yeo,120,3.0,0.03,"{""clean__method"": ""lof_0.05"", ""model__C"": 3.0, ""model__gamma"": 0.03, ""pca__n_components"": 120, ""scale__method"": ""power_yeo""}",stage3_local_cv,0,0.775625,9.169,320
stage3_355,stage3_seed_0,"{""clean__method"": ""lof_0.05"", ""model__C"": 3.0, ""model__gamma"": 0.04, ""pca__n_components"": 120, ""scale__method"": ""power_yeo""}",lof_0.05,power_yeo,120,3.0,0.04,"{""clean__method"": ""lof_0.05"", ""model__C"": 3.0, ""model__gamma"": 0.04, ""pca__n_components"": 120, ""scale__method"": ""power_yeo""}",stage3_local_cv,0,0.76375,9.227,320
stage3_356,stage3_seed_0,"{""clean__method"": ""lof_0.05"", ""model__C"": 4.0, ""model__gamma"": 0.01, ""pca__n_components"": 120, ""scale__method"": ""power_yeo""}",lof_0.05,power_yeo,120,4.0,0.01,"{""clean__method"": ""lof_0.05"", ""model__C"": 4.0, ""model__gamma"": 0.01, ""pca__n_components"": 120, ""scale__method"": ""power_yeo""}",stage3_local_cv,0,0.8075,8.443,320
stage3_357,stage3_seed_0,"{""clean__method"": ""lof_0.05"", ""model__C"": 4.0, ""model__gamma"": 0.02, ""pca__n_components"": 120, ""scale__method"": ""power_yeo""}",lof_0.05,power_yeo,120,4.0,0.02,"{""clean__method"": ""lof_0.05"", ""model__C"": 4.0, ""model__gamma"": 0.02, ""pca__n_components"": 120, ""scale__method"": ""power_yeo""}",stage3_local_cv,0,0.800625,9.158,320
stage3_358,stage3_seed_0,"{""clean__method"": ""lof_0.05"", ""model__C"": 4.0, ""model__gamma"": 0.03, ""pca__n_components"": 120, ""scale__method"": ""power_yeo""}",lof_0.05,power_yeo,120,4.0,0.03,"{""clean__method"": ""lof_0.05"", ""model__C"": 4.0, ""model__gamma"": 0.03, ""pca__n_components"": 120, ""scale__method"": ""power_yeo""}",stage3_local_cv,0,0.776875,9.168,320
stage3_359,stage3_seed_0,"{""clean__method"": ""lof_0.05"", ""model__C"": 4.0, ""model__gamma"": 0.04, ""pca__n_components"": 120, ""scale__method"": ""power_yeo""}",lof_0.05,power_yeo,120,4.0,0.04,"{""clean__method"": ""lof_0.05"", ""model__C"": 4.0, ""model__gamma"": 0.04, ""pca__n_components"": 120, ""scale__method"": ""power_yeo""}",stage3_local_cv,0,0.764375,9.008,320
stage3_360,stage3_seed_0,"{""clean__method"": ""lof_0.05"", ""model__C"": 6.0, ""model__gamma"": 0.01, ""pca__n_components"": 120, ""scale__method"": ""power_yeo""}",lof_0.05,power_yeo,120,6.0,0.01,"{""clean__method"": ""lof_0.05"", ""model__C"": 6.0, ""model__gamma"": 0.01, ""pca__n_components"": 120, ""scale__method"": ""power_yeo""}",stage3_local_cv,0,0.80375,8.659,320
stage3_361,stage3_seed_0,"{""clean__method"": ""lof_0.05"", ""model__C"": 6.0, ""model__gamma"": 0.02, ""pca__n_components"": 120, ""scale__method"": ""power_yeo""}",lof_0.05,power_yeo,120,6.0,0.02,"{""clean__method"": ""lof_0.05"", ""model__C"": 6.0, ""model__gamma"": 0.02, ""pca__n_components"": 120, ""scale__method"": ""power_yeo""}",stage3_local_cv,0,0.799375,9.144,320
stage3_362,stage3_seed_0,"{""clean__method"": ""lof_0.05"", ""model__C"": 6.0, ""model__gamma"": 0.03, ""pca__n_components"": 120, ""scale__method"": ""power_yeo""}",lof_0.05,power_yeo,120,6.0,0.03,"{""clean__method"": ""lof_0.05"", ""model__C"": 6.0, ""model__gamma"": 0.03, ""pca__n_components"": 120, ""scale__method"": ""power_yeo""}",stage3_local_cv,0,0.775,9.134,320
stage3_363,stage3_seed_0,"{""clean__method"": ""lof_0.05"", ""model__C"": 6.0, ""model__gamma"": 0.04, ""pca__n_components"": 120, ""scale__method"": ""power_yeo""}",lof_0.05,power_yeo,120,6.0,0.04,"{""clean__method"": ""lof_0.05"", ""model__C"": 6.0, ""model__gamma"": 0.04, ""pca__n_components"": 120, ""scale__method"": ""power_yeo""}",stage3_local_cv,0,0.765625,8.24,320
stage3_364,stage3_seed_0,"{""clean__method"": ""lof_0.05"", ""model__C"": 8.0, ""model__gamma"": 0.01, ""pca__n_components"": 120, ""scale__method"": ""power_yeo""}",lof_0.05,power_yeo,120,8.0,0.01,"{""clean__method"": ""lof_0.05"", ""model__C"": 8.0, ""model__gamma"": 0.01, ""pca__n_components"": 120, ""scale__method"": ""power_yeo""}",stage3_local_cv,0,0.800625,9.374,320
stage3_365,stage3_seed_0,"{""clean__method"": ""lof_0.05"", ""model__C"": 8.0, ""model__gamma"": 0.02, ""pca__n_components"": 120, ""scale__method"": ""power_yeo""}",lof_0.05,power_yeo,120,8.0,0.02,"{""clean__method"": ""lof_0.05"", ""model__C"": 8.0, ""model__gamma"": 0.02, ""pca__n_components"": 120, ""scale__method"": ""power_yeo""}",stage3_local_cv,0,0.79875,9.277,320
stage3_366,stage3_seed_0,"{""clean__method"": ""lof_0.05"", ""model__C"": 8.0, ""model__gamma"": 0.03, ""pca__n_components"": 120, ""scale__method"": ""power_yeo""}",lof_0.05,power_yeo,120,8.0,0.03,"{""clean__method"": ""lof_0.05"", ""model__C"": 8.0, ""model__gamma"": 0.03, ""pca__n_components"": 120, ""scale__method"": ""power_yeo""}",stage3_local_cv,0,0.778125,9.331,320
stage3_367,stage3_seed_0,"{""clean__method"": ""lof_0.05"", ""model__C"": 8.0, ""model__gamma"": 0.04, ""pca__n_components"": 120, ""scale__method"": ""power_yeo""}",lof_0.05,power_yeo,120,8.0,0.04,"{""clean__method"": ""lof_0.05"", ""model__C"": 8.0, ""model__gamma"": 0.04, ""pca__n_components"": 120, ""scale__method"": ""power_yeo""}",stage3_local_cv,0,0.76375,8.264,320
stage3_368,stage3_seed_0,"{""clean__method"": ""lof_0.05"", ""model__C"": 3.0, ""model__gamma"": 0.01, ""pca__n_components"": 128, ""scale__method"": ""power_yeo""}",lof_0.05,power_yeo,128,3.0,0.01,"{""clean__method"": ""lof_0.05"", ""model__C"": 3.0, ""model__gamma"": 0.01, ""pca__n_components"": 128, ""scale__method"": ""power_yeo""}",stage3_local_cv,0,0.808125,9.175,320
stage3_369,stage3_seed_0,"{""clean__method"": ""lof_0.05"", ""model__C"": 3.0, ""model__gamma"": 0.02, ""pca__n_components"": 128, ""scale__method"": ""power_yeo""}",lof_0.05,power_yeo,128,3.0,0.02,"{""clean__method"": ""lof_0.05"", ""model__C"": 3.0, ""model__gamma"": 0.02, ""pca__n_components"": 128, ""scale__method"": ""power_yeo""}",stage3_local_cv,0,0.7975,8.856,320
stage3_370,stage3_seed_0,"{""clean__method"": ""lof_0.05"", ""model__C"": 3.0, ""model__gamma"": 0.03, ""pca__n_components"": 128, ""scale__method"": ""power_yeo""}",lof_0.05,power_yeo,128,3.0,0.03,"{""clean__method"": ""lof_0.05"", ""model__C"": 3.0, ""model__gamma"": 0.03, ""pca__n_components"": 128, ""scale__method"": ""power_yeo""}",stage3_local_cv,0,0.775,8.089,320
stage3_371,stage3_seed_0,"{""clean__method"": ""lof_0.05"", ""model__C"": 3.0, ""model__gamma"": 0.04, ""pca__n_components"": 128, ""scale__method"": ""power_yeo""}",lof_0.05,power_yeo,128,3.0,0.04,"{""clean__method"": ""lof_0.05"", ""model__C"": 3.0, ""model__gamma"": 0.04, ""pca__n_components"": 128, ""scale__method"": ""power_yeo""}",stage3_local_cv,0,0.759375,9.002,320
stage3_372,stage3_seed_0,"{""clean__method"": ""lof_0.05"", ""model__C"": 4.0, ""model__gamma"": 0.01, ""pca__n_components"": 128, ""scale__method"": ""power_yeo""}",lof_0.05,power_yeo,128,4.0,0.01,"{""clean__method"": ""lof_0.05"", ""model__C"": 4.0, ""model__gamma"": 0.01, ""pca__n_components"": 128, ""scale__method"": ""power_yeo""}",stage3_local_cv,0,0.808125,9.09,320
stage3_373,stage3_seed_0,"{""clean__method"": ""lof_0.05"", ""model__C"": 4.0, ""model__gamma"": 0.02, ""pca__n_components"": 128, ""scale__method"": ""power_yeo""}",lof_0.05,power_yeo,128,4.0,0.02,"{""clean__method"": ""lof_0.05"", ""model__C"": 4.0, ""model__gamma"": 0.02, ""pca__n_components"": 128, ""scale__method"": ""power_yeo""}",stage3_local_cv,0,0.798125,9.012,320
stage3_374,stage3_seed_0,"{""clean__method"": ""lof_0.05"", ""model__C"": 4.0, ""model__gamma"": 0.03, ""pca__n_components"": 128, ""scale__method"": ""power_yeo""}",lof_0.05,power_yeo,128,4.0,0.03,"{""clean__method"": ""lof_0.05"", ""model__C"": 4.0, ""model__gamma"": 0.03, ""pca__n_components"": 128, ""scale__method"": ""power_yeo""}",stage3_local_cv,0,0.775625,8.236,320
stage3_375,stage3_seed_0,"{""clean__method"": ""lof_0.05"", ""model__C"": 4.0, ""model__gamma"": 0.04, ""pca__n_components"": 128, ""scale__method"": ""power_yeo""}",lof_0.05,power_yeo,128,4.0,0.04,"{""clean__method"": ""lof_0.05"", ""model__C"": 4.0, ""model__gamma"": 0.04, ""pca__n_components"": 128, ""scale__method"": ""power_yeo""}",stage3_local_cv,0,0.76125,8.848,320
stage3_376,stage3_seed_0,"{""clean__method"": ""lof_0.05"", ""model__C"": 6.0, ""model__gamma"": 0.01, ""pca__n_components"": 128, ""scale__method"": ""power_yeo""}",lof_0.05,power_yeo,128,6.0,0.01,"{""clean__method"": ""lof_0.05"", ""model__C"": 6.0, ""model__gamma"": 0.01, ""pca__n_components"": 128, ""scale__method"": ""power_yeo""}",stage3_local_cv,0,0.799375,9.17,320
stage3_377,stage3_seed_0,"{""clean__method"": ""lof_0.05"", ""model__C"": 6.0, ""model__gamma"": 0.02, ""pca__n_components"": 128, ""scale__method"": ""power_yeo""}",lof_0.05,power_yeo,128,6.0,0.02,"{""clean__method"": ""lof_0.05"", ""model__C"": 6.0, ""model__gamma"": 0.02, ""pca__n_components"": 128, ""scale__method"": ""power_yeo""}",stage3_local_cv,0,0.795,8.088,320
stage3_378,stage3_seed_0,"{""clean__method"": ""lof_0.05"", ""model__C"": 6.0, ""model__gamma"": 0.03, ""pca__n_components"": 128, ""scale__method"": ""power_yeo""}",lof_0.05,power_yeo,128,6.0,0.03,"{""clean__method"": ""lof_0.05"", ""model__C"": 6.0, ""model__gamma"": 0.03, ""pca__n_components"": 128, ""scale__method"": ""power_yeo""}",stage3_local_cv,0,0.77625,9.043,320
stage3_379,stage3_seed_0,"{""clean__method"": ""lof_0.05"", ""model__C"": 6.0, ""model__gamma"": 0.04, ""pca__n_components"": 128, ""scale__method"": ""power_yeo""}",lof_0.05,power_yeo,128,6.0,0.04,"{""clean__method"": ""lof_0.05"", ""model__C"": 6.0, ""model__gamma"": 0.04, ""pca__n_components"": 128, ""scale__method"": ""power_yeo""}",stage3_local_cv,0,0.763125,8.833,320
stage3_380,stage3_seed_0,"{""clean__method"": ""lof_0.05"", ""model__C"": 8.0, ""model__gamma"": 0.01, ""pca__n_components"": 128, ""scale__method"": ""power_yeo""}",lof_0.05,power_yeo,128,8.0,0.01,"{""clean__method"": ""lof_0.05"", ""model__C"": 8.0, ""model__gamma"": 0.01, ""pca__n_components"": 128, ""scale__method"": ""power_yeo""}",stage3_local_cv,0,0.79625,8.712,320
stage3_381,stage3_seed_0,"{""clean__method"": ""lof_0.05"", ""model__C"": 8.0, ""model__gamma"": 0.02, ""pca__n_components"": 128, ""scale__method"": ""power_yeo""}",lof_0.05,power_yeo,128,8.0,0.02,"{""clean__method"": ""lof_0.05"", ""model__C"": 8.0, ""model__gamma"": 0.02, ""pca__n_components"": 128, ""scale__method"": ""power_yeo""}",stage3_local_cv,0,0.8,8.554,320
stage3_382,stage3_seed_0,"{""clean__method"": ""lof_0.05"", ""model__C"": 8.0, ""model__gamma"": 0.03, ""pca__n_components"": 128, ""scale__method"": ""power_yeo""}",lof_0.05,power_yeo,128,8.0,0.03,"{""clean__method"": ""lof_0.05"", ""model__C"": 8.0, ""model__gamma"": 0.03, ""pca__n_components"": 128, ""scale__method"": ""power_yeo""}",stage3_local_cv,0,0.775,9.076,320
stage3_383,stage3_seed_0,"{""clean__method"": ""lof_0.05"", ""model__C"": 8.0, ""model__gamma"": 0.04, ""pca__n_components"": 128, ""scale__method"": ""power_yeo""}",lof_0.05,power_yeo,128,8.0,0.04,"{""clean__method"": ""lof_0.05"", ""model__C"": 8.0, ""model__gamma"": 0.04, ""pca__n_components"": 128, ""scale__method"": ""power_yeo""}",stage3_local_cv,0,0.761875,9.206,320
stage3_384,stage3_seed_0,"{""clean__method"": ""lof_0.05"", ""model__C"": 3.0, ""model__gamma"": 0.01, ""pca__n_components"": 136, ""scale__method"": ""power_yeo""}",lof_0.05,power_yeo,136,3.0,0.01,"{""clean__method"": ""lof_0.05"", ""model__C"": 3.0, ""model__gamma"": 0.01, ""pca__n_components"": 136, ""scale__method"": ""power_yeo""}",stage3_local_cv,0,0.804375,9.246,320
stage3_385,stage3_seed_0,"{""clean__method"": ""lof_0.05"", ""model__C"": 3.0, ""model__gamma"": 0.02, ""pca__n_components"": 136, ""scale__method"": ""power_yeo""}",lof_0.05,power_yeo,136,3.0,0.02,"{""clean__method"": ""lof_0.05"", ""model__C"": 3.0, ""model__gamma"": 0.02, ""pca__n_components"": 136, ""scale__method"": ""power_yeo""}",stage3_local_cv,0,0.7975,9.894,320
stage3_386,stage3_seed_0,"{""clean__method"": ""lof_0.05"", ""model__C"": 3.0, ""model__gamma"": 0.03, ""pca__n_components"": 136, ""scale__method"": ""power_yeo""}",lof_0.05,power_yeo,136,3.0,0.03,"{""clean__method"": ""lof_0.05"", ""model__C"": 3.0, ""model__gamma"": 0.03, ""pca__n_components"": 136, ""scale__method"": ""power_yeo""}",stage3_local_cv,0,0.774375,10.093,320
stage3_387,stage3_seed_0,"{""clean__method"": ""lof_0.05"", ""model__C"": 3.0, ""model__gamma"": 0.04, ""pca__n_components"": 136, ""scale__method"": ""power_yeo""}",lof_0.05,power_yeo,136,3.0,0.04,"{""clean__method"": ""lof_0.05"", ""model__C"": 3.0, ""model__gamma"": 0.04, ""pca__n_components"": 136, ""scale__method"": ""power_yeo""}",stage3_local_cv,0,0.759375,9.866,320
stage3_388,stage3_seed_0,"{""clean__method"": ""lof_0.05"", ""model__C"": 4.0, ""model__gamma"": 0.01, ""pca__n_components"": 136, ""scale__method"": ""power_yeo""}",lof_0.05,power_yeo,136,4.0,0.01,"{""clean__method"": ""lof_0.05"", ""model__C"": 4.0, ""model__gamma"": 0.01, ""pca__n_components"": 136, ""scale__method"": ""power_yeo""}",stage3_local_cv,0,0.80625,10.344,320
stage3_389,stage3_seed_0,"{""clean__method"": ""lof_0.05"", ""model__C"": 4.0, ""model__gamma"": 0.02, ""pca__n_components"": 136, ""scale__method"": ""power_yeo""}",lof_0.05,power_yeo,136,4.0,0.02,"{""clean__method"": ""lof_0.05"", ""model__C"": 4.0, ""model__gamma"": 0.02, ""pca__n_components"": 136, ""scale__method"": ""power_yeo""}",stage3_local_cv,0,0.796875,9.108,320
stage3_390,stage3_seed_0,"{""clean__method"": ""lof_0.05"", ""model__C"": 4.0, ""model__gamma"": 0.03, ""pca__n_components"": 136, ""scale__method"": ""power_yeo""}",lof_0.05,power_yeo,136,4.0,0.03,"{""clean__method"": ""lof_0.05"", ""model__C"": 4.0, ""model__gamma"": 0.03, ""pca__n_components"": 136, ""scale__method"": ""power_yeo""}",stage3_local_cv,0,0.775625,10.036,320
stage3_391,stage3_seed_0,"{""clean__method"": ""lof_0.05"", ""model__C"": 4.0, ""model__gamma"": 0.04, ""pca__n_components"": 136, ""scale__method"": ""power_yeo""}",lof_0.05,power_yeo,136,4.0,0.04,"{""clean__method"": ""lof_0.05"", ""model__C"": 4.0, ""model__gamma"": 0.04, ""pca__n_components"": 136, ""scale__method"": ""power_yeo""}",stage3_local_cv,0,0.761875,10.455,320
stage3_392,stage3_seed_0,"{""clean__method"": ""lof_0.05"", ""model__C"": 6.0, ""model__gamma"": 0.01, ""pca__n_components"": 136, ""scale__method"": ""power_yeo""}",lof_0.05,power_yeo,136,6.0,0.01,"{""clean__method"": ""lof_0.05"", ""model__C"": 6.0, ""model__gamma"": 0.01, ""pca__n_components"": 136, ""scale__method"": ""power_yeo""}",stage3_local_cv,0,0.7975,10.091,320
stage3_393,stage3_seed_0,"{""clean__method"": ""lof_0.05"", ""model__C"": 6.0, ""model__gamma"": 0.02, ""pca__n_components"": 136, ""scale__method"": ""power_yeo""}",lof_0.05,power_yeo,136,6.0,0.02,"{""clean__method"": ""lof_0.05"", ""model__C"": 6.0, ""model__gamma"": 0.02, ""pca__n_components"": 136, ""scale__method"": ""power_yeo""}",stage3_local_cv,0,0.795,11.568,320
stage3_394,stage3_seed_0,"{""clean__method"": ""lof_0.05"", ""model__C"": 6.0, ""model__gamma"": 0.03, ""pca__n_components"": 136, ""scale__method"": ""power_yeo""}",lof_0.05,power_yeo,136,6.0,0.03,"{""clean__method"": ""lof_0.05"", ""model__C"": 6.0, ""model__gamma"": 0.03, ""pca__n_components"": 136, ""scale__method"": ""power_yeo""}",stage3_local_cv,0,0.77375,9.927,320
stage3_395,stage3_seed_0,"{""clean__method"": ""lof_0.05"", ""model__C"": 6.0, ""model__gamma"": 0.04, ""pca__n_components"": 136, ""scale__method"": ""power_yeo""}",lof_0.05,power_yeo,136,6.0,0.04,"{""clean__method"": ""lof_0.05"", ""model__C"": 6.0, ""model__gamma"": 0.04, ""pca__n_components"": 136, ""scale__method"": ""power_yeo""}",stage3_local_cv,0,0.76,9.364,320
stage3_396,stage3_seed_0,"{""clean__method"": ""lof_0.05"", ""model__C"": 8.0, ""model__gamma"": 0.01, ""pca__n_components"": 136, ""scale__method"": ""power_yeo""}",lof_0.05,power_yeo,136,8.0,0.01,"{""clean__method"": ""lof_0.05"", ""model__C"": 8.0, ""model__gamma"": 0.01, ""pca__n_components"": 136, ""scale__method"": ""power_yeo""}",stage3_local_cv,0,0.795625,10.227,320
stage3_397,stage3_seed_0,"{""clean__method"": ""lof_0.05"", ""model__C"": 8.0, ""model__gamma"": 0.02, ""pca__n_components"": 136, ""scale__method"": ""power_yeo""}",lof_0.05,power_yeo,136,8.0,0.02,"{""clean__method"": ""lof_0.05"", ""model__C"": 8.0, ""model__gamma"": 0.02, ""pca__n_components"": 136, ""scale__method"": ""power_yeo""}",stage3_local_cv,0,0.796875,9.705,320
stage3_398,stage3_seed_0,"{""clean__method"": ""lof_0.05"", ""model__C"": 8.0, ""model__gamma"": 0.03, ""pca__n_components"": 136, ""scale__method"": ""power_yeo""}",lof_0.05,power_yeo,136,8.0,0.03,"{""clean__method"": ""lof_0.05"", ""model__C"": 8.0, ""model__gamma"": 0.03, ""pca__n_components"": 136, ""scale__method"": ""power_yeo""}",stage3_local_cv,0,0.773125,10.114,320
stage3_399,stage3_seed_0,"{""clean__method"": ""lof_0.05"", ""model__C"": 8.0, ""model__gamma"": 0.04, ""pca__n_components"": 136, ""scale__method"": ""power_yeo""}",lof_0.05,power_yeo,136,8.0,0.04,"{""clean__method"": ""lof_0.05"", ""model__C"": 8.0, ""model__gamma"": 0.04, ""pca__n_components"": 136, ""scale__method"": ""power_yeo""}",stage3_local_cv,0,0.759375,9.646,320
stage3_400,stage3_seed_0,"{""clean__method"": ""lof_0.05"", ""model__C"": 3.0, ""model__gamma"": 0.01, ""pca__n_components"": 104, ""scale__method"": ""quantile_normal""}",lof_0.05,quantile_normal,104,3.0,0.01,"{""clean__method"": ""lof_0.05"", ""model__C"": 3.0, ""model__gamma"": 0.01, ""pca__n_components"": 104, ""scale__method"": ""quantile_normal""}",stage3_local_cv,0,0.80625,6.161,320
stage3_401,stage3_seed_0,"{""clean__method"": ""lof_0.05"", ""model__C"": 3.0, ""model__gamma"": 0.02, ""pca__n_components"": 104, ""scale__method"": ""quantile_normal""}",lof_0.05,quantile_normal,104,3.0,0.02,"{""clean__method"": ""lof_0.05"", ""model__C"": 3.0, ""model__gamma"": 0.02, ""pca__n_components"": 104, ""scale__method"": ""quantile_normal""}",stage3_local_cv,0,0.8,5.278,320
stage3_402,stage3_seed_0,"{""clean__method"": ""lof_0.05"", ""model__C"": 3.0, ""model__gamma"": 0.03, ""pca__n_components"": 104, ""scale__method"": ""quantile_normal""}",lof_0.05,quantile_normal,104,3.0,0.03,"{""clean__method"": ""lof_0.05"", ""model__C"": 3.0, ""model__gamma"": 0.03, ""pca__n_components"": 104, ""scale__method"": ""quantile_normal""}",stage3_local_cv,0,0.783125,6.236,320
stage3_403,stage3_seed_0,"{""clean__method"": ""lof_0.05"", ""model__C"": 3.0, ""model__gamma"": 0.04, ""pca__n_components"": 104, ""scale__method"": ""quantile_normal""}",lof_0.05,quantile_normal,104,3.0,0.04,"{""clean__method"": ""lof_0.05"", ""model__C"": 3.0, ""model__gamma"": 0.04, ""pca__n_components"": 104, ""scale__method"": ""quantile_normal""}",stage3_local_cv,0,0.763125,5.257,320
stage3_404,stage3_seed_0,"{""clean__method"": ""lof_0.05"", ""model__C"": 4.0, ""model__gamma"": 0.01, ""pca__n_components"": 104, ""scale__method"": ""quantile_normal""}",lof_0.05,quantile_normal,104,4.0,0.01,"{""clean__method"": ""lof_0.05"", ""model__C"": 4.0, ""model__gamma"": 0.01, ""pca__n_components"": 104, ""scale__method"": ""quantile_normal""}",stage3_local_cv,0,0.804375,6.299,320
stage3_405,stage3_seed_0,"{""clean__method"": ""lof_0.05"", ""model__C"": 4.0, ""model__gamma"": 0.02, ""pca__n_components"": 104, ""scale__method"": ""quantile_normal""}",lof_0.05,quantile_normal,104,4.0,0.02,"{""clean__method"": ""lof_0.05"", ""model__C"": 4.0, ""model__gamma"": 0.02, ""pca__n_components"": 104, ""scale__method"": ""quantile_normal""}",stage3_local_cv,0,0.8,5.395,320
stage3_406,stage3_seed_0,"{""clean__method"": ""lof_0.05"", ""model__C"": 4.0, ""model__gamma"": 0.03, ""pca__n_components"": 104, ""scale__method"": ""quantile_normal""}",lof_0.05,quantile_normal,104,4.0,0.03,"{""clean__method"": ""lof_0.05"", ""model__C"": 4.0, ""model__gamma"": 0.03, ""pca__n_components"": 104, ""scale__method"": ""quantile_normal""}",stage3_local_cv,0,0.78375,6.047,320
stage3_407,stage3_seed_0,"{""clean__method"": ""lof_0.05"", ""model__C"": 4.0, ""model__gamma"": 0.04, ""pca__n_components"": 104, ""scale__method"": ""quantile_normal""}",lof_0.05,quantile_normal,104,4.0,0.04,"{""clean__method"": ""lof_0.05"", ""model__C"": 4.0, ""model__gamma"": 0.04, ""pca__n_components"": 104, ""scale__method"": ""quantile_normal""}",stage3_local_cv,0,0.76375,5.252,320
stage3_408,stage3_seed_0,"{""clean__method"": ""lof_0.05"", ""model__C"": 6.0, ""model__gamma"": 0.01, ""pca__n_components"": 104, ""scale__method"": ""quantile_normal""}",lof_0.05,quantile_normal,104,6.0,0.01,"{""clean__method"": ""lof_0.05"", ""model__C"": 6.0, ""model__gamma"": 0.01, ""pca__n_components"": 104, ""scale__method"": ""quantile_normal""}",stage3_local_cv,0,0.803125,6.283,320
stage3_409,stage3_seed_0,"{""clean__method"": ""lof_0.05"", ""model__C"": 6.0, ""model__gamma"": 0.02, ""pca__n_components"": 104, ""scale__method"": ""quantile_normal""}",lof_0.05,quantile_normal,104,6.0,0.02,"{""clean__method"": ""lof_0.05"", ""model__C"": 6.0, ""model__gamma"": 0.02, ""pca__n_components"": 104, ""scale__method"": ""quantile_normal""}",stage3_local_cv,0,0.800625,5.249,320
stage3_410,stage3_seed_0,"{""clean__method"": ""lof_0.05"", ""model__C"": 6.0, ""model__gamma"": 0.03, ""pca__n_components"": 104, ""scale__method"": ""quantile_normal""}",lof_0.05,quantile_normal,104,6.0,0.03,"{""clean__method"": ""lof_0.05"", ""model__C"": 6.0, ""model__gamma"": 0.03, ""pca__n_components"": 104, ""scale__method"": ""quantile_normal""}",stage3_local_cv,0,0.781875,6.22,320
stage3_411,stage3_seed_0,"{""clean__method"": ""lof_0.05"", ""model__C"": 6.0, ""model__gamma"": 0.04, ""pca__n_components"": 104, ""scale__method"": ""quantile_normal""}",lof_0.05,quantile_normal,104,6.0,0.04,"{""clean__method"": ""lof_0.05"", ""model__C"": 6.0, ""model__gamma"": 0.04, ""pca__n_components"": 104, ""scale__method"": ""quantile_normal""}",stage3_local_cv,0,0.76375,5.318,320
stage3_412,stage3_seed_0,"{""clean__method"": ""lof_0.05"", ""model__C"": 8.0, ""model__gamma"": 0.01, ""pca__n_components"": 104, ""scale__method"": ""quantile_normal""}",lof_0.05,quantile_normal,104,8.0,0.01,"{""clean__method"": ""lof_0.05"", ""model__C"": 8.0, ""model__gamma"": 0.01, ""pca__n_components"": 104, ""scale__method"": ""quantile_normal""}",stage3_local_cv,0,0.804375,6.471,320
stage3_413,stage3_seed_0,"{""clean__method"": ""lof_0.05"", ""model__C"": 8.0, ""model__gamma"": 0.02, ""pca__n_components"": 104, ""scale__method"": ""quantile_normal""}",lof_0.05,quantile_normal,104,8.0,0.02,"{""clean__method"": ""lof_0.05"", ""model__C"": 8.0, ""model__gamma"": 0.02, ""pca__n_components"": 104, ""scale__method"": ""quantile_normal""}",stage3_local_cv,0,0.8,5.479,320
stage3_414,stage3_seed_0,"{""clean__method"": ""lof_0.05"", ""model__C"": 8.0, ""model__gamma"": 0.03, ""pca__n_components"": 104, ""scale__method"": ""quantile_normal""}",lof_0.05,quantile_normal,104,8.0,0.03,"{""clean__method"": ""lof_0.05"", ""model__C"": 8.0, ""model__gamma"": 0.03, ""pca__n_components"": 104, ""scale__method"": ""quantile_normal""}",stage3_local_cv,0,0.784375,5.902,320
stage3_415,stage3_seed_0,"{""clean__method"": ""lof_0.05"", ""model__C"": 8.0, ""model__gamma"": 0.04, ""pca__n_components"": 104, ""scale__method"": ""quantile_normal""}",lof_0.05,quantile_normal,104,8.0,0.04,"{""clean__method"": ""lof_0.05"", ""model__C"": 8.0, ""model__gamma"": 0.04, ""pca__n_components"": 104, ""scale__method"": ""quantile_normal""}",stage3_local_cv,0,0.760625,5.734,320
stage3_416,stage3_seed_0,"{""clean__method"": ""lof_0.05"", ""model__C"": 3.0, ""model__gamma"": 0.01, ""pca__n_components"": 112, ""scale__method"": ""quantile_normal""}",lof_0.05,quantile_normal,112,3.0,0.01,"{""clean__method"": ""lof_0.05"", ""model__C"": 3.0, ""model__gamma"": 0.01, ""pca__n_components"": 112, ""scale__method"": ""quantile_normal""}",stage3_local_cv,0,0.8075,5.414,320
stage3_417,stage3_seed_0,"{""clean__method"": ""lof_0.05"", ""model__C"": 3.0, ""model__gamma"": 0.02, ""pca__n_components"": 112, ""scale__method"": ""quantile_normal""}",lof_0.05,quantile_normal,112,3.0,0.02,"{""clean__method"": ""lof_0.05"", ""model__C"": 3.0, ""model__gamma"": 0.02, ""pca__n_components"": 112, ""scale__method"": ""quantile_normal""}",stage3_local_cv,0,0.7975,5.959,320
stage3_418,stage3_seed_0,"{""clean__method"": ""lof_0.05"", ""model__C"": 3.0, ""model__gamma"": 0.03, ""pca__n_components"": 112, ""scale__method"": ""quantile_normal""}",lof_0.05,quantile_normal,112,3.0,0.03,"{""clean__method"": ""lof_0.05"", ""model__C"": 3.0, ""model__gamma"": 0.03, ""pca__n_components"": 112, ""scale__method"": ""quantile_normal""}",stage3_local_cv,0,0.784375,5.039,320
stage3_419,stage3_seed_0,"{""clean__method"": ""lof_0.05"", ""model__C"": 3.0, ""model__gamma"": 0.04, ""pca__n_components"": 112, ""scale__method"": ""quantile_normal""}",lof_0.05,quantile_normal,112,3.0,0.04,"{""clean__method"": ""lof_0.05"", ""model__C"": 3.0, ""model__gamma"": 0.04, ""pca__n_components"": 112, ""scale__method"": ""quantile_normal""}",stage3_local_cv,0,0.765,5.845,320
stage3_420,stage3_seed_0,"{""clean__method"": ""lof_0.05"", ""model__C"": 4.0, ""model__gamma"": 0.01, ""pca__n_components"": 112, ""scale__method"": ""quantile_normal""}",lof_0.05,quantile_normal,112,4.0,0.01,"{""clean__method"": ""lof_0.05"", ""model__C"": 4.0, ""model__gamma"": 0.01, ""pca__n_components"": 112, ""scale__method"": ""quantile_normal""}",stage3_local_cv,0,0.801875,5.354,320
stage3_421,stage3_seed_0,"{""clean__method"": ""lof_0.05"", ""model__C"": 4.0, ""model__gamma"": 0.02, ""pca__n_components"": 112, ""scale__method"": ""quantile_normal""}",lof_0.05,quantile_normal,112,4.0,0.02,"{""clean__method"": ""lof_0.05"", ""model__C"": 4.0, ""model__gamma"": 0.02, ""pca__n_components"": 112, ""scale__method"": ""quantile_normal""}",stage3_local_cv,0,0.799375,5.953,320
stage3_422,stage3_seed_0,"{""clean__method"": ""lof_0.05"", ""model__C"": 4.0, ""model__gamma"": 0.03, ""pca__n_components"": 112, ""scale__method"": ""quantile_normal""}",lof_0.05,quantile_normal,112,4.0,0.03,"{""clean__method"": ""lof_0.05"", ""model__C"": 4.0, ""model__gamma"": 0.03, ""pca__n_components"": 112, ""scale__method"": ""quantile_normal""}",stage3_local_cv,0,0.784375,5.003,320
stage3_423,stage3_seed_0,"{""clean__method"": ""lof_0.05"", ""model__C"": 4.0, ""model__gamma"": 0.04, ""pca__n_components"": 112, ""scale__method"": ""quantile_normal""}",lof_0.05,quantile_normal,112,4.0,0.04,"{""clean__method"": ""lof_0.05"", ""model__C"": 4.0, ""model__gamma"": 0.04, ""pca__n_components"": 112, ""scale__method"": ""quantile_normal""}",stage3_local_cv,0,0.765,6.042,320
stage3_424,stage3_seed_0,"{""clean__method"": ""lof_0.05"", ""model__C"": 6.0, ""model__gamma"": 0.01, ""pca__n_components"": 112, ""scale__method"": ""quantile_normal""}",lof_0.05,quantile_normal,112,6.0,0.01,"{""clean__method"": ""lof_0.05"", ""model__C"": 6.0, ""model__gamma"": 0.01, ""pca__n_components"": 112, ""scale__method"": ""quantile_normal""}",stage3_local_cv,0,0.80125,5.366,320
stage3_425,stage3_seed_0,"{""clean__method"": ""lof_0.05"", ""model__C"": 6.0, ""model__gamma"": 0.02, ""pca__n_components"": 112, ""scale__method"": ""quantile_normal""}",lof_0.05,quantile_normal,112,6.0,0.02,"{""clean__method"": ""lof_0.05"", ""model__C"": 6.0, ""model__gamma"": 0.02, ""pca__n_components"": 112, ""scale__method"": ""quantile_normal""}",stage3_local_cv,0,0.798125,5.418,320
stage3_426,stage3_seed_0,"{""clean__method"": ""lof_0.05"", ""model__C"": 6.0, ""model__gamma"": 0.03, ""pca__n_components"": 112, ""scale__method"": ""quantile_normal""}",lof_0.05,quantile_normal,112,6.0,0.03,"{""clean__method"": ""lof_0.05"", ""model__C"": 6.0, ""model__gamma"": 0.03, ""pca__n_components"": 112, ""scale__method"": ""quantile_normal""}",stage3_local_cv,0,0.7825,5.62,320
stage3_427,stage3_seed_0,"{""clean__method"": ""lof_0.05"", ""model__C"": 6.0, ""model__gamma"": 0.04, ""pca__n_components"": 112, ""scale__method"": ""quantile_normal""}",lof_0.05,quantile_normal,112,6.0,0.04,"{""clean__method"": ""lof_0.05"", ""model__C"": 6.0, ""model__gamma"": 0.04, ""pca__n_components"": 112, ""scale__method"": ""quantile_normal""}",stage3_local_cv,0,0.765625,5.778,320
stage3_428,stage3_seed_0,"{""clean__method"": ""lof_0.05"", ""model__C"": 8.0, ""model__gamma"": 0.01, ""pca__n_components"": 112, ""scale__method"": ""quantile_normal""}",lof_0.05,quantile_normal,112,8.0,0.01,"{""clean__method"": ""lof_0.05"", ""model__C"": 8.0, ""model__gamma"": 0.01, ""pca__n_components"": 112, ""scale__method"": ""quantile_normal""}",stage3_local_cv,0,0.805625,6.091,320
stage3_429,stage3_seed_0,"{""clean__method"": ""lof_0.05"", ""model__C"": 8.0, ""model__gamma"": 0.02, ""pca__n_components"": 112, ""scale__method"": ""quantile_normal""}",lof_0.05,quantile_normal,112,8.0,0.02,"{""clean__method"": ""lof_0.05"", ""model__C"": 8.0, ""model__gamma"": 0.02, ""pca__n_components"": 112, ""scale__method"": ""quantile_normal""}",stage3_local_cv,0,0.798125,5.034,320
stage3_430,stage3_seed_0,"{""clean__method"": ""lof_0.05"", ""model__C"": 8.0, ""model__gamma"": 0.03, ""pca__n_components"": 112, ""scale__method"": ""quantile_normal""}",lof_0.05,quantile_normal,112,8.0,0.03,"{""clean__method"": ""lof_0.05"", ""model__C"": 8.0, ""model__gamma"": 0.03, ""pca__n_components"": 112, ""scale__method"": ""quantile_normal""}",stage3_local_cv,0,0.784375,5.929,320
stage3_431,stage3_seed_0,"{""clean__method"": ""lof_0.05"", ""model__C"": 8.0, ""model__gamma"": 0.04, ""pca__n_components"": 112, ""scale__method"": ""quantile_normal""}",lof_0.05,quantile_normal,112,8.0,0.04,"{""clean__method"": ""lof_0.05"", ""model__C"": 8.0, ""model__gamma"": 0.04, ""pca__n_components"": 112, ""scale__method"": ""quantile_normal""}",stage3_local_cv,0,0.761875,5.25,320
stage3_432,stage3_seed_0,"{""clean__method"": ""lof_0.05"", ""model__C"": 3.0, ""model__gamma"": 0.01, ""pca__n_components"": 120, ""scale__method"": ""quantile_normal""}",lof_0.05,quantile_normal,120,3.0,0.01,"{""clean__method"": ""lof_0.05"", ""model__C"": 3.0, ""model__gamma"": 0.01, ""pca__n_components"": 120, ""scale__method"": ""quantile_normal""}",stage3_local_cv,0,0.81,6.602,320
stage3_433,stage3_seed_0,"{""clean__method"": ""lof_0.05"", ""model__C"": 3.0, ""model__gamma"": 0.02, ""pca__n_components"": 120, ""scale__method"": ""quantile_normal""}",lof_0.05,quantile_normal,120,3.0,0.02,"{""clean__method"": ""lof_0.05"", ""model__C"": 3.0, ""model__gamma"": 0.02, ""pca__n_components"": 120, ""scale__method"": ""quantile_normal""}",stage3_local_cv,0,0.79625,5.563,320
stage3_434,stage3_seed_0,"{""clean__method"": ""lof_0.05"", ""model__C"": 3.0, ""model__gamma"": 0.03, ""pca__n_components"": 120, ""scale__method"": ""quantile_normal""}",lof_0.05,quantile_normal,120,3.0,0.03,"{""clean__method"": ""lof_0.05"", ""model__C"": 3.0, ""model__gamma"": 0.03, ""pca__n_components"": 120, ""scale__method"": ""quantile_normal""}",stage3_local_cv,0,0.78,6.38,320
stage3_435,stage3_seed_0,"{""clean__method"": ""lof_0.05"", ""model__C"": 3.0, ""model__gamma"": 0.04, ""pca__n_components"": 120, ""scale__method"": ""quantile_normal""}",lof_0.05,quantile_normal,120,3.0,0.04,"{""clean__method"": ""lof_0.05"", ""model__C"": 3.0, ""model__gamma"": 0.04, ""pca__n_components"": 120, ""scale__method"": ""quantile_normal""}",stage3_local_cv,0,0.765625,5.792,320
stage3_436,stage3_seed_0,"{""clean__method"": ""lof_0.05"", ""model__C"": 4.0, ""model__gamma"": 0.01, ""pca__n_components"": 120, ""scale__method"": ""quantile_normal""}",lof_0.05,quantile_normal,120,4.0,0.01,"{""clean__method"": ""lof_0.05"", ""model__C"": 4.0, ""model__gamma"": 0.01, ""pca__n_components"": 120, ""scale__method"": ""quantile_normal""}",stage3_local_cv,0,0.80625,6.679,320
stage3_437,stage3_seed_0,"{""clean__method"": ""lof_0.05"", ""model__C"": 4.0, ""model__gamma"": 0.02, ""pca__n_components"": 120, ""scale__method"": ""quantile_normal""}",lof_0.05,quantile_normal,120,4.0,0.02,"{""clean__method"": ""lof_0.05"", ""model__C"": 4.0, ""model__gamma"": 0.02, ""pca__n_components"": 120, ""scale__method"": ""quantile_normal""}",stage3_local_cv,0,0.798125,5.607,320
stage3_438,stage3_seed_0,"{""clean__method"": ""lof_0.05"", ""model__C"": 4.0, ""model__gamma"": 0.03, ""pca__n_components"": 120, ""scale__method"": ""quantile_normal""}",lof_0.05,quantile_normal,120,4.0,0.03,"{""clean__method"": ""lof_0.05"", ""model__C"": 4.0, ""model__gamma"": 0.03, ""pca__n_components"": 120, ""scale__method"": ""quantile_normal""}",stage3_local_cv,0,0.78,6.476,320
stage3_439,stage3_seed_0,"{""clean__method"": ""lof_0.05"", ""model__C"": 4.0, ""model__gamma"": 0.04, ""pca__n_components"": 120, ""scale__method"": ""quantile_normal""}",lof_0.05,quantile_normal,120,4.0,0.04,"{""clean__method"": ""lof_0.05"", ""model__C"": 4.0, ""model__gamma"": 0.04, ""pca__n_components"": 120, ""scale__method"": ""quantile_normal""}",stage3_local_cv,0,0.764375,5.776,320
stage3_440,stage3_seed_0,"{""clean__method"": ""lof_0.05"", ""model__C"": 6.0, ""model__gamma"": 0.01, ""pca__n_components"": 120, ""scale__method"": ""quantile_normal""}",lof_0.05,quantile_normal,120,6.0,0.01,"{""clean__method"": ""lof_0.05"", ""model__C"": 6.0, ""model__gamma"": 0.01, ""pca__n_components"": 120, ""scale__method"": ""quantile_normal""}",stage3_local_cv,0,0.8025,6.611,320
stage3_441,stage3_seed_0,"{""clean__method"": ""lof_0.05"", ""model__C"": 6.0, ""model__gamma"": 0.02, ""pca__n_components"": 120, ""scale__method"": ""quantile_normal""}",lof_0.05,quantile_normal,120,6.0,0.02,"{""clean__method"": ""lof_0.05"", ""model__C"": 6.0, ""model__gamma"": 0.02, ""pca__n_components"": 120, ""scale__method"": ""quantile_normal""}",stage3_local_cv,0,0.799375,5.642,320
stage3_442,stage3_seed_0,"{""clean__method"": ""lof_0.05"", ""model__C"": 6.0, ""model__gamma"": 0.03, ""pca__n_components"": 120, ""scale__method"": ""quantile_normal""}",lof_0.05,quantile_normal,120,6.0,0.03,"{""clean__method"": ""lof_0.05"", ""model__C"": 6.0, ""model__gamma"": 0.03, ""pca__n_components"": 120, ""scale__method"": ""quantile_normal""}",stage3_local_cv,0,0.78,6.587,320
stage3_443,stage3_seed_0,"{""clean__method"": ""lof_0.05"", ""model__C"": 6.0, ""model__gamma"": 0.04, ""pca__n_components"": 120, ""scale__method"": ""quantile_normal""}",lof_0.05,quantile_normal,120,6.0,0.04,"{""clean__method"": ""lof_0.05"", ""model__C"": 6.0, ""model__gamma"": 0.04, ""pca__n_components"": 120, ""scale__method"": ""quantile_normal""}",stage3_local_cv,0,0.764375,5.656,320
stage3_444,stage3_seed_0,"{""clean__method"": ""lof_0.05"", ""model__C"": 8.0, ""model__gamma"": 0.01, ""pca__n_components"": 120, ""scale__method"": ""quantile_normal""}",lof_0.05,quantile_normal,120,8.0,0.01,"{""clean__method"": ""lof_0.05"", ""model__C"": 8.0, ""model__gamma"": 0.01, ""pca__n_components"": 120, ""scale__method"": ""quantile_normal""}",stage3_local_cv,0,0.80125,6.602,320
stage3_445,stage3_seed_0,"{""clean__method"": ""lof_0.05"", ""model__C"": 8.0, ""model__gamma"": 0.02, ""pca__n_components"": 120, ""scale__method"": ""quantile_normal""}",lof_0.05,quantile_normal,120,8.0,0.02,"{""clean__method"": ""lof_0.05"", ""model__C"": 8.0, ""model__gamma"": 0.02, ""pca__n_components"": 120, ""scale__method"": ""quantile_normal""}",stage3_local_cv,0,0.80125,5.575,320
stage3_446,stage3_seed_0,"{""clean__method"": ""lof_0.05"", ""model__C"": 8.0, ""model__gamma"": 0.03, ""pca__n_components"": 120, ""scale__method"": ""quantile_normal""}",lof_0.05,quantile_normal,120,8.0,0.03,"{""clean__method"": ""lof_0.05"", ""model__C"": 8.0, ""model__gamma"": 0.03, ""pca__n_components"": 120, ""scale__method"": ""quantile_normal""}",stage3_local_cv,0,0.783125,6.488,320
stage3_447,stage3_seed_0,"{""clean__method"": ""lof_0.05"", ""model__C"": 8.0, ""model__gamma"": 0.04, ""pca__n_components"": 120, ""scale__method"": ""quantile_normal""}",lof_0.05,quantile_normal,120,8.0,0.04,"{""clean__method"": ""lof_0.05"", ""model__C"": 8.0, ""model__gamma"": 0.04, ""pca__n_components"": 120, ""scale__method"": ""quantile_normal""}",stage3_local_cv,0,0.763125,5.591,320
stage3_448,stage3_seed_0,"{""clean__method"": ""lof_0.05"", ""model__C"": 3.0, ""model__gamma"": 0.01, ""pca__n_components"": 128, ""scale__method"": ""quantile_normal""}",lof_0.05,quantile_normal,128,3.0,0.01,"{""clean__method"": ""lof_0.05"", ""model__C"": 3.0, ""model__gamma"": 0.01, ""pca__n_components"": 128, ""scale__method"": ""quantile_normal""}",stage3_local_cv,0,0.811875,6.401,320
stage3_449,stage3_seed_0,"{""clean__method"": ""lof_0.05"", ""model__C"": 3.0, ""model__gamma"": 0.02, ""pca__n_components"": 128, ""scale__method"": ""quantile_normal""}",lof_0.05,quantile_normal,128,3.0,0.02,"{""clean__method"": ""lof_0.05"", ""model__C"": 3.0, ""model__gamma"": 0.02, ""pca__n_components"": 128, ""scale__method"": ""quantile_normal""}",stage3_local_cv,0,0.79625,5.431,320
stage3_450,stage3_seed_0,"{""clean__method"": ""lof_0.05"", ""model__C"": 3.0, ""model__gamma"": 0.03, ""pca__n_components"": 128, ""scale__method"": ""quantile_normal""}",lof_0.05,quantile_normal,128,3.0,0.03,"{""clean__method"": ""lof_0.05"", ""model__C"": 3.0, ""model__gamma"": 0.03, ""pca__n_components"": 128, ""scale__method"": ""quantile_normal""}",stage3_local_cv,0,0.77875,6.379,320
stage3_451,stage3_seed_0,"{""clean__method"": ""lof_0.05"", ""model__C"": 3.0, ""model__gamma"": 0.04, ""pca__n_components"": 128, ""scale__method"": ""quantile_normal""}",lof_0.05,quantile_normal,128,3.0,0.04,"{""clean__method"": ""lof_0.05"", ""model__C"": 3.0, ""model__gamma"": 0.04, ""pca__n_components"": 128, ""scale__method"": ""quantile_normal""}",stage3_local_cv,0,0.7625,5.292,320
stage3_452,stage3_seed_0,"{""clean__method"": ""lof_0.05"", ""model__C"": 4.0, ""model__gamma"": 0.01, ""pca__n_components"": 128, ""scale__method"": ""quantile_normal""}",lof_0.05,quantile_normal,128,4.0,0.01,"{""clean__method"": ""lof_0.05"", ""model__C"": 4.0, ""model__gamma"": 0.01, ""pca__n_components"": 128, ""scale__method"": ""quantile_normal""}",stage3_local_cv,0,0.808125,6.191,320
stage3_453,stage3_seed_0,"{""clean__method"": ""lof_0.05"", ""model__C"": 4.0, ""model__gamma"": 0.02, ""pca__n_components"": 128, ""scale__method"": ""quantile_normal""}",lof_0.05,quantile_normal,128,4.0,0.02,"{""clean__method"": ""lof_0.05"", ""model__C"": 4.0, ""model__gamma"": 0.02, ""pca__n_components"": 128, ""scale__method"": ""quantile_normal""}",stage3_local_cv,0,0.7975,5.706,320
stage3_454,stage3_seed_0,"{""clean__method"": ""lof_0.05"", ""model__C"": 4.0, ""model__gamma"": 0.03, ""pca__n_components"": 128, ""scale__method"": ""quantile_normal""}",lof_0.05,quantile_normal,128,4.0,0.03,"{""clean__method"": ""lof_0.05"", ""model__C"": 4.0, ""model__gamma"": 0.03, ""pca__n_components"": 128, ""scale__method"": ""quantile_normal""}",stage3_local_cv,0,0.778125,5.749,320
stage3_455,stage3_seed_0,"{""clean__method"": ""lof_0.05"", ""model__C"": 4.0, ""model__gamma"": 0.04, ""pca__n_components"": 128, ""scale__method"": ""quantile_normal""}",lof_0.05,quantile_normal,128,4.0,0.04,"{""clean__method"": ""lof_0.05"", ""model__C"": 4.0, ""model__gamma"": 0.04, ""pca__n_components"": 128, ""scale__method"": ""quantile_normal""}",stage3_local_cv,0,0.76375,6.013,320
stage3_456,stage3_seed_0,"{""clean__method"": ""lof_0.05"", ""model__C"": 6.0, ""model__gamma"": 0.01, ""pca__n_components"": 128, ""scale__method"": ""quantile_normal""}",lof_0.05,quantile_normal,128,6.0,0.01,"{""clean__method"": ""lof_0.05"", ""model__C"": 6.0, ""model__gamma"": 0.01, ""pca__n_components"": 128, ""scale__method"": ""quantile_normal""}",stage3_local_cv,0,0.80125,5.601,320
stage3_457,stage3_seed_0,"{""clean__method"": ""lof_0.05"", ""model__C"": 6.0, ""model__gamma"": 0.02, ""pca__n_components"": 128, ""scale__method"": ""quantile_normal""}",lof_0.05,quantile_normal,128,6.0,0.02,"{""clean__method"": ""lof_0.05"", ""model__C"": 6.0, ""model__gamma"": 0.02, ""pca__n_components"": 128, ""scale__method"": ""quantile_normal""}",stage3_local_cv,0,0.800625,6.368,320
stage3_458,stage3_seed_0,"{""clean__method"": ""lof_0.05"", ""model__C"": 6.0, ""model__gamma"": 0.03, ""pca__n_components"": 128, ""scale__method"": ""quantile_normal""}",lof_0.05,quantile_normal,128,6.0,0.03,"{""clean__method"": ""lof_0.05"", ""model__C"": 6.0, ""model__gamma"": 0.03, ""pca__n_components"": 128, ""scale__method"": ""quantile_normal""}",stage3_local_cv,0,0.779375,5.35,320
stage3_459,stage3_seed_0,"{""clean__method"": ""lof_0.05"", ""model__C"": 6.0, ""model__gamma"": 0.04, ""pca__n_components"": 128, ""scale__method"": ""quantile_normal""}",lof_0.05,quantile_normal,128,6.0,0.04,"{""clean__method"": ""lof_0.05"", ""model__C"": 6.0, ""model__gamma"": 0.04, ""pca__n_components"": 128, ""scale__method"": ""quantile_normal""}",stage3_local_cv,0,0.764375,6.496,320
stage3_460,stage3_seed_0,"{""clean__method"": ""lof_0.05"", ""model__C"": 8.0, ""model__gamma"": 0.01, ""pca__n_components"": 128, ""scale__method"": ""quantile_normal""}",lof_0.05,quantile_normal,128,8.0,0.01,"{""clean__method"": ""lof_0.05"", ""model__C"": 8.0, ""model__gamma"": 0.01, ""pca__n_components"": 128, ""scale__method"": ""quantile_normal""}",stage3_local_cv,0,0.798125,5.564,320
stage3_461,stage3_seed_0,"{""clean__method"": ""lof_0.05"", ""model__C"": 8.0, ""model__gamma"": 0.02, ""pca__n_components"": 128, ""scale__method"": ""quantile_normal""}",lof_0.05,quantile_normal,128,8.0,0.02,"{""clean__method"": ""lof_0.05"", ""model__C"": 8.0, ""model__gamma"": 0.02, ""pca__n_components"": 128, ""scale__method"": ""quantile_normal""}",stage3_local_cv,0,0.801875,6.203,320
stage3_462,stage3_seed_0,"{""clean__method"": ""lof_0.05"", ""model__C"": 8.0, ""model__gamma"": 0.03, ""pca__n_components"": 128, ""scale__method"": ""quantile_normal""}",lof_0.05,quantile_normal,128,8.0,0.03,"{""clean__method"": ""lof_0.05"", ""model__C"": 8.0, ""model__gamma"": 0.03, ""pca__n_components"": 128, ""scale__method"": ""quantile_normal""}",stage3_local_cv,0,0.780625,5.457,320
stage3_463,stage3_seed_0,"{""clean__method"": ""lof_0.05"", ""model__C"": 8.0, ""model__gamma"": 0.04, ""pca__n_components"": 128, ""scale__method"": ""quantile_normal""}",lof_0.05,quantile_normal,128,8.0,0.04,"{""clean__method"": ""lof_0.05"", ""model__C"": 8.0, ""model__gamma"": 0.04, ""pca__n_components"": 128, ""scale__method"": ""quantile_normal""}",stage3_local_cv,0,0.761875,6.12,320
stage3_464,stage3_seed_0,"{""clean__method"": ""lof_0.05"", ""model__C"": 3.0, ""model__gamma"": 0.01, ""pca__n_components"": 136, ""scale__method"": ""quantile_normal""}",lof_0.05,quantile_normal,136,3.0,0.01,"{""clean__method"": ""lof_0.05"", ""model__C"": 3.0, ""model__gamma"": 0.01, ""pca__n_components"": 136, ""scale__method"": ""quantile_normal""}",stage3_local_cv,0,0.805625,6.607,320
stage3_465,stage3_seed_0,"{""clean__method"": ""lof_0.05"", ""model__C"": 3.0, ""model__gamma"": 0.02, ""pca__n_components"": 136, ""scale__method"": ""quantile_normal""}",lof_0.05,quantile_normal,136,3.0,0.02,"{""clean__method"": ""lof_0.05"", ""model__C"": 3.0, ""model__gamma"": 0.02, ""pca__n_components"": 136, ""scale__method"": ""quantile_normal""}",stage3_local_cv,0,0.798125,7.294,320
stage3_466,stage3_seed_0,"{""clean__method"": ""lof_0.05"", ""model__C"": 3.0, ""model__gamma"": 0.03, ""pca__n_components"": 136, ""scale__method"": ""quantile_normal""}",lof_0.05,quantile_normal,136,3.0,0.03,"{""clean__method"": ""lof_0.05"", ""model__C"": 3.0, ""model__gamma"": 0.03, ""pca__n_components"": 136, ""scale__method"": ""quantile_normal""}",stage3_local_cv,0,0.7775,6.337,320
stage3_467,stage3_seed_0,"{""clean__method"": ""lof_0.05"", ""model__C"": 3.0, ""model__gamma"": 0.04, ""pca__n_components"": 136, ""scale__method"": ""quantile_normal""}",lof_0.05,quantile_normal,136,3.0,0.04,"{""clean__method"": ""lof_0.05"", ""model__C"": 3.0, ""model__gamma"": 0.04, ""pca__n_components"": 136, ""scale__method"": ""quantile_normal""}",stage3_local_cv,0,0.765,7.707,320
stage3_468,stage3_seed_0,"{""clean__method"": ""lof_0.05"", ""model__C"": 4.0, ""model__gamma"": 0.01, ""pca__n_components"": 136, ""scale__method"": ""quantile_normal""}",lof_0.05,quantile_normal,136,4.0,0.01,"{""clean__method"": ""lof_0.05"", ""model__C"": 4.0, ""model__gamma"": 0.01, ""pca__n_components"": 136, ""scale__method"": ""quantile_normal""}",stage3_local_cv,0,0.80375,7.694,320
stage3_469,stage3_seed_0,"{""clean__method"": ""lof_0.05"", ""model__C"": 4.0, ""model__gamma"": 0.02, ""pca__n_components"": 136, ""scale__method"": ""quantile_normal""}",lof_0.05,quantile_normal,136,4.0,0.02,"{""clean__method"": ""lof_0.05"", ""model__C"": 4.0, ""model__gamma"": 0.02, ""pca__n_components"": 136, ""scale__method"": ""quantile_normal""}",stage3_local_cv,0,0.799375,6.405,320
stage3_470,stage3_seed_0,"{""clean__method"": ""lof_0.05"", ""model__C"": 4.0, ""model__gamma"": 0.03, ""pca__n_components"": 136, ""scale__method"": ""quantile_normal""}",lof_0.05,quantile_normal,136,4.0,0.03,"{""clean__method"": ""lof_0.05"", ""model__C"": 4.0, ""model__gamma"": 0.03, ""pca__n_components"": 136, ""scale__method"": ""quantile_normal""}",stage3_local_cv,0,0.776875,7.41,320
stage3_471,stage3_seed_0,"{""clean__method"": ""lof_0.05"", ""model__C"": 4.0, ""model__gamma"": 0.04, ""pca__n_components"": 136, ""scale__method"": ""quantile_normal""}",lof_0.05,quantile_normal,136,4.0,0.04,"{""clean__method"": ""lof_0.05"", ""model__C"": 4.0, ""model__gamma"": 0.04, ""pca__n_components"": 136, ""scale__method"": ""quantile_normal""}",stage3_local_cv,0,0.766875,6.368,320
stage3_472,stage3_seed_0,"{""clean__method"": ""lof_0.05"", ""model__C"": 6.0, ""model__gamma"": 0.01, ""pca__n_components"": 136, ""scale__method"": ""quantile_normal""}",lof_0.05,quantile_normal,136,6.0,0.01,"{""clean__method"": ""lof_0.05"", ""model__C"": 6.0, ""model__gamma"": 0.01, ""pca__n_components"": 136, ""scale__method"": ""quantile_normal""}",stage3_local_cv,0,0.798125,7.248,320
stage3_473,stage3_seed_0,"{""clean__method"": ""lof_0.05"", ""model__C"": 6.0, ""model__gamma"": 0.02, ""pca__n_components"": 136, ""scale__method"": ""quantile_normal""}",lof_0.05,quantile_normal,136,6.0,0.02,"{""clean__method"": ""lof_0.05"", ""model__C"": 6.0, ""model__gamma"": 0.02, ""pca__n_components"": 136, ""scale__method"": ""quantile_normal""}",stage3_local_cv,0,0.798125,6.499,320
stage3_474,stage3_seed_0,"{""clean__method"": ""lof_0.05"", ""model__C"": 6.0, ""model__gamma"": 0.03, ""pca__n_components"": 136, ""scale__method"": ""quantile_normal""}",lof_0.05,quantile_normal,136,6.0,0.03,"{""clean__method"": ""lof_0.05"", ""model__C"": 6.0, ""model__gamma"": 0.03, ""pca__n_components"": 136, ""scale__method"": ""quantile_normal""}",stage3_local_cv,0,0.775625,7.298,320
stage3_475,stage3_seed_0,"{""clean__method"": ""lof_0.05"", ""model__C"": 6.0, ""model__gamma"": 0.04, ""pca__n_components"": 136, ""scale__method"": ""quantile_normal""}",lof_0.05,quantile_normal,136,6.0,0.04,"{""clean__method"": ""lof_0.05"", ""model__C"": 6.0, ""model__gamma"": 0.04, ""pca__n_components"": 136, ""scale__method"": ""quantile_normal""}",stage3_local_cv,0,0.765625,6.903,320
stage3_476,stage3_seed_0,"{""clean__method"": ""lof_0.05"", ""model__C"": 8.0, ""model__gamma"": 0.01, ""pca__n_components"": 136, ""scale__method"": ""quantile_normal""}",lof_0.05,quantile_normal,136,8.0,0.01,"{""clean__method"": ""lof_0.05"", ""model__C"": 8.0, ""model__gamma"": 0.01, ""pca__n_components"": 136, ""scale__method"": ""quantile_normal""}",stage3_local_cv,0,0.795,7.008,320
stage3_477,stage3_seed_0,"{""clean__method"": ""lof_0.05"", ""model__C"": 8.0, ""model__gamma"": 0.02, ""pca__n_components"": 136, ""scale__method"": ""quantile_normal""}",lof_0.05,quantile_normal,136,8.0,0.02,"{""clean__method"": ""lof_0.05"", ""model__C"": 8.0, ""model__gamma"": 0.02, ""pca__n_components"": 136, ""scale__method"": ""quantile_normal""}",stage3_local_cv,0,0.799375,7.54,320
stage3_478,stage3_seed_0,"{""clean__method"": ""lof_0.05"", ""model__C"": 8.0, ""model__gamma"": 0.03, ""pca__n_components"": 136, ""scale__method"": ""quantile_normal""}",lof_0.05,quantile_normal,136,8.0,0.03,"{""clean__method"": ""lof_0.05"", ""model__C"": 8.0, ""model__gamma"": 0.03, ""pca__n_components"": 136, ""scale__method"": ""quantile_normal""}",stage3_local_cv,0,0.7775,6.319,320
stage3_479,stage3_seed_0,"{""clean__method"": ""lof_0.05"", ""model__C"": 8.0, ""model__gamma"": 0.04, ""pca__n_components"": 136, ""scale__method"": ""quantile_normal""}",lof_0.05,quantile_normal,136,8.0,0.04,"{""clean__method"": ""lof_0.05"", ""model__C"": 8.0, ""model__gamma"": 0.04, ""pca__n_components"": 136, ""scale__method"": ""quantile_normal""}",stage3_local_cv,0,0.763125,7.164,320
stage3_480,stage3_seed_0,"{""clean__method"": ""lof_0.05"", ""model__C"": 3.0, ""model__gamma"": 0.01, ""pca__n_components"": 104, ""scale__method"": ""robust""}",lof_0.05,robust,104,3.0,0.01,"{""clean__method"": ""lof_0.05"", ""model__C"": 3.0, ""model__gamma"": 0.01, ""pca__n_components"": 104, ""scale__method"": ""robust""}",stage3_local_cv,0,0.79,4.606,320
stage3_481,stage3_seed_0,"{""clean__method"": ""lof_0.05"", ""model__C"": 3.0, ""model__gamma"": 0.02, ""pca__n_components"": 104, ""scale__method"": ""robust""}",lof_0.05,robust,104,3.0,0.02,"{""clean__method"": ""lof_0.05"", ""model__C"": 3.0, ""model__gamma"": 0.02, ""pca__n_components"": 104, ""scale__method"": ""robust""}",stage3_local_cv,0,0.808125,5.786,320
stage3_482,stage3_seed_0,"{""clean__method"": ""lof_0.05"", ""model__C"": 3.0, ""model__gamma"": 0.03, ""pca__n_components"": 104, ""scale__method"": ""robust""}",lof_0.05,robust,104,3.0,0.03,"{""clean__method"": ""lof_0.05"", ""model__C"": 3.0, ""model__gamma"": 0.03, ""pca__n_components"": 104, ""scale__method"": ""robust""}",stage3_local_cv,0,0.805,4.583,320
stage3_483,stage3_seed_0,"{""clean__method"": ""lof_0.05"", ""model__C"": 3.0, ""model__gamma"": 0.04, ""pca__n_components"": 104, ""scale__method"": ""robust""}",lof_0.05,robust,104,3.0,0.04,"{""clean__method"": ""lof_0.05"", ""model__C"": 3.0, ""model__gamma"": 0.04, ""pca__n_components"": 104, ""scale__method"": ""robust""}",stage3_local_cv,0,0.795,4.517,320
stage3_484,stage3_seed_0,"{""clean__method"": ""lof_0.05"", ""model__C"": 4.0, ""model__gamma"": 0.01, ""pca__n_components"": 104, ""scale__method"": ""robust""}",lof_0.05,robust,104,4.0,0.01,"{""clean__method"": ""lof_0.05"", ""model__C"": 4.0, ""model__gamma"": 0.01, ""pca__n_components"": 104, ""scale__method"": ""robust""}",stage3_local_cv,0,0.80375,5.858,320
stage3_485,stage3_seed_0,"{""clean__method"": ""lof_0.05"", ""model__C"": 4.0, ""model__gamma"": 0.02, ""pca__n_components"": 104, ""scale__method"": ""robust""}",lof_0.05,robust,104,4.0,0.02,"{""clean__method"": ""lof_0.05"", ""model__C"": 4.0, ""model__gamma"": 0.02, ""pca__n_components"": 104, ""scale__method"": ""robust""}",stage3_local_cv,0,0.804375,4.735,320
stage3_486,stage3_seed_0,"{""clean__method"": ""lof_0.05"", ""model__C"": 4.0, ""model__gamma"": 0.03, ""pca__n_components"": 104, ""scale__method"": ""robust""}",lof_0.05,robust,104,4.0,0.03,"{""clean__method"": ""lof_0.05"", ""model__C"": 4.0, ""model__gamma"": 0.03, ""pca__n_components"": 104, ""scale__method"": ""robust""}",stage3_local_cv,0,0.804375,5.487,320
stage3_487,stage3_seed_0,"{""clean__method"": ""lof_0.05"", ""model__C"": 4.0, ""model__gamma"": 0.04, ""pca__n_components"": 104, ""scale__method"": ""robust""}",lof_0.05,robust,104,4.0,0.04,"{""clean__method"": ""lof_0.05"", ""model__C"": 4.0, ""model__gamma"": 0.04, ""pca__n_components"": 104, ""scale__method"": ""robust""}",stage3_local_cv,0,0.7925,4.58,320
stage3_488,stage3_seed_0,"{""clean__method"": ""lof_0.05"", ""model__C"": 6.0, ""model__gamma"": 0.01, ""pca__n_components"": 104, ""scale__method"": ""robust""}",lof_0.05,robust,104,6.0,0.01,"{""clean__method"": ""lof_0.05"", ""model__C"": 6.0, ""model__gamma"": 0.01, ""pca__n_components"": 104, ""scale__method"": ""robust""}",stage3_local_cv,0,0.811875,5.744,320
stage3_489,stage3_seed_0,"{""clean__method"": ""lof_0.05"", ""model__C"": 6.0, ""model__gamma"": 0.02, ""pca__n_components"": 104, ""scale__method"": ""robust""}",lof_0.05,robust,104,6.0,0.02,"{""clean__method"": ""lof_0.05"", ""model__C"": 6.0, ""model__gamma"": 0.02, ""pca__n_components"": 104, ""scale__method"": ""robust""}",stage3_local_cv,0,0.805,5.137,320
stage3_490,stage3_seed_0,"{""clean__method"": ""lof_0.05"", ""model__C"": 6.0, ""model__gamma"": 0.03, ""pca__n_components"": 104, ""scale__method"": ""robust""}",lof_0.05,robust,104,6.0,0.03,"{""clean__method"": ""lof_0.05"", ""model__C"": 6.0, ""model__gamma"": 0.03, ""pca__n_components"": 104, ""scale__method"": ""robust""}",stage3_local_cv,0,0.801875,4.65,320
stage3_491,stage3_seed_0,"{""clean__method"": ""lof_0.05"", ""model__C"": 6.0, ""model__gamma"": 0.04, ""pca__n_components"": 104, ""scale__method"": ""robust""}",lof_0.05,robust,104,6.0,0.04,"{""clean__method"": ""lof_0.05"", ""model__C"": 6.0, ""model__gamma"": 0.04, ""pca__n_components"": 104, ""scale__method"": ""robust""}",stage3_local_cv,0,0.791875,5.364,320
stage3_492,stage3_seed_0,"{""clean__method"": ""lof_0.05"", ""model__C"": 8.0, ""model__gamma"": 0.01, ""pca__n_components"": 104, ""scale__method"": ""robust""}",lof_0.05,robust,104,8.0,0.01,"{""clean__method"": ""lof_0.05"", ""model__C"": 8.0, ""model__gamma"": 0.01, ""pca__n_components"": 104, ""scale__method"": ""robust""}",stage3_local_cv,0,0.808125,5.65,320
stage3_493,stage3_seed_0,"{""clean__method"": ""lof_0.05"", ""model__C"": 8.0, ""model__gamma"": 0.02, ""pca__n_components"": 104, ""scale__method"": ""robust""}",lof_0.05,robust,104,8.0,0.02,"{""clean__method"": ""lof_0.05"", ""model__C"": 8.0, ""model__gamma"": 0.02, ""pca__n_components"": 104, ""scale__method"": ""robust""}",stage3_local_cv,0,0.80125,5.762,320
stage3_494,stage3_seed_0,"{""clean__method"": ""lof_0.05"", ""model__C"": 8.0, ""model__gamma"": 0.03, ""pca__n_components"": 104, ""scale__method"": ""robust""}",lof_0.05,robust,104,8.0,0.03,"{""clean__method"": ""lof_0.05"", ""model__C"": 8.0, ""model__gamma"": 0.03, ""pca__n_components"": 104, ""scale__method"": ""robust""}",stage3_local_cv,0,0.801875,4.542,320
stage3_495,stage3_seed_0,"{""clean__method"": ""lof_0.05"", ""model__C"": 8.0, ""model__gamma"": 0.04, ""pca__n_components"": 104, ""scale__method"": ""robust""}",lof_0.05,robust,104,8.0,0.04,"{""clean__method"": ""lof_0.05"", ""model__C"": 8.0, ""model__gamma"": 0.04, ""pca__n_components"": 104, ""scale__method"": ""robust""}",stage3_local_cv,0,0.79125,4.555,320
stage3_496,stage3_seed_0,"{""clean__method"": ""lof_0.05"", ""model__C"": 3.0, ""model__gamma"": 0.01, ""pca__n_components"": 112, ""scale__method"": ""robust""}",lof_0.05,robust,112,3.0,0.01,"{""clean__method"": ""lof_0.05"", ""model__C"": 3.0, ""model__gamma"": 0.01, ""pca__n_components"": 112, ""scale__method"": ""robust""}",stage3_local_cv,0,0.793125,5.419,320
stage3_497,stage3_seed_0,"{""clean__method"": ""lof_0.05"", ""model__C"": 3.0, ""model__gamma"": 0.02, ""pca__n_components"": 112, ""scale__method"": ""robust""}",lof_0.05,robust,112,3.0,0.02,"{""clean__method"": ""lof_0.05"", ""model__C"": 3.0, ""model__gamma"": 0.02, ""pca__n_components"": 112, ""scale__method"": ""robust""}",stage3_local_cv,0,0.808125,4.577,320
stage3_498,stage3_seed_0,"{""clean__method"": ""lof_0.05"", ""model__C"": 3.0, ""model__gamma"": 0.03, ""pca__n_components"": 112, ""scale__method"": ""robust""}",lof_0.05,robust,112,3.0,0.03,"{""clean__method"": ""lof_0.05"", ""model__C"": 3.0, ""model__gamma"": 0.03, ""pca__n_components"": 112, ""scale__method"": ""robust""}",stage3_local_cv,0,0.8,5.353,320
stage3_499,stage3_seed_0,"{""clean__method"": ""lof_0.05"", ""model__C"": 3.0, ""model__gamma"": 0.04, ""pca__n_components"": 112, ""scale__method"": ""robust""}",lof_0.05,robust,112,3.0,0.04,"{""clean__method"": ""lof_0.05"", ""model__C"": 3.0, ""model__gamma"": 0.04, ""pca__n_components"": 112, ""scale__method"": ""robust""}",stage3_local_cv,0,0.7975,4.452,320
stage3_500,stage3_seed_0,"{""clean__method"": ""lof_0.05"", ""model__C"": 4.0, ""model__gamma"": 0.01, ""pca__n_components"": 112, ""scale__method"": ""robust""}",lof_0.05,robust,112,4.0,0.01,"{""clean__method"": ""lof_0.05"", ""model__C"": 4.0, ""model__gamma"": 0.01, ""pca__n_components"": 112, ""scale__method"": ""robust""}",stage3_local_cv,0,0.808125,4.927,320
stage3_501,stage3_seed_0,"{""clean__method"": ""lof_0.05"", ""model__C"": 4.0, ""model__gamma"": 0.02, ""pca__n_components"": 112, ""scale__method"": ""robust""}",lof_0.05,robust,112,4.0,0.02,"{""clean__method"": ""lof_0.05"", ""model__C"": 4.0, ""model__gamma"": 0.02, ""pca__n_components"": 112, ""scale__method"": ""robust""}",stage3_local_cv,0,0.805,5.454,320
stage3_502,stage3_seed_0,"{""clean__method"": ""lof_0.05"", ""model__C"": 4.0, ""model__gamma"": 0.03, ""pca__n_components"": 112, ""scale__method"": ""robust""}",lof_0.05,robust,112,4.0,0.03,"{""clean__method"": ""lof_0.05"", ""model__C"": 4.0, ""model__gamma"": 0.03, ""pca__n_components"": 112, ""scale__method"": ""robust""}",stage3_local_cv,0,0.8025,4.48,320
stage3_503,stage3_seed_0,"{""clean__method"": ""lof_0.05"", ""model__C"": 4.0, ""model__gamma"": 0.04, ""pca__n_components"": 112, ""scale__method"": ""robust""}",lof_0.05,robust,112,4.0,0.04,"{""clean__method"": ""lof_0.05"", ""model__C"": 4.0, ""model__gamma"": 0.04, ""pca__n_components"": 112, ""scale__method"": ""robust""}",stage3_local_cv,0,0.796875,5.43,320
stage3_504,stage3_seed_0,"{""clean__method"": ""lof_0.05"", ""model__C"": 6.0, ""model__gamma"": 0.01, ""pca__n_components"": 112, ""scale__method"": ""robust""}",lof_0.05,robust,112,6.0,0.01,"{""clean__method"": ""lof_0.05"", ""model__C"": 6.0, ""model__gamma"": 0.01, ""pca__n_components"": 112, ""scale__method"": ""robust""}",stage3_local_cv,0,0.81,5.049,320
stage3_505,stage3_seed_0,"{""clean__method"": ""lof_0.05"", ""model__C"": 6.0, ""model__gamma"": 0.02, ""pca__n_components"": 112, ""scale__method"": ""robust""}",lof_0.05,robust,112,6.0,0.02,"{""clean__method"": ""lof_0.05"", ""model__C"": 6.0, ""model__gamma"": 0.02, ""pca__n_components"": 112, ""scale__method"": ""robust""}",stage3_local_cv,0,0.8025,4.838,320
stage3_506,stage3_seed_0,"{""clean__method"": ""lof_0.05"", ""model__C"": 6.0, ""model__gamma"": 0.03, ""pca__n_components"": 112, ""scale__method"": ""robust""}",lof_0.05,robust,112,6.0,0.03,"{""clean__method"": ""lof_0.05"", ""model__C"": 6.0, ""model__gamma"": 0.03, ""pca__n_components"": 112, ""scale__method"": ""robust""}",stage3_local_cv,0,0.801875,5.053,320
stage3_507,stage3_seed_0,"{""clean__method"": ""lof_0.05"", ""model__C"": 6.0, ""model__gamma"": 0.04, ""pca__n_components"": 112, ""scale__method"": ""robust""}",lof_0.05,robust,112,6.0,0.04,"{""clean__method"": ""lof_0.05"", ""model__C"": 6.0, ""model__gamma"": 0.04, ""pca__n_components"": 112, ""scale__method"": ""robust""}",stage3_local_cv,0,0.795625,4.424,320
stage3_508,stage3_seed_0,"{""clean__method"": ""lof_0.05"", ""model__C"": 8.0, ""model__gamma"": 0.01, ""pca__n_components"": 112, ""scale__method"": ""robust""}",lof_0.05,robust,112,8.0,0.01,"{""clean__method"": ""lof_0.05"", ""model__C"": 8.0, ""model__gamma"": 0.01, ""pca__n_components"": 112, ""scale__method"": ""robust""}",stage3_local_cv,0,0.8075,6.434,320
stage3_509,stage3_seed_0,"{""clean__method"": ""lof_0.05"", ""model__C"": 8.0, ""model__gamma"": 0.02, ""pca__n_components"": 112, ""scale__method"": ""robust""}",lof_0.05,robust,112,8.0,0.02,"{""clean__method"": ""lof_0.05"", ""model__C"": 8.0, ""model__gamma"": 0.02, ""pca__n_components"": 112, ""scale__method"": ""robust""}",stage3_local_cv,0,0.80125,4.561,320
stage3_510,stage3_seed_0,"{""clean__method"": ""lof_0.05"", ""model__C"": 8.0, ""model__gamma"": 0.03, ""pca__n_components"": 112, ""scale__method"": ""robust""}",lof_0.05,robust,112,8.0,0.03,"{""clean__method"": ""lof_0.05"", ""model__C"": 8.0, ""model__gamma"": 0.03, ""pca__n_components"": 112, ""scale__method"": ""robust""}",stage3_local_cv,0,0.80375,5.265,320
stage3_511,stage3_seed_0,"{""clean__method"": ""lof_0.05"", ""model__C"": 8.0, ""model__gamma"": 0.04, ""pca__n_components"": 112, ""scale__method"": ""robust""}",lof_0.05,robust,112,8.0,0.04,"{""clean__method"": ""lof_0.05"", ""model__C"": 8.0, ""model__gamma"": 0.04, ""pca__n_components"": 112, ""scale__method"": ""robust""}",stage3_local_cv,0,0.795,4.931,320
stage3_512,stage3_seed_0,"{""clean__method"": ""lof_0.05"", ""model__C"": 3.0, ""model__gamma"": 0.01, ""pca__n_components"": 120, ""scale__method"": ""robust""}",lof_0.05,robust,120,3.0,0.01,"{""clean__method"": ""lof_0.05"", ""model__C"": 3.0, ""model__gamma"": 0.01, ""pca__n_components"": 120, ""scale__method"": ""robust""}",stage3_local_cv,0,0.7925,4.705,320
stage3_513,stage3_seed_0,"{""clean__method"": ""lof_0.05"", ""model__C"": 3.0, ""model__gamma"": 0.02, ""pca__n_components"": 120, ""scale__method"": ""robust""}",lof_0.05,robust,120,3.0,0.02,"{""clean__method"": ""lof_0.05"", ""model__C"": 3.0, ""model__gamma"": 0.02, ""pca__n_components"": 120, ""scale__method"": ""robust""}",stage3_local_cv,0,0.806875,5.762,320
stage3_514,stage3_seed_0,"{""clean__method"": ""lof_0.05"", ""model__C"": 3.0, ""model__gamma"": 0.03, ""pca__n_components"": 120, ""scale__method"": ""robust""}",lof_0.05,robust,120,3.0,0.03,"{""clean__method"": ""lof_0.05"", ""model__C"": 3.0, ""model__gamma"": 0.03, ""pca__n_components"": 120, ""scale__method"": ""robust""}",stage3_local_cv,0,0.80125,4.864,320
stage3_515,stage3_seed_0,"{""clean__method"": ""lof_0.05"", ""model__C"": 3.0, ""model__gamma"": 0.04, ""pca__n_components"": 120, ""scale__method"": ""robust""}",lof_0.05,robust,120,3.0,0.04,"{""clean__method"": ""lof_0.05"", ""model__C"": 3.0, ""model__gamma"": 0.04, ""pca__n_components"": 120, ""scale__method"": ""robust""}",stage3_local_cv,0,0.794375,5.862,320
stage3_516,stage3_seed_0,"{""clean__method"": ""lof_0.05"", ""model__C"": 4.0, ""model__gamma"": 0.01, ""pca__n_components"": 120, ""scale__method"": ""robust""}",lof_0.05,robust,120,4.0,0.01,"{""clean__method"": ""lof_0.05"", ""model__C"": 4.0, ""model__gamma"": 0.01, ""pca__n_components"": 120, ""scale__method"": ""robust""}",stage3_local_cv,0,0.805,5.187,320
stage3_517,stage3_seed_0,"{""clean__method"": ""lof_0.05"", ""model__C"": 4.0, ""model__gamma"": 0.02, ""pca__n_components"": 120, ""scale__method"": ""robust""}",lof_0.05,robust,120,4.0,0.02,"{""clean__method"": ""lof_0.05"", ""model__C"": 4.0, ""model__gamma"": 0.02, ""pca__n_components"": 120, ""scale__method"": ""robust""}",stage3_local_cv,0,0.805625,5.708,320
stage3_518,stage3_seed_0,"{""clean__method"": ""lof_0.05"", ""model__C"": 4.0, ""model__gamma"": 0.03, ""pca__n_components"": 120, ""scale__method"": ""robust""}",lof_0.05,robust,120,4.0,0.03,"{""clean__method"": ""lof_0.05"", ""model__C"": 4.0, ""model__gamma"": 0.03, ""pca__n_components"": 120, ""scale__method"": ""robust""}",stage3_local_cv,0,0.8025,5.188,320
stage3_519,stage3_seed_0,"{""clean__method"": ""lof_0.05"", ""model__C"": 4.0, ""model__gamma"": 0.04, ""pca__n_components"": 120, ""scale__method"": ""robust""}",lof_0.05,robust,120,4.0,0.04,"{""clean__method"": ""lof_0.05"", ""model__C"": 4.0, ""model__gamma"": 0.04, ""pca__n_components"": 120, ""scale__method"": ""robust""}",stage3_local_cv,0,0.795625,4.84,320
stage3_520,stage3_seed_0,"{""clean__method"": ""lof_0.05"", ""model__C"": 6.0, ""model__gamma"": 0.01, ""pca__n_components"": 120, ""scale__method"": ""robust""}",lof_0.05,robust,120,6.0,0.01,"{""clean__method"": ""lof_0.05"", ""model__C"": 6.0, ""model__gamma"": 0.01, ""pca__n_components"": 120, ""scale__method"": ""robust""}",stage3_local_cv,0,0.811875,6.192,320
stage3_521,stage3_seed_0,"{""clean__method"": ""lof_0.05"", ""model__C"": 6.0, ""model__gamma"": 0.02, ""pca__n_components"": 120, ""scale__method"": ""robust""}",lof_0.05,robust,120,6.0,0.02,"{""clean__method"": ""lof_0.05"", ""model__C"": 6.0, ""model__gamma"": 0.02, ""pca__n_components"": 120, ""scale__method"": ""robust""}",stage3_local_cv,0,0.80125,4.892,320
stage3_522,stage3_seed_0,"{""clean__method"": ""lof_0.05"", ""model__C"": 6.0, ""model__gamma"": 0.03, ""pca__n_components"": 120, ""scale__method"": ""robust""}",lof_0.05,robust,120,6.0,0.03,"{""clean__method"": ""lof_0.05"", ""model__C"": 6.0, ""model__gamma"": 0.03, ""pca__n_components"": 120, ""scale__method"": ""robust""}",stage3_local_cv,0,0.80125,5.684,320
stage3_523,stage3_seed_0,"{""clean__method"": ""lof_0.05"", ""model__C"": 6.0, ""model__gamma"": 0.04, ""pca__n_components"": 120, ""scale__method"": ""robust""}",lof_0.05,robust,120,6.0,0.04,"{""clean__method"": ""lof_0.05"", ""model__C"": 6.0, ""model__gamma"": 0.04, ""pca__n_components"": 120, ""scale__method"": ""robust""}",stage3_local_cv,0,0.796875,4.858,320
stage3_524,stage3_seed_0,"{""clean__method"": ""lof_0.05"", ""model__C"": 8.0, ""model__gamma"": 0.01, ""pca__n_components"": 120, ""scale__method"": ""robust""}",lof_0.05,robust,120,8.0,0.01,"{""clean__method"": ""lof_0.05"", ""model__C"": 8.0, ""model__gamma"": 0.01, ""pca__n_components"": 120, ""scale__method"": ""robust""}",stage3_local_cv,0,0.8075,6.384,320
stage3_525,stage3_seed_0,"{""clean__method"": ""lof_0.05"", ""model__C"": 8.0, ""model__gamma"": 0.02, ""pca__n_components"": 120, ""scale__method"": ""robust""}",lof_0.05,robust,120,8.0,0.02,"{""clean__method"": ""lof_0.05"", ""model__C"": 8.0, ""model__gamma"": 0.02, ""pca__n_components"": 120, ""scale__method"": ""robust""}",stage3_local_cv,0,0.80125,4.986,320
stage3_526,stage3_seed_0,"{""clean__method"": ""lof_0.05"", ""model__C"": 8.0, ""model__gamma"": 0.03, ""pca__n_components"": 120, ""scale__method"": ""robust""}",lof_0.05,robust,120,8.0,0.03,"{""clean__method"": ""lof_0.05"", ""model__C"": 8.0, ""model__gamma"": 0.03, ""pca__n_components"": 120, ""scale__method"": ""robust""}",stage3_local_cv,0,0.799375,5.362,320
stage3_527,stage3_seed_0,"{""clean__method"": ""lof_0.05"", ""model__C"": 8.0, ""model__gamma"": 0.04, ""pca__n_components"": 120, ""scale__method"": ""robust""}",lof_0.05,robust,120,8.0,0.04,"{""clean__method"": ""lof_0.05"", ""model__C"": 8.0, ""model__gamma"": 0.04, ""pca__n_components"": 120, ""scale__method"": ""robust""}",stage3_local_cv,0,0.795625,5.365,320
stage3_528,stage3_seed_0,"{""clean__method"": ""lof_0.05"", ""model__C"": 3.0, ""model__gamma"": 0.01, ""pca__n_components"": 128, ""scale__method"": ""robust""}",lof_0.05,robust,128,3.0,0.01,"{""clean__method"": ""lof_0.05"", ""model__C"": 3.0, ""model__gamma"": 0.01, ""pca__n_components"": 128, ""scale__method"": ""robust""}",stage3_local_cv,0,0.795,4.696,320
stage3_529,stage3_seed_0,"{""clean__method"": ""lof_0.05"", ""model__C"": 3.0, ""model__gamma"": 0.02, ""pca__n_components"": 128, ""scale__method"": ""robust""}",lof_0.05,robust,128,3.0,0.02,"{""clean__method"": ""lof_0.05"", ""model__C"": 3.0, ""model__gamma"": 0.02, ""pca__n_components"": 128, ""scale__method"": ""robust""}",stage3_local_cv,0,0.80625,5.571,320
stage3_530,stage3_seed_0,"{""clean__method"": ""lof_0.05"", ""model__C"": 3.0, ""model__gamma"": 0.03, ""pca__n_components"": 128, ""scale__method"": ""robust""}",lof_0.05,robust,128,3.0,0.03,"{""clean__method"": ""lof_0.05"", ""model__C"": 3.0, ""model__gamma"": 0.03, ""pca__n_components"": 128, ""scale__method"": ""robust""}",stage3_local_cv,0,0.800625,4.702,320
stage3_531,stage3_seed_0,"{""clean__method"": ""lof_0.05"", ""model__C"": 3.0, ""model__gamma"": 0.04, ""pca__n_components"": 128, ""scale__method"": ""robust""}",lof_0.05,robust,128,3.0,0.04,"{""clean__method"": ""lof_0.05"", ""model__C"": 3.0, ""model__gamma"": 0.04, ""pca__n_components"": 128, ""scale__method"": ""robust""}",stage3_local_cv,0,0.794375,5.504,320
stage3_532,stage3_seed_0,"{""clean__method"": ""lof_0.05"", ""model__C"": 4.0, ""model__gamma"": 0.01, ""pca__n_components"": 128, ""scale__method"": ""robust""}",lof_0.05,robust,128,4.0,0.01,"{""clean__method"": ""lof_0.05"", ""model__C"": 4.0, ""model__gamma"": 0.01, ""pca__n_components"": 128, ""scale__method"": ""robust""}",stage3_local_cv,0,0.803125,5.214,320
stage3_533,stage3_seed_0,"{""clean__method"": ""lof_0.05"", ""model__C"": 4.0, ""model__gamma"": 0.02, ""pca__n_components"": 128, ""scale__method"": ""robust""}",lof_0.05,robust,128,4.0,0.02,"{""clean__method"": ""lof_0.05"", ""model__C"": 4.0, ""model__gamma"": 0.02, ""pca__n_components"": 128, ""scale__method"": ""robust""}",stage3_local_cv,0,0.801875,4.769,320
stage3_534,stage3_seed_0,"{""clean__method"": ""lof_0.05"", ""model__C"": 4.0, ""model__gamma"": 0.03, ""pca__n_components"": 128, ""scale__method"": ""robust""}",lof_0.05,robust,128,4.0,0.03,"{""clean__method"": ""lof_0.05"", ""model__C"": 4.0, ""model__gamma"": 0.03, ""pca__n_components"": 128, ""scale__method"": ""robust""}",stage3_local_cv,0,0.799375,5.869,320
stage3_535,stage3_seed_0,"{""clean__method"": ""lof_0.05"", ""model__C"": 4.0, ""model__gamma"": 0.04, ""pca__n_components"": 128, ""scale__method"": ""robust""}",lof_0.05,robust,128,4.0,0.04,"{""clean__method"": ""lof_0.05"", ""model__C"": 4.0, ""model__gamma"": 0.04, ""pca__n_components"": 128, ""scale__method"": ""robust""}",stage3_local_cv,0,0.795,4.695,320
stage3_536,stage3_seed_0,"{""clean__method"": ""lof_0.05"", ""model__C"": 6.0, ""model__gamma"": 0.01, ""pca__n_components"": 128, ""scale__method"": ""robust""}",lof_0.05,robust,128,6.0,0.01,"{""clean__method"": ""lof_0.05"", ""model__C"": 6.0, ""model__gamma"": 0.01, ""pca__n_components"": 128, ""scale__method"": ""robust""}",stage3_local_cv,0,0.81,6.109,320
stage3_537,stage3_seed_0,"{""clean__method"": ""lof_0.05"", ""model__C"": 6.0, ""model__gamma"": 0.02, ""pca__n_components"": 128, ""scale__method"": ""robust""}",lof_0.05,robust,128,6.0,0.02,"{""clean__method"": ""lof_0.05"", ""model__C"": 6.0, ""model__gamma"": 0.02, ""pca__n_components"": 128, ""scale__method"": ""robust""}",stage3_local_cv,0,0.796875,4.789,320
stage3_538,stage3_seed_0,"{""clean__method"": ""lof_0.05"", ""model__C"": 6.0, ""model__gamma"": 0.03, ""pca__n_components"": 128, ""scale__method"": ""robust""}",lof_0.05,robust,128,6.0,0.03,"{""clean__method"": ""lof_0.05"", ""model__C"": 6.0, ""model__gamma"": 0.03, ""pca__n_components"": 128, ""scale__method"": ""robust""}",stage3_local_cv,0,0.799375,5.65,320
stage3_539,stage3_seed_0,"{""clean__method"": ""lof_0.05"", ""model__C"": 6.0, ""model__gamma"": 0.04, ""pca__n_components"": 128, ""scale__method"": ""robust""}",lof_0.05,robust,128,6.0,0.04,"{""clean__method"": ""lof_0.05"", ""model__C"": 6.0, ""model__gamma"": 0.04, ""pca__n_components"": 128, ""scale__method"": ""robust""}",stage3_local_cv,0,0.796875,4.764,320
stage3_540,stage3_seed_0,"{""clean__method"": ""lof_0.05"", ""model__C"": 8.0, ""model__gamma"": 0.01, ""pca__n_components"": 128, ""scale__method"": ""robust""}",lof_0.05,robust,128,8.0,0.01,"{""clean__method"": ""lof_0.05"", ""model__C"": 8.0, ""model__gamma"": 0.01, ""pca__n_components"": 128, ""scale__method"": ""robust""}",stage3_local_cv,0,0.80375,5.903,320
stage3_541,stage3_seed_0,"{""clean__method"": ""lof_0.05"", ""model__C"": 8.0, ""model__gamma"": 0.02, ""pca__n_components"": 128, ""scale__method"": ""robust""}",lof_0.05,robust,128,8.0,0.02,"{""clean__method"": ""lof_0.05"", ""model__C"": 8.0, ""model__gamma"": 0.02, ""pca__n_components"": 128, ""scale__method"": ""robust""}",stage3_local_cv,0,0.798125,5.605,320
stage3_542,stage3_seed_0,"{""clean__method"": ""lof_0.05"", ""model__C"": 8.0, ""model__gamma"": 0.03, ""pca__n_components"": 128, ""scale__method"": ""robust""}",lof_0.05,robust,128,8.0,0.03,"{""clean__method"": ""lof_0.05"", ""model__C"": 8.0, ""model__gamma"": 0.03, ""pca__n_components"": 128, ""scale__method"": ""robust""}",stage3_local_cv,0,0.799375,4.727,320
stage3_543,stage3_seed_0,"{""clean__method"": ""lof_0.05"", ""model__C"": 8.0, ""model__gamma"": 0.04, ""pca__n_components"": 128, ""scale__method"": ""robust""}",lof_0.05,robust,128,8.0,0.04,"{""clean__method"": ""lof_0.05"", ""model__C"": 8.0, ""model__gamma"": 0.04, ""pca__n_components"": 128, ""scale__method"": ""robust""}",stage3_local_cv,0,0.79375,5.459,320
stage3_544,stage3_seed_0,"{""clean__method"": ""lof_0.05"", ""model__C"": 3.0, ""model__gamma"": 0.01, ""pca__n_components"": 136, ""scale__method"": ""robust""}",lof_0.05,robust,136,3.0,0.01,"{""clean__method"": ""lof_0.05"", ""model__C"": 3.0, ""model__gamma"": 0.01, ""pca__n_components"": 136, ""scale__method"": ""robust""}",stage3_local_cv,0,0.79625,6.038,320
stage3_545,stage3_seed_0,"{""clean__method"": ""lof_0.05"", ""model__C"": 3.0, ""model__gamma"": 0.02, ""pca__n_components"": 136, ""scale__method"": ""robust""}",lof_0.05,robust,136,3.0,0.02,"{""clean__method"": ""lof_0.05"", ""model__C"": 3.0, ""model__gamma"": 0.02, ""pca__n_components"": 136, ""scale__method"": ""robust""}",stage3_local_cv,0,0.80375,6.545,320
stage3_546,stage3_seed_0,"{""clean__method"": ""lof_0.05"", ""model__C"": 3.0, ""model__gamma"": 0.03, ""pca__n_components"": 136, ""scale__method"": ""robust""}",lof_0.05,robust,136,3.0,0.03,"{""clean__method"": ""lof_0.05"", ""model__C"": 3.0, ""model__gamma"": 0.03, ""pca__n_components"": 136, ""scale__method"": ""robust""}",stage3_local_cv,0,0.800625,5.725,320
stage3_547,stage3_seed_0,"{""clean__method"": ""lof_0.05"", ""model__C"": 3.0, ""model__gamma"": 0.04, ""pca__n_components"": 136, ""scale__method"": ""robust""}",lof_0.05,robust,136,3.0,0.04,"{""clean__method"": ""lof_0.05"", ""model__C"": 3.0, ""model__gamma"": 0.04, ""pca__n_components"": 136, ""scale__method"": ""robust""}",stage3_local_cv,0,0.79125,6.496,320
stage3_548,stage3_seed_0,"{""clean__method"": ""lof_0.05"", ""model__C"": 4.0, ""model__gamma"": 0.01, ""pca__n_components"": 136, ""scale__method"": ""robust""}",lof_0.05,robust,136,4.0,0.01,"{""clean__method"": ""lof_0.05"", ""model__C"": 4.0, ""model__gamma"": 0.01, ""pca__n_components"": 136, ""scale__method"": ""robust""}",stage3_local_cv,0,0.80375,6.008,320
stage3_549,stage3_seed_0,"{""clean__method"": ""lof_0.05"", ""model__C"": 4.0, ""model__gamma"": 0.02, ""pca__n_components"": 136, ""scale__method"": ""robust""}",lof_0.05,robust,136,4.0,0.02,"{""clean__method"": ""lof_0.05"", ""model__C"": 4.0, ""model__gamma"": 0.02, ""pca__n_components"": 136, ""scale__method"": ""robust""}",stage3_local_cv,0,0.8,6.585,320
stage3_550,stage3_seed_0,"{""clean__method"": ""lof_0.05"", ""model__C"": 4.0, ""model__gamma"": 0.03, ""pca__n_components"": 136, ""scale__method"": ""robust""}",lof_0.05,robust,136,4.0,0.03,"{""clean__method"": ""lof_0.05"", ""model__C"": 4.0, ""model__gamma"": 0.03, ""pca__n_components"": 136, ""scale__method"": ""robust""}",stage3_local_cv,0,0.800625,5.786,320
stage3_551,stage3_seed_0,"{""clean__method"": ""lof_0.05"", ""model__C"": 4.0, ""model__gamma"": 0.04, ""pca__n_components"": 136, ""scale__method"": ""robust""}",lof_0.05,robust,136,4.0,0.04,"{""clean__method"": ""lof_0.05"", ""model__C"": 4.0, ""model__gamma"": 0.04, ""pca__n_components"": 136, ""scale__method"": ""robust""}",stage3_local_cv,0,0.793125,6.476,320
stage3_552,stage3_seed_0,"{""clean__method"": ""lof_0.05"", ""model__C"": 6.0, ""model__gamma"": 0.01, ""pca__n_components"": 136, ""scale__method"": ""robust""}",lof_0.05,robust,136,6.0,0.01,"{""clean__method"": ""lof_0.05"", ""model__C"": 6.0, ""model__gamma"": 0.01, ""pca__n_components"": 136, ""scale__method"": ""robust""}",stage3_local_cv,0,0.80875,5.946,320
stage3_553,stage3_seed_0,"{""clean__method"": ""lof_0.05"", ""model__C"": 6.0, ""model__gamma"": 0.02, ""pca__n_components"": 136, ""scale__method"": ""robust""}",lof_0.05,robust,136,6.0,0.02,"{""clean__method"": ""lof_0.05"", ""model__C"": 6.0, ""model__gamma"": 0.02, ""pca__n_components"": 136, ""scale__method"": ""robust""}",stage3_local_cv,0,0.79875,6.514,320
stage3_554,stage3_seed_0,"{""clean__method"": ""lof_0.05"", ""model__C"": 6.0, ""model__gamma"": 0.03, ""pca__n_components"": 136, ""scale__method"": ""robust""}",lof_0.05,robust,136,6.0,0.03,"{""clean__method"": ""lof_0.05"", ""model__C"": 6.0, ""model__gamma"": 0.03, ""pca__n_components"": 136, ""scale__method"": ""robust""}",stage3_local_cv,0,0.800625,5.756,320
stage3_555,stage3_seed_0,"{""clean__method"": ""lof_0.05"", ""model__C"": 6.0, ""model__gamma"": 0.04, ""pca__n_components"": 136, ""scale__method"": ""robust""}",lof_0.05,robust,136,6.0,0.04,"{""clean__method"": ""lof_0.05"", ""model__C"": 6.0, ""model__gamma"": 0.04, ""pca__n_components"": 136, ""scale__method"": ""robust""}",stage3_local_cv,0,0.794375,6.53,320
stage3_556,stage3_seed_0,"{""clean__method"": ""lof_0.05"", ""model__C"": 8.0, ""model__gamma"": 0.01, ""pca__n_components"": 136, ""scale__method"": ""robust""}",lof_0.05,robust,136,8.0,0.01,"{""clean__method"": ""lof_0.05"", ""model__C"": 8.0, ""model__gamma"": 0.01, ""pca__n_components"": 136, ""scale__method"": ""robust""}",stage3_local_cv,0,0.80625,6.204,320
stage3_557,stage3_seed_0,"{""clean__method"": ""lof_0.05"", ""model__C"": 8.0, ""model__gamma"": 0.02, ""pca__n_components"": 136, ""scale__method"": ""robust""}",lof_0.05,robust,136,8.0,0.02,"{""clean__method"": ""lof_0.05"", ""model__C"": 8.0, ""model__gamma"": 0.02, ""pca__n_components"": 136, ""scale__method"": ""robust""}",stage3_local_cv,0,0.795,6.444,320
stage3_558,stage3_seed_0,"{""clean__method"": ""lof_0.05"", ""model__C"": 8.0, ""model__gamma"": 0.03, ""pca__n_components"": 136, ""scale__method"": ""robust""}",lof_0.05,robust,136,8.0,0.03,"{""clean__method"": ""lof_0.05"", ""model__C"": 8.0, ""model__gamma"": 0.03, ""pca__n_components"": 136, ""scale__method"": ""robust""}",stage3_local_cv,0,0.799375,5.745,320
stage3_559,stage3_seed_0,"{""clean__method"": ""lof_0.05"", ""model__C"": 8.0, ""model__gamma"": 0.04, ""pca__n_components"": 136, ""scale__method"": ""robust""}",lof_0.05,robust,136,8.0,0.04,"{""clean__method"": ""lof_0.05"", ""model__C"": 8.0, ""model__gamma"": 0.04, ""pca__n_components"": 136, ""scale__method"": ""robust""}",stage3_local_cv,0,0.7925,6.482,320
stage3_560,stage3_seed_0,"{""clean__method"": ""lof_0.05"", ""model__C"": 3.0, ""model__gamma"": 0.01, ""pca__n_components"": 104, ""scale__method"": ""standard""}",lof_0.05,standard,104,3.0,0.01,"{""clean__method"": ""lof_0.05"", ""model__C"": 3.0, ""model__gamma"": 0.01, ""pca__n_components"": 104, ""scale__method"": ""standard""}",stage3_local_cv,0,0.808125,4.835,320
stage3_561,stage3_seed_0,"{""clean__method"": ""lof_0.05"", ""model__C"": 3.0, ""model__gamma"": 0.02, ""pca__n_components"": 104, ""scale__method"": ""standard""}",lof_0.05,standard,104,3.0,0.02,"{""clean__method"": ""lof_0.05"", ""model__C"": 3.0, ""model__gamma"": 0.02, ""pca__n_components"": 104, ""scale__method"": ""standard""}",stage3_local_cv,0,0.80125,5.523,320
stage3_562,stage3_seed_0,"{""clean__method"": ""lof_0.05"", ""model__C"": 3.0, ""model__gamma"": 0.03, ""pca__n_components"": 104, ""scale__method"": ""standard""}",lof_0.05,standard,104,3.0,0.03,"{""clean__method"": ""lof_0.05"", ""model__C"": 3.0, ""model__gamma"": 0.03, ""pca__n_components"": 104, ""scale__method"": ""standard""}",stage3_local_cv,0,0.78,4.575,320
stage3_563,stage3_seed_0,"{""clean__method"": ""lof_0.05"", ""model__C"": 3.0, ""model__gamma"": 0.04, ""pca__n_components"": 104, ""scale__method"": ""standard""}",lof_0.05,standard,104,3.0,0.04,"{""clean__method"": ""lof_0.05"", ""model__C"": 3.0, ""model__gamma"": 0.04, ""pca__n_components"": 104, ""scale__method"": ""standard""}",stage3_local_cv,0,0.76375,4.66,320
stage3_564,stage3_seed_0,"{""clean__method"": ""lof_0.05"", ""model__C"": 4.0, ""model__gamma"": 0.01, ""pca__n_components"": 104, ""scale__method"": ""standard""}",lof_0.05,standard,104,4.0,0.01,"{""clean__method"": ""lof_0.05"", ""model__C"": 4.0, ""model__gamma"": 0.01, ""pca__n_components"": 104, ""scale__method"": ""standard""}",stage3_local_cv,0,0.806875,5.615,320
stage3_565,stage3_seed_0,"{""clean__method"": ""lof_0.05"", ""model__C"": 4.0, ""model__gamma"": 0.02, ""pca__n_components"": 104, ""scale__method"": ""standard""}",lof_0.05,standard,104,4.0,0.02,"{""clean__method"": ""lof_0.05"", ""model__C"": 4.0, ""model__gamma"": 0.02, ""pca__n_components"": 104, ""scale__method"": ""standard""}",stage3_local_cv,0,0.800625,4.619,320
stage3_566,stage3_seed_0,"{""clean__method"": ""lof_0.05"", ""model__C"": 4.0, ""model__gamma"": 0.03, ""pca__n_components"": 104, ""scale__method"": ""standard""}",lof_0.05,standard,104,4.0,0.03,"{""clean__method"": ""lof_0.05"", ""model__C"": 4.0, ""model__gamma"": 0.03, ""pca__n_components"": 104, ""scale__method"": ""standard""}",stage3_local_cv,0,0.779375,5.516,320
stage3_567,stage3_seed_0,"{""clean__method"": ""lof_0.05"", ""model__C"": 4.0, ""model__gamma"": 0.04, ""pca__n_components"": 104, ""scale__method"": ""standard""}",lof_0.05,standard,104,4.0,0.04,"{""clean__method"": ""lof_0.05"", ""model__C"": 4.0, ""model__gamma"": 0.04, ""pca__n_components"": 104, ""scale__method"": ""standard""}",stage3_local_cv,0,0.764375,4.524,320
stage3_568,stage3_seed_0,"{""clean__method"": ""lof_0.05"", ""model__C"": 6.0, ""model__gamma"": 0.01, ""pca__n_components"": 104, ""scale__method"": ""standard""}",lof_0.05,standard,104,6.0,0.01,"{""clean__method"": ""lof_0.05"", ""model__C"": 6.0, ""model__gamma"": 0.01, ""pca__n_components"": 104, ""scale__method"": ""standard""}",stage3_local_cv,0,0.804375,5.298,320
stage3_569,stage3_seed_0,"{""clean__method"": ""lof_0.05"", ""model__C"": 6.0, ""model__gamma"": 0.02, ""pca__n_components"": 104, ""scale__method"": ""standard""}",lof_0.05,standard,104,6.0,0.02,"{""clean__method"": ""lof_0.05"", ""model__C"": 6.0, ""model__gamma"": 0.02, ""pca__n_components"": 104, ""scale__method"": ""standard""}",stage3_local_cv,0,0.796875,5.178,320
stage3_570,stage3_seed_0,"{""clean__method"": ""lof_0.05"", ""model__C"": 6.0, ""model__gamma"": 0.03, ""pca__n_components"": 104, ""scale__method"": ""standard""}",lof_0.05,standard,104,6.0,0.03,"{""clean__method"": ""lof_0.05"", ""model__C"": 6.0, ""model__gamma"": 0.03, ""pca__n_components"": 104, ""scale__method"": ""standard""}",stage3_local_cv,0,0.78,4.742,320
stage3_571,stage3_seed_0,"{""clean__method"": ""lof_0.05"", ""model__C"": 6.0, ""model__gamma"": 0.04, ""pca__n_components"": 104, ""scale__method"": ""standard""}",lof_0.05,standard,104,6.0,0.04,"{""clean__method"": ""lof_0.05"", ""model__C"": 6.0, ""model__gamma"": 0.04, ""pca__n_components"": 104, ""scale__method"": ""standard""}",stage3_local_cv,0,0.765,5.4,320
stage3_572,stage3_seed_0,"{""clean__method"": ""lof_0.05"", ""model__C"": 8.0, ""model__gamma"": 0.01, ""pca__n_components"": 104, ""scale__method"": ""standard""}",lof_0.05,standard,104,8.0,0.01,"{""clean__method"": ""lof_0.05"", ""model__C"": 8.0, ""model__gamma"": 0.01, ""pca__n_components"": 104, ""scale__method"": ""standard""}",stage3_local_cv,0,0.803125,4.828,320
stage3_573,stage3_seed_0,"{""clean__method"": ""lof_0.05"", ""model__C"": 8.0, ""model__gamma"": 0.02, ""pca__n_components"": 104, ""scale__method"": ""standard""}",lof_0.05,standard,104,8.0,0.02,"{""clean__method"": ""lof_0.05"", ""model__C"": 8.0, ""model__gamma"": 0.02, ""pca__n_components"": 104, ""scale__method"": ""standard""}",stage3_local_cv,0,0.795625,5.384,320
stage3_574,stage3_seed_0,"{""clean__method"": ""lof_0.05"", ""model__C"": 8.0, ""model__gamma"": 0.03, ""pca__n_components"": 104, ""scale__method"": ""standard""}",lof_0.05,standard,104,8.0,0.03,"{""clean__method"": ""lof_0.05"", ""model__C"": 8.0, ""model__gamma"": 0.03, ""pca__n_components"": 104, ""scale__method"": ""standard""}",stage3_local_cv,0,0.7825,4.818,320
stage3_575,stage3_seed_0,"{""clean__method"": ""lof_0.05"", ""model__C"": 8.0, ""model__gamma"": 0.04, ""pca__n_components"": 104, ""scale__method"": ""standard""}",lof_0.05,standard,104,8.0,0.04,"{""clean__method"": ""lof_0.05"", ""model__C"": 8.0, ""model__gamma"": 0.04, ""pca__n_components"": 104, ""scale__method"": ""standard""}",stage3_local_cv,0,0.76375,4.608,320
stage3_576,stage3_seed_0,"{""clean__method"": ""lof_0.05"", ""model__C"": 3.0, ""model__gamma"": 0.01, ""pca__n_components"": 112, ""scale__method"": ""standard""}",lof_0.05,standard,112,3.0,0.01,"{""clean__method"": ""lof_0.05"", ""model__C"": 3.0, ""model__gamma"": 0.01, ""pca__n_components"": 112, ""scale__method"": ""standard""}",stage3_local_cv,0,0.81,5.417,320
stage3_577,stage3_seed_0,"{""clean__method"": ""lof_0.05"", ""model__C"": 3.0, ""model__gamma"": 0.02, ""pca__n_components"": 112, ""scale__method"": ""standard""}",lof_0.05,standard,112,3.0,0.02,"{""clean__method"": ""lof_0.05"", ""model__C"": 3.0, ""model__gamma"": 0.02, ""pca__n_components"": 112, ""scale__method"": ""standard""}",stage3_local_cv,0,0.801875,4.374,320
stage3_578,stage3_seed_0,"{""clean__method"": ""lof_0.05"", ""model__C"": 3.0, ""model__gamma"": 0.03, ""pca__n_components"": 112, ""scale__method"": ""standard""}",lof_0.05,standard,112,3.0,0.03,"{""clean__method"": ""lof_0.05"", ""model__C"": 3.0, ""model__gamma"": 0.03, ""pca__n_components"": 112, ""scale__method"": ""standard""}",stage3_local_cv,0,0.778125,4.978,320
stage3_579,stage3_seed_0,"{""clean__method"": ""lof_0.05"", ""model__C"": 3.0, ""model__gamma"": 0.04, ""pca__n_components"": 112, ""scale__method"": ""standard""}",lof_0.05,standard,112,3.0,0.04,"{""clean__method"": ""lof_0.05"", ""model__C"": 3.0, ""model__gamma"": 0.04, ""pca__n_components"": 112, ""scale__method"": ""standard""}",stage3_local_cv,0,0.76125,4.76,320
stage3_580,stage3_seed_0,"{""clean__method"": ""lof_0.05"", ""model__C"": 4.0, ""model__gamma"": 0.01, ""pca__n_components"": 112, ""scale__method"": ""standard""}",lof_0.05,standard,112,4.0,0.01,"{""clean__method"": ""lof_0.05"", ""model__C"": 4.0, ""model__gamma"": 0.01, ""pca__n_components"": 112, ""scale__method"": ""standard""}",stage3_local_cv,0,0.805625,4.554,320
stage3_581,stage3_seed_0,"{""clean__method"": ""lof_0.05"", ""model__C"": 4.0, ""model__gamma"": 0.02, ""pca__n_components"": 112, ""scale__method"": ""standard""}",lof_0.05,standard,112,4.0,0.02,"{""clean__method"": ""lof_0.05"", ""model__C"": 4.0, ""model__gamma"": 0.02, ""pca__n_components"": 112, ""scale__method"": ""standard""}",stage3_local_cv,0,0.8,5.151,320
stage3_582,stage3_seed_0,"{""clean__method"": ""lof_0.05"", ""model__C"": 4.0, ""model__gamma"": 0.03, ""pca__n_components"": 112, ""scale__method"": ""standard""}",lof_0.05,standard,112,4.0,0.03,"{""clean__method"": ""lof_0.05"", ""model__C"": 4.0, ""model__gamma"": 0.03, ""pca__n_components"": 112, ""scale__method"": ""standard""}",stage3_local_cv,0,0.7775,4.324,320
stage3_583,stage3_seed_0,"{""clean__method"": ""lof_0.05"", ""model__C"": 4.0, ""model__gamma"": 0.04, ""pca__n_components"": 112, ""scale__method"": ""standard""}",lof_0.05,standard,112,4.0,0.04,"{""clean__method"": ""lof_0.05"", ""model__C"": 4.0, ""model__gamma"": 0.04, ""pca__n_components"": 112, ""scale__method"": ""standard""}",stage3_local_cv,0,0.76375,5.321,320
stage3_584,stage3_seed_0,"{""clean__method"": ""lof_0.05"", ""model__C"": 6.0, ""model__gamma"": 0.01, ""pca__n_components"": 112, ""scale__method"": ""standard""}",lof_0.05,standard,112,6.0,0.01,"{""clean__method"": ""lof_0.05"", ""model__C"": 6.0, ""model__gamma"": 0.01, ""pca__n_components"": 112, ""scale__method"": ""standard""}",stage3_local_cv,0,0.803125,5.122,320
stage3_585,stage3_seed_0,"{""clean__method"": ""lof_0.05"", ""model__C"": 6.0, ""model__gamma"": 0.02, ""pca__n_components"": 112, ""scale__method"": ""standard""}",lof_0.05,standard,112,6.0,0.02,"{""clean__method"": ""lof_0.05"", ""model__C"": 6.0, ""model__gamma"": 0.02, ""pca__n_components"": 112, ""scale__method"": ""standard""}",stage3_local_cv,0,0.798125,4.401,320
stage3_586,stage3_seed_0,"{""clean__method"": ""lof_0.05"", ""model__C"": 6.0, ""model__gamma"": 0.03, ""pca__n_components"": 112, ""scale__method"": ""standard""}",lof_0.05,standard,112,6.0,0.03,"{""clean__method"": ""lof_0.05"", ""model__C"": 6.0, ""model__gamma"": 0.03, ""pca__n_components"": 112, ""scale__method"": ""standard""}",stage3_local_cv,0,0.77875,5.765,320
stage3_587,stage3_seed_0,"{""clean__method"": ""lof_0.05"", ""model__C"": 6.0, ""model__gamma"": 0.04, ""pca__n_components"": 112, ""scale__method"": ""standard""}",lof_0.05,standard,112,6.0,0.04,"{""clean__method"": ""lof_0.05"", ""model__C"": 6.0, ""model__gamma"": 0.04, ""pca__n_components"": 112, ""scale__method"": ""standard""}",stage3_local_cv,0,0.765,5.012,320
stage3_588,stage3_seed_0,"{""clean__method"": ""lof_0.05"", ""model__C"": 8.0, ""model__gamma"": 0.01, ""pca__n_components"": 112, ""scale__method"": ""standard""}",lof_0.05,standard,112,8.0,0.01,"{""clean__method"": ""lof_0.05"", ""model__C"": 8.0, ""model__gamma"": 0.01, ""pca__n_components"": 112, ""scale__method"": ""standard""}",stage3_local_cv,0,0.801875,5.309,320
stage3_589,stage3_seed_0,"{""clean__method"": ""lof_0.05"", ""model__C"": 8.0, ""model__gamma"": 0.02, ""pca__n_components"": 112, ""scale__method"": ""standard""}",lof_0.05,standard,112,8.0,0.02,"{""clean__method"": ""lof_0.05"", ""model__C"": 8.0, ""model__gamma"": 0.02, ""pca__n_components"": 112, ""scale__method"": ""standard""}",stage3_local_cv,0,0.79875,4.601,320
stage3_590,stage3_seed_0,"{""clean__method"": ""lof_0.05"", ""model__C"": 8.0, ""model__gamma"": 0.03, ""pca__n_components"": 112, ""scale__method"": ""standard""}",lof_0.05,standard,112,8.0,0.03,"{""clean__method"": ""lof_0.05"", ""model__C"": 8.0, ""model__gamma"": 0.03, ""pca__n_components"": 112, ""scale__method"": ""standard""}",stage3_local_cv,0,0.779375,4.421,320
stage3_591,stage3_seed_0,"{""clean__method"": ""lof_0.05"", ""model__C"": 8.0, ""model__gamma"": 0.04, ""pca__n_components"": 112, ""scale__method"": ""standard""}",lof_0.05,standard,112,8.0,0.04,"{""clean__method"": ""lof_0.05"", ""model__C"": 8.0, ""model__gamma"": 0.04, ""pca__n_components"": 112, ""scale__method"": ""standard""}",stage3_local_cv,0,0.7625,5.108,320
stage3_592,stage3_seed_0,"{""clean__method"": ""lof_0.05"", ""model__C"": 3.0, ""model__gamma"": 0.01, ""pca__n_components"": 120, ""scale__method"": ""standard""}",lof_0.05,standard,120,3.0,0.01,"{""clean__method"": ""lof_0.05"", ""model__C"": 3.0, ""model__gamma"": 0.01, ""pca__n_components"": 120, ""scale__method"": ""standard""}",stage3_local_cv,0,0.809375,4.928,320
stage3_593,stage3_seed_0,"{""clean__method"": ""lof_0.05"", ""model__C"": 3.0, ""model__gamma"": 0.02, ""pca__n_components"": 120, ""scale__method"": ""standard""}",lof_0.05,standard,120,3.0,0.02,"{""clean__method"": ""lof_0.05"", ""model__C"": 3.0, ""model__gamma"": 0.02, ""pca__n_components"": 120, ""scale__method"": ""standard""}",stage3_local_cv,0,0.799375,5.827,320
stage3_594,stage3_seed_0,"{""clean__method"": ""lof_0.05"", ""model__C"": 3.0, ""model__gamma"": 0.03, ""pca__n_components"": 120, ""scale__method"": ""standard""}",lof_0.05,standard,120,3.0,0.03,"{""clean__method"": ""lof_0.05"", ""model__C"": 3.0, ""model__gamma"": 0.03, ""pca__n_components"": 120, ""scale__method"": ""standard""}",stage3_local_cv,0,0.776875,4.905,320
stage3_595,stage3_seed_0,"{""clean__method"": ""lof_0.05"", ""model__C"": 3.0, ""model__gamma"": 0.04, ""pca__n_components"": 120, ""scale__method"": ""standard""}",lof_0.05,standard,120,3.0,0.04,"{""clean__method"": ""lof_0.05"", ""model__C"": 3.0, ""model__gamma"": 0.04, ""pca__n_components"": 120, ""scale__method"": ""standard""}",stage3_local_cv,0,0.7625,4.818,320
stage3_596,stage3_seed_0,"{""clean__method"": ""lof_0.05"", ""model__C"": 4.0, ""model__gamma"": 0.01, ""pca__n_components"": 120, ""scale__method"": ""standard""}",lof_0.05,standard,120,4.0,0.01,"{""clean__method"": ""lof_0.05"", ""model__C"": 4.0, ""model__gamma"": 0.01, ""pca__n_components"": 120, ""scale__method"": ""standard""}",stage3_local_cv,0,0.81,5.802,320
stage3_597,stage3_seed_0,"{""clean__method"": ""lof_0.05"", ""model__C"": 4.0, ""model__gamma"": 0.02, ""pca__n_components"": 120, ""scale__method"": ""standard""}",lof_0.05,standard,120,4.0,0.02,"{""clean__method"": ""lof_0.05"", ""model__C"": 4.0, ""model__gamma"": 0.02, ""pca__n_components"": 120, ""scale__method"": ""standard""}",stage3_local_cv,0,0.8,4.744,320
stage3_598,stage3_seed_0,"{""clean__method"": ""lof_0.05"", ""model__C"": 4.0, ""model__gamma"": 0.03, ""pca__n_components"": 120, ""scale__method"": ""standard""}",lof_0.05,standard,120,4.0,0.03,"{""clean__method"": ""lof_0.05"", ""model__C"": 4.0, ""model__gamma"": 0.03, ""pca__n_components"": 120, ""scale__method"": ""standard""}",stage3_local_cv,0,0.77625,5.587,320
stage3_599,stage3_seed_0,"{""clean__method"": ""lof_0.05"", ""model__C"": 4.0, ""model__gamma"": 0.04, ""pca__n_components"": 120, ""scale__method"": ""standard""}",lof_0.05,standard,120,4.0,0.04,"{""clean__method"": ""lof_0.05"", ""model__C"": 4.0, ""model__gamma"": 0.04, ""pca__n_components"": 120, ""scale__method"": ""standard""}",stage3_local_cv,0,0.763125,4.798,320
stage3_600,stage3_seed_0,"{""clean__method"": ""lof_0.05"", ""model__C"": 6.0, ""model__gamma"": 0.01, ""pca__n_components"": 120, ""scale__method"": ""standard""}",lof_0.05,standard,120,6.0,0.01,"{""clean__method"": ""lof_0.05"", ""model__C"": 6.0, ""model__gamma"": 0.01, ""pca__n_components"": 120, ""scale__method"": ""standard""}",stage3_local_cv,0,0.803125,5.689,320
stage3_601,stage3_seed_0,"{""clean__method"": ""lof_0.05"", ""model__C"": 6.0, ""model__gamma"": 0.02, ""pca__n_components"": 120, ""scale__method"": ""standard""}",lof_0.05,standard,120,6.0,0.02,"{""clean__method"": ""lof_0.05"", ""model__C"": 6.0, ""model__gamma"": 0.02, ""pca__n_components"": 120, ""scale__method"": ""standard""}",stage3_local_cv,0,0.7975,5.167,320
stage3_602,stage3_seed_0,"{""clean__method"": ""lof_0.05"", ""model__C"": 6.0, ""model__gamma"": 0.03, ""pca__n_components"": 120, ""scale__method"": ""standard""}",lof_0.05,standard,120,6.0,0.03,"{""clean__method"": ""lof_0.05"", ""model__C"": 6.0, ""model__gamma"": 0.03, ""pca__n_components"": 120, ""scale__method"": ""standard""}",stage3_local_cv,0,0.77625,4.708,320
stage3_603,stage3_seed_0,"{""clean__method"": ""lof_0.05"", ""model__C"": 6.0, ""model__gamma"": 0.04, ""pca__n_components"": 120, ""scale__method"": ""standard""}",lof_0.05,standard,120,6.0,0.04,"{""clean__method"": ""lof_0.05"", ""model__C"": 6.0, ""model__gamma"": 0.04, ""pca__n_components"": 120, ""scale__method"": ""standard""}",stage3_local_cv,0,0.765,5.658,320
stage3_604,stage3_seed_0,"{""clean__method"": ""lof_0.05"", ""model__C"": 8.0, ""model__gamma"": 0.01, ""pca__n_components"": 120, ""scale__method"": ""standard""}",lof_0.05,standard,120,8.0,0.01,"{""clean__method"": ""lof_0.05"", ""model__C"": 8.0, ""model__gamma"": 0.01, ""pca__n_components"": 120, ""scale__method"": ""standard""}",stage3_local_cv,0,0.8,4.943,320
stage3_605,stage3_seed_0,"{""clean__method"": ""lof_0.05"", ""model__C"": 8.0, ""model__gamma"": 0.02, ""pca__n_components"": 120, ""scale__method"": ""standard""}",lof_0.05,standard,120,8.0,0.02,"{""clean__method"": ""lof_0.05"", ""model__C"": 8.0, ""model__gamma"": 0.02, ""pca__n_components"": 120, ""scale__method"": ""standard""}",stage3_local_cv,0,0.798125,5.816,320
stage3_606,stage3_seed_0,"{""clean__method"": ""lof_0.05"", ""model__C"": 8.0, ""model__gamma"": 0.03, ""pca__n_components"": 120, ""scale__method"": ""standard""}",lof_0.05,standard,120,8.0,0.03,"{""clean__method"": ""lof_0.05"", ""model__C"": 8.0, ""model__gamma"": 0.03, ""pca__n_components"": 120, ""scale__method"": ""standard""}",stage3_local_cv,0,0.77875,4.791,320
stage3_607,stage3_seed_0,"{""clean__method"": ""lof_0.05"", ""model__C"": 8.0, ""model__gamma"": 0.04, ""pca__n_components"": 120, ""scale__method"": ""standard""}",lof_0.05,standard,120,8.0,0.04,"{""clean__method"": ""lof_0.05"", ""model__C"": 8.0, ""model__gamma"": 0.04, ""pca__n_components"": 120, ""scale__method"": ""standard""}",stage3_local_cv,0,0.76375,5.079,320
stage3_608,stage3_seed_0,"{""clean__method"": ""lof_0.05"", ""model__C"": 3.0, ""model__gamma"": 0.01, ""pca__n_components"": 128, ""scale__method"": ""standard""}",lof_0.05,standard,128,3.0,0.01,"{""clean__method"": ""lof_0.05"", ""model__C"": 3.0, ""model__gamma"": 0.01, ""pca__n_components"": 128, ""scale__method"": ""standard""}",stage3_local_cv,0,0.80875,5.654,320
stage3_609,stage3_seed_0,"{""clean__method"": ""lof_0.05"", ""model__C"": 3.0, ""model__gamma"": 0.02, ""pca__n_components"": 128, ""scale__method"": ""standard""}",lof_0.05,standard,128,3.0,0.02,"{""clean__method"": ""lof_0.05"", ""model__C"": 3.0, ""model__gamma"": 0.02, ""pca__n_components"": 128, ""scale__method"": ""standard""}",stage3_local_cv,0,0.79875,4.676,320
stage3_610,stage3_seed_0,"{""clean__method"": ""lof_0.05"", ""model__C"": 3.0, ""model__gamma"": 0.03, ""pca__n_components"": 128, ""scale__method"": ""standard""}",lof_0.05,standard,128,3.0,0.03,"{""clean__method"": ""lof_0.05"", ""model__C"": 3.0, ""model__gamma"": 0.03, ""pca__n_components"": 128, ""scale__method"": ""standard""}",stage3_local_cv,0,0.775625,5.389,320
stage3_611,stage3_seed_0,"{""clean__method"": ""lof_0.05"", ""model__C"": 3.0, ""model__gamma"": 0.04, ""pca__n_components"": 128, ""scale__method"": ""standard""}",lof_0.05,standard,128,3.0,0.04,"{""clean__method"": ""lof_0.05"", ""model__C"": 3.0, ""model__gamma"": 0.04, ""pca__n_components"": 128, ""scale__method"": ""standard""}",stage3_local_cv,0,0.76,4.676,320
stage3_612,stage3_seed_0,"{""clean__method"": ""lof_0.05"", ""model__C"": 4.0, ""model__gamma"": 0.01, ""pca__n_components"": 128, ""scale__method"": ""standard""}",lof_0.05,standard,128,4.0,0.01,"{""clean__method"": ""lof_0.05"", ""model__C"": 4.0, ""model__gamma"": 0.01, ""pca__n_components"": 128, ""scale__method"": ""standard""}",stage3_local_cv,0,0.80875,5.715,320
stage3_613,stage3_seed_0,"{""clean__method"": ""lof_0.05"", ""model__C"": 4.0, ""model__gamma"": 0.02, ""pca__n_components"": 128, ""scale__method"": ""standard""}",lof_0.05,standard,128,4.0,0.02,"{""clean__method"": ""lof_0.05"", ""model__C"": 4.0, ""model__gamma"": 0.02, ""pca__n_components"": 128, ""scale__method"": ""standard""}",stage3_local_cv,0,0.7975,4.692,320
stage3_614,stage3_seed_0,"{""clean__method"": ""lof_0.05"", ""model__C"": 4.0, ""model__gamma"": 0.03, ""pca__n_components"": 128, ""scale__method"": ""standard""}",lof_0.05,standard,128,4.0,0.03,"{""clean__method"": ""lof_0.05"", ""model__C"": 4.0, ""model__gamma"": 0.03, ""pca__n_components"": 128, ""scale__method"": ""standard""}",stage3_local_cv,0,0.774375,4.613,320
stage3_615,stage3_seed_0,"{""clean__method"": ""lof_0.05"", ""model__C"": 4.0, ""model__gamma"": 0.04, ""pca__n_components"": 128, ""scale__method"": ""standard""}",lof_0.05,standard,128,4.0,0.04,"{""clean__method"": ""lof_0.05"", ""model__C"": 4.0, ""model__gamma"": 0.04, ""pca__n_components"": 128, ""scale__method"": ""standard""}",stage3_local_cv,0,0.76125,5.335,320
stage3_616,stage3_seed_0,"{""clean__method"": ""lof_0.05"", ""model__C"": 6.0, ""model__gamma"": 0.01, ""pca__n_components"": 128, ""scale__method"": ""standard""}",lof_0.05,standard,128,6.0,0.01,"{""clean__method"": ""lof_0.05"", ""model__C"": 6.0, ""model__gamma"": 0.01, ""pca__n_components"": 128, ""scale__method"": ""standard""}",stage3_local_cv,0,0.801875,4.857,320
stage3_617,stage3_seed_0,"{""clean__method"": ""lof_0.05"", ""model__C"": 6.0, ""model__gamma"": 0.02, ""pca__n_components"": 128, ""scale__method"": ""standard""}",lof_0.05,standard,128,6.0,0.02,"{""clean__method"": ""lof_0.05"", ""model__C"": 6.0, ""model__gamma"": 0.02, ""pca__n_components"": 128, ""scale__method"": ""standard""}",stage3_local_cv,0,0.796875,5.78,320
stage3_618,stage3_seed_0,"{""clean__method"": ""lof_0.05"", ""model__C"": 6.0, ""model__gamma"": 0.03, ""pca__n_components"": 128, ""scale__method"": ""standard""}",lof_0.05,standard,128,6.0,0.03,"{""clean__method"": ""lof_0.05"", ""model__C"": 6.0, ""model__gamma"": 0.03, ""pca__n_components"": 128, ""scale__method"": ""standard""}",stage3_local_cv,0,0.77625,4.77,320
stage3_619,stage3_seed_0,"{""clean__method"": ""lof_0.05"", ""model__C"": 6.0, ""model__gamma"": 0.04, ""pca__n_components"": 128, ""scale__method"": ""standard""}",lof_0.05,standard,128,6.0,0.04,"{""clean__method"": ""lof_0.05"", ""model__C"": 6.0, ""model__gamma"": 0.04, ""pca__n_components"": 128, ""scale__method"": ""standard""}",stage3_local_cv,0,0.761875,4.579,320
stage3_620,stage3_seed_0,"{""clean__method"": ""lof_0.05"", ""model__C"": 8.0, ""model__gamma"": 0.01, ""pca__n_components"": 128, ""scale__method"": ""standard""}",lof_0.05,standard,128,8.0,0.01,"{""clean__method"": ""lof_0.05"", ""model__C"": 8.0, ""model__gamma"": 0.01, ""pca__n_components"": 128, ""scale__method"": ""standard""}",stage3_local_cv,0,0.796875,5.535,320
stage3_621,stage3_seed_0,"{""clean__method"": ""lof_0.05"", ""model__C"": 8.0, ""model__gamma"": 0.02, ""pca__n_components"": 128, ""scale__method"": ""standard""}",lof_0.05,standard,128,8.0,0.02,"{""clean__method"": ""lof_0.05"", ""model__C"": 8.0, ""model__gamma"": 0.02, ""pca__n_components"": 128, ""scale__method"": ""standard""}",stage3_local_cv,0,0.79875,4.658,320
stage3_622,stage3_seed_0,"{""clean__method"": ""lof_0.05"", ""model__C"": 8.0, ""model__gamma"": 0.03, ""pca__n_components"": 128, ""scale__method"": ""standard""}",lof_0.05,standard,128,8.0,0.03,"{""clean__method"": ""lof_0.05"", ""model__C"": 8.0, ""model__gamma"": 0.03, ""pca__n_components"": 128, ""scale__method"": ""standard""}",stage3_local_cv,0,0.774375,5.628,320
stage3_623,stage3_seed_0,"{""clean__method"": ""lof_0.05"", ""model__C"": 8.0, ""model__gamma"": 0.04, ""pca__n_components"": 128, ""scale__method"": ""standard""}",lof_0.05,standard,128,8.0,0.04,"{""clean__method"": ""lof_0.05"", ""model__C"": 8.0, ""model__gamma"": 0.04, ""pca__n_components"": 128, ""scale__method"": ""standard""}",stage3_local_cv,0,0.76125,4.653,320
stage3_624,stage3_seed_0,"{""clean__method"": ""lof_0.05"", ""model__C"": 3.0, ""model__gamma"": 0.01, ""pca__n_components"": 136, ""scale__method"": ""standard""}",lof_0.05,standard,136,3.0,0.01,"{""clean__method"": ""lof_0.05"", ""model__C"": 3.0, ""model__gamma"": 0.01, ""pca__n_components"": 136, ""scale__method"": ""standard""}",stage3_local_cv,0,0.804375,7.023,320
stage3_625,stage3_seed_0,"{""clean__method"": ""lof_0.05"", ""model__C"": 3.0, ""model__gamma"": 0.02, ""pca__n_components"": 136, ""scale__method"": ""standard""}",lof_0.05,standard,136,3.0,0.02,"{""clean__method"": ""lof_0.05"", ""model__C"": 3.0, ""model__gamma"": 0.02, ""pca__n_components"": 136, ""scale__method"": ""standard""}",stage3_local_cv,0,0.79625,5.632,320
stage3_626,stage3_seed_0,"{""clean__method"": ""lof_0.05"", ""model__C"": 3.0, ""model__gamma"": 0.03, ""pca__n_components"": 136, ""scale__method"": ""standard""}",lof_0.05,standard,136,3.0,0.03,"{""clean__method"": ""lof_0.05"", ""model__C"": 3.0, ""model__gamma"": 0.03, ""pca__n_components"": 136, ""scale__method"": ""standard""}",stage3_local_cv,0,0.775,6.909,320
stage3_627,stage3_seed_0,"{""clean__method"": ""lof_0.05"", ""model__C"": 3.0, ""model__gamma"": 0.04, ""pca__n_components"": 136, ""scale__method"": ""standard""}",lof_0.05,standard,136,3.0,0.04,"{""clean__method"": ""lof_0.05"", ""model__C"": 3.0, ""model__gamma"": 0.04, ""pca__n_components"": 136, ""scale__method"": ""standard""}",stage3_local_cv,0,0.760625,5.73,320
stage3_628,stage3_seed_0,"{""clean__method"": ""lof_0.05"", ""model__C"": 4.0, ""model__gamma"": 0.01, ""pca__n_components"": 136, ""scale__method"": ""standard""}",lof_0.05,standard,136,4.0,0.01,"{""clean__method"": ""lof_0.05"", ""model__C"": 4.0, ""model__gamma"": 0.01, ""pca__n_components"": 136, ""scale__method"": ""standard""}",stage3_local_cv,0,0.805625,6.912,320
stage3_629,stage3_seed_0,"{""clean__method"": ""lof_0.05"", ""model__C"": 4.0, ""model__gamma"": 0.02, ""pca__n_components"": 136, ""scale__method"": ""standard""}",lof_0.05,standard,136,4.0,0.02,"{""clean__method"": ""lof_0.05"", ""model__C"": 4.0, ""model__gamma"": 0.02, ""pca__n_components"": 136, ""scale__method"": ""standard""}",stage3_local_cv,0,0.796875,5.827,320
stage3_630,stage3_seed_0,"{""clean__method"": ""lof_0.05"", ""model__C"": 4.0, ""model__gamma"": 0.03, ""pca__n_components"": 136, ""scale__method"": ""standard""}",lof_0.05,standard,136,4.0,0.03,"{""clean__method"": ""lof_0.05"", ""model__C"": 4.0, ""model__gamma"": 0.03, ""pca__n_components"": 136, ""scale__method"": ""standard""}",stage3_local_cv,0,0.776875,6.959,320
stage3_631,stage3_seed_0,"{""clean__method"": ""lof_0.05"", ""model__C"": 4.0, ""model__gamma"": 0.04, ""pca__n_components"": 136, ""scale__method"": ""standard""}",lof_0.05,standard,136,4.0,0.04,"{""clean__method"": ""lof_0.05"", ""model__C"": 4.0, ""model__gamma"": 0.04, ""pca__n_components"": 136, ""scale__method"": ""standard""}",stage3_local_cv,0,0.7625,5.769,320
stage3_632,stage3_seed_0,"{""clean__method"": ""lof_0.05"", ""model__C"": 6.0, ""model__gamma"": 0.01, ""pca__n_components"": 136, ""scale__method"": ""standard""}",lof_0.05,standard,136,6.0,0.01,"{""clean__method"": ""lof_0.05"", ""model__C"": 6.0, ""model__gamma"": 0.01, ""pca__n_components"": 136, ""scale__method"": ""standard""}",stage3_local_cv,0,0.7975,6.884,320
stage3_633,stage3_seed_0,"{""clean__method"": ""lof_0.05"", ""model__C"": 6.0, ""model__gamma"": 0.02, ""pca__n_components"": 136, ""scale__method"": ""standard""}",lof_0.05,standard,136,6.0,0.02,"{""clean__method"": ""lof_0.05"", ""model__C"": 6.0, ""model__gamma"": 0.02, ""pca__n_components"": 136, ""scale__method"": ""standard""}",stage3_local_cv,0,0.79625,5.847,320
stage3_634,stage3_seed_0,"{""clean__method"": ""lof_0.05"", ""model__C"": 6.0, ""model__gamma"": 0.03, ""pca__n_components"": 136, ""scale__method"": ""standard""}",lof_0.05,standard,136,6.0,0.03,"{""clean__method"": ""lof_0.05"", ""model__C"": 6.0, ""model__gamma"": 0.03, ""pca__n_components"": 136, ""scale__method"": ""standard""}",stage3_local_cv,0,0.774375,6.884,320
stage3_635,stage3_seed_0,"{""clean__method"": ""lof_0.05"", ""model__C"": 6.0, ""model__gamma"": 0.04, ""pca__n_components"": 136, ""scale__method"": ""standard""}",lof_0.05,standard,136,6.0,0.04,"{""clean__method"": ""lof_0.05"", ""model__C"": 6.0, ""model__gamma"": 0.04, ""pca__n_components"": 136, ""scale__method"": ""standard""}",stage3_local_cv,0,0.760625,5.759,320
stage3_636,stage3_seed_0,"{""clean__method"": ""lof_0.05"", ""model__C"": 8.0, ""model__gamma"": 0.01, ""pca__n_components"": 136, ""scale__method"": ""standard""}",lof_0.05,standard,136,8.0,0.01,"{""clean__method"": ""lof_0.05"", ""model__C"": 8.0, ""model__gamma"": 0.01, ""pca__n_components"": 136, ""scale__method"": ""standard""}",stage3_local_cv,0,0.794375,6.75,320
stage3_637,stage3_seed_0,"{""clean__method"": ""lof_0.05"", ""model__C"": 8.0, ""model__gamma"": 0.02, ""pca__n_components"": 136, ""scale__method"": ""standard""}",lof_0.05,standard,136,8.0,0.02,"{""clean__method"": ""lof_0.05"", ""model__C"": 8.0, ""model__gamma"": 0.02, ""pca__n_components"": 136, ""scale__method"": ""standard""}",stage3_local_cv,0,0.798125,5.787,320
stage3_638,stage3_seed_0,"{""clean__method"": ""lof_0.05"", ""model__C"": 8.0, ""model__gamma"": 0.03, ""pca__n_components"": 136, ""scale__method"": ""standard""}",lof_0.05,standard,136,8.0,0.03,"{""clean__method"": ""lof_0.05"", ""model__C"": 8.0, ""model__gamma"": 0.03, ""pca__n_components"": 136, ""scale__method"": ""standard""}",stage3_local_cv,0,0.77375,6.704,320
stage3_639,stage3_seed_0,"{""clean__method"": ""lof_0.05"", ""model__C"": 8.0, ""model__gamma"": 0.04, ""pca__n_components"": 136, ""scale__method"": ""standard""}",lof_0.05,standard,136,8.0,0.04,"{""clean__method"": ""lof_0.05"", ""model__C"": 8.0, ""model__gamma"": 0.04, ""pca__n_components"": 136, ""scale__method"": ""standard""}",stage3_local_cv,0,0.76,5.749,320
stage3_640,stage3_seed_0,"{""clean__method"": ""none"", ""model__C"": 3.0, ""model__gamma"": 0.01, ""pca__n_components"": 104, ""scale__method"": ""power_yeo""}",none,power_yeo,104,3.0,0.01,"{""clean__method"": ""none"", ""model__C"": 3.0, ""model__gamma"": 0.01, ""pca__n_components"": 104, ""scale__method"": ""power_yeo""}",stage3_local_cv,0,0.80875,9.31,0
stage3_641,stage3_seed_0,"{""clean__method"": ""none"", ""model__C"": 3.0, ""model__gamma"": 0.02, ""pca__n_components"": 104, ""scale__method"": ""power_yeo""}",none,power_yeo,104,3.0,0.02,"{""clean__method"": ""none"", ""model__C"": 3.0, ""model__gamma"": 0.02, ""pca__n_components"": 104, ""scale__method"": ""power_yeo""}",stage3_local_cv,0,0.805,9.145,0
stage3_642,stage3_seed_0,"{""clean__method"": ""none"", ""model__C"": 3.0, ""model__gamma"": 0.03, ""pca__n_components"": 104, ""scale__method"": ""power_yeo""}",none,power_yeo,104,3.0,0.03,"{""clean__method"": ""none"", ""model__C"": 3.0, ""model__gamma"": 0.03, ""pca__n_components"": 104, ""scale__method"": ""power_yeo""}",stage3_local_cv,0,0.78,8.278,0
stage3_643,stage3_seed_0,"{""clean__method"": ""none"", ""model__C"": 3.0, ""model__gamma"": 0.04, ""pca__n_components"": 104, ""scale__method"": ""power_yeo""}",none,power_yeo,104,3.0,0.04,"{""clean__method"": ""none"", ""model__C"": 3.0, ""model__gamma"": 0.04, ""pca__n_components"": 104, ""scale__method"": ""power_yeo""}",stage3_local_cv,0,0.760625,9.1,0
stage3_644,stage3_seed_0,"{""clean__method"": ""none"", ""model__C"": 4.0, ""model__gamma"": 0.01, ""pca__n_components"": 104, ""scale__method"": ""power_yeo""}",none,power_yeo,104,4.0,0.01,"{""clean__method"": ""none"", ""model__C"": 4.0, ""model__gamma"": 0.01, ""pca__n_components"": 104, ""scale__method"": ""power_yeo""}",stage3_local_cv,0,0.813125,9.407,0
stage3_645,stage3_seed_0,"{""clean__method"": ""none"", ""model__C"": 4.0, ""model__gamma"": 0.02, ""pca__n_components"": 104, ""scale__method"": ""power_yeo""}",none,power_yeo,104,4.0,0.02,"{""clean__method"": ""none"", ""model__C"": 4.0, ""model__gamma"": 0.02, ""pca__n_components"": 104, ""scale__method"": ""power_yeo""}",stage3_local_cv,0,0.80625,9.182,0
stage3_646,stage3_seed_0,"{""clean__method"": ""none"", ""model__C"": 4.0, ""model__gamma"": 0.03, ""pca__n_components"": 104, ""scale__method"": ""power_yeo""}",none,power_yeo,104,4.0,0.03,"{""clean__method"": ""none"", ""model__C"": 4.0, ""model__gamma"": 0.03, ""pca__n_components"": 104, ""scale__method"": ""power_yeo""}",stage3_local_cv,0,0.780625,8.318,0
stage3_647,stage3_seed_0,"{""clean__method"": ""none"", ""model__C"": 4.0, ""model__gamma"": 0.04, ""pca__n_components"": 104, ""scale__method"": ""power_yeo""}",none,power_yeo,104,4.0,0.04,"{""clean__method"": ""none"", ""model__C"": 4.0, ""model__gamma"": 0.04, ""pca__n_components"": 104, ""scale__method"": ""power_yeo""}",stage3_local_cv,0,0.761875,9.143,0
stage3_648,stage3_seed_0,"{""clean__method"": ""none"", ""model__C"": 6.0, ""model__gamma"": 0.01, ""pca__n_components"": 104, ""scale__method"": ""power_yeo""}",none,power_yeo,104,6.0,0.01,"{""clean__method"": ""none"", ""model__C"": 6.0, ""model__gamma"": 0.01, ""pca__n_components"": 104, ""scale__method"": ""power_yeo""}",stage3_local_cv,0,0.81125,9.384,0
stage3_649,stage3_seed_0,"{""clean__method"": ""none"", ""model__C"": 6.0, ""model__gamma"": 0.02, ""pca__n_components"": 104, ""scale__method"": ""power_yeo""}",none,power_yeo,104,6.0,0.02,"{""clean__method"": ""none"", ""model__C"": 6.0, ""model__gamma"": 0.02, ""pca__n_components"": 104, ""scale__method"": ""power_yeo""}",stage3_local_cv,0,0.804375,8.263,0
stage3_650,stage3_seed_0,"{""clean__method"": ""none"", ""model__C"": 6.0, ""model__gamma"": 0.03, ""pca__n_components"": 104, ""scale__method"": ""power_yeo""}",none,power_yeo,104,6.0,0.03,"{""clean__method"": ""none"", ""model__C"": 6.0, ""model__gamma"": 0.03, ""pca__n_components"": 104, ""scale__method"": ""power_yeo""}",stage3_local_cv,0,0.78125,9.056,0
stage3_651,stage3_seed_0,"{""clean__method"": ""none"", ""model__C"": 6.0, ""model__gamma"": 0.04, ""pca__n_components"": 104, ""scale__method"": ""power_yeo""}",none,power_yeo,104,6.0,0.04,"{""clean__method"": ""none"", ""model__C"": 6.0, ""model__gamma"": 0.04, ""pca__n_components"": 104, ""scale__method"": ""power_yeo""}",stage3_local_cv,0,0.759375,9.096,0
stage3_652,stage3_seed_0,"{""clean__method"": ""none"", ""model__C"": 8.0, ""model__gamma"": 0.01, ""pca__n_components"": 104, ""scale__method"": ""power_yeo""}",none,power_yeo,104,8.0,0.01,"{""clean__method"": ""none"", ""model__C"": 8.0, ""model__gamma"": 0.01, ""pca__n_components"": 104, ""scale__method"": ""power_yeo""}",stage3_local_cv,0,0.81,9.389,0
stage3_653,stage3_seed_0,"{""clean__method"": ""none"", ""model__C"": 8.0, ""model__gamma"": 0.02, ""pca__n_components"": 104, ""scale__method"": ""power_yeo""}",none,power_yeo,104,8.0,0.02,"{""clean__method"": ""none"", ""model__C"": 8.0, ""model__gamma"": 0.02, ""pca__n_components"": 104, ""scale__method"": ""power_yeo""}",stage3_local_cv,0,0.803125,8.198,0
stage3_654,stage3_seed_0,"{""clean__method"": ""none"", ""model__C"": 8.0, ""model__gamma"": 0.03, ""pca__n_components"": 104, ""scale__method"": ""power_yeo""}",none,power_yeo,104,8.0,0.03,"{""clean__method"": ""none"", ""model__C"": 8.0, ""model__gamma"": 0.03, ""pca__n_components"": 104, ""scale__method"": ""power_yeo""}",stage3_local_cv,0,0.77875,9.198,0
stage3_655,stage3_seed_0,"{""clean__method"": ""none"", ""model__C"": 8.0, ""model__gamma"": 0.04, ""pca__n_components"": 104, ""scale__method"": ""power_yeo""}",none,power_yeo,104,8.0,0.04,"{""clean__method"": ""none"", ""model__C"": 8.0, ""model__gamma"": 0.04, ""pca__n_components"": 104, ""scale__method"": ""power_yeo""}",stage3_local_cv,0,0.76125,8.957,0
stage3_656,stage3_seed_0,"{""clean__method"": ""none"", ""model__C"": 3.0, ""model__gamma"": 0.01, ""pca__n_components"": 112, ""scale__method"": ""power_yeo""}",none,power_yeo,112,3.0,0.01,"{""clean__method"": ""none"", ""model__C"": 3.0, ""model__gamma"": 0.01, ""pca__n_components"": 112, ""scale__method"": ""power_yeo""}",stage3_local_cv,0,0.80875,8.367,0
stage3_657,stage3_seed_0,"{""clean__method"": ""none"", ""model__C"": 3.0, ""model__gamma"": 0.02, ""pca__n_components"": 112, ""scale__method"": ""power_yeo""}",none,power_yeo,112,3.0,0.02,"{""clean__method"": ""none"", ""model__C"": 3.0, ""model__gamma"": 0.02, ""pca__n_components"": 112, ""scale__method"": ""power_yeo""}",stage3_local_cv,0,0.805,8.739,0
stage3_658,stage3_seed_0,"{""clean__method"": ""none"", ""model__C"": 3.0, ""model__gamma"": 0.03, ""pca__n_components"": 112, ""scale__method"": ""power_yeo""}",none,power_yeo,112,3.0,0.03,"{""clean__method"": ""none"", ""model__C"": 3.0, ""model__gamma"": 0.03, ""pca__n_components"": 112, ""scale__method"": ""power_yeo""}",stage3_local_cv,0,0.77875,8.915,0
stage3_659,stage3_seed_0,"{""clean__method"": ""none"", ""model__C"": 3.0, ""model__gamma"": 0.04, ""pca__n_components"": 112, ""scale__method"": ""power_yeo""}",none,power_yeo,112,3.0,0.04,"{""clean__method"": ""none"", ""model__C"": 3.0, ""model__gamma"": 0.04, ""pca__n_components"": 112, ""scale__method"": ""power_yeo""}",stage3_local_cv,0,0.760625,8.551,0
stage3_660,stage3_seed_0,"{""clean__method"": ""none"", ""model__C"": 4.0, ""model__gamma"": 0.01, ""pca__n_components"": 112, ""scale__method"": ""power_yeo""}",none,power_yeo,112,4.0,0.01,"{""clean__method"": ""none"", ""model__C"": 4.0, ""model__gamma"": 0.01, ""pca__n_components"": 112, ""scale__method"": ""power_yeo""}",stage3_local_cv,0,0.8125,8.548,0
stage3_661,stage3_seed_0,"{""clean__method"": ""none"", ""model__C"": 4.0, ""model__gamma"": 0.02, ""pca__n_components"": 112, ""scale__method"": ""power_yeo""}",none,power_yeo,112,4.0,0.02,"{""clean__method"": ""none"", ""model__C"": 4.0, ""model__gamma"": 0.02, ""pca__n_components"": 112, ""scale__method"": ""power_yeo""}",stage3_local_cv,0,0.80625,8.896,0
stage3_662,stage3_seed_0,"{""clean__method"": ""none"", ""model__C"": 4.0, ""model__gamma"": 0.03, ""pca__n_components"": 112, ""scale__method"": ""power_yeo""}",none,power_yeo,112,4.0,0.03,"{""clean__method"": ""none"", ""model__C"": 4.0, ""model__gamma"": 0.03, ""pca__n_components"": 112, ""scale__method"": ""power_yeo""}",stage3_local_cv,0,0.78,9.063,0
stage3_663,stage3_seed_0,"{""clean__method"": ""none"", ""model__C"": 4.0, ""model__gamma"": 0.04, ""pca__n_components"": 112, ""scale__method"": ""power_yeo""}",none,power_yeo,112,4.0,0.04,"{""clean__method"": ""none"", ""model__C"": 4.0, ""model__gamma"": 0.04, ""pca__n_components"": 112, ""scale__method"": ""power_yeo""}",stage3_local_cv,0,0.7625,7.865,0
stage3_664,stage3_seed_0,"{""clean__method"": ""none"", ""model__C"": 6.0, ""model__gamma"": 0.01, ""pca__n_components"": 112, ""scale__method"": ""power_yeo""}",none,power_yeo,112,6.0,0.01,"{""clean__method"": ""none"", ""model__C"": 6.0, ""model__gamma"": 0.01, ""pca__n_components"": 112, ""scale__method"": ""power_yeo""}",stage3_local_cv,0,0.815625,9.567,0
stage3_665,stage3_seed_0,"{""clean__method"": ""none"", ""model__C"": 6.0, ""model__gamma"": 0.02, ""pca__n_components"": 112, ""scale__method"": ""power_yeo""}",none,power_yeo,112,6.0,0.02,"{""clean__method"": ""none"", ""model__C"": 6.0, ""model__gamma"": 0.02, ""pca__n_components"": 112, ""scale__method"": ""power_yeo""}",stage3_local_cv,0,0.803125,8.789,0
stage3_666,stage3_seed_0,"{""clean__method"": ""none"", ""model__C"": 6.0, ""model__gamma"": 0.03, ""pca__n_components"": 112, ""scale__method"": ""power_yeo""}",none,power_yeo,112,6.0,0.03,"{""clean__method"": ""none"", ""model__C"": 6.0, ""model__gamma"": 0.03, ""pca__n_components"": 112, ""scale__method"": ""power_yeo""}",stage3_local_cv,0,0.781875,7.986,0
stage3_667,stage3_seed_0,"{""clean__method"": ""none"", ""model__C"": 6.0, ""model__gamma"": 0.04, ""pca__n_components"": 112, ""scale__method"": ""power_yeo""}",none,power_yeo,112,6.0,0.04,"{""clean__method"": ""none"", ""model__C"": 6.0, ""model__gamma"": 0.04, ""pca__n_components"": 112, ""scale__method"": ""power_yeo""}",stage3_local_cv,0,0.760625,8.686,0
stage3_668,stage3_seed_0,"{""clean__method"": ""none"", ""model__C"": 8.0, ""model__gamma"": 0.01, ""pca__n_components"": 112, ""scale__method"": ""power_yeo""}",none,power_yeo,112,8.0,0.01,"{""clean__method"": ""none"", ""model__C"": 8.0, ""model__gamma"": 0.01, ""pca__n_components"": 112, ""scale__method"": ""power_yeo""}",stage3_local_cv,0,0.814375,9.053,0
stage3_669,stage3_seed_0,"{""clean__method"": ""none"", ""model__C"": 8.0, ""model__gamma"": 0.02, ""pca__n_components"": 112, ""scale__method"": ""power_yeo""}",none,power_yeo,112,8.0,0.02,"{""clean__method"": ""none"", ""model__C"": 8.0, ""model__gamma"": 0.02, ""pca__n_components"": 112, ""scale__method"": ""power_yeo""}",stage3_local_cv,0,0.805,8.945,0
stage3_670,stage3_seed_0,"{""clean__method"": ""none"", ""model__C"": 8.0, ""model__gamma"": 0.03, ""pca__n_components"": 112, ""scale__method"": ""power_yeo""}",none,power_yeo,112,8.0,0.03,"{""clean__method"": ""none"", ""model__C"": 8.0, ""model__gamma"": 0.03, ""pca__n_components"": 112, ""scale__method"": ""power_yeo""}",stage3_local_cv,0,0.78,8.202,0
stage3_671,stage3_seed_0,"{""clean__method"": ""none"", ""model__C"": 8.0, ""model__gamma"": 0.04, ""pca__n_components"": 112, ""scale__method"": ""power_yeo""}",none,power_yeo,112,8.0,0.04,"{""clean__method"": ""none"", ""model__C"": 8.0, ""model__gamma"": 0.04, ""pca__n_components"": 112, ""scale__method"": ""power_yeo""}",stage3_local_cv,0,0.760625,8.845,0
stage3_672,stage3_seed_0,"{""clean__method"": ""none"", ""model__C"": 3.0, ""model__gamma"": 0.01, ""pca__n_components"": 120, ""scale__method"": ""power_yeo""}",none,power_yeo,120,3.0,0.01,"{""clean__method"": ""none"", ""model__C"": 3.0, ""model__gamma"": 0.01, ""pca__n_components"": 120, ""scale__method"": ""power_yeo""}",stage3_local_cv,0,0.816875,9.918,0
stage3_673,stage3_seed_0,"{""clean__method"": ""none"", ""model__C"": 3.0, ""model__gamma"": 0.02, ""pca__n_components"": 120, ""scale__method"": ""power_yeo""}",none,power_yeo,120,3.0,0.02,"{""clean__method"": ""none"", ""model__C"": 3.0, ""model__gamma"": 0.02, ""pca__n_components"": 120, ""scale__method"": ""power_yeo""}",stage3_local_cv,0,0.804375,8.438,0
stage3_674,stage3_seed_0,"{""clean__method"": ""none"", ""model__C"": 3.0, ""model__gamma"": 0.03, ""pca__n_components"": 120, ""scale__method"": ""power_yeo""}",none,power_yeo,120,3.0,0.03,"{""clean__method"": ""none"", ""model__C"": 3.0, ""model__gamma"": 0.03, ""pca__n_components"": 120, ""scale__method"": ""power_yeo""}",stage3_local_cv,0,0.77875,9.247,0
stage3_675,stage3_seed_0,"{""clean__method"": ""none"", ""model__C"": 3.0, ""model__gamma"": 0.04, ""pca__n_components"": 120, ""scale__method"": ""power_yeo""}",none,power_yeo,120,3.0,0.04,"{""clean__method"": ""none"", ""model__C"": 3.0, ""model__gamma"": 0.04, ""pca__n_components"": 120, ""scale__method"": ""power_yeo""}",stage3_local_cv,0,0.759375,9.409,0
stage3_676,stage3_seed_0,"{""clean__method"": ""none"", ""model__C"": 4.0, ""model__gamma"": 0.01, ""pca__n_components"": 120, ""scale__method"": ""power_yeo""}",none,power_yeo,120,4.0,0.01,"{""clean__method"": ""none"", ""model__C"": 4.0, ""model__gamma"": 0.01, ""pca__n_components"": 120, ""scale__method"": ""power_yeo""}",stage3_local_cv,0,0.819375,9.714,0
stage3_677,stage3_seed_0,"{""clean__method"": ""none"", ""model__C"": 4.0, ""model__gamma"": 0.02, ""pca__n_components"": 120, ""scale__method"": ""power_yeo""}",none,power_yeo,120,4.0,0.02,"{""clean__method"": ""none"", ""model__C"": 4.0, ""model__gamma"": 0.02, ""pca__n_components"": 120, ""scale__method"": ""power_yeo""}",stage3_local_cv,0,0.805,8.477,0
stage3_678,stage3_seed_0,"{""clean__method"": ""none"", ""model__C"": 4.0, ""model__gamma"": 0.03, ""pca__n_components"": 120, ""scale__method"": ""power_yeo""}",none,power_yeo,120,4.0,0.03,"{""clean__method"": ""none"", ""model__C"": 4.0, ""model__gamma"": 0.03, ""pca__n_components"": 120, ""scale__method"": ""power_yeo""}",stage3_local_cv,0,0.7825,9.32,0
stage3_679,stage3_seed_0,"{""clean__method"": ""none"", ""model__C"": 4.0, ""model__gamma"": 0.04, ""pca__n_components"": 120, ""scale__method"": ""power_yeo""}",none,power_yeo,120,4.0,0.04,"{""clean__method"": ""none"", ""model__C"": 4.0, ""model__gamma"": 0.04, ""pca__n_components"": 120, ""scale__method"": ""power_yeo""}",stage3_local_cv,0,0.760625,9.312,0
stage3_680,stage3_seed_0,"{""clean__method"": ""none"", ""model__C"": 6.0, ""model__gamma"": 0.01, ""pca__n_components"": 120, ""scale__method"": ""power_yeo""}",none,power_yeo,120,6.0,0.01,"{""clean__method"": ""none"", ""model__C"": 6.0, ""model__gamma"": 0.01, ""pca__n_components"": 120, ""scale__method"": ""power_yeo""}",stage3_local_cv,0,0.81625,9.674,0
stage3_681,stage3_seed_0,"{""clean__method"": ""none"", ""model__C"": 6.0, ""model__gamma"": 0.02, ""pca__n_components"": 120, ""scale__method"": ""power_yeo""}",none,power_yeo,120,6.0,0.02,"{""clean__method"": ""none"", ""model__C"": 6.0, ""model__gamma"": 0.02, ""pca__n_components"": 120, ""scale__method"": ""power_yeo""}",stage3_local_cv,0,0.805625,8.484,0
stage3_682,stage3_seed_0,"{""clean__method"": ""none"", ""model__C"": 6.0, ""model__gamma"": 0.03, ""pca__n_components"": 120, ""scale__method"": ""power_yeo""}",none,power_yeo,120,6.0,0.03,"{""clean__method"": ""none"", ""model__C"": 6.0, ""model__gamma"": 0.03, ""pca__n_components"": 120, ""scale__method"": ""power_yeo""}",stage3_local_cv,0,0.778125,9.343,0
stage3_683,stage3_seed_0,"{""clean__method"": ""none"", ""model__C"": 6.0, ""model__gamma"": 0.04, ""pca__n_components"": 120, ""scale__method"": ""power_yeo""}",none,power_yeo,120,6.0,0.04,"{""clean__method"": ""none"", ""model__C"": 6.0, ""model__gamma"": 0.04, ""pca__n_components"": 120, ""scale__method"": ""power_yeo""}",stage3_local_cv,0,0.761875,9.132,0
stage3_684,stage3_seed_0,"{""clean__method"": ""none"", ""model__C"": 8.0, ""model__gamma"": 0.01, ""pca__n_components"": 120, ""scale__method"": ""power_yeo""}",none,power_yeo,120,8.0,0.01,"{""clean__method"": ""none"", ""model__C"": 8.0, ""model__gamma"": 0.01, ""pca__n_components"": 120, ""scale__method"": ""power_yeo""}",stage3_local_cv,0,0.81375,9.672,0
stage3_685,stage3_seed_0,"{""clean__method"": ""none"", ""model__C"": 8.0, ""model__gamma"": 0.02, ""pca__n_components"": 120, ""scale__method"": ""power_yeo""}",none,power_yeo,120,8.0,0.02,"{""clean__method"": ""none"", ""model__C"": 8.0, ""model__gamma"": 0.02, ""pca__n_components"": 120, ""scale__method"": ""power_yeo""}",stage3_local_cv,0,0.803125,8.736,0
stage3_686,stage3_seed_0,"{""clean__method"": ""none"", ""model__C"": 8.0, ""model__gamma"": 0.03, ""pca__n_components"": 120, ""scale__method"": ""power_yeo""}",none,power_yeo,120,8.0,0.03,"{""clean__method"": ""none"", ""model__C"": 8.0, ""model__gamma"": 0.03, ""pca__n_components"": 120, ""scale__method"": ""power_yeo""}",stage3_local_cv,0,0.778125,9.225,0
stage3_687,stage3_seed_0,"{""clean__method"": ""none"", ""model__C"": 8.0, ""model__gamma"": 0.04, ""pca__n_components"": 120, ""scale__method"": ""power_yeo""}",none,power_yeo,120,8.0,0.04,"{""clean__method"": ""none"", ""model__C"": 8.0, ""model__gamma"": 0.04, ""pca__n_components"": 120, ""scale__method"": ""power_yeo""}",stage3_local_cv,0,0.7625,9.21,0
stage3_688,stage3_seed_0,"{""clean__method"": ""none"", ""model__C"": 3.0, ""model__gamma"": 0.01, ""pca__n_components"": 128, ""scale__method"": ""power_yeo""}",none,power_yeo,128,3.0,0.01,"{""clean__method"": ""none"", ""model__C"": 3.0, ""model__gamma"": 0.01, ""pca__n_components"": 128, ""scale__method"": ""power_yeo""}",stage3_local_cv,0,0.81375,8.939,0
stage3_689,stage3_seed_0,"{""clean__method"": ""none"", ""model__C"": 3.0, ""model__gamma"": 0.02, ""pca__n_components"": 128, ""scale__method"": ""power_yeo""}",none,power_yeo,128,3.0,0.02,"{""clean__method"": ""none"", ""model__C"": 3.0, ""model__gamma"": 0.02, ""pca__n_components"": 128, ""scale__method"": ""power_yeo""}",stage3_local_cv,0,0.803125,8.802,0
stage3_690,stage3_seed_0,"{""clean__method"": ""none"", ""model__C"": 3.0, ""model__gamma"": 0.03, ""pca__n_components"": 128, ""scale__method"": ""power_yeo""}",none,power_yeo,128,3.0,0.03,"{""clean__method"": ""none"", ""model__C"": 3.0, ""model__gamma"": 0.03, ""pca__n_components"": 128, ""scale__method"": ""power_yeo""}",stage3_local_cv,0,0.779375,9.208,0
stage3_691,stage3_seed_0,"{""clean__method"": ""none"", ""model__C"": 3.0, ""model__gamma"": 0.04, ""pca__n_components"": 128, ""scale__method"": ""power_yeo""}",none,power_yeo,128,3.0,0.04,"{""clean__method"": ""none"", ""model__C"": 3.0, ""model__gamma"": 0.04, ""pca__n_components"": 128, ""scale__method"": ""power_yeo""}",stage3_local_cv,0,0.760625,9.166,0
stage3_692,stage3_seed_0,"{""clean__method"": ""none"", ""model__C"": 4.0, ""model__gamma"": 0.01, ""pca__n_components"": 128, ""scale__method"": ""power_yeo""}",none,power_yeo,128,4.0,0.01,"{""clean__method"": ""none"", ""model__C"": 4.0, ""model__gamma"": 0.01, ""pca__n_components"": 128, ""scale__method"": ""power_yeo""}",stage3_local_cv,0,0.81625,8.452,0
stage3_693,stage3_seed_0,"{""clean__method"": ""none"", ""model__C"": 4.0, ""model__gamma"": 0.02, ""pca__n_components"": 128, ""scale__method"": ""power_yeo""}",none,power_yeo,128,4.0,0.02,"{""clean__method"": ""none"", ""model__C"": 4.0, ""model__gamma"": 0.02, ""pca__n_components"": 128, ""scale__method"": ""power_yeo""}",stage3_local_cv,0,0.801875,9.165,0
stage3_694,stage3_seed_0,"{""clean__method"": ""none"", ""model__C"": 4.0, ""model__gamma"": 0.03, ""pca__n_components"": 128, ""scale__method"": ""power_yeo""}",none,power_yeo,128,4.0,0.03,"{""clean__method"": ""none"", ""model__C"": 4.0, ""model__gamma"": 0.03, ""pca__n_components"": 128, ""scale__method"": ""power_yeo""}",stage3_local_cv,0,0.77875,9.083,0
stage3_695,stage3_seed_0,"{""clean__method"": ""none"", ""model__C"": 4.0, ""model__gamma"": 0.04, ""pca__n_components"": 128, ""scale__method"": ""power_yeo""}",none,power_yeo,128,4.0,0.04,"{""clean__method"": ""none"", ""model__C"": 4.0, ""model__gamma"": 0.04, ""pca__n_components"": 128, ""scale__method"": ""power_yeo""}",stage3_local_cv,0,0.763125,8.921,0
stage3_696,stage3_seed_0,"{""clean__method"": ""none"", ""model__C"": 6.0, ""model__gamma"": 0.01, ""pca__n_components"": 128, ""scale__method"": ""power_yeo""}",none,power_yeo,128,6.0,0.01,"{""clean__method"": ""none"", ""model__C"": 6.0, ""model__gamma"": 0.01, ""pca__n_components"": 128, ""scale__method"": ""power_yeo""}",stage3_local_cv,0,0.81375,8.663,0
stage3_697,stage3_seed_0,"{""clean__method"": ""none"", ""model__C"": 6.0, ""model__gamma"": 0.02, ""pca__n_components"": 128, ""scale__method"": ""power_yeo""}",none,power_yeo,128,6.0,0.02,"{""clean__method"": ""none"", ""model__C"": 6.0, ""model__gamma"": 0.02, ""pca__n_components"": 128, ""scale__method"": ""power_yeo""}",stage3_local_cv,0,0.80375,9.221,0
stage3_698,stage3_seed_0,"{""clean__method"": ""none"", ""model__C"": 6.0, ""model__gamma"": 0.03, ""pca__n_components"": 128, ""scale__method"": ""power_yeo""}",none,power_yeo,128,6.0,0.03,"{""clean__method"": ""none"", ""model__C"": 6.0, ""model__gamma"": 0.03, ""pca__n_components"": 128, ""scale__method"": ""power_yeo""}",stage3_local_cv,0,0.776875,9.228,0
stage3_699,stage3_seed_0,"{""clean__method"": ""none"", ""model__C"": 6.0, ""model__gamma"": 0.04, ""pca__n_components"": 128, ""scale__method"": ""power_yeo""}",none,power_yeo,128,6.0,0.04,"{""clean__method"": ""none"", ""model__C"": 6.0, ""model__gamma"": 0.04, ""pca__n_components"": 128, ""scale__method"": ""power_yeo""}",stage3_local_cv,0,0.760625,8.261,0
stage3_700,stage3_seed_0,"{""clean__method"": ""none"", ""model__C"": 8.0, ""model__gamma"": 0.01, ""pca__n_components"": 128, ""scale__method"": ""power_yeo""}",none,power_yeo,128,8.0,0.01,"{""clean__method"": ""none"", ""model__C"": 8.0, ""model__gamma"": 0.01, ""pca__n_components"": 128, ""scale__method"": ""power_yeo""}",stage3_local_cv,0,0.81375,9.408,0
stage3_701,stage3_seed_0,"{""clean__method"": ""none"", ""model__C"": 8.0, ""model__gamma"": 0.02, ""pca__n_components"": 128, ""scale__method"": ""power_yeo""}",none,power_yeo,128,8.0,0.02,"{""clean__method"": ""none"", ""model__C"": 8.0, ""model__gamma"": 0.02, ""pca__n_components"": 128, ""scale__method"": ""power_yeo""}",stage3_local_cv,0,0.80125,10.072,0
stage3_702,stage3_seed_0,"{""clean__method"": ""none"", ""model__C"": 8.0, ""model__gamma"": 0.03, ""pca__n_components"": 128, ""scale__method"": ""power_yeo""}",none,power_yeo,128,8.0,0.03,"{""clean__method"": ""none"", ""model__C"": 8.0, ""model__gamma"": 0.03, ""pca__n_components"": 128, ""scale__method"": ""power_yeo""}",stage3_local_cv,0,0.775625,9.167,0
stage3_703,stage3_seed_0,"{""clean__method"": ""none"", ""model__C"": 8.0, ""model__gamma"": 0.04, ""pca__n_components"": 128, ""scale__method"": ""power_yeo""}",none,power_yeo,128,8.0,0.04,"{""clean__method"": ""none"", ""model__C"": 8.0, ""model__gamma"": 0.04, ""pca__n_components"": 128, ""scale__method"": ""power_yeo""}",stage3_local_cv,0,0.76,8.455,0
stage3_704,stage3_seed_0,"{""clean__method"": ""none"", ""model__C"": 3.0, ""model__gamma"": 0.01, ""pca__n_components"": 136, ""scale__method"": ""power_yeo""}",none,power_yeo,136,3.0,0.01,"{""clean__method"": ""none"", ""model__C"": 3.0, ""model__gamma"": 0.01, ""pca__n_components"": 136, ""scale__method"": ""power_yeo""}",stage3_local_cv,0,0.8125,10.789,0
stage3_705,stage3_seed_0,"{""clean__method"": ""none"", ""model__C"": 3.0, ""model__gamma"": 0.02, ""pca__n_components"": 136, ""scale__method"": ""power_yeo""}",none,power_yeo,136,3.0,0.02,"{""clean__method"": ""none"", ""model__C"": 3.0, ""model__gamma"": 0.02, ""pca__n_components"": 136, ""scale__method"": ""power_yeo""}",stage3_local_cv,0,0.80375,10.704,0
stage3_706,stage3_seed_0,"{""clean__method"": ""none"", ""model__C"": 3.0, ""model__gamma"": 0.03, ""pca__n_components"": 136, ""scale__method"": ""power_yeo""}",none,power_yeo,136,3.0,0.03,"{""clean__method"": ""none"", ""model__C"": 3.0, ""model__gamma"": 0.03, ""pca__n_components"": 136, ""scale__method"": ""power_yeo""}",stage3_local_cv,0,0.779375,10.363,0
stage3_707,stage3_seed_0,"{""clean__method"": ""none"", ""model__C"": 3.0, ""model__gamma"": 0.04, ""pca__n_components"": 136, ""scale__method"": ""power_yeo""}",none,power_yeo,136,3.0,0.04,"{""clean__method"": ""none"", ""model__C"": 3.0, ""model__gamma"": 0.04, ""pca__n_components"": 136, ""scale__method"": ""power_yeo""}",stage3_local_cv,0,0.75875,10.426,0
stage3_708,stage3_seed_0,"{""clean__method"": ""none"", ""model__C"": 4.0, ""model__gamma"": 0.01, ""pca__n_components"": 136, ""scale__method"": ""power_yeo""}",none,power_yeo,136,4.0,0.01,"{""clean__method"": ""none"", ""model__C"": 4.0, ""model__gamma"": 0.01, ""pca__n_components"": 136, ""scale__method"": ""power_yeo""}",stage3_local_cv,0,0.809375,10.923,0
stage3_709,stage3_seed_0,"{""clean__method"": ""none"", ""model__C"": 4.0, ""model__gamma"": 0.02, ""pca__n_components"": 136, ""scale__method"": ""power_yeo""}",none,power_yeo,136,4.0,0.02,"{""clean__method"": ""none"", ""model__C"": 4.0, ""model__gamma"": 0.02, ""pca__n_components"": 136, ""scale__method"": ""power_yeo""}",stage3_local_cv,0,0.801875,9.784,0
stage3_710,stage3_seed_0,"{""clean__method"": ""none"", ""model__C"": 4.0, ""model__gamma"": 0.03, ""pca__n_components"": 136, ""scale__method"": ""power_yeo""}",none,power_yeo,136,4.0,0.03,"{""clean__method"": ""none"", ""model__C"": 4.0, ""model__gamma"": 0.03, ""pca__n_components"": 136, ""scale__method"": ""power_yeo""}",stage3_local_cv,0,0.7775,10.314,0
stage3_711,stage3_seed_0,"{""clean__method"": ""none"", ""model__C"": 4.0, ""model__gamma"": 0.04, ""pca__n_components"": 136, ""scale__method"": ""power_yeo""}",none,power_yeo,136,4.0,0.04,"{""clean__method"": ""none"", ""model__C"": 4.0, ""model__gamma"": 0.04, ""pca__n_components"": 136, ""scale__method"": ""power_yeo""}",stage3_local_cv,0,0.75875,10.352,0
stage3_712,stage3_seed_0,"{""clean__method"": ""none"", ""model__C"": 6.0, ""model__gamma"": 0.01, ""pca__n_components"": 136, ""scale__method"": ""power_yeo""}",none,power_yeo,136,6.0,0.01,"{""clean__method"": ""none"", ""model__C"": 6.0, ""model__gamma"": 0.01, ""pca__n_components"": 136, ""scale__method"": ""power_yeo""}",stage3_local_cv,0,0.80875,10.436,0
stage3_713,stage3_seed_0,"{""clean__method"": ""none"", ""model__C"": 6.0, ""model__gamma"": 0.02, ""pca__n_components"": 136, ""scale__method"": ""power_yeo""}",none,power_yeo,136,6.0,0.02,"{""clean__method"": ""none"", ""model__C"": 6.0, ""model__gamma"": 0.02, ""pca__n_components"": 136, ""scale__method"": ""power_yeo""}",stage3_local_cv,0,0.80375,10.633,0
stage3_714,stage3_seed_0,"{""clean__method"": ""none"", ""model__C"": 6.0, ""model__gamma"": 0.03, ""pca__n_components"": 136, ""scale__method"": ""power_yeo""}",none,power_yeo,136,6.0,0.03,"{""clean__method"": ""none"", ""model__C"": 6.0, ""model__gamma"": 0.03, ""pca__n_components"": 136, ""scale__method"": ""power_yeo""}",stage3_local_cv,0,0.77625,10.761,0
stage3_715,stage3_seed_0,"{""clean__method"": ""none"", ""model__C"": 6.0, ""model__gamma"": 0.04, ""pca__n_components"": 136, ""scale__method"": ""power_yeo""}",none,power_yeo,136,6.0,0.04,"{""clean__method"": ""none"", ""model__C"": 6.0, ""model__gamma"": 0.04, ""pca__n_components"": 136, ""scale__method"": ""power_yeo""}",stage3_local_cv,0,0.75875,9.87,0
stage3_716,stage3_seed_0,"{""clean__method"": ""none"", ""model__C"": 8.0, ""model__gamma"": 0.01, ""pca__n_components"": 136, ""scale__method"": ""power_yeo""}",none,power_yeo,136,8.0,0.01,"{""clean__method"": ""none"", ""model__C"": 8.0, ""model__gamma"": 0.01, ""pca__n_components"": 136, ""scale__method"": ""power_yeo""}",stage3_local_cv,0,0.806875,10.271,0
stage3_717,stage3_seed_0,"{""clean__method"": ""none"", ""model__C"": 8.0, ""model__gamma"": 0.02, ""pca__n_components"": 136, ""scale__method"": ""power_yeo""}",none,power_yeo,136,8.0,0.02,"{""clean__method"": ""none"", ""model__C"": 8.0, ""model__gamma"": 0.02, ""pca__n_components"": 136, ""scale__method"": ""power_yeo""}",stage3_local_cv,0,0.80125,10.577,0
stage3_718,stage3_seed_0,"{""clean__method"": ""none"", ""model__C"": 8.0, ""model__gamma"": 0.03, ""pca__n_components"": 136, ""scale__method"": ""power_yeo""}",none,power_yeo,136,8.0,0.03,"{""clean__method"": ""none"", ""model__C"": 8.0, ""model__gamma"": 0.03, ""pca__n_components"": 136, ""scale__method"": ""power_yeo""}",stage3_local_cv,0,0.775625,10.573,0
stage3_719,stage3_seed_0,"{""clean__method"": ""none"", ""model__C"": 8.0, ""model__gamma"": 0.04, ""pca__n_components"": 136, ""scale__method"": ""power_yeo""}",none,power_yeo,136,8.0,0.04,"{""clean__method"": ""none"", ""model__C"": 8.0, ""model__gamma"": 0.04, ""pca__n_components"": 136, ""scale__method"": ""power_yeo""}",stage3_local_cv,0,0.760625,10.282,0
stage3_720,stage3_seed_0,"{""clean__method"": ""none"", ""model__C"": 3.0, ""model__gamma"": 0.01, ""pca__n_components"": 104, ""scale__method"": ""quantile_normal""}",none,quantile_normal,104,3.0,0.01,"{""clean__method"": ""none"", ""model__C"": 3.0, ""model__gamma"": 0.01, ""pca__n_components"": 104, ""scale__method"": ""quantile_normal""}",stage3_local_cv,0,0.8125,5.657,0
stage3_721,stage3_seed_0,"{""clean__method"": ""none"", ""model__C"": 3.0, ""model__gamma"": 0.02, ""pca__n_components"": 104, ""scale__method"": ""quantile_normal""}",none,quantile_normal,104,3.0,0.02,"{""clean__method"": ""none"", ""model__C"": 3.0, ""model__gamma"": 0.02, ""pca__n_components"": 104, ""scale__method"": ""quantile_normal""}",stage3_local_cv,0,0.808125,6.224,0
stage3_722,stage3_seed_0,"{""clean__method"": ""none"", ""model__C"": 3.0, ""model__gamma"": 0.03, ""pca__n_components"": 104, ""scale__method"": ""quantile_normal""}",none,quantile_normal,104,3.0,0.03,"{""clean__method"": ""none"", ""model__C"": 3.0, ""model__gamma"": 0.03, ""pca__n_components"": 104, ""scale__method"": ""quantile_normal""}",stage3_local_cv,0,0.779375,5.446,0
stage3_723,stage3_seed_0,"{""clean__method"": ""none"", ""model__C"": 3.0, ""model__gamma"": 0.04, ""pca__n_components"": 104, ""scale__method"": ""quantile_normal""}",none,quantile_normal,104,3.0,0.04,"{""clean__method"": ""none"", ""model__C"": 3.0, ""model__gamma"": 0.04, ""pca__n_components"": 104, ""scale__method"": ""quantile_normal""}",stage3_local_cv,0,0.765,6.121,0
stage3_724,stage3_seed_0,"{""clean__method"": ""none"", ""model__C"": 4.0, ""model__gamma"": 0.01, ""pca__n_components"": 104, ""scale__method"": ""quantile_normal""}",none,quantile_normal,104,4.0,0.01,"{""clean__method"": ""none"", ""model__C"": 4.0, ""model__gamma"": 0.01, ""pca__n_components"": 104, ""scale__method"": ""quantile_normal""}",stage3_local_cv,0,0.814375,5.776,0
stage3_725,stage3_seed_0,"{""clean__method"": ""none"", ""model__C"": 4.0, ""model__gamma"": 0.02, ""pca__n_components"": 104, ""scale__method"": ""quantile_normal""}",none,quantile_normal,104,4.0,0.02,"{""clean__method"": ""none"", ""model__C"": 4.0, ""model__gamma"": 0.02, ""pca__n_components"": 104, ""scale__method"": ""quantile_normal""}",stage3_local_cv,0,0.806875,6.344,0
stage3_726,stage3_seed_0,"{""clean__method"": ""none"", ""model__C"": 4.0, ""model__gamma"": 0.03, ""pca__n_components"": 104, ""scale__method"": ""quantile_normal""}",none,quantile_normal,104,4.0,0.03,"{""clean__method"": ""none"", ""model__C"": 4.0, ""model__gamma"": 0.03, ""pca__n_components"": 104, ""scale__method"": ""quantile_normal""}",stage3_local_cv,0,0.780625,5.329,0
stage3_727,stage3_seed_0,"{""clean__method"": ""none"", ""model__C"": 4.0, ""model__gamma"": 0.04, ""pca__n_components"": 104, ""scale__method"": ""quantile_normal""}",none,quantile_normal,104,4.0,0.04,"{""clean__method"": ""none"", ""model__C"": 4.0, ""model__gamma"": 0.04, ""pca__n_components"": 104, ""scale__method"": ""quantile_normal""}",stage3_local_cv,0,0.765625,6.404,0
stage3_728,stage3_seed_0,"{""clean__method"": ""none"", ""model__C"": 6.0, ""model__gamma"": 0.01, ""pca__n_components"": 104, ""scale__method"": ""quantile_normal""}",none,quantile_normal,104,6.0,0.01,"{""clean__method"": ""none"", ""model__C"": 6.0, ""model__gamma"": 0.01, ""pca__n_components"": 104, ""scale__method"": ""quantile_normal""}",stage3_local_cv,0,0.8125,5.797,0
stage3_729,stage3_seed_0,"{""clean__method"": ""none"", ""model__C"": 6.0, ""model__gamma"": 0.02, ""pca__n_components"": 104, ""scale__method"": ""quantile_normal""}",none,quantile_normal,104,6.0,0.02,"{""clean__method"": ""none"", ""model__C"": 6.0, ""model__gamma"": 0.02, ""pca__n_components"": 104, ""scale__method"": ""quantile_normal""}",stage3_local_cv,0,0.80375,6.522,0
stage3_730,stage3_seed_0,"{""clean__method"": ""none"", ""model__C"": 6.0, ""model__gamma"": 0.03, ""pca__n_components"": 104, ""scale__method"": ""quantile_normal""}",none,quantile_normal,104,6.0,0.03,"{""clean__method"": ""none"", ""model__C"": 6.0, ""model__gamma"": 0.03, ""pca__n_components"": 104, ""scale__method"": ""quantile_normal""}",stage3_local_cv,0,0.784375,5.489,0
stage3_731,stage3_seed_0,"{""clean__method"": ""none"", ""model__C"": 6.0, ""model__gamma"": 0.04, ""pca__n_components"": 104, ""scale__method"": ""quantile_normal""}",none,quantile_normal,104,6.0,0.04,"{""clean__method"": ""none"", ""model__C"": 6.0, ""model__gamma"": 0.04, ""pca__n_components"": 104, ""scale__method"": ""quantile_normal""}",stage3_local_cv,0,0.76625,6.483,0
stage3_732,stage3_seed_0,"{""clean__method"": ""none"", ""model__C"": 8.0, ""model__gamma"": 0.01, ""pca__n_components"": 104, ""scale__method"": ""quantile_normal""}",none,quantile_normal,104,8.0,0.01,"{""clean__method"": ""none"", ""model__C"": 8.0, ""model__gamma"": 0.01, ""pca__n_components"": 104, ""scale__method"": ""quantile_normal""}",stage3_local_cv,0,0.809375,5.71,0
stage3_733,stage3_seed_0,"{""clean__method"": ""none"", ""model__C"": 8.0, ""model__gamma"": 0.02, ""pca__n_components"": 104, ""scale__method"": ""quantile_normal""}",none,quantile_normal,104,8.0,0.02,"{""clean__method"": ""none"", ""model__C"": 8.0, ""model__gamma"": 0.02, ""pca__n_components"": 104, ""scale__method"": ""quantile_normal""}",stage3_local_cv,0,0.79875,6.447,0
stage3_734,stage3_seed_0,"{""clean__method"": ""none"", ""model__C"": 8.0, ""model__gamma"": 0.03, ""pca__n_components"": 104, ""scale__method"": ""quantile_normal""}",none,quantile_normal,104,8.0,0.03,"{""clean__method"": ""none"", ""model__C"": 8.0, ""model__gamma"": 0.03, ""pca__n_components"": 104, ""scale__method"": ""quantile_normal""}",stage3_local_cv,0,0.785625,5.622,0
stage3_735,stage3_seed_0,"{""clean__method"": ""none"", ""model__C"": 8.0, ""model__gamma"": 0.04, ""pca__n_components"": 104, ""scale__method"": ""quantile_normal""}",none,quantile_normal,104,8.0,0.04,"{""clean__method"": ""none"", ""model__C"": 8.0, ""model__gamma"": 0.04, ""pca__n_components"": 104, ""scale__method"": ""quantile_normal""}",stage3_local_cv,0,0.7675,6.106,0
stage3_736,stage3_seed_0,"{""clean__method"": ""none"", ""model__C"": 3.0, ""model__gamma"": 0.01, ""pca__n_components"": 112, ""scale__method"": ""quantile_normal""}",none,quantile_normal,112,3.0,0.01,"{""clean__method"": ""none"", ""model__C"": 3.0, ""model__gamma"": 0.01, ""pca__n_components"": 112, ""scale__method"": ""quantile_normal""}",stage3_local_cv,0,0.810625,5.567,0
stage3_737,stage3_seed_0,"{""clean__method"": ""none"", ""model__C"": 3.0, ""model__gamma"": 0.02, ""pca__n_components"": 112, ""scale__method"": ""quantile_normal""}",none,quantile_normal,112,3.0,0.02,"{""clean__method"": ""none"", ""model__C"": 3.0, ""model__gamma"": 0.02, ""pca__n_components"": 112, ""scale__method"": ""quantile_normal""}",stage3_local_cv,0,0.803125,5.183,0
stage3_738,stage3_seed_0,"{""clean__method"": ""none"", ""model__C"": 3.0, ""model__gamma"": 0.03, ""pca__n_components"": 112, ""scale__method"": ""quantile_normal""}",none,quantile_normal,112,3.0,0.03,"{""clean__method"": ""none"", ""model__C"": 3.0, ""model__gamma"": 0.03, ""pca__n_components"": 112, ""scale__method"": ""quantile_normal""}",stage3_local_cv,0,0.784375,5.923,0
stage3_739,stage3_seed_0,"{""clean__method"": ""none"", ""model__C"": 3.0, ""model__gamma"": 0.04, ""pca__n_components"": 112, ""scale__method"": ""quantile_normal""}",none,quantile_normal,112,3.0,0.04,"{""clean__method"": ""none"", ""model__C"": 3.0, ""model__gamma"": 0.04, ""pca__n_components"": 112, ""scale__method"": ""quantile_normal""}",stage3_local_cv,0,0.76625,5.077,0
stage3_740,stage3_seed_0,"{""clean__method"": ""none"", ""model__C"": 4.0, ""model__gamma"": 0.01, ""pca__n_components"": 112, ""scale__method"": ""quantile_normal""}",none,quantile_normal,112,4.0,0.01,"{""clean__method"": ""none"", ""model__C"": 4.0, ""model__gamma"": 0.01, ""pca__n_components"": 112, ""scale__method"": ""quantile_normal""}",stage3_local_cv,0,0.811875,6.248,0
stage3_741,stage3_seed_0,"{""clean__method"": ""none"", ""model__C"": 4.0, ""model__gamma"": 0.02, ""pca__n_components"": 112, ""scale__method"": ""quantile_normal""}",none,quantile_normal,112,4.0,0.02,"{""clean__method"": ""none"", ""model__C"": 4.0, ""model__gamma"": 0.02, ""pca__n_components"": 112, ""scale__method"": ""quantile_normal""}",stage3_local_cv,0,0.805,5.238,0
stage3_742,stage3_seed_0,"{""clean__method"": ""none"", ""model__C"": 4.0, ""model__gamma"": 0.03, ""pca__n_components"": 112, ""scale__method"": ""quantile_normal""}",none,quantile_normal,112,4.0,0.03,"{""clean__method"": ""none"", ""model__C"": 4.0, ""model__gamma"": 0.03, ""pca__n_components"": 112, ""scale__method"": ""quantile_normal""}",stage3_local_cv,0,0.7825,6.067,0
stage3_743,stage3_seed_0,"{""clean__method"": ""none"", ""model__C"": 4.0, ""model__gamma"": 0.04, ""pca__n_components"": 112, ""scale__method"": ""quantile_normal""}",none,quantile_normal,112,4.0,0.04,"{""clean__method"": ""none"", ""model__C"": 4.0, ""model__gamma"": 0.04, ""pca__n_components"": 112, ""scale__method"": ""quantile_normal""}",stage3_local_cv,0,0.766875,5.19,0
stage3_744,stage3_seed_0,"{""clean__method"": ""none"", ""model__C"": 6.0, ""model__gamma"": 0.01, ""pca__n_components"": 112, ""scale__method"": ""quantile_normal""}",none,quantile_normal,112,6.0,0.01,"{""clean__method"": ""none"", ""model__C"": 6.0, ""model__gamma"": 0.01, ""pca__n_components"": 112, ""scale__method"": ""quantile_normal""}",stage3_local_cv,0,0.81125,6.342,0
stage3_745,stage3_seed_0,"{""clean__method"": ""none"", ""model__C"": 6.0, ""model__gamma"": 0.02, ""pca__n_components"": 112, ""scale__method"": ""quantile_normal""}",none,quantile_normal,112,6.0,0.02,"{""clean__method"": ""none"", ""model__C"": 6.0, ""model__gamma"": 0.02, ""pca__n_components"": 112, ""scale__method"": ""quantile_normal""}",stage3_local_cv,0,0.800625,5.171,0
stage3_746,stage3_seed_0,"{""clean__method"": ""none"", ""model__C"": 6.0, ""model__gamma"": 0.03, ""pca__n_components"": 112, ""scale__method"": ""quantile_normal""}",none,quantile_normal,112,6.0,0.03,"{""clean__method"": ""none"", ""model__C"": 6.0, ""model__gamma"": 0.03, ""pca__n_components"": 112, ""scale__method"": ""quantile_normal""}",stage3_local_cv,0,0.783125,5.935,0
stage3_747,stage3_seed_0,"{""clean__method"": ""none"", ""model__C"": 6.0, ""model__gamma"": 0.04, ""pca__n_components"": 112, ""scale__method"": ""quantile_normal""}",none,quantile_normal,112,6.0,0.04,"{""clean__method"": ""none"", ""model__C"": 6.0, ""model__gamma"": 0.04, ""pca__n_components"": 112, ""scale__method"": ""quantile_normal""}",stage3_local_cv,0,0.7675,5.282,0
stage3_748,stage3_seed_0,"{""clean__method"": ""none"", ""model__C"": 8.0, ""model__gamma"": 0.01, ""pca__n_components"": 112, ""scale__method"": ""quantile_normal""}",none,quantile_normal,112,8.0,0.01,"{""clean__method"": ""none"", ""model__C"": 8.0, ""model__gamma"": 0.01, ""pca__n_components"": 112, ""scale__method"": ""quantile_normal""}",stage3_local_cv,0,0.811875,5.346,0
stage3_749,stage3_seed_0,"{""clean__method"": ""none"", ""model__C"": 8.0, ""model__gamma"": 0.02, ""pca__n_components"": 112, ""scale__method"": ""quantile_normal""}",none,quantile_normal,112,8.0,0.02,"{""clean__method"": ""none"", ""model__C"": 8.0, ""model__gamma"": 0.02, ""pca__n_components"": 112, ""scale__method"": ""quantile_normal""}",stage3_local_cv,0,0.8,6.216,0
stage3_750,stage3_seed_0,"{""clean__method"": ""none"", ""model__C"": 8.0, ""model__gamma"": 0.03, ""pca__n_components"": 112, ""scale__method"": ""quantile_normal""}",none,quantile_normal,112,8.0,0.03,"{""clean__method"": ""none"", ""model__C"": 8.0, ""model__gamma"": 0.03, ""pca__n_components"": 112, ""scale__method"": ""quantile_normal""}",stage3_local_cv,0,0.78375,5.302,0
stage3_751,stage3_seed_0,"{""clean__method"": ""none"", ""model__C"": 8.0, ""model__gamma"": 0.04, ""pca__n_components"": 112, ""scale__method"": ""quantile_normal""}",none,quantile_normal,112,8.0,0.04,"{""clean__method"": ""none"", ""model__C"": 8.0, ""model__gamma"": 0.04, ""pca__n_components"": 112, ""scale__method"": ""quantile_normal""}",stage3_local_cv,0,0.768125,5.864,0
stage3_752,stage3_seed_0,"{""clean__method"": ""none"", ""model__C"": 3.0, ""model__gamma"": 0.01, ""pca__n_components"": 120, ""scale__method"": ""quantile_normal""}",none,quantile_normal,120,3.0,0.01,"{""clean__method"": ""none"", ""model__C"": 3.0, ""model__gamma"": 0.01, ""pca__n_components"": 120, ""scale__method"": ""quantile_normal""}",stage3_local_cv,0,0.816875,5.993,0
stage3_753,stage3_seed_0,"{""clean__method"": ""none"", ""model__C"": 3.0, ""model__gamma"": 0.02, ""pca__n_components"": 120, ""scale__method"": ""quantile_normal""}",none,quantile_normal,120,3.0,0.02,"{""clean__method"": ""none"", ""model__C"": 3.0, ""model__gamma"": 0.02, ""pca__n_components"": 120, ""scale__method"": ""quantile_normal""}",stage3_local_cv,0,0.8025,6.389,0
stage3_754,stage3_seed_0,"{""clean__method"": ""none"", ""model__C"": 3.0, ""model__gamma"": 0.03, ""pca__n_components"": 120, ""scale__method"": ""quantile_normal""}",none,quantile_normal,120,3.0,0.03,"{""clean__method"": ""none"", ""model__C"": 3.0, ""model__gamma"": 0.03, ""pca__n_components"": 120, ""scale__method"": ""quantile_normal""}",stage3_local_cv,0,0.779375,5.512,0
stage3_755,stage3_seed_0,"{""clean__method"": ""none"", ""model__C"": 3.0, ""model__gamma"": 0.04, ""pca__n_components"": 120, ""scale__method"": ""quantile_normal""}",none,quantile_normal,120,3.0,0.04,"{""clean__method"": ""none"", ""model__C"": 3.0, ""model__gamma"": 0.04, ""pca__n_components"": 120, ""scale__method"": ""quantile_normal""}",stage3_local_cv,0,0.766875,6.254,0
stage3_756,stage3_seed_0,"{""clean__method"": ""none"", ""model__C"": 4.0, ""model__gamma"": 0.01, ""pca__n_components"": 120, ""scale__method"": ""quantile_normal""}",none,quantile_normal,120,4.0,0.01,"{""clean__method"": ""none"", ""model__C"": 4.0, ""model__gamma"": 0.01, ""pca__n_components"": 120, ""scale__method"": ""quantile_normal""}",stage3_local_cv,0,0.819375,5.847,0
stage3_757,stage3_seed_0,"{""clean__method"": ""none"", ""model__C"": 4.0, ""model__gamma"": 0.02, ""pca__n_components"": 120, ""scale__method"": ""quantile_normal""}",none,quantile_normal,120,4.0,0.02,"{""clean__method"": ""none"", ""model__C"": 4.0, ""model__gamma"": 0.02, ""pca__n_components"": 120, ""scale__method"": ""quantile_normal""}",stage3_local_cv,0,0.805625,6.458,0
stage3_758,stage3_seed_0,"{""clean__method"": ""none"", ""model__C"": 4.0, ""model__gamma"": 0.03, ""pca__n_components"": 120, ""scale__method"": ""quantile_normal""}",none,quantile_normal,120,4.0,0.03,"{""clean__method"": ""none"", ""model__C"": 4.0, ""model__gamma"": 0.03, ""pca__n_components"": 120, ""scale__method"": ""quantile_normal""}",stage3_local_cv,0,0.779375,5.572,0
stage3_759,stage3_seed_0,"{""clean__method"": ""none"", ""model__C"": 4.0, ""model__gamma"": 0.04, ""pca__n_components"": 120, ""scale__method"": ""quantile_normal""}",none,quantile_normal,120,4.0,0.04,"{""clean__method"": ""none"", ""model__C"": 4.0, ""model__gamma"": 0.04, ""pca__n_components"": 120, ""scale__method"": ""quantile_normal""}",stage3_local_cv,0,0.7675,6.324,0
stage3_760,stage3_seed_0,"{""clean__method"": ""none"", ""model__C"": 6.0, ""model__gamma"": 0.01, ""pca__n_components"": 120, ""scale__method"": ""quantile_normal""}",none,quantile_normal,120,6.0,0.01,"{""clean__method"": ""none"", ""model__C"": 6.0, ""model__gamma"": 0.01, ""pca__n_components"": 120, ""scale__method"": ""quantile_normal""}",stage3_local_cv,0,0.813125,5.831,0
stage3_761,stage3_seed_0,"{""clean__method"": ""none"", ""model__C"": 6.0, ""model__gamma"": 0.02, ""pca__n_components"": 120, ""scale__method"": ""quantile_normal""}",none,quantile_normal,120,6.0,0.02,"{""clean__method"": ""none"", ""model__C"": 6.0, ""model__gamma"": 0.02, ""pca__n_components"": 120, ""scale__method"": ""quantile_normal""}",stage3_local_cv,0,0.79875,6.453,0
stage3_762,stage3_seed_0,"{""clean__method"": ""none"", ""model__C"": 6.0, ""model__gamma"": 0.03, ""pca__n_components"": 120, ""scale__method"": ""quantile_normal""}",none,quantile_normal,120,6.0,0.03,"{""clean__method"": ""none"", ""model__C"": 6.0, ""model__gamma"": 0.03, ""pca__n_components"": 120, ""scale__method"": ""quantile_normal""}",stage3_local_cv,0,0.78,5.696,0
stage3_763,stage3_seed_0,"{""clean__method"": ""none"", ""model__C"": 6.0, ""model__gamma"": 0.04, ""pca__n_components"": 120, ""scale__method"": ""quantile_normal""}",none,quantile_normal,120,6.0,0.04,"{""clean__method"": ""none"", ""model__C"": 6.0, ""model__gamma"": 0.04, ""pca__n_components"": 120, ""scale__method"": ""quantile_normal""}",stage3_local_cv,0,0.769375,6.45,0
stage3_764,stage3_seed_0,"{""clean__method"": ""none"", ""model__C"": 8.0, ""model__gamma"": 0.01, ""pca__n_components"": 120, ""scale__method"": ""quantile_normal""}",none,quantile_normal,120,8.0,0.01,"{""clean__method"": ""none"", ""model__C"": 8.0, ""model__gamma"": 0.01, ""pca__n_components"": 120, ""scale__method"": ""quantile_normal""}",stage3_local_cv,0,0.81125,5.852,0
stage3_765,stage3_seed_0,"{""clean__method"": ""none"", ""model__C"": 8.0, ""model__gamma"": 0.02, ""pca__n_components"": 120, ""scale__method"": ""quantile_normal""}",none,quantile_normal,120,8.0,0.02,"{""clean__method"": ""none"", ""model__C"": 8.0, ""model__gamma"": 0.02, ""pca__n_components"": 120, ""scale__method"": ""quantile_normal""}",stage3_local_cv,0,0.79875,6.477,0
stage3_766,stage3_seed_0,"{""clean__method"": ""none"", ""model__C"": 8.0, ""model__gamma"": 0.03, ""pca__n_components"": 120, ""scale__method"": ""quantile_normal""}",none,quantile_normal,120,8.0,0.03,"{""clean__method"": ""none"", ""model__C"": 8.0, ""model__gamma"": 0.03, ""pca__n_components"": 120, ""scale__method"": ""quantile_normal""}",stage3_local_cv,0,0.779375,5.518,0
stage3_767,stage3_seed_0,"{""clean__method"": ""none"", ""model__C"": 8.0, ""model__gamma"": 0.04, ""pca__n_components"": 120, ""scale__method"": ""quantile_normal""}",none,quantile_normal,120,8.0,0.04,"{""clean__method"": ""none"", ""model__C"": 8.0, ""model__gamma"": 0.04, ""pca__n_components"": 120, ""scale__method"": ""quantile_normal""}",stage3_local_cv,0,0.77,6.454,0
stage3_768,stage3_seed_0,"{""clean__method"": ""none"", ""model__C"": 3.0, ""model__gamma"": 0.01, ""pca__n_components"": 128, ""scale__method"": ""quantile_normal""}",none,quantile_normal,128,3.0,0.01,"{""clean__method"": ""none"", ""model__C"": 3.0, ""model__gamma"": 0.01, ""pca__n_components"": 128, ""scale__method"": ""quantile_normal""}",stage3_local_cv,0,0.81625,5.648,0
stage3_769,stage3_seed_0,"{""clean__method"": ""none"", ""model__C"": 3.0, ""model__gamma"": 0.02, ""pca__n_components"": 128, ""scale__method"": ""quantile_normal""}",none,quantile_normal,128,3.0,0.02,"{""clean__method"": ""none"", ""model__C"": 3.0, ""model__gamma"": 0.02, ""pca__n_components"": 128, ""scale__method"": ""quantile_normal""}",stage3_local_cv,0,0.8,6.458,0
stage3_770,stage3_seed_0,"{""clean__method"": ""none"", ""model__C"": 3.0, ""model__gamma"": 0.03, ""pca__n_components"": 128, ""scale__method"": ""quantile_normal""}",none,quantile_normal,128,3.0,0.03,"{""clean__method"": ""none"", ""model__C"": 3.0, ""model__gamma"": 0.03, ""pca__n_components"": 128, ""scale__method"": ""quantile_normal""}",stage3_local_cv,0,0.778125,5.431,0
stage3_771,stage3_seed_0,"{""clean__method"": ""none"", ""model__C"": 3.0, ""model__gamma"": 0.04, ""pca__n_components"": 128, ""scale__method"": ""quantile_normal""}",none,quantile_normal,128,3.0,0.04,"{""clean__method"": ""none"", ""model__C"": 3.0, ""model__gamma"": 0.04, ""pca__n_components"": 128, ""scale__method"": ""quantile_normal""}",stage3_local_cv,0,0.768125,6.504,0
stage3_772,stage3_seed_0,"{""clean__method"": ""none"", ""model__C"": 4.0, ""model__gamma"": 0.01, ""pca__n_components"": 128, ""scale__method"": ""quantile_normal""}",none,quantile_normal,128,4.0,0.01,"{""clean__method"": ""none"", ""model__C"": 4.0, ""model__gamma"": 0.01, ""pca__n_components"": 128, ""scale__method"": ""quantile_normal""}",stage3_local_cv,0,0.81375,5.751,0
stage3_773,stage3_seed_0,"{""clean__method"": ""none"", ""model__C"": 4.0, ""model__gamma"": 0.02, ""pca__n_components"": 128, ""scale__method"": ""quantile_normal""}",none,quantile_normal,128,4.0,0.02,"{""clean__method"": ""none"", ""model__C"": 4.0, ""model__gamma"": 0.02, ""pca__n_components"": 128, ""scale__method"": ""quantile_normal""}",stage3_local_cv,0,0.79875,6.563,0
stage3_774,stage3_seed_0,"{""clean__method"": ""none"", ""model__C"": 4.0, ""model__gamma"": 0.03, ""pca__n_components"": 128, ""scale__method"": ""quantile_normal""}",none,quantile_normal,128,4.0,0.03,"{""clean__method"": ""none"", ""model__C"": 4.0, ""model__gamma"": 0.03, ""pca__n_components"": 128, ""scale__method"": ""quantile_normal""}",stage3_local_cv,0,0.775625,5.447,0
stage3_775,stage3_seed_0,"{""clean__method"": ""none"", ""model__C"": 4.0, ""model__gamma"": 0.04, ""pca__n_components"": 128, ""scale__method"": ""quantile_normal""}",none,quantile_normal,128,4.0,0.04,"{""clean__method"": ""none"", ""model__C"": 4.0, ""model__gamma"": 0.04, ""pca__n_components"": 128, ""scale__method"": ""quantile_normal""}",stage3_local_cv,0,0.769375,6.143,0
stage3_776,stage3_seed_0,"{""clean__method"": ""none"", ""model__C"": 6.0, ""model__gamma"": 0.01, ""pca__n_components"": 128, ""scale__method"": ""quantile_normal""}",none,quantile_normal,128,6.0,0.01,"{""clean__method"": ""none"", ""model__C"": 6.0, ""model__gamma"": 0.01, ""pca__n_components"": 128, ""scale__method"": ""quantile_normal""}",stage3_local_cv,0,0.814375,5.806,0
stage3_777,stage3_seed_0,"{""clean__method"": ""none"", ""model__C"": 6.0, ""model__gamma"": 0.02, ""pca__n_components"": 128, ""scale__method"": ""quantile_normal""}",none,quantile_normal,128,6.0,0.02,"{""clean__method"": ""none"", ""model__C"": 6.0, ""model__gamma"": 0.02, ""pca__n_components"": 128, ""scale__method"": ""quantile_normal""}",stage3_local_cv,0,0.799375,6.033,0
stage3_778,stage3_seed_0,"{""clean__method"": ""none"", ""model__C"": 6.0, ""model__gamma"": 0.03, ""pca__n_components"": 128, ""scale__method"": ""quantile_normal""}",none,quantile_normal,128,6.0,0.03,"{""clean__method"": ""none"", ""model__C"": 6.0, ""model__gamma"": 0.03, ""pca__n_components"": 128, ""scale__method"": ""quantile_normal""}",stage3_local_cv,0,0.7775,5.754,0
stage3_779,stage3_seed_0,"{""clean__method"": ""none"", ""model__C"": 6.0, ""model__gamma"": 0.04, ""pca__n_components"": 128, ""scale__method"": ""quantile_normal""}",none,quantile_normal,128,6.0,0.04,"{""clean__method"": ""none"", ""model__C"": 6.0, ""model__gamma"": 0.04, ""pca__n_components"": 128, ""scale__method"": ""quantile_normal""}",stage3_local_cv,0,0.769375,5.593,0
stage3_780,stage3_seed_0,"{""clean__method"": ""none"", ""model__C"": 8.0, ""model__gamma"": 0.01, ""pca__n_components"": 128, ""scale__method"": ""quantile_normal""}",none,quantile_normal,128,8.0,0.01,"{""clean__method"": ""none"", ""model__C"": 8.0, ""model__gamma"": 0.01, ""pca__n_components"": 128, ""scale__method"": ""quantile_normal""}",stage3_local_cv,0,0.813125,6.641,0
stage3_781,stage3_seed_0,"{""clean__method"": ""none"", ""model__C"": 8.0, ""model__gamma"": 0.02, ""pca__n_components"": 128, ""scale__method"": ""quantile_normal""}",none,quantile_normal,128,8.0,0.02,"{""clean__method"": ""none"", ""model__C"": 8.0, ""model__gamma"": 0.02, ""pca__n_components"": 128, ""scale__method"": ""quantile_normal""}",stage3_local_cv,0,0.796875,5.457,0
stage3_782,stage3_seed_0,"{""clean__method"": ""none"", ""model__C"": 8.0, ""model__gamma"": 0.03, ""pca__n_components"": 128, ""scale__method"": ""quantile_normal""}",none,quantile_normal,128,8.0,0.03,"{""clean__method"": ""none"", ""model__C"": 8.0, ""model__gamma"": 0.03, ""pca__n_components"": 128, ""scale__method"": ""quantile_normal""}",stage3_local_cv,0,0.77875,6.324,0
stage3_783,stage3_seed_0,"{""clean__method"": ""none"", ""model__C"": 8.0, ""model__gamma"": 0.04, ""pca__n_components"": 128, ""scale__method"": ""quantile_normal""}",none,quantile_normal,128,8.0,0.04,"{""clean__method"": ""none"", ""model__C"": 8.0, ""model__gamma"": 0.04, ""pca__n_components"": 128, ""scale__method"": ""quantile_normal""}",stage3_local_cv,0,0.77,5.389,0
stage3_784,stage3_seed_0,"{""clean__method"": ""none"", ""model__C"": 3.0, ""model__gamma"": 0.01, ""pca__n_components"": 136, ""scale__method"": ""quantile_normal""}",none,quantile_normal,136,3.0,0.01,"{""clean__method"": ""none"", ""model__C"": 3.0, ""model__gamma"": 0.01, ""pca__n_components"": 136, ""scale__method"": ""quantile_normal""}",stage3_local_cv,0,0.815625,7.726,0
stage3_785,stage3_seed_0,"{""clean__method"": ""none"", ""model__C"": 3.0, ""model__gamma"": 0.02, ""pca__n_components"": 136, ""scale__method"": ""quantile_normal""}",none,quantile_normal,136,3.0,0.02,"{""clean__method"": ""none"", ""model__C"": 3.0, ""model__gamma"": 0.02, ""pca__n_components"": 136, ""scale__method"": ""quantile_normal""}",stage3_local_cv,0,0.795625,7.936,0
stage3_786,stage3_seed_0,"{""clean__method"": ""none"", ""model__C"": 3.0, ""model__gamma"": 0.03, ""pca__n_components"": 136, ""scale__method"": ""quantile_normal""}",none,quantile_normal,136,3.0,0.03,"{""clean__method"": ""none"", ""model__C"": 3.0, ""model__gamma"": 0.03, ""pca__n_components"": 136, ""scale__method"": ""quantile_normal""}",stage3_local_cv,0,0.77625,6.709,0
stage3_787,stage3_seed_0,"{""clean__method"": ""none"", ""model__C"": 3.0, ""model__gamma"": 0.04, ""pca__n_components"": 136, ""scale__method"": ""quantile_normal""}",none,quantile_normal,136,3.0,0.04,"{""clean__method"": ""none"", ""model__C"": 3.0, ""model__gamma"": 0.04, ""pca__n_components"": 136, ""scale__method"": ""quantile_normal""}",stage3_local_cv,0,0.76875,7.527,0
stage3_788,stage3_seed_0,"{""clean__method"": ""none"", ""model__C"": 4.0, ""model__gamma"": 0.01, ""pca__n_components"": 136, ""scale__method"": ""quantile_normal""}",none,quantile_normal,136,4.0,0.01,"{""clean__method"": ""none"", ""model__C"": 4.0, ""model__gamma"": 0.01, ""pca__n_components"": 136, ""scale__method"": ""quantile_normal""}",stage3_local_cv,0,0.81125,6.903,0
stage3_789,stage3_seed_0,"{""clean__method"": ""none"", ""model__C"": 4.0, ""model__gamma"": 0.02, ""pca__n_components"": 136, ""scale__method"": ""quantile_normal""}",none,quantile_normal,136,4.0,0.02,"{""clean__method"": ""none"", ""model__C"": 4.0, ""model__gamma"": 0.02, ""pca__n_components"": 136, ""scale__method"": ""quantile_normal""}",stage3_local_cv,0,0.799375,7.599,0
stage3_790,stage3_seed_0,"{""clean__method"": ""none"", ""model__C"": 4.0, ""model__gamma"": 0.03, ""pca__n_components"": 136, ""scale__method"": ""quantile_normal""}",none,quantile_normal,136,4.0,0.03,"{""clean__method"": ""none"", ""model__C"": 4.0, ""model__gamma"": 0.03, ""pca__n_components"": 136, ""scale__method"": ""quantile_normal""}",stage3_local_cv,0,0.775625,7.585,0
stage3_791,stage3_seed_0,"{""clean__method"": ""none"", ""model__C"": 4.0, ""model__gamma"": 0.04, ""pca__n_components"": 136, ""scale__method"": ""quantile_normal""}",none,quantile_normal,136,4.0,0.04,"{""clean__method"": ""none"", ""model__C"": 4.0, ""model__gamma"": 0.04, ""pca__n_components"": 136, ""scale__method"": ""quantile_normal""}",stage3_local_cv,0,0.770625,7.016,0
stage3_792,stage3_seed_0,"{""clean__method"": ""none"", ""model__C"": 6.0, ""model__gamma"": 0.01, ""pca__n_components"": 136, ""scale__method"": ""quantile_normal""}",none,quantile_normal,136,6.0,0.01,"{""clean__method"": ""none"", ""model__C"": 6.0, ""model__gamma"": 0.01, ""pca__n_components"": 136, ""scale__method"": ""quantile_normal""}",stage3_local_cv,0,0.808125,7.662,0
stage3_793,stage3_seed_0,"{""clean__method"": ""none"", ""model__C"": 6.0, ""model__gamma"": 0.02, ""pca__n_components"": 136, ""scale__method"": ""quantile_normal""}",none,quantile_normal,136,6.0,0.02,"{""clean__method"": ""none"", ""model__C"": 6.0, ""model__gamma"": 0.02, ""pca__n_components"": 136, ""scale__method"": ""quantile_normal""}",stage3_local_cv,0,0.796875,6.877,0
stage3_794,stage3_seed_0,"{""clean__method"": ""none"", ""model__C"": 6.0, ""model__gamma"": 0.03, ""pca__n_components"": 136, ""scale__method"": ""quantile_normal""}",none,quantile_normal,136,6.0,0.03,"{""clean__method"": ""none"", ""model__C"": 6.0, ""model__gamma"": 0.03, ""pca__n_components"": 136, ""scale__method"": ""quantile_normal""}",stage3_local_cv,0,0.77625,7.516,0
stage3_795,stage3_seed_0,"{""clean__method"": ""none"", ""model__C"": 6.0, ""model__gamma"": 0.04, ""pca__n_components"": 136, ""scale__method"": ""quantile_normal""}",none,quantile_normal,136,6.0,0.04,"{""clean__method"": ""none"", ""model__C"": 6.0, ""model__gamma"": 0.04, ""pca__n_components"": 136, ""scale__method"": ""quantile_normal""}",stage3_local_cv,0,0.770625,6.93,0
stage3_796,stage3_seed_0,"{""clean__method"": ""none"", ""model__C"": 8.0, ""model__gamma"": 0.01, ""pca__n_components"": 136, ""scale__method"": ""quantile_normal""}",none,quantile_normal,136,8.0,0.01,"{""clean__method"": ""none"", ""model__C"": 8.0, ""model__gamma"": 0.01, ""pca__n_components"": 136, ""scale__method"": ""quantile_normal""}",stage3_local_cv,0,0.8075,7.298,0
stage3_797,stage3_seed_0,"{""clean__method"": ""none"", ""model__C"": 8.0, ""model__gamma"": 0.02, ""pca__n_components"": 136, ""scale__method"": ""quantile_normal""}",none,quantile_normal,136,8.0,0.02,"{""clean__method"": ""none"", ""model__C"": 8.0, ""model__gamma"": 0.02, ""pca__n_components"": 136, ""scale__method"": ""quantile_normal""}",stage3_local_cv,0,0.796875,7.915,0
stage3_798,stage3_seed_0,"{""clean__method"": ""none"", ""model__C"": 8.0, ""model__gamma"": 0.03, ""pca__n_components"": 136, ""scale__method"": ""quantile_normal""}",none,quantile_normal,136,8.0,0.03,"{""clean__method"": ""none"", ""model__C"": 8.0, ""model__gamma"": 0.03, ""pca__n_components"": 136, ""scale__method"": ""quantile_normal""}",stage3_local_cv,0,0.774375,6.658,0
stage3_799,stage3_seed_0,"{""clean__method"": ""none"", ""model__C"": 8.0, ""model__gamma"": 0.04, ""pca__n_components"": 136, ""scale__method"": ""quantile_normal""}",none,quantile_normal,136,8.0,0.04,"{""clean__method"": ""none"", ""model__C"": 8.0, ""model__gamma"": 0.04, ""pca__n_components"": 136, ""scale__method"": ""quantile_normal""}",stage3_local_cv,0,0.77,7.347,0
stage3_800,stage3_seed_0,"{""clean__method"": ""none"", ""model__C"": 3.0, ""model__gamma"": 0.01, ""pca__n_components"": 104, ""scale__method"": ""robust""}",none,robust,104,3.0,0.01,"{""clean__method"": ""none"", ""model__C"": 3.0, ""model__gamma"": 0.01, ""pca__n_components"": 104, ""scale__method"": ""robust""}",stage3_local_cv,0,0.795625,4.737,0
stage3_801,stage3_seed_0,"{""clean__method"": ""none"", ""model__C"": 3.0, ""model__gamma"": 0.02, ""pca__n_components"": 104, ""scale__method"": ""robust""}",none,robust,104,3.0,0.02,"{""clean__method"": ""none"", ""model__C"": 3.0, ""model__gamma"": 0.02, ""pca__n_components"": 104, ""scale__method"": ""robust""}",stage3_local_cv,0,0.813125,5.783,0
stage3_802,stage3_seed_0,"{""clean__method"": ""none"", ""model__C"": 3.0, ""model__gamma"": 0.03, ""pca__n_components"": 104, ""scale__method"": ""robust""}",none,robust,104,3.0,0.03,"{""clean__method"": ""none"", ""model__C"": 3.0, ""model__gamma"": 0.03, ""pca__n_components"": 104, ""scale__method"": ""robust""}",stage3_local_cv,0,0.809375,4.753,0
stage3_803,stage3_seed_0,"{""clean__method"": ""none"", ""model__C"": 3.0, ""model__gamma"": 0.04, ""pca__n_components"": 104, ""scale__method"": ""robust""}",none,robust,104,3.0,0.04,"{""clean__method"": ""none"", ""model__C"": 3.0, ""model__gamma"": 0.04, ""pca__n_components"": 104, ""scale__method"": ""robust""}",stage3_local_cv,0,0.7925,5.54,0
stage3_804,stage3_seed_0,"{""clean__method"": ""none"", ""model__C"": 4.0, ""model__gamma"": 0.01, ""pca__n_components"": 104, ""scale__method"": ""robust""}",none,robust,104,4.0,0.01,"{""clean__method"": ""none"", ""model__C"": 4.0, ""model__gamma"": 0.01, ""pca__n_components"": 104, ""scale__method"": ""robust""}",stage3_local_cv,0,0.80875,5.517,0
stage3_805,stage3_seed_0,"{""clean__method"": ""none"", ""model__C"": 4.0, ""model__gamma"": 0.02, ""pca__n_components"": 104, ""scale__method"": ""robust""}",none,robust,104,4.0,0.02,"{""clean__method"": ""none"", ""model__C"": 4.0, ""model__gamma"": 0.02, ""pca__n_components"": 104, ""scale__method"": ""robust""}",stage3_local_cv,0,0.8125,4.969,0
stage3_806,stage3_seed_0,"{""clean__method"": ""none"", ""model__C"": 4.0, ""model__gamma"": 0.03, ""pca__n_components"": 104, ""scale__method"": ""robust""}",none,robust,104,4.0,0.03,"{""clean__method"": ""none"", ""model__C"": 4.0, ""model__gamma"": 0.03, ""pca__n_components"": 104, ""scale__method"": ""robust""}",stage3_local_cv,0,0.809375,5.547,0
stage3_807,stage3_seed_0,"{""clean__method"": ""none"", ""model__C"": 4.0, ""model__gamma"": 0.04, ""pca__n_components"": 104, ""scale__method"": ""robust""}",none,robust,104,4.0,0.04,"{""clean__method"": ""none"", ""model__C"": 4.0, ""model__gamma"": 0.04, ""pca__n_components"": 104, ""scale__method"": ""robust""}",stage3_local_cv,0,0.7925,4.726,0
stage3_808,stage3_seed_0,"{""clean__method"": ""none"", ""model__C"": 6.0, ""model__gamma"": 0.01, ""pca__n_components"": 104, ""scale__method"": ""robust""}",none,robust,104,6.0,0.01,"{""clean__method"": ""none"", ""model__C"": 6.0, ""model__gamma"": 0.01, ""pca__n_components"": 104, ""scale__method"": ""robust""}",stage3_local_cv,0,0.80875,6.662,0
stage3_809,stage3_seed_0,"{""clean__method"": ""none"", ""model__C"": 6.0, ""model__gamma"": 0.02, ""pca__n_components"": 104, ""scale__method"": ""robust""}",none,robust,104,6.0,0.02,"{""clean__method"": ""none"", ""model__C"": 6.0, ""model__gamma"": 0.02, ""pca__n_components"": 104, ""scale__method"": ""robust""}",stage3_local_cv,0,0.8075,4.958,0
stage3_810,stage3_seed_0,"{""clean__method"": ""none"", ""model__C"": 6.0, ""model__gamma"": 0.03, ""pca__n_components"": 104, ""scale__method"": ""robust""}",none,robust,104,6.0,0.03,"{""clean__method"": ""none"", ""model__C"": 6.0, ""model__gamma"": 0.03, ""pca__n_components"": 104, ""scale__method"": ""robust""}",stage3_local_cv,0,0.809375,5.806,0
stage3_811,stage3_seed_0,"{""clean__method"": ""none"", ""model__C"": 6.0, ""model__gamma"": 0.04, ""pca__n_components"": 104, ""scale__method"": ""robust""}",none,robust,104,6.0,0.04,"{""clean__method"": ""none"", ""model__C"": 6.0, ""model__gamma"": 0.04, ""pca__n_components"": 104, ""scale__method"": ""robust""}",stage3_local_cv,0,0.79625,4.747,0
stage3_812,stage3_seed_0,"{""clean__method"": ""none"", ""model__C"": 8.0, ""model__gamma"": 0.01, ""pca__n_components"": 104, ""scale__method"": ""robust""}",none,robust,104,8.0,0.01,"{""clean__method"": ""none"", ""model__C"": 8.0, ""model__gamma"": 0.01, ""pca__n_components"": 104, ""scale__method"": ""robust""}",stage3_local_cv,0,0.809375,5.707,0
stage3_813,stage3_seed_0,"{""clean__method"": ""none"", ""model__C"": 8.0, ""model__gamma"": 0.02, ""pca__n_components"": 104, ""scale__method"": ""robust""}",none,robust,104,8.0,0.02,"{""clean__method"": ""none"", ""model__C"": 8.0, ""model__gamma"": 0.02, ""pca__n_components"": 104, ""scale__method"": ""robust""}",stage3_local_cv,0,0.80375,5.343,0
stage3_814,stage3_seed_0,"{""clean__method"": ""none"", ""model__C"": 8.0, ""model__gamma"": 0.03, ""pca__n_components"": 104, ""scale__method"": ""robust""}",none,robust,104,8.0,0.03,"{""clean__method"": ""none"", ""model__C"": 8.0, ""model__gamma"": 0.03, ""pca__n_components"": 104, ""scale__method"": ""robust""}",stage3_local_cv,0,0.805625,4.771,0
stage3_815,stage3_seed_0,"{""clean__method"": ""none"", ""model__C"": 8.0, ""model__gamma"": 0.04, ""pca__n_components"": 104, ""scale__method"": ""robust""}",none,robust,104,8.0,0.04,"{""clean__method"": ""none"", ""model__C"": 8.0, ""model__gamma"": 0.04, ""pca__n_components"": 104, ""scale__method"": ""robust""}",stage3_local_cv,0,0.79375,5.588,0
stage3_816,stage3_seed_0,"{""clean__method"": ""none"", ""model__C"": 3.0, ""model__gamma"": 0.01, ""pca__n_components"": 112, ""scale__method"": ""robust""}",none,robust,112,3.0,0.01,"{""clean__method"": ""none"", ""model__C"": 3.0, ""model__gamma"": 0.01, ""pca__n_components"": 112, ""scale__method"": ""robust""}",stage3_local_cv,0,0.7975,4.435,0
stage3_817,stage3_seed_0,"{""clean__method"": ""none"", ""model__C"": 3.0, ""model__gamma"": 0.02, ""pca__n_components"": 112, ""scale__method"": ""robust""}",none,robust,112,3.0,0.02,"{""clean__method"": ""none"", ""model__C"": 3.0, ""model__gamma"": 0.02, ""pca__n_components"": 112, ""scale__method"": ""robust""}",stage3_local_cv,0,0.815625,5.199,0
stage3_818,stage3_seed_0,"{""clean__method"": ""none"", ""model__C"": 3.0, ""model__gamma"": 0.03, ""pca__n_components"": 112, ""scale__method"": ""robust""}",none,robust,112,3.0,0.03,"{""clean__method"": ""none"", ""model__C"": 3.0, ""model__gamma"": 0.03, ""pca__n_components"": 112, ""scale__method"": ""robust""}",stage3_local_cv,0,0.81,4.905,0
stage3_819,stage3_seed_0,"{""clean__method"": ""none"", ""model__C"": 3.0, ""model__gamma"": 0.04, ""pca__n_components"": 112, ""scale__method"": ""robust""}",none,robust,112,3.0,0.04,"{""clean__method"": ""none"", ""model__C"": 3.0, ""model__gamma"": 0.04, ""pca__n_components"": 112, ""scale__method"": ""robust""}",stage3_local_cv,0,0.7925,4.382,0
stage3_820,stage3_seed_0,"{""clean__method"": ""none"", ""model__C"": 4.0, ""model__gamma"": 0.01, ""pca__n_components"": 112, ""scale__method"": ""robust""}",none,robust,112,4.0,0.01,"{""clean__method"": ""none"", ""model__C"": 4.0, ""model__gamma"": 0.01, ""pca__n_components"": 112, ""scale__method"": ""robust""}",stage3_local_cv,0,0.808125,5.723,0
stage3_821,stage3_seed_0,"{""clean__method"": ""none"", ""model__C"": 4.0, ""model__gamma"": 0.02, ""pca__n_components"": 112, ""scale__method"": ""robust""}",none,robust,112,4.0,0.02,"{""clean__method"": ""none"", ""model__C"": 4.0, ""model__gamma"": 0.02, ""pca__n_components"": 112, ""scale__method"": ""robust""}",stage3_local_cv,0,0.813125,4.627,0
stage3_822,stage3_seed_0,"{""clean__method"": ""none"", ""model__C"": 4.0, ""model__gamma"": 0.03, ""pca__n_components"": 112, ""scale__method"": ""robust""}",none,robust,112,4.0,0.03,"{""clean__method"": ""none"", ""model__C"": 4.0, ""model__gamma"": 0.03, ""pca__n_components"": 112, ""scale__method"": ""robust""}",stage3_local_cv,0,0.809375,5.138,0
stage3_823,stage3_seed_0,"{""clean__method"": ""none"", ""model__C"": 4.0, ""model__gamma"": 0.04, ""pca__n_components"": 112, ""scale__method"": ""robust""}",none,robust,112,4.0,0.04,"{""clean__method"": ""none"", ""model__C"": 4.0, ""model__gamma"": 0.04, ""pca__n_components"": 112, ""scale__method"": ""robust""}",stage3_local_cv,0,0.79375,4.732,0
stage3_824,stage3_seed_0,"{""clean__method"": ""none"", ""model__C"": 6.0, ""model__gamma"": 0.01, ""pca__n_components"": 112, ""scale__method"": ""robust""}",none,robust,112,6.0,0.01,"{""clean__method"": ""none"", ""model__C"": 6.0, ""model__gamma"": 0.01, ""pca__n_components"": 112, ""scale__method"": ""robust""}",stage3_local_cv,0,0.8075,5.126,0
stage3_825,stage3_seed_0,"{""clean__method"": ""none"", ""model__C"": 6.0, ""model__gamma"": 0.02, ""pca__n_components"": 112, ""scale__method"": ""robust""}",none,robust,112,6.0,0.02,"{""clean__method"": ""none"", ""model__C"": 6.0, ""model__gamma"": 0.02, ""pca__n_components"": 112, ""scale__method"": ""robust""}",stage3_local_cv,0,0.81125,5.408,0
stage3_826,stage3_seed_0,"{""clean__method"": ""none"", ""model__C"": 6.0, ""model__gamma"": 0.03, ""pca__n_components"": 112, ""scale__method"": ""robust""}",none,robust,112,6.0,0.03,"{""clean__method"": ""none"", ""model__C"": 6.0, ""model__gamma"": 0.03, ""pca__n_components"": 112, ""scale__method"": ""robust""}",stage3_local_cv,0,0.8075,4.456,0
stage3_827,stage3_seed_0,"{""clean__method"": ""none"", ""model__C"": 6.0, ""model__gamma"": 0.04, ""pca__n_components"": 112, ""scale__method"": ""robust""}",none,robust,112,6.0,0.04,"{""clean__method"": ""none"", ""model__C"": 6.0, ""model__gamma"": 0.04, ""pca__n_components"": 112, ""scale__method"": ""robust""}",stage3_local_cv,0,0.79625,5.429,0
stage3_828,stage3_seed_0,"{""clean__method"": ""none"", ""model__C"": 8.0, ""model__gamma"": 0.01, ""pca__n_components"": 112, ""scale__method"": ""robust""}",none,robust,112,8.0,0.01,"{""clean__method"": ""none"", ""model__C"": 8.0, ""model__gamma"": 0.01, ""pca__n_components"": 112, ""scale__method"": ""robust""}",stage3_local_cv,0,0.81,5.247,0
stage3_829,stage3_seed_0,"{""clean__method"": ""none"", ""model__C"": 8.0, ""model__gamma"": 0.02, ""pca__n_components"": 112, ""scale__method"": ""robust""}",none,robust,112,8.0,0.02,"{""clean__method"": ""none"", ""model__C"": 8.0, ""model__gamma"": 0.02, ""pca__n_components"": 112, ""scale__method"": ""robust""}",stage3_local_cv,0,0.811875,4.542,0
stage3_830,stage3_seed_0,"{""clean__method"": ""none"", ""model__C"": 8.0, ""model__gamma"": 0.03, ""pca__n_components"": 112, ""scale__method"": ""robust""}",none,robust,112,8.0,0.03,"{""clean__method"": ""none"", ""model__C"": 8.0, ""model__gamma"": 0.03, ""pca__n_components"": 112, ""scale__method"": ""robust""}",stage3_local_cv,0,0.806875,5.265,0
stage3_831,stage3_seed_0,"{""clean__method"": ""none"", ""model__C"": 8.0, ""model__gamma"": 0.04, ""pca__n_components"": 112, ""scale__method"": ""robust""}",none,robust,112,8.0,0.04,"{""clean__method"": ""none"", ""model__C"": 8.0, ""model__gamma"": 0.04, ""pca__n_components"": 112, ""scale__method"": ""robust""}",stage3_local_cv,0,0.795,4.526,0
stage3_832,stage3_seed_0,"{""clean__method"": ""none"", ""model__C"": 3.0, ""model__gamma"": 0.01, ""pca__n_components"": 120, ""scale__method"": ""robust""}",none,robust,120,3.0,0.01,"{""clean__method"": ""none"", ""model__C"": 3.0, ""model__gamma"": 0.01, ""pca__n_components"": 120, ""scale__method"": ""robust""}",stage3_local_cv,0,0.80125,6.303,0
stage3_833,stage3_seed_0,"{""clean__method"": ""none"", ""model__C"": 3.0, ""model__gamma"": 0.02, ""pca__n_components"": 120, ""scale__method"": ""robust""}",none,robust,120,3.0,0.02,"{""clean__method"": ""none"", ""model__C"": 3.0, ""model__gamma"": 0.02, ""pca__n_components"": 120, ""scale__method"": ""robust""}",stage3_local_cv,0,0.81375,5.109,0
stage3_834,stage3_seed_0,"{""clean__method"": ""none"", ""model__C"": 3.0, ""model__gamma"": 0.03, ""pca__n_components"": 120, ""scale__method"": ""robust""}",none,robust,120,3.0,0.03,"{""clean__method"": ""none"", ""model__C"": 3.0, ""model__gamma"": 0.03, ""pca__n_components"": 120, ""scale__method"": ""robust""}",stage3_local_cv,0,0.806875,5.98,0
stage3_835,stage3_seed_0,"{""clean__method"": ""none"", ""model__C"": 3.0, ""model__gamma"": 0.04, ""pca__n_components"": 120, ""scale__method"": ""robust""}",none,robust,120,3.0,0.04,"{""clean__method"": ""none"", ""model__C"": 3.0, ""model__gamma"": 0.04, ""pca__n_components"": 120, ""scale__method"": ""robust""}",stage3_local_cv,0,0.794375,5.008,0
stage3_836,stage3_seed_0,"{""clean__method"": ""none"", ""model__C"": 4.0, ""model__gamma"": 0.01, ""pca__n_components"": 120, ""scale__method"": ""robust""}",none,robust,120,4.0,0.01,"{""clean__method"": ""none"", ""model__C"": 4.0, ""model__gamma"": 0.01, ""pca__n_components"": 120, ""scale__method"": ""robust""}",stage3_local_cv,0,0.80875,6.422,0
stage3_837,stage3_seed_0,"{""clean__method"": ""none"", ""model__C"": 4.0, ""model__gamma"": 0.02, ""pca__n_components"": 120, ""scale__method"": ""robust""}",none,robust,120,4.0,0.02,"{""clean__method"": ""none"", ""model__C"": 4.0, ""model__gamma"": 0.02, ""pca__n_components"": 120, ""scale__method"": ""robust""}",stage3_local_cv,0,0.814375,5.421,0
stage3_838,stage3_seed_0,"{""clean__method"": ""none"", ""model__C"": 4.0, ""model__gamma"": 0.03, ""pca__n_components"": 120, ""scale__method"": ""robust""}",none,robust,120,4.0,0.03,"{""clean__method"": ""none"", ""model__C"": 4.0, ""model__gamma"": 0.03, ""pca__n_components"": 120, ""scale__method"": ""robust""}",stage3_local_cv,0,0.806875,5.027,0
stage3_839,stage3_seed_0,"{""clean__method"": ""none"", ""model__C"": 4.0, ""model__gamma"": 0.04, ""pca__n_components"": 120, ""scale__method"": ""robust""}",none,robust,120,4.0,0.04,"{""clean__method"": ""none"", ""model__C"": 4.0, ""model__gamma"": 0.04, ""pca__n_components"": 120, ""scale__method"": ""robust""}",stage3_local_cv,0,0.795625,5.782,0
stage3_840,stage3_seed_0,"{""clean__method"": ""none"", ""model__C"": 6.0, ""model__gamma"": 0.01, ""pca__n_components"": 120, ""scale__method"": ""robust""}",none,robust,120,6.0,0.01,"{""clean__method"": ""none"", ""model__C"": 6.0, ""model__gamma"": 0.01, ""pca__n_components"": 120, ""scale__method"": ""robust""}",stage3_local_cv,0,0.81375,5.625,0
stage3_841,stage3_seed_0,"{""clean__method"": ""none"", ""model__C"": 6.0, ""model__gamma"": 0.02, ""pca__n_components"": 120, ""scale__method"": ""robust""}",none,robust,120,6.0,0.02,"{""clean__method"": ""none"", ""model__C"": 6.0, ""model__gamma"": 0.02, ""pca__n_components"": 120, ""scale__method"": ""robust""}",stage3_local_cv,0,0.815,5.989,0
stage3_842,stage3_seed_0,"{""clean__method"": ""none"", ""model__C"": 6.0, ""model__gamma"": 0.03, ""pca__n_components"": 120, ""scale__method"": ""robust""}",none,robust,120,6.0,0.03,"{""clean__method"": ""none"", ""model__C"": 6.0, ""model__gamma"": 0.03, ""pca__n_components"": 120, ""scale__method"": ""robust""}",stage3_local_cv,0,0.804375,5.013,0
stage3_843,stage3_seed_0,"{""clean__method"": ""none"", ""model__C"": 6.0, ""model__gamma"": 0.04, ""pca__n_components"": 120, ""scale__method"": ""robust""}",none,robust,120,6.0,0.04,"{""clean__method"": ""none"", ""model__C"": 6.0, ""model__gamma"": 0.04, ""pca__n_components"": 120, ""scale__method"": ""robust""}",stage3_local_cv,0,0.795,5.985,0
stage3_844,stage3_seed_0,"{""clean__method"": ""none"", ""model__C"": 8.0, ""model__gamma"": 0.01, ""pca__n_components"": 120, ""scale__method"": ""robust""}",none,robust,120,8.0,0.01,"{""clean__method"": ""none"", ""model__C"": 8.0, ""model__gamma"": 0.01, ""pca__n_components"": 120, ""scale__method"": ""robust""}",stage3_local_cv,0,0.811875,5.693,0
stage3_845,stage3_seed_0,"{""clean__method"": ""none"", ""model__C"": 8.0, ""model__gamma"": 0.02, ""pca__n_components"": 120, ""scale__method"": ""robust""}",none,robust,120,8.0,0.02,"{""clean__method"": ""none"", ""model__C"": 8.0, ""model__gamma"": 0.02, ""pca__n_components"": 120, ""scale__method"": ""robust""}",stage3_local_cv,0,0.813125,6.137,0
stage3_846,stage3_seed_0,"{""clean__method"": ""none"", ""model__C"": 8.0, ""model__gamma"": 0.03, ""pca__n_components"": 120, ""scale__method"": ""robust""}",none,robust,120,8.0,0.03,"{""clean__method"": ""none"", ""model__C"": 8.0, ""model__gamma"": 0.03, ""pca__n_components"": 120, ""scale__method"": ""robust""}",stage3_local_cv,0,0.8025,5.015,0
stage3_847,stage3_seed_0,"{""clean__method"": ""none"", ""model__C"": 8.0, ""model__gamma"": 0.04, ""pca__n_components"": 120, ""scale__method"": ""robust""}",none,robust,120,8.0,0.04,"{""clean__method"": ""none"", ""model__C"": 8.0, ""model__gamma"": 0.04, ""pca__n_components"": 120, ""scale__method"": ""robust""}",stage3_local_cv,0,0.790625,5.197,0
stage3_848,stage3_seed_0,"{""clean__method"": ""none"", ""model__C"": 3.0, ""model__gamma"": 0.01, ""pca__n_components"": 128, ""scale__method"": ""robust""}",none,robust,128,3.0,0.01,"{""clean__method"": ""none"", ""model__C"": 3.0, ""model__gamma"": 0.01, ""pca__n_components"": 128, ""scale__method"": ""robust""}",stage3_local_cv,0,0.8,5.729,0
stage3_849,stage3_seed_0,"{""clean__method"": ""none"", ""model__C"": 3.0, ""model__gamma"": 0.02, ""pca__n_components"": 128, ""scale__method"": ""robust""}",none,robust,128,3.0,0.02,"{""clean__method"": ""none"", ""model__C"": 3.0, ""model__gamma"": 0.02, ""pca__n_components"": 128, ""scale__method"": ""robust""}",stage3_local_cv,0,0.811875,4.922,0
stage3_850,stage3_seed_0,"{""clean__method"": ""none"", ""model__C"": 3.0, ""model__gamma"": 0.03, ""pca__n_components"": 128, ""scale__method"": ""robust""}",none,robust,128,3.0,0.03,"{""clean__method"": ""none"", ""model__C"": 3.0, ""model__gamma"": 0.03, ""pca__n_components"": 128, ""scale__method"": ""robust""}",stage3_local_cv,0,0.80625,5.563,0
stage3_851,stage3_seed_0,"{""clean__method"": ""none"", ""model__C"": 3.0, ""model__gamma"": 0.04, ""pca__n_components"": 128, ""scale__method"": ""robust""}",none,robust,128,3.0,0.04,"{""clean__method"": ""none"", ""model__C"": 3.0, ""model__gamma"": 0.04, ""pca__n_components"": 128, ""scale__method"": ""robust""}",stage3_local_cv,0,0.7925,4.767,0
stage3_852,stage3_seed_0,"{""clean__method"": ""none"", ""model__C"": 4.0, ""model__gamma"": 0.01, ""pca__n_components"": 128, ""scale__method"": ""robust""}",none,robust,128,4.0,0.01,"{""clean__method"": ""none"", ""model__C"": 4.0, ""model__gamma"": 0.01, ""pca__n_components"": 128, ""scale__method"": ""robust""}",stage3_local_cv,0,0.80875,6.091,0
stage3_853,stage3_seed_0,"{""clean__method"": ""none"", ""model__C"": 4.0, ""model__gamma"": 0.02, ""pca__n_components"": 128, ""scale__method"": ""robust""}",none,robust,128,4.0,0.02,"{""clean__method"": ""none"", ""model__C"": 4.0, ""model__gamma"": 0.02, ""pca__n_components"": 128, ""scale__method"": ""robust""}",stage3_local_cv,0,0.815625,5.174,0
stage3_854,stage3_seed_0,"{""clean__method"": ""none"", ""model__C"": 4.0, ""model__gamma"": 0.03, ""pca__n_components"": 128, ""scale__method"": ""robust""}",none,robust,128,4.0,0.03,"{""clean__method"": ""none"", ""model__C"": 4.0, ""model__gamma"": 0.03, ""pca__n_components"": 128, ""scale__method"": ""robust""}",stage3_local_cv,0,0.805,5.311,0
stage3_855,stage3_seed_0,"{""clean__method"": ""none"", ""model__C"": 4.0, ""model__gamma"": 0.04, ""pca__n_components"": 128, ""scale__method"": ""robust""}",none,robust,128,4.0,0.04,"{""clean__method"": ""none"", ""model__C"": 4.0, ""model__gamma"": 0.04, ""pca__n_components"": 128, ""scale__method"": ""robust""}",stage3_local_cv,0,0.7925,5.182,0
stage3_856,stage3_seed_0,"{""clean__method"": ""none"", ""model__C"": 6.0, ""model__gamma"": 0.01, ""pca__n_components"": 128, ""scale__method"": ""robust""}",none,robust,128,6.0,0.01,"{""clean__method"": ""none"", ""model__C"": 6.0, ""model__gamma"": 0.01, ""pca__n_components"": 128, ""scale__method"": ""robust""}",stage3_local_cv,0,0.811875,5.312,0
stage3_857,stage3_seed_0,"{""clean__method"": ""none"", ""model__C"": 6.0, ""model__gamma"": 0.02, ""pca__n_components"": 128, ""scale__method"": ""robust""}",none,robust,128,6.0,0.02,"{""clean__method"": ""none"", ""model__C"": 6.0, ""model__gamma"": 0.02, ""pca__n_components"": 128, ""scale__method"": ""robust""}",stage3_local_cv,0,0.81375,5.664,0
stage3_858,stage3_seed_0,"{""clean__method"": ""none"", ""model__C"": 6.0, ""model__gamma"": 0.03, ""pca__n_components"": 128, ""scale__method"": ""robust""}",none,robust,128,6.0,0.03,"{""clean__method"": ""none"", ""model__C"": 6.0, ""model__gamma"": 0.03, ""pca__n_components"": 128, ""scale__method"": ""robust""}",stage3_local_cv,0,0.80375,4.792,0
stage3_859,stage3_seed_0,"{""clean__method"": ""none"", ""model__C"": 6.0, ""model__gamma"": 0.04, ""pca__n_components"": 128, ""scale__method"": ""robust""}",none,robust,128,6.0,0.04,"{""clean__method"": ""none"", ""model__C"": 6.0, ""model__gamma"": 0.04, ""pca__n_components"": 128, ""scale__method"": ""robust""}",stage3_local_cv,0,0.7925,5.863,0
stage3_860,stage3_seed_0,"{""clean__method"": ""none"", ""model__C"": 8.0, ""model__gamma"": 0.01, ""pca__n_components"": 128, ""scale__method"": ""robust""}",none,robust,128,8.0,0.01,"{""clean__method"": ""none"", ""model__C"": 8.0, ""model__gamma"": 0.01, ""pca__n_components"": 128, ""scale__method"": ""robust""}",stage3_local_cv,0,0.811875,5.307,0
stage3_861,stage3_seed_0,"{""clean__method"": ""none"", ""model__C"": 8.0, ""model__gamma"": 0.02, ""pca__n_components"": 128, ""scale__method"": ""robust""}",none,robust,128,8.0,0.02,"{""clean__method"": ""none"", ""model__C"": 8.0, ""model__gamma"": 0.02, ""pca__n_components"": 128, ""scale__method"": ""robust""}",stage3_local_cv,0,0.81125,5.645,0
stage3_862,stage3_seed_0,"{""clean__method"": ""none"", ""model__C"": 8.0, ""model__gamma"": 0.03, ""pca__n_components"": 128, ""scale__method"": ""robust""}",none,robust,128,8.0,0.03,"{""clean__method"": ""none"", ""model__C"": 8.0, ""model__gamma"": 0.03, ""pca__n_components"": 128, ""scale__method"": ""robust""}",stage3_local_cv,0,0.803125,5.044,0
stage3_863,stage3_seed_0,"{""clean__method"": ""none"", ""model__C"": 8.0, ""model__gamma"": 0.04, ""pca__n_components"": 128, ""scale__method"": ""robust""}",none,robust,128,8.0,0.04,"{""clean__method"": ""none"", ""model__C"": 8.0, ""model__gamma"": 0.04, ""pca__n_components"": 128, ""scale__method"": ""robust""}",stage3_local_cv,0,0.793125,4.891,0
stage3_864,stage3_seed_0,"{""clean__method"": ""none"", ""model__C"": 3.0, ""model__gamma"": 0.01, ""pca__n_components"": 136, ""scale__method"": ""robust""}",none,robust,136,3.0,0.01,"{""clean__method"": ""none"", ""model__C"": 3.0, ""model__gamma"": 0.01, ""pca__n_components"": 136, ""scale__method"": ""robust""}",stage3_local_cv,0,0.801875,6.935,0
stage3_865,stage3_seed_0,"{""clean__method"": ""none"", ""model__C"": 3.0, ""model__gamma"": 0.02, ""pca__n_components"": 136, ""scale__method"": ""robust""}",none,robust,136,3.0,0.02,"{""clean__method"": ""none"", ""model__C"": 3.0, ""model__gamma"": 0.02, ""pca__n_components"": 136, ""scale__method"": ""robust""}",stage3_local_cv,0,0.8125,6.572,0
stage3_866,stage3_seed_0,"{""clean__method"": ""none"", ""model__C"": 3.0, ""model__gamma"": 0.03, ""pca__n_components"": 136, ""scale__method"": ""robust""}",none,robust,136,3.0,0.03,"{""clean__method"": ""none"", ""model__C"": 3.0, ""model__gamma"": 0.03, ""pca__n_components"": 136, ""scale__method"": ""robust""}",stage3_local_cv,0,0.8025,6.602,0
stage3_867,stage3_seed_0,"{""clean__method"": ""none"", ""model__C"": 3.0, ""model__gamma"": 0.04, ""pca__n_components"": 136, ""scale__method"": ""robust""}",none,robust,136,3.0,0.04,"{""clean__method"": ""none"", ""model__C"": 3.0, ""model__gamma"": 0.04, ""pca__n_components"": 136, ""scale__method"": ""robust""}",stage3_local_cv,0,0.789375,6.711,0
stage3_868,stage3_seed_0,"{""clean__method"": ""none"", ""model__C"": 4.0, ""model__gamma"": 0.01, ""pca__n_components"": 136, ""scale__method"": ""robust""}",none,robust,136,4.0,0.01,"{""clean__method"": ""none"", ""model__C"": 4.0, ""model__gamma"": 0.01, ""pca__n_components"": 136, ""scale__method"": ""robust""}",stage3_local_cv,0,0.80875,6.724,0
stage3_869,stage3_seed_0,"{""clean__method"": ""none"", ""model__C"": 4.0, ""model__gamma"": 0.02, ""pca__n_components"": 136, ""scale__method"": ""robust""}",none,robust,136,4.0,0.02,"{""clean__method"": ""none"", ""model__C"": 4.0, ""model__gamma"": 0.02, ""pca__n_components"": 136, ""scale__method"": ""robust""}",stage3_local_cv,0,0.813125,7.315,0
stage3_870,stage3_seed_0,"{""clean__method"": ""none"", ""model__C"": 4.0, ""model__gamma"": 0.03, ""pca__n_components"": 136, ""scale__method"": ""robust""}",none,robust,136,4.0,0.03,"{""clean__method"": ""none"", ""model__C"": 4.0, ""model__gamma"": 0.03, ""pca__n_components"": 136, ""scale__method"": ""robust""}",stage3_local_cv,0,0.80125,6.026,0
stage3_871,stage3_seed_0,"{""clean__method"": ""none"", ""model__C"": 4.0, ""model__gamma"": 0.04, ""pca__n_components"": 136, ""scale__method"": ""robust""}",none,robust,136,4.0,0.04,"{""clean__method"": ""none"", ""model__C"": 4.0, ""model__gamma"": 0.04, ""pca__n_components"": 136, ""scale__method"": ""robust""}",stage3_local_cv,0,0.79125,7.113,0
stage3_872,stage3_seed_0,"{""clean__method"": ""none"", ""model__C"": 6.0, ""model__gamma"": 0.01, ""pca__n_components"": 136, ""scale__method"": ""robust""}",none,robust,136,6.0,0.01,"{""clean__method"": ""none"", ""model__C"": 6.0, ""model__gamma"": 0.01, ""pca__n_components"": 136, ""scale__method"": ""robust""}",stage3_local_cv,0,0.813125,6.574,0
stage3_873,stage3_seed_0,"{""clean__method"": ""none"", ""model__C"": 6.0, ""model__gamma"": 0.02, ""pca__n_components"": 136, ""scale__method"": ""robust""}",none,robust,136,6.0,0.02,"{""clean__method"": ""none"", ""model__C"": 6.0, ""model__gamma"": 0.02, ""pca__n_components"": 136, ""scale__method"": ""robust""}",stage3_local_cv,0,0.80875,7.018,0
stage3_874,stage3_seed_0,"{""clean__method"": ""none"", ""model__C"": 6.0, ""model__gamma"": 0.03, ""pca__n_components"": 136, ""scale__method"": ""robust""}",none,robust,136,6.0,0.03,"{""clean__method"": ""none"", ""model__C"": 6.0, ""model__gamma"": 0.03, ""pca__n_components"": 136, ""scale__method"": ""robust""}",stage3_local_cv,0,0.8025,6.013,0
stage3_875,stage3_seed_0,"{""clean__method"": ""none"", ""model__C"": 6.0, ""model__gamma"": 0.04, ""pca__n_components"": 136, ""scale__method"": ""robust""}",none,robust,136,6.0,0.04,"{""clean__method"": ""none"", ""model__C"": 6.0, ""model__gamma"": 0.04, ""pca__n_components"": 136, ""scale__method"": ""robust""}",stage3_local_cv,0,0.79125,6.907,0
stage3_876,stage3_seed_0,"{""clean__method"": ""none"", ""model__C"": 8.0, ""model__gamma"": 0.01, ""pca__n_components"": 136, ""scale__method"": ""robust""}",none,robust,136,8.0,0.01,"{""clean__method"": ""none"", ""model__C"": 8.0, ""model__gamma"": 0.01, ""pca__n_components"": 136, ""scale__method"": ""robust""}",stage3_local_cv,0,0.81,6.325,0
stage3_877,stage3_seed_0,"{""clean__method"": ""none"", ""model__C"": 8.0, ""model__gamma"": 0.02, ""pca__n_components"": 136, ""scale__method"": ""robust""}",none,robust,136,8.0,0.02,"{""clean__method"": ""none"", ""model__C"": 8.0, ""model__gamma"": 0.02, ""pca__n_components"": 136, ""scale__method"": ""robust""}",stage3_local_cv,0,0.809375,6.797,0
stage3_878,stage3_seed_0,"{""clean__method"": ""none"", ""model__C"": 8.0, ""model__gamma"": 0.03, ""pca__n_components"": 136, ""scale__method"": ""robust""}",none,robust,136,8.0,0.03,"{""clean__method"": ""none"", ""model__C"": 8.0, ""model__gamma"": 0.03, ""pca__n_components"": 136, ""scale__method"": ""robust""}",stage3_local_cv,0,0.801875,6.317,0
stage3_879,stage3_seed_0,"{""clean__method"": ""none"", ""model__C"": 8.0, ""model__gamma"": 0.04, ""pca__n_components"": 136, ""scale__method"": ""robust""}",none,robust,136,8.0,0.04,"{""clean__method"": ""none"", ""model__C"": 8.0, ""model__gamma"": 0.04, ""pca__n_components"": 136, ""scale__method"": ""robust""}",stage3_local_cv,0,0.789375,6.691,0
stage3_880,stage3_seed_0,"{""clean__method"": ""none"", ""model__C"": 3.0, ""model__gamma"": 0.01, ""pca__n_components"": 104, ""scale__method"": ""standard""}",none,standard,104,3.0,0.01,"{""clean__method"": ""none"", ""model__C"": 3.0, ""model__gamma"": 0.01, ""pca__n_components"": 104, ""scale__method"": ""standard""}",stage3_local_cv,0,0.80875,4.875,0
stage3_881,stage3_seed_0,"{""clean__method"": ""none"", ""model__C"": 3.0, ""model__gamma"": 0.02, ""pca__n_components"": 104, ""scale__method"": ""standard""}",none,standard,104,3.0,0.02,"{""clean__method"": ""none"", ""model__C"": 3.0, ""model__gamma"": 0.02, ""pca__n_components"": 104, ""scale__method"": ""standard""}",stage3_local_cv,0,0.805625,5.355,0
stage3_882,stage3_seed_0,"{""clean__method"": ""none"", ""model__C"": 3.0, ""model__gamma"": 0.03, ""pca__n_components"": 104, ""scale__method"": ""standard""}",none,standard,104,3.0,0.03,"{""clean__method"": ""none"", ""model__C"": 3.0, ""model__gamma"": 0.03, ""pca__n_components"": 104, ""scale__method"": ""standard""}",stage3_local_cv,0,0.779375,4.501,0
stage3_883,stage3_seed_0,"{""clean__method"": ""none"", ""model__C"": 3.0, ""model__gamma"": 0.04, ""pca__n_components"": 104, ""scale__method"": ""standard""}",none,standard,104,3.0,0.04,"{""clean__method"": ""none"", ""model__C"": 3.0, ""model__gamma"": 0.04, ""pca__n_components"": 104, ""scale__method"": ""standard""}",stage3_local_cv,0,0.763125,5.555,0
stage3_884,stage3_seed_0,"{""clean__method"": ""none"", ""model__C"": 4.0, ""model__gamma"": 0.01, ""pca__n_components"": 104, ""scale__method"": ""standard""}",none,standard,104,4.0,0.01,"{""clean__method"": ""none"", ""model__C"": 4.0, ""model__gamma"": 0.01, ""pca__n_components"": 104, ""scale__method"": ""standard""}",stage3_local_cv,0,0.8125,4.79,0
stage3_885,stage3_seed_0,"{""clean__method"": ""none"", ""model__C"": 4.0, ""model__gamma"": 0.02, ""pca__n_components"": 104, ""scale__method"": ""standard""}",none,standard,104,4.0,0.02,"{""clean__method"": ""none"", ""model__C"": 4.0, ""model__gamma"": 0.02, ""pca__n_components"": 104, ""scale__method"": ""standard""}",stage3_local_cv,0,0.804375,4.56,0
stage3_886,stage3_seed_0,"{""clean__method"": ""none"", ""model__C"": 4.0, ""model__gamma"": 0.03, ""pca__n_components"": 104, ""scale__method"": ""standard""}",none,standard,104,4.0,0.03,"{""clean__method"": ""none"", ""model__C"": 4.0, ""model__gamma"": 0.03, ""pca__n_components"": 104, ""scale__method"": ""standard""}",stage3_local_cv,0,0.78,5.416,0
stage3_887,stage3_seed_0,"{""clean__method"": ""none"", ""model__C"": 4.0, ""model__gamma"": 0.04, ""pca__n_components"": 104, ""scale__method"": ""standard""}",none,standard,104,4.0,0.04,"{""clean__method"": ""none"", ""model__C"": 4.0, ""model__gamma"": 0.04, ""pca__n_components"": 104, ""scale__method"": ""standard""}",stage3_local_cv,0,0.76375,4.506,0
stage3_888,stage3_seed_0,"{""clean__method"": ""none"", ""model__C"": 6.0, ""model__gamma"": 0.01, ""pca__n_components"": 104, ""scale__method"": ""standard""}",none,standard,104,6.0,0.01,"{""clean__method"": ""none"", ""model__C"": 6.0, ""model__gamma"": 0.01, ""pca__n_components"": 104, ""scale__method"": ""standard""}",stage3_local_cv,0,0.81125,5.719,0
stage3_889,stage3_seed_0,"{""clean__method"": ""none"", ""model__C"": 6.0, ""model__gamma"": 0.02, ""pca__n_components"": 104, ""scale__method"": ""standard""}",none,standard,104,6.0,0.02,"{""clean__method"": ""none"", ""model__C"": 6.0, ""model__gamma"": 0.02, ""pca__n_components"": 104, ""scale__method"": ""standard""}",stage3_local_cv,0,0.803125,4.662,0
stage3_890,stage3_seed_0,"{""clean__method"": ""none"", ""model__C"": 6.0, ""model__gamma"": 0.03, ""pca__n_components"": 104, ""scale__method"": ""standard""}",none,standard,104,6.0,0.03,"{""clean__method"": ""none"", ""model__C"": 6.0, ""model__gamma"": 0.03, ""pca__n_components"": 104, ""scale__method"": ""standard""}",stage3_local_cv,0,0.780625,4.51,0
stage3_891,stage3_seed_0,"{""clean__method"": ""none"", ""model__C"": 6.0, ""model__gamma"": 0.04, ""pca__n_components"": 104, ""scale__method"": ""standard""}",none,standard,104,6.0,0.04,"{""clean__method"": ""none"", ""model__C"": 6.0, ""model__gamma"": 0.04, ""pca__n_components"": 104, ""scale__method"": ""standard""}",stage3_local_cv,0,0.7625,5.283,0
stage3_892,stage3_seed_0,"{""clean__method"": ""none"", ""model__C"": 8.0, ""model__gamma"": 0.01, ""pca__n_components"": 104, ""scale__method"": ""standard""}",none,standard,104,8.0,0.01,"{""clean__method"": ""none"", ""model__C"": 8.0, ""model__gamma"": 0.01, ""pca__n_components"": 104, ""scale__method"": ""standard""}",stage3_local_cv,0,0.80875,4.825,0
stage3_893,stage3_seed_0,"{""clean__method"": ""none"", ""model__C"": 8.0, ""model__gamma"": 0.02, ""pca__n_components"": 104, ""scale__method"": ""standard""}",none,standard,104,8.0,0.02,"{""clean__method"": ""none"", ""model__C"": 8.0, ""model__gamma"": 0.02, ""pca__n_components"": 104, ""scale__method"": ""standard""}",stage3_local_cv,0,0.80125,5.515,0
stage3_894,stage3_seed_0,"{""clean__method"": ""none"", ""model__C"": 8.0, ""model__gamma"": 0.03, ""pca__n_components"": 104, ""scale__method"": ""standard""}",none,standard,104,8.0,0.03,"{""clean__method"": ""none"", ""model__C"": 8.0, ""model__gamma"": 0.03, ""pca__n_components"": 104, ""scale__method"": ""standard""}",stage3_local_cv,0,0.77875,4.538,0
stage3_895,stage3_seed_0,"{""clean__method"": ""none"", ""model__C"": 8.0, ""model__gamma"": 0.04, ""pca__n_components"": 104, ""scale__method"": ""standard""}",none,standard,104,8.0,0.04,"{""clean__method"": ""none"", ""model__C"": 8.0, ""model__gamma"": 0.04, ""pca__n_components"": 104, ""scale__method"": ""standard""}",stage3_local_cv,0,0.763125,4.58,0
stage3_896,stage3_seed_0,"{""clean__method"": ""none"", ""model__C"": 3.0, ""model__gamma"": 0.01, ""pca__n_components"": 112, ""scale__method"": ""standard""}",none,standard,112,3.0,0.01,"{""clean__method"": ""none"", ""model__C"": 3.0, ""model__gamma"": 0.01, ""pca__n_components"": 112, ""scale__method"": ""standard""}",stage3_local_cv,0,0.81,5.289,0
stage3_897,stage3_seed_0,"{""clean__method"": ""none"", ""model__C"": 3.0, ""model__gamma"": 0.02, ""pca__n_components"": 112, ""scale__method"": ""standard""}",none,standard,112,3.0,0.02,"{""clean__method"": ""none"", ""model__C"": 3.0, ""model__gamma"": 0.02, ""pca__n_components"": 112, ""scale__method"": ""standard""}",stage3_local_cv,0,0.804375,4.358,0
stage3_898,stage3_seed_0,"{""clean__method"": ""none"", ""model__C"": 3.0, ""model__gamma"": 0.03, ""pca__n_components"": 112, ""scale__method"": ""standard""}",none,standard,112,3.0,0.03,"{""clean__method"": ""none"", ""model__C"": 3.0, ""model__gamma"": 0.03, ""pca__n_components"": 112, ""scale__method"": ""standard""}",stage3_local_cv,0,0.78,5.41,0
stage3_899,stage3_seed_0,"{""clean__method"": ""none"", ""model__C"": 3.0, ""model__gamma"": 0.04, ""pca__n_components"": 112, ""scale__method"": ""standard""}",none,standard,112,3.0,0.04,"{""clean__method"": ""none"", ""model__C"": 3.0, ""model__gamma"": 0.04, ""pca__n_components"": 112, ""scale__method"": ""standard""}",stage3_local_cv,0,0.76,4.239,0
stage3_900,stage3_seed_0,"{""clean__method"": ""none"", ""model__C"": 4.0, ""model__gamma"": 0.01, ""pca__n_components"": 112, ""scale__method"": ""standard""}",none,standard,112,4.0,0.01,"{""clean__method"": ""none"", ""model__C"": 4.0, ""model__gamma"": 0.01, ""pca__n_components"": 112, ""scale__method"": ""standard""}",stage3_local_cv,0,0.813125,4.574,0
stage3_901,stage3_seed_0,"{""clean__method"": ""none"", ""model__C"": 4.0, ""model__gamma"": 0.02, ""pca__n_components"": 112, ""scale__method"": ""standard""}",none,standard,112,4.0,0.02,"{""clean__method"": ""none"", ""model__C"": 4.0, ""model__gamma"": 0.02, ""pca__n_components"": 112, ""scale__method"": ""standard""}",stage3_local_cv,0,0.806875,5.116,0
stage3_902,stage3_seed_0,"{""clean__method"": ""none"", ""model__C"": 4.0, ""model__gamma"": 0.03, ""pca__n_components"": 112, ""scale__method"": ""standard""}",none,standard,112,4.0,0.03,"{""clean__method"": ""none"", ""model__C"": 4.0, ""model__gamma"": 0.03, ""pca__n_components"": 112, ""scale__method"": ""standard""}",stage3_local_cv,0,0.78125,4.345,0
stage3_903,stage3_seed_0,"{""clean__method"": ""none"", ""model__C"": 4.0, ""model__gamma"": 0.04, ""pca__n_components"": 112, ""scale__method"": ""standard""}",none,standard,112,4.0,0.04,"{""clean__method"": ""none"", ""model__C"": 4.0, ""model__gamma"": 0.04, ""pca__n_components"": 112, ""scale__method"": ""standard""}",stage3_local_cv,0,0.76125,5.093,0
stage3_904,stage3_seed_0,"{""clean__method"": ""none"", ""model__C"": 6.0, ""model__gamma"": 0.01, ""pca__n_components"": 112, ""scale__method"": ""standard""}",none,standard,112,6.0,0.01,"{""clean__method"": ""none"", ""model__C"": 6.0, ""model__gamma"": 0.01, ""pca__n_components"": 112, ""scale__method"": ""standard""}",stage3_local_cv,0,0.81625,5.128,0
stage3_905,stage3_seed_0,"{""clean__method"": ""none"", ""model__C"": 6.0, ""model__gamma"": 0.02, ""pca__n_components"": 112, ""scale__method"": ""standard""}",none,standard,112,6.0,0.02,"{""clean__method"": ""none"", ""model__C"": 6.0, ""model__gamma"": 0.02, ""pca__n_components"": 112, ""scale__method"": ""standard""}",stage3_local_cv,0,0.803125,4.462,0
stage3_906,stage3_seed_0,"{""clean__method"": ""none"", ""model__C"": 6.0, ""model__gamma"": 0.03, ""pca__n_components"": 112, ""scale__method"": ""standard""}",none,standard,112,6.0,0.03,"{""clean__method"": ""none"", ""model__C"": 6.0, ""model__gamma"": 0.03, ""pca__n_components"": 112, ""scale__method"": ""standard""}",stage3_local_cv,0,0.783125,5.207,0
stage3_907,stage3_seed_0,"{""clean__method"": ""none"", ""model__C"": 6.0, ""model__gamma"": 0.04, ""pca__n_components"": 112, ""scale__method"": ""standard""}",none,standard,112,6.0,0.04,"{""clean__method"": ""none"", ""model__C"": 6.0, ""model__gamma"": 0.04, ""pca__n_components"": 112, ""scale__method"": ""standard""}",stage3_local_cv,0,0.76125,4.349,0
stage3_908,stage3_seed_0,"{""clean__method"": ""none"", ""model__C"": 8.0, ""model__gamma"": 0.01, ""pca__n_components"": 112, ""scale__method"": ""standard""}",none,standard,112,8.0,0.01,"{""clean__method"": ""none"", ""model__C"": 8.0, ""model__gamma"": 0.01, ""pca__n_components"": 112, ""scale__method"": ""standard""}",stage3_local_cv,0,0.815,5.267,0
stage3_909,stage3_seed_0,"{""clean__method"": ""none"", ""model__C"": 8.0, ""model__gamma"": 0.02, ""pca__n_components"": 112, ""scale__method"": ""standard""}",none,standard,112,8.0,0.02,"{""clean__method"": ""none"", ""model__C"": 8.0, ""model__gamma"": 0.02, ""pca__n_components"": 112, ""scale__method"": ""standard""}",stage3_local_cv,0,0.80125,4.758,0
stage3_910,stage3_seed_0,"{""clean__method"": ""none"", ""model__C"": 8.0, ""model__gamma"": 0.03, ""pca__n_components"": 112, ""scale__method"": ""standard""}",none,standard,112,8.0,0.03,"{""clean__method"": ""none"", ""model__C"": 8.0, ""model__gamma"": 0.03, ""pca__n_components"": 112, ""scale__method"": ""standard""}",stage3_local_cv,0,0.78125,4.266,0
stage3_911,stage3_seed_0,"{""clean__method"": ""none"", ""model__C"": 8.0, ""model__gamma"": 0.04, ""pca__n_components"": 112, ""scale__method"": ""standard""}",none,standard,112,8.0,0.04,"{""clean__method"": ""none"", ""model__C"": 8.0, ""model__gamma"": 0.04, ""pca__n_components"": 112, ""scale__method"": ""standard""}",stage3_local_cv,0,0.7625,5.225,0
stage3_912,stage3_seed_0,"{""clean__method"": ""none"", ""model__C"": 3.0, ""model__gamma"": 0.01, ""pca__n_components"": 120, ""scale__method"": ""standard""}",none,standard,120,3.0,0.01,"{""clean__method"": ""none"", ""model__C"": 3.0, ""model__gamma"": 0.01, ""pca__n_components"": 120, ""scale__method"": ""standard""}",stage3_local_cv,0,0.81625,5.182,0
stage3_913,stage3_seed_0,"{""clean__method"": ""none"", ""model__C"": 3.0, ""model__gamma"": 0.02, ""pca__n_components"": 120, ""scale__method"": ""standard""}",none,standard,120,3.0,0.02,"{""clean__method"": ""none"", ""model__C"": 3.0, ""model__gamma"": 0.02, ""pca__n_components"": 120, ""scale__method"": ""standard""}",stage3_local_cv,0,0.803125,5.683,0
stage3_914,stage3_seed_0,"{""clean__method"": ""none"", ""model__C"": 3.0, ""model__gamma"": 0.03, ""pca__n_components"": 120, ""scale__method"": ""standard""}",none,standard,120,3.0,0.03,"{""clean__method"": ""none"", ""model__C"": 3.0, ""model__gamma"": 0.03, ""pca__n_components"": 120, ""scale__method"": ""standard""}",stage3_local_cv,0,0.780625,5.055,0
stage3_915,stage3_seed_0,"{""clean__method"": ""none"", ""model__C"": 3.0, ""model__gamma"": 0.04, ""pca__n_components"": 120, ""scale__method"": ""standard""}",none,standard,120,3.0,0.04,"{""clean__method"": ""none"", ""model__C"": 3.0, ""model__gamma"": 0.04, ""pca__n_components"": 120, ""scale__method"": ""standard""}",stage3_local_cv,0,0.756875,5.014,0
stage3_916,stage3_seed_0,"{""clean__method"": ""none"", ""model__C"": 4.0, ""model__gamma"": 0.01, ""pca__n_components"": 120, ""scale__method"": ""standard""}",none,standard,120,4.0,0.01,"{""clean__method"": ""none"", ""model__C"": 4.0, ""model__gamma"": 0.01, ""pca__n_components"": 120, ""scale__method"": ""standard""}",stage3_local_cv,0,0.81875,5.951,0
stage3_917,stage3_seed_0,"{""clean__method"": ""none"", ""model__C"": 4.0, ""model__gamma"": 0.02, ""pca__n_components"": 120, ""scale__method"": ""standard""}",none,standard,120,4.0,0.02,"{""clean__method"": ""none"", ""model__C"": 4.0, ""model__gamma"": 0.02, ""pca__n_components"": 120, ""scale__method"": ""standard""}",stage3_local_cv,0,0.804375,4.875,0
stage3_918,stage3_seed_0,"{""clean__method"": ""none"", ""model__C"": 4.0, ""model__gamma"": 0.03, ""pca__n_components"": 120, ""scale__method"": ""standard""}",none,standard,120,4.0,0.03,"{""clean__method"": ""none"", ""model__C"": 4.0, ""model__gamma"": 0.03, ""pca__n_components"": 120, ""scale__method"": ""standard""}",stage3_local_cv,0,0.78375,5.708,0
stage3_919,stage3_seed_0,"{""clean__method"": ""none"", ""model__C"": 4.0, ""model__gamma"": 0.04, ""pca__n_components"": 120, ""scale__method"": ""standard""}",none,standard,120,4.0,0.04,"{""clean__method"": ""none"", ""model__C"": 4.0, ""model__gamma"": 0.04, ""pca__n_components"": 120, ""scale__method"": ""standard""}",stage3_local_cv,0,0.759375,4.99,0
stage3_920,stage3_seed_0,"{""clean__method"": ""none"", ""model__C"": 6.0, ""model__gamma"": 0.01, ""pca__n_components"": 120, ""scale__method"": ""standard""}",none,standard,120,6.0,0.01,"{""clean__method"": ""none"", ""model__C"": 6.0, ""model__gamma"": 0.01, ""pca__n_components"": 120, ""scale__method"": ""standard""}",stage3_local_cv,0,0.815,6.212,0
stage3_921,stage3_seed_0,"{""clean__method"": ""none"", ""model__C"": 6.0, ""model__gamma"": 0.02, ""pca__n_components"": 120, ""scale__method"": ""standard""}",none,standard,120,6.0,0.02,"{""clean__method"": ""none"", ""model__C"": 6.0, ""model__gamma"": 0.02, ""pca__n_components"": 120, ""scale__method"": ""standard""}",stage3_local_cv,0,0.803125,5.022,0
stage3_922,stage3_seed_0,"{""clean__method"": ""none"", ""model__C"": 6.0, ""model__gamma"": 0.03, ""pca__n_components"": 120, ""scale__method"": ""standard""}",none,standard,120,6.0,0.03,"{""clean__method"": ""none"", ""model__C"": 6.0, ""model__gamma"": 0.03, ""pca__n_components"": 120, ""scale__method"": ""standard""}",stage3_local_cv,0,0.77875,4.99,0
stage3_923,stage3_seed_0,"{""clean__method"": ""none"", ""model__C"": 6.0, ""model__gamma"": 0.04, ""pca__n_components"": 120, ""scale__method"": ""standard""}",none,standard,120,6.0,0.04,"{""clean__method"": ""none"", ""model__C"": 6.0, ""model__gamma"": 0.04, ""pca__n_components"": 120, ""scale__method"": ""standard""}",stage3_local_cv,0,0.760625,5.551,0
stage3_924,stage3_seed_0,"{""clean__method"": ""none"", ""model__C"": 8.0, ""model__gamma"": 0.01, ""pca__n_components"": 120, ""scale__method"": ""standard""}",none,standard,120,8.0,0.01,"{""clean__method"": ""none"", ""model__C"": 8.0, ""model__gamma"": 0.01, ""pca__n_components"": 120, ""scale__method"": ""standard""}",stage3_local_cv,0,0.813125,5.201,0
stage3_925,stage3_seed_0,"{""clean__method"": ""none"", ""model__C"": 8.0, ""model__gamma"": 0.02, ""pca__n_components"": 120, ""scale__method"": ""standard""}",none,standard,120,8.0,0.02,"{""clean__method"": ""none"", ""model__C"": 8.0, ""model__gamma"": 0.02, ""pca__n_components"": 120, ""scale__method"": ""standard""}",stage3_local_cv,0,0.800625,5.735,0
stage3_926,stage3_seed_0,"{""clean__method"": ""none"", ""model__C"": 8.0, ""model__gamma"": 0.03, ""pca__n_components"": 120, ""scale__method"": ""standard""}",none,standard,120,8.0,0.03,"{""clean__method"": ""none"", ""model__C"": 8.0, ""model__gamma"": 0.03, ""pca__n_components"": 120, ""scale__method"": ""standard""}",stage3_local_cv,0,0.779375,4.94,0
stage3_927,stage3_seed_0,"{""clean__method"": ""none"", ""model__C"": 8.0, ""model__gamma"": 0.04, ""pca__n_components"": 120, ""scale__method"": ""standard""}",none,standard,120,8.0,0.04,"{""clean__method"": ""none"", ""model__C"": 8.0, ""model__gamma"": 0.04, ""pca__n_components"": 120, ""scale__method"": ""standard""}",stage3_local_cv,0,0.761875,5.921,0
stage3_928,stage3_seed_0,"{""clean__method"": ""none"", ""model__C"": 3.0, ""model__gamma"": 0.01, ""pca__n_components"": 128, ""scale__method"": ""standard""}",none,standard,128,3.0,0.01,"{""clean__method"": ""none"", ""model__C"": 3.0, ""model__gamma"": 0.01, ""pca__n_components"": 128, ""scale__method"": ""standard""}",stage3_local_cv,0,0.8125,4.866,0
stage3_929,stage3_seed_0,"{""clean__method"": ""none"", ""model__C"": 3.0, ""model__gamma"": 0.02, ""pca__n_components"": 128, ""scale__method"": ""standard""}",none,standard,128,3.0,0.02,"{""clean__method"": ""none"", ""model__C"": 3.0, ""model__gamma"": 0.02, ""pca__n_components"": 128, ""scale__method"": ""standard""}",stage3_local_cv,0,0.805625,4.95,0
stage3_930,stage3_seed_0,"{""clean__method"": ""none"", ""model__C"": 3.0, ""model__gamma"": 0.03, ""pca__n_components"": 128, ""scale__method"": ""standard""}",none,standard,128,3.0,0.03,"{""clean__method"": ""none"", ""model__C"": 3.0, ""model__gamma"": 0.03, ""pca__n_components"": 128, ""scale__method"": ""standard""}",stage3_local_cv,0,0.77875,5.243,0
stage3_931,stage3_seed_0,"{""clean__method"": ""none"", ""model__C"": 3.0, ""model__gamma"": 0.04, ""pca__n_components"": 128, ""scale__method"": ""standard""}",none,standard,128,3.0,0.04,"{""clean__method"": ""none"", ""model__C"": 3.0, ""model__gamma"": 0.04, ""pca__n_components"": 128, ""scale__method"": ""standard""}",stage3_local_cv,0,0.759375,4.606,0
stage3_932,stage3_seed_0,"{""clean__method"": ""none"", ""model__C"": 4.0, ""model__gamma"": 0.01, ""pca__n_components"": 128, ""scale__method"": ""standard""}",none,standard,128,4.0,0.01,"{""clean__method"": ""none"", ""model__C"": 4.0, ""model__gamma"": 0.01, ""pca__n_components"": 128, ""scale__method"": ""standard""}",stage3_local_cv,0,0.813125,5.749,0
stage3_933,stage3_seed_0,"{""clean__method"": ""none"", ""model__C"": 4.0, ""model__gamma"": 0.02, ""pca__n_components"": 128, ""scale__method"": ""standard""}",none,standard,128,4.0,0.02,"{""clean__method"": ""none"", ""model__C"": 4.0, ""model__gamma"": 0.02, ""pca__n_components"": 128, ""scale__method"": ""standard""}",stage3_local_cv,0,0.801875,4.844,0
stage3_934,stage3_seed_0,"{""clean__method"": ""none"", ""model__C"": 4.0, ""model__gamma"": 0.03, ""pca__n_components"": 128, ""scale__method"": ""standard""}",none,standard,128,4.0,0.03,"{""clean__method"": ""none"", ""model__C"": 4.0, ""model__gamma"": 0.03, ""pca__n_components"": 128, ""scale__method"": ""standard""}",stage3_local_cv,0,0.778125,5.354,0
stage3_935,stage3_seed_0,"{""clean__method"": ""none"", ""model__C"": 4.0, ""model__gamma"": 0.04, ""pca__n_components"": 128, ""scale__method"": ""standard""}",none,standard,128,4.0,0.04,"{""clean__method"": ""none"", ""model__C"": 4.0, ""model__gamma"": 0.04, ""pca__n_components"": 128, ""scale__method"": ""standard""}",stage3_local_cv,0,0.761875,4.98,0
stage3_936,stage3_seed_0,"{""clean__method"": ""none"", ""model__C"": 6.0, ""model__gamma"": 0.01, ""pca__n_components"": 128, ""scale__method"": ""standard""}",none,standard,128,6.0,0.01,"{""clean__method"": ""none"", ""model__C"": 6.0, ""model__gamma"": 0.01, ""pca__n_components"": 128, ""scale__method"": ""standard""}",stage3_local_cv,0,0.814375,4.841,0
stage3_937,stage3_seed_0,"{""clean__method"": ""none"", ""model__C"": 6.0, ""model__gamma"": 0.02, ""pca__n_components"": 128, ""scale__method"": ""standard""}",none,standard,128,6.0,0.02,"{""clean__method"": ""none"", ""model__C"": 6.0, ""model__gamma"": 0.02, ""pca__n_components"": 128, ""scale__method"": ""standard""}",stage3_local_cv,0,0.803125,5.449,0
stage3_938,stage3_seed_0,"{""clean__method"": ""none"", ""model__C"": 6.0, ""model__gamma"": 0.03, ""pca__n_components"": 128, ""scale__method"": ""standard""}",none,standard,128,6.0,0.03,"{""clean__method"": ""none"", ""model__C"": 6.0, ""model__gamma"": 0.03, ""pca__n_components"": 128, ""scale__method"": ""standard""}",stage3_local_cv,0,0.776875,4.631,0
stage3_939,stage3_seed_0,"{""clean__method"": ""none"", ""model__C"": 6.0, ""model__gamma"": 0.04, ""pca__n_components"": 128, ""scale__method"": ""standard""}",none,standard,128,6.0,0.04,"{""clean__method"": ""none"", ""model__C"": 6.0, ""model__gamma"": 0.04, ""pca__n_components"": 128, ""scale__method"": ""standard""}",stage3_local_cv,0,0.761875,5.705,0
stage3_940,stage3_seed_0,"{""clean__method"": ""none"", ""model__C"": 8.0, ""model__gamma"": 0.01, ""pca__n_components"": 128, ""scale__method"": ""standard""}",none,standard,128,8.0,0.01,"{""clean__method"": ""none"", ""model__C"": 8.0, ""model__gamma"": 0.01, ""pca__n_components"": 128, ""scale__method"": ""standard""}",stage3_local_cv,0,0.81375,4.993,0
stage3_941,stage3_seed_0,"{""clean__method"": ""none"", ""model__C"": 8.0, ""model__gamma"": 0.02, ""pca__n_components"": 128, ""scale__method"": ""standard""}",none,standard,128,8.0,0.02,"{""clean__method"": ""none"", ""model__C"": 8.0, ""model__gamma"": 0.02, ""pca__n_components"": 128, ""scale__method"": ""standard""}",stage3_local_cv,0,0.8,5.035,0
stage3_942,stage3_seed_0,"{""clean__method"": ""none"", ""model__C"": 8.0, ""model__gamma"": 0.03, ""pca__n_components"": 128, ""scale__method"": ""standard""}",none,standard,128,8.0,0.03,"{""clean__method"": ""none"", ""model__C"": 8.0, ""model__gamma"": 0.03, ""pca__n_components"": 128, ""scale__method"": ""standard""}",stage3_local_cv,0,0.775625,5.285,0
stage3_943,stage3_seed_0,"{""clean__method"": ""none"", ""model__C"": 8.0, ""model__gamma"": 0.04, ""pca__n_components"": 128, ""scale__method"": ""standard""}",none,standard,128,8.0,0.04,"{""clean__method"": ""none"", ""model__C"": 8.0, ""model__gamma"": 0.04, ""pca__n_components"": 128, ""scale__method"": ""standard""}",stage3_local_cv,0,0.760625,4.722,0
stage3_944,stage3_seed_0,"{""clean__method"": ""none"", ""model__C"": 3.0, ""model__gamma"": 0.01, ""pca__n_components"": 136, ""scale__method"": ""standard""}",none,standard,136,3.0,0.01,"{""clean__method"": ""none"", ""model__C"": 3.0, ""model__gamma"": 0.01, ""pca__n_components"": 136, ""scale__method"": ""standard""}",stage3_local_cv,0,0.81375,6.789,0
stage3_945,stage3_seed_0,"{""clean__method"": ""none"", ""model__C"": 3.0, ""model__gamma"": 0.02, ""pca__n_components"": 136, ""scale__method"": ""standard""}",none,standard,136,3.0,0.02,"{""clean__method"": ""none"", ""model__C"": 3.0, ""model__gamma"": 0.02, ""pca__n_components"": 136, ""scale__method"": ""standard""}",stage3_local_cv,0,0.80125,5.651,0
stage3_946,stage3_seed_0,"{""clean__method"": ""none"", ""model__C"": 3.0, ""model__gamma"": 0.03, ""pca__n_components"": 136, ""scale__method"": ""standard""}",none,standard,136,3.0,0.03,"{""clean__method"": ""none"", ""model__C"": 3.0, ""model__gamma"": 0.03, ""pca__n_components"": 136, ""scale__method"": ""standard""}",stage3_local_cv,0,0.779375,6.67,0
stage3_947,stage3_seed_0,"{""clean__method"": ""none"", ""model__C"": 3.0, ""model__gamma"": 0.04, ""pca__n_components"": 136, ""scale__method"": ""standard""}",none,standard,136,3.0,0.04,"{""clean__method"": ""none"", ""model__C"": 3.0, ""model__gamma"": 0.04, ""pca__n_components"": 136, ""scale__method"": ""standard""}",stage3_local_cv,0,0.760625,5.801,0
stage3_948,stage3_seed_0,"{""clean__method"": ""none"", ""model__C"": 4.0, ""model__gamma"": 0.01, ""pca__n_components"": 136, ""scale__method"": ""standard""}",none,standard,136,4.0,0.01,"{""clean__method"": ""none"", ""model__C"": 4.0, ""model__gamma"": 0.01, ""pca__n_components"": 136, ""scale__method"": ""standard""}",stage3_local_cv,0,0.81,6.966,0
stage3_949,stage3_seed_0,"{""clean__method"": ""none"", ""model__C"": 4.0, ""model__gamma"": 0.02, ""pca__n_components"": 136, ""scale__method"": ""standard""}",none,standard,136,4.0,0.02,"{""clean__method"": ""none"", ""model__C"": 4.0, ""model__gamma"": 0.02, ""pca__n_components"": 136, ""scale__method"": ""standard""}",stage3_local_cv,0,0.800625,5.957,0
stage3_950,stage3_seed_0,"{""clean__method"": ""none"", ""model__C"": 4.0, ""model__gamma"": 0.03, ""pca__n_components"": 136, ""scale__method"": ""standard""}",none,standard,136,4.0,0.03,"{""clean__method"": ""none"", ""model__C"": 4.0, ""model__gamma"": 0.03, ""pca__n_components"": 136, ""scale__method"": ""standard""}",stage3_local_cv,0,0.776875,6.821,0
stage3_951,stage3_seed_0,"{""clean__method"": ""none"", ""model__C"": 4.0, ""model__gamma"": 0.04, ""pca__n_components"": 136, ""scale__method"": ""standard""}",none,standard,136,4.0,0.04,"{""clean__method"": ""none"", ""model__C"": 4.0, ""model__gamma"": 0.04, ""pca__n_components"": 136, ""scale__method"": ""standard""}",stage3_local_cv,0,0.75875,5.893,0
stage3_952,stage3_seed_0,"{""clean__method"": ""none"", ""model__C"": 6.0, ""model__gamma"": 0.01, ""pca__n_components"": 136, ""scale__method"": ""standard""}",none,standard,136,6.0,0.01,"{""clean__method"": ""none"", ""model__C"": 6.0, ""model__gamma"": 0.01, ""pca__n_components"": 136, ""scale__method"": ""standard""}",stage3_local_cv,0,0.808125,6.751,0
stage3_953,stage3_seed_0,"{""clean__method"": ""none"", ""model__C"": 6.0, ""model__gamma"": 0.02, ""pca__n_components"": 136, ""scale__method"": ""standard""}",none,standard,136,6.0,0.02,"{""clean__method"": ""none"", ""model__C"": 6.0, ""model__gamma"": 0.02, ""pca__n_components"": 136, ""scale__method"": ""standard""}",stage3_local_cv,0,0.80375,5.916,0
stage3_954,stage3_seed_0,"{""clean__method"": ""none"", ""model__C"": 6.0, ""model__gamma"": 0.03, ""pca__n_components"": 136, ""scale__method"": ""standard""}",none,standard,136,6.0,0.03,"{""clean__method"": ""none"", ""model__C"": 6.0, ""model__gamma"": 0.03, ""pca__n_components"": 136, ""scale__method"": ""standard""}",stage3_local_cv,0,0.774375,6.962,0
stage3_955,stage3_seed_0,"{""clean__method"": ""none"", ""model__C"": 6.0, ""model__gamma"": 0.04, ""pca__n_components"": 136, ""scale__method"": ""standard""}",none,standard,136,6.0,0.04,"{""clean__method"": ""none"", ""model__C"": 6.0, ""model__gamma"": 0.04, ""pca__n_components"": 136, ""scale__method"": ""standard""}",stage3_local_cv,0,0.75875,6.267,0
stage3_956,stage3_seed_0,"{""clean__method"": ""none"", ""model__C"": 8.0, ""model__gamma"": 0.01, ""pca__n_components"": 136, ""scale__method"": ""standard""}",none,standard,136,8.0,0.01,"{""clean__method"": ""none"", ""model__C"": 8.0, ""model__gamma"": 0.01, ""pca__n_components"": 136, ""scale__method"": ""standard""}",stage3_local_cv,0,0.8075,6.763,0
stage3_957,stage3_seed_0,"{""clean__method"": ""none"", ""model__C"": 8.0, ""model__gamma"": 0.02, ""pca__n_components"": 136, ""scale__method"": ""standard""}",none,standard,136,8.0,0.02,"{""clean__method"": ""none"", ""model__C"": 8.0, ""model__gamma"": 0.02, ""pca__n_components"": 136, ""scale__method"": ""standard""}",stage3_local_cv,0,0.799375,6.726,0
stage3_958,stage3_seed_0,"{""clean__method"": ""none"", ""model__C"": 8.0, ""model__gamma"": 0.03, ""pca__n_components"": 136, ""scale__method"": ""standard""}",none,standard,136,8.0,0.03,"{""clean__method"": ""none"", ""model__C"": 8.0, ""model__gamma"": 0.03, ""pca__n_components"": 136, ""scale__method"": ""standard""}",stage3_local_cv,0,0.774375,6.04,0
stage3_959,stage3_seed_0,"{""clean__method"": ""none"", ""model__C"": 8.0, ""model__gamma"": 0.04, ""pca__n_components"": 136, ""scale__method"": ""standard""}",none,standard,136,8.0,0.04,"{""clean__method"": ""none"", ""model__C"": 8.0, ""model__gamma"": 0.04, ""pca__n_components"": 136, ""scale__method"": ""standard""}",stage3_local_cv,0,0.76125,7.176,0
stage3_960,stage3_seed_1,"{""clean__method"": ""lof_0.03"", ""model__C"": 2.25, ""model__gamma"": 0.005, ""pca__n_components"": 120, ""scale__method"": ""power_yeo""}",lof_0.03,power_yeo,120,2.25,0.005,"{""clean__method"": ""lof_0.03"", ""model__C"": 2.25, ""model__gamma"": 0.005, ""pca__n_components"": 120, ""scale__method"": ""power_yeo""}",stage3_local_cv,0,0.77625,8.007,192
stage3_961,stage3_seed_1,"{""clean__method"": ""lof_0.03"", ""model__C"": 2.25, ""model__gamma"": 0.01, ""pca__n_components"": 120, ""scale__method"": ""power_yeo""}",lof_0.03,power_yeo,120,2.25,0.01,"{""clean__method"": ""lof_0.03"", ""model__C"": 2.25, ""model__gamma"": 0.01, ""pca__n_components"": 120, ""scale__method"": ""power_yeo""}",stage3_local_cv,0,0.81625,9.601,192
stage3_962,stage3_seed_1,"{""clean__method"": ""lof_0.03"", ""model__C"": 2.25, ""model__gamma"": 0.015, ""pca__n_components"": 120, ""scale__method"": ""power_yeo""}",lof_0.03,power_yeo,120,2.25,0.015,"{""clean__method"": ""lof_0.03"", ""model__C"": 2.25, ""model__gamma"": 0.015, ""pca__n_components"": 120, ""scale__method"": ""power_yeo""}",stage3_local_cv,0,0.81125,9.374,192
stage3_963,stage3_seed_1,"{""clean__method"": ""lof_0.03"", ""model__C"": 2.25, ""model__gamma"": 0.02, ""pca__n_components"": 120, ""scale__method"": ""power_yeo""}",lof_0.03,power_yeo,120,2.25,0.02,"{""clean__method"": ""lof_0.03"", ""model__C"": 2.25, ""model__gamma"": 0.02, ""pca__n_components"": 120, ""scale__method"": ""power_yeo""}",stage3_local_cv,0,0.800625,9.2,192
stage3_964,stage3_seed_1,"{""clean__method"": ""lof_0.03"", ""model__C"": 3.0, ""model__gamma"": 0.005, ""pca__n_components"": 120, ""scale__method"": ""power_yeo""}",lof_0.03,power_yeo,120,3.0,0.005,"{""clean__method"": ""lof_0.03"", ""model__C"": 3.0, ""model__gamma"": 0.005, ""pca__n_components"": 120, ""scale__method"": ""power_yeo""}",stage3_local_cv,0,0.78625,8.564,192
stage3_965,stage3_seed_1,"{""clean__method"": ""lof_0.03"", ""model__C"": 3.0, ""model__gamma"": 0.015, ""pca__n_components"": 120, ""scale__method"": ""power_yeo""}",lof_0.03,power_yeo,120,3.0,0.015,"{""clean__method"": ""lof_0.03"", ""model__C"": 3.0, ""model__gamma"": 0.015, ""pca__n_components"": 120, ""scale__method"": ""power_yeo""}",stage3_local_cv,0,0.81,9.516,192
stage3_966,stage3_seed_1,"{""clean__method"": ""lof_0.03"", ""model__C"": 4.5, ""model__gamma"": 0.005, ""pca__n_components"": 120, ""scale__method"": ""power_yeo""}",lof_0.03,power_yeo,120,4.5,0.005,"{""clean__method"": ""lof_0.03"", ""model__C"": 4.5, ""model__gamma"": 0.005, ""pca__n_components"": 120, ""scale__method"": ""power_yeo""}",stage3_local_cv,0,0.80625,9.713,192
stage3_967,stage3_seed_1,"{""clean__method"": ""lof_0.03"", ""model__C"": 4.5, ""model__gamma"": 0.01, ""pca__n_components"": 120, ""scale__method"": ""power_yeo""}",lof_0.03,power_yeo,120,4.5,0.01,"{""clean__method"": ""lof_0.03"", ""model__C"": 4.5, ""model__gamma"": 0.01, ""pca__n_components"": 120, ""scale__method"": ""power_yeo""}",stage3_local_cv,0,0.80625,9.323,192
stage3_968,stage3_seed_1,"{""clean__method"": ""lof_0.03"", ""model__C"": 4.5, ""model__gamma"": 0.015, ""pca__n_components"": 120, ""scale__method"": ""power_yeo""}",lof_0.03,power_yeo,120,4.5,0.015,"{""clean__method"": ""lof_0.03"", ""model__C"": 4.5, ""model__gamma"": 0.015, ""pca__n_components"": 120, ""scale__method"": ""power_yeo""}",stage3_local_cv,0,0.80375,8.913,192
stage3_969,stage3_seed_1,"{""clean__method"": ""lof_0.03"", ""model__C"": 4.5, ""model__gamma"": 0.02, ""pca__n_components"": 120, ""scale__method"": ""power_yeo""}",lof_0.03,power_yeo,120,4.5,0.02,"{""clean__method"": ""lof_0.03"", ""model__C"": 4.5, ""model__gamma"": 0.02, ""pca__n_components"": 120, ""scale__method"": ""power_yeo""}",stage3_local_cv,0,0.799375,9.308,192
stage3_970,stage3_seed_1,"{""clean__method"": ""lof_0.03"", ""model__C"": 6.0, ""model__gamma"": 0.005, ""pca__n_components"": 120, ""scale__method"": ""power_yeo""}",lof_0.03,power_yeo,120,6.0,0.005,"{""clean__method"": ""lof_0.03"", ""model__C"": 6.0, ""model__gamma"": 0.005, ""pca__n_components"": 120, ""scale__method"": ""power_yeo""}",stage3_local_cv,0,0.8125,10.285,192
stage3_971,stage3_seed_1,"{""clean__method"": ""lof_0.03"", ""model__C"": 6.0, ""model__gamma"": 0.015, ""pca__n_components"": 120, ""scale__method"": ""power_yeo""}",lof_0.03,power_yeo,120,6.0,0.015,"{""clean__method"": ""lof_0.03"", ""model__C"": 6.0, ""model__gamma"": 0.015, ""pca__n_components"": 120, ""scale__method"": ""power_yeo""}",stage3_local_cv,0,0.803125,9.512,192
stage3_972,stage3_seed_1,"{""clean__method"": ""lof_0.03"", ""model__C"": 2.25, ""model__gamma"": 0.005, ""pca__n_components"": 128, ""scale__method"": ""power_yeo""}",lof_0.03,power_yeo,128,2.25,0.005,"{""clean__method"": ""lof_0.03"", ""model__C"": 2.25, ""model__gamma"": 0.005, ""pca__n_components"": 128, ""scale__method"": ""power_yeo""}",stage3_local_cv,0,0.77625,7.97,192
stage3_973,stage3_seed_1,"{""clean__method"": ""lof_0.03"", ""model__C"": 2.25, ""model__gamma"": 0.01, ""pca__n_components"": 128, ""scale__method"": ""power_yeo""}",lof_0.03,power_yeo,128,2.25,0.01,"{""clean__method"": ""lof_0.03"", ""model__C"": 2.25, ""model__gamma"": 0.01, ""pca__n_components"": 128, ""scale__method"": ""power_yeo""}",stage3_local_cv,0,0.814375,9.751,192
stage3_974,stage3_seed_1,"{""clean__method"": ""lof_0.03"", ""model__C"": 2.25, ""model__gamma"": 0.015, ""pca__n_components"": 128, ""scale__method"": ""power_yeo""}",lof_0.03,power_yeo,128,2.25,0.015,"{""clean__method"": ""lof_0.03"", ""model__C"": 2.25, ""model__gamma"": 0.015, ""pca__n_components"": 128, ""scale__method"": ""power_yeo""}",stage3_local_cv,0,0.81125,9.442,192
stage3_975,stage3_seed_1,"{""clean__method"": ""lof_0.03"", ""model__C"": 2.25, ""model__gamma"": 0.02, ""pca__n_components"": 128, ""scale__method"": ""power_yeo""}",lof_0.03,power_yeo,128,2.25,0.02,"{""clean__method"": ""lof_0.03"", ""model__C"": 2.25, ""model__gamma"": 0.02, ""pca__n_components"": 128, ""scale__method"": ""power_yeo""}",stage3_local_cv,0,0.8,9.296,192
stage3_976,stage3_seed_1,"{""clean__method"": ""lof_0.03"", ""model__C"": 3.0, ""model__gamma"": 0.005, ""pca__n_components"": 128, ""scale__method"": ""power_yeo""}",lof_0.03,power_yeo,128,3.0,0.005,"{""clean__method"": ""lof_0.03"", ""model__C"": 3.0, ""model__gamma"": 0.005, ""pca__n_components"": 128, ""scale__method"": ""power_yeo""}",stage3_local_cv,0,0.78375,8.688,192
stage3_977,stage3_seed_1,"{""clean__method"": ""lof_0.03"", ""model__C"": 3.0, ""model__gamma"": 0.015, ""pca__n_components"": 128, ""scale__method"": ""power_yeo""}",lof_0.03,power_yeo,128,3.0,0.015,"{""clean__method"": ""lof_0.03"", ""model__C"": 3.0, ""model__gamma"": 0.015, ""pca__n_components"": 128, ""scale__method"": ""power_yeo""}",stage3_local_cv,0,0.808125,9.57,192
stage3_978,stage3_seed_1,"{""clean__method"": ""lof_0.03"", ""model__C"": 4.5, ""model__gamma"": 0.005, ""pca__n_components"": 128, ""scale__method"": ""power_yeo""}",lof_0.03,power_yeo,128,4.5,0.005,"{""clean__method"": ""lof_0.03"", ""model__C"": 4.5, ""model__gamma"": 0.005, ""pca__n_components"": 128, ""scale__method"": ""power_yeo""}",stage3_local_cv,0,0.810625,9.548,192
stage3_979,stage3_seed_1,"{""clean__method"": ""lof_0.03"", ""model__C"": 4.5, ""model__gamma"": 0.01, ""pca__n_components"": 128, ""scale__method"": ""power_yeo""}",lof_0.03,power_yeo,128,4.5,0.01,"{""clean__method"": ""lof_0.03"", ""model__C"": 4.5, ""model__gamma"": 0.01, ""pca__n_components"": 128, ""scale__method"": ""power_yeo""}",stage3_local_cv,0,0.80875,9.049,192
stage3_980,stage3_seed_1,"{""clean__method"": ""lof_0.03"", ""model__C"": 4.5, ""model__gamma"": 0.015, ""pca__n_components"": 128, ""scale__method"": ""power_yeo""}",lof_0.03,power_yeo,128,4.5,0.015,"{""clean__method"": ""lof_0.03"", ""model__C"": 4.5, ""model__gamma"": 0.015, ""pca__n_components"": 128, ""scale__method"": ""power_yeo""}",stage3_local_cv,0,0.8025,8.744,192
stage3_981,stage3_seed_1,"{""clean__method"": ""lof_0.03"", ""model__C"": 4.5, ""model__gamma"": 0.02, ""pca__n_components"": 128, ""scale__method"": ""power_yeo""}",lof_0.03,power_yeo,128,4.5,0.02,"{""clean__method"": ""lof_0.03"", ""model__C"": 4.5, ""model__gamma"": 0.02, ""pca__n_components"": 128, ""scale__method"": ""power_yeo""}",stage3_local_cv,0,0.8,9.338,192
stage3_982,stage3_seed_1,"{""clean__method"": ""lof_0.03"", ""model__C"": 6.0, ""model__gamma"": 0.005, ""pca__n_components"": 128, ""scale__method"": ""power_yeo""}",lof_0.03,power_yeo,128,6.0,0.005,"{""clean__method"": ""lof_0.03"", ""model__C"": 6.0, ""model__gamma"": 0.005, ""pca__n_components"": 128, ""scale__method"": ""power_yeo""}",stage3_local_cv,0,0.814375,9.782,192
stage3_983,stage3_seed_1,"{""clean__method"": ""lof_0.03"", ""model__C"": 6.0, ""model__gamma"": 0.015, ""pca__n_components"": 128, ""scale__method"": ""power_yeo""}",lof_0.03,power_yeo,128,6.0,0.015,"{""clean__method"": ""lof_0.03"", ""model__C"": 6.0, ""model__gamma"": 0.015, ""pca__n_components"": 128, ""scale__method"": ""power_yeo""}",stage3_local_cv,0,0.8025,9.831,192
stage3_984,stage3_seed_1,"{""clean__method"": ""lof_0.03"", ""model__C"": 2.25, ""model__gamma"": 0.005, ""pca__n_components"": 136, ""scale__method"": ""power_yeo""}",lof_0.03,power_yeo,136,2.25,0.005,"{""clean__method"": ""lof_0.03"", ""model__C"": 2.25, ""model__gamma"": 0.005, ""pca__n_components"": 136, ""scale__method"": ""power_yeo""}",stage3_local_cv,0,0.77625,8.927,192
stage3_985,stage3_seed_1,"{""clean__method"": ""lof_0.03"", ""model__C"": 2.25, ""model__gamma"": 0.01, ""pca__n_components"": 136, ""scale__method"": ""power_yeo""}",lof_0.03,power_yeo,136,2.25,0.01,"{""clean__method"": ""lof_0.03"", ""model__C"": 2.25, ""model__gamma"": 0.01, ""pca__n_components"": 136, ""scale__method"": ""power_yeo""}",stage3_local_cv,0,0.813125,10.358,192
stage3_986,stage3_seed_1,"{""clean__method"": ""lof_0.03"", ""model__C"": 2.25, ""model__gamma"": 0.015, ""pca__n_components"": 136, ""scale__method"": ""power_yeo""}",lof_0.03,power_yeo,136,2.25,0.015,"{""clean__method"": ""lof_0.03"", ""model__C"": 2.25, ""model__gamma"": 0.015, ""pca__n_components"": 136, ""scale__method"": ""power_yeo""}",stage3_local_cv,0,0.808125,10.245,192
stage3_987,stage3_seed_1,"{""clean__method"": ""lof_0.03"", ""model__C"": 2.25, ""model__gamma"": 0.02, ""pca__n_components"": 136, ""scale__method"": ""power_yeo""}",lof_0.03,power_yeo,136,2.25,0.02,"{""clean__method"": ""lof_0.03"", ""model__C"": 2.25, ""model__gamma"": 0.02, ""pca__n_components"": 136, ""scale__method"": ""power_yeo""}",stage3_local_cv,0,0.799375,10.261,192
stage3_988,stage3_seed_1,"{""clean__method"": ""lof_0.03"", ""model__C"": 3.0, ""model__gamma"": 0.005, ""pca__n_components"": 136, ""scale__method"": ""power_yeo""}",lof_0.03,power_yeo,136,3.0,0.005,"{""clean__method"": ""lof_0.03"", ""model__C"": 3.0, ""model__gamma"": 0.005, ""pca__n_components"": 136, ""scale__method"": ""power_yeo""}",stage3_local_cv,0,0.786875,9.533,192
stage3_989,stage3_seed_1,"{""clean__method"": ""lof_0.03"", ""model__C"": 3.0, ""model__gamma"": 0.015, ""pca__n_components"": 136, ""scale__method"": ""power_yeo""}",lof_0.03,power_yeo,136,3.0,0.015,"{""clean__method"": ""lof_0.03"", ""model__C"": 3.0, ""model__gamma"": 0.015, ""pca__n_components"": 136, ""scale__method"": ""power_yeo""}",stage3_local_cv,0,0.804375,9.756,192
stage3_990,stage3_seed_1,"{""clean__method"": ""lof_0.03"", ""model__C"": 4.5, ""model__gamma"": 0.005, ""pca__n_components"": 136, ""scale__method"": ""power_yeo""}",lof_0.03,power_yeo,136,4.5,0.005,"{""clean__method"": ""lof_0.03"", ""model__C"": 4.5, ""model__gamma"": 0.005, ""pca__n_components"": 136, ""scale__method"": ""power_yeo""}",stage3_local_cv,0,0.80375,10.728,192
stage3_991,stage3_seed_1,"{""clean__method"": ""lof_0.03"", ""model__C"": 4.5, ""model__gamma"": 0.01, ""pca__n_components"": 136, ""scale__method"": ""power_yeo""}",lof_0.03,power_yeo,136,4.5,0.01,"{""clean__method"": ""lof_0.03"", ""model__C"": 4.5, ""model__gamma"": 0.01, ""pca__n_components"": 136, ""scale__method"": ""power_yeo""}",stage3_local_cv,0,0.80625,10.508,192
stage3_992,stage3_seed_1,"{""clean__method"": ""lof_0.03"", ""model__C"": 4.5, ""model__gamma"": 0.015, ""pca__n_components"": 136, ""scale__method"": ""power_yeo""}",lof_0.03,power_yeo,136,4.5,0.015,"{""clean__method"": ""lof_0.03"", ""model__C"": 4.5, ""model__gamma"": 0.015, ""pca__n_components"": 136, ""scale__method"": ""power_yeo""}",stage3_local_cv,0,0.803125,10.119,192
stage3_993,stage3_seed_1,"{""clean__method"": ""lof_0.03"", ""model__C"": 4.5, ""model__gamma"": 0.02, ""pca__n_components"": 136, ""scale__method"": ""power_yeo""}",lof_0.03,power_yeo,136,4.5,0.02,"{""clean__method"": ""lof_0.03"", ""model__C"": 4.5, ""model__gamma"": 0.02, ""pca__n_components"": 136, ""scale__method"": ""power_yeo""}",stage3_local_cv,0,0.798125,10.52,192
stage3_994,stage3_seed_1,"{""clean__method"": ""lof_0.03"", ""model__C"": 6.0, ""model__gamma"": 0.005, ""pca__n_components"": 136, ""scale__method"": ""power_yeo""}",lof_0.03,power_yeo,136,6.0,0.005,"{""clean__method"": ""lof_0.03"", ""model__C"": 6.0, ""model__gamma"": 0.005, ""pca__n_components"": 136, ""scale__method"": ""power_yeo""}",stage3_local_cv,0,0.810625,10.542,192
stage3_995,stage3_seed_1,"{""clean__method"": ""lof_0.03"", ""model__C"": 6.0, ""model__gamma"": 0.015, ""pca__n_components"": 136, ""scale__method"": ""power_yeo""}",lof_0.03,power_yeo,136,6.0,0.015,"{""clean__method"": ""lof_0.03"", ""model__C"": 6.0, ""model__gamma"": 0.015, ""pca__n_components"": 136, ""scale__method"": ""power_yeo""}",stage3_local_cv,0,0.80375,9.803,192
stage3_996,stage3_seed_1,"{""clean__method"": ""lof_0.03"", ""model__C"": 2.25, ""model__gamma"": 0.005, ""pca__n_components"": 144, ""scale__method"": ""power_yeo""}",lof_0.03,power_yeo,144,2.25,0.005,"{""clean__method"": ""lof_0.03"", ""model__C"": 2.25, ""model__gamma"": 0.005, ""pca__n_components"": 144, ""scale__method"": ""power_yeo""}",stage3_local_cv,0,0.773125,9.569,192
stage3_997,stage3_seed_1,"{""clean__method"": ""lof_0.03"", ""model__C"": 2.25, ""model__gamma"": 0.01, ""pca__n_components"": 144, ""scale__method"": ""power_yeo""}",lof_0.03,power_yeo,144,2.25,0.01,"{""clean__method"": ""lof_0.03"", ""model__C"": 2.25, ""model__gamma"": 0.01, ""pca__n_components"": 144, ""scale__method"": ""power_yeo""}",stage3_local_cv,0,0.81125,10.374,192
stage3_998,stage3_seed_1,"{""clean__method"": ""lof_0.03"", ""model__C"": 2.25, ""model__gamma"": 0.015, ""pca__n_components"": 144, ""scale__method"": ""power_yeo""}",lof_0.03,power_yeo,144,2.25,0.015,"{""clean__method"": ""lof_0.03"", ""model__C"": 2.25, ""model__gamma"": 0.015, ""pca__n_components"": 144, ""scale__method"": ""power_yeo""}",stage3_local_cv,0,0.8075,10.338,192
stage3_999,stage3_seed_1,"{""clean__method"": ""lof_0.03"", ""model__C"": 2.25, ""model__gamma"": 0.02, ""pca__n_components"": 144, ""scale__method"": ""power_yeo""}",lof_0.03,power_yeo,144,2.25,0.02,"{""clean__method"": ""lof_0.03"", ""model__C"": 2.25, ""model__gamma"": 0.02, ""pca__n_components"": 144, ""scale__method"": ""power_yeo""}",stage3_local_cv,0,0.8,10.639,192
stage3_1000,stage3_seed_1,"{""clean__method"": ""lof_0.03"", ""model__C"": 3.0, ""model__gamma"": 0.005, ""pca__n_components"": 144, ""scale__method"": ""power_yeo""}",lof_0.03,power_yeo,144,3.0,0.005,"{""clean__method"": ""lof_0.03"", ""model__C"": 3.0, ""model__gamma"": 0.005, ""pca__n_components"": 144, ""scale__method"": ""power_yeo""}",stage3_local_cv,0,0.786875,8.957,192
stage3_1001,stage3_seed_1,"{""clean__method"": ""lof_0.03"", ""model__C"": 3.0, ""model__gamma"": 0.01, ""pca__n_components"": 144, ""scale__method"": ""power_yeo""}",lof_0.03,power_yeo,144,3.0,0.01,"{""clean__method"": ""lof_0.03"", ""model__C"": 3.0, ""model__gamma"": 0.01, ""pca__n_components"": 144, ""scale__method"": ""power_yeo""}",stage3_local_cv,0,0.815,10.412,192
stage3_1002,stage3_seed_1,"{""clean__method"": ""lof_0.03"", ""model__C"": 3.0, ""model__gamma"": 0.015, ""pca__n_components"": 144, ""scale__method"": ""power_yeo""}",lof_0.03,power_yeo,144,3.0,0.015,"{""clean__method"": ""lof_0.03"", ""model__C"": 3.0, ""model__gamma"": 0.015, ""pca__n_components"": 144, ""scale__method"": ""power_yeo""}",stage3_local_cv,0,0.80375,10.385,192
stage3_1003,stage3_seed_1,"{""clean__method"": ""lof_0.03"", ""model__C"": 3.0, ""model__gamma"": 0.02, ""pca__n_components"": 144, ""scale__method"": ""power_yeo""}",lof_0.03,power_yeo,144,3.0,0.02,"{""clean__method"": ""lof_0.03"", ""model__C"": 3.0, ""model__gamma"": 0.02, ""pca__n_components"": 144, ""scale__method"": ""power_yeo""}",stage3_local_cv,0,0.79875,10.419,192
stage3_1004,stage3_seed_1,"{""clean__method"": ""lof_0.03"", ""model__C"": 4.5, ""model__gamma"": 0.005, ""pca__n_components"": 144, ""scale__method"": ""power_yeo""}",lof_0.03,power_yeo,144,4.5,0.005,"{""clean__method"": ""lof_0.03"", ""model__C"": 4.5, ""model__gamma"": 0.005, ""pca__n_components"": 144, ""scale__method"": ""power_yeo""}",stage3_local_cv,0,0.810625,10.679,192
stage3_1005,stage3_seed_1,"{""clean__method"": ""lof_0.03"", ""model__C"": 4.5, ""model__gamma"": 0.01, ""pca__n_components"": 144, ""scale__method"": ""power_yeo""}",lof_0.03,power_yeo,144,4.5,0.01,"{""clean__method"": ""lof_0.03"", ""model__C"": 4.5, ""model__gamma"": 0.01, ""pca__n_components"": 144, ""scale__method"": ""power_yeo""}",stage3_local_cv,0,0.80375,9.691,192
stage3_1006,stage3_seed_1,"{""clean__method"": ""lof_0.03"", ""model__C"": 4.5, ""model__gamma"": 0.015, ""pca__n_components"": 144, ""scale__method"": ""power_yeo""}",lof_0.03,power_yeo,144,4.5,0.015,"{""clean__method"": ""lof_0.03"", ""model__C"": 4.5, ""model__gamma"": 0.015, ""pca__n_components"": 144, ""scale__method"": ""power_yeo""}",stage3_local_cv,0,0.804375,10.145,192
stage3_1007,stage3_seed_1,"{""clean__method"": ""lof_0.03"", ""model__C"": 4.5, ""model__gamma"": 0.02, ""pca__n_components"": 144, ""scale__method"": ""power_yeo""}",lof_0.03,power_yeo,144,4.5,0.02,"{""clean__method"": ""lof_0.03"", ""model__C"": 4.5, ""model__gamma"": 0.02, ""pca__n_components"": 144, ""scale__method"": ""power_yeo""}",stage3_local_cv,0,0.800625,10.181,192
stage3_1008,stage3_seed_1,"{""clean__method"": ""lof_0.03"", ""model__C"": 6.0, ""model__gamma"": 0.005, ""pca__n_components"": 144, ""scale__method"": ""power_yeo""}",lof_0.03,power_yeo,144,6.0,0.005,"{""clean__method"": ""lof_0.03"", ""model__C"": 6.0, ""model__gamma"": 0.005, ""pca__n_components"": 144, ""scale__method"": ""power_yeo""}",stage3_local_cv,0,0.81625,10.87,192
stage3_1009,stage3_seed_1,"{""clean__method"": ""lof_0.03"", ""model__C"": 6.0, ""model__gamma"": 0.01, ""pca__n_components"": 144, ""scale__method"": ""power_yeo""}",lof_0.03,power_yeo,144,6.0,0.01,"{""clean__method"": ""lof_0.03"", ""model__C"": 6.0, ""model__gamma"": 0.01, ""pca__n_components"": 144, ""scale__method"": ""power_yeo""}",stage3_local_cv,0,0.8,10.371,192
stage3_1010,stage3_seed_1,"{""clean__method"": ""lof_0.03"", ""model__C"": 6.0, ""model__gamma"": 0.015, ""pca__n_components"": 144, ""scale__method"": ""power_yeo""}",lof_0.03,power_yeo,144,6.0,0.015,"{""clean__method"": ""lof_0.03"", ""model__C"": 6.0, ""model__gamma"": 0.015, ""pca__n_components"": 144, ""scale__method"": ""power_yeo""}",stage3_local_cv,0,0.805,10.556,192
stage3_1011,stage3_seed_1,"{""clean__method"": ""lof_0.03"", ""model__C"": 6.0, ""model__gamma"": 0.02, ""pca__n_components"": 144, ""scale__method"": ""power_yeo""}",lof_0.03,power_yeo,144,6.0,0.02,"{""clean__method"": ""lof_0.03"", ""model__C"": 6.0, ""model__gamma"": 0.02, ""pca__n_components"": 144, ""scale__method"": ""power_yeo""}",stage3_local_cv,0,0.799375,9.479,192
stage3_1012,stage3_seed_1,"{""clean__method"": ""lof_0.03"", ""model__C"": 2.25, ""model__gamma"": 0.005, ""pca__n_components"": 152, ""scale__method"": ""power_yeo""}",lof_0.03,power_yeo,152,2.25,0.005,"{""clean__method"": ""lof_0.03"", ""model__C"": 2.25, ""model__gamma"": 0.005, ""pca__n_components"": 152, ""scale__method"": ""power_yeo""}",stage3_local_cv,0,0.775,10.007,192
stage3_1013,stage3_seed_1,"{""clean__method"": ""lof_0.03"", ""model__C"": 2.25, ""model__gamma"": 0.01, ""pca__n_components"": 152, ""scale__method"": ""power_yeo""}",lof_0.03,power_yeo,152,2.25,0.01,"{""clean__method"": ""lof_0.03"", ""model__C"": 2.25, ""model__gamma"": 0.01, ""pca__n_components"": 152, ""scale__method"": ""power_yeo""}",stage3_local_cv,0,0.815,10.955,192
stage3_1014,stage3_seed_1,"{""clean__method"": ""lof_0.03"", ""model__C"": 2.25, ""model__gamma"": 0.015, ""pca__n_components"": 152, ""scale__method"": ""power_yeo""}",lof_0.03,power_yeo,152,2.25,0.015,"{""clean__method"": ""lof_0.03"", ""model__C"": 2.25, ""model__gamma"": 0.015, ""pca__n_components"": 152, ""scale__method"": ""power_yeo""}",stage3_local_cv,0,0.81125,11.283,192
stage3_1015,stage3_seed_1,"{""clean__method"": ""lof_0.03"", ""model__C"": 2.25, ""model__gamma"": 0.02, ""pca__n_components"": 152, ""scale__method"": ""power_yeo""}",lof_0.03,power_yeo,152,2.25,0.02,"{""clean__method"": ""lof_0.03"", ""model__C"": 2.25, ""model__gamma"": 0.02, ""pca__n_components"": 152, ""scale__method"": ""power_yeo""}",stage3_local_cv,0,0.800625,10.739,192
stage3_1016,stage3_seed_1,"{""clean__method"": ""lof_0.03"", ""model__C"": 3.0, ""model__gamma"": 0.005, ""pca__n_components"": 152, ""scale__method"": ""power_yeo""}",lof_0.03,power_yeo,152,3.0,0.005,"{""clean__method"": ""lof_0.03"", ""model__C"": 3.0, ""model__gamma"": 0.005, ""pca__n_components"": 152, ""scale__method"": ""power_yeo""}",stage3_local_cv,0,0.786875,10.261,192
stage3_1017,stage3_seed_1,"{""clean__method"": ""lof_0.03"", ""model__C"": 3.0, ""model__gamma"": 0.01, ""pca__n_components"": 152, ""scale__method"": ""power_yeo""}",lof_0.03,power_yeo,152,3.0,0.01,"{""clean__method"": ""lof_0.03"", ""model__C"": 3.0, ""model__gamma"": 0.01, ""pca__n_components"": 152, ""scale__method"": ""power_yeo""}",stage3_local_cv,0,0.82,11.393,192
stage3_1018,stage3_seed_1,"{""clean__method"": ""lof_0.03"", ""model__C"": 3.0, ""model__gamma"": 0.015, ""pca__n_components"": 152, ""scale__method"": ""power_yeo""}",lof_0.03,power_yeo,152,3.0,0.015,"{""clean__method"": ""lof_0.03"", ""model__C"": 3.0, ""model__gamma"": 0.015, ""pca__n_components"": 152, ""scale__method"": ""power_yeo""}",stage3_local_cv,0,0.80875,10.451,192
stage3_1019,stage3_seed_1,"{""clean__method"": ""lof_0.03"", ""model__C"": 3.0, ""model__gamma"": 0.02, ""pca__n_components"": 152, ""scale__method"": ""power_yeo""}",lof_0.03,power_yeo,152,3.0,0.02,"{""clean__method"": ""lof_0.03"", ""model__C"": 3.0, ""model__gamma"": 0.02, ""pca__n_components"": 152, ""scale__method"": ""power_yeo""}",stage3_local_cv,0,0.79625,10.649,192
stage3_1020,stage3_seed_1,"{""clean__method"": ""lof_0.03"", ""model__C"": 4.5, ""model__gamma"": 0.005, ""pca__n_components"": 152, ""scale__method"": ""power_yeo""}",lof_0.03,power_yeo,152,4.5,0.005,"{""clean__method"": ""lof_0.03"", ""model__C"": 4.5, ""model__gamma"": 0.005, ""pca__n_components"": 152, ""scale__method"": ""power_yeo""}",stage3_local_cv,0,0.80875,11.049,192
stage3_1021,stage3_seed_1,"{""clean__method"": ""lof_0.03"", ""model__C"": 4.5, ""model__gamma"": 0.01, ""pca__n_components"": 152, ""scale__method"": ""power_yeo""}",lof_0.03,power_yeo,152,4.5,0.01,"{""clean__method"": ""lof_0.03"", ""model__C"": 4.5, ""model__gamma"": 0.01, ""pca__n_components"": 152, ""scale__method"": ""power_yeo""}",stage3_local_cv,0,0.80375,11.073,192
stage3_1022,stage3_seed_1,"{""clean__method"": ""lof_0.03"", ""model__C"": 4.5, ""model__gamma"": 0.015, ""pca__n_components"": 152, ""scale__method"": ""power_yeo""}",lof_0.03,power_yeo,152,4.5,0.015,"{""clean__method"": ""lof_0.03"", ""model__C"": 4.5, ""model__gamma"": 0.015, ""pca__n_components"": 152, ""scale__method"": ""power_yeo""}",stage3_local_cv,0,0.80625,10.888,192
stage3_1023,stage3_seed_1,"{""clean__method"": ""lof_0.03"", ""model__C"": 4.5, ""model__gamma"": 0.02, ""pca__n_components"": 152, ""scale__method"": ""power_yeo""}",lof_0.03,power_yeo,152,4.5,0.02,"{""clean__method"": ""lof_0.03"", ""model__C"": 4.5, ""model__gamma"": 0.02, ""pca__n_components"": 152, ""scale__method"": ""power_yeo""}",stage3_local_cv,0,0.799375,10.904,192
stage3_1024,stage3_seed_1,"{""clean__method"": ""lof_0.03"", ""model__C"": 6.0, ""model__gamma"": 0.005, ""pca__n_components"": 152, ""scale__method"": ""power_yeo""}",lof_0.03,power_yeo,152,6.0,0.005,"{""clean__method"": ""lof_0.03"", ""model__C"": 6.0, ""model__gamma"": 0.005, ""pca__n_components"": 152, ""scale__method"": ""power_yeo""}",stage3_local_cv,0,0.816875,11.2,192
stage3_1025,stage3_seed_1,"{""clean__method"": ""lof_0.03"", ""model__C"": 6.0, ""model__gamma"": 0.01, ""pca__n_components"": 152, ""scale__method"": ""power_yeo""}",lof_0.03,power_yeo,152,6.0,0.01,"{""clean__method"": ""lof_0.03"", ""model__C"": 6.0, ""model__gamma"": 0.01, ""pca__n_components"": 152, ""scale__method"": ""power_yeo""}",stage3_local_cv,0,0.800625,11.189,192
stage3_1026,stage3_seed_1,"{""clean__method"": ""lof_0.03"", ""model__C"": 6.0, ""model__gamma"": 0.015, ""pca__n_components"": 152, ""scale__method"": ""power_yeo""}",lof_0.03,power_yeo,152,6.0,0.015,"{""clean__method"": ""lof_0.03"", ""model__C"": 6.0, ""model__gamma"": 0.015, ""pca__n_components"": 152, ""scale__method"": ""power_yeo""}",stage3_local_cv,0,0.80375,10.783,192
stage3_1027,stage3_seed_1,"{""clean__method"": ""lof_0.03"", ""model__C"": 6.0, ""model__gamma"": 0.02, ""pca__n_components"": 152, ""scale__method"": ""power_yeo""}",lof_0.03,power_yeo,152,6.0,0.02,"{""clean__method"": ""lof_0.03"", ""model__C"": 6.0, ""model__gamma"": 0.02, ""pca__n_components"": 152, ""scale__method"": ""power_yeo""}",stage3_local_cv,0,0.799375,10.757,192
stage3_1028,stage3_seed_1,"{""clean__method"": ""lof_0.03"", ""model__C"": 2.25, ""model__gamma"": 0.005, ""pca__n_components"": 120, ""scale__method"": ""quantile_normal""}",lof_0.03,quantile_normal,120,2.25,0.005,"{""clean__method"": ""lof_0.03"", ""model__C"": 2.25, ""model__gamma"": 0.005, ""pca__n_components"": 120, ""scale__method"": ""quantile_normal""}",stage3_local_cv,0,0.775625,6.127,192
stage3_1029,stage3_seed_1,"{""clean__method"": ""lof_0.03"", ""model__C"": 2.25, ""model__gamma"": 0.01, ""pca__n_components"": 120, ""scale__method"": ""quantile_normal""}",lof_0.03,quantile_normal,120,2.25,0.01,"{""clean__method"": ""lof_0.03"", ""model__C"": 2.25, ""model__gamma"": 0.01, ""pca__n_components"": 120, ""scale__method"": ""quantile_normal""}",stage3_local_cv,0,0.815,5.873,192
stage3_1030,stage3_seed_1,"{""clean__method"": ""lof_0.03"", ""model__C"": 2.25, ""model__gamma"": 0.015, ""pca__n_components"": 120, ""scale__method"": ""quantile_normal""}",lof_0.03,quantile_normal,120,2.25,0.015,"{""clean__method"": ""lof_0.03"", ""model__C"": 2.25, ""model__gamma"": 0.015, ""pca__n_components"": 120, ""scale__method"": ""quantile_normal""}",stage3_local_cv,0,0.808125,6.56,192
stage3_1031,stage3_seed_1,"{""clean__method"": ""lof_0.03"", ""model__C"": 2.25, ""model__gamma"": 0.02, ""pca__n_components"": 120, ""scale__method"": ""quantile_normal""}",lof_0.03,quantile_normal,120,2.25,0.02,"{""clean__method"": ""lof_0.03"", ""model__C"": 2.25, ""model__gamma"": 0.02, ""pca__n_components"": 120, ""scale__method"": ""quantile_normal""}",stage3_local_cv,0,0.8025,5.839,192
stage3_1032,stage3_seed_1,"{""clean__method"": ""lof_0.03"", ""model__C"": 3.0, ""model__gamma"": 0.005, ""pca__n_components"": 120, ""scale__method"": ""quantile_normal""}",lof_0.03,quantile_normal,120,3.0,0.005,"{""clean__method"": ""lof_0.03"", ""model__C"": 3.0, ""model__gamma"": 0.005, ""pca__n_components"": 120, ""scale__method"": ""quantile_normal""}",stage3_local_cv,0,0.7825,6.468,192
stage3_1033,stage3_seed_1,"{""clean__method"": ""lof_0.03"", ""model__C"": 3.0, ""model__gamma"": 0.015, ""pca__n_components"": 120, ""scale__method"": ""quantile_normal""}",lof_0.03,quantile_normal,120,3.0,0.015,"{""clean__method"": ""lof_0.03"", ""model__C"": 3.0, ""model__gamma"": 0.015, ""pca__n_components"": 120, ""scale__method"": ""quantile_normal""}",stage3_local_cv,0,0.80625,5.788,192
stage3_1034,stage3_seed_1,"{""clean__method"": ""lof_0.03"", ""model__C"": 4.5, ""model__gamma"": 0.005, ""pca__n_components"": 120, ""scale__method"": ""quantile_normal""}",lof_0.03,quantile_normal,120,4.5,0.005,"{""clean__method"": ""lof_0.03"", ""model__C"": 4.5, ""model__gamma"": 0.005, ""pca__n_components"": 120, ""scale__method"": ""quantile_normal""}",stage3_local_cv,0,0.80375,6.859,192
stage3_1035,stage3_seed_1,"{""clean__method"": ""lof_0.03"", ""model__C"": 4.5, ""model__gamma"": 0.01, ""pca__n_components"": 120, ""scale__method"": ""quantile_normal""}",lof_0.03,quantile_normal,120,4.5,0.01,"{""clean__method"": ""lof_0.03"", ""model__C"": 4.5, ""model__gamma"": 0.01, ""pca__n_components"": 120, ""scale__method"": ""quantile_normal""}",stage3_local_cv,0,0.813125,5.994,192
stage3_1036,stage3_seed_1,"{""clean__method"": ""lof_0.03"", ""model__C"": 4.5, ""model__gamma"": 0.015, ""pca__n_components"": 120, ""scale__method"": ""quantile_normal""}",lof_0.03,quantile_normal,120,4.5,0.015,"{""clean__method"": ""lof_0.03"", ""model__C"": 4.5, ""model__gamma"": 0.015, ""pca__n_components"": 120, ""scale__method"": ""quantile_normal""}",stage3_local_cv,0,0.800625,6.586,192
stage3_1037,stage3_seed_1,"{""clean__method"": ""lof_0.03"", ""model__C"": 4.5, ""model__gamma"": 0.02, ""pca__n_components"": 120, ""scale__method"": ""quantile_normal""}",lof_0.03,quantile_normal,120,4.5,0.02,"{""clean__method"": ""lof_0.03"", ""model__C"": 4.5, ""model__gamma"": 0.02, ""pca__n_components"": 120, ""scale__method"": ""quantile_normal""}",stage3_local_cv,0,0.80125,5.734,192
stage3_1038,stage3_seed_1,"{""clean__method"": ""lof_0.03"", ""model__C"": 6.0, ""model__gamma"": 0.005, ""pca__n_components"": 120, ""scale__method"": ""quantile_normal""}",lof_0.03,quantile_normal,120,6.0,0.005,"{""clean__method"": ""lof_0.03"", ""model__C"": 6.0, ""model__gamma"": 0.005, ""pca__n_components"": 120, ""scale__method"": ""quantile_normal""}",stage3_local_cv,0,0.8075,7.081,192
stage3_1039,stage3_seed_1,"{""clean__method"": ""lof_0.03"", ""model__C"": 6.0, ""model__gamma"": 0.015, ""pca__n_components"": 120, ""scale__method"": ""quantile_normal""}",lof_0.03,quantile_normal,120,6.0,0.015,"{""clean__method"": ""lof_0.03"", ""model__C"": 6.0, ""model__gamma"": 0.015, ""pca__n_components"": 120, ""scale__method"": ""quantile_normal""}",stage3_local_cv,0,0.80125,5.743,192
stage3_1040,stage3_seed_1,"{""clean__method"": ""lof_0.03"", ""model__C"": 2.25, ""model__gamma"": 0.005, ""pca__n_components"": 128, ""scale__method"": ""quantile_normal""}",lof_0.03,quantile_normal,128,2.25,0.005,"{""clean__method"": ""lof_0.03"", ""model__C"": 2.25, ""model__gamma"": 0.005, ""pca__n_components"": 128, ""scale__method"": ""quantile_normal""}",stage3_local_cv,0,0.77625,5.984,192
stage3_1041,stage3_seed_1,"{""clean__method"": ""lof_0.03"", ""model__C"": 2.25, ""model__gamma"": 0.01, ""pca__n_components"": 128, ""scale__method"": ""quantile_normal""}",lof_0.03,quantile_normal,128,2.25,0.01,"{""clean__method"": ""lof_0.03"", ""model__C"": 2.25, ""model__gamma"": 0.01, ""pca__n_components"": 128, ""scale__method"": ""quantile_normal""}",stage3_local_cv,0,0.81,5.721,192
stage3_1042,stage3_seed_1,"{""clean__method"": ""lof_0.03"", ""model__C"": 2.25, ""model__gamma"": 0.015, ""pca__n_components"": 128, ""scale__method"": ""quantile_normal""}",lof_0.03,quantile_normal,128,2.25,0.015,"{""clean__method"": ""lof_0.03"", ""model__C"": 2.25, ""model__gamma"": 0.015, ""pca__n_components"": 128, ""scale__method"": ""quantile_normal""}",stage3_local_cv,0,0.80875,6.5,192
stage3_1043,stage3_seed_1,"{""clean__method"": ""lof_0.03"", ""model__C"": 2.25, ""model__gamma"": 0.02, ""pca__n_components"": 128, ""scale__method"": ""quantile_normal""}",lof_0.03,quantile_normal,128,2.25,0.02,"{""clean__method"": ""lof_0.03"", ""model__C"": 2.25, ""model__gamma"": 0.02, ""pca__n_components"": 128, ""scale__method"": ""quantile_normal""}",stage3_local_cv,0,0.801875,5.671,192
stage3_1044,stage3_seed_1,"{""clean__method"": ""lof_0.03"", ""model__C"": 3.0, ""model__gamma"": 0.005, ""pca__n_components"": 128, ""scale__method"": ""quantile_normal""}",lof_0.03,quantile_normal,128,3.0,0.005,"{""clean__method"": ""lof_0.03"", ""model__C"": 3.0, ""model__gamma"": 0.005, ""pca__n_components"": 128, ""scale__method"": ""quantile_normal""}",stage3_local_cv,0,0.778125,6.28,192
stage3_1045,stage3_seed_1,"{""clean__method"": ""lof_0.03"", ""model__C"": 3.0, ""model__gamma"": 0.015, ""pca__n_components"": 128, ""scale__method"": ""quantile_normal""}",lof_0.03,quantile_normal,128,3.0,0.015,"{""clean__method"": ""lof_0.03"", ""model__C"": 3.0, ""model__gamma"": 0.015, ""pca__n_components"": 128, ""scale__method"": ""quantile_normal""}",stage3_local_cv,0,0.804375,5.567,192
stage3_1046,stage3_seed_1,"{""clean__method"": ""lof_0.03"", ""model__C"": 4.5, ""model__gamma"": 0.005, ""pca__n_components"": 128, ""scale__method"": ""quantile_normal""}",lof_0.03,quantile_normal,128,4.5,0.005,"{""clean__method"": ""lof_0.03"", ""model__C"": 4.5, ""model__gamma"": 0.005, ""pca__n_components"": 128, ""scale__method"": ""quantile_normal""}",stage3_local_cv,0,0.804375,6.757,192
stage3_1047,stage3_seed_1,"{""clean__method"": ""lof_0.03"", ""model__C"": 4.5, ""model__gamma"": 0.01, ""pca__n_components"": 128, ""scale__method"": ""quantile_normal""}",lof_0.03,quantile_normal,128,4.5,0.01,"{""clean__method"": ""lof_0.03"", ""model__C"": 4.5, ""model__gamma"": 0.01, ""pca__n_components"": 128, ""scale__method"": ""quantile_normal""}",stage3_local_cv,0,0.81375,5.803,192
stage3_1048,stage3_seed_1,"{""clean__method"": ""lof_0.03"", ""model__C"": 4.5, ""model__gamma"": 0.015, ""pca__n_components"": 128, ""scale__method"": ""quantile_normal""}",lof_0.03,quantile_normal,128,4.5,0.015,"{""clean__method"": ""lof_0.03"", ""model__C"": 4.5, ""model__gamma"": 0.015, ""pca__n_components"": 128, ""scale__method"": ""quantile_normal""}",stage3_local_cv,0,0.80125,6.427,192
stage3_1049,stage3_seed_1,"{""clean__method"": ""lof_0.03"", ""model__C"": 4.5, ""model__gamma"": 0.02, ""pca__n_components"": 128, ""scale__method"": ""quantile_normal""}",lof_0.03,quantile_normal,128,4.5,0.02,"{""clean__method"": ""lof_0.03"", ""model__C"": 4.5, ""model__gamma"": 0.02, ""pca__n_components"": 128, ""scale__method"": ""quantile_normal""}",stage3_local_cv,0,0.8025,5.449,192
stage3_1050,stage3_seed_1,"{""clean__method"": ""lof_0.03"", ""model__C"": 6.0, ""model__gamma"": 0.005, ""pca__n_components"": 128, ""scale__method"": ""quantile_normal""}",lof_0.03,quantile_normal,128,6.0,0.005,"{""clean__method"": ""lof_0.03"", ""model__C"": 6.0, ""model__gamma"": 0.005, ""pca__n_components"": 128, ""scale__method"": ""quantile_normal""}",stage3_local_cv,0,0.8125,7.309,192
stage3_1051,stage3_seed_1,"{""clean__method"": ""lof_0.03"", ""model__C"": 6.0, ""model__gamma"": 0.015, ""pca__n_components"": 128, ""scale__method"": ""quantile_normal""}",lof_0.03,quantile_normal,128,6.0,0.015,"{""clean__method"": ""lof_0.03"", ""model__C"": 6.0, ""model__gamma"": 0.015, ""pca__n_components"": 128, ""scale__method"": ""quantile_normal""}",stage3_local_cv,0,0.801875,5.852,192
stage3_1052,stage3_seed_1,"{""clean__method"": ""lof_0.03"", ""model__C"": 2.25, ""model__gamma"": 0.005, ""pca__n_components"": 136, ""scale__method"": ""quantile_normal""}",lof_0.03,quantile_normal,136,2.25,0.005,"{""clean__method"": ""lof_0.03"", ""model__C"": 2.25, ""model__gamma"": 0.005, ""pca__n_components"": 136, ""scale__method"": ""quantile_normal""}",stage3_local_cv,0,0.775625,6.812,192
stage3_1053,stage3_seed_1,"{""clean__method"": ""lof_0.03"", ""model__C"": 2.25, ""model__gamma"": 0.01, ""pca__n_components"": 136, ""scale__method"": ""quantile_normal""}",lof_0.03,quantile_normal,136,2.25,0.01,"{""clean__method"": ""lof_0.03"", ""model__C"": 2.25, ""model__gamma"": 0.01, ""pca__n_components"": 136, ""scale__method"": ""quantile_normal""}",stage3_local_cv,0,0.81125,6.702,192
stage3_1054,stage3_seed_1,"{""clean__method"": ""lof_0.03"", ""model__C"": 2.25, ""model__gamma"": 0.015, ""pca__n_components"": 136, ""scale__method"": ""quantile_normal""}",lof_0.03,quantile_normal,136,2.25,0.015,"{""clean__method"": ""lof_0.03"", ""model__C"": 2.25, ""model__gamma"": 0.015, ""pca__n_components"": 136, ""scale__method"": ""quantile_normal""}",stage3_local_cv,0,0.80625,7.643,192
stage3_1055,stage3_seed_1,"{""clean__method"": ""lof_0.03"", ""model__C"": 2.25, ""model__gamma"": 0.02, ""pca__n_components"": 136, ""scale__method"": ""quantile_normal""}",lof_0.03,quantile_normal,136,2.25,0.02,"{""clean__method"": ""lof_0.03"", ""model__C"": 2.25, ""model__gamma"": 0.02, ""pca__n_components"": 136, ""scale__method"": ""quantile_normal""}",stage3_local_cv,0,0.796875,7.974,192
stage3_1056,stage3_seed_1,"{""clean__method"": ""lof_0.03"", ""model__C"": 3.0, ""model__gamma"": 0.005, ""pca__n_components"": 136, ""scale__method"": ""quantile_normal""}",lof_0.03,quantile_normal,136,3.0,0.005,"{""clean__method"": ""lof_0.03"", ""model__C"": 3.0, ""model__gamma"": 0.005, ""pca__n_components"": 136, ""scale__method"": ""quantile_normal""}",stage3_local_cv,0,0.784375,6.325,192
stage3_1057,stage3_seed_1,"{""clean__method"": ""lof_0.03"", ""model__C"": 3.0, ""model__gamma"": 0.015, ""pca__n_components"": 136, ""scale__method"": ""quantile_normal""}",lof_0.03,quantile_normal,136,3.0,0.015,"{""clean__method"": ""lof_0.03"", ""model__C"": 3.0, ""model__gamma"": 0.015, ""pca__n_components"": 136, ""scale__method"": ""quantile_normal""}",stage3_local_cv,0,0.805625,7.643,192
stage3_1058,stage3_seed_1,"{""clean__method"": ""lof_0.03"", ""model__C"": 4.5, ""model__gamma"": 0.005, ""pca__n_components"": 136, ""scale__method"": ""quantile_normal""}",lof_0.03,quantile_normal,136,4.5,0.005,"{""clean__method"": ""lof_0.03"", ""model__C"": 4.5, ""model__gamma"": 0.005, ""pca__n_components"": 136, ""scale__method"": ""quantile_normal""}",stage3_local_cv,0,0.810625,6.861,192
stage3_1059,stage3_seed_1,"{""clean__method"": ""lof_0.03"", ""model__C"": 4.5, ""model__gamma"": 0.01, ""pca__n_components"": 136, ""scale__method"": ""quantile_normal""}",lof_0.03,quantile_normal,136,4.5,0.01,"{""clean__method"": ""lof_0.03"", ""model__C"": 4.5, ""model__gamma"": 0.01, ""pca__n_components"": 136, ""scale__method"": ""quantile_normal""}",stage3_local_cv,0,0.81,7.334,192
stage3_1060,stage3_seed_1,"{""clean__method"": ""lof_0.03"", ""model__C"": 4.5, ""model__gamma"": 0.015, ""pca__n_components"": 136, ""scale__method"": ""quantile_normal""}",lof_0.03,quantile_normal,136,4.5,0.015,"{""clean__method"": ""lof_0.03"", ""model__C"": 4.5, ""model__gamma"": 0.015, ""pca__n_components"": 136, ""scale__method"": ""quantile_normal""}",stage3_local_cv,0,0.801875,7.415,192
stage3_1061,stage3_seed_1,"{""clean__method"": ""lof_0.03"", ""model__C"": 4.5, ""model__gamma"": 0.02, ""pca__n_components"": 136, ""scale__method"": ""quantile_normal""}",lof_0.03,quantile_normal,136,4.5,0.02,"{""clean__method"": ""lof_0.03"", ""model__C"": 4.5, ""model__gamma"": 0.02, ""pca__n_components"": 136, ""scale__method"": ""quantile_normal""}",stage3_local_cv,0,0.800625,7.127,192
stage3_1062,stage3_seed_1,"{""clean__method"": ""lof_0.03"", ""model__C"": 6.0, ""model__gamma"": 0.005, ""pca__n_components"": 136, ""scale__method"": ""quantile_normal""}",lof_0.03,quantile_normal,136,6.0,0.005,"{""clean__method"": ""lof_0.03"", ""model__C"": 6.0, ""model__gamma"": 0.005, ""pca__n_components"": 136, ""scale__method"": ""quantile_normal""}",stage3_local_cv,0,0.8125,7.913,192
stage3_1063,stage3_seed_1,"{""clean__method"": ""lof_0.03"", ""model__C"": 6.0, ""model__gamma"": 0.015, ""pca__n_components"": 136, ""scale__method"": ""quantile_normal""}",lof_0.03,quantile_normal,136,6.0,0.015,"{""clean__method"": ""lof_0.03"", ""model__C"": 6.0, ""model__gamma"": 0.015, ""pca__n_components"": 136, ""scale__method"": ""quantile_normal""}",stage3_local_cv,0,0.8025,6.725,192
stage3_1064,stage3_seed_1,"{""clean__method"": ""lof_0.03"", ""model__C"": 2.25, ""model__gamma"": 0.005, ""pca__n_components"": 144, ""scale__method"": ""quantile_normal""}",lof_0.03,quantile_normal,144,2.25,0.005,"{""clean__method"": ""lof_0.03"", ""model__C"": 2.25, ""model__gamma"": 0.005, ""pca__n_components"": 144, ""scale__method"": ""quantile_normal""}",stage3_local_cv,0,0.775,6.742,192
stage3_1065,stage3_seed_1,"{""clean__method"": ""lof_0.03"", ""model__C"": 2.25, ""model__gamma"": 0.01, ""pca__n_components"": 144, ""scale__method"": ""quantile_normal""}",lof_0.03,quantile_normal,144,2.25,0.01,"{""clean__method"": ""lof_0.03"", ""model__C"": 2.25, ""model__gamma"": 0.01, ""pca__n_components"": 144, ""scale__method"": ""quantile_normal""}",stage3_local_cv,0,0.81,6.693,192
stage3_1066,stage3_seed_1,"{""clean__method"": ""lof_0.03"", ""model__C"": 2.25, ""model__gamma"": 0.015, ""pca__n_components"": 144, ""scale__method"": ""quantile_normal""}",lof_0.03,quantile_normal,144,2.25,0.015,"{""clean__method"": ""lof_0.03"", ""model__C"": 2.25, ""model__gamma"": 0.015, ""pca__n_components"": 144, ""scale__method"": ""quantile_normal""}",stage3_local_cv,0,0.805625,7.572,192
stage3_1067,stage3_seed_1,"{""clean__method"": ""lof_0.03"", ""model__C"": 2.25, ""model__gamma"": 0.02, ""pca__n_components"": 144, ""scale__method"": ""quantile_normal""}",lof_0.03,quantile_normal,144,2.25,0.02,"{""clean__method"": ""lof_0.03"", ""model__C"": 2.25, ""model__gamma"": 0.02, ""pca__n_components"": 144, ""scale__method"": ""quantile_normal""}",stage3_local_cv,0,0.796875,7.525,192
stage3_1068,stage3_seed_1,"{""clean__method"": ""lof_0.03"", ""model__C"": 3.0, ""model__gamma"": 0.005, ""pca__n_components"": 144, ""scale__method"": ""quantile_normal""}",lof_0.03,quantile_normal,144,3.0,0.005,"{""clean__method"": ""lof_0.03"", ""model__C"": 3.0, ""model__gamma"": 0.005, ""pca__n_components"": 144, ""scale__method"": ""quantile_normal""}",stage3_local_cv,0,0.784375,6.297,192
stage3_1069,stage3_seed_1,"{""clean__method"": ""lof_0.03"", ""model__C"": 3.0, ""model__gamma"": 0.01, ""pca__n_components"": 144, ""scale__method"": ""quantile_normal""}",lof_0.03,quantile_normal,144,3.0,0.01,"{""clean__method"": ""lof_0.03"", ""model__C"": 3.0, ""model__gamma"": 0.01, ""pca__n_components"": 144, ""scale__method"": ""quantile_normal""}",stage3_local_cv,0,0.81125,7.705,192
stage3_1070,stage3_seed_1,"{""clean__method"": ""lof_0.03"", ""model__C"": 3.0, ""model__gamma"": 0.015, ""pca__n_components"": 144, ""scale__method"": ""quantile_normal""}",lof_0.03,quantile_normal,144,3.0,0.015,"{""clean__method"": ""lof_0.03"", ""model__C"": 3.0, ""model__gamma"": 0.015, ""pca__n_components"": 144, ""scale__method"": ""quantile_normal""}",stage3_local_cv,0,0.8025,6.531,192
stage3_1071,stage3_seed_1,"{""clean__method"": ""lof_0.03"", ""model__C"": 3.0, ""model__gamma"": 0.02, ""pca__n_components"": 144, ""scale__method"": ""quantile_normal""}",lof_0.03,quantile_normal,144,3.0,0.02,"{""clean__method"": ""lof_0.03"", ""model__C"": 3.0, ""model__gamma"": 0.02, ""pca__n_components"": 144, ""scale__method"": ""quantile_normal""}",stage3_local_cv,0,0.795,7.449,192
stage3_1072,stage3_seed_1,"{""clean__method"": ""lof_0.03"", ""model__C"": 4.5, ""model__gamma"": 0.005, ""pca__n_components"": 144, ""scale__method"": ""quantile_normal""}",lof_0.03,quantile_normal,144,4.5,0.005,"{""clean__method"": ""lof_0.03"", ""model__C"": 4.5, ""model__gamma"": 0.005, ""pca__n_components"": 144, ""scale__method"": ""quantile_normal""}",stage3_local_cv,0,0.81,7.212,192
stage3_1073,stage3_seed_1,"{""clean__method"": ""lof_0.03"", ""model__C"": 4.5, ""model__gamma"": 0.01, ""pca__n_components"": 144, ""scale__method"": ""quantile_normal""}",lof_0.03,quantile_normal,144,4.5,0.01,"{""clean__method"": ""lof_0.03"", ""model__C"": 4.5, ""model__gamma"": 0.01, ""pca__n_components"": 144, ""scale__method"": ""quantile_normal""}",stage3_local_cv,0,0.80875,7.772,192
stage3_1074,stage3_seed_1,"{""clean__method"": ""lof_0.03"", ""model__C"": 4.5, ""model__gamma"": 0.015, ""pca__n_components"": 144, ""scale__method"": ""quantile_normal""}",lof_0.03,quantile_normal,144,4.5,0.015,"{""clean__method"": ""lof_0.03"", ""model__C"": 4.5, ""model__gamma"": 0.015, ""pca__n_components"": 144, ""scale__method"": ""quantile_normal""}",stage3_local_cv,0,0.805,7.805,192
stage3_1075,stage3_seed_1,"{""clean__method"": ""lof_0.03"", ""model__C"": 4.5, ""model__gamma"": 0.02, ""pca__n_components"": 144, ""scale__method"": ""quantile_normal""}",lof_0.03,quantile_normal,144,4.5,0.02,"{""clean__method"": ""lof_0.03"", ""model__C"": 4.5, ""model__gamma"": 0.02, ""pca__n_components"": 144, ""scale__method"": ""quantile_normal""}",stage3_local_cv,0,0.796875,6.591,192
stage3_1076,stage3_seed_1,"{""clean__method"": ""lof_0.03"", ""model__C"": 6.0, ""model__gamma"": 0.005, ""pca__n_components"": 144, ""scale__method"": ""quantile_normal""}",lof_0.03,quantile_normal,144,6.0,0.005,"{""clean__method"": ""lof_0.03"", ""model__C"": 6.0, ""model__gamma"": 0.005, ""pca__n_components"": 144, ""scale__method"": ""quantile_normal""}",stage3_local_cv,0,0.81375,7.882,192
stage3_1077,stage3_seed_1,"{""clean__method"": ""lof_0.03"", ""model__C"": 6.0, ""model__gamma"": 0.01, ""pca__n_components"": 144, ""scale__method"": ""quantile_normal""}",lof_0.03,quantile_normal,144,6.0,0.01,"{""clean__method"": ""lof_0.03"", ""model__C"": 6.0, ""model__gamma"": 0.01, ""pca__n_components"": 144, ""scale__method"": ""quantile_normal""}",stage3_local_cv,0,0.80125,6.729,192
stage3_1078,stage3_seed_1,"{""clean__method"": ""lof_0.03"", ""model__C"": 6.0, ""model__gamma"": 0.015, ""pca__n_components"": 144, ""scale__method"": ""quantile_normal""}",lof_0.03,quantile_normal,144,6.0,0.015,"{""clean__method"": ""lof_0.03"", ""model__C"": 6.0, ""model__gamma"": 0.015, ""pca__n_components"": 144, ""scale__method"": ""quantile_normal""}",stage3_local_cv,0,0.805,7.501,192
stage3_1079,stage3_seed_1,"{""clean__method"": ""lof_0.03"", ""model__C"": 6.0, ""model__gamma"": 0.02, ""pca__n_components"": 144, ""scale__method"": ""quantile_normal""}",lof_0.03,quantile_normal,144,6.0,0.02,"{""clean__method"": ""lof_0.03"", ""model__C"": 6.0, ""model__gamma"": 0.02, ""pca__n_components"": 144, ""scale__method"": ""quantile_normal""}",stage3_local_cv,0,0.8,7.566,192
stage3_1080,stage3_seed_1,"{""clean__method"": ""lof_0.03"", ""model__C"": 2.25, ""model__gamma"": 0.005, ""pca__n_components"": 152, ""scale__method"": ""quantile_normal""}",lof_0.03,quantile_normal,152,2.25,0.005,"{""clean__method"": ""lof_0.03"", ""model__C"": 2.25, ""model__gamma"": 0.005, ""pca__n_components"": 152, ""scale__method"": ""quantile_normal""}",stage3_local_cv,0,0.775625,6.976,192
stage3_1081,stage3_seed_1,"{""clean__method"": ""lof_0.03"", ""model__C"": 2.25, ""model__gamma"": 0.01, ""pca__n_components"": 152, ""scale__method"": ""quantile_normal""}",lof_0.03,quantile_normal,152,2.25,0.01,"{""clean__method"": ""lof_0.03"", ""model__C"": 2.25, ""model__gamma"": 0.01, ""pca__n_components"": 152, ""scale__method"": ""quantile_normal""}",stage3_local_cv,0,0.815,8.263,192
stage3_1082,stage3_seed_1,"{""clean__method"": ""lof_0.03"", ""model__C"": 2.25, ""model__gamma"": 0.015, ""pca__n_components"": 152, ""scale__method"": ""quantile_normal""}",lof_0.03,quantile_normal,152,2.25,0.015,"{""clean__method"": ""lof_0.03"", ""model__C"": 2.25, ""model__gamma"": 0.015, ""pca__n_components"": 152, ""scale__method"": ""quantile_normal""}",stage3_local_cv,0,0.808125,7.201,192
stage3_1083,stage3_seed_1,"{""clean__method"": ""lof_0.03"", ""model__C"": 2.25, ""model__gamma"": 0.02, ""pca__n_components"": 152, ""scale__method"": ""quantile_normal""}",lof_0.03,quantile_normal,152,2.25,0.02,"{""clean__method"": ""lof_0.03"", ""model__C"": 2.25, ""model__gamma"": 0.02, ""pca__n_components"": 152, ""scale__method"": ""quantile_normal""}",stage3_local_cv,0,0.795625,8.492,192
stage3_1084,stage3_seed_1,"{""clean__method"": ""lof_0.03"", ""model__C"": 3.0, ""model__gamma"": 0.005, ""pca__n_components"": 152, ""scale__method"": ""quantile_normal""}",lof_0.03,quantile_normal,152,3.0,0.005,"{""clean__method"": ""lof_0.03"", ""model__C"": 3.0, ""model__gamma"": 0.005, ""pca__n_components"": 152, ""scale__method"": ""quantile_normal""}",stage3_local_cv,0,0.788125,7.96,192
stage3_1085,stage3_seed_1,"{""clean__method"": ""lof_0.03"", ""model__C"": 3.0, ""model__gamma"": 0.01, ""pca__n_components"": 152, ""scale__method"": ""quantile_normal""}",lof_0.03,quantile_normal,152,3.0,0.01,"{""clean__method"": ""lof_0.03"", ""model__C"": 3.0, ""model__gamma"": 0.01, ""pca__n_components"": 152, ""scale__method"": ""quantile_normal""}",stage3_local_cv,0,0.816875,7.394,192
stage3_1086,stage3_seed_1,"{""clean__method"": ""lof_0.03"", ""model__C"": 3.0, ""model__gamma"": 0.015, ""pca__n_components"": 152, ""scale__method"": ""quantile_normal""}",lof_0.03,quantile_normal,152,3.0,0.015,"{""clean__method"": ""lof_0.03"", ""model__C"": 3.0, ""model__gamma"": 0.015, ""pca__n_components"": 152, ""scale__method"": ""quantile_normal""}",stage3_local_cv,0,0.806875,8.059,192
stage3_1087,stage3_seed_1,"{""clean__method"": ""lof_0.03"", ""model__C"": 3.0, ""model__gamma"": 0.02, ""pca__n_components"": 152, ""scale__method"": ""quantile_normal""}",lof_0.03,quantile_normal,152,3.0,0.02,"{""clean__method"": ""lof_0.03"", ""model__C"": 3.0, ""model__gamma"": 0.02, ""pca__n_components"": 152, ""scale__method"": ""quantile_normal""}",stage3_local_cv,0,0.793125,8.438,192
stage3_1088,stage3_seed_1,"{""clean__method"": ""lof_0.03"", ""model__C"": 4.5, ""model__gamma"": 0.005, ""pca__n_components"": 152, ""scale__method"": ""quantile_normal""}",lof_0.03,quantile_normal,152,4.5,0.005,"{""clean__method"": ""lof_0.03"", ""model__C"": 4.5, ""model__gamma"": 0.005, ""pca__n_components"": 152, ""scale__method"": ""quantile_normal""}",stage3_local_cv,0,0.805,7.822,192
stage3_1089,stage3_seed_1,"{""clean__method"": ""lof_0.03"", ""model__C"": 4.5, ""model__gamma"": 0.01, ""pca__n_components"": 152, ""scale__method"": ""quantile_normal""}",lof_0.03,quantile_normal,152,4.5,0.01,"{""clean__method"": ""lof_0.03"", ""model__C"": 4.5, ""model__gamma"": 0.01, ""pca__n_components"": 152, ""scale__method"": ""quantile_normal""}",stage3_local_cv,0,0.806875,8.336,192
stage3_1090,stage3_seed_1,"{""clean__method"": ""lof_0.03"", ""model__C"": 4.5, ""model__gamma"": 0.015, ""pca__n_components"": 152, ""scale__method"": ""quantile_normal""}",lof_0.03,quantile_normal,152,4.5,0.015,"{""clean__method"": ""lof_0.03"", ""model__C"": 4.5, ""model__gamma"": 0.015, ""pca__n_components"": 152, ""scale__method"": ""quantile_normal""}",stage3_local_cv,0,0.805625,8.2,192
stage3_1091,stage3_seed_1,"{""clean__method"": ""lof_0.03"", ""model__C"": 4.5, ""model__gamma"": 0.02, ""pca__n_components"": 152, ""scale__method"": ""quantile_normal""}",lof_0.03,quantile_normal,152,4.5,0.02,"{""clean__method"": ""lof_0.03"", ""model__C"": 4.5, ""model__gamma"": 0.02, ""pca__n_components"": 152, ""scale__method"": ""quantile_normal""}",stage3_local_cv,0,0.793125,7.693,192
stage3_1092,stage3_seed_1,"{""clean__method"": ""lof_0.03"", ""model__C"": 6.0, ""model__gamma"": 0.005, ""pca__n_components"": 152, ""scale__method"": ""quantile_normal""}",lof_0.03,quantile_normal,152,6.0,0.005,"{""clean__method"": ""lof_0.03"", ""model__C"": 6.0, ""model__gamma"": 0.005, ""pca__n_components"": 152, ""scale__method"": ""quantile_normal""}",stage3_local_cv,0,0.8175,8.478,192
stage3_1093,stage3_seed_1,"{""clean__method"": ""lof_0.03"", ""model__C"": 6.0, ""model__gamma"": 0.01, ""pca__n_components"": 152, ""scale__method"": ""quantile_normal""}",lof_0.03,quantile_normal,152,6.0,0.01,"{""clean__method"": ""lof_0.03"", ""model__C"": 6.0, ""model__gamma"": 0.01, ""pca__n_components"": 152, ""scale__method"": ""quantile_normal""}",stage3_local_cv,0,0.805,7.425,192
stage3_1094,stage3_seed_1,"{""clean__method"": ""lof_0.03"", ""model__C"": 6.0, ""model__gamma"": 0.015, ""pca__n_components"": 152, ""scale__method"": ""quantile_normal""}",lof_0.03,quantile_normal,152,6.0,0.015,"{""clean__method"": ""lof_0.03"", ""model__C"": 6.0, ""model__gamma"": 0.015, ""pca__n_components"": 152, ""scale__method"": ""quantile_normal""}",stage3_local_cv,0,0.806875,8.067,192
stage3_1095,stage3_seed_1,"{""clean__method"": ""lof_0.03"", ""model__C"": 6.0, ""model__gamma"": 0.02, ""pca__n_components"": 152, ""scale__method"": ""quantile_normal""}",lof_0.03,quantile_normal,152,6.0,0.02,"{""clean__method"": ""lof_0.03"", ""model__C"": 6.0, ""model__gamma"": 0.02, ""pca__n_components"": 152, ""scale__method"": ""quantile_normal""}",stage3_local_cv,0,0.795625,8.281,192
stage3_1096,stage3_seed_1,"{""clean__method"": ""lof_0.03"", ""model__C"": 2.25, ""model__gamma"": 0.005, ""pca__n_components"": 120, ""scale__method"": ""robust""}",lof_0.03,robust,120,2.25,0.005,"{""clean__method"": ""lof_0.03"", ""model__C"": 2.25, ""model__gamma"": 0.005, ""pca__n_components"": 120, ""scale__method"": ""robust""}",stage3_local_cv,0,0.750625,4.362,192
stage3_1097,stage3_seed_1,"{""clean__method"": ""lof_0.03"", ""model__C"": 2.25, ""model__gamma"": 0.01, ""pca__n_components"": 120, ""scale__method"": ""robust""}",lof_0.03,robust,120,2.25,0.01,"{""clean__method"": ""lof_0.03"", ""model__C"": 2.25, ""model__gamma"": 0.01, ""pca__n_components"": 120, ""scale__method"": ""robust""}",stage3_local_cv,0,0.785,5.391,192
stage3_1098,stage3_seed_1,"{""clean__method"": ""lof_0.03"", ""model__C"": 2.25, ""model__gamma"": 0.015, ""pca__n_components"": 120, ""scale__method"": ""robust""}",lof_0.03,robust,120,2.25,0.015,"{""clean__method"": ""lof_0.03"", ""model__C"": 2.25, ""model__gamma"": 0.015, ""pca__n_components"": 120, ""scale__method"": ""robust""}",stage3_local_cv,0,0.81375,5.665,192
stage3_1099,stage3_seed_1,"{""clean__method"": ""lof_0.03"", ""model__C"": 2.25, ""model__gamma"": 0.02, ""pca__n_components"": 120, ""scale__method"": ""robust""}",lof_0.03,robust,120,2.25,0.02,"{""clean__method"": ""lof_0.03"", ""model__C"": 2.25, ""model__gamma"": 0.02, ""pca__n_components"": 120, ""scale__method"": ""robust""}",stage3_local_cv,0,0.81,5.119,192
stage3_1100,stage3_seed_1,"{""clean__method"": ""lof_0.03"", ""model__C"": 3.0, ""model__gamma"": 0.005, ""pca__n_components"": 120, ""scale__method"": ""robust""}",lof_0.03,robust,120,3.0,0.005,"{""clean__method"": ""lof_0.03"", ""model__C"": 3.0, ""model__gamma"": 0.005, ""pca__n_components"": 120, ""scale__method"": ""robust""}",stage3_local_cv,0,0.7625,5.542,192
stage3_1101,stage3_seed_1,"{""clean__method"": ""lof_0.03"", ""model__C"": 3.0, ""model__gamma"": 0.015, ""pca__n_components"": 120, ""scale__method"": ""robust""}",lof_0.03,robust,120,3.0,0.015,"{""clean__method"": ""lof_0.03"", ""model__C"": 3.0, ""model__gamma"": 0.015, ""pca__n_components"": 120, ""scale__method"": ""robust""}",stage3_local_cv,0,0.81625,5.562,192
stage3_1102,stage3_seed_1,"{""clean__method"": ""lof_0.03"", ""model__C"": 4.5, ""model__gamma"": 0.005, ""pca__n_components"": 120, ""scale__method"": ""robust""}",lof_0.03,robust,120,4.5,0.005,"{""clean__method"": ""lof_0.03"", ""model__C"": 4.5, ""model__gamma"": 0.005, ""pca__n_components"": 120, ""scale__method"": ""robust""}",stage3_local_cv,0,0.76875,5.458,192
stage3_1103,stage3_seed_1,"{""clean__method"": ""lof_0.03"", ""model__C"": 4.5, ""model__gamma"": 0.01, ""pca__n_components"": 120, ""scale__method"": ""robust""}",lof_0.03,robust,120,4.5,0.01,"{""clean__method"": ""lof_0.03"", ""model__C"": 4.5, ""model__gamma"": 0.01, ""pca__n_components"": 120, ""scale__method"": ""robust""}",stage3_local_cv,0,0.814375,5.391,192
stage3_1104,stage3_seed_1,"{""clean__method"": ""lof_0.03"", ""model__C"": 4.5, ""model__gamma"": 0.015, ""pca__n_components"": 120, ""scale__method"": ""robust""}",lof_0.03,robust,120,4.5,0.015,"{""clean__method"": ""lof_0.03"", ""model__C"": 4.5, ""model__gamma"": 0.015, ""pca__n_components"": 120, ""scale__method"": ""robust""}",stage3_local_cv,0,0.80875,6.246,192
stage3_1105,stage3_seed_1,"{""clean__method"": ""lof_0.03"", ""model__C"": 4.5, ""model__gamma"": 0.02, ""pca__n_components"": 120, ""scale__method"": ""robust""}",lof_0.03,robust,120,4.5,0.02,"{""clean__method"": ""lof_0.03"", ""model__C"": 4.5, ""model__gamma"": 0.02, ""pca__n_components"": 120, ""scale__method"": ""robust""}",stage3_local_cv,0,0.80875,5.075,192
stage3_1106,stage3_seed_1,"{""clean__method"": ""lof_0.03"", ""model__C"": 6.0, ""model__gamma"": 0.005, ""pca__n_components"": 120, ""scale__method"": ""robust""}",lof_0.03,robust,120,6.0,0.005,"{""clean__method"": ""lof_0.03"", ""model__C"": 6.0, ""model__gamma"": 0.005, ""pca__n_components"": 120, ""scale__method"": ""robust""}",stage3_local_cv,0,0.77875,5.254,192
stage3_1107,stage3_seed_1,"{""clean__method"": ""lof_0.03"", ""model__C"": 6.0, ""model__gamma"": 0.015, ""pca__n_components"": 120, ""scale__method"": ""robust""}",lof_0.03,robust,120,6.0,0.015,"{""clean__method"": ""lof_0.03"", ""model__C"": 6.0, ""model__gamma"": 0.015, ""pca__n_components"": 120, ""scale__method"": ""robust""}",stage3_local_cv,0,0.809375,5.872,192
stage3_1108,stage3_seed_1,"{""clean__method"": ""lof_0.03"", ""model__C"": 2.25, ""model__gamma"": 0.005, ""pca__n_components"": 128, ""scale__method"": ""robust""}",lof_0.03,robust,128,2.25,0.005,"{""clean__method"": ""lof_0.03"", ""model__C"": 2.25, ""model__gamma"": 0.005, ""pca__n_components"": 128, ""scale__method"": ""robust""}",stage3_local_cv,0,0.754375,4.237,192
stage3_1109,stage3_seed_1,"{""clean__method"": ""lof_0.03"", ""model__C"": 2.25, ""model__gamma"": 0.01, ""pca__n_components"": 128, ""scale__method"": ""robust""}",lof_0.03,robust,128,2.25,0.01,"{""clean__method"": ""lof_0.03"", ""model__C"": 2.25, ""model__gamma"": 0.01, ""pca__n_components"": 128, ""scale__method"": ""robust""}",stage3_local_cv,0,0.78625,5.348,192
stage3_1110,stage3_seed_1,"{""clean__method"": ""lof_0.03"", ""model__C"": 2.25, ""model__gamma"": 0.015, ""pca__n_components"": 128, ""scale__method"": ""robust""}",lof_0.03,robust,128,2.25,0.015,"{""clean__method"": ""lof_0.03"", ""model__C"": 2.25, ""model__gamma"": 0.015, ""pca__n_components"": 128, ""scale__method"": ""robust""}",stage3_local_cv,0,0.811875,4.993,192
stage3_1111,stage3_seed_1,"{""clean__method"": ""lof_0.03"", ""model__C"": 2.25, ""model__gamma"": 0.02, ""pca__n_components"": 128, ""scale__method"": ""robust""}",lof_0.03,robust,128,2.25,0.02,"{""clean__method"": ""lof_0.03"", ""model__C"": 2.25, ""model__gamma"": 0.02, ""pca__n_components"": 128, ""scale__method"": ""robust""}",stage3_local_cv,0,0.810625,6.156,192
stage3_1112,stage3_seed_1,"{""clean__method"": ""lof_0.03"", ""model__C"": 3.0, ""model__gamma"": 0.005, ""pca__n_components"": 128, ""scale__method"": ""robust""}",lof_0.03,robust,128,3.0,0.005,"{""clean__method"": ""lof_0.03"", ""model__C"": 3.0, ""model__gamma"": 0.005, ""pca__n_components"": 128, ""scale__method"": ""robust""}",stage3_local_cv,0,0.759375,4.266,192
stage3_1113,stage3_seed_1,"{""clean__method"": ""lof_0.03"", ""model__C"": 3.0, ""model__gamma"": 0.015, ""pca__n_components"": 128, ""scale__method"": ""robust""}",lof_0.03,robust,128,3.0,0.015,"{""clean__method"": ""lof_0.03"", ""model__C"": 3.0, ""model__gamma"": 0.015, ""pca__n_components"": 128, ""scale__method"": ""robust""}",stage3_local_cv,0,0.814375,5.186,192
stage3_1114,stage3_seed_1,"{""clean__method"": ""lof_0.03"", ""model__C"": 4.5, ""model__gamma"": 0.005, ""pca__n_components"": 128, ""scale__method"": ""robust""}",lof_0.03,robust,128,4.5,0.005,"{""clean__method"": ""lof_0.03"", ""model__C"": 4.5, ""model__gamma"": 0.005, ""pca__n_components"": 128, ""scale__method"": ""robust""}",stage3_local_cv,0,0.77125,5.719,192
stage3_1115,stage3_seed_1,"{""clean__method"": ""lof_0.03"", ""model__C"": 4.5, ""model__gamma"": 0.01, ""pca__n_components"": 128, ""scale__method"": ""robust""}",lof_0.03,robust,128,4.5,0.01,"{""clean__method"": ""lof_0.03"", ""model__C"": 4.5, ""model__gamma"": 0.01, ""pca__n_components"": 128, ""scale__method"": ""robust""}",stage3_local_cv,0,0.816875,5.359,192
stage3_1116,stage3_seed_1,"{""clean__method"": ""lof_0.03"", ""model__C"": 4.5, ""model__gamma"": 0.015, ""pca__n_components"": 128, ""scale__method"": ""robust""}",lof_0.03,robust,128,4.5,0.015,"{""clean__method"": ""lof_0.03"", ""model__C"": 4.5, ""model__gamma"": 0.015, ""pca__n_components"": 128, ""scale__method"": ""robust""}",stage3_local_cv,0,0.8075,5.981,192
stage3_1117,stage3_seed_1,"{""clean__method"": ""lof_0.03"", ""model__C"": 4.5, ""model__gamma"": 0.02, ""pca__n_components"": 128, ""scale__method"": ""robust""}",lof_0.03,robust,128,4.5,0.02,"{""clean__method"": ""lof_0.03"", ""model__C"": 4.5, ""model__gamma"": 0.02, ""pca__n_components"": 128, ""scale__method"": ""robust""}",stage3_local_cv,0,0.8075,4.976,192
stage3_1118,stage3_seed_1,"{""clean__method"": ""lof_0.03"", ""model__C"": 6.0, ""model__gamma"": 0.005, ""pca__n_components"": 128, ""scale__method"": ""robust""}",lof_0.03,robust,128,6.0,0.005,"{""clean__method"": ""lof_0.03"", ""model__C"": 6.0, ""model__gamma"": 0.005, ""pca__n_components"": 128, ""scale__method"": ""robust""}",stage3_local_cv,0,0.77875,5.803,192
stage3_1119,stage3_seed_1,"{""clean__method"": ""lof_0.03"", ""model__C"": 6.0, ""model__gamma"": 0.015, ""pca__n_components"": 128, ""scale__method"": ""robust""}",lof_0.03,robust,128,6.0,0.015,"{""clean__method"": ""lof_0.03"", ""model__C"": 6.0, ""model__gamma"": 0.015, ""pca__n_components"": 128, ""scale__method"": ""robust""}",stage3_local_cv,0,0.80625,5.199,192
stage3_1120,stage3_seed_1,"{""clean__method"": ""lof_0.03"", ""model__C"": 2.25, ""model__gamma"": 0.005, ""pca__n_components"": 136, ""scale__method"": ""robust""}",lof_0.03,robust,136,2.25,0.005,"{""clean__method"": ""lof_0.03"", ""model__C"": 2.25, ""model__gamma"": 0.005, ""pca__n_components"": 136, ""scale__method"": ""robust""}",stage3_local_cv,0,0.75125,5.455,192
stage3_1121,stage3_seed_1,"{""clean__method"": ""lof_0.03"", ""model__C"": 2.25, ""model__gamma"": 0.01, ""pca__n_components"": 136, ""scale__method"": ""robust""}",lof_0.03,robust,136,2.25,0.01,"{""clean__method"": ""lof_0.03"", ""model__C"": 2.25, ""model__gamma"": 0.01, ""pca__n_components"": 136, ""scale__method"": ""robust""}",stage3_local_cv,0,0.79,6.088,192
stage3_1122,stage3_seed_1,"{""clean__method"": ""lof_0.03"", ""model__C"": 2.25, ""model__gamma"": 0.015, ""pca__n_components"": 136, ""scale__method"": ""robust""}",lof_0.03,robust,136,2.25,0.015,"{""clean__method"": ""lof_0.03"", ""model__C"": 2.25, ""model__gamma"": 0.015, ""pca__n_components"": 136, ""scale__method"": ""robust""}",stage3_local_cv,0,0.81125,6.442,192
stage3_1123,stage3_seed_1,"{""clean__method"": ""lof_0.03"", ""model__C"": 2.25, ""model__gamma"": 0.02, ""pca__n_components"": 136, ""scale__method"": ""robust""}",lof_0.03,robust,136,2.25,0.02,"{""clean__method"": ""lof_0.03"", ""model__C"": 2.25, ""model__gamma"": 0.02, ""pca__n_components"": 136, ""scale__method"": ""robust""}",stage3_local_cv,0,0.809375,6.623,192
stage3_1124,stage3_seed_1,"{""clean__method"": ""lof_0.03"", ""model__C"": 3.0, ""model__gamma"": 0.005, ""pca__n_components"": 136, ""scale__method"": ""robust""}",lof_0.03,robust,136,3.0,0.005,"{""clean__method"": ""lof_0.03"", ""model__C"": 3.0, ""model__gamma"": 0.005, ""pca__n_components"": 136, ""scale__method"": ""robust""}",stage3_local_cv,0,0.7625,5.676,192
stage3_1125,stage3_seed_1,"{""clean__method"": ""lof_0.03"", ""model__C"": 3.0, ""model__gamma"": 0.015, ""pca__n_components"": 136, ""scale__method"": ""robust""}",lof_0.03,robust,136,3.0,0.015,"{""clean__method"": ""lof_0.03"", ""model__C"": 3.0, ""model__gamma"": 0.015, ""pca__n_components"": 136, ""scale__method"": ""robust""}",stage3_local_cv,0,0.81375,6.804,192
stage3_1126,stage3_seed_1,"{""clean__method"": ""lof_0.03"", ""model__C"": 4.5, ""model__gamma"": 0.005, ""pca__n_components"": 136, ""scale__method"": ""robust""}",lof_0.03,robust,136,4.5,0.005,"{""clean__method"": ""lof_0.03"", ""model__C"": 4.5, ""model__gamma"": 0.005, ""pca__n_components"": 136, ""scale__method"": ""robust""}",stage3_local_cv,0,0.77,5.872,192
stage3_1127,stage3_seed_1,"{""clean__method"": ""lof_0.03"", ""model__C"": 4.5, ""model__gamma"": 0.01, ""pca__n_components"": 136, ""scale__method"": ""robust""}",lof_0.03,robust,136,4.5,0.01,"{""clean__method"": ""lof_0.03"", ""model__C"": 4.5, ""model__gamma"": 0.01, ""pca__n_components"": 136, ""scale__method"": ""robust""}",stage3_local_cv,0,0.81125,6.902,192
stage3_1128,stage3_seed_1,"{""clean__method"": ""lof_0.03"", ""model__C"": 4.5, ""model__gamma"": 0.015, ""pca__n_components"": 136, ""scale__method"": ""robust""}",lof_0.03,robust,136,4.5,0.015,"{""clean__method"": ""lof_0.03"", ""model__C"": 4.5, ""model__gamma"": 0.015, ""pca__n_components"": 136, ""scale__method"": ""robust""}",stage3_local_cv,0,0.8075,7.455,192
stage3_1129,stage3_seed_1,"{""clean__method"": ""lof_0.03"", ""model__C"": 4.5, ""model__gamma"": 0.02, ""pca__n_components"": 136, ""scale__method"": ""robust""}",lof_0.03,robust,136,4.5,0.02,"{""clean__method"": ""lof_0.03"", ""model__C"": 4.5, ""model__gamma"": 0.02, ""pca__n_components"": 136, ""scale__method"": ""robust""}",stage3_local_cv,0,0.805,6.213,192
stage3_1130,stage3_seed_1,"{""clean__method"": ""lof_0.03"", ""model__C"": 6.0, ""model__gamma"": 0.005, ""pca__n_components"": 136, ""scale__method"": ""robust""}",lof_0.03,robust,136,6.0,0.005,"{""clean__method"": ""lof_0.03"", ""model__C"": 6.0, ""model__gamma"": 0.005, ""pca__n_components"": 136, ""scale__method"": ""robust""}",stage3_local_cv,0,0.78125,6.566,192
stage3_1131,stage3_seed_1,"{""clean__method"": ""lof_0.03"", ""model__C"": 6.0, ""model__gamma"": 0.015, ""pca__n_components"": 136, ""scale__method"": ""robust""}",lof_0.03,robust,136,6.0,0.015,"{""clean__method"": ""lof_0.03"", ""model__C"": 6.0, ""model__gamma"": 0.015, ""pca__n_components"": 136, ""scale__method"": ""robust""}",stage3_local_cv,0,0.804375,6.181,192
stage3_1132,stage3_seed_1,"{""clean__method"": ""lof_0.03"", ""model__C"": 2.25, ""model__gamma"": 0.005, ""pca__n_components"": 144, ""scale__method"": ""robust""}",lof_0.03,robust,144,2.25,0.005,"{""clean__method"": ""lof_0.03"", ""model__C"": 2.25, ""model__gamma"": 0.005, ""pca__n_components"": 144, ""scale__method"": ""robust""}",stage3_local_cv,0,0.755,5.753,192
stage3_1133,stage3_seed_1,"{""clean__method"": ""lof_0.03"", ""model__C"": 2.25, ""model__gamma"": 0.01, ""pca__n_components"": 144, ""scale__method"": ""robust""}",lof_0.03,robust,144,2.25,0.01,"{""clean__method"": ""lof_0.03"", ""model__C"": 2.25, ""model__gamma"": 0.01, ""pca__n_components"": 144, ""scale__method"": ""robust""}",stage3_local_cv,0,0.7875,5.434,192
stage3_1134,stage3_seed_1,"{""clean__method"": ""lof_0.03"", ""model__C"": 2.25, ""model__gamma"": 0.015, ""pca__n_components"": 144, ""scale__method"": ""robust""}",lof_0.03,robust,144,2.25,0.015,"{""clean__method"": ""lof_0.03"", ""model__C"": 2.25, ""model__gamma"": 0.015, ""pca__n_components"": 144, ""scale__method"": ""robust""}",stage3_local_cv,0,0.8125,7.293,192
stage3_1135,stage3_seed_1,"{""clean__method"": ""lof_0.03"", ""model__C"": 2.25, ""model__gamma"": 0.02, ""pca__n_components"": 144, ""scale__method"": ""robust""}",lof_0.03,robust,144,2.25,0.02,"{""clean__method"": ""lof_0.03"", ""model__C"": 2.25, ""model__gamma"": 0.02, ""pca__n_components"": 144, ""scale__method"": ""robust""}",stage3_local_cv,0,0.814375,6.076,192
stage3_1136,stage3_seed_1,"{""clean__method"": ""lof_0.03"", ""model__C"": 3.0, ""model__gamma"": 0.005, ""pca__n_components"": 144, ""scale__method"": ""robust""}",lof_0.03,robust,144,3.0,0.005,"{""clean__method"": ""lof_0.03"", ""model__C"": 3.0, ""model__gamma"": 0.005, ""pca__n_components"": 144, ""scale__method"": ""robust""}",stage3_local_cv,0,0.761875,6.207,192
stage3_1137,stage3_seed_1,"{""clean__method"": ""lof_0.03"", ""model__C"": 3.0, ""model__gamma"": 0.01, ""pca__n_components"": 144, ""scale__method"": ""robust""}",lof_0.03,robust,144,3.0,0.01,"{""clean__method"": ""lof_0.03"", ""model__C"": 3.0, ""model__gamma"": 0.01, ""pca__n_components"": 144, ""scale__method"": ""robust""}",stage3_local_cv,0,0.800625,6.008,192
stage3_1138,stage3_seed_1,"{""clean__method"": ""lof_0.03"", ""model__C"": 3.0, ""model__gamma"": 0.015, ""pca__n_components"": 144, ""scale__method"": ""robust""}",lof_0.03,robust,144,3.0,0.015,"{""clean__method"": ""lof_0.03"", ""model__C"": 3.0, ""model__gamma"": 0.015, ""pca__n_components"": 144, ""scale__method"": ""robust""}",stage3_local_cv,0,0.81375,7.164,192
stage3_1139,stage3_seed_1,"{""clean__method"": ""lof_0.03"", ""model__C"": 3.0, ""model__gamma"": 0.02, ""pca__n_components"": 144, ""scale__method"": ""robust""}",lof_0.03,robust,144,3.0,0.02,"{""clean__method"": ""lof_0.03"", ""model__C"": 3.0, ""model__gamma"": 0.02, ""pca__n_components"": 144, ""scale__method"": ""robust""}",stage3_local_cv,0,0.805625,5.977,192
stage3_1140,stage3_seed_1,"{""clean__method"": ""lof_0.03"", ""model__C"": 4.5, ""model__gamma"": 0.005, ""pca__n_components"": 144, ""scale__method"": ""robust""}",lof_0.03,robust,144,4.5,0.005,"{""clean__method"": ""lof_0.03"", ""model__C"": 4.5, ""model__gamma"": 0.005, ""pca__n_components"": 144, ""scale__method"": ""robust""}",stage3_local_cv,0,0.77125,6.323,192
stage3_1141,stage3_seed_1,"{""clean__method"": ""lof_0.03"", ""model__C"": 4.5, ""model__gamma"": 0.01, ""pca__n_components"": 144, ""scale__method"": ""robust""}",lof_0.03,robust,144,4.5,0.01,"{""clean__method"": ""lof_0.03"", ""model__C"": 4.5, ""model__gamma"": 0.01, ""pca__n_components"": 144, ""scale__method"": ""robust""}",stage3_local_cv,0,0.81625,6.202,192
stage3_1142,stage3_seed_1,"{""clean__method"": ""lof_0.03"", ""model__C"": 4.5, ""model__gamma"": 0.015, ""pca__n_components"": 144, ""scale__method"": ""robust""}",lof_0.03,robust,144,4.5,0.015,"{""clean__method"": ""lof_0.03"", ""model__C"": 4.5, ""model__gamma"": 0.015, ""pca__n_components"": 144, ""scale__method"": ""robust""}",stage3_local_cv,0,0.80875,6.86,192
stage3_1143,stage3_seed_1,"{""clean__method"": ""lof_0.03"", ""model__C"": 4.5, ""model__gamma"": 0.02, ""pca__n_components"": 144, ""scale__method"": ""robust""}",lof_0.03,robust,144,4.5,0.02,"{""clean__method"": ""lof_0.03"", ""model__C"": 4.5, ""model__gamma"": 0.02, ""pca__n_components"": 144, ""scale__method"": ""robust""}",stage3_local_cv,0,0.80125,5.833,192
stage3_1144,stage3_seed_1,"{""clean__method"": ""lof_0.03"", ""model__C"": 6.0, ""model__gamma"": 0.005, ""pca__n_components"": 144, ""scale__method"": ""robust""}",lof_0.03,robust,144,6.0,0.005,"{""clean__method"": ""lof_0.03"", ""model__C"": 6.0, ""model__gamma"": 0.005, ""pca__n_components"": 144, ""scale__method"": ""robust""}",stage3_local_cv,0,0.780625,6.339,192
stage3_1145,stage3_seed_1,"{""clean__method"": ""lof_0.03"", ""model__C"": 6.0, ""model__gamma"": 0.01, ""pca__n_components"": 144, ""scale__method"": ""robust""}",lof_0.03,robust,144,6.0,0.01,"{""clean__method"": ""lof_0.03"", ""model__C"": 6.0, ""model__gamma"": 0.01, ""pca__n_components"": 144, ""scale__method"": ""robust""}",stage3_local_cv,0,0.81625,6.226,192
stage3_1146,stage3_seed_1,"{""clean__method"": ""lof_0.03"", ""model__C"": 6.0, ""model__gamma"": 0.015, ""pca__n_components"": 144, ""scale__method"": ""robust""}",lof_0.03,robust,144,6.0,0.015,"{""clean__method"": ""lof_0.03"", ""model__C"": 6.0, ""model__gamma"": 0.015, ""pca__n_components"": 144, ""scale__method"": ""robust""}",stage3_local_cv,0,0.8,6.773,192
stage3_1147,stage3_seed_1,"{""clean__method"": ""lof_0.03"", ""model__C"": 6.0, ""model__gamma"": 0.02, ""pca__n_components"": 144, ""scale__method"": ""robust""}",lof_0.03,robust,144,6.0,0.02,"{""clean__method"": ""lof_0.03"", ""model__C"": 6.0, ""model__gamma"": 0.02, ""pca__n_components"": 144, ""scale__method"": ""robust""}",stage3_local_cv,0,0.79875,5.806,192
stage3_1148,stage3_seed_1,"{""clean__method"": ""lof_0.03"", ""model__C"": 2.25, ""model__gamma"": 0.005, ""pca__n_components"": 152, ""scale__method"": ""robust""}",lof_0.03,robust,152,2.25,0.005,"{""clean__method"": ""lof_0.03"", ""model__C"": 2.25, ""model__gamma"": 0.005, ""pca__n_components"": 152, ""scale__method"": ""robust""}",stage3_local_cv,0,0.756875,6.255,192
stage3_1149,stage3_seed_1,"{""clean__method"": ""lof_0.03"", ""model__C"": 2.25, ""model__gamma"": 0.01, ""pca__n_components"": 152, ""scale__method"": ""robust""}",lof_0.03,robust,152,2.25,0.01,"{""clean__method"": ""lof_0.03"", ""model__C"": 2.25, ""model__gamma"": 0.01, ""pca__n_components"": 152, ""scale__method"": ""robust""}",stage3_local_cv,0,0.79,6.17,192
stage3_1150,stage3_seed_1,"{""clean__method"": ""lof_0.03"", ""model__C"": 2.25, ""model__gamma"": 0.015, ""pca__n_components"": 152, ""scale__method"": ""robust""}",lof_0.03,robust,152,2.25,0.015,"{""clean__method"": ""lof_0.03"", ""model__C"": 2.25, ""model__gamma"": 0.015, ""pca__n_components"": 152, ""scale__method"": ""robust""}",stage3_local_cv,0,0.815,7.409,192
stage3_1151,stage3_seed_1,"{""clean__method"": ""lof_0.03"", ""model__C"": 2.25, ""model__gamma"": 0.02, ""pca__n_components"": 152, ""scale__method"": ""robust""}",lof_0.03,robust,152,2.25,0.02,"{""clean__method"": ""lof_0.03"", ""model__C"": 2.25, ""model__gamma"": 0.02, ""pca__n_components"": 152, ""scale__method"": ""robust""}",stage3_local_cv,0,0.813125,6.731,192
stage3_1152,stage3_seed_1,"{""clean__method"": ""lof_0.03"", ""model__C"": 3.0, ""model__gamma"": 0.005, ""pca__n_components"": 152, ""scale__method"": ""robust""}",lof_0.03,robust,152,3.0,0.005,"{""clean__method"": ""lof_0.03"", ""model__C"": 3.0, ""model__gamma"": 0.005, ""pca__n_components"": 152, ""scale__method"": ""robust""}",stage3_local_cv,0,0.76125,6.334,192
stage3_1153,stage3_seed_1,"{""clean__method"": ""lof_0.03"", ""model__C"": 3.0, ""model__gamma"": 0.01, ""pca__n_components"": 152, ""scale__method"": ""robust""}",lof_0.03,robust,152,3.0,0.01,"{""clean__method"": ""lof_0.03"", ""model__C"": 3.0, ""model__gamma"": 0.01, ""pca__n_components"": 152, ""scale__method"": ""robust""}",stage3_local_cv,0,0.80375,6.624,192
stage3_1154,stage3_seed_1,"{""clean__method"": ""lof_0.03"", ""model__C"": 3.0, ""model__gamma"": 0.015, ""pca__n_components"": 152, ""scale__method"": ""robust""}",lof_0.03,robust,152,3.0,0.015,"{""clean__method"": ""lof_0.03"", ""model__C"": 3.0, ""model__gamma"": 0.015, ""pca__n_components"": 152, ""scale__method"": ""robust""}",stage3_local_cv,0,0.816875,7.337,192
stage3_1155,stage3_seed_1,"{""clean__method"": ""lof_0.03"", ""model__C"": 3.0, ""model__gamma"": 0.02, ""pca__n_components"": 152, ""scale__method"": ""robust""}",lof_0.03,robust,152,3.0,0.02,"{""clean__method"": ""lof_0.03"", ""model__C"": 3.0, ""model__gamma"": 0.02, ""pca__n_components"": 152, ""scale__method"": ""robust""}",stage3_local_cv,0,0.80875,7.708,192
stage3_1156,stage3_seed_1,"{""clean__method"": ""lof_0.03"", ""model__C"": 4.5, ""model__gamma"": 0.005, ""pca__n_components"": 152, ""scale__method"": ""robust""}",lof_0.03,robust,152,4.5,0.005,"{""clean__method"": ""lof_0.03"", ""model__C"": 4.5, ""model__gamma"": 0.005, ""pca__n_components"": 152, ""scale__method"": ""robust""}",stage3_local_cv,0,0.77,5.733,192
stage3_1157,stage3_seed_1,"{""clean__method"": ""lof_0.03"", ""model__C"": 4.5, ""model__gamma"": 0.01, ""pca__n_components"": 152, ""scale__method"": ""robust""}",lof_0.03,robust,152,4.5,0.01,"{""clean__method"": ""lof_0.03"", ""model__C"": 4.5, ""model__gamma"": 0.01, ""pca__n_components"": 152, ""scale__method"": ""robust""}",stage3_local_cv,0,0.815625,7.889,192
stage3_1158,stage3_seed_1,"{""clean__method"": ""lof_0.03"", ""model__C"": 4.5, ""model__gamma"": 0.015, ""pca__n_components"": 152, ""scale__method"": ""robust""}",lof_0.03,robust,152,4.5,0.015,"{""clean__method"": ""lof_0.03"", ""model__C"": 4.5, ""model__gamma"": 0.015, ""pca__n_components"": 152, ""scale__method"": ""robust""}",stage3_local_cv,0,0.81,6.492,192
stage3_1159,stage3_seed_1,"{""clean__method"": ""lof_0.03"", ""model__C"": 4.5, ""model__gamma"": 0.02, ""pca__n_components"": 152, ""scale__method"": ""robust""}",lof_0.03,robust,152,4.5,0.02,"{""clean__method"": ""lof_0.03"", ""model__C"": 4.5, ""model__gamma"": 0.02, ""pca__n_components"": 152, ""scale__method"": ""robust""}",stage3_local_cv,0,0.805,7.347,192
stage3_1160,stage3_seed_1,"{""clean__method"": ""lof_0.03"", ""model__C"": 6.0, ""model__gamma"": 0.005, ""pca__n_components"": 152, ""scale__method"": ""robust""}",lof_0.03,robust,152,6.0,0.005,"{""clean__method"": ""lof_0.03"", ""model__C"": 6.0, ""model__gamma"": 0.005, ""pca__n_components"": 152, ""scale__method"": ""robust""}",stage3_local_cv,0,0.7825,6.075,192
stage3_1161,stage3_seed_1,"{""clean__method"": ""lof_0.03"", ""model__C"": 6.0, ""model__gamma"": 0.01, ""pca__n_components"": 152, ""scale__method"": ""robust""}",lof_0.03,robust,152,6.0,0.01,"{""clean__method"": ""lof_0.03"", ""model__C"": 6.0, ""model__gamma"": 0.01, ""pca__n_components"": 152, ""scale__method"": ""robust""}",stage3_local_cv,0,0.818125,8.284,192
stage3_1162,stage3_seed_1,"{""clean__method"": ""lof_0.03"", ""model__C"": 6.0, ""model__gamma"": 0.015, ""pca__n_components"": 152, ""scale__method"": ""robust""}",lof_0.03,robust,152,6.0,0.015,"{""clean__method"": ""lof_0.03"", ""model__C"": 6.0, ""model__gamma"": 0.015, ""pca__n_components"": 152, ""scale__method"": ""robust""}",stage3_local_cv,0,0.80125,7.292,192
stage3_1163,stage3_seed_1,"{""clean__method"": ""lof_0.03"", ""model__C"": 6.0, ""model__gamma"": 0.02, ""pca__n_components"": 152, ""scale__method"": ""robust""}",lof_0.03,robust,152,6.0,0.02,"{""clean__method"": ""lof_0.03"", ""model__C"": 6.0, ""model__gamma"": 0.02, ""pca__n_components"": 152, ""scale__method"": ""robust""}",stage3_local_cv,0,0.8025,6.816,192
stage3_1164,stage3_seed_1,"{""clean__method"": ""lof_0.03"", ""model__C"": 2.25, ""model__gamma"": 0.005, ""pca__n_components"": 120, ""scale__method"": ""standard""}",lof_0.03,standard,120,2.25,0.005,"{""clean__method"": ""lof_0.03"", ""model__C"": 2.25, ""model__gamma"": 0.005, ""pca__n_components"": 120, ""scale__method"": ""standard""}",stage3_local_cv,0,0.776875,4.988,192
stage3_1165,stage3_seed_1,"{""clean__method"": ""lof_0.03"", ""model__C"": 2.25, ""model__gamma"": 0.01, ""pca__n_components"": 120, ""scale__method"": ""standard""}",lof_0.03,standard,120,2.25,0.01,"{""clean__method"": ""lof_0.03"", ""model__C"": 2.25, ""model__gamma"": 0.01, ""pca__n_components"": 120, ""scale__method"": ""standard""}",stage3_local_cv,0,0.815,5.548,192
stage3_1166,stage3_seed_1,"{""clean__method"": ""lof_0.03"", ""model__C"": 2.25, ""model__gamma"": 0.015, ""pca__n_components"": 120, ""scale__method"": ""standard""}",lof_0.03,standard,120,2.25,0.015,"{""clean__method"": ""lof_0.03"", ""model__C"": 2.25, ""model__gamma"": 0.015, ""pca__n_components"": 120, ""scale__method"": ""standard""}",stage3_local_cv,0,0.810625,4.91,192
stage3_1167,stage3_seed_1,"{""clean__method"": ""lof_0.03"", ""model__C"": 2.25, ""model__gamma"": 0.02, ""pca__n_components"": 120, ""scale__method"": ""standard""}",lof_0.03,standard,120,2.25,0.02,"{""clean__method"": ""lof_0.03"", ""model__C"": 2.25, ""model__gamma"": 0.02, ""pca__n_components"": 120, ""scale__method"": ""standard""}",stage3_local_cv,0,0.801875,5.77,192
stage3_1168,stage3_seed_1,"{""clean__method"": ""lof_0.03"", ""model__C"": 3.0, ""model__gamma"": 0.005, ""pca__n_components"": 120, ""scale__method"": ""standard""}",lof_0.03,standard,120,3.0,0.005,"{""clean__method"": ""lof_0.03"", ""model__C"": 3.0, ""model__gamma"": 0.005, ""pca__n_components"": 120, ""scale__method"": ""standard""}",stage3_local_cv,0,0.786875,4.825,192
stage3_1169,stage3_seed_1,"{""clean__method"": ""lof_0.03"", ""model__C"": 3.0, ""model__gamma"": 0.015, ""pca__n_components"": 120, ""scale__method"": ""standard""}",lof_0.03,standard,120,3.0,0.015,"{""clean__method"": ""lof_0.03"", ""model__C"": 3.0, ""model__gamma"": 0.015, ""pca__n_components"": 120, ""scale__method"": ""standard""}",stage3_local_cv,0,0.810625,5.939,192
stage3_1170,stage3_seed_1,"{""clean__method"": ""lof_0.03"", ""model__C"": 4.5, ""model__gamma"": 0.005, ""pca__n_components"": 120, ""scale__method"": ""standard""}",lof_0.03,standard,120,4.5,0.005,"{""clean__method"": ""lof_0.03"", ""model__C"": 4.5, ""model__gamma"": 0.005, ""pca__n_components"": 120, ""scale__method"": ""standard""}",stage3_local_cv,0,0.805,5.288,192
stage3_1171,stage3_seed_1,"{""clean__method"": ""lof_0.03"", ""model__C"": 4.5, ""model__gamma"": 0.01, ""pca__n_components"": 120, ""scale__method"": ""standard""}",lof_0.03,standard,120,4.5,0.01,"{""clean__method"": ""lof_0.03"", ""model__C"": 4.5, ""model__gamma"": 0.01, ""pca__n_components"": 120, ""scale__method"": ""standard""}",stage3_local_cv,0,0.808125,6.197,192
stage3_1172,stage3_seed_1,"{""clean__method"": ""lof_0.03"", ""model__C"": 4.5, ""model__gamma"": 0.015, ""pca__n_components"": 120, ""scale__method"": ""standard""}",lof_0.03,standard,120,4.5,0.015,"{""clean__method"": ""lof_0.03"", ""model__C"": 4.5, ""model__gamma"": 0.015, ""pca__n_components"": 120, ""scale__method"": ""standard""}",stage3_local_cv,0,0.804375,5.125,192
stage3_1173,stage3_seed_1,"{""clean__method"": ""lof_0.03"", ""model__C"": 4.5, ""model__gamma"": 0.02, ""pca__n_components"": 120, ""scale__method"": ""standard""}",lof_0.03,standard,120,4.5,0.02,"{""clean__method"": ""lof_0.03"", ""model__C"": 4.5, ""model__gamma"": 0.02, ""pca__n_components"": 120, ""scale__method"": ""standard""}",stage3_local_cv,0,0.799375,5.065,192
stage3_1174,stage3_seed_1,"{""clean__method"": ""lof_0.03"", ""model__C"": 6.0, ""model__gamma"": 0.005, ""pca__n_components"": 120, ""scale__method"": ""standard""}",lof_0.03,standard,120,6.0,0.005,"{""clean__method"": ""lof_0.03"", ""model__C"": 6.0, ""model__gamma"": 0.005, ""pca__n_components"": 120, ""scale__method"": ""standard""}",stage3_local_cv,0,0.8125,6.484,192
stage3_1175,stage3_seed_1,"{""clean__method"": ""lof_0.03"", ""model__C"": 6.0, ""model__gamma"": 0.015, ""pca__n_components"": 120, ""scale__method"": ""standard""}",lof_0.03,standard,120,6.0,0.015,"{""clean__method"": ""lof_0.03"", ""model__C"": 6.0, ""model__gamma"": 0.015, ""pca__n_components"": 120, ""scale__method"": ""standard""}",stage3_local_cv,0,0.803125,4.98,192
stage3_1176,stage3_seed_1,"{""clean__method"": ""lof_0.03"", ""model__C"": 2.25, ""model__gamma"": 0.005, ""pca__n_components"": 128, ""scale__method"": ""standard""}",lof_0.03,standard,128,2.25,0.005,"{""clean__method"": ""lof_0.03"", ""model__C"": 2.25, ""model__gamma"": 0.005, ""pca__n_components"": 128, ""scale__method"": ""standard""}",stage3_local_cv,0,0.77625,5.27,192
stage3_1177,stage3_seed_1,"{""clean__method"": ""lof_0.03"", ""model__C"": 2.25, ""model__gamma"": 0.01, ""pca__n_components"": 128, ""scale__method"": ""standard""}",lof_0.03,standard,128,2.25,0.01,"{""clean__method"": ""lof_0.03"", ""model__C"": 2.25, ""model__gamma"": 0.01, ""pca__n_components"": 128, ""scale__method"": ""standard""}",stage3_local_cv,0,0.815625,4.937,192
stage3_1178,stage3_seed_1,"{""clean__method"": ""lof_0.03"", ""model__C"": 2.25, ""model__gamma"": 0.015, ""pca__n_components"": 128, ""scale__method"": ""standard""}",lof_0.03,standard,128,2.25,0.015,"{""clean__method"": ""lof_0.03"", ""model__C"": 2.25, ""model__gamma"": 0.015, ""pca__n_components"": 128, ""scale__method"": ""standard""}",stage3_local_cv,0,0.81125,5.977,192
stage3_1179,stage3_seed_1,"{""clean__method"": ""lof_0.03"", ""model__C"": 2.25, ""model__gamma"": 0.02, ""pca__n_components"": 128, ""scale__method"": ""standard""}",lof_0.03,standard,128,2.25,0.02,"{""clean__method"": ""lof_0.03"", ""model__C"": 2.25, ""model__gamma"": 0.02, ""pca__n_components"": 128, ""scale__method"": ""standard""}",stage3_local_cv,0,0.801875,4.776,192
stage3_1180,stage3_seed_1,"{""clean__method"": ""lof_0.03"", ""model__C"": 3.0, ""model__gamma"": 0.005, ""pca__n_components"": 128, ""scale__method"": ""standard""}",lof_0.03,standard,128,3.0,0.005,"{""clean__method"": ""lof_0.03"", ""model__C"": 3.0, ""model__gamma"": 0.005, ""pca__n_components"": 128, ""scale__method"": ""standard""}",stage3_local_cv,0,0.785625,4.641,192
stage3_1181,stage3_seed_1,"{""clean__method"": ""lof_0.03"", ""model__C"": 3.0, ""model__gamma"": 0.015, ""pca__n_components"": 128, ""scale__method"": ""standard""}",lof_0.03,standard,128,3.0,0.015,"{""clean__method"": ""lof_0.03"", ""model__C"": 3.0, ""model__gamma"": 0.015, ""pca__n_components"": 128, ""scale__method"": ""standard""}",stage3_local_cv,0,0.8075,5.705,192
stage3_1182,stage3_seed_1,"{""clean__method"": ""lof_0.03"", ""model__C"": 4.5, ""model__gamma"": 0.005, ""pca__n_components"": 128, ""scale__method"": ""standard""}",lof_0.03,standard,128,4.5,0.005,"{""clean__method"": ""lof_0.03"", ""model__C"": 4.5, ""model__gamma"": 0.005, ""pca__n_components"": 128, ""scale__method"": ""standard""}",stage3_local_cv,0,0.81,5.521,192
stage3_1183,stage3_seed_1,"{""clean__method"": ""lof_0.03"", ""model__C"": 4.5, ""model__gamma"": 0.01, ""pca__n_components"": 128, ""scale__method"": ""standard""}",lof_0.03,standard,128,4.5,0.01,"{""clean__method"": ""lof_0.03"", ""model__C"": 4.5, ""model__gamma"": 0.01, ""pca__n_components"": 128, ""scale__method"": ""standard""}",stage3_local_cv,0,0.80625,5.93,192
stage3_1184,stage3_seed_1,"{""clean__method"": ""lof_0.03"", ""model__C"": 4.5, ""model__gamma"": 0.015, ""pca__n_components"": 128, ""scale__method"": ""standard""}",lof_0.03,standard,128,4.5,0.015,"{""clean__method"": ""lof_0.03"", ""model__C"": 4.5, ""model__gamma"": 0.015, ""pca__n_components"": 128, ""scale__method"": ""standard""}",stage3_local_cv,0,0.8025,4.847,192
stage3_1185,stage3_seed_1,"{""clean__method"": ""lof_0.03"", ""model__C"": 4.5, ""model__gamma"": 0.02, ""pca__n_components"": 128, ""scale__method"": ""standard""}",lof_0.03,standard,128,4.5,0.02,"{""clean__method"": ""lof_0.03"", ""model__C"": 4.5, ""model__gamma"": 0.02, ""pca__n_components"": 128, ""scale__method"": ""standard""}",stage3_local_cv,0,0.799375,5.875,192
stage3_1186,stage3_seed_1,"{""clean__method"": ""lof_0.03"", ""model__C"": 6.0, ""model__gamma"": 0.005, ""pca__n_components"": 128, ""scale__method"": ""standard""}",lof_0.03,standard,128,6.0,0.005,"{""clean__method"": ""lof_0.03"", ""model__C"": 6.0, ""model__gamma"": 0.005, ""pca__n_components"": 128, ""scale__method"": ""standard""}",stage3_local_cv,0,0.815,5.493,192
stage3_1187,stage3_seed_1,"{""clean__method"": ""lof_0.03"", ""model__C"": 6.0, ""model__gamma"": 0.015, ""pca__n_components"": 128, ""scale__method"": ""standard""}",lof_0.03,standard,128,6.0,0.015,"{""clean__method"": ""lof_0.03"", ""model__C"": 6.0, ""model__gamma"": 0.015, ""pca__n_components"": 128, ""scale__method"": ""standard""}",stage3_local_cv,0,0.80375,5.674,192
stage3_1188,stage3_seed_1,"{""clean__method"": ""lof_0.03"", ""model__C"": 2.25, ""model__gamma"": 0.005, ""pca__n_components"": 136, ""scale__method"": ""standard""}",lof_0.03,standard,136,2.25,0.005,"{""clean__method"": ""lof_0.03"", ""model__C"": 2.25, ""model__gamma"": 0.005, ""pca__n_components"": 136, ""scale__method"": ""standard""}",stage3_local_cv,0,0.776875,5.717,192
stage3_1189,stage3_seed_1,"{""clean__method"": ""lof_0.03"", ""model__C"": 2.25, ""model__gamma"": 0.01, ""pca__n_components"": 136, ""scale__method"": ""standard""}",lof_0.03,standard,136,2.25,0.01,"{""clean__method"": ""lof_0.03"", ""model__C"": 2.25, ""model__gamma"": 0.01, ""pca__n_components"": 136, ""scale__method"": ""standard""}",stage3_local_cv,0,0.81375,6.813,192
stage3_1190,stage3_seed_1,"{""clean__method"": ""lof_0.03"", ""model__C"": 2.25, ""model__gamma"": 0.015, ""pca__n_components"": 136, ""scale__method"": ""standard""}",lof_0.03,standard,136,2.25,0.015,"{""clean__method"": ""lof_0.03"", ""model__C"": 2.25, ""model__gamma"": 0.015, ""pca__n_components"": 136, ""scale__method"": ""standard""}",stage3_local_cv,0,0.8075,6.114,192
stage3_1191,stage3_seed_1,"{""clean__method"": ""lof_0.03"", ""model__C"": 2.25, ""model__gamma"": 0.02, ""pca__n_components"": 136, ""scale__method"": ""standard""}",lof_0.03,standard,136,2.25,0.02,"{""clean__method"": ""lof_0.03"", ""model__C"": 2.25, ""model__gamma"": 0.02, ""pca__n_components"": 136, ""scale__method"": ""standard""}",stage3_local_cv,0,0.80125,7.166,192
stage3_1192,stage3_seed_1,"{""clean__method"": ""lof_0.03"", ""model__C"": 3.0, ""model__gamma"": 0.005, ""pca__n_components"": 136, ""scale__method"": ""standard""}",lof_0.03,standard,136,3.0,0.005,"{""clean__method"": ""lof_0.03"", ""model__C"": 3.0, ""model__gamma"": 0.005, ""pca__n_components"": 136, ""scale__method"": ""standard""}",stage3_local_cv,0,0.789375,5.465,192
stage3_1193,stage3_seed_1,"{""clean__method"": ""lof_0.03"", ""model__C"": 3.0, ""model__gamma"": 0.015, ""pca__n_components"": 136, ""scale__method"": ""standard""}",lof_0.03,standard,136,3.0,0.015,"{""clean__method"": ""lof_0.03"", ""model__C"": 3.0, ""model__gamma"": 0.015, ""pca__n_components"": 136, ""scale__method"": ""standard""}",stage3_local_cv,0,0.806875,6.949,192
stage3_1194,stage3_seed_1,"{""clean__method"": ""lof_0.03"", ""model__C"": 4.5, ""model__gamma"": 0.005, ""pca__n_components"": 136, ""scale__method"": ""standard""}",lof_0.03,standard,136,4.5,0.005,"{""clean__method"": ""lof_0.03"", ""model__C"": 4.5, ""model__gamma"": 0.005, ""pca__n_components"": 136, ""scale__method"": ""standard""}",stage3_local_cv,0,0.804375,5.973,192
stage3_1195,stage3_seed_1,"{""clean__method"": ""lof_0.03"", ""model__C"": 4.5, ""model__gamma"": 0.01, ""pca__n_components"": 136, ""scale__method"": ""standard""}",lof_0.03,standard,136,4.5,0.01,"{""clean__method"": ""lof_0.03"", ""model__C"": 4.5, ""model__gamma"": 0.01, ""pca__n_components"": 136, ""scale__method"": ""standard""}",stage3_local_cv,0,0.805,7.078,192
stage3_1196,stage3_seed_1,"{""clean__method"": ""lof_0.03"", ""model__C"": 4.5, ""model__gamma"": 0.015, ""pca__n_components"": 136, ""scale__method"": ""standard""}",lof_0.03,standard,136,4.5,0.015,"{""clean__method"": ""lof_0.03"", ""model__C"": 4.5, ""model__gamma"": 0.015, ""pca__n_components"": 136, ""scale__method"": ""standard""}",stage3_local_cv,0,0.805625,5.965,192
stage3_1197,stage3_seed_1,"{""clean__method"": ""lof_0.03"", ""model__C"": 4.5, ""model__gamma"": 0.02, ""pca__n_components"": 136, ""scale__method"": ""standard""}",lof_0.03,standard,136,4.5,0.02,"{""clean__method"": ""lof_0.03"", ""model__C"": 4.5, ""model__gamma"": 0.02, ""pca__n_components"": 136, ""scale__method"": ""standard""}",stage3_local_cv,0,0.79875,7.082,192
stage3_1198,stage3_seed_1,"{""clean__method"": ""lof_0.03"", ""model__C"": 6.0, ""model__gamma"": 0.005, ""pca__n_components"": 136, ""scale__method"": ""standard""}",lof_0.03,standard,136,6.0,0.005,"{""clean__method"": ""lof_0.03"", ""model__C"": 6.0, ""model__gamma"": 0.005, ""pca__n_components"": 136, ""scale__method"": ""standard""}",stage3_local_cv,0,0.81,6.775,192
stage3_1199,stage3_seed_1,"{""clean__method"": ""lof_0.03"", ""model__C"": 6.0, ""model__gamma"": 0.015, ""pca__n_components"": 136, ""scale__method"": ""standard""}",lof_0.03,standard,136,6.0,0.015,"{""clean__method"": ""lof_0.03"", ""model__C"": 6.0, ""model__gamma"": 0.015, ""pca__n_components"": 136, ""scale__method"": ""standard""}",stage3_local_cv,0,0.80375,7.1,192
stage3_1200,stage3_seed_1,"{""clean__method"": ""lof_0.03"", ""model__C"": 2.25, ""model__gamma"": 0.005, ""pca__n_components"": 144, ""scale__method"": ""standard""}",lof_0.03,standard,144,2.25,0.005,"{""clean__method"": ""lof_0.03"", ""model__C"": 2.25, ""model__gamma"": 0.005, ""pca__n_components"": 144, ""scale__method"": ""standard""}",stage3_local_cv,0,0.774375,5.06,192
stage3_1201,stage3_seed_1,"{""clean__method"": ""lof_0.03"", ""model__C"": 2.25, ""model__gamma"": 0.01, ""pca__n_components"": 144, ""scale__method"": ""standard""}",lof_0.03,standard,144,2.25,0.01,"{""clean__method"": ""lof_0.03"", ""model__C"": 2.25, ""model__gamma"": 0.01, ""pca__n_components"": 144, ""scale__method"": ""standard""}",stage3_local_cv,0,0.81375,6.666,192
stage3_1202,stage3_seed_1,"{""clean__method"": ""lof_0.03"", ""model__C"": 2.25, ""model__gamma"": 0.015, ""pca__n_components"": 144, ""scale__method"": ""standard""}",lof_0.03,standard,144,2.25,0.015,"{""clean__method"": ""lof_0.03"", ""model__C"": 2.25, ""model__gamma"": 0.015, ""pca__n_components"": 144, ""scale__method"": ""standard""}",stage3_local_cv,0,0.8075,5.818,192
stage3_1203,stage3_seed_1,"{""clean__method"": ""lof_0.03"", ""model__C"": 2.25, ""model__gamma"": 0.02, ""pca__n_components"": 144, ""scale__method"": ""standard""}",lof_0.03,standard,144,2.25,0.02,"{""clean__method"": ""lof_0.03"", ""model__C"": 2.25, ""model__gamma"": 0.02, ""pca__n_components"": 144, ""scale__method"": ""standard""}",stage3_local_cv,0,0.80125,6.603,192
stage3_1204,stage3_seed_1,"{""clean__method"": ""lof_0.03"", ""model__C"": 3.0, ""model__gamma"": 0.005, ""pca__n_components"": 144, ""scale__method"": ""standard""}",lof_0.03,standard,144,3.0,0.005,"{""clean__method"": ""lof_0.03"", ""model__C"": 3.0, ""model__gamma"": 0.005, ""pca__n_components"": 144, ""scale__method"": ""standard""}",stage3_local_cv,0,0.785625,5.263,192
stage3_1205,stage3_seed_1,"{""clean__method"": ""lof_0.03"", ""model__C"": 3.0, ""model__gamma"": 0.01, ""pca__n_components"": 144, ""scale__method"": ""standard""}",lof_0.03,standard,144,3.0,0.01,"{""clean__method"": ""lof_0.03"", ""model__C"": 3.0, ""model__gamma"": 0.01, ""pca__n_components"": 144, ""scale__method"": ""standard""}",stage3_local_cv,0,0.815,6.836,192
stage3_1206,stage3_seed_1,"{""clean__method"": ""lof_0.03"", ""model__C"": 3.0, ""model__gamma"": 0.015, ""pca__n_components"": 144, ""scale__method"": ""standard""}",lof_0.03,standard,144,3.0,0.015,"{""clean__method"": ""lof_0.03"", ""model__C"": 3.0, ""model__gamma"": 0.015, ""pca__n_components"": 144, ""scale__method"": ""standard""}",stage3_local_cv,0,0.80625,5.872,192
stage3_1207,stage3_seed_1,"{""clean__method"": ""lof_0.03"", ""model__C"": 3.0, ""model__gamma"": 0.02, ""pca__n_components"": 144, ""scale__method"": ""standard""}",lof_0.03,standard,144,3.0,0.02,"{""clean__method"": ""lof_0.03"", ""model__C"": 3.0, ""model__gamma"": 0.02, ""pca__n_components"": 144, ""scale__method"": ""standard""}",stage3_local_cv,0,0.8,6.839,192
stage3_1208,stage3_seed_1,"{""clean__method"": ""lof_0.03"", ""model__C"": 4.5, ""model__gamma"": 0.005, ""pca__n_components"": 144, ""scale__method"": ""standard""}",lof_0.03,standard,144,4.5,0.005,"{""clean__method"": ""lof_0.03"", ""model__C"": 4.5, ""model__gamma"": 0.005, ""pca__n_components"": 144, ""scale__method"": ""standard""}",stage3_local_cv,0,0.810625,5.855,192
stage3_1209,stage3_seed_1,"{""clean__method"": ""lof_0.03"", ""model__C"": 4.5, ""model__gamma"": 0.01, ""pca__n_components"": 144, ""scale__method"": ""standard""}",lof_0.03,standard,144,4.5,0.01,"{""clean__method"": ""lof_0.03"", ""model__C"": 4.5, ""model__gamma"": 0.01, ""pca__n_components"": 144, ""scale__method"": ""standard""}",stage3_local_cv,0,0.80375,6.694,192
stage3_1210,stage3_seed_1,"{""clean__method"": ""lof_0.03"", ""model__C"": 4.5, ""model__gamma"": 0.015, ""pca__n_components"": 144, ""scale__method"": ""standard""}",lof_0.03,standard,144,4.5,0.015,"{""clean__method"": ""lof_0.03"", ""model__C"": 4.5, ""model__gamma"": 0.015, ""pca__n_components"": 144, ""scale__method"": ""standard""}",stage3_local_cv,0,0.805,5.805,192
stage3_1211,stage3_seed_1,"{""clean__method"": ""lof_0.03"", ""model__C"": 4.5, ""model__gamma"": 0.02, ""pca__n_components"": 144, ""scale__method"": ""standard""}",lof_0.03,standard,144,4.5,0.02,"{""clean__method"": ""lof_0.03"", ""model__C"": 4.5, ""model__gamma"": 0.02, ""pca__n_components"": 144, ""scale__method"": ""standard""}",stage3_local_cv,0,0.79875,6.595,192
stage3_1212,stage3_seed_1,"{""clean__method"": ""lof_0.03"", ""model__C"": 6.0, ""model__gamma"": 0.005, ""pca__n_components"": 144, ""scale__method"": ""standard""}",lof_0.03,standard,144,6.0,0.005,"{""clean__method"": ""lof_0.03"", ""model__C"": 6.0, ""model__gamma"": 0.005, ""pca__n_components"": 144, ""scale__method"": ""standard""}",stage3_local_cv,0,0.816875,6.164,192
stage3_1213,stage3_seed_1,"{""clean__method"": ""lof_0.03"", ""model__C"": 6.0, ""model__gamma"": 0.01, ""pca__n_components"": 144, ""scale__method"": ""standard""}",lof_0.03,standard,144,6.0,0.01,"{""clean__method"": ""lof_0.03"", ""model__C"": 6.0, ""model__gamma"": 0.01, ""pca__n_components"": 144, ""scale__method"": ""standard""}",stage3_local_cv,0,0.80125,6.841,192
stage3_1214,stage3_seed_1,"{""clean__method"": ""lof_0.03"", ""model__C"": 6.0, ""model__gamma"": 0.015, ""pca__n_components"": 144, ""scale__method"": ""standard""}",lof_0.03,standard,144,6.0,0.015,"{""clean__method"": ""lof_0.03"", ""model__C"": 6.0, ""model__gamma"": 0.015, ""pca__n_components"": 144, ""scale__method"": ""standard""}",stage3_local_cv,0,0.805625,5.814,192
stage3_1215,stage3_seed_1,"{""clean__method"": ""lof_0.03"", ""model__C"": 6.0, ""model__gamma"": 0.02, ""pca__n_components"": 144, ""scale__method"": ""standard""}",lof_0.03,standard,144,6.0,0.02,"{""clean__method"": ""lof_0.03"", ""model__C"": 6.0, ""model__gamma"": 0.02, ""pca__n_components"": 144, ""scale__method"": ""standard""}",stage3_local_cv,0,0.799375,6.526,192
stage3_1216,stage3_seed_1,"{""clean__method"": ""lof_0.03"", ""model__C"": 2.25, ""model__gamma"": 0.005, ""pca__n_components"": 152, ""scale__method"": ""standard""}",lof_0.03,standard,152,2.25,0.005,"{""clean__method"": ""lof_0.03"", ""model__C"": 2.25, ""model__gamma"": 0.005, ""pca__n_components"": 152, ""scale__method"": ""standard""}",stage3_local_cv,0,0.773125,5.361,192
stage3_1217,stage3_seed_1,"{""clean__method"": ""lof_0.03"", ""model__C"": 2.25, ""model__gamma"": 0.01, ""pca__n_components"": 152, ""scale__method"": ""standard""}",lof_0.03,standard,152,2.25,0.01,"{""clean__method"": ""lof_0.03"", ""model__C"": 2.25, ""model__gamma"": 0.01, ""pca__n_components"": 152, ""scale__method"": ""standard""}",stage3_local_cv,0,0.81375,6.976,192
stage3_1218,stage3_seed_1,"{""clean__method"": ""lof_0.03"", ""model__C"": 2.25, ""model__gamma"": 0.015, ""pca__n_components"": 152, ""scale__method"": ""standard""}",lof_0.03,standard,152,2.25,0.015,"{""clean__method"": ""lof_0.03"", ""model__C"": 2.25, ""model__gamma"": 0.015, ""pca__n_components"": 152, ""scale__method"": ""standard""}",stage3_local_cv,0,0.811875,6.109,192
stage3_1219,stage3_seed_1,"{""clean__method"": ""lof_0.03"", ""model__C"": 2.25, ""model__gamma"": 0.02, ""pca__n_components"": 152, ""scale__method"": ""standard""}",lof_0.03,standard,152,2.25,0.02,"{""clean__method"": ""lof_0.03"", ""model__C"": 2.25, ""model__gamma"": 0.02, ""pca__n_components"": 152, ""scale__method"": ""standard""}",stage3_local_cv,0,0.8,6.896,192
stage3_1220,stage3_seed_1,"{""clean__method"": ""lof_0.03"", ""model__C"": 3.0, ""model__gamma"": 0.005, ""pca__n_components"": 152, ""scale__method"": ""standard""}",lof_0.03,standard,152,3.0,0.005,"{""clean__method"": ""lof_0.03"", ""model__C"": 3.0, ""model__gamma"": 0.005, ""pca__n_components"": 152, ""scale__method"": ""standard""}",stage3_local_cv,0,0.7875,5.557,192
stage3_1221,stage3_seed_1,"{""clean__method"": ""lof_0.03"", ""model__C"": 3.0, ""model__gamma"": 0.01, ""pca__n_components"": 152, ""scale__method"": ""standard""}",lof_0.03,standard,152,3.0,0.01,"{""clean__method"": ""lof_0.03"", ""model__C"": 3.0, ""model__gamma"": 0.01, ""pca__n_components"": 152, ""scale__method"": ""standard""}",stage3_local_cv,0,0.819375,6.993,192
stage3_1222,stage3_seed_1,"{""clean__method"": ""lof_0.03"", ""model__C"": 3.0, ""model__gamma"": 0.015, ""pca__n_components"": 152, ""scale__method"": ""standard""}",lof_0.03,standard,152,3.0,0.015,"{""clean__method"": ""lof_0.03"", ""model__C"": 3.0, ""model__gamma"": 0.015, ""pca__n_components"": 152, ""scale__method"": ""standard""}",stage3_local_cv,0,0.8075,6.346,192
stage3_1223,stage3_seed_1,"{""clean__method"": ""lof_0.03"", ""model__C"": 3.0, ""model__gamma"": 0.02, ""pca__n_components"": 152, ""scale__method"": ""standard""}",lof_0.03,standard,152,3.0,0.02,"{""clean__method"": ""lof_0.03"", ""model__C"": 3.0, ""model__gamma"": 0.02, ""pca__n_components"": 152, ""scale__method"": ""standard""}",stage3_local_cv,0,0.798125,6.94,192
stage3_1224,stage3_seed_1,"{""clean__method"": ""lof_0.03"", ""model__C"": 4.5, ""model__gamma"": 0.005, ""pca__n_components"": 152, ""scale__method"": ""standard""}",lof_0.03,standard,152,4.5,0.005,"{""clean__method"": ""lof_0.03"", ""model__C"": 4.5, ""model__gamma"": 0.005, ""pca__n_components"": 152, ""scale__method"": ""standard""}",stage3_local_cv,0,0.809375,7.273,192
stage3_1225,stage3_seed_1,"{""clean__method"": ""lof_0.03"", ""model__C"": 4.5, ""model__gamma"": 0.01, ""pca__n_components"": 152, ""scale__method"": ""standard""}",lof_0.03,standard,152,4.5,0.01,"{""clean__method"": ""lof_0.03"", ""model__C"": 4.5, ""model__gamma"": 0.01, ""pca__n_components"": 152, ""scale__method"": ""standard""}",stage3_local_cv,0,0.803125,6.302,192
stage3_1226,stage3_seed_1,"{""clean__method"": ""lof_0.03"", ""model__C"": 4.5, ""model__gamma"": 0.015, ""pca__n_components"": 152, ""scale__method"": ""standard""}",lof_0.03,standard,152,4.5,0.015,"{""clean__method"": ""lof_0.03"", ""model__C"": 4.5, ""model__gamma"": 0.015, ""pca__n_components"": 152, ""scale__method"": ""standard""}",stage3_local_cv,0,0.80625,7.34,192
stage3_1227,stage3_seed_1,"{""clean__method"": ""lof_0.03"", ""model__C"": 4.5, ""model__gamma"": 0.02, ""pca__n_components"": 152, ""scale__method"": ""standard""}",lof_0.03,standard,152,4.5,0.02,"{""clean__method"": ""lof_0.03"", ""model__C"": 4.5, ""model__gamma"": 0.02, ""pca__n_components"": 152, ""scale__method"": ""standard""}",stage3_local_cv,0,0.79875,6.113,192
stage3_1228,stage3_seed_1,"{""clean__method"": ""lof_0.03"", ""model__C"": 6.0, ""model__gamma"": 0.005, ""pca__n_components"": 152, ""scale__method"": ""standard""}",lof_0.03,standard,152,6.0,0.005,"{""clean__method"": ""lof_0.03"", ""model__C"": 6.0, ""model__gamma"": 0.005, ""pca__n_components"": 152, ""scale__method"": ""standard""}",stage3_local_cv,0,0.81625,7.294,192
stage3_1229,stage3_seed_1,"{""clean__method"": ""lof_0.03"", ""model__C"": 6.0, ""model__gamma"": 0.01, ""pca__n_components"": 152, ""scale__method"": ""standard""}",lof_0.03,standard,152,6.0,0.01,"{""clean__method"": ""lof_0.03"", ""model__C"": 6.0, ""model__gamma"": 0.01, ""pca__n_components"": 152, ""scale__method"": ""standard""}",stage3_local_cv,0,0.800625,6.135,192
stage3_1230,stage3_seed_1,"{""clean__method"": ""lof_0.03"", ""model__C"": 6.0, ""model__gamma"": 0.015, ""pca__n_components"": 152, ""scale__method"": ""standard""}",lof_0.03,standard,152,6.0,0.015,"{""clean__method"": ""lof_0.03"", ""model__C"": 6.0, ""model__gamma"": 0.015, ""pca__n_components"": 152, ""scale__method"": ""standard""}",stage3_local_cv,0,0.806875,7.052,192
stage3_1231,stage3_seed_1,"{""clean__method"": ""lof_0.03"", ""model__C"": 6.0, ""model__gamma"": 0.02, ""pca__n_components"": 152, ""scale__method"": ""standard""}",lof_0.03,standard,152,6.0,0.02,"{""clean__method"": ""lof_0.03"", ""model__C"": 6.0, ""model__gamma"": 0.02, ""pca__n_components"": 152, ""scale__method"": ""standard""}",stage3_local_cv,0,0.799375,6.197,192
stage3_1232,stage3_seed_1,"{""clean__method"": ""lof_0.05"", ""model__C"": 2.25, ""model__gamma"": 0.005, ""pca__n_components"": 120, ""scale__method"": ""power_yeo""}",lof_0.05,power_yeo,120,2.25,0.005,"{""clean__method"": ""lof_0.05"", ""model__C"": 2.25, ""model__gamma"": 0.005, ""pca__n_components"": 120, ""scale__method"": ""power_yeo""}",stage3_local_cv,0,0.774375,8.781,320
stage3_1233,stage3_seed_1,"{""clean__method"": ""lof_0.05"", ""model__C"": 2.25, ""model__gamma"": 0.01, ""pca__n_components"": 120, ""scale__method"": ""power_yeo""}",lof_0.05,power_yeo,120,2.25,0.01,"{""clean__method"": ""lof_0.05"", ""model__C"": 2.25, ""model__gamma"": 0.01, ""pca__n_components"": 120, ""scale__method"": ""power_yeo""}",stage3_local_cv,0,0.8075,9.276,320
stage3_1234,stage3_seed_1,"{""clean__method"": ""lof_0.05"", ""model__C"": 2.25, ""model__gamma"": 0.015, ""pca__n_components"": 120, ""scale__method"": ""power_yeo""}",lof_0.05,power_yeo,120,2.25,0.015,"{""clean__method"": ""lof_0.05"", ""model__C"": 2.25, ""model__gamma"": 0.015, ""pca__n_components"": 120, ""scale__method"": ""power_yeo""}",stage3_local_cv,0,0.805625,8.521,320
