id,y_true,prob_1,pred,source_model
1,0,0.19664693,0,challenge_12_final_stacking_colab
2,1,0.75153893,1,challenge_12_final_stacking_colab
3,1,0.5639683,1,challenge_12_final_stacking_colab
4,1,0.78732467,1,challenge_12_final_stacking_colab
5,1,0.9937021,1,challenge_12_final_stacking_colab
6,0,0.2058061,0,challenge_12_final_stacking_colab
7,0,0.42544633,0,challenge_12_final_stacking_colab
8,1,0.6597204,1,challenge_12_final_stacking_colab
9,1,0.7853874,1,challenge_12_final_stacking_colab
10,0,0.48002717,0,challenge_12_final_stacking_colab
11,0,0.2206767,0,challenge_12_final_stacking_colab
12,1,0.99842864,1,challenge_12_final_stacking_colab
13,1,0.91718584,1,challenge_12_final_stacking_colab
14,1,0.9999987,1,challenge_12_final_stacking_colab
15,1,0.9801041,1,challenge_12_final_stacking_colab
16,0,0.42243385,0,challenge_12_final_stacking_colab
17,1,0.31063974,0,challenge_12_final_stacking_colab
18,0,0.6948151,1,challenge_12_final_stacking_colab
19,1,0.42159852,0,challenge_12_final_stacking_colab
20,0,0.0011940843,0,challenge_12_final_stacking_colab
21,0,0.015558722,0,challenge_12_final_stacking_colab
22,1,0.7835089,1,challenge_12_final_stacking_colab
23,0,0.30033746,0,challenge_12_final_stacking_colab
24,1,0.9492359,1,challenge_12_final_stacking_colab
25,0,0.6330031,1,challenge_12_final_stacking_colab
26,1,0.9059952,1,challenge_12_final_stacking_colab
27,0,0.2669425,0,challenge_12_final_stacking_colab
28,1,0.77709234,1,challenge_12_final_stacking_colab
29,0,0.021454778,0,challenge_12_final_stacking_colab
30,1,0.99999946,1,challenge_12_final_stacking_colab
31,1,0.9248546,1,challenge_12_final_stacking_colab
32,1,0.7350743,1,challenge_12_final_stacking_colab
33,1,0.23112503,0,challenge_12_final_stacking_colab
34,1,0.80361354,1,challenge_12_final_stacking_colab
35,1,0.810477,1,challenge_12_final_stacking_colab
36,1,0.998004,1,challenge_12_final_stacking_colab
37,1,0.71880263,1,challenge_12_final_stacking_colab
38,0,0.21068883,0,challenge_12_final_stacking_colab
39,1,0.56783164,1,challenge_12_final_stacking_colab
40,1,0.7200141,1,challenge_12_final_stacking_colab
41,1,0.788036,1,challenge_12_final_stacking_colab
42,0,0.00069797854,0,challenge_12_final_stacking_colab
43,0,0.1310713,0,challenge_12_final_stacking_colab
44,1,0.7491997,1,challenge_12_final_stacking_colab
45,0,0.52088535,1,challenge_12_final_stacking_colab
46,0,0.00017834846,0,challenge_12_final_stacking_colab
47,1,0.9845928,1,challenge_12_final_stacking_colab
48,0,0.20538795,0,challenge_12_final_stacking_colab
49,0,5.515856e-06,0,challenge_12_final_stacking_colab
50,0,7.072084e-08,0,challenge_12_final_stacking_colab
51,1,0.9963846,1,challenge_12_final_stacking_colab
52,1,0.7745048,1,challenge_12_final_stacking_colab
53,1,0.7692287,1,challenge_12_final_stacking_colab
54,0,0.0008506068,0,challenge_12_final_stacking_colab
55,1,0.9926601,1,challenge_12_final_stacking_colab
56,0,0.19945256,0,challenge_12_final_stacking_colab
57,0,0.00011713359,0,challenge_12_final_stacking_colab
58,0,0.21406941,0,challenge_12_final_stacking_colab
59,0,0.2900378,0,challenge_12_final_stacking_colab
60,1,0.78262645,1,challenge_12_final_stacking_colab
61,0,0.0009946798,0,challenge_12_final_stacking_colab
62,0,9.905057e-05,0,challenge_12_final_stacking_colab
63,1,0.5514836,1,challenge_12_final_stacking_colab
64,0,0.50870645,1,challenge_12_final_stacking_colab
65,1,0.4328151,0,challenge_12_final_stacking_colab
66,0,0.22289188,0,challenge_12_final_stacking_colab
67,1,0.9474126,1,challenge_12_final_stacking_colab
68,0,0.00030771992,0,challenge_12_final_stacking_colab
69,0,0.010031524,0,challenge_12_final_stacking_colab
70,1,0.99426883,1,challenge_12_final_stacking_colab
71,0,0.07259588,0,challenge_12_final_stacking_colab
72,0,0.034315877,0,challenge_12_final_stacking_colab
73,1,0.9868867,1,challenge_12_final_stacking_colab
74,1,0.78086346,1,challenge_12_final_stacking_colab
75,0,0.00079002266,0,challenge_12_final_stacking_colab
76,0,0.013928527,0,challenge_12_final_stacking_colab
77,1,0.5727755,1,challenge_12_final_stacking_colab
78,0,0.00017310458,0,challenge_12_final_stacking_colab
79,0,0.20917606,0,challenge_12_final_stacking_colab
80,1,0.993986,1,challenge_12_final_stacking_colab
81,0,0.85891736,1,challenge_12_final_stacking_colab
82,0,2.3590455e-05,0,challenge_12_final_stacking_colab
83,0,0.22708173,0,challenge_12_final_stacking_colab
84,0,0.22268435,0,challenge_12_final_stacking_colab
85,1,0.99817294,1,challenge_12_final_stacking_colab
86,0,0.21533303,0,challenge_12_final_stacking_colab
87,0,0.19917601,0,challenge_12_final_stacking_colab
88,1,0.98619395,1,challenge_12_final_stacking_colab
89,1,0.99214464,1,challenge_12_final_stacking_colab
90,0,4.115586e-05,0,challenge_12_final_stacking_colab
91,1,0.783097,1,challenge_12_final_stacking_colab
92,0,0.23281287,0,challenge_12_final_stacking_colab
93,0,0.1636774,0,challenge_12_final_stacking_colab
94,0,0.2193177,0,challenge_12_final_stacking_colab
95,0,0.27456978,0,challenge_12_final_stacking_colab
96,0,0.01474258,0,challenge_12_final_stacking_colab
97,0,0.15400182,0,challenge_12_final_stacking_colab
98,1,0.9999999,1,challenge_12_final_stacking_colab
99,0,0.05209209,0,challenge_12_final_stacking_colab
100,1,0.9799102,1,challenge_12_final_stacking_colab
101,0,0.21056262,0,challenge_12_final_stacking_colab
102,0,0.22241038,0,challenge_12_final_stacking_colab
103,0,0.21876524,0,challenge_12_final_stacking_colab
104,1,0.77845407,1,challenge_12_final_stacking_colab
105,1,0.93103516,1,challenge_12_final_stacking_colab
106,1,0.9885631,1,challenge_12_final_stacking_colab
107,0,5.525873e-05,0,challenge_12_final_stacking_colab
108,0,0.0012409848,0,challenge_12_final_stacking_colab
109,1,0.9649735,1,challenge_12_final_stacking_colab
110,0,0.42507222,0,challenge_12_final_stacking_colab
111,0,0.00015865934,0,challenge_12_final_stacking_colab
112,0,9.324453e-05,0,challenge_12_final_stacking_colab
113,0,0.2210644,0,challenge_12_final_stacking_colab
114,1,0.90820265,1,challenge_12_final_stacking_colab
115,1,0.8858545,1,challenge_12_final_stacking_colab
116,0,0.0001991089,0,challenge_12_final_stacking_colab
117,1,0.995923,1,challenge_12_final_stacking_colab
118,1,0.7845752,1,challenge_12_final_stacking_colab
119,0,0.4255994,0,challenge_12_final_stacking_colab
120,0,0.1828391,0,challenge_12_final_stacking_colab
121,0,0.2778167,0,challenge_12_final_stacking_colab
122,0,0.3813438,0,challenge_12_final_stacking_colab
123,1,0.99999934,1,challenge_12_final_stacking_colab
124,0,0.20251651,0,challenge_12_final_stacking_colab
125,0,0.18250002,0,challenge_12_final_stacking_colab
126,0,0.4711519,0,challenge_12_final_stacking_colab
127,1,0.9958022,1,challenge_12_final_stacking_colab
128,0,0.118990876,0,challenge_12_final_stacking_colab
129,0,0.21217747,0,challenge_12_final_stacking_colab
130,1,0.632575,1,challenge_12_final_stacking_colab
131,1,0.5710018,1,challenge_12_final_stacking_colab
132,0,0.0010354274,0,challenge_12_final_stacking_colab
133,0,1.7377744e-05,0,challenge_12_final_stacking_colab
134,0,0.032367088,0,challenge_12_final_stacking_colab
135,1,1.0,1,challenge_12_final_stacking_colab
136,0,0.058596194,0,challenge_12_final_stacking_colab
137,1,0.9999935,1,challenge_12_final_stacking_colab
138,0,0.00095839787,0,challenge_12_final_stacking_colab
139,0,0.0001988354,0,challenge_12_final_stacking_colab
140,1,0.9999998,1,challenge_12_final_stacking_colab
141,1,0.99999344,1,challenge_12_final_stacking_colab
142,0,0.108483545,0,challenge_12_final_stacking_colab
143,0,6.343663e-05,0,challenge_12_final_stacking_colab
144,1,0.8083474,1,challenge_12_final_stacking_colab
145,0,0.0031138216,0,challenge_12_final_stacking_colab
146,0,0.51187295,1,challenge_12_final_stacking_colab
147,1,0.99125326,1,challenge_12_final_stacking_colab
148,0,0.20082095,0,challenge_12_final_stacking_colab
149,1,0.9912429,1,challenge_12_final_stacking_colab
150,1,0.7843654,1,challenge_12_final_stacking_colab
151,1,0.99313146,1,challenge_12_final_stacking_colab
152,0,0.1976498,0,challenge_12_final_stacking_colab
153,0,0.15153961,0,challenge_12_final_stacking_colab
154,0,0.018332921,0,challenge_12_final_stacking_colab
155,0,0.003587806,0,challenge_12_final_stacking_colab
156,0,0.2029913,0,challenge_12_final_stacking_colab
157,1,0.776348,1,challenge_12_final_stacking_colab
158,1,0.89737034,1,challenge_12_final_stacking_colab
159,0,2.3323046e-05,0,challenge_12_final_stacking_colab
160,0,0.4208135,0,challenge_12_final_stacking_colab
161,1,0.99999946,1,challenge_12_final_stacking_colab
162,1,0.99708456,1,challenge_12_final_stacking_colab
163,1,0.99650043,1,challenge_12_final_stacking_colab
164,1,0.56073934,1,challenge_12_final_stacking_colab
165,1,0.99844235,1,challenge_12_final_stacking_colab
166,1,0.99842453,1,challenge_12_final_stacking_colab
167,0,0.2169974,0,challenge_12_final_stacking_colab
168,0,0.23318247,0,challenge_12_final_stacking_colab
169,0,0.18972594,0,challenge_12_final_stacking_colab
170,1,0.99999344,1,challenge_12_final_stacking_colab
171,1,0.9999909,1,challenge_12_final_stacking_colab
172,0,0.008074383,0,challenge_12_final_stacking_colab
173,1,0.999994,1,challenge_12_final_stacking_colab
174,0,0.00010183133,0,challenge_12_final_stacking_colab
175,1,0.99512196,1,challenge_12_final_stacking_colab
176,0,0.42634848,0,challenge_12_final_stacking_colab
177,1,0.9738173,1,challenge_12_final_stacking_colab
178,1,0.97091347,1,challenge_12_final_stacking_colab
179,0,0.002452965,0,challenge_12_final_stacking_colab
180,0,0.024861708,0,challenge_12_final_stacking_colab
181,0,0.21071513,0,challenge_12_final_stacking_colab
182,0,0.22679888,0,challenge_12_final_stacking_colab
183,1,0.46063134,0,challenge_12_final_stacking_colab
184,0,0.17778969,0,challenge_12_final_stacking_colab
185,0,9.034756e-08,0,challenge_12_final_stacking_colab
186,0,0.20801848,0,challenge_12_final_stacking_colab
187,0,0.21307577,0,challenge_12_final_stacking_colab
188,0,0.76114357,1,challenge_12_final_stacking_colab
189,1,0.38035512,0,challenge_12_final_stacking_colab
190,0,0.2052598,0,challenge_12_final_stacking_colab
191,0,0.20452459,0,challenge_12_final_stacking_colab
192,1,0.9984646,1,challenge_12_final_stacking_colab
193,0,0.20962086,0,challenge_12_final_stacking_colab
194,0,0.21216586,0,challenge_12_final_stacking_colab
195,0,0.20701215,0,challenge_12_final_stacking_colab
196,1,0.74676305,1,challenge_12_final_stacking_colab
197,1,0.9891956,1,challenge_12_final_stacking_colab
198,1,0.9832657,1,challenge_12_final_stacking_colab
199,0,0.20858017,0,challenge_12_final_stacking_colab
200,0,5.1201427e-05,0,challenge_12_final_stacking_colab
201,0,0.18701951,0,challenge_12_final_stacking_colab
202,1,0.83922803,1,challenge_12_final_stacking_colab
203,1,0.9984918,1,challenge_12_final_stacking_colab
204,0,0.17690432,0,challenge_12_final_stacking_colab
205,1,0.75509113,1,challenge_12_final_stacking_colab
206,0,0.22094128,0,challenge_12_final_stacking_colab
207,1,0.4539893,0,challenge_12_final_stacking_colab
208,0,0.21578264,0,challenge_12_final_stacking_colab
209,0,0.040210065,0,challenge_12_final_stacking_colab
210,0,0.0006989782,0,challenge_12_final_stacking_colab
211,0,0.009148326,0,challenge_12_final_stacking_colab
212,1,0.9508348,1,challenge_12_final_stacking_colab
213,0,0.12923077,0,challenge_12_final_stacking_colab
214,1,0.7293078,1,challenge_12_final_stacking_colab
215,0,0.234705,0,challenge_12_final_stacking_colab
216,1,0.78831434,1,challenge_12_final_stacking_colab
217,1,0.997478,1,challenge_12_final_stacking_colab
218,0,0.107615,0,challenge_12_final_stacking_colab
219,0,0.00028496006,0,challenge_12_final_stacking_colab
220,1,0.9904115,1,challenge_12_final_stacking_colab
221,0,0.33429044,0,challenge_12_final_stacking_colab
222,1,0.76251197,1,challenge_12_final_stacking_colab
223,1,0.99590933,1,challenge_12_final_stacking_colab
224,1,0.75534713,1,challenge_12_final_stacking_colab
225,1,0.99999946,1,challenge_12_final_stacking_colab
226,0,0.21253318,0,challenge_12_final_stacking_colab
227,1,0.56095445,1,challenge_12_final_stacking_colab
228,0,5.8541107e-05,0,challenge_12_final_stacking_colab
229,1,0.66178316,1,challenge_12_final_stacking_colab
230,1,0.9979099,1,challenge_12_final_stacking_colab
231,1,0.761207,1,challenge_12_final_stacking_colab
232,1,0.56543267,1,challenge_12_final_stacking_colab
233,0,0.3860719,0,challenge_12_final_stacking_colab
234,1,0.98064566,1,challenge_12_final_stacking_colab
235,0,0.5851423,1,challenge_12_final_stacking_colab
236,0,0.020288765,0,challenge_12_final_stacking_colab
237,0,0.16550964,0,challenge_12_final_stacking_colab
238,1,0.999997,1,challenge_12_final_stacking_colab
239,1,0.99360245,1,challenge_12_final_stacking_colab
240,0,0.21575363,0,challenge_12_final_stacking_colab
241,1,0.506972,1,challenge_12_final_stacking_colab
242,1,0.9978313,1,challenge_12_final_stacking_colab
243,1,0.99999994,1,challenge_12_final_stacking_colab
244,1,0.94890404,1,challenge_12_final_stacking_colab
245,0,0.16520347,0,challenge_12_final_stacking_colab
246,1,0.9965149,1,challenge_12_final_stacking_colab
247,1,0.7971146,1,challenge_12_final_stacking_colab
248,0,5.957847e-05,0,challenge_12_final_stacking_colab
249,1,0.8084566,1,challenge_12_final_stacking_colab
250,0,3.5309488e-06,0,challenge_12_final_stacking_colab
251,1,0.9957078,1,challenge_12_final_stacking_colab
252,1,0.80566937,1,challenge_12_final_stacking_colab
253,1,0.9976801,1,challenge_12_final_stacking_colab
254,0,0.4719932,0,challenge_12_final_stacking_colab
255,0,0.00023205756,0,challenge_12_final_stacking_colab
256,0,0.5939549,1,challenge_12_final_stacking_colab
257,1,0.9953377,1,challenge_12_final_stacking_colab
258,1,0.7889112,1,challenge_12_final_stacking_colab
259,1,0.99999934,1,challenge_12_final_stacking_colab
260,1,0.7522471,1,challenge_12_final_stacking_colab
261,1,0.9999918,1,challenge_12_final_stacking_colab
262,0,0.00029434645,0,challenge_12_final_stacking_colab
263,1,0.9999973,1,challenge_12_final_stacking_colab
264,0,0.34626058,0,challenge_12_final_stacking_colab
265,0,0.21502547,0,challenge_12_final_stacking_colab
266,1,0.4694633,0,challenge_12_final_stacking_colab
267,1,0.8500209,1,challenge_12_final_stacking_colab
268,0,0.21260296,0,challenge_12_final_stacking_colab
269,1,0.9999902,1,challenge_12_final_stacking_colab
270,1,0.99999857,1,challenge_12_final_stacking_colab
271,0,6.234576e-05,0,challenge_12_final_stacking_colab
272,0,0.45820835,0,challenge_12_final_stacking_colab
273,1,0.9665924,1,challenge_12_final_stacking_colab
274,0,0.5722076,1,challenge_12_final_stacking_colab
275,0,0.49268782,1,challenge_12_final_stacking_colab
276,0,0.23817587,0,challenge_12_final_stacking_colab
277,1,0.07532104,0,challenge_12_final_stacking_colab
278,1,0.37989125,0,challenge_12_final_stacking_colab
279,0,0.19890615,0,challenge_12_final_stacking_colab
280,1,0.7822732,1,challenge_12_final_stacking_colab
281,1,0.9999983,1,challenge_12_final_stacking_colab
282,0,0.18092138,0,challenge_12_final_stacking_colab
283,0,0.20733576,0,challenge_12_final_stacking_colab
284,0,0.0696266,0,challenge_12_final_stacking_colab
285,1,0.9999945,1,challenge_12_final_stacking_colab
286,0,0.42515773,0,challenge_12_final_stacking_colab
287,0,0.06328219,0,challenge_12_final_stacking_colab
288,1,0.9999915,1,challenge_12_final_stacking_colab
289,0,0.5144485,1,challenge_12_final_stacking_colab
290,0,0.21116292,0,challenge_12_final_stacking_colab
291,0,0.0027825183,0,challenge_12_final_stacking_colab
292,0,0.020915883,0,challenge_12_final_stacking_colab
293,1,0.7875634,1,challenge_12_final_stacking_colab
294,0,0.2118529,0,challenge_12_final_stacking_colab
295,0,0.008282605,0,challenge_12_final_stacking_colab
296,0,4.234882e-05,0,challenge_12_final_stacking_colab
297,1,0.70928645,1,challenge_12_final_stacking_colab
298,1,0.9999999,1,challenge_12_final_stacking_colab
299,0,0.0031201318,0,challenge_12_final_stacking_colab
300,1,0.9977399,1,challenge_12_final_stacking_colab
301,0,0.21716471,0,challenge_12_final_stacking_colab
302,1,0.988665,1,challenge_12_final_stacking_colab
303,0,0.023971219,0,challenge_12_final_stacking_colab
304,0,0.0013044113,0,challenge_12_final_stacking_colab
305,0,0.025933431,0,challenge_12_final_stacking_colab
306,0,0.7019281,1,challenge_12_final_stacking_colab
307,0,0.90349406,1,challenge_12_final_stacking_colab
308,0,0.19798952,0,challenge_12_final_stacking_colab
309,1,0.4981544,1,challenge_12_final_stacking_colab
310,1,0.99758315,1,challenge_12_final_stacking_colab
311,1,0.99718046,1,challenge_12_final_stacking_colab
312,1,0.984701,1,challenge_12_final_stacking_colab
313,0,0.4900169,1,challenge_12_final_stacking_colab
314,0,0.0019320546,0,challenge_12_final_stacking_colab
315,0,0.2181855,0,challenge_12_final_stacking_colab
316,1,0.9999995,1,challenge_12_final_stacking_colab
317,0,2.5548763e-05,0,challenge_12_final_stacking_colab
318,1,0.9999902,1,challenge_12_final_stacking_colab
319,0,0.6581539,1,challenge_12_final_stacking_colab
320,0,0.00020147982,0,challenge_12_final_stacking_colab
321,1,0.4393753,0,challenge_12_final_stacking_colab
322,1,0.9999998,1,challenge_12_final_stacking_colab
323,0,0.2185917,0,challenge_12_final_stacking_colab
324,1,0.9999929,1,challenge_12_final_stacking_colab
325,1,0.57499486,1,challenge_12_final_stacking_colab
326,1,0.9980082,1,challenge_12_final_stacking_colab
327,0,4.964598e-05,0,challenge_12_final_stacking_colab
328,1,0.99999994,1,challenge_12_final_stacking_colab
329,1,0.8580232,1,challenge_12_final_stacking_colab
330,0,0.0036301636,0,challenge_12_final_stacking_colab
331,0,0.23862402,0,challenge_12_final_stacking_colab
332,1,0.97783107,1,challenge_12_final_stacking_colab
333,1,0.98490304,1,challenge_12_final_stacking_colab
334,1,0.78637433,1,challenge_12_final_stacking_colab
335,1,0.96739864,1,challenge_12_final_stacking_colab
336,1,0.96955323,1,challenge_12_final_stacking_colab
337,0,0.6305627,1,challenge_12_final_stacking_colab
338,1,0.72930837,1,challenge_12_final_stacking_colab
339,0,0.0008552997,0,challenge_12_final_stacking_colab
340,1,0.98992854,1,challenge_12_final_stacking_colab
341,0,5.6691074e-06,0,challenge_12_final_stacking_colab
342,1,0.99999994,1,challenge_12_final_stacking_colab
343,0,0.22586471,0,challenge_12_final_stacking_colab
344,0,6.719139e-07,0,challenge_12_final_stacking_colab
345,0,0.27890998,0,challenge_12_final_stacking_colab
346,0,0.018736089,0,challenge_12_final_stacking_colab
347,0,0.42901996,0,challenge_12_final_stacking_colab
348,0,3.6942038e-05,0,challenge_12_final_stacking_colab
349,1,0.79654086,1,challenge_12_final_stacking_colab
350,1,0.9999998,1,challenge_12_final_stacking_colab
351,0,1.3331646e-05,0,challenge_12_final_stacking_colab
352,0,0.45787242,0,challenge_12_final_stacking_colab
353,0,0.43351984,0,challenge_12_final_stacking_colab
354,0,0.22821563,0,challenge_12_final_stacking_colab
355,1,0.9972267,1,challenge_12_final_stacking_colab
356,0,0.3168561,0,challenge_12_final_stacking_colab
357,0,2.4181857e-06,0,challenge_12_final_stacking_colab
358,0,1.0817944e-05,0,challenge_12_final_stacking_colab
359,1,0.99772125,1,challenge_12_final_stacking_colab
360,0,0.111094646,0,challenge_12_final_stacking_colab
361,0,0.4353376,0,challenge_12_final_stacking_colab
362,0,0.23013714,0,challenge_12_final_stacking_colab
363,0,2.070517e-05,0,challenge_12_final_stacking_colab
364,0,0.8964056,1,challenge_12_final_stacking_colab
365,0,0.010029072,0,challenge_12_final_stacking_colab
366,0,0.4812675,0,challenge_12_final_stacking_colab
367,0,0.55098933,1,challenge_12_final_stacking_colab
368,1,0.82910687,1,challenge_12_final_stacking_colab
369,1,0.7847096,1,challenge_12_final_stacking_colab
370,1,0.98179936,1,challenge_12_final_stacking_colab
371,1,0.99737644,1,challenge_12_final_stacking_colab
372,1,0.99639505,1,challenge_12_final_stacking_colab
373,1,0.99710536,1,challenge_12_final_stacking_colab
374,0,0.00014592956,0,challenge_12_final_stacking_colab
375,1,0.9284937,1,challenge_12_final_stacking_colab
376,1,0.9999982,1,challenge_12_final_stacking_colab
377,1,0.78714865,1,challenge_12_final_stacking_colab
378,0,0.20551571,0,challenge_12_final_stacking_colab
379,0,0.26517117,0,challenge_12_final_stacking_colab
380,1,0.78602105,1,challenge_12_final_stacking_colab
381,1,0.99999994,1,challenge_12_final_stacking_colab
382,0,0.000531191,0,challenge_12_final_stacking_colab
383,0,2.490072e-06,0,challenge_12_final_stacking_colab
384,1,0.97817594,1,challenge_12_final_stacking_colab
385,1,0.9907519,1,challenge_12_final_stacking_colab
386,0,0.4332096,0,challenge_12_final_stacking_colab
387,1,0.99999934,1,challenge_12_final_stacking_colab
388,0,0.0010049366,0,challenge_12_final_stacking_colab
389,1,0.8895948,1,challenge_12_final_stacking_colab
390,1,0.95198834,1,challenge_12_final_stacking_colab
391,0,0.21005496,0,challenge_12_final_stacking_colab
392,1,0.9939567,1,challenge_12_final_stacking_colab
393,0,0.21095543,0,challenge_12_final_stacking_colab
394,1,0.99999285,1,challenge_12_final_stacking_colab
395,0,0.021220265,0,challenge_12_final_stacking_colab
396,1,0.97879744,1,challenge_12_final_stacking_colab
397,1,0.5839461,1,challenge_12_final_stacking_colab
398,0,0.96018153,1,challenge_12_final_stacking_colab
399,0,0.22672758,0,challenge_12_final_stacking_colab
400,1,0.5635787,1,challenge_12_final_stacking_colab
401,1,0.9999992,1,challenge_12_final_stacking_colab
402,0,0.21468478,0,challenge_12_final_stacking_colab
403,0,0.2051221,0,challenge_12_final_stacking_colab
404,0,0.21772914,0,challenge_12_final_stacking_colab
405,1,0.9934927,1,challenge_12_final_stacking_colab
406,0,0.7612103,1,challenge_12_final_stacking_colab
407,1,0.9999897,1,challenge_12_final_stacking_colab
408,1,0.9920861,1,challenge_12_final_stacking_colab
409,1,0.7256928,1,challenge_12_final_stacking_colab
410,0,0.009921784,0,challenge_12_final_stacking_colab
411,0,0.20984007,0,challenge_12_final_stacking_colab
412,1,0.7881243,1,challenge_12_final_stacking_colab
413,1,0.9784827,1,challenge_12_final_stacking_colab
414,1,0.5638923,1,challenge_12_final_stacking_colab
415,1,0.49386322,1,challenge_12_final_stacking_colab
416,0,0.0011011298,0,challenge_12_final_stacking_colab
417,0,0.0023075426,0,challenge_12_final_stacking_colab
418,0,0.007366841,0,challenge_12_final_stacking_colab
419,0,0.23494169,0,challenge_12_final_stacking_colab
420,1,0.9981285,1,challenge_12_final_stacking_colab
421,1,0.9917936,1,challenge_12_final_stacking_colab
422,1,0.29139194,0,challenge_12_final_stacking_colab
423,1,0.78765225,1,challenge_12_final_stacking_colab
424,0,0.20646493,0,challenge_12_final_stacking_colab
425,0,0.21385252,0,challenge_12_final_stacking_colab
426,1,0.9921965,1,challenge_12_final_stacking_colab
427,1,0.575,1,challenge_12_final_stacking_colab
428,1,0.75244963,1,challenge_12_final_stacking_colab
429,0,0.08152142,0,challenge_12_final_stacking_colab
430,0,0.21580617,0,challenge_12_final_stacking_colab
431,1,0.94096375,1,challenge_12_final_stacking_colab
432,1,0.765818,1,challenge_12_final_stacking_colab
433,1,0.99650025,1,challenge_12_final_stacking_colab
434,1,0.6007289,1,challenge_12_final_stacking_colab
435,1,0.8135868,1,challenge_12_final_stacking_colab
436,1,0.77729803,1,challenge_12_final_stacking_colab
437,0,0.19726747,0,challenge_12_final_stacking_colab
438,1,0.9431664,1,challenge_12_final_stacking_colab
439,0,0.010646115,0,challenge_12_final_stacking_colab
440,0,0.08667079,0,challenge_12_final_stacking_colab
441,1,0.99018705,1,challenge_12_final_stacking_colab
442,1,0.99483776,1,challenge_12_final_stacking_colab
443,1,0.99835473,1,challenge_12_final_stacking_colab
444,0,0.00036564752,0,challenge_12_final_stacking_colab
445,0,1.6918553e-05,0,challenge_12_final_stacking_colab
446,1,0.7850887,1,challenge_12_final_stacking_colab
447,0,0.00092172757,0,challenge_12_final_stacking_colab
448,1,0.9432137,1,challenge_12_final_stacking_colab
449,1,0.7753527,1,challenge_12_final_stacking_colab
450,1,0.742621,1,challenge_12_final_stacking_colab
451,0,0.23273724,0,challenge_12_final_stacking_colab
452,0,0.24666807,0,challenge_12_final_stacking_colab
453,0,3.0683411e-06,0,challenge_12_final_stacking_colab
454,1,0.99853563,1,challenge_12_final_stacking_colab
455,0,0.20371275,0,challenge_12_final_stacking_colab
456,1,0.7973939,1,challenge_12_final_stacking_colab
457,1,0.7894737,1,challenge_12_final_stacking_colab
458,1,0.99627644,1,challenge_12_final_stacking_colab
459,1,0.49014518,1,challenge_12_final_stacking_colab
460,0,0.21216337,0,challenge_12_final_stacking_colab
461,0,0.20723575,0,challenge_12_final_stacking_colab
462,0,0.008428913,0,challenge_12_final_stacking_colab
463,1,0.9963045,1,challenge_12_final_stacking_colab
464,1,0.9094322,1,challenge_12_final_stacking_colab
465,0,0.6235637,1,challenge_12_final_stacking_colab
466,1,0.49860588,1,challenge_12_final_stacking_colab
467,1,0.97394055,1,challenge_12_final_stacking_colab
468,0,0.47893044,0,challenge_12_final_stacking_colab
469,1,0.97260696,1,challenge_12_final_stacking_colab
470,1,0.7705794,1,challenge_12_final_stacking_colab
471,0,0.0009948909,0,challenge_12_final_stacking_colab
472,0,0.035136834,0,challenge_12_final_stacking_colab
473,0,6.700259e-05,0,challenge_12_final_stacking_colab
474,1,0.9960417,1,challenge_12_final_stacking_colab
475,1,0.42120233,0,challenge_12_final_stacking_colab
476,1,0.999999,1,challenge_12_final_stacking_colab
477,0,0.4261962,0,challenge_12_final_stacking_colab
478,1,0.56152225,1,challenge_12_final_stacking_colab
479,0,4.0468335e-06,0,challenge_12_final_stacking_colab
480,0,0.032958362,0,challenge_12_final_stacking_colab
481,1,0.99999994,1,challenge_12_final_stacking_colab
482,0,5.1626957e-06,0,challenge_12_final_stacking_colab
483,0,0.0037861255,0,challenge_12_final_stacking_colab
484,1,1.0,1,challenge_12_final_stacking_colab
485,1,0.78617865,1,challenge_12_final_stacking_colab
486,0,0.0024093653,0,challenge_12_final_stacking_colab
487,1,0.57499987,1,challenge_12_final_stacking_colab
488,1,0.7804646,1,challenge_12_final_stacking_colab
489,0,0.070269965,0,challenge_12_final_stacking_colab
490,0,0.07298472,0,challenge_12_final_stacking_colab
491,0,0.3538761,0,challenge_12_final_stacking_colab
492,1,0.9999997,1,challenge_12_final_stacking_colab
493,0,0.0031324346,0,challenge_12_final_stacking_colab
494,0,0.23855555,0,challenge_12_final_stacking_colab
495,0,0.2213318,0,challenge_12_final_stacking_colab
496,0,0.71903414,1,challenge_12_final_stacking_colab
497,1,0.99999994,1,challenge_12_final_stacking_colab
498,1,0.99999994,1,challenge_12_final_stacking_colab
499,1,0.9982226,1,challenge_12_final_stacking_colab
500,0,0.00136845,0,challenge_12_final_stacking_colab
501,0,0.0009800671,0,challenge_12_final_stacking_colab
502,1,0.97440624,1,challenge_12_final_stacking_colab
503,1,0.98519176,1,challenge_12_final_stacking_colab
504,1,0.9872635,1,challenge_12_final_stacking_colab
505,0,0.19974233,0,challenge_12_final_stacking_colab
506,1,0.56884587,1,challenge_12_final_stacking_colab
507,1,0.99999857,1,challenge_12_final_stacking_colab
508,0,0.60418016,1,challenge_12_final_stacking_colab
509,0,0.22522207,0,challenge_12_final_stacking_colab
510,0,0.00019338181,0,challenge_12_final_stacking_colab
511,0,5.957908e-06,0,challenge_12_final_stacking_colab
512,0,0.0008580947,0,challenge_12_final_stacking_colab
513,1,0.45956874,0,challenge_12_final_stacking_colab
514,1,0.77669823,1,challenge_12_final_stacking_colab
515,0,0.0011600654,0,challenge_12_final_stacking_colab
516,0,0.0008307094,0,challenge_12_final_stacking_colab
517,1,0.73036397,1,challenge_12_final_stacking_colab
518,1,0.86305,1,challenge_12_final_stacking_colab
519,0,0.21273391,0,challenge_12_final_stacking_colab
520,1,0.9999891,1,challenge_12_final_stacking_colab
521,0,0.0066084987,0,challenge_12_final_stacking_colab
522,1,0.98605245,1,challenge_12_final_stacking_colab
523,0,0.20870395,0,challenge_12_final_stacking_colab
524,1,0.99755555,1,challenge_12_final_stacking_colab
525,0,0.2100661,0,challenge_12_final_stacking_colab
526,0,1.8567625e-05,0,challenge_12_final_stacking_colab
527,1,0.95713526,1,challenge_12_final_stacking_colab
528,1,0.9962387,1,challenge_12_final_stacking_colab
529,1,0.66208035,1,challenge_12_final_stacking_colab
530,0,9.057622e-06,0,challenge_12_final_stacking_colab
531,0,0.00023269285,0,challenge_12_final_stacking_colab
532,1,0.996877,1,challenge_12_final_stacking_colab
533,0,0.43107727,0,challenge_12_final_stacking_colab
534,0,0.7524187,1,challenge_12_final_stacking_colab
535,0,0.6688018,1,challenge_12_final_stacking_colab
536,1,0.7800742,1,challenge_12_final_stacking_colab
537,1,0.9999947,1,challenge_12_final_stacking_colab
538,1,0.7726824,1,challenge_12_final_stacking_colab
539,0,0.21298908,0,challenge_12_final_stacking_colab
540,0,0.20794459,0,challenge_12_final_stacking_colab
541,0,9.868242e-08,0,challenge_12_final_stacking_colab
542,1,0.9999997,1,challenge_12_final_stacking_colab
543,1,0.9981168,1,challenge_12_final_stacking_colab
544,1,0.99500185,1,challenge_12_final_stacking_colab
545,0,9.146945e-06,0,challenge_12_final_stacking_colab
546,1,0.99779165,1,challenge_12_final_stacking_colab
547,0,1.7430382e-05,0,challenge_12_final_stacking_colab
548,1,0.78707993,1,challenge_12_final_stacking_colab
549,1,0.71331567,1,challenge_12_final_stacking_colab
550,1,0.992803,1,challenge_12_final_stacking_colab
551,0,0.00012684,0,challenge_12_final_stacking_colab
552,1,0.9999924,1,challenge_12_final_stacking_colab
553,1,0.9999974,1,challenge_12_final_stacking_colab
554,1,0.9882849,1,challenge_12_final_stacking_colab
555,1,0.99999934,1,challenge_12_final_stacking_colab
556,1,0.9704626,1,challenge_12_final_stacking_colab
557,0,0.019791685,0,challenge_12_final_stacking_colab
558,1,0.93684626,1,challenge_12_final_stacking_colab
559,0,0.97602916,1,challenge_12_final_stacking_colab
560,0,0.0059982673,0,challenge_12_final_stacking_colab
561,0,2.3705214e-05,0,challenge_12_final_stacking_colab
562,0,5.8797723e-05,0,challenge_12_final_stacking_colab
563,0,0.21040225,0,challenge_12_final_stacking_colab
564,0,0.18425018,0,challenge_12_final_stacking_colab
565,1,0.7889344,1,challenge_12_final_stacking_colab
566,0,0.22267385,0,challenge_12_final_stacking_colab
567,0,1.4532135e-05,0,challenge_12_final_stacking_colab
568,0,0.1924196,0,challenge_12_final_stacking_colab
569,0,7.35978e-07,0,challenge_12_final_stacking_colab
570,0,0.011252961,0,challenge_12_final_stacking_colab
571,0,0.0023430807,0,challenge_12_final_stacking_colab
572,1,0.99999857,1,challenge_12_final_stacking_colab
573,1,0.99761194,1,challenge_12_final_stacking_colab
574,1,0.78151387,1,challenge_12_final_stacking_colab
575,1,1.0,1,challenge_12_final_stacking_colab
576,1,0.99999946,1,challenge_12_final_stacking_colab
577,1,0.9982744,1,challenge_12_final_stacking_colab
578,0,0.012318834,0,challenge_12_final_stacking_colab
579,0,0.22957677,0,challenge_12_final_stacking_colab
580,0,0.00012586174,0,challenge_12_final_stacking_colab
581,1,0.7964362,1,challenge_12_final_stacking_colab
582,0,0.0002332756,0,challenge_12_final_stacking_colab
583,1,0.99644095,1,challenge_12_final_stacking_colab
584,1,0.83884853,1,challenge_12_final_stacking_colab
585,1,0.2550435,0,challenge_12_final_stacking_colab
586,1,0.9999999,1,challenge_12_final_stacking_colab
587,0,0.00017631496,0,challenge_12_final_stacking_colab
588,0,0.20879427,0,challenge_12_final_stacking_colab
589,1,0.9961756,1,challenge_12_final_stacking_colab
590,1,0.9972252,1,challenge_12_final_stacking_colab
591,0,0.016022658,0,challenge_12_final_stacking_colab
592,1,0.9999919,1,challenge_12_final_stacking_colab
593,0,0.009533676,0,challenge_12_final_stacking_colab
594,0,0.21469647,0,challenge_12_final_stacking_colab
595,0,0.01653992,0,challenge_12_final_stacking_colab
596,1,0.77092665,1,challenge_12_final_stacking_colab
597,0,1.3321233e-05,0,challenge_12_final_stacking_colab
598,0,0.3492696,0,challenge_12_final_stacking_colab
599,1,0.99011785,1,challenge_12_final_stacking_colab
600,1,0.9968386,1,challenge_12_final_stacking_colab
601,0,0.00046519857,0,challenge_12_final_stacking_colab
602,0,0.20563148,0,challenge_12_final_stacking_colab
603,1,0.5735396,1,challenge_12_final_stacking_colab
604,1,0.96943355,1,challenge_12_final_stacking_colab
605,0,0.21099189,0,challenge_12_final_stacking_colab
606,1,0.6207466,1,challenge_12_final_stacking_colab
607,0,0.19332443,0,challenge_12_final_stacking_colab
608,1,0.6135302,1,challenge_12_final_stacking_colab
609,1,0.9975276,1,challenge_12_final_stacking_colab
610,0,0.00606261,0,challenge_12_final_stacking_colab
611,0,0.17176321,0,challenge_12_final_stacking_colab
612,1,0.81283534,1,challenge_12_final_stacking_colab
613,0,0.25346014,0,challenge_12_final_stacking_colab
614,0,0.44549447,0,challenge_12_final_stacking_colab
615,1,0.98570263,1,challenge_12_final_stacking_colab
616,1,0.9946285,1,challenge_12_final_stacking_colab
617,1,0.23802434,0,challenge_12_final_stacking_colab
618,1,0.9999999,1,challenge_12_final_stacking_colab
619,0,0.0005681095,0,challenge_12_final_stacking_colab
620,0,0.24388075,0,challenge_12_final_stacking_colab
621,0,0.21285765,0,challenge_12_final_stacking_colab
622,0,0.0070802704,0,challenge_12_final_stacking_colab
623,0,0.23211518,0,challenge_12_final_stacking_colab
624,1,0.73752475,1,challenge_12_final_stacking_colab
625,1,0.9954297,1,challenge_12_final_stacking_colab
626,0,9.313921e-05,0,challenge_12_final_stacking_colab
627,1,0.9999964,1,challenge_12_final_stacking_colab
628,1,0.9999973,1,challenge_12_final_stacking_colab
629,1,0.97097695,1,challenge_12_final_stacking_colab
630,0,0.6305993,1,challenge_12_final_stacking_colab
631,1,0.5592825,1,challenge_12_final_stacking_colab
632,1,0.76183677,1,challenge_12_final_stacking_colab
633,1,0.99618703,1,challenge_12_final_stacking_colab
634,0,0.00014720041,0,challenge_12_final_stacking_colab
635,1,0.98082674,1,challenge_12_final_stacking_colab
636,1,0.9083701,1,challenge_12_final_stacking_colab
637,1,0.6956525,1,challenge_12_final_stacking_colab
638,1,0.9451856,1,challenge_12_final_stacking_colab
639,1,0.42304146,0,challenge_12_final_stacking_colab
640,1,0.7799618,1,challenge_12_final_stacking_colab
641,1,0.75641006,1,challenge_12_final_stacking_colab
642,1,0.9688355,1,challenge_12_final_stacking_colab
643,1,0.99769557,1,challenge_12_final_stacking_colab
644,1,0.7696399,1,challenge_12_final_stacking_colab
645,1,0.7807497,1,challenge_12_final_stacking_colab
646,0,5.7500007e-08,0,challenge_12_final_stacking_colab
647,1,0.97783625,1,challenge_12_final_stacking_colab
648,0,8.766989e-05,0,challenge_12_final_stacking_colab
649,1,0.9715669,1,challenge_12_final_stacking_colab
650,0,0.006352976,0,challenge_12_final_stacking_colab
651,1,0.99771506,1,challenge_12_final_stacking_colab
652,1,0.73381156,1,challenge_12_final_stacking_colab
653,0,0.24817322,0,challenge_12_final_stacking_colab
654,0,4.4055556e-05,0,challenge_12_final_stacking_colab
655,0,0.20606095,0,challenge_12_final_stacking_colab
656,1,0.7792989,1,challenge_12_final_stacking_colab
657,0,0.20794739,0,challenge_12_final_stacking_colab
658,0,3.123065e-06,0,challenge_12_final_stacking_colab
659,0,0.012742552,0,challenge_12_final_stacking_colab
660,0,0.22053507,0,challenge_12_final_stacking_colab
661,0,0.0036902095,0,challenge_12_final_stacking_colab
662,1,0.9999962,1,challenge_12_final_stacking_colab
663,0,3.5192518e-06,0,challenge_12_final_stacking_colab
664,0,0.89389485,1,challenge_12_final_stacking_colab
665,0,0.021960132,0,challenge_12_final_stacking_colab
666,1,0.9999908,1,challenge_12_final_stacking_colab
667,0,0.2124138,0,challenge_12_final_stacking_colab
668,0,1.2371709e-05,0,challenge_12_final_stacking_colab
669,0,0.63418424,1,challenge_12_final_stacking_colab
670,0,0.21002324,0,challenge_12_final_stacking_colab
671,0,0.18760072,0,challenge_12_final_stacking_colab
672,0,0.0020600169,0,challenge_12_final_stacking_colab
673,1,0.9150526,1,challenge_12_final_stacking_colab
674,0,0.7811598,1,challenge_12_final_stacking_colab
675,1,0.9511449,1,challenge_12_final_stacking_colab
676,1,0.9958731,1,challenge_12_final_stacking_colab
677,1,0.77916914,1,challenge_12_final_stacking_colab
678,0,0.044140164,0,challenge_12_final_stacking_colab
679,0,3.0139581e-05,0,challenge_12_final_stacking_colab
680,0,0.2665434,0,challenge_12_final_stacking_colab
681,0,0.2875,0,challenge_12_final_stacking_colab
682,0,0.21165045,0,challenge_12_final_stacking_colab
683,1,0.7879982,1,challenge_12_final_stacking_colab
684,0,0.0009592965,0,challenge_12_final_stacking_colab
685,1,0.78414804,1,challenge_12_final_stacking_colab
686,0,0.5187757,1,challenge_12_final_stacking_colab
687,0,0.0847809,0,challenge_12_final_stacking_colab
688,1,0.9634932,1,challenge_12_final_stacking_colab
689,1,0.8211233,1,challenge_12_final_stacking_colab
690,1,0.52883285,1,challenge_12_final_stacking_colab
691,1,0.7850314,1,challenge_12_final_stacking_colab
692,0,0.00094729394,0,challenge_12_final_stacking_colab
693,1,0.7670131,1,challenge_12_final_stacking_colab
694,0,0.21244569,0,challenge_12_final_stacking_colab
695,0,0.24769762,0,challenge_12_final_stacking_colab
696,1,0.5996844,1,challenge_12_final_stacking_colab
697,0,0.013302499,0,challenge_12_final_stacking_colab
698,0,0.19221957,0,challenge_12_final_stacking_colab
699,0,0.20594497,0,challenge_12_final_stacking_colab
700,1,0.9736015,1,challenge_12_final_stacking_colab
701,1,0.9481991,1,challenge_12_final_stacking_colab
702,1,0.89492315,1,challenge_12_final_stacking_colab
703,0,0.00011202901,0,challenge_12_final_stacking_colab
704,1,0.9585167,1,challenge_12_final_stacking_colab
705,1,0.9999976,1,challenge_12_final_stacking_colab
706,0,0.0012973147,0,challenge_12_final_stacking_colab
707,0,0.20575915,0,challenge_12_final_stacking_colab
708,0,0.03526944,0,challenge_12_final_stacking_colab
709,0,0.016479844,0,challenge_12_final_stacking_colab
710,1,0.88830745,1,challenge_12_final_stacking_colab
711,1,0.9924004,1,challenge_12_final_stacking_colab
712,1,0.7824581,1,challenge_12_final_stacking_colab
713,0,0.00013058848,0,challenge_12_final_stacking_colab
714,1,0.7933775,1,challenge_12_final_stacking_colab
715,1,0.91217166,1,challenge_12_final_stacking_colab
716,1,0.9964117,1,challenge_12_final_stacking_colab
717,0,0.40517747,0,challenge_12_final_stacking_colab
718,1,0.9999982,1,challenge_12_final_stacking_colab
719,0,5.7500007e-08,0,challenge_12_final_stacking_colab
720,0,0.20106019,0,challenge_12_final_stacking_colab
721,1,0.9928684,1,challenge_12_final_stacking_colab
722,0,1.8966624e-05,0,challenge_12_final_stacking_colab
723,1,0.09073712,0,challenge_12_final_stacking_colab
724,0,0.6221582,1,challenge_12_final_stacking_colab
725,1,0.78722745,1,challenge_12_final_stacking_colab
726,0,0.022100128,0,challenge_12_final_stacking_colab
727,1,0.91679573,1,challenge_12_final_stacking_colab
728,0,0.21299058,0,challenge_12_final_stacking_colab
729,1,0.79822695,1,challenge_12_final_stacking_colab
730,0,0.29365513,0,challenge_12_final_stacking_colab
731,1,0.9999997,1,challenge_12_final_stacking_colab
732,0,0.42506236,0,challenge_12_final_stacking_colab
733,0,0.21685942,0,challenge_12_final_stacking_colab
734,0,3.992151e-06,0,challenge_12_final_stacking_colab
735,1,0.93454856,1,challenge_12_final_stacking_colab
736,0,0.0010993656,0,challenge_12_final_stacking_colab
737,1,0.9845382,1,challenge_12_final_stacking_colab
738,1,0.8909801,1,challenge_12_final_stacking_colab
739,1,0.9950706,1,challenge_12_final_stacking_colab
740,0,0.5170345,1,challenge_12_final_stacking_colab
741,1,0.7964854,1,challenge_12_final_stacking_colab
742,1,0.99634475,1,challenge_12_final_stacking_colab
743,0,0.20647477,0,challenge_12_final_stacking_colab
744,1,0.28181833,0,challenge_12_final_stacking_colab
745,1,0.99999887,1,challenge_12_final_stacking_colab
746,0,0.3977602,0,challenge_12_final_stacking_colab
747,1,0.9999985,1,challenge_12_final_stacking_colab
748,1,0.7806167,1,challenge_12_final_stacking_colab
749,0,0.4362169,0,challenge_12_final_stacking_colab
750,1,0.989662,1,challenge_12_final_stacking_colab
751,1,0.6202833,1,challenge_12_final_stacking_colab
752,0,5.7500007e-08,0,challenge_12_final_stacking_colab
753,0,0.42504582,0,challenge_12_final_stacking_colab
754,0,1.4417765e-05,0,challenge_12_final_stacking_colab
755,1,0.9889643,1,challenge_12_final_stacking_colab
756,0,0.62015516,1,challenge_12_final_stacking_colab
757,0,0.21360935,0,challenge_12_final_stacking_colab
758,0,0.14531161,0,challenge_12_final_stacking_colab
759,0,0.21256702,0,challenge_12_final_stacking_colab
760,1,0.99999994,1,challenge_12_final_stacking_colab
761,0,0.04659474,0,challenge_12_final_stacking_colab
762,1,0.7836313,1,challenge_12_final_stacking_colab
763,0,0.0032059527,0,challenge_12_final_stacking_colab
764,1,0.99999994,1,challenge_12_final_stacking_colab
765,1,0.99670637,1,challenge_12_final_stacking_colab
766,0,0.0386793,0,challenge_12_final_stacking_colab
767,0,0.00084536435,0,challenge_12_final_stacking_colab
768,1,0.69029504,1,challenge_12_final_stacking_colab
769,1,0.7857769,1,challenge_12_final_stacking_colab
770,0,6.94066e-05,0,challenge_12_final_stacking_colab
771,1,0.9974249,1,challenge_12_final_stacking_colab
772,1,0.774679,1,challenge_12_final_stacking_colab
773,1,0.99999803,1,challenge_12_final_stacking_colab
774,1,0.99999756,1,challenge_12_final_stacking_colab
775,1,0.79301065,1,challenge_12_final_stacking_colab
776,1,0.8202016,1,challenge_12_final_stacking_colab
777,1,0.8315966,1,challenge_12_final_stacking_colab
778,0,0.4251968,0,challenge_12_final_stacking_colab
779,1,0.99493736,1,challenge_12_final_stacking_colab
780,1,0.98022705,1,challenge_12_final_stacking_colab
781,0,0.20780446,0,challenge_12_final_stacking_colab
782,1,0.9924489,1,challenge_12_final_stacking_colab
783,0,0.00034425824,0,challenge_12_final_stacking_colab
784,0,0.025034375,0,challenge_12_final_stacking_colab
785,1,0.58069474,1,challenge_12_final_stacking_colab
786,0,0.48835716,0,challenge_12_final_stacking_colab
787,1,0.99999964,1,challenge_12_final_stacking_colab
788,1,0.99061954,1,challenge_12_final_stacking_colab
789,1,0.7737142,1,challenge_12_final_stacking_colab
790,0,0.00016507512,0,challenge_12_final_stacking_colab
791,1,0.9851559,1,challenge_12_final_stacking_colab
792,1,0.99720776,1,challenge_12_final_stacking_colab
793,1,0.7740222,1,challenge_12_final_stacking_colab
794,0,0.28001046,0,challenge_12_final_stacking_colab
795,1,0.85616916,1,challenge_12_final_stacking_colab
796,1,0.7797024,1,challenge_12_final_stacking_colab
797,0,0.0014443212,0,challenge_12_final_stacking_colab
798,0,0.2343511,0,challenge_12_final_stacking_colab
799,1,0.989237,1,challenge_12_final_stacking_colab
800,0,0.0025211961,0,challenge_12_final_stacking_colab
801,0,0.0005287576,0,challenge_12_final_stacking_colab
802,0,0.0061574983,0,challenge_12_final_stacking_colab
803,1,0.9999993,1,challenge_12_final_stacking_colab
804,0,0.21798763,0,challenge_12_final_stacking_colab
805,1,0.5666624,1,challenge_12_final_stacking_colab
806,1,0.9999903,1,challenge_12_final_stacking_colab
807,1,0.9980204,1,challenge_12_final_stacking_colab
808,1,0.9973897,1,challenge_12_final_stacking_colab
809,0,0.21694161,0,challenge_12_final_stacking_colab
810,0,0.4350546,0,challenge_12_final_stacking_colab
811,1,0.74054015,1,challenge_12_final_stacking_colab
812,0,0.21140553,0,challenge_12_final_stacking_colab
813,1,0.98067456,1,challenge_12_final_stacking_colab
814,0,0.4138587,0,challenge_12_final_stacking_colab
815,1,0.99805325,1,challenge_12_final_stacking_colab
816,1,0.887843,1,challenge_12_final_stacking_colab
817,0,0.0019989125,0,challenge_12_final_stacking_colab
818,0,0.21285422,0,challenge_12_final_stacking_colab
819,0,0.21201845,0,challenge_12_final_stacking_colab
820,1,0.78209746,1,challenge_12_final_stacking_colab
821,0,0.2674233,0,challenge_12_final_stacking_colab
822,0,1.2279177e-05,0,challenge_12_final_stacking_colab
823,1,0.78310037,1,challenge_12_final_stacking_colab
824,1,0.46834746,0,challenge_12_final_stacking_colab
825,0,0.00033345533,0,challenge_12_final_stacking_colab
826,0,0.37476343,0,challenge_12_final_stacking_colab
827,0,0.37183577,0,challenge_12_final_stacking_colab
828,1,0.7968629,1,challenge_12_final_stacking_colab
829,0,0.21397375,0,challenge_12_final_stacking_colab
830,1,0.9966394,1,challenge_12_final_stacking_colab
831,0,0.0073923543,0,challenge_12_final_stacking_colab
832,1,0.7941697,1,challenge_12_final_stacking_colab
833,1,0.99585825,1,challenge_12_final_stacking_colab
834,1,0.9999997,1,challenge_12_final_stacking_colab
835,0,0.201907,0,challenge_12_final_stacking_colab
836,1,0.9676766,1,challenge_12_final_stacking_colab
837,1,0.99999654,1,challenge_12_final_stacking_colab
838,1,0.99999803,1,challenge_12_final_stacking_colab
839,0,0.42500582,0,challenge_12_final_stacking_colab
840,0,0.22853768,0,challenge_12_final_stacking_colab
841,1,0.9970365,1,challenge_12_final_stacking_colab
842,0,0.42837682,0,challenge_12_final_stacking_colab
843,0,1.9321535e-05,0,challenge_12_final_stacking_colab
844,0,0.08701322,0,challenge_12_final_stacking_colab
845,1,0.34345928,0,challenge_12_final_stacking_colab
846,1,0.9219118,1,challenge_12_final_stacking_colab
847,0,0.00093151355,0,challenge_12_final_stacking_colab
848,0,0.005251777,0,challenge_12_final_stacking_colab
849,1,0.74714756,1,challenge_12_final_stacking_colab
850,1,0.96290797,1,challenge_12_final_stacking_colab
851,1,0.9742574,1,challenge_12_final_stacking_colab
852,1,0.9259281,1,challenge_12_final_stacking_colab
853,1,0.9999998,1,challenge_12_final_stacking_colab
854,1,0.99999917,1,challenge_12_final_stacking_colab
855,0,0.0029827128,0,challenge_12_final_stacking_colab
856,1,0.99999994,1,challenge_12_final_stacking_colab
857,1,0.7945128,1,challenge_12_final_stacking_colab
858,0,2.2593177e-07,0,challenge_12_final_stacking_colab
859,1,0.99826294,1,challenge_12_final_stacking_colab
860,0,0.20981364,0,challenge_12_final_stacking_colab
861,0,0.21344775,0,challenge_12_final_stacking_colab
862,1,0.8247392,1,challenge_12_final_stacking_colab
863,0,0.0002270534,0,challenge_12_final_stacking_colab
864,1,0.79271793,1,challenge_12_final_stacking_colab
865,1,0.9462193,1,challenge_12_final_stacking_colab
866,0,0.21709795,0,challenge_12_final_stacking_colab
867,1,0.99999756,1,challenge_12_final_stacking_colab
868,0,0.18169634,0,challenge_12_final_stacking_colab
869,0,0.00022387384,0,challenge_12_final_stacking_colab
870,1,0.78443533,1,challenge_12_final_stacking_colab
871,0,0.42646942,0,challenge_12_final_stacking_colab
872,1,0.99999934,1,challenge_12_final_stacking_colab
873,0,2.5343856e-05,0,challenge_12_final_stacking_colab
874,0,0.44809762,0,challenge_12_final_stacking_colab
875,1,0.9982086,1,challenge_12_final_stacking_colab
876,0,0.17361243,0,challenge_12_final_stacking_colab
877,0,0.00047966655,0,challenge_12_final_stacking_colab
878,1,0.755609,1,challenge_12_final_stacking_colab
879,1,0.7846383,1,challenge_12_final_stacking_colab
880,0,1.1112704e-05,0,challenge_12_final_stacking_colab
881,0,0.19852158,0,challenge_12_final_stacking_colab
882,1,0.999998,1,challenge_12_final_stacking_colab
883,0,0.075638,0,challenge_12_final_stacking_colab
884,1,0.9933234,1,challenge_12_final_stacking_colab
885,1,0.5749908,1,challenge_12_final_stacking_colab
886,1,0.78673977,1,challenge_12_final_stacking_colab
887,1,0.9733866,1,challenge_12_final_stacking_colab
888,0,0.64247423,1,challenge_12_final_stacking_colab
889,1,0.99669355,1,challenge_12_final_stacking_colab
890,0,0.42518255,0,challenge_12_final_stacking_colab
891,1,0.9891493,1,challenge_12_final_stacking_colab
892,0,0.000900675,0,challenge_12_final_stacking_colab
893,0,7.219773e-05,0,challenge_12_final_stacking_colab
894,0,0.008367153,0,challenge_12_final_stacking_colab
895,0,0.21866895,0,challenge_12_final_stacking_colab
896,0,0.0042111143,0,challenge_12_final_stacking_colab
897,0,0.00042194713,0,challenge_12_final_stacking_colab
898,1,0.7891606,1,challenge_12_final_stacking_colab
899,1,0.7804564,1,challenge_12_final_stacking_colab
900,1,0.78953433,1,challenge_12_final_stacking_colab
901,0,0.64591295,1,challenge_12_final_stacking_colab
902,1,0.7693601,1,challenge_12_final_stacking_colab
903,1,0.97954345,1,challenge_12_final_stacking_colab
904,0,0.1898529,0,challenge_12_final_stacking_colab
905,1,0.95247775,1,challenge_12_final_stacking_colab
906,1,0.7952062,1,challenge_12_final_stacking_colab
907,0,0.21638453,0,challenge_12_final_stacking_colab
908,1,0.99596417,1,challenge_12_final_stacking_colab
909,1,0.55843675,1,challenge_12_final_stacking_colab
910,1,0.99592817,1,challenge_12_final_stacking_colab
911,0,0.025434291,0,challenge_12_final_stacking_colab
912,1,0.98638487,1,challenge_12_final_stacking_colab
913,0,0.5060244,1,challenge_12_final_stacking_colab
914,1,0.96910894,1,challenge_12_final_stacking_colab
915,0,0.083947375,0,challenge_12_final_stacking_colab
916,0,0.18910614,0,challenge_12_final_stacking_colab
917,1,0.9848481,1,challenge_12_final_stacking_colab
918,1,0.73976135,1,challenge_12_final_stacking_colab
919,0,8.1963844e-05,0,challenge_12_final_stacking_colab
920,1,0.74159425,1,challenge_12_final_stacking_colab
921,0,0.21437924,0,challenge_12_final_stacking_colab
922,0,8.475684e-05,0,challenge_12_final_stacking_colab
923,0,0.21562645,0,challenge_12_final_stacking_colab
924,0,0.20860699,0,challenge_12_final_stacking_colab
925,0,8.03082e-05,0,challenge_12_final_stacking_colab
926,0,0.010465504,0,challenge_12_final_stacking_colab
927,0,0.63688445,1,challenge_12_final_stacking_colab
928,0,0.000804144,0,challenge_12_final_stacking_colab
929,0,0.4940935,1,challenge_12_final_stacking_colab
930,1,0.9983789,1,challenge_12_final_stacking_colab
931,0,0.25107267,0,challenge_12_final_stacking_colab
932,1,0.9999934,1,challenge_12_final_stacking_colab
933,0,3.7537357e-05,0,challenge_12_final_stacking_colab
934,0,5.7500007e-08,0,challenge_12_final_stacking_colab
935,1,0.9776617,1,challenge_12_final_stacking_colab
936,0,0.2029807,0,challenge_12_final_stacking_colab
937,0,0.2161,0,challenge_12_final_stacking_colab
938,1,0.99999833,1,challenge_12_final_stacking_colab
939,0,0.24288954,0,challenge_12_final_stacking_colab
940,1,0.7963725,1,challenge_12_final_stacking_colab
941,1,0.9999966,1,challenge_12_final_stacking_colab
942,0,0.2282808,0,challenge_12_final_stacking_colab
943,0,8.3847546e-05,0,challenge_12_final_stacking_colab
944,0,0.21311803,0,challenge_12_final_stacking_colab
945,1,0.5640896,1,challenge_12_final_stacking_colab
946,1,0.9962852,1,challenge_12_final_stacking_colab
947,1,0.9915308,1,challenge_12_final_stacking_colab
948,0,0.9573099,1,challenge_12_final_stacking_colab
949,1,0.7981538,1,challenge_12_final_stacking_colab
950,0,0.42539367,0,challenge_12_final_stacking_colab
951,1,0.9877778,1,challenge_12_final_stacking_colab
952,1,0.9999998,1,challenge_12_final_stacking_colab
953,0,0.55998236,1,challenge_12_final_stacking_colab
954,0,0.42600885,0,challenge_12_final_stacking_colab
955,0,0.00723126,0,challenge_12_final_stacking_colab
956,1,0.9708241,1,challenge_12_final_stacking_colab
957,1,0.5721556,1,challenge_12_final_stacking_colab
958,1,0.99999875,1,challenge_12_final_stacking_colab
959,0,0.06408946,0,challenge_12_final_stacking_colab
960,0,0.4801398,0,challenge_12_final_stacking_colab
961,1,0.99999046,1,challenge_12_final_stacking_colab
962,0,1.1003123e-05,0,challenge_12_final_stacking_colab
963,0,0.6867936,1,challenge_12_final_stacking_colab
964,0,1.4208448e-05,0,challenge_12_final_stacking_colab
965,0,0.0006556837,0,challenge_12_final_stacking_colab
966,0,0.21493843,0,challenge_12_final_stacking_colab
967,1,0.999993,1,challenge_12_final_stacking_colab
968,1,0.97771496,1,challenge_12_final_stacking_colab
969,1,0.22082081,0,challenge_12_final_stacking_colab
970,0,0.0009450429,0,challenge_12_final_stacking_colab
971,1,0.9999989,1,challenge_12_final_stacking_colab
972,1,0.9501266,1,challenge_12_final_stacking_colab
973,0,0.20829567,0,challenge_12_final_stacking_colab
974,0,0.49931657,1,challenge_12_final_stacking_colab
975,0,0.0056411074,0,challenge_12_final_stacking_colab
976,1,0.9105729,1,challenge_12_final_stacking_colab
977,0,0.0007851457,0,challenge_12_final_stacking_colab
978,1,0.9387058,1,challenge_12_final_stacking_colab
979,0,0.2005635,0,challenge_12_final_stacking_colab
980,1,0.7705205,1,challenge_12_final_stacking_colab
981,0,0.45188358,0,challenge_12_final_stacking_colab
982,0,0.0051630735,0,challenge_12_final_stacking_colab
983,0,0.0012197734,0,challenge_12_final_stacking_colab
984,0,0.67114764,1,challenge_12_final_stacking_colab
985,0,0.1184908,0,challenge_12_final_stacking_colab
986,1,0.57499695,1,challenge_12_final_stacking_colab
987,0,0.002967909,0,challenge_12_final_stacking_colab
988,0,0.20903847,0,challenge_12_final_stacking_colab
989,1,0.99381155,1,challenge_12_final_stacking_colab
990,0,0.01247673,0,challenge_12_final_stacking_colab
991,0,0.00072768744,0,challenge_12_final_stacking_colab
992,1,0.9999996,1,challenge_12_final_stacking_colab
993,0,0.21278544,0,challenge_12_final_stacking_colab
994,0,0.29645893,0,challenge_12_final_stacking_colab
995,1,0.77846557,1,challenge_12_final_stacking_colab
996,1,0.997248,1,challenge_12_final_stacking_colab
997,1,0.806875,1,challenge_12_final_stacking_colab
998,1,0.9999994,1,challenge_12_final_stacking_colab
999,0,0.42517895,0,challenge_12_final_stacking_colab
1000,1,0.9932097,1,challenge_12_final_stacking_colab
1001,1,0.99840355,1,challenge_12_final_stacking_colab
1002,0,0.013454043,0,challenge_12_final_stacking_colab
1003,0,0.26969182,0,challenge_12_final_stacking_colab
1004,1,0.9682537,1,challenge_12_final_stacking_colab
1005,1,0.7421189,1,challenge_12_final_stacking_colab
1006,1,0.9974409,1,challenge_12_final_stacking_colab
1007,1,0.4331644,0,challenge_12_final_stacking_colab
1008,1,0.99626994,1,challenge_12_final_stacking_colab
1009,0,0.22259255,0,challenge_12_final_stacking_colab
1010,0,0.42504206,0,challenge_12_final_stacking_colab
1011,0,0.4361332,0,challenge_12_final_stacking_colab
1012,1,0.99242234,1,challenge_12_final_stacking_colab
1013,1,0.4411694,0,challenge_12_final_stacking_colab
1014,1,0.9999997,1,challenge_12_final_stacking_colab
1015,0,0.24755557,0,challenge_12_final_stacking_colab
1016,0,0.42633846,0,challenge_12_final_stacking_colab
1017,0,8.672673e-05,0,challenge_12_final_stacking_colab
1018,0,0.0008925082,0,challenge_12_final_stacking_colab
1019,0,1.0306916e-06,0,challenge_12_final_stacking_colab
1020,0,3.796815e-05,0,challenge_12_final_stacking_colab
1021,0,9.108791e-05,0,challenge_12_final_stacking_colab
1022,0,0.0009888833,0,challenge_12_final_stacking_colab
1023,0,0.42501697,0,challenge_12_final_stacking_colab
1024,1,0.7841353,1,challenge_12_final_stacking_colab
1025,1,0.99999714,1,challenge_12_final_stacking_colab
1026,1,0.97305954,1,challenge_12_final_stacking_colab
1027,1,0.5722222,1,challenge_12_final_stacking_colab
1028,1,0.822533,1,challenge_12_final_stacking_colab
1029,0,0.008204968,0,challenge_12_final_stacking_colab
1030,1,0.99696964,1,challenge_12_final_stacking_colab
1031,0,0.2028369,0,challenge_12_final_stacking_colab
1032,1,0.9410427,1,challenge_12_final_stacking_colab
1033,0,0.17362362,0,challenge_12_final_stacking_colab
1034,0,9.402291e-06,0,challenge_12_final_stacking_colab
1035,0,0.3098487,0,challenge_12_final_stacking_colab
1036,1,0.99229646,1,challenge_12_final_stacking_colab
1037,0,0.47931468,0,challenge_12_final_stacking_colab
1038,0,0.001973922,0,challenge_12_final_stacking_colab
1039,0,0.013976082,0,challenge_12_final_stacking_colab
1040,0,0.0010907386,0,challenge_12_final_stacking_colab
1041,1,0.7787077,1,challenge_12_final_stacking_colab
1042,0,0.2003431,0,challenge_12_final_stacking_colab
1043,0,0.29949376,0,challenge_12_final_stacking_colab
1044,0,0.2235417,0,challenge_12_final_stacking_colab
1045,0,0.0060938266,0,challenge_12_final_stacking_colab
1046,0,0.21186298,0,challenge_12_final_stacking_colab
1047,0,0.0019726257,0,challenge_12_final_stacking_colab
1048,1,0.7579983,1,challenge_12_final_stacking_colab
1049,0,0.00038029044,0,challenge_12_final_stacking_colab
1050,1,0.99999994,1,challenge_12_final_stacking_colab
1051,0,7.248386e-05,0,challenge_12_final_stacking_colab
1052,1,0.9999997,1,challenge_12_final_stacking_colab
1053,0,0.21854044,0,challenge_12_final_stacking_colab
1054,0,0.016780613,0,challenge_12_final_stacking_colab
1055,0,0.5060509,1,challenge_12_final_stacking_colab
1056,1,0.55759966,1,challenge_12_final_stacking_colab
1057,0,5.9119462e-05,0,challenge_12_final_stacking_colab
1058,0,0.004207853,0,challenge_12_final_stacking_colab
1059,0,0.21196876,0,challenge_12_final_stacking_colab
1060,0,0.002543236,0,challenge_12_final_stacking_colab
1061,1,0.7999262,1,challenge_12_final_stacking_colab
1062,1,0.71357375,1,challenge_12_final_stacking_colab
1063,0,0.2053306,0,challenge_12_final_stacking_colab
1064,0,1.0717972e-05,0,challenge_12_final_stacking_colab
1065,0,0.49630645,1,challenge_12_final_stacking_colab
1066,1,0.7772211,1,challenge_12_final_stacking_colab
1067,0,0.017795349,0,challenge_12_final_stacking_colab
1068,0,0.23424748,0,challenge_12_final_stacking_colab
1069,1,0.9999996,1,challenge_12_final_stacking_colab
1070,0,1.673074e-05,0,challenge_12_final_stacking_colab
1071,0,0.29235762,0,challenge_12_final_stacking_colab
1072,1,0.57499546,1,challenge_12_final_stacking_colab
1073,1,0.7921205,1,challenge_12_final_stacking_colab
1074,0,3.908872e-05,0,challenge_12_final_stacking_colab
1075,1,0.9985084,1,challenge_12_final_stacking_colab
1076,0,0.32912388,0,challenge_12_final_stacking_colab
1077,0,0.00041066998,0,challenge_12_final_stacking_colab
1078,0,0.18758385,0,challenge_12_final_stacking_colab
1079,0,0.095621444,0,challenge_12_final_stacking_colab
1080,0,0.21411026,0,challenge_12_final_stacking_colab
1081,1,0.784966,1,challenge_12_final_stacking_colab
1082,1,0.9999982,1,challenge_12_final_stacking_colab
1083,0,3.6858833e-05,0,challenge_12_final_stacking_colab
1084,1,0.99999714,1,challenge_12_final_stacking_colab
1085,0,0.9262211,1,challenge_12_final_stacking_colab
1086,0,0.20274198,0,challenge_12_final_stacking_colab
1087,1,0.96011364,1,challenge_12_final_stacking_colab
1088,0,0.0049960874,0,challenge_12_final_stacking_colab
1089,0,1.3799045e-07,0,challenge_12_final_stacking_colab
1090,0,0.1997352,0,challenge_12_final_stacking_colab
1091,1,0.9999999,1,challenge_12_final_stacking_colab
1092,0,0.038861305,0,challenge_12_final_stacking_colab
1093,0,0.0062462194,0,challenge_12_final_stacking_colab
1094,1,0.78301257,1,challenge_12_final_stacking_colab
1095,1,0.96209824,1,challenge_12_final_stacking_colab
1096,1,0.99999386,1,challenge_12_final_stacking_colab
1097,1,0.9999973,1,challenge_12_final_stacking_colab
1098,0,0.67704844,1,challenge_12_final_stacking_colab
1099,0,0.00065504,0,challenge_12_final_stacking_colab
1100,0,0.00559051,0,challenge_12_final_stacking_colab
1101,1,0.7313656,1,challenge_12_final_stacking_colab
1102,0,0.0032362465,0,challenge_12_final_stacking_colab
1103,1,0.99625003,1,challenge_12_final_stacking_colab
1104,1,0.9999993,1,challenge_12_final_stacking_colab
1105,0,0.2182109,0,challenge_12_final_stacking_colab
1106,1,0.99999434,1,challenge_12_final_stacking_colab
1107,1,0.722942,1,challenge_12_final_stacking_colab
1108,0,0.42514497,0,challenge_12_final_stacking_colab
1109,0,5.8649603e-05,0,challenge_12_final_stacking_colab
1110,0,0.57706785,1,challenge_12_final_stacking_colab
1111,1,0.99853796,1,challenge_12_final_stacking_colab
1112,0,0.0036497428,0,challenge_12_final_stacking_colab
1113,0,0.57490516,1,challenge_12_final_stacking_colab
1114,0,0.18959263,0,challenge_12_final_stacking_colab
1115,0,0.00021350716,0,challenge_12_final_stacking_colab
1116,0,9.778643e-05,0,challenge_12_final_stacking_colab
1117,0,0.54519486,1,challenge_12_final_stacking_colab
1118,1,0.99999636,1,challenge_12_final_stacking_colab
1119,0,0.21707007,0,challenge_12_final_stacking_colab
1120,1,0.9999999,1,challenge_12_final_stacking_colab
1121,0,8.317631e-05,0,challenge_12_final_stacking_colab
1122,1,0.785761,1,challenge_12_final_stacking_colab
1123,0,0.016816331,0,challenge_12_final_stacking_colab
1124,1,0.587071,1,challenge_12_final_stacking_colab
1125,0,0.005562968,0,challenge_12_final_stacking_colab
1126,1,0.8915901,1,challenge_12_final_stacking_colab
1127,0,0.43054155,0,challenge_12_final_stacking_colab
1128,1,0.99999213,1,challenge_12_final_stacking_colab
1129,1,0.8009437,1,challenge_12_final_stacking_colab
1130,0,0.104927555,0,challenge_12_final_stacking_colab
1131,0,5.7500007e-08,0,challenge_12_final_stacking_colab
1132,1,0.99999875,1,challenge_12_final_stacking_colab
1133,0,0.40861484,0,challenge_12_final_stacking_colab
1134,1,0.37014148,0,challenge_12_final_stacking_colab
1135,1,0.791151,1,challenge_12_final_stacking_colab
1136,1,0.82141834,1,challenge_12_final_stacking_colab
1137,0,0.2042932,0,challenge_12_final_stacking_colab
1138,0,0.30952644,0,challenge_12_final_stacking_colab
1139,1,0.78616875,1,challenge_12_final_stacking_colab
1140,1,0.9999934,1,challenge_12_final_stacking_colab
1141,1,0.99671495,1,challenge_12_final_stacking_colab
1142,0,0.57305664,1,challenge_12_final_stacking_colab
1143,0,0.21975286,0,challenge_12_final_stacking_colab
1144,1,0.7889245,1,challenge_12_final_stacking_colab
1145,0,0.03163794,0,challenge_12_final_stacking_colab
1146,0,0.20676303,0,challenge_12_final_stacking_colab
1147,0,0.42906916,0,challenge_12_final_stacking_colab
1148,0,0.0021282635,0,challenge_12_final_stacking_colab
1149,0,7.3506235e-05,0,challenge_12_final_stacking_colab
1150,0,0.42500028,0,challenge_12_final_stacking_colab
1151,0,0.017460942,0,challenge_12_final_stacking_colab
1152,1,0.7860452,1,challenge_12_final_stacking_colab
1153,1,0.7430913,1,challenge_12_final_stacking_colab
1154,1,0.99409753,1,challenge_12_final_stacking_colab
1155,0,0.53277946,1,challenge_12_final_stacking_colab
1156,1,0.7919314,1,challenge_12_final_stacking_colab
1157,1,0.9969112,1,challenge_12_final_stacking_colab
1158,0,0.00013281699,0,challenge_12_final_stacking_colab
1159,1,0.9506725,1,challenge_12_final_stacking_colab
1160,0,0.34426546,0,challenge_12_final_stacking_colab
1161,1,0.7929791,1,challenge_12_final_stacking_colab
1162,1,0.82509905,1,challenge_12_final_stacking_colab
1163,1,0.7818225,1,challenge_12_final_stacking_colab
1164,0,8.379782e-08,0,challenge_12_final_stacking_colab
1165,1,0.9999996,1,challenge_12_final_stacking_colab
1166,1,0.77787334,1,challenge_12_final_stacking_colab
1167,1,0.9785953,1,challenge_12_final_stacking_colab
1168,1,0.8362069,1,challenge_12_final_stacking_colab
1169,1,0.7833902,1,challenge_12_final_stacking_colab
1170,0,0.21140887,0,challenge_12_final_stacking_colab
1171,0,0.11149749,0,challenge_12_final_stacking_colab
1172,0,1.6276805e-06,0,challenge_12_final_stacking_colab
1173,1,0.99999845,1,challenge_12_final_stacking_colab
1174,0,0.7575727,1,challenge_12_final_stacking_colab
1175,1,0.49516857,1,challenge_12_final_stacking_colab
1176,0,0.0017701352,0,challenge_12_final_stacking_colab
1177,1,0.81079787,1,challenge_12_final_stacking_colab
1178,0,0.3258368,0,challenge_12_final_stacking_colab
1179,1,0.759831,1,challenge_12_final_stacking_colab
1180,1,0.7865316,1,challenge_12_final_stacking_colab
1181,0,0.00014250803,0,challenge_12_final_stacking_colab
1182,0,0.5124987,1,challenge_12_final_stacking_colab
1183,1,0.81305957,1,challenge_12_final_stacking_colab
1184,1,0.5611534,1,challenge_12_final_stacking_colab
1185,0,0.21993953,0,challenge_12_final_stacking_colab
1186,1,0.9980898,1,challenge_12_final_stacking_colab
1187,0,0.42696333,0,challenge_12_final_stacking_colab
1188,1,0.99292374,1,challenge_12_final_stacking_colab
1189,1,0.550599,1,challenge_12_final_stacking_colab
1190,1,0.2655782,0,challenge_12_final_stacking_colab
1191,0,0.0014045243,0,challenge_12_final_stacking_colab
1192,1,0.70449936,1,challenge_12_final_stacking_colab
1193,0,0.25496998,0,challenge_12_final_stacking_colab
1194,1,0.6694291,1,challenge_12_final_stacking_colab
1195,1,0.99999255,1,challenge_12_final_stacking_colab
1196,0,0.21915258,0,challenge_12_final_stacking_colab
1197,1,0.99017054,1,challenge_12_final_stacking_colab
1198,1,0.775144,1,challenge_12_final_stacking_colab
1199,1,0.7869808,1,challenge_12_final_stacking_colab
1200,0,0.21229677,0,challenge_12_final_stacking_colab
1201,1,0.9831808,1,challenge_12_final_stacking_colab
1202,1,0.8063787,1,challenge_12_final_stacking_colab
1203,0,0.27244678,0,challenge_12_final_stacking_colab
1204,1,0.99999714,1,challenge_12_final_stacking_colab
1205,0,1.0500491e-05,0,challenge_12_final_stacking_colab
1206,1,0.99999976,1,challenge_12_final_stacking_colab
1207,1,0.98116887,1,challenge_12_final_stacking_colab
1208,0,0.17189005,0,challenge_12_final_stacking_colab
1209,0,0.20784073,0,challenge_12_final_stacking_colab
1210,1,0.98018116,1,challenge_12_final_stacking_colab
1211,1,0.9919983,1,challenge_12_final_stacking_colab
1212,0,0.4322381,0,challenge_12_final_stacking_colab
1213,1,0.99630374,1,challenge_12_final_stacking_colab
1214,0,0.009309655,0,challenge_12_final_stacking_colab
1215,1,0.6308151,1,challenge_12_final_stacking_colab
1216,0,0.05280221,0,challenge_12_final_stacking_colab
1217,0,2.7646272e-05,0,challenge_12_final_stacking_colab
1218,1,0.99298745,1,challenge_12_final_stacking_colab
1219,1,0.9881137,1,challenge_12_final_stacking_colab
1220,0,0.00015373556,0,challenge_12_final_stacking_colab
1221,0,0.17728975,0,challenge_12_final_stacking_colab
1222,1,0.78778535,1,challenge_12_final_stacking_colab
1223,1,0.9975221,1,challenge_12_final_stacking_colab
1224,0,0.17612877,0,challenge_12_final_stacking_colab
1225,0,0.20665587,0,challenge_12_final_stacking_colab
1226,1,0.74402696,1,challenge_12_final_stacking_colab
1227,0,1.6220465e-06,0,challenge_12_final_stacking_colab
1228,0,0.0004164591,0,challenge_12_final_stacking_colab
1229,0,1.1396143e-06,0,challenge_12_final_stacking_colab
1230,1,0.7839548,1,challenge_12_final_stacking_colab
1231,1,0.97239643,1,challenge_12_final_stacking_colab
1232,1,0.4419458,0,challenge_12_final_stacking_colab
1233,1,0.7660207,1,challenge_12_final_stacking_colab
1234,1,0.79501384,1,challenge_12_final_stacking_colab
1235,0,0.0029339015,0,challenge_12_final_stacking_colab
1236,0,0.21292816,0,challenge_12_final_stacking_colab
1237,1,0.9999993,1,challenge_12_final_stacking_colab
1238,0,0.2047901,0,challenge_12_final_stacking_colab
1239,1,0.5504638,1,challenge_12_final_stacking_colab
1240,1,0.8615068,1,challenge_12_final_stacking_colab
1241,1,0.99999994,1,challenge_12_final_stacking_colab
1242,0,0.22418447,0,challenge_12_final_stacking_colab
1243,1,0.7943543,1,challenge_12_final_stacking_colab
1244,0,0.003115218,0,challenge_12_final_stacking_colab
1245,1,0.9905942,1,challenge_12_final_stacking_colab
1246,1,0.9932186,1,challenge_12_final_stacking_colab
1247,1,0.5872572,1,challenge_12_final_stacking_colab
1248,1,0.9999998,1,challenge_12_final_stacking_colab
1249,1,0.7842275,1,challenge_12_final_stacking_colab
1250,1,0.6233065,1,challenge_12_final_stacking_colab
1251,1,0.7806802,1,challenge_12_final_stacking_colab
1252,1,0.22937411,0,challenge_12_final_stacking_colab
1253,0,0.6123944,1,challenge_12_final_stacking_colab
1254,1,0.92982,1,challenge_12_final_stacking_colab
1255,0,0.00096980954,0,challenge_12_final_stacking_colab
1256,1,0.9999995,1,challenge_12_final_stacking_colab
1257,0,0.00053564884,0,challenge_12_final_stacking_colab
1258,0,0.20997727,0,challenge_12_final_stacking_colab
1259,0,0.22584862,0,challenge_12_final_stacking_colab
1260,1,0.96219265,1,challenge_12_final_stacking_colab
1261,1,0.95842123,1,challenge_12_final_stacking_colab
1262,0,0.01888629,0,challenge_12_final_stacking_colab
1263,0,0.20806001,0,challenge_12_final_stacking_colab
1264,0,0.19115055,0,challenge_12_final_stacking_colab
1265,1,0.9967597,1,challenge_12_final_stacking_colab
1266,1,0.9689188,1,challenge_12_final_stacking_colab
1267,0,6.2975334e-05,0,challenge_12_final_stacking_colab
1268,0,0.20985147,0,challenge_12_final_stacking_colab
1269,0,0.1679293,0,challenge_12_final_stacking_colab
1270,0,0.5781849,1,challenge_12_final_stacking_colab
1271,1,0.9944093,1,challenge_12_final_stacking_colab
1272,0,0.0001569715,0,challenge_12_final_stacking_colab
1273,1,0.93557477,1,challenge_12_final_stacking_colab
1274,0,0.02148569,0,challenge_12_final_stacking_colab
1275,1,0.3990126,0,challenge_12_final_stacking_colab
1276,0,0.0039922544,0,challenge_12_final_stacking_colab
1277,0,0.032165606,0,challenge_12_final_stacking_colab
1278,1,0.9982679,1,challenge_12_final_stacking_colab
1279,0,0.20410743,0,challenge_12_final_stacking_colab
1280,0,0.5371936,1,challenge_12_final_stacking_colab
1281,0,0.21848777,0,challenge_12_final_stacking_colab
1282,1,1.0,1,challenge_12_final_stacking_colab
1283,1,0.9999994,1,challenge_12_final_stacking_colab
1284,0,0.09261968,0,challenge_12_final_stacking_colab
1285,0,0.21174815,0,challenge_12_final_stacking_colab
1286,0,0.36645645,0,challenge_12_final_stacking_colab
1287,1,0.9984985,1,challenge_12_final_stacking_colab
1288,0,0.21386594,0,challenge_12_final_stacking_colab
1289,0,0.19892482,0,challenge_12_final_stacking_colab
1290,0,0.020710416,0,challenge_12_final_stacking_colab
1291,0,2.9023622e-07,0,challenge_12_final_stacking_colab
1292,0,0.20723383,0,challenge_12_final_stacking_colab
1293,1,0.9587637,1,challenge_12_final_stacking_colab
1294,1,0.054945998,0,challenge_12_final_stacking_colab
1295,0,0.077271335,0,challenge_12_final_stacking_colab
1296,0,0.20149586,0,challenge_12_final_stacking_colab
1297,1,0.7878655,1,challenge_12_final_stacking_colab
1298,0,4.9708295e-05,0,challenge_12_final_stacking_colab
1299,0,8.815432e-08,0,challenge_12_final_stacking_colab
1300,0,3.6893907e-05,0,challenge_12_final_stacking_colab
1301,1,0.9818764,1,challenge_12_final_stacking_colab
1302,0,0.10912755,0,challenge_12_final_stacking_colab
1303,0,0.0016022485,0,challenge_12_final_stacking_colab
1304,0,0.022659833,0,challenge_12_final_stacking_colab
1305,1,0.77403194,1,challenge_12_final_stacking_colab
1306,0,0.0019729359,0,challenge_12_final_stacking_colab
1307,0,8.206225e-05,0,challenge_12_final_stacking_colab
1308,0,0.20652276,0,challenge_12_final_stacking_colab
1309,0,0.32799265,0,challenge_12_final_stacking_colab
1310,0,0.03620752,0,challenge_12_final_stacking_colab
1311,1,0.99695987,1,challenge_12_final_stacking_colab
1312,1,0.9863158,1,challenge_12_final_stacking_colab
1313,1,0.9668159,1,challenge_12_final_stacking_colab
1314,0,0.0005937444,0,challenge_12_final_stacking_colab
1315,0,0.19874638,0,challenge_12_final_stacking_colab
1316,1,0.81824714,1,challenge_12_final_stacking_colab
1317,1,0.9923933,1,challenge_12_final_stacking_colab
1318,0,0.00021736672,0,challenge_12_final_stacking_colab
1319,0,0.4433416,0,challenge_12_final_stacking_colab
1320,1,0.9980184,1,challenge_12_final_stacking_colab
1321,1,0.7765466,1,challenge_12_final_stacking_colab
1322,1,0.99089587,1,challenge_12_final_stacking_colab
1323,0,0.21121876,0,challenge_12_final_stacking_colab
1324,1,0.7844892,1,challenge_12_final_stacking_colab
1325,0,0.008472053,0,challenge_12_final_stacking_colab
1326,0,0.41914123,0,challenge_12_final_stacking_colab
1327,1,0.9964688,1,challenge_12_final_stacking_colab
1328,0,3.920845e-07,0,challenge_12_final_stacking_colab
1329,0,0.44948134,0,challenge_12_final_stacking_colab
1330,1,0.9968915,1,challenge_12_final_stacking_colab
1331,0,0.069925,0,challenge_12_final_stacking_colab
1332,1,0.78882694,1,challenge_12_final_stacking_colab
1333,1,0.966171,1,challenge_12_final_stacking_colab
1334,1,0.776986,1,challenge_12_final_stacking_colab
1335,1,0.9970776,1,challenge_12_final_stacking_colab
1336,1,1.0,1,challenge_12_final_stacking_colab
1337,0,0.013286838,0,challenge_12_final_stacking_colab
1338,0,0.01405254,0,challenge_12_final_stacking_colab
1339,1,0.98434794,1,challenge_12_final_stacking_colab
1340,0,0.0017891073,0,challenge_12_final_stacking_colab
1341,1,0.99999994,1,challenge_12_final_stacking_colab
1342,0,8.735613e-06,0,challenge_12_final_stacking_colab
1343,1,0.9970997,1,challenge_12_final_stacking_colab
1344,0,0.018366491,0,challenge_12_final_stacking_colab
1345,0,0.00021467263,0,challenge_12_final_stacking_colab
1346,1,0.99775195,1,challenge_12_final_stacking_colab
1347,0,0.0006565132,0,challenge_12_final_stacking_colab
1348,1,0.9585223,1,challenge_12_final_stacking_colab
1349,0,0.00010504987,0,challenge_12_final_stacking_colab
1350,1,0.99999934,1,challenge_12_final_stacking_colab
1351,1,0.9959047,1,challenge_12_final_stacking_colab
1352,1,0.9999979,1,challenge_12_final_stacking_colab
1353,1,0.76098365,1,challenge_12_final_stacking_colab
1354,1,0.9999934,1,challenge_12_final_stacking_colab
1355,1,0.7822493,1,challenge_12_final_stacking_colab
1356,0,0.00012379652,0,challenge_12_final_stacking_colab
1357,0,5.7500007e-08,0,challenge_12_final_stacking_colab
1358,1,0.68876106,1,challenge_12_final_stacking_colab
1359,0,0.11293354,0,challenge_12_final_stacking_colab
1360,1,0.9948165,1,challenge_12_final_stacking_colab
1361,1,0.9999997,1,challenge_12_final_stacking_colab
1362,0,0.22882004,0,challenge_12_final_stacking_colab
1363,1,0.9435606,1,challenge_12_final_stacking_colab
1364,1,0.99999803,1,challenge_12_final_stacking_colab
1365,1,0.7929467,1,challenge_12_final_stacking_colab
1366,0,0.2125535,0,challenge_12_final_stacking_colab
1367,0,0.42519218,0,challenge_12_final_stacking_colab
1368,1,0.91669333,1,challenge_12_final_stacking_colab
1369,1,0.9999997,1,challenge_12_final_stacking_colab
1370,1,0.7879659,1,challenge_12_final_stacking_colab
1371,0,0.024978666,0,challenge_12_final_stacking_colab
1372,1,0.80292404,1,challenge_12_final_stacking_colab
1373,1,0.8247594,1,challenge_12_final_stacking_colab
1374,1,0.9999989,1,challenge_12_final_stacking_colab
1375,0,0.25023365,0,challenge_12_final_stacking_colab
1376,1,0.99554884,1,challenge_12_final_stacking_colab
1377,0,0.48691106,0,challenge_12_final_stacking_colab
1378,0,0.18890561,0,challenge_12_final_stacking_colab
1379,0,0.21593492,0,challenge_12_final_stacking_colab
1380,1,0.7842842,1,challenge_12_final_stacking_colab
1381,1,0.78776366,1,challenge_12_final_stacking_colab
1382,0,0.7307667,1,challenge_12_final_stacking_colab
1383,1,0.78990394,1,challenge_12_final_stacking_colab
1384,0,0.0004318396,0,challenge_12_final_stacking_colab
1385,1,0.79618096,1,challenge_12_final_stacking_colab
1386,0,0.21743137,0,challenge_12_final_stacking_colab
1387,1,0.9999999,1,challenge_12_final_stacking_colab
1388,1,0.99999994,1,challenge_12_final_stacking_colab
1389,1,0.9965667,1,challenge_12_final_stacking_colab
1390,0,0.18014224,0,challenge_12_final_stacking_colab
1391,1,0.9985045,1,challenge_12_final_stacking_colab
1392,0,0.011424162,0,challenge_12_final_stacking_colab
1393,1,0.999991,1,challenge_12_final_stacking_colab
1394,0,0.00022964971,0,challenge_12_final_stacking_colab
1395,1,0.78603333,1,challenge_12_final_stacking_colab
1396,0,0.0022306275,0,challenge_12_final_stacking_colab
1397,1,0.99999934,1,challenge_12_final_stacking_colab
1398,0,0.23089857,0,challenge_12_final_stacking_colab
1399,1,0.9999993,1,challenge_12_final_stacking_colab
1400,0,0.62594026,1,challenge_12_final_stacking_colab
1401,1,0.8372252,1,challenge_12_final_stacking_colab
1402,1,0.9979436,1,challenge_12_final_stacking_colab
1403,0,0.9600953,1,challenge_12_final_stacking_colab
1404,1,0.95936143,1,challenge_12_final_stacking_colab
1405,1,0.99545485,1,challenge_12_final_stacking_colab
1406,0,0.20592147,0,challenge_12_final_stacking_colab
1407,0,0.02511295,0,challenge_12_final_stacking_colab
1408,0,0.000110619454,0,challenge_12_final_stacking_colab
1409,0,0.00087500626,0,challenge_12_final_stacking_colab
1410,1,0.8757084,1,challenge_12_final_stacking_colab
1411,1,0.3985236,0,challenge_12_final_stacking_colab
1412,1,0.9966299,1,challenge_12_final_stacking_colab
1413,0,0.0041241813,0,challenge_12_final_stacking_colab
1414,0,0.034582812,0,challenge_12_final_stacking_colab
1415,0,0.0601007,0,challenge_12_final_stacking_colab
1416,0,0.0022218518,0,challenge_12_final_stacking_colab
1417,0,0.21354146,0,challenge_12_final_stacking_colab
1418,1,0.8763383,1,challenge_12_final_stacking_colab
1419,1,0.9909213,1,challenge_12_final_stacking_colab
1420,1,0.7887535,1,challenge_12_final_stacking_colab
1421,1,0.9999983,1,challenge_12_final_stacking_colab
1422,0,0.00022189914,0,challenge_12_final_stacking_colab
1423,1,0.98678184,1,challenge_12_final_stacking_colab
1424,1,0.99999875,1,challenge_12_final_stacking_colab
1425,0,0.003647358,0,challenge_12_final_stacking_colab
1426,0,0.203643,0,challenge_12_final_stacking_colab
1427,1,0.9612991,1,challenge_12_final_stacking_colab
1428,0,0.4804364,0,challenge_12_final_stacking_colab
1429,0,0.19347367,0,challenge_12_final_stacking_colab
1430,1,0.91995674,1,challenge_12_final_stacking_colab
1431,1,0.7885796,1,challenge_12_final_stacking_colab
1432,1,0.60960597,1,challenge_12_final_stacking_colab
1433,1,0.9999988,1,challenge_12_final_stacking_colab
1434,1,0.9999927,1,challenge_12_final_stacking_colab
1435,1,0.52713317,1,challenge_12_final_stacking_colab
1436,1,0.99396515,1,challenge_12_final_stacking_colab
1437,1,0.98128873,1,challenge_12_final_stacking_colab
1438,0,0.0038264757,0,challenge_12_final_stacking_colab
1439,0,1.3167056e-05,0,challenge_12_final_stacking_colab
1440,0,0.29125103,0,challenge_12_final_stacking_colab
1441,0,0.24689934,0,challenge_12_final_stacking_colab
1442,1,0.41701663,0,challenge_12_final_stacking_colab
1443,0,0.001721824,0,challenge_12_final_stacking_colab
1444,1,0.38700745,0,challenge_12_final_stacking_colab
1445,1,0.96236867,1,challenge_12_final_stacking_colab
1446,0,0.5066933,1,challenge_12_final_stacking_colab
1447,0,0.23094474,0,challenge_12_final_stacking_colab
1448,1,0.99999875,1,challenge_12_final_stacking_colab
1449,1,0.9958557,1,challenge_12_final_stacking_colab
1450,1,0.99999994,1,challenge_12_final_stacking_colab
1451,1,0.5273263,1,challenge_12_final_stacking_colab
1452,0,0.9078811,1,challenge_12_final_stacking_colab
1453,1,0.97079927,1,challenge_12_final_stacking_colab
1454,0,0.04504581,0,challenge_12_final_stacking_colab
1455,1,0.7833818,1,challenge_12_final_stacking_colab
1456,0,0.42794365,0,challenge_12_final_stacking_colab
1457,0,0.08005974,0,challenge_12_final_stacking_colab
1458,1,0.9972168,1,challenge_12_final_stacking_colab
1459,1,0.9490761,1,challenge_12_final_stacking_colab
1460,0,0.52567667,1,challenge_12_final_stacking_colab
1461,1,0.37614197,0,challenge_12_final_stacking_colab
1462,0,0.21146524,0,challenge_12_final_stacking_colab
1463,0,0.4351326,0,challenge_12_final_stacking_colab
1464,0,8.083781e-06,0,challenge_12_final_stacking_colab
1465,0,0.24147506,0,challenge_12_final_stacking_colab
1466,0,0.09749752,0,challenge_12_final_stacking_colab
1467,1,0.78761667,1,challenge_12_final_stacking_colab
1468,0,0.002170507,0,challenge_12_final_stacking_colab
1469,0,0.20055372,0,challenge_12_final_stacking_colab
1470,0,0.2203713,0,challenge_12_final_stacking_colab
1471,1,0.267594,0,challenge_12_final_stacking_colab
1472,0,0.033751734,0,challenge_12_final_stacking_colab
1473,0,0.16332012,0,challenge_12_final_stacking_colab
1474,0,4.026201e-06,0,challenge_12_final_stacking_colab
1475,1,0.9999999,1,challenge_12_final_stacking_colab
1476,0,0.76786757,1,challenge_12_final_stacking_colab
1477,0,1.2954363e-05,0,challenge_12_final_stacking_colab
1478,0,0.21965094,0,challenge_12_final_stacking_colab
1479,1,0.73680437,1,challenge_12_final_stacking_colab
1480,0,0.21458027,0,challenge_12_final_stacking_colab
1481,1,0.99999994,1,challenge_12_final_stacking_colab
1482,1,0.9949468,1,challenge_12_final_stacking_colab
1483,1,0.992149,1,challenge_12_final_stacking_colab
1484,0,0.21412231,0,challenge_12_final_stacking_colab
1485,1,0.4978499,1,challenge_12_final_stacking_colab
1486,0,0.19649713,0,challenge_12_final_stacking_colab
1487,0,0.004774372,0,challenge_12_final_stacking_colab
1488,1,0.56881213,1,challenge_12_final_stacking_colab
1489,1,0.32889095,0,challenge_12_final_stacking_colab
1490,0,1.7797911e-05,0,challenge_12_final_stacking_colab
1491,0,0.003629286,0,challenge_12_final_stacking_colab
1492,1,0.3231044,0,challenge_12_final_stacking_colab
1493,1,0.99998945,1,challenge_12_final_stacking_colab
1494,0,0.2705534,0,challenge_12_final_stacking_colab
1495,1,0.99999964,1,challenge_12_final_stacking_colab
1496,1,0.78381294,1,challenge_12_final_stacking_colab
1497,0,0.2088553,0,challenge_12_final_stacking_colab
1498,0,0.005237625,0,challenge_12_final_stacking_colab
1499,1,0.31017372,0,challenge_12_final_stacking_colab
1500,1,0.54968524,1,challenge_12_final_stacking_colab
1501,0,0.33488002,0,challenge_12_final_stacking_colab
1502,1,0.9999992,1,challenge_12_final_stacking_colab
1503,1,0.99014115,1,challenge_12_final_stacking_colab
1504,0,0.47511566,0,challenge_12_final_stacking_colab
1505,1,0.6716841,1,challenge_12_final_stacking_colab
1506,0,0.21536717,0,challenge_12_final_stacking_colab
1507,1,0.57173216,1,challenge_12_final_stacking_colab
1508,0,0.2593256,0,challenge_12_final_stacking_colab
1509,1,0.97017807,1,challenge_12_final_stacking_colab
1510,0,0.00035597658,0,challenge_12_final_stacking_colab
1511,1,0.9984126,1,challenge_12_final_stacking_colab
1512,0,0.0013467389,0,challenge_12_final_stacking_colab
1513,1,0.9979058,1,challenge_12_final_stacking_colab
1514,1,0.99999917,1,challenge_12_final_stacking_colab
1515,0,0.21492973,0,challenge_12_final_stacking_colab
1516,1,0.99627715,1,challenge_12_final_stacking_colab
1517,1,0.78168213,1,challenge_12_final_stacking_colab
1518,0,0.20816903,0,challenge_12_final_stacking_colab
1519,1,0.77337545,1,challenge_12_final_stacking_colab
1520,1,0.99999887,1,challenge_12_final_stacking_colab
1521,1,0.9999969,1,challenge_12_final_stacking_colab
1522,0,0.23674096,0,challenge_12_final_stacking_colab
1523,0,0.5644107,1,challenge_12_final_stacking_colab
1524,0,0.0044425656,0,challenge_12_final_stacking_colab
1525,0,0.2367328,0,challenge_12_final_stacking_colab
1526,0,0.0040977327,0,challenge_12_final_stacking_colab
1527,1,0.9916333,1,challenge_12_final_stacking_colab
1528,0,0.0041384916,0,challenge_12_final_stacking_colab
1529,1,0.7950288,1,challenge_12_final_stacking_colab
1530,0,1.3803647e-06,0,challenge_12_final_stacking_colab
1531,0,0.2275334,0,challenge_12_final_stacking_colab
1532,0,0.02277005,0,challenge_12_final_stacking_colab
1533,0,0.0020387059,0,challenge_12_final_stacking_colab
1534,1,0.8873637,1,challenge_12_final_stacking_colab
1535,0,0.48977038,0,challenge_12_final_stacking_colab
1536,1,0.48961216,0,challenge_12_final_stacking_colab
1537,1,0.9731724,1,challenge_12_final_stacking_colab
1538,0,0.21668766,0,challenge_12_final_stacking_colab
1539,0,0.0010625215,0,challenge_12_final_stacking_colab
1540,1,0.95577765,1,challenge_12_final_stacking_colab
1541,0,0.2480645,0,challenge_12_final_stacking_colab
1542,1,0.9635494,1,challenge_12_final_stacking_colab
1543,1,0.78351456,1,challenge_12_final_stacking_colab
1544,1,0.99831486,1,challenge_12_final_stacking_colab
1545,0,0.0045402376,0,challenge_12_final_stacking_colab
1546,1,0.7751576,1,challenge_12_final_stacking_colab
1547,0,0.003171903,0,challenge_12_final_stacking_colab
1548,0,0.5032924,1,challenge_12_final_stacking_colab
1549,1,0.78570694,1,challenge_12_final_stacking_colab
1550,0,0.0010788882,0,challenge_12_final_stacking_colab
1551,0,0.007942658,0,challenge_12_final_stacking_colab
1552,0,0.23340248,0,challenge_12_final_stacking_colab
1553,0,0.016442724,0,challenge_12_final_stacking_colab
1554,1,0.57345134,1,challenge_12_final_stacking_colab
1555,0,0.18939562,0,challenge_12_final_stacking_colab
1556,0,0.39435408,0,challenge_12_final_stacking_colab
1557,1,0.563979,1,challenge_12_final_stacking_colab
1558,0,0.21104217,0,challenge_12_final_stacking_colab
1559,0,0.42774093,0,challenge_12_final_stacking_colab
1560,1,0.9984859,1,challenge_12_final_stacking_colab
1561,0,0.21173845,0,challenge_12_final_stacking_colab
1562,0,0.28076297,0,challenge_12_final_stacking_colab
1563,0,0.4250006,0,challenge_12_final_stacking_colab
1564,1,0.9933447,1,challenge_12_final_stacking_colab
1565,0,0.22682336,0,challenge_12_final_stacking_colab
1566,0,0.2085885,0,challenge_12_final_stacking_colab
1567,1,0.7815531,1,challenge_12_final_stacking_colab
1568,1,0.9799056,1,challenge_12_final_stacking_colab
1569,1,0.7976839,1,challenge_12_final_stacking_colab
1570,0,0.3313016,0,challenge_12_final_stacking_colab
1571,0,0.20820405,0,challenge_12_final_stacking_colab
1572,0,1.8637166e-07,0,challenge_12_final_stacking_colab
1573,1,0.79688585,1,challenge_12_final_stacking_colab
1574,1,0.9999989,1,challenge_12_final_stacking_colab
1575,1,0.9411021,1,challenge_12_final_stacking_colab
1576,0,5.10784e-05,0,challenge_12_final_stacking_colab
1577,1,0.7240907,1,challenge_12_final_stacking_colab
1578,0,0.022396276,0,challenge_12_final_stacking_colab
1579,0,0.0006598132,0,challenge_12_final_stacking_colab
1580,0,0.22529826,0,challenge_12_final_stacking_colab
1581,1,0.90927553,1,challenge_12_final_stacking_colab
1582,0,0.20568292,0,challenge_12_final_stacking_colab
1583,0,0.044799056,0,challenge_12_final_stacking_colab
1584,0,0.21322933,0,challenge_12_final_stacking_colab
1585,1,0.99727523,1,challenge_12_final_stacking_colab
1586,1,0.7660149,1,challenge_12_final_stacking_colab
1587,0,0.52514666,1,challenge_12_final_stacking_colab
1588,0,1.1342409e-05,0,challenge_12_final_stacking_colab
1589,0,0.1781277,0,challenge_12_final_stacking_colab
1590,1,0.9827485,1,challenge_12_final_stacking_colab
1591,0,0.00032939535,0,challenge_12_final_stacking_colab
1592,1,0.9915147,1,challenge_12_final_stacking_colab
1593,0,0.23594175,0,challenge_12_final_stacking_colab
1594,0,0.2146825,0,challenge_12_final_stacking_colab
1595,0,0.0005396898,0,challenge_12_final_stacking_colab
1596,0,0.00016010382,0,challenge_12_final_stacking_colab
1597,0,0.070478655,0,challenge_12_final_stacking_colab
1598,1,0.749832,1,challenge_12_final_stacking_colab
1599,1,0.76218724,1,challenge_12_final_stacking_colab
1600,1,0.541254,1,challenge_12_final_stacking_colab
1601,0,0.21047911,0,challenge_12_final_stacking_colab
1602,1,0.44020784,0,challenge_12_final_stacking_colab
1603,0,0.0145990215,0,challenge_12_final_stacking_colab
1604,0,0.23240675,0,challenge_12_final_stacking_colab
1605,1,0.314677,0,challenge_12_final_stacking_colab
1606,1,0.9315946,1,challenge_12_final_stacking_colab
1607,1,0.9961897,1,challenge_12_final_stacking_colab
1608,0,0.0041494253,0,challenge_12_final_stacking_colab
1609,1,0.7957018,1,challenge_12_final_stacking_colab
1610,1,0.7716425,1,challenge_12_final_stacking_colab
1611,1,0.5184121,1,challenge_12_final_stacking_colab
1612,1,0.7917222,1,challenge_12_final_stacking_colab
1613,1,0.78988636,1,challenge_12_final_stacking_colab
1614,0,0.0075072134,0,challenge_12_final_stacking_colab
1615,0,0.051483322,0,challenge_12_final_stacking_colab
1616,0,0.5644481,1,challenge_12_final_stacking_colab
1617,1,0.99999887,1,challenge_12_final_stacking_colab
1618,1,0.7893381,1,challenge_12_final_stacking_colab
1619,1,0.9460208,1,challenge_12_final_stacking_colab
1620,0,0.001637327,0,challenge_12_final_stacking_colab
1621,1,0.99851435,1,challenge_12_final_stacking_colab
1622,1,0.9485866,1,challenge_12_final_stacking_colab
1623,0,1.5359841e-05,0,challenge_12_final_stacking_colab
1624,0,0.18828277,0,challenge_12_final_stacking_colab
1625,0,0.004599406,0,challenge_12_final_stacking_colab
1626,0,0.0031981617,0,challenge_12_final_stacking_colab
1627,1,0.7880879,1,challenge_12_final_stacking_colab
1628,1,0.97582036,1,challenge_12_final_stacking_colab
1629,0,0.21729341,0,challenge_12_final_stacking_colab
1630,1,0.8020755,1,challenge_12_final_stacking_colab
1631,0,0.20591278,0,challenge_12_final_stacking_colab
1632,0,0.22174734,0,challenge_12_final_stacking_colab
1633,1,0.99824286,1,challenge_12_final_stacking_colab
1634,0,0.53140104,1,challenge_12_final_stacking_colab
1635,1,0.9999922,1,challenge_12_final_stacking_colab
1636,0,0.20536032,0,challenge_12_final_stacking_colab
1637,0,0.21375544,0,challenge_12_final_stacking_colab
1638,1,0.896984,1,challenge_12_final_stacking_colab
1639,1,0.77810395,1,challenge_12_final_stacking_colab
1640,1,1.0,1,challenge_12_final_stacking_colab
1641,1,0.9822533,1,challenge_12_final_stacking_colab
1642,1,0.9743957,1,challenge_12_final_stacking_colab
1643,1,0.61629355,1,challenge_12_final_stacking_colab
1644,0,8.0107475e-06,0,challenge_12_final_stacking_colab
1645,1,0.9928101,1,challenge_12_final_stacking_colab
1646,0,0.0018489044,0,challenge_12_final_stacking_colab
1647,1,0.7826869,1,challenge_12_final_stacking_colab
1648,1,0.7880892,1,challenge_12_final_stacking_colab
1649,0,0.17693266,0,challenge_12_final_stacking_colab
1650,0,0.21292135,0,challenge_12_final_stacking_colab
1651,0,0.0016127456,0,challenge_12_final_stacking_colab
1652,1,0.55992436,1,challenge_12_final_stacking_colab
1653,0,0.29519507,0,challenge_12_final_stacking_colab
1654,1,0.73930746,1,challenge_12_final_stacking_colab
1655,1,0.7898695,1,challenge_12_final_stacking_colab
1656,1,0.99436146,1,challenge_12_final_stacking_colab
1657,1,0.99426913,1,challenge_12_final_stacking_colab
1658,1,0.96253544,1,challenge_12_final_stacking_colab
1659,0,0.2089946,0,challenge_12_final_stacking_colab
1660,0,0.20465422,0,challenge_12_final_stacking_colab
1661,1,0.9820441,1,challenge_12_final_stacking_colab
1662,1,0.7871392,1,challenge_12_final_stacking_colab
1663,1,0.5749998,1,challenge_12_final_stacking_colab
1664,0,0.22432402,0,challenge_12_final_stacking_colab
1665,1,0.99815893,1,challenge_12_final_stacking_colab
1666,1,0.996936,1,challenge_12_final_stacking_colab
1667,0,0.22075738,0,challenge_12_final_stacking_colab
1668,1,0.9858775,1,challenge_12_final_stacking_colab
1669,1,0.99999,1,challenge_12_final_stacking_colab
1670,0,0.22235706,0,challenge_12_final_stacking_colab
1671,0,0.13165066,0,challenge_12_final_stacking_colab
1672,0,0.22309469,0,challenge_12_final_stacking_colab
1673,1,0.992984,1,challenge_12_final_stacking_colab
1674,0,0.20033045,0,challenge_12_final_stacking_colab
1675,0,0.21538647,0,challenge_12_final_stacking_colab
1676,1,0.9982727,1,challenge_12_final_stacking_colab
1677,0,0.010907699,0,challenge_12_final_stacking_colab
1678,0,0.19805153,0,challenge_12_final_stacking_colab
1679,1,0.791672,1,challenge_12_final_stacking_colab
1680,0,0.21204995,0,challenge_12_final_stacking_colab
1681,0,0.0012334571,0,challenge_12_final_stacking_colab
1682,0,9.724844e-07,0,challenge_12_final_stacking_colab
1683,0,0.0077287205,0,challenge_12_final_stacking_colab
1684,0,0.0056244363,0,challenge_12_final_stacking_colab
1685,1,0.99676794,1,challenge_12_final_stacking_colab
1686,0,0.42591915,0,challenge_12_final_stacking_colab
1687,0,0.4250515,0,challenge_12_final_stacking_colab
1688,0,0.21228261,0,challenge_12_final_stacking_colab
1689,1,0.57852226,1,challenge_12_final_stacking_colab
1690,1,0.78976494,1,challenge_12_final_stacking_colab
1691,0,0.21265803,0,challenge_12_final_stacking_colab
1692,1,0.9875785,1,challenge_12_final_stacking_colab
1693,1,0.78824645,1,challenge_12_final_stacking_colab
1694,1,0.7109793,1,challenge_12_final_stacking_colab
1695,0,0.0024131618,0,challenge_12_final_stacking_colab
1696,1,0.7695868,1,challenge_12_final_stacking_colab
1697,0,0.23028785,0,challenge_12_final_stacking_colab
1698,0,0.00017414041,0,challenge_12_final_stacking_colab
1699,0,0.18631847,0,challenge_12_final_stacking_colab
1700,1,0.9999963,1,challenge_12_final_stacking_colab
1701,1,0.99725163,1,challenge_12_final_stacking_colab
1702,0,0.015065996,0,challenge_12_final_stacking_colab
1703,0,0.1720111,0,challenge_12_final_stacking_colab
1704,0,0.21456447,0,challenge_12_final_stacking_colab
1705,1,0.7865286,1,challenge_12_final_stacking_colab
1706,0,5.3970052e-05,0,challenge_12_final_stacking_colab
1707,0,0.61284465,1,challenge_12_final_stacking_colab
1708,1,0.63230944,1,challenge_12_final_stacking_colab
1709,0,0.0037265164,0,challenge_12_final_stacking_colab
1710,0,0.21219201,0,challenge_12_final_stacking_colab
1711,1,0.99999964,1,challenge_12_final_stacking_colab
1712,0,9.804799e-05,0,challenge_12_final_stacking_colab
1713,1,0.9999969,1,challenge_12_final_stacking_colab
1714,1,0.972362,1,challenge_12_final_stacking_colab
1715,0,0.031725258,0,challenge_12_final_stacking_colab
1716,0,0.19923092,0,challenge_12_final_stacking_colab
1717,0,0.15076402,0,challenge_12_final_stacking_colab
1718,1,0.80971277,1,challenge_12_final_stacking_colab
1719,0,0.0001270214,0,challenge_12_final_stacking_colab
1720,0,0.5504313,1,challenge_12_final_stacking_colab
1721,0,0.0058317627,0,challenge_12_final_stacking_colab
1722,0,0.40281314,0,challenge_12_final_stacking_colab
1723,0,0.22895117,0,challenge_12_final_stacking_colab
1724,0,1.2166315e-05,0,challenge_12_final_stacking_colab
1725,0,0.20555739,0,challenge_12_final_stacking_colab
1726,1,0.99999666,1,challenge_12_final_stacking_colab
1727,1,0.80082417,1,challenge_12_final_stacking_colab
1728,0,0.2664611,0,challenge_12_final_stacking_colab
1729,1,0.9427077,1,challenge_12_final_stacking_colab
1730,0,0.21747033,0,challenge_12_final_stacking_colab
1731,1,0.7314815,1,challenge_12_final_stacking_colab
1732,0,0.035643596,0,challenge_12_final_stacking_colab
1733,1,0.9999935,1,challenge_12_final_stacking_colab
1734,0,0.00012131062,0,challenge_12_final_stacking_colab
1735,1,0.9937239,1,challenge_12_final_stacking_colab
1736,0,0.0004334928,0,challenge_12_final_stacking_colab
1737,1,0.99999845,1,challenge_12_final_stacking_colab
1738,0,0.009904575,0,challenge_12_final_stacking_colab
1739,1,0.99999267,1,challenge_12_final_stacking_colab
1740,1,0.9903334,1,challenge_12_final_stacking_colab
1741,0,0.00102076,0,challenge_12_final_stacking_colab
1742,1,0.99667335,1,challenge_12_final_stacking_colab
1743,0,0.42500055,0,challenge_12_final_stacking_colab
1744,1,0.9999987,1,challenge_12_final_stacking_colab
1745,0,0.027669953,0,challenge_12_final_stacking_colab
1746,0,0.22234945,0,challenge_12_final_stacking_colab
1747,0,9.71113e-05,0,challenge_12_final_stacking_colab
1748,0,0.039862506,0,challenge_12_final_stacking_colab
1749,0,0.4646251,0,challenge_12_final_stacking_colab
1750,1,0.9960515,1,challenge_12_final_stacking_colab
1751,1,0.7499997,1,challenge_12_final_stacking_colab
1752,0,0.39519197,0,challenge_12_final_stacking_colab
1753,0,0.18139328,0,challenge_12_final_stacking_colab
1754,1,0.99999577,1,challenge_12_final_stacking_colab
1755,1,0.9999982,1,challenge_12_final_stacking_colab
1756,1,0.9999903,1,challenge_12_final_stacking_colab
1757,0,0.00018075517,0,challenge_12_final_stacking_colab
1758,1,0.7859957,1,challenge_12_final_stacking_colab
1759,1,0.98321944,1,challenge_12_final_stacking_colab
1760,0,0.026258502,0,challenge_12_final_stacking_colab
1761,0,0.0016751125,0,challenge_12_final_stacking_colab
1762,1,0.9976599,1,challenge_12_final_stacking_colab
1763,0,0.21255764,0,challenge_12_final_stacking_colab
1764,1,0.96901363,1,challenge_12_final_stacking_colab
1765,1,0.9901385,1,challenge_12_final_stacking_colab
1766,1,0.99831784,1,challenge_12_final_stacking_colab
1767,1,0.740023,1,challenge_12_final_stacking_colab
1768,0,0.17848088,0,challenge_12_final_stacking_colab
1769,0,0.23313712,0,challenge_12_final_stacking_colab
1770,0,0.20351472,0,challenge_12_final_stacking_colab
1771,0,0.42790455,0,challenge_12_final_stacking_colab
1772,1,0.9979909,1,challenge_12_final_stacking_colab
1773,1,0.9966395,1,challenge_12_final_stacking_colab
1774,1,0.9907987,1,challenge_12_final_stacking_colab
1775,0,0.00059321657,0,challenge_12_final_stacking_colab
1776,0,0.015933983,0,challenge_12_final_stacking_colab
1777,1,0.9885475,1,challenge_12_final_stacking_colab
1778,1,0.78443485,1,challenge_12_final_stacking_colab
1779,0,0.00045685607,0,challenge_12_final_stacking_colab
1780,1,0.99999976,1,challenge_12_final_stacking_colab
1781,0,0.22151212,0,challenge_12_final_stacking_colab
1782,1,0.9999932,1,challenge_12_final_stacking_colab
1783,0,0.2138756,0,challenge_12_final_stacking_colab
1784,1,0.9790929,1,challenge_12_final_stacking_colab
1785,0,0.21696341,0,challenge_12_final_stacking_colab
1786,1,0.898528,1,challenge_12_final_stacking_colab
1787,0,0.43565434,0,challenge_12_final_stacking_colab
1788,0,0.0003206651,0,challenge_12_final_stacking_colab
1789,0,0.66010946,1,challenge_12_final_stacking_colab
1790,0,0.028934779,0,challenge_12_final_stacking_colab
1791,1,0.9967064,1,challenge_12_final_stacking_colab
1792,0,0.22527058,0,challenge_12_final_stacking_colab
1793,0,0.0066240164,0,challenge_12_final_stacking_colab
1794,1,0.99999547,1,challenge_12_final_stacking_colab
1795,0,0.20729205,0,challenge_12_final_stacking_colab
1796,1,0.95685613,1,challenge_12_final_stacking_colab
1797,0,0.22273548,0,challenge_12_final_stacking_colab
1798,1,0.7898602,1,challenge_12_final_stacking_colab
1799,0,0.0018396364,0,challenge_12_final_stacking_colab
1800,1,0.76500034,1,challenge_12_final_stacking_colab
1801,1,0.97358036,1,challenge_12_final_stacking_colab
1802,1,0.9952065,1,challenge_12_final_stacking_colab
1803,1,0.90348345,1,challenge_12_final_stacking_colab
1804,1,0.99273884,1,challenge_12_final_stacking_colab
1805,1,0.439682,0,challenge_12_final_stacking_colab
1806,0,0.7310022,1,challenge_12_final_stacking_colab
1807,1,0.9695904,1,challenge_12_final_stacking_colab
1808,0,0.11261688,0,challenge_12_final_stacking_colab
1809,0,0.42500988,0,challenge_12_final_stacking_colab
1810,1,0.9999918,1,challenge_12_final_stacking_colab
1811,1,0.7819392,1,challenge_12_final_stacking_colab
1812,0,0.46704212,0,challenge_12_final_stacking_colab
1813,0,0.014016062,0,challenge_12_final_stacking_colab
1814,1,0.9999995,1,challenge_12_final_stacking_colab
1815,1,1.0,1,challenge_12_final_stacking_colab
1816,0,0.00022207334,0,challenge_12_final_stacking_colab
1817,0,0.2147466,0,challenge_12_final_stacking_colab
1818,1,0.7864237,1,challenge_12_final_stacking_colab
1819,1,0.9886091,1,challenge_12_final_stacking_colab
1820,0,0.0038687217,0,challenge_12_final_stacking_colab
1821,1,0.9999972,1,challenge_12_final_stacking_colab
1822,1,0.9948339,1,challenge_12_final_stacking_colab
1823,0,0.2143985,0,challenge_12_final_stacking_colab
1824,1,0.9966383,1,challenge_12_final_stacking_colab
1825,1,0.7936959,1,challenge_12_final_stacking_colab
1826,1,0.7125,1,challenge_12_final_stacking_colab
1827,1,0.71357197,1,challenge_12_final_stacking_colab
1828,1,0.9999925,1,challenge_12_final_stacking_colab
1829,1,0.7846331,1,challenge_12_final_stacking_colab
1830,1,0.78732526,1,challenge_12_final_stacking_colab
1831,1,0.99999887,1,challenge_12_final_stacking_colab
1832,0,0.740862,1,challenge_12_final_stacking_colab
1833,0,0.21625663,0,challenge_12_final_stacking_colab
1834,0,0.00015082983,0,challenge_12_final_stacking_colab
1835,1,0.9833319,1,challenge_12_final_stacking_colab
1836,0,0.33581048,0,challenge_12_final_stacking_colab
1837,0,0.0033740255,0,challenge_12_final_stacking_colab
1838,0,0.7391897,1,challenge_12_final_stacking_colab
1839,1,0.9722783,1,challenge_12_final_stacking_colab
1840,1,0.99729043,1,challenge_12_final_stacking_colab
1841,0,0.11102336,0,challenge_12_final_stacking_colab
1842,1,0.9982403,1,challenge_12_final_stacking_colab
1843,0,4.1032886e-06,0,challenge_12_final_stacking_colab
1844,0,0.21362785,0,challenge_12_final_stacking_colab
1845,0,0.2096391,0,challenge_12_final_stacking_colab
1846,0,2.0850968e-05,0,challenge_12_final_stacking_colab
1847,1,0.4190514,0,challenge_12_final_stacking_colab
1848,0,0.00071522326,0,challenge_12_final_stacking_colab
1849,0,0.00036231865,0,challenge_12_final_stacking_colab
1850,1,0.78813875,1,challenge_12_final_stacking_colab
1851,1,0.7804979,1,challenge_12_final_stacking_colab
1852,1,0.77678096,1,challenge_12_final_stacking_colab
1853,0,0.6133608,1,challenge_12_final_stacking_colab
1854,0,0.20649165,0,challenge_12_final_stacking_colab
1855,1,0.99797654,1,challenge_12_final_stacking_colab
1856,1,0.9979667,1,challenge_12_final_stacking_colab
1857,1,0.9999964,1,challenge_12_final_stacking_colab
1858,0,0.0012800365,0,challenge_12_final_stacking_colab
1859,0,0.21168819,0,challenge_12_final_stacking_colab
1860,0,0.24389404,0,challenge_12_final_stacking_colab
1861,1,0.99999964,1,challenge_12_final_stacking_colab
1862,1,0.97888064,1,challenge_12_final_stacking_colab
1863,0,9.630128e-05,0,challenge_12_final_stacking_colab
1864,0,0.19662467,0,challenge_12_final_stacking_colab
1865,1,0.79745215,1,challenge_12_final_stacking_colab
1866,1,0.99618226,1,challenge_12_final_stacking_colab
1867,0,0.3123531,0,challenge_12_final_stacking_colab
1868,0,0.015091767,0,challenge_12_final_stacking_colab
1869,0,0.20768757,0,challenge_12_final_stacking_colab
1870,0,0.89188087,1,challenge_12_final_stacking_colab
1871,1,0.61986095,1,challenge_12_final_stacking_colab
1872,1,0.9999943,1,challenge_12_final_stacking_colab
1873,0,0.00021249117,0,challenge_12_final_stacking_colab
1874,0,0.091569245,0,challenge_12_final_stacking_colab
1875,0,0.00012333647,0,challenge_12_final_stacking_colab
1876,1,0.75724953,1,challenge_12_final_stacking_colab
1877,1,0.9910586,1,challenge_12_final_stacking_colab
1878,1,0.9999944,1,challenge_12_final_stacking_colab
1879,1,0.9945863,1,challenge_12_final_stacking_colab
1880,1,0.77318734,1,challenge_12_final_stacking_colab
1881,1,0.9974628,1,challenge_12_final_stacking_colab
1882,0,6.55359e-06,0,challenge_12_final_stacking_colab
1883,1,0.7436998,1,challenge_12_final_stacking_colab
1884,0,0.2193461,0,challenge_12_final_stacking_colab
1885,1,0.78844684,1,challenge_12_final_stacking_colab
1886,1,0.80006814,1,challenge_12_final_stacking_colab
1887,0,0.21332107,0,challenge_12_final_stacking_colab
1888,0,9.455496e-05,0,challenge_12_final_stacking_colab
1889,0,0.21343346,0,challenge_12_final_stacking_colab
1890,1,0.9999991,1,challenge_12_final_stacking_colab
1891,1,0.7457695,1,challenge_12_final_stacking_colab
1892,0,0.0010529443,0,challenge_12_final_stacking_colab
1893,1,0.95680857,1,challenge_12_final_stacking_colab
1894,1,0.7908436,1,challenge_12_final_stacking_colab
1895,1,0.99647784,1,challenge_12_final_stacking_colab
1896,0,0.19421495,0,challenge_12_final_stacking_colab
1897,0,0.0010596594,0,challenge_12_final_stacking_colab
1898,1,0.21492359,0,challenge_12_final_stacking_colab
1899,0,0.065953135,0,challenge_12_final_stacking_colab
1900,0,0.006695583,0,challenge_12_final_stacking_colab
1901,0,0.0014499408,0,challenge_12_final_stacking_colab
1902,1,0.4946422,1,challenge_12_final_stacking_colab
1903,1,0.6518606,1,challenge_12_final_stacking_colab
1904,0,0.032581657,0,challenge_12_final_stacking_colab
1905,0,0.21699163,0,challenge_12_final_stacking_colab
1906,1,0.9859959,1,challenge_12_final_stacking_colab
1907,0,0.003679757,0,challenge_12_final_stacking_colab
1908,1,0.8942119,1,challenge_12_final_stacking_colab
1909,0,0.012953888,0,challenge_12_final_stacking_colab
1910,1,0.9929611,1,challenge_12_final_stacking_colab
1911,1,0.7799482,1,challenge_12_final_stacking_colab
1912,0,0.42827243,0,challenge_12_final_stacking_colab
1913,0,0.00027875512,0,challenge_12_final_stacking_colab
1914,1,0.9999985,1,challenge_12_final_stacking_colab
1915,0,0.27376136,0,challenge_12_final_stacking_colab
1916,1,0.77305937,1,challenge_12_final_stacking_colab
1917,0,0.0005506708,0,challenge_12_final_stacking_colab
1918,0,0.00046871512,0,challenge_12_final_stacking_colab
1919,1,0.78707373,1,challenge_12_final_stacking_colab
1920,1,0.574998,1,challenge_12_final_stacking_colab
1921,0,0.21849608,0,challenge_12_final_stacking_colab
1922,0,0.42529094,0,challenge_12_final_stacking_colab
1923,1,0.9999999,1,challenge_12_final_stacking_colab
1924,0,0.6335471,1,challenge_12_final_stacking_colab
1925,1,0.9940435,1,challenge_12_final_stacking_colab
1926,1,0.9906581,1,challenge_12_final_stacking_colab
1927,1,0.99344397,1,challenge_12_final_stacking_colab
1928,0,0.21011554,0,challenge_12_final_stacking_colab
1929,0,0.22460318,0,challenge_12_final_stacking_colab
1930,0,3.8250775e-05,0,challenge_12_final_stacking_colab
1931,1,0.96150064,1,challenge_12_final_stacking_colab
1932,0,0.00016261816,0,challenge_12_final_stacking_colab
1933,0,0.119380966,0,challenge_12_final_stacking_colab
1934,1,0.99847806,1,challenge_12_final_stacking_colab
1935,0,0.005346189,0,challenge_12_final_stacking_colab
1936,1,0.7951472,1,challenge_12_final_stacking_colab
1937,0,0.24296466,0,challenge_12_final_stacking_colab
1938,1,0.9426842,1,challenge_12_final_stacking_colab
1939,1,0.9849717,1,challenge_12_final_stacking_colab
1940,1,0.99999416,1,challenge_12_final_stacking_colab
1941,1,0.7829976,1,challenge_12_final_stacking_colab
1942,1,0.996355,1,challenge_12_final_stacking_colab
1943,0,0.01166773,0,challenge_12_final_stacking_colab
1944,0,0.013487584,0,challenge_12_final_stacking_colab
1945,1,0.9880119,1,challenge_12_final_stacking_colab
1946,0,0.0012555073,0,challenge_12_final_stacking_colab
1947,0,0.42569223,0,challenge_12_final_stacking_colab
1948,0,0.23700573,0,challenge_12_final_stacking_colab
1949,0,0.012412074,0,challenge_12_final_stacking_colab
1950,0,0.21322197,0,challenge_12_final_stacking_colab
1951,1,0.9965634,1,challenge_12_final_stacking_colab
1952,0,0.1855029,0,challenge_12_final_stacking_colab
1953,1,0.705639,1,challenge_12_final_stacking_colab
1954,1,0.99845004,1,challenge_12_final_stacking_colab
1955,0,0.000798434,0,challenge_12_final_stacking_colab
1956,1,0.9687782,1,challenge_12_final_stacking_colab
1957,1,0.81371343,1,challenge_12_final_stacking_colab
1958,0,4.605623e-07,0,challenge_12_final_stacking_colab
1959,1,0.78207713,1,challenge_12_final_stacking_colab
1960,0,0.0063303374,0,challenge_12_final_stacking_colab
1961,1,0.9968239,1,challenge_12_final_stacking_colab
1962,1,0.9999996,1,challenge_12_final_stacking_colab
1963,1,0.78810626,1,challenge_12_final_stacking_colab
1964,0,3.9211223e-05,0,challenge_12_final_stacking_colab
1965,1,0.76888245,1,challenge_12_final_stacking_colab
1966,1,0.9603457,1,challenge_12_final_stacking_colab
1967,1,0.96484596,1,challenge_12_final_stacking_colab
1968,1,0.98274595,1,challenge_12_final_stacking_colab
1969,1,0.7490425,1,challenge_12_final_stacking_colab
1970,0,0.3830292,0,challenge_12_final_stacking_colab
1971,0,0.3347152,0,challenge_12_final_stacking_colab
1972,1,0.95836693,1,challenge_12_final_stacking_colab
1973,1,0.970008,1,challenge_12_final_stacking_colab
1974,0,1.42762e-06,0,challenge_12_final_stacking_colab
1975,0,5.4524244e-06,0,challenge_12_final_stacking_colab
1976,0,0.0011334843,0,challenge_12_final_stacking_colab
1977,0,0.04248284,0,challenge_12_final_stacking_colab
1978,1,0.50206107,1,challenge_12_final_stacking_colab
1979,1,0.92088145,1,challenge_12_final_stacking_colab
1980,1,0.50070894,1,challenge_12_final_stacking_colab
1981,0,0.120067395,0,challenge_12_final_stacking_colab
1982,0,0.0012201673,0,challenge_12_final_stacking_colab
1983,1,0.7916001,1,challenge_12_final_stacking_colab
1984,1,0.92825776,1,challenge_12_final_stacking_colab
1985,1,0.82917887,1,challenge_12_final_stacking_colab
1986,1,0.7118662,1,challenge_12_final_stacking_colab
1987,1,0.9950189,1,challenge_12_final_stacking_colab
1988,1,0.57499117,1,challenge_12_final_stacking_colab
1989,1,0.76863325,1,challenge_12_final_stacking_colab
1990,0,0.0033991744,0,challenge_12_final_stacking_colab
1991,1,0.76319313,1,challenge_12_final_stacking_colab
1992,0,8.5496126e-08,0,challenge_12_final_stacking_colab
1993,0,0.36761525,0,challenge_12_final_stacking_colab
1994,0,0.20470239,0,challenge_12_final_stacking_colab
1995,1,0.9841187,1,challenge_12_final_stacking_colab
1996,0,2.5369247e-06,0,challenge_12_final_stacking_colab
1997,0,0.42137295,0,challenge_12_final_stacking_colab
1998,0,0.0002730295,0,challenge_12_final_stacking_colab
1999,1,0.9977559,1,challenge_12_final_stacking_colab
2000,0,0.33302838,0,challenge_12_final_stacking_colab
2001,1,0.9981006,1,challenge_12_final_stacking_colab
2002,0,0.17986557,0,challenge_12_final_stacking_colab
2003,1,0.9833837,1,challenge_12_final_stacking_colab
2004,0,0.21245755,0,challenge_12_final_stacking_colab
2005,0,0.00047395314,0,challenge_12_final_stacking_colab
2006,0,0.0021467134,0,challenge_12_final_stacking_colab
2007,1,0.9948036,1,challenge_12_final_stacking_colab
2008,1,0.78786695,1,challenge_12_final_stacking_colab
2009,0,0.55616724,1,challenge_12_final_stacking_colab
2010,0,0.3275266,0,challenge_12_final_stacking_colab
2011,1,0.995311,1,challenge_12_final_stacking_colab
2012,1,0.8775856,1,challenge_12_final_stacking_colab
2013,1,0.9999965,1,challenge_12_final_stacking_colab
2014,1,0.7790934,1,challenge_12_final_stacking_colab
2015,1,0.98538065,1,challenge_12_final_stacking_colab
2016,0,0.21242099,0,challenge_12_final_stacking_colab
2017,0,0.23109335,0,challenge_12_final_stacking_colab
2018,1,0.48867074,0,challenge_12_final_stacking_colab
2019,1,0.794331,1,challenge_12_final_stacking_colab
2020,0,0.045713257,0,challenge_12_final_stacking_colab
2021,1,0.9909175,1,challenge_12_final_stacking_colab
2022,1,0.66577923,1,challenge_12_final_stacking_colab
2023,1,0.9836168,1,challenge_12_final_stacking_colab
2024,0,0.22683448,0,challenge_12_final_stacking_colab
2025,1,0.99779874,1,challenge_12_final_stacking_colab
2026,1,0.82262975,1,challenge_12_final_stacking_colab
2027,0,0.02948365,0,challenge_12_final_stacking_colab
2028,1,0.9938558,1,challenge_12_final_stacking_colab
2029,0,0.20243333,0,challenge_12_final_stacking_colab
2030,0,4.96925e-06,0,challenge_12_final_stacking_colab
2031,1,0.9999991,1,challenge_12_final_stacking_colab
2032,1,0.99999845,1,challenge_12_final_stacking_colab
2033,0,0.11136828,0,challenge_12_final_stacking_colab
2034,1,0.76323634,1,challenge_12_final_stacking_colab
2035,0,0.43127602,0,challenge_12_final_stacking_colab
2036,0,0.115865834,0,challenge_12_final_stacking_colab
2037,1,0.909681,1,challenge_12_final_stacking_colab
2038,1,0.99999964,1,challenge_12_final_stacking_colab
2039,0,0.0310601,0,challenge_12_final_stacking_colab
2040,0,0.224984,0,challenge_12_final_stacking_colab
2041,1,0.99999994,1,challenge_12_final_stacking_colab
2042,1,0.9875936,1,challenge_12_final_stacking_colab
2043,0,0.29711777,0,challenge_12_final_stacking_colab
2044,1,0.99642444,1,challenge_12_final_stacking_colab
2045,1,0.7831685,1,challenge_12_final_stacking_colab
2046,1,0.99999964,1,challenge_12_final_stacking_colab
2047,1,0.9139847,1,challenge_12_final_stacking_colab
2048,0,0.00016321302,0,challenge_12_final_stacking_colab
2049,1,0.9999981,1,challenge_12_final_stacking_colab
2050,1,0.9963078,1,challenge_12_final_stacking_colab
2051,0,0.18013586,0,challenge_12_final_stacking_colab
2052,0,6.022189e-07,0,challenge_12_final_stacking_colab
2053,0,0.00019951988,0,challenge_12_final_stacking_colab
2054,1,0.99069124,1,challenge_12_final_stacking_colab
2055,1,0.99847513,1,challenge_12_final_stacking_colab
2056,1,0.76554465,1,challenge_12_final_stacking_colab
2057,0,0.00017227417,0,challenge_12_final_stacking_colab
2058,1,0.998337,1,challenge_12_final_stacking_colab
2059,1,0.81638944,1,challenge_12_final_stacking_colab
2060,0,0.07423614,0,challenge_12_final_stacking_colab
2061,0,1.9834773e-07,0,challenge_12_final_stacking_colab
2062,0,0.4362654,0,challenge_12_final_stacking_colab
2063,1,0.79121673,1,challenge_12_final_stacking_colab
2064,1,0.95359105,1,challenge_12_final_stacking_colab
2065,0,0.7354974,1,challenge_12_final_stacking_colab
2066,0,0.006196735,0,challenge_12_final_stacking_colab
2067,1,0.7707367,1,challenge_12_final_stacking_colab
2068,1,0.34873372,0,challenge_12_final_stacking_colab
2069,1,0.99493843,1,challenge_12_final_stacking_colab
2070,0,0.21289442,0,challenge_12_final_stacking_colab
2071,1,0.7755642,1,challenge_12_final_stacking_colab
2072,1,0.5749995,1,challenge_12_final_stacking_colab
2073,1,0.9999991,1,challenge_12_final_stacking_colab
2074,1,0.99999887,1,challenge_12_final_stacking_colab
2075,0,0.21903566,0,challenge_12_final_stacking_colab
2076,1,0.9929693,1,challenge_12_final_stacking_colab
2077,1,0.99998945,1,challenge_12_final_stacking_colab
2078,1,0.8704447,1,challenge_12_final_stacking_colab
2079,0,0.43148714,0,challenge_12_final_stacking_colab
2080,0,0.022047326,0,challenge_12_final_stacking_colab
2081,0,0.43126997,0,challenge_12_final_stacking_colab
2082,1,0.7026299,1,challenge_12_final_stacking_colab
2083,1,0.77314705,1,challenge_12_final_stacking_colab
2084,0,0.732262,1,challenge_12_final_stacking_colab
2085,0,0.00018625148,0,challenge_12_final_stacking_colab
2086,0,0.015217227,0,challenge_12_final_stacking_colab
2087,0,0.21753009,0,challenge_12_final_stacking_colab
2088,1,0.99376464,1,challenge_12_final_stacking_colab
2089,1,0.7692133,1,challenge_12_final_stacking_colab
2090,1,0.7537812,1,challenge_12_final_stacking_colab
2091,0,0.24375883,0,challenge_12_final_stacking_colab
2092,1,0.9999995,1,challenge_12_final_stacking_colab
2093,1,0.7777507,1,challenge_12_final_stacking_colab
2094,0,1.7804556e-06,0,challenge_12_final_stacking_colab
2095,0,0.19576658,0,challenge_12_final_stacking_colab
2096,1,0.4979124,1,challenge_12_final_stacking_colab
2097,0,8.388183e-05,0,challenge_12_final_stacking_colab
2098,0,0.29896384,0,challenge_12_final_stacking_colab
2099,1,0.7854625,1,challenge_12_final_stacking_colab
2100,1,0.9999999,1,challenge_12_final_stacking_colab
2101,1,0.57221514,1,challenge_12_final_stacking_colab
2102,1,0.99838233,1,challenge_12_final_stacking_colab
2103,0,0.00019571523,0,challenge_12_final_stacking_colab
2104,0,0.009117095,0,challenge_12_final_stacking_colab
2105,1,0.9955742,1,challenge_12_final_stacking_colab
2106,1,0.9858736,1,challenge_12_final_stacking_colab
2107,1,0.99999887,1,challenge_12_final_stacking_colab
2108,0,0.4593749,0,challenge_12_final_stacking_colab
2109,1,0.96407944,1,challenge_12_final_stacking_colab
2110,0,0.035601526,0,challenge_12_final_stacking_colab
2111,0,0.02156734,0,challenge_12_final_stacking_colab
2112,0,0.5460733,1,challenge_12_final_stacking_colab
2113,1,0.9973775,1,challenge_12_final_stacking_colab
2114,0,0.21185432,0,challenge_12_final_stacking_colab
2115,1,0.9878316,1,challenge_12_final_stacking_colab
2116,0,0.001778671,0,challenge_12_final_stacking_colab
2117,1,0.99999994,1,challenge_12_final_stacking_colab
2118,1,0.77660865,1,challenge_12_final_stacking_colab
2119,0,1.7192018e-05,0,challenge_12_final_stacking_colab
2120,0,0.29666683,0,challenge_12_final_stacking_colab
2121,0,0.42551598,0,challenge_12_final_stacking_colab
2122,0,1.5358194e-06,0,challenge_12_final_stacking_colab
2123,1,0.7785228,1,challenge_12_final_stacking_colab
2124,1,0.99838656,1,challenge_12_final_stacking_colab
2125,0,0.0023007959,0,challenge_12_final_stacking_colab
2126,1,0.7876343,1,challenge_12_final_stacking_colab
2127,1,0.7512451,1,challenge_12_final_stacking_colab
2128,0,0.5584819,1,challenge_12_final_stacking_colab
2129,0,0.2407148,0,challenge_12_final_stacking_colab
2130,0,0.00015538266,0,challenge_12_final_stacking_colab
2131,0,0.47701034,0,challenge_12_final_stacking_colab
2132,1,0.81627625,1,challenge_12_final_stacking_colab
2133,1,0.7620528,1,challenge_12_final_stacking_colab
2134,0,0.080312,0,challenge_12_final_stacking_colab
2135,0,0.0019659577,0,challenge_12_final_stacking_colab
2136,0,0.2226108,0,challenge_12_final_stacking_colab
2137,0,0.26182607,0,challenge_12_final_stacking_colab
2138,0,0.054010343,0,challenge_12_final_stacking_colab
2139,0,0.00093696854,0,challenge_12_final_stacking_colab
2140,0,0.21108902,0,challenge_12_final_stacking_colab
2141,1,0.95052916,1,challenge_12_final_stacking_colab
2142,0,0.21779174,0,challenge_12_final_stacking_colab
2143,0,4.355916e-05,0,challenge_12_final_stacking_colab
2144,1,0.94102865,1,challenge_12_final_stacking_colab
2145,0,0.0036570032,0,challenge_12_final_stacking_colab
2146,1,0.8045345,1,challenge_12_final_stacking_colab
2147,0,0.42503878,0,challenge_12_final_stacking_colab
2148,0,0.23583905,0,challenge_12_final_stacking_colab
2149,1,0.8890482,1,challenge_12_final_stacking_colab
2150,0,0.42910343,0,challenge_12_final_stacking_colab
2151,1,0.95648414,1,challenge_12_final_stacking_colab
2152,0,0.37941808,0,challenge_12_final_stacking_colab
2153,1,0.71876174,1,challenge_12_final_stacking_colab
2154,0,0.005186319,0,challenge_12_final_stacking_colab
2155,0,0.22787921,0,challenge_12_final_stacking_colab
2156,0,0.020012699,0,challenge_12_final_stacking_colab
2157,1,0.7849301,1,challenge_12_final_stacking_colab
2158,0,0.4251208,0,challenge_12_final_stacking_colab
2159,0,3.1668562e-05,0,challenge_12_final_stacking_colab
2160,1,0.7867469,1,challenge_12_final_stacking_colab
2161,1,0.9253824,1,challenge_12_final_stacking_colab
2162,1,0.6427119,1,challenge_12_final_stacking_colab
2163,0,0.00020351946,0,challenge_12_final_stacking_colab
2164,0,0.20819363,0,challenge_12_final_stacking_colab
2165,0,0.24818493,0,challenge_12_final_stacking_colab
2166,0,0.44637066,0,challenge_12_final_stacking_colab
2167,0,5.1614305e-05,0,challenge_12_final_stacking_colab
2168,0,0.009967399,0,challenge_12_final_stacking_colab
2169,0,0.0006356347,0,challenge_12_final_stacking_colab
2170,0,0.24052364,0,challenge_12_final_stacking_colab
2171,0,0.42633465,0,challenge_12_final_stacking_colab
2172,0,0.020486329,0,challenge_12_final_stacking_colab
2173,0,0.017348284,0,challenge_12_final_stacking_colab
2174,0,0.6311016,1,challenge_12_final_stacking_colab
2175,1,0.96929276,1,challenge_12_final_stacking_colab
2176,0,0.00021506392,0,challenge_12_final_stacking_colab
2177,1,0.5728966,1,challenge_12_final_stacking_colab
2178,1,0.9980188,1,challenge_12_final_stacking_colab
2179,1,0.7792464,1,challenge_12_final_stacking_colab
2180,0,0.2289008,0,challenge_12_final_stacking_colab
2181,1,0.99790645,1,challenge_12_final_stacking_colab
2182,1,0.99999875,1,challenge_12_final_stacking_colab
2183,1,0.9999985,1,challenge_12_final_stacking_colab
2184,0,0.09255305,0,challenge_12_final_stacking_colab
2185,1,0.974576,1,challenge_12_final_stacking_colab
2186,1,0.99999875,1,challenge_12_final_stacking_colab
2187,0,0.0012268849,0,challenge_12_final_stacking_colab
2188,0,0.32936895,0,challenge_12_final_stacking_colab
2189,0,0.00070962287,0,challenge_12_final_stacking_colab
2190,1,0.8710187,1,challenge_12_final_stacking_colab
2191,1,0.9900975,1,challenge_12_final_stacking_colab
2192,1,0.9523277,1,challenge_12_final_stacking_colab
2193,0,0.20482759,0,challenge_12_final_stacking_colab
2194,1,0.9806418,1,challenge_12_final_stacking_colab
2195,0,0.20803131,0,challenge_12_final_stacking_colab
2196,0,0.21839297,0,challenge_12_final_stacking_colab
2197,1,0.95014787,1,challenge_12_final_stacking_colab
2198,1,0.9945056,1,challenge_12_final_stacking_colab
2199,1,0.99531174,1,challenge_12_final_stacking_colab
2200,0,0.06724359,0,challenge_12_final_stacking_colab
2201,0,0.020449148,0,challenge_12_final_stacking_colab
2202,0,0.2100407,0,challenge_12_final_stacking_colab
2203,0,0.005172117,0,challenge_12_final_stacking_colab
2204,0,0.2013261,0,challenge_12_final_stacking_colab
2205,0,0.3383617,0,challenge_12_final_stacking_colab
2206,0,0.0026760348,0,challenge_12_final_stacking_colab
2207,0,0.28401566,0,challenge_12_final_stacking_colab
2208,0,0.22298244,0,challenge_12_final_stacking_colab
2209,0,0.20810741,0,challenge_12_final_stacking_colab
2210,1,0.7800757,1,challenge_12_final_stacking_colab
2211,0,0.095031746,0,challenge_12_final_stacking_colab
2212,0,0.0046783937,0,challenge_12_final_stacking_colab
2213,1,0.7792597,1,challenge_12_final_stacking_colab
2214,0,0.0095056165,0,challenge_12_final_stacking_colab
2215,0,2.5149475e-07,0,challenge_12_final_stacking_colab
2216,0,0.1990121,0,challenge_12_final_stacking_colab
2217,1,0.9748318,1,challenge_12_final_stacking_colab
2218,1,0.7679463,1,challenge_12_final_stacking_colab
2219,1,0.9966871,1,challenge_12_final_stacking_colab
2220,1,0.6250529,1,challenge_12_final_stacking_colab
2221,0,0.09338516,0,challenge_12_final_stacking_colab
2222,0,0.32407197,0,challenge_12_final_stacking_colab
2223,1,0.7981798,1,challenge_12_final_stacking_colab
2224,0,0.0027420246,0,challenge_12_final_stacking_colab
2225,0,2.1472347e-06,0,challenge_12_final_stacking_colab
2226,0,0.43480885,0,challenge_12_final_stacking_colab
2227,0,0.03159127,0,challenge_12_final_stacking_colab
2228,1,0.9961072,1,challenge_12_final_stacking_colab
2229,1,0.787497,1,challenge_12_final_stacking_colab
2230,1,0.75760895,1,challenge_12_final_stacking_colab
2231,1,0.7935405,1,challenge_12_final_stacking_colab
2232,0,0.10592346,0,challenge_12_final_stacking_colab
2233,0,5.3330036e-06,0,challenge_12_final_stacking_colab
2234,0,0.00034625683,0,challenge_12_final_stacking_colab
2235,1,0.9948147,1,challenge_12_final_stacking_colab
2236,1,0.95744437,1,challenge_12_final_stacking_colab
2237,1,0.9397371,1,challenge_12_final_stacking_colab
2238,0,0.04962293,0,challenge_12_final_stacking_colab
2239,0,0.96097535,1,challenge_12_final_stacking_colab
2240,0,0.017775955,0,challenge_12_final_stacking_colab
2241,1,0.85302466,1,challenge_12_final_stacking_colab
2242,0,0.13331328,0,challenge_12_final_stacking_colab
2243,0,0.0045204316,0,challenge_12_final_stacking_colab
2244,1,0.9976928,1,challenge_12_final_stacking_colab
2245,0,0.012674536,0,challenge_12_final_stacking_colab
2246,0,0.5247946,1,challenge_12_final_stacking_colab
2247,0,0.21254183,0,challenge_12_final_stacking_colab
2248,1,0.99588996,1,challenge_12_final_stacking_colab
2249,0,0.061947394,0,challenge_12_final_stacking_colab
2250,0,5.7500007e-08,0,challenge_12_final_stacking_colab
2251,1,0.995891,1,challenge_12_final_stacking_colab
2252,1,0.99449086,1,challenge_12_final_stacking_colab
2253,1,0.99999887,1,challenge_12_final_stacking_colab
2254,0,0.42555118,0,challenge_12_final_stacking_colab
2255,1,0.29024935,0,challenge_12_final_stacking_colab
2256,0,0.0045328923,0,challenge_12_final_stacking_colab
2257,0,0.4259417,0,challenge_12_final_stacking_colab
2258,0,3.5458347e-06,0,challenge_12_final_stacking_colab
2259,1,0.7702563,1,challenge_12_final_stacking_colab
2260,1,0.9980547,1,challenge_12_final_stacking_colab
2261,0,0.21861424,0,challenge_12_final_stacking_colab
2262,0,0.001214112,0,challenge_12_final_stacking_colab
2263,0,0.32358196,0,challenge_12_final_stacking_colab
2264,1,0.99999875,1,challenge_12_final_stacking_colab
2265,0,0.2367767,0,challenge_12_final_stacking_colab
2266,0,0.06458631,0,challenge_12_final_stacking_colab
2267,1,0.25770655,0,challenge_12_final_stacking_colab
2268,0,0.0024460221,0,challenge_12_final_stacking_colab
2269,1,0.89844334,1,challenge_12_final_stacking_colab
2270,0,0.0009537756,0,challenge_12_final_stacking_colab
2271,1,0.99999654,1,challenge_12_final_stacking_colab
2272,0,0.21391526,0,challenge_12_final_stacking_colab
2273,1,0.7858217,1,challenge_12_final_stacking_colab
2274,1,0.78531164,1,challenge_12_final_stacking_colab
2275,1,0.96435344,1,challenge_12_final_stacking_colab
2276,0,0.009655688,0,challenge_12_final_stacking_colab
2277,0,4.6367526e-07,0,challenge_12_final_stacking_colab
2278,0,0.16959088,0,challenge_12_final_stacking_colab
2279,0,0.19550814,0,challenge_12_final_stacking_colab
2280,0,0.03133219,0,challenge_12_final_stacking_colab
2281,1,0.94175565,1,challenge_12_final_stacking_colab
2282,1,0.783272,1,challenge_12_final_stacking_colab
2283,1,0.9941686,1,challenge_12_final_stacking_colab
2284,1,0.39060053,0,challenge_12_final_stacking_colab
2285,1,0.77351344,1,challenge_12_final_stacking_colab
2286,0,0.20922364,0,challenge_12_final_stacking_colab
2287,0,0.21719716,0,challenge_12_final_stacking_colab
2288,1,0.9999995,1,challenge_12_final_stacking_colab
2289,0,0.0020876548,0,challenge_12_final_stacking_colab
2290,1,0.99624616,1,challenge_12_final_stacking_colab
2291,0,0.7570906,1,challenge_12_final_stacking_colab
2292,0,0.21629871,0,challenge_12_final_stacking_colab
2293,0,0.026674567,0,challenge_12_final_stacking_colab
2294,1,0.79647416,1,challenge_12_final_stacking_colab
2295,0,0.00040596552,0,challenge_12_final_stacking_colab
2296,1,0.7679709,1,challenge_12_final_stacking_colab
2297,1,0.5719823,1,challenge_12_final_stacking_colab
2298,0,0.00013604065,0,challenge_12_final_stacking_colab
2299,1,0.9999995,1,challenge_12_final_stacking_colab
2300,0,0.21562995,0,challenge_12_final_stacking_colab
2301,1,0.9975792,1,challenge_12_final_stacking_colab
2302,1,0.9861835,1,challenge_12_final_stacking_colab
2303,1,0.6214617,1,challenge_12_final_stacking_colab
2304,0,2.2744955e-06,0,challenge_12_final_stacking_colab
2305,0,0.2717966,0,challenge_12_final_stacking_colab
2306,0,3.3162672e-05,0,challenge_12_final_stacking_colab
2307,0,0.0001686387,0,challenge_12_final_stacking_colab
2308,0,0.006974925,0,challenge_12_final_stacking_colab
2309,0,0.024434017,0,challenge_12_final_stacking_colab
2310,1,0.9877442,1,challenge_12_final_stacking_colab
2311,1,0.83351165,1,challenge_12_final_stacking_colab
2312,0,0.0036222192,0,challenge_12_final_stacking_colab
2313,0,0.00448916,0,challenge_12_final_stacking_colab
2314,1,1.0,1,challenge_12_final_stacking_colab
2315,1,0.99999994,1,challenge_12_final_stacking_colab
2316,0,0.2105971,0,challenge_12_final_stacking_colab
2317,1,0.9999951,1,challenge_12_final_stacking_colab
2318,0,0.21325181,0,challenge_12_final_stacking_colab
2319,1,0.77408564,1,challenge_12_final_stacking_colab
2320,1,0.9013613,1,challenge_12_final_stacking_colab
2321,0,0.480262,0,challenge_12_final_stacking_colab
2322,1,0.99696547,1,challenge_12_final_stacking_colab
2323,1,0.76850885,1,challenge_12_final_stacking_colab
2324,1,0.9869787,1,challenge_12_final_stacking_colab
2325,1,0.8420815,1,challenge_12_final_stacking_colab
2326,1,0.8042975,1,challenge_12_final_stacking_colab
2327,1,0.99351317,1,challenge_12_final_stacking_colab
2328,0,0.4261991,0,challenge_12_final_stacking_colab
2329,1,0.99415004,1,challenge_12_final_stacking_colab
2330,1,0.8104031,1,challenge_12_final_stacking_colab
2331,0,0.21615253,0,challenge_12_final_stacking_colab
2332,0,0.18072422,0,challenge_12_final_stacking_colab
2333,0,0.0082594855,0,challenge_12_final_stacking_colab
2334,1,0.9999959,1,challenge_12_final_stacking_colab
2335,0,0.24143589,0,challenge_12_final_stacking_colab
2336,1,0.988402,1,challenge_12_final_stacking_colab
2337,1,0.19298789,0,challenge_12_final_stacking_colab
2338,1,0.7669385,1,challenge_12_final_stacking_colab
2339,0,0.4544351,0,challenge_12_final_stacking_colab
2340,0,0.0133750085,0,challenge_12_final_stacking_colab
2341,0,0.00010857083,0,challenge_12_final_stacking_colab
2342,1,0.6705262,1,challenge_12_final_stacking_colab
2343,1,0.45042804,0,challenge_12_final_stacking_colab
2344,1,0.7837158,1,challenge_12_final_stacking_colab
2345,0,0.63976794,1,challenge_12_final_stacking_colab
2346,0,0.0071109324,0,challenge_12_final_stacking_colab
2347,1,0.9999915,1,challenge_12_final_stacking_colab
2348,1,0.9999999,1,challenge_12_final_stacking_colab
2349,1,0.7831141,1,challenge_12_final_stacking_colab
2350,1,0.996075,1,challenge_12_final_stacking_colab
2351,1,0.6896753,1,challenge_12_final_stacking_colab
2352,1,0.99824595,1,challenge_12_final_stacking_colab
2353,0,0.017554987,0,challenge_12_final_stacking_colab
2354,1,0.99584997,1,challenge_12_final_stacking_colab
2355,0,4.3617172e-05,0,challenge_12_final_stacking_colab
2356,1,0.9999998,1,challenge_12_final_stacking_colab
2357,1,0.9805893,1,challenge_12_final_stacking_colab
2358,1,0.99842465,1,challenge_12_final_stacking_colab
2359,0,0.0175688,0,challenge_12_final_stacking_colab
2360,1,0.9999987,1,challenge_12_final_stacking_colab
2361,0,0.003609521,0,challenge_12_final_stacking_colab
2362,0,0.00085850037,0,challenge_12_final_stacking_colab
2363,1,0.9961609,1,challenge_12_final_stacking_colab
2364,0,3.249982e-05,0,challenge_12_final_stacking_colab
2365,0,3.0923213e-05,0,challenge_12_final_stacking_colab
2366,1,0.9967624,1,challenge_12_final_stacking_colab
2367,0,0.2113006,0,challenge_12_final_stacking_colab
2368,0,3.269492e-05,0,challenge_12_final_stacking_colab
2369,0,0.4255074,0,challenge_12_final_stacking_colab
2370,0,0.00014734309,0,challenge_12_final_stacking_colab
2371,0,2.2369522e-06,0,challenge_12_final_stacking_colab
2372,1,0.6799854,1,challenge_12_final_stacking_colab
2373,0,0.16379914,0,challenge_12_final_stacking_colab
2374,1,0.999996,1,challenge_12_final_stacking_colab
2375,0,0.21142355,0,challenge_12_final_stacking_colab
2376,1,0.7855025,1,challenge_12_final_stacking_colab
2377,0,9.807242e-07,0,challenge_12_final_stacking_colab
2378,0,0.21575989,0,challenge_12_final_stacking_colab
2379,1,0.8553791,1,challenge_12_final_stacking_colab
2380,0,0.42508784,0,challenge_12_final_stacking_colab
2381,0,0.029435799,0,challenge_12_final_stacking_colab
2382,0,5.2120904e-05,0,challenge_12_final_stacking_colab
2383,0,0.21623841,0,challenge_12_final_stacking_colab
2384,1,0.9951903,1,challenge_12_final_stacking_colab
2385,0,0.35302928,0,challenge_12_final_stacking_colab
2386,1,0.9945434,1,challenge_12_final_stacking_colab
2387,0,4.1320025e-05,0,challenge_12_final_stacking_colab
2388,0,0.033635702,0,challenge_12_final_stacking_colab
2389,1,0.999994,1,challenge_12_final_stacking_colab
2390,1,0.69591695,1,challenge_12_final_stacking_colab
2391,0,0.011976951,0,challenge_12_final_stacking_colab
2392,0,0.20830792,0,challenge_12_final_stacking_colab
2393,1,0.9810523,1,challenge_12_final_stacking_colab
2394,0,0.62340873,1,challenge_12_final_stacking_colab
2395,0,0.4010133,0,challenge_12_final_stacking_colab
2396,1,0.4555923,0,challenge_12_final_stacking_colab
2397,0,0.20114915,0,challenge_12_final_stacking_colab
2398,1,0.7865661,1,challenge_12_final_stacking_colab
2399,1,0.79054064,1,challenge_12_final_stacking_colab
2400,0,0.21633403,0,challenge_12_final_stacking_colab
2401,0,0.009386047,0,challenge_12_final_stacking_colab
2402,1,0.781824,1,challenge_12_final_stacking_colab
2403,0,0.21268535,0,challenge_12_final_stacking_colab
2404,0,0.20951883,0,challenge_12_final_stacking_colab
2405,0,0.2607293,0,challenge_12_final_stacking_colab
2406,1,0.69383657,1,challenge_12_final_stacking_colab
2407,1,0.7840674,1,challenge_12_final_stacking_colab
2408,0,2.43592e-05,0,challenge_12_final_stacking_colab
2409,1,0.7938116,1,challenge_12_final_stacking_colab
2410,1,0.7048849,1,challenge_12_final_stacking_colab
2411,1,0.9171982,1,challenge_12_final_stacking_colab
2412,0,0.039670605,0,challenge_12_final_stacking_colab
2413,0,0.000118134994,0,challenge_12_final_stacking_colab
2414,1,0.7870558,1,challenge_12_final_stacking_colab
2415,0,0.2034925,0,challenge_12_final_stacking_colab
2416,0,0.0002189,0,challenge_12_final_stacking_colab
2417,1,0.6966589,1,challenge_12_final_stacking_colab
2418,1,0.45184284,0,challenge_12_final_stacking_colab
2419,0,0.0016119415,0,challenge_12_final_stacking_colab
2420,0,0.22158279,0,challenge_12_final_stacking_colab
2421,1,0.9783007,1,challenge_12_final_stacking_colab
2422,1,0.99999994,1,challenge_12_final_stacking_colab
2423,1,0.9999997,1,challenge_12_final_stacking_colab
2424,0,0.2146574,0,challenge_12_final_stacking_colab
2425,1,0.9925098,1,challenge_12_final_stacking_colab
2426,0,0.013101245,0,challenge_12_final_stacking_colab
2427,0,0.001534694,0,challenge_12_final_stacking_colab
2428,0,0.27679,0,challenge_12_final_stacking_colab
2429,0,0.3901809,0,challenge_12_final_stacking_colab
2430,1,0.7788087,1,challenge_12_final_stacking_colab
2431,0,1.3097597e-05,0,challenge_12_final_stacking_colab
2432,0,0.2221352,0,challenge_12_final_stacking_colab
2433,0,0.0073520048,0,challenge_12_final_stacking_colab
2434,0,0.0063506598,0,challenge_12_final_stacking_colab
2435,1,0.44139287,0,challenge_12_final_stacking_colab
2436,1,0.7908746,1,challenge_12_final_stacking_colab
2437,1,0.7535472,1,challenge_12_final_stacking_colab
2438,1,0.99094456,1,challenge_12_final_stacking_colab
2439,1,0.5861162,1,challenge_12_final_stacking_colab
2440,1,0.9950039,1,challenge_12_final_stacking_colab
2441,1,0.9931885,1,challenge_12_final_stacking_colab
2442,0,3.5010253e-05,0,challenge_12_final_stacking_colab
2443,1,0.5749997,1,challenge_12_final_stacking_colab
2444,0,0.20140877,0,challenge_12_final_stacking_colab
2445,1,0.9999998,1,challenge_12_final_stacking_colab
2446,0,0.01606516,0,challenge_12_final_stacking_colab
2447,0,0.42809066,0,challenge_12_final_stacking_colab
2448,1,0.56966937,1,challenge_12_final_stacking_colab
2449,0,0.00015503672,0,challenge_12_final_stacking_colab
2450,0,7.189172e-05,0,challenge_12_final_stacking_colab
2451,1,0.99999934,1,challenge_12_final_stacking_colab
2452,1,0.5726981,1,challenge_12_final_stacking_colab
2453,1,0.78741497,1,challenge_12_final_stacking_colab
2454,1,0.9999995,1,challenge_12_final_stacking_colab
2455,1,0.63031936,1,challenge_12_final_stacking_colab
2456,0,2.9236584e-05,0,challenge_12_final_stacking_colab
2457,0,0.0027993456,0,challenge_12_final_stacking_colab
2458,1,0.9999927,1,challenge_12_final_stacking_colab
2459,0,0.21838953,0,challenge_12_final_stacking_colab
2460,1,0.9999982,1,challenge_12_final_stacking_colab
2461,1,0.7901792,1,challenge_12_final_stacking_colab
2462,0,0.21069142,0,challenge_12_final_stacking_colab
2463,1,0.99256253,1,challenge_12_final_stacking_colab
2464,0,0.24019445,0,challenge_12_final_stacking_colab
2465,1,0.9651929,1,challenge_12_final_stacking_colab
2466,0,0.21838464,0,challenge_12_final_stacking_colab
2467,1,0.8025874,1,challenge_12_final_stacking_colab
2468,0,0.026317775,0,challenge_12_final_stacking_colab
2469,0,0.11164658,0,challenge_12_final_stacking_colab
2470,1,0.9602117,1,challenge_12_final_stacking_colab
2471,0,0.014567784,0,challenge_12_final_stacking_colab
2472,0,0.0013847909,0,challenge_12_final_stacking_colab
2473,1,0.99999833,1,challenge_12_final_stacking_colab
2474,0,0.011660049,0,challenge_12_final_stacking_colab
2475,0,0.39092252,0,challenge_12_final_stacking_colab
2476,0,5.2827552e-05,0,challenge_12_final_stacking_colab
2477,1,0.615934,1,challenge_12_final_stacking_colab
2478,0,0.010812107,0,challenge_12_final_stacking_colab
2479,1,0.8848492,1,challenge_12_final_stacking_colab
2480,0,0.24465245,0,challenge_12_final_stacking_colab
2481,1,0.99009705,1,challenge_12_final_stacking_colab
2482,1,0.35790333,0,challenge_12_final_stacking_colab
2483,1,0.43543705,0,challenge_12_final_stacking_colab
2484,1,0.7526492,1,challenge_12_final_stacking_colab
2485,1,0.9999981,1,challenge_12_final_stacking_colab
2486,1,0.9999999,1,challenge_12_final_stacking_colab
2487,0,0.034329325,0,challenge_12_final_stacking_colab
2488,1,0.5838312,1,challenge_12_final_stacking_colab
2489,0,0.017589819,0,challenge_12_final_stacking_colab
2490,0,0.42509612,0,challenge_12_final_stacking_colab
2491,0,0.3119355,0,challenge_12_final_stacking_colab
2492,0,0.43774906,0,challenge_12_final_stacking_colab
2493,1,0.91289175,1,challenge_12_final_stacking_colab
2494,0,0.002016906,0,challenge_12_final_stacking_colab
2495,1,0.7838066,1,challenge_12_final_stacking_colab
2496,0,0.032587767,0,challenge_12_final_stacking_colab
2497,0,9.153393e-06,0,challenge_12_final_stacking_colab
2498,1,0.9999979,1,challenge_12_final_stacking_colab
2499,0,0.31431833,0,challenge_12_final_stacking_colab
2500,0,6.041268e-05,0,challenge_12_final_stacking_colab
2501,1,0.9938245,1,challenge_12_final_stacking_colab
2502,1,0.86644584,1,challenge_12_final_stacking_colab
2503,1,0.99999535,1,challenge_12_final_stacking_colab
2504,1,0.99569756,1,challenge_12_final_stacking_colab
2505,1,0.8703405,1,challenge_12_final_stacking_colab
2506,0,0.20973998,0,challenge_12_final_stacking_colab
2507,1,0.9976715,1,challenge_12_final_stacking_colab
2508,0,4.1371717e-05,0,challenge_12_final_stacking_colab
2509,0,0.37210166,0,challenge_12_final_stacking_colab
2510,1,0.9892125,1,challenge_12_final_stacking_colab
2511,0,0.09580457,0,challenge_12_final_stacking_colab
2512,1,0.9999999,1,challenge_12_final_stacking_colab
2513,1,0.75469065,1,challenge_12_final_stacking_colab
2514,1,0.7374297,1,challenge_12_final_stacking_colab
2515,1,0.9972219,1,challenge_12_final_stacking_colab
2516,0,0.2640616,0,challenge_12_final_stacking_colab
2517,1,0.8067079,1,challenge_12_final_stacking_colab
2518,0,0.42595196,0,challenge_12_final_stacking_colab
2519,1,0.9874076,1,challenge_12_final_stacking_colab
2520,1,0.9999991,1,challenge_12_final_stacking_colab
2521,1,0.9999951,1,challenge_12_final_stacking_colab
2522,1,0.92949176,1,challenge_12_final_stacking_colab
2523,1,0.9977516,1,challenge_12_final_stacking_colab
2524,0,0.00024616573,0,challenge_12_final_stacking_colab
2525,1,0.93014336,1,challenge_12_final_stacking_colab
2526,1,0.9534916,1,challenge_12_final_stacking_colab
2527,0,0.00047197202,0,challenge_12_final_stacking_colab
2528,0,0.000102029924,0,challenge_12_final_stacking_colab
2529,1,0.68307865,1,challenge_12_final_stacking_colab
2530,0,0.2140468,0,challenge_12_final_stacking_colab
2531,1,0.99817437,1,challenge_12_final_stacking_colab
2532,1,0.9847972,1,challenge_12_final_stacking_colab
2533,1,0.9999935,1,challenge_12_final_stacking_colab
2534,0,0.000682094,0,challenge_12_final_stacking_colab
2535,0,1.7530449e-06,0,challenge_12_final_stacking_colab
2536,1,0.9742902,1,challenge_12_final_stacking_colab
2537,1,0.9999999,1,challenge_12_final_stacking_colab
2538,0,0.017488118,0,challenge_12_final_stacking_colab
2539,0,0.19499066,0,challenge_12_final_stacking_colab
2540,0,0.21884681,0,challenge_12_final_stacking_colab
2541,0,0.18390468,0,challenge_12_final_stacking_colab
2542,0,4.378797e-06,0,challenge_12_final_stacking_colab
2543,0,0.4253357,0,challenge_12_final_stacking_colab
2544,0,0.42598337,0,challenge_12_final_stacking_colab
2545,1,0.9859299,1,challenge_12_final_stacking_colab
2546,1,0.745186,1,challenge_12_final_stacking_colab
2547,1,0.7437314,1,challenge_12_final_stacking_colab
2548,0,0.2565403,0,challenge_12_final_stacking_colab
2549,1,0.7878196,1,challenge_12_final_stacking_colab
2550,1,0.31245,0,challenge_12_final_stacking_colab
2551,0,0.17058612,0,challenge_12_final_stacking_colab
2552,0,0.04934018,0,challenge_12_final_stacking_colab
2553,1,0.54157233,1,challenge_12_final_stacking_colab
2554,1,0.9999998,1,challenge_12_final_stacking_colab
2555,1,0.9969351,1,challenge_12_final_stacking_colab
2556,1,0.99800473,1,challenge_12_final_stacking_colab
2557,1,0.9983532,1,challenge_12_final_stacking_colab
2558,1,0.974744,1,challenge_12_final_stacking_colab
2559,1,0.041171454,0,challenge_12_final_stacking_colab
2560,1,0.74891317,1,challenge_12_final_stacking_colab
2561,0,0.20296004,0,challenge_12_final_stacking_colab
2562,1,0.9770512,1,challenge_12_final_stacking_colab
2563,1,0.9978358,1,challenge_12_final_stacking_colab
2564,1,0.9943791,1,challenge_12_final_stacking_colab
2565,1,0.9488539,1,challenge_12_final_stacking_colab
2566,0,0.43032828,0,challenge_12_final_stacking_colab
2567,1,0.5724119,1,challenge_12_final_stacking_colab
2568,1,0.60512984,1,challenge_12_final_stacking_colab
2569,0,0.04348904,0,challenge_12_final_stacking_colab
2570,0,0.21233478,0,challenge_12_final_stacking_colab
2571,1,0.9811993,1,challenge_12_final_stacking_colab
2572,1,0.9902649,1,challenge_12_final_stacking_colab
2573,1,0.23872775,0,challenge_12_final_stacking_colab
2574,0,0.1855816,0,challenge_12_final_stacking_colab
2575,0,0.48181874,0,challenge_12_final_stacking_colab
2576,0,7.8478304e-05,0,challenge_12_final_stacking_colab
2577,1,0.9966457,1,challenge_12_final_stacking_colab
2578,0,0.00016156209,0,challenge_12_final_stacking_colab
2579,1,0.86707324,1,challenge_12_final_stacking_colab
2580,0,0.18884932,0,challenge_12_final_stacking_colab
2581,1,0.27522936,0,challenge_12_final_stacking_colab
2582,0,0.18326324,0,challenge_12_final_stacking_colab
2583,1,0.9453358,1,challenge_12_final_stacking_colab
2584,1,0.99999964,1,challenge_12_final_stacking_colab
2585,1,0.98734266,1,challenge_12_final_stacking_colab
2586,1,0.72601336,1,challenge_12_final_stacking_colab
2587,0,0.3310154,0,challenge_12_final_stacking_colab
2588,1,0.7918549,1,challenge_12_final_stacking_colab
2589,1,0.8433636,1,challenge_12_final_stacking_colab
2590,0,0.1643471,0,challenge_12_final_stacking_colab
2591,0,0.023421755,0,challenge_12_final_stacking_colab
2592,1,0.99999595,1,challenge_12_final_stacking_colab
2593,1,0.7804817,1,challenge_12_final_stacking_colab
2594,0,0.0035504128,0,challenge_12_final_stacking_colab
2595,0,0.23237741,0,challenge_12_final_stacking_colab
2596,1,0.9999967,1,challenge_12_final_stacking_colab
2597,1,0.7940644,1,challenge_12_final_stacking_colab
2598,1,0.96897143,1,challenge_12_final_stacking_colab
2599,0,0.0006342884,0,challenge_12_final_stacking_colab
2600,1,0.78656924,1,challenge_12_final_stacking_colab
2601,1,0.9999924,1,challenge_12_final_stacking_colab
2602,0,0.000826332,0,challenge_12_final_stacking_colab
2603,0,0.0006339155,0,challenge_12_final_stacking_colab
2604,0,0.5193299,1,challenge_12_final_stacking_colab
2605,1,0.97517246,1,challenge_12_final_stacking_colab
2606,1,0.9981843,1,challenge_12_final_stacking_colab
2607,1,0.99694085,1,challenge_12_final_stacking_colab
2608,0,0.21532698,0,challenge_12_final_stacking_colab
2609,0,0.9034334,1,challenge_12_final_stacking_colab
2610,0,0.21049257,0,challenge_12_final_stacking_colab
2611,0,0.0024561386,0,challenge_12_final_stacking_colab
2612,1,0.9999918,1,challenge_12_final_stacking_colab
2613,1,0.9977772,1,challenge_12_final_stacking_colab
2614,1,0.78310007,1,challenge_12_final_stacking_colab
2615,0,0.00023011692,0,challenge_12_final_stacking_colab
2616,0,0.21940187,0,challenge_12_final_stacking_colab
2617,1,0.95491916,1,challenge_12_final_stacking_colab
2618,0,0.007827683,0,challenge_12_final_stacking_colab
2619,1,0.7904626,1,challenge_12_final_stacking_colab
2620,1,0.99440414,1,challenge_12_final_stacking_colab
2621,0,0.078588575,0,challenge_12_final_stacking_colab
2622,0,2.6803204e-05,0,challenge_12_final_stacking_colab
2623,0,0.1918137,0,challenge_12_final_stacking_colab
2624,1,0.9747199,1,challenge_12_final_stacking_colab
2625,0,0.23658848,0,challenge_12_final_stacking_colab
2626,1,0.7892246,1,challenge_12_final_stacking_colab
2627,0,0.00089893816,0,challenge_12_final_stacking_colab
2628,0,0.21128508,0,challenge_12_final_stacking_colab
2629,1,0.9926965,1,challenge_12_final_stacking_colab
2630,1,0.97801405,1,challenge_12_final_stacking_colab
2631,0,0.21771145,0,challenge_12_final_stacking_colab
2632,0,0.45319262,0,challenge_12_final_stacking_colab
2633,0,0.20606275,0,challenge_12_final_stacking_colab
2634,0,0.19201483,0,challenge_12_final_stacking_colab
2635,0,1.1632118e-05,0,challenge_12_final_stacking_colab
2636,0,0.03979644,0,challenge_12_final_stacking_colab
2637,0,0.2139561,0,challenge_12_final_stacking_colab
2638,1,0.94746214,1,challenge_12_final_stacking_colab
2639,1,0.9974179,1,challenge_12_final_stacking_colab
2640,1,0.99999607,1,challenge_12_final_stacking_colab
2641,0,0.21182215,0,challenge_12_final_stacking_colab
2642,0,0.21250273,0,challenge_12_final_stacking_colab
2643,0,0.004065385,0,challenge_12_final_stacking_colab
2644,1,0.99999195,1,challenge_12_final_stacking_colab
2645,0,0.019011034,0,challenge_12_final_stacking_colab
2646,1,0.9696827,1,challenge_12_final_stacking_colab
2647,0,0.0002004079,0,challenge_12_final_stacking_colab
2648,1,1.0,1,challenge_12_final_stacking_colab
2649,0,0.5548772,1,challenge_12_final_stacking_colab
2650,0,0.034748405,0,challenge_12_final_stacking_colab
2651,0,0.00055606896,0,challenge_12_final_stacking_colab
2652,1,0.99999887,1,challenge_12_final_stacking_colab
2653,1,0.909208,1,challenge_12_final_stacking_colab
2654,0,0.0091532,0,challenge_12_final_stacking_colab
2655,0,0.21207279,0,challenge_12_final_stacking_colab
2656,1,0.77839583,1,challenge_12_final_stacking_colab
2657,0,0.19165765,0,challenge_12_final_stacking_colab
2658,0,0.02219305,0,challenge_12_final_stacking_colab
2659,1,0.7459627,1,challenge_12_final_stacking_colab
2660,0,0.20331953,0,challenge_12_final_stacking_colab
2661,1,0.7988855,1,challenge_12_final_stacking_colab
2662,1,0.9932127,1,challenge_12_final_stacking_colab
2663,1,0.9847218,1,challenge_12_final_stacking_colab
2664,1,0.99999547,1,challenge_12_final_stacking_colab
2665,1,0.78687215,1,challenge_12_final_stacking_colab
2666,1,0.5925082,1,challenge_12_final_stacking_colab
2667,0,0.00577384,0,challenge_12_final_stacking_colab
2668,1,0.9999972,1,challenge_12_final_stacking_colab
2669,1,0.7778443,1,challenge_12_final_stacking_colab
2670,1,0.9862793,1,challenge_12_final_stacking_colab
2671,0,0.22390974,0,challenge_12_final_stacking_colab
2672,0,3.7980775e-05,0,challenge_12_final_stacking_colab
2673,1,0.7859948,1,challenge_12_final_stacking_colab
2674,0,0.23845223,0,challenge_12_final_stacking_colab
2675,1,0.6971489,1,challenge_12_final_stacking_colab
2676,1,0.9960848,1,challenge_12_final_stacking_colab
2677,1,0.34950188,0,challenge_12_final_stacking_colab
2678,1,0.7847713,1,challenge_12_final_stacking_colab
2679,0,0.42685908,0,challenge_12_final_stacking_colab
2680,0,0.14944758,0,challenge_12_final_stacking_colab
2681,0,4.6558707e-05,0,challenge_12_final_stacking_colab
2682,0,0.0017000504,0,challenge_12_final_stacking_colab
2683,1,0.78507304,1,challenge_12_final_stacking_colab
2684,0,0.0016359139,0,challenge_12_final_stacking_colab
2685,1,0.98902196,1,challenge_12_final_stacking_colab
2686,0,1.0002133e-05,0,challenge_12_final_stacking_colab
2687,0,0.011833767,0,challenge_12_final_stacking_colab
2688,1,0.7900652,1,challenge_12_final_stacking_colab
2689,0,0.0046288488,0,challenge_12_final_stacking_colab
2690,1,0.9999989,1,challenge_12_final_stacking_colab
2691,1,0.90429157,1,challenge_12_final_stacking_colab
2692,1,0.7416557,1,challenge_12_final_stacking_colab
2693,0,0.22550236,0,challenge_12_final_stacking_colab
2694,1,0.99714506,1,challenge_12_final_stacking_colab
2695,0,0.10552501,0,challenge_12_final_stacking_colab
2696,0,0.64802563,1,challenge_12_final_stacking_colab
2697,0,0.0017341526,0,challenge_12_final_stacking_colab
2698,0,0.49206033,1,challenge_12_final_stacking_colab
2699,1,0.9999977,1,challenge_12_final_stacking_colab
2700,1,0.7445208,1,challenge_12_final_stacking_colab
2701,0,0.0004267807,0,challenge_12_final_stacking_colab
2702,0,0.23703739,0,challenge_12_final_stacking_colab
2703,0,0.0018450812,0,challenge_12_final_stacking_colab
2704,0,6.0312785e-05,0,challenge_12_final_stacking_colab
2705,1,0.71260214,1,challenge_12_final_stacking_colab
2706,1,0.99209154,1,challenge_12_final_stacking_colab
2707,1,0.99831986,1,challenge_12_final_stacking_colab
2708,0,0.20312999,0,challenge_12_final_stacking_colab
2709,0,0.17857768,0,challenge_12_final_stacking_colab
2710,0,0.5190885,1,challenge_12_final_stacking_colab
2711,0,0.0009461073,0,challenge_12_final_stacking_colab
2712,0,0.0050028902,0,challenge_12_final_stacking_colab
2713,0,0.21440339,0,challenge_12_final_stacking_colab
2714,0,0.19958064,0,challenge_12_final_stacking_colab
2715,0,0.47634625,0,challenge_12_final_stacking_colab
2716,1,0.81714433,1,challenge_12_final_stacking_colab
2717,0,0.43080238,0,challenge_12_final_stacking_colab
2718,1,0.9760686,1,challenge_12_final_stacking_colab
2719,0,0.4256091,0,challenge_12_final_stacking_colab
2720,0,0.00032804272,0,challenge_12_final_stacking_colab
2721,0,0.00014947316,0,challenge_12_final_stacking_colab
2722,0,0.23953258,0,challenge_12_final_stacking_colab
2723,1,0.8638654,1,challenge_12_final_stacking_colab
2724,0,0.013589071,0,challenge_12_final_stacking_colab
2725,0,0.21062861,0,challenge_12_final_stacking_colab
2726,1,0.98977196,1,challenge_12_final_stacking_colab
2727,0,0.014789801,0,challenge_12_final_stacking_colab
2728,0,0.23290046,0,challenge_12_final_stacking_colab
2729,0,0.2093939,0,challenge_12_final_stacking_colab
2730,0,0.2918037,0,challenge_12_final_stacking_colab
2731,0,0.0004519906,0,challenge_12_final_stacking_colab
2732,0,0.00022159232,0,challenge_12_final_stacking_colab
2733,1,1.0,1,challenge_12_final_stacking_colab
2734,1,0.3243133,0,challenge_12_final_stacking_colab
2735,1,0.8923506,1,challenge_12_final_stacking_colab
2736,1,0.98276,1,challenge_12_final_stacking_colab
2737,1,0.64990455,1,challenge_12_final_stacking_colab
2738,1,0.97838175,1,challenge_12_final_stacking_colab
2739,1,0.9925845,1,challenge_12_final_stacking_colab
2740,1,1.0,1,challenge_12_final_stacking_colab
2741,1,0.76935107,1,challenge_12_final_stacking_colab
2742,0,0.26993448,0,challenge_12_final_stacking_colab
2743,1,0.9829717,1,challenge_12_final_stacking_colab
2744,0,0.53060275,1,challenge_12_final_stacking_colab
2745,1,0.9674171,1,challenge_12_final_stacking_colab
2746,1,0.7868847,1,challenge_12_final_stacking_colab
2747,1,0.9999983,1,challenge_12_final_stacking_colab
2748,0,0.21698986,0,challenge_12_final_stacking_colab
2749,0,0.22027636,0,challenge_12_final_stacking_colab
2750,1,0.77966315,1,challenge_12_final_stacking_colab
2751,0,0.022908248,0,challenge_12_final_stacking_colab
2752,0,0.24660894,0,challenge_12_final_stacking_colab
2753,0,0.42592615,0,challenge_12_final_stacking_colab
2754,1,0.7477146,1,challenge_12_final_stacking_colab
2755,0,0.022133943,0,challenge_12_final_stacking_colab
2756,0,0.22184035,0,challenge_12_final_stacking_colab
2757,0,0.107325844,0,challenge_12_final_stacking_colab
2758,1,0.7815664,1,challenge_12_final_stacking_colab
2759,0,0.008266173,0,challenge_12_final_stacking_colab
2760,0,6.161556e-05,0,challenge_12_final_stacking_colab
2761,1,0.99555445,1,challenge_12_final_stacking_colab
2762,0,0.21801028,0,challenge_12_final_stacking_colab
2763,1,0.9999966,1,challenge_12_final_stacking_colab
2764,1,0.8018454,1,challenge_12_final_stacking_colab
2765,0,1.1116754e-05,0,challenge_12_final_stacking_colab
2766,1,0.99999994,1,challenge_12_final_stacking_colab
2767,1,0.8021159,1,challenge_12_final_stacking_colab
2768,1,0.9930956,1,challenge_12_final_stacking_colab
2769,1,0.95484436,1,challenge_12_final_stacking_colab
2770,1,0.9999998,1,challenge_12_final_stacking_colab
2771,1,0.99999976,1,challenge_12_final_stacking_colab
2772,1,0.9999997,1,challenge_12_final_stacking_colab
2773,0,0.0017532622,0,challenge_12_final_stacking_colab
2774,0,6.8113343e-07,0,challenge_12_final_stacking_colab
2775,0,0.0012424184,0,challenge_12_final_stacking_colab
2776,0,0.91333866,1,challenge_12_final_stacking_colab
2777,1,0.9999998,1,challenge_12_final_stacking_colab
2778,1,0.923962,1,challenge_12_final_stacking_colab
2779,0,4.8960323e-05,0,challenge_12_final_stacking_colab
2780,1,0.9999962,1,challenge_12_final_stacking_colab
2781,1,0.99599415,1,challenge_12_final_stacking_colab
2782,1,0.42679295,0,challenge_12_final_stacking_colab
2783,1,0.99723834,1,challenge_12_final_stacking_colab
2784,1,0.9900995,1,challenge_12_final_stacking_colab
2785,0,0.26052496,0,challenge_12_final_stacking_colab
2786,1,0.9999995,1,challenge_12_final_stacking_colab
2787,1,0.7646293,1,challenge_12_final_stacking_colab
2788,1,0.92269254,1,challenge_12_final_stacking_colab
2789,0,3.790092e-07,0,challenge_12_final_stacking_colab
2790,0,0.4380607,0,challenge_12_final_stacking_colab
2791,0,0.20450842,0,challenge_12_final_stacking_colab
2792,1,0.99363613,1,challenge_12_final_stacking_colab
2793,1,0.99999917,1,challenge_12_final_stacking_colab
2794,0,0.010827535,0,challenge_12_final_stacking_colab
2795,1,0.99636596,1,challenge_12_final_stacking_colab
2796,0,0.20434888,0,challenge_12_final_stacking_colab
2797,1,0.51779854,1,challenge_12_final_stacking_colab
2798,1,0.5631153,1,challenge_12_final_stacking_colab
2799,0,0.0020084716,0,challenge_12_final_stacking_colab
2800,0,9.981085e-05,0,challenge_12_final_stacking_colab
2801,1,0.78278816,1,challenge_12_final_stacking_colab
2802,1,0.9999902,1,challenge_12_final_stacking_colab
2803,1,0.575,1,challenge_12_final_stacking_colab
2804,0,0.21162161,0,challenge_12_final_stacking_colab
2805,1,0.9904512,1,challenge_12_final_stacking_colab
2806,0,0.42587104,0,challenge_12_final_stacking_colab
2807,0,0.19707458,0,challenge_12_final_stacking_colab
2808,0,0.4286605,0,challenge_12_final_stacking_colab
2809,0,0.22204395,0,challenge_12_final_stacking_colab
2810,1,0.985718,1,challenge_12_final_stacking_colab
2811,1,0.7854887,1,challenge_12_final_stacking_colab
2812,0,0.008304201,0,challenge_12_final_stacking_colab
2813,0,0.001403894,0,challenge_12_final_stacking_colab
2814,1,0.76221615,1,challenge_12_final_stacking_colab
2815,1,0.7850553,1,challenge_12_final_stacking_colab
2816,0,0.2809304,0,challenge_12_final_stacking_colab
2817,0,0.00014652022,0,challenge_12_final_stacking_colab
2818,0,0.015341052,0,challenge_12_final_stacking_colab
2819,1,0.7675685,1,challenge_12_final_stacking_colab
2820,0,2.635642e-06,0,challenge_12_final_stacking_colab
2821,0,0.2480141,0,challenge_12_final_stacking_colab
2822,1,0.8763558,1,challenge_12_final_stacking_colab
2823,0,0.0034497306,0,challenge_12_final_stacking_colab
2824,0,2.5012184e-06,0,challenge_12_final_stacking_colab
2825,1,0.82365507,1,challenge_12_final_stacking_colab
2826,0,0.42540526,0,challenge_12_final_stacking_colab
2827,0,0.017396856,0,challenge_12_final_stacking_colab
2828,0,0.25438288,0,challenge_12_final_stacking_colab
2829,0,0.0006845054,0,challenge_12_final_stacking_colab
2830,1,0.9963566,1,challenge_12_final_stacking_colab
2831,0,1.2239239e-05,0,challenge_12_final_stacking_colab
2832,1,0.9859944,1,challenge_12_final_stacking_colab
2833,1,0.9999929,1,challenge_12_final_stacking_colab
2834,0,0.014516533,0,challenge_12_final_stacking_colab
2835,0,0.26117596,0,challenge_12_final_stacking_colab
2836,0,0.20946541,0,challenge_12_final_stacking_colab
2837,0,0.010230361,0,challenge_12_final_stacking_colab
2838,0,0.014471735,0,challenge_12_final_stacking_colab
2839,1,0.76837176,1,challenge_12_final_stacking_colab
2840,1,0.999993,1,challenge_12_final_stacking_colab
2841,0,0.0013110957,0,challenge_12_final_stacking_colab
2842,1,0.98626226,1,challenge_12_final_stacking_colab
2843,1,0.8406455,1,challenge_12_final_stacking_colab
2844,1,0.56405765,1,challenge_12_final_stacking_colab
2845,0,1.5098973e-06,0,challenge_12_final_stacking_colab
2846,1,0.93210614,1,challenge_12_final_stacking_colab
2847,0,1.7879232e-05,0,challenge_12_final_stacking_colab
2848,1,0.9943479,1,challenge_12_final_stacking_colab
2849,0,0.09188968,0,challenge_12_final_stacking_colab
2850,1,0.9999936,1,challenge_12_final_stacking_colab
2851,1,0.9918867,1,challenge_12_final_stacking_colab
2852,0,0.2125183,0,challenge_12_final_stacking_colab
2853,1,0.91224694,1,challenge_12_final_stacking_colab
2854,0,0.48668766,0,challenge_12_final_stacking_colab
2855,0,0.000117061114,0,challenge_12_final_stacking_colab
2856,1,0.9958252,1,challenge_12_final_stacking_colab
2857,1,0.9931141,1,challenge_12_final_stacking_colab
2858,1,0.99658096,1,challenge_12_final_stacking_colab
2859,1,1.0,1,challenge_12_final_stacking_colab
2860,1,0.9865387,1,challenge_12_final_stacking_colab
2861,1,0.99999994,1,challenge_12_final_stacking_colab
2862,1,0.9943485,1,challenge_12_final_stacking_colab
2863,0,0.42502394,0,challenge_12_final_stacking_colab
2864,1,0.17186989,0,challenge_12_final_stacking_colab
2865,1,0.78159034,1,challenge_12_final_stacking_colab
2866,0,0.019995887,0,challenge_12_final_stacking_colab
2867,1,0.7407051,1,challenge_12_final_stacking_colab
2868,0,0.20303015,0,challenge_12_final_stacking_colab
2869,0,0.27648357,0,challenge_12_final_stacking_colab
2870,0,0.21410738,0,challenge_12_final_stacking_colab
2871,1,0.99049246,1,challenge_12_final_stacking_colab
2872,1,0.9949835,1,challenge_12_final_stacking_colab
2873,0,4.821986e-07,0,challenge_12_final_stacking_colab
2874,0,0.3338122,0,challenge_12_final_stacking_colab
2875,1,0.99999845,1,challenge_12_final_stacking_colab
2876,0,0.2215681,0,challenge_12_final_stacking_colab
2877,0,0.020223895,0,challenge_12_final_stacking_colab
2878,1,0.915745,1,challenge_12_final_stacking_colab
2879,0,0.005792999,0,challenge_12_final_stacking_colab
2880,1,0.9975897,1,challenge_12_final_stacking_colab
2881,0,5.7500007e-08,0,challenge_12_final_stacking_colab
2882,0,2.0872396e-05,0,challenge_12_final_stacking_colab
2883,1,0.9999996,1,challenge_12_final_stacking_colab
2884,1,0.9999917,1,challenge_12_final_stacking_colab
2885,0,0.030207729,0,challenge_12_final_stacking_colab
2886,1,0.99730504,1,challenge_12_final_stacking_colab
2887,1,0.98491406,1,challenge_12_final_stacking_colab
2888,1,0.99999964,1,challenge_12_final_stacking_colab
2889,1,0.14668484,0,challenge_12_final_stacking_colab
2890,1,0.9723672,1,challenge_12_final_stacking_colab
2891,1,0.5718882,1,challenge_12_final_stacking_colab
2892,1,0.8024707,1,challenge_12_final_stacking_colab
2893,0,0.0066866227,0,challenge_12_final_stacking_colab
2894,1,0.99735415,1,challenge_12_final_stacking_colab
2895,1,0.7763447,1,challenge_12_final_stacking_colab
2896,0,0.23835744,0,challenge_12_final_stacking_colab
2897,1,0.7884297,1,challenge_12_final_stacking_colab
2898,0,0.4282047,0,challenge_12_final_stacking_colab
2899,1,0.96634287,1,challenge_12_final_stacking_colab
2900,1,0.99999005,1,challenge_12_final_stacking_colab
2901,1,0.75130904,1,challenge_12_final_stacking_colab
2902,0,0.0016112642,0,challenge_12_final_stacking_colab
2903,0,0.2149709,0,challenge_12_final_stacking_colab
2904,0,0.62666976,1,challenge_12_final_stacking_colab
2905,0,0.001371633,0,challenge_12_final_stacking_colab
2906,0,6.1256156e-05,0,challenge_12_final_stacking_colab
2907,1,0.50558114,1,challenge_12_final_stacking_colab
2908,1,0.7873332,1,challenge_12_final_stacking_colab
2909,0,0.21144287,0,challenge_12_final_stacking_colab
2910,0,1.10075185e-07,0,challenge_12_final_stacking_colab
2911,0,0.22314936,0,challenge_12_final_stacking_colab
2912,1,0.58557457,1,challenge_12_final_stacking_colab
2913,0,0.22324096,0,challenge_12_final_stacking_colab
2914,0,0.24544409,0,challenge_12_final_stacking_colab
2915,1,0.43309867,0,challenge_12_final_stacking_colab
2916,1,0.99362016,1,challenge_12_final_stacking_colab
2917,0,5.988752e-05,0,challenge_12_final_stacking_colab
2918,1,0.99999964,1,challenge_12_final_stacking_colab
2919,0,0.003649104,0,challenge_12_final_stacking_colab
2920,1,0.9999947,1,challenge_12_final_stacking_colab
2921,1,0.7871043,1,challenge_12_final_stacking_colab
2922,0,0.36056775,0,challenge_12_final_stacking_colab
2923,0,0.704018,1,challenge_12_final_stacking_colab
2924,1,0.99999833,1,challenge_12_final_stacking_colab
2925,1,0.99999994,1,challenge_12_final_stacking_colab
2926,1,0.7838524,1,challenge_12_final_stacking_colab
2927,0,0.0035311796,0,challenge_12_final_stacking_colab
2928,0,0.21800819,0,challenge_12_final_stacking_colab
2929,1,0.5230572,1,challenge_12_final_stacking_colab
2930,1,0.9755912,1,challenge_12_final_stacking_colab
2931,1,0.9940808,1,challenge_12_final_stacking_colab
2932,0,0.0038845136,0,challenge_12_final_stacking_colab
2933,0,0.4250069,0,challenge_12_final_stacking_colab
2934,0,0.23541693,0,challenge_12_final_stacking_colab
2935,0,9.551321e-05,0,challenge_12_final_stacking_colab
2936,1,0.9954677,1,challenge_12_final_stacking_colab
2937,0,0.2151049,0,challenge_12_final_stacking_colab
2938,0,0.4255156,0,challenge_12_final_stacking_colab
2939,0,0.2209879,0,challenge_12_final_stacking_colab
2940,0,9.8917635e-06,0,challenge_12_final_stacking_colab
2941,0,0.35166964,0,challenge_12_final_stacking_colab
2942,0,0.00112861,0,challenge_12_final_stacking_colab
2943,1,0.6217767,1,challenge_12_final_stacking_colab
2944,0,0.009980371,0,challenge_12_final_stacking_colab
2945,1,0.993485,1,challenge_12_final_stacking_colab
2946,1,0.9952399,1,challenge_12_final_stacking_colab
2947,0,0.01716614,0,challenge_12_final_stacking_colab
2948,0,0.0020857702,0,challenge_12_final_stacking_colab
2949,0,0.0022725477,0,challenge_12_final_stacking_colab
2950,1,0.7939407,1,challenge_12_final_stacking_colab
2951,1,0.9513491,1,challenge_12_final_stacking_colab
2952,1,0.9999999,1,challenge_12_final_stacking_colab
2953,0,0.0010664841,0,challenge_12_final_stacking_colab
2954,0,6.995986e-07,0,challenge_12_final_stacking_colab
2955,1,0.9982378,1,challenge_12_final_stacking_colab
2956,1,0.99999994,1,challenge_12_final_stacking_colab
2957,0,0.42899966,0,challenge_12_final_stacking_colab
2958,0,0.0009514054,0,challenge_12_final_stacking_colab
2959,0,0.48528647,0,challenge_12_final_stacking_colab
2960,0,0.002658436,0,challenge_12_final_stacking_colab
2961,0,0.039296128,0,challenge_12_final_stacking_colab
2962,1,0.54301995,1,challenge_12_final_stacking_colab
2963,1,0.77173364,1,challenge_12_final_stacking_colab
2964,1,0.99465144,1,challenge_12_final_stacking_colab
2965,0,0.20944859,0,challenge_12_final_stacking_colab
2966,0,0.0054739867,0,challenge_12_final_stacking_colab
2967,1,0.7888532,1,challenge_12_final_stacking_colab
2968,1,0.8055562,1,challenge_12_final_stacking_colab
2969,1,0.99651587,1,challenge_12_final_stacking_colab
2970,1,0.93183035,1,challenge_12_final_stacking_colab
2971,1,0.7375801,1,challenge_12_final_stacking_colab
2972,1,0.47757795,0,challenge_12_final_stacking_colab
2973,0,8.092551e-05,0,challenge_12_final_stacking_colab
2974,1,0.9796512,1,challenge_12_final_stacking_colab
2975,1,0.78405005,1,challenge_12_final_stacking_colab
2976,0,0.5270686,1,challenge_12_final_stacking_colab
2977,0,0.0020113513,0,challenge_12_final_stacking_colab
2978,0,0.7417725,1,challenge_12_final_stacking_colab
2979,0,0.25763625,0,challenge_12_final_stacking_colab
2980,0,0.043095555,0,challenge_12_final_stacking_colab
2981,0,0.007718677,0,challenge_12_final_stacking_colab
2982,1,0.79104644,1,challenge_12_final_stacking_colab
2983,1,0.9977715,1,challenge_12_final_stacking_colab
2984,1,0.9542056,1,challenge_12_final_stacking_colab
2985,1,0.79404813,1,challenge_12_final_stacking_colab
2986,1,0.9999982,1,challenge_12_final_stacking_colab
2987,0,0.2602025,0,challenge_12_final_stacking_colab
2988,1,0.79493743,1,challenge_12_final_stacking_colab
2989,0,1.5963775e-06,0,challenge_12_final_stacking_colab
2990,0,0.20704807,0,challenge_12_final_stacking_colab
2991,1,0.89976156,1,challenge_12_final_stacking_colab
2992,0,4.44769e-05,0,challenge_12_final_stacking_colab
2993,0,0.0035821402,0,challenge_12_final_stacking_colab
2994,0,0.21472947,0,challenge_12_final_stacking_colab
2995,0,0.20054884,0,challenge_12_final_stacking_colab
2996,1,0.74466884,1,challenge_12_final_stacking_colab
2997,0,0.4250967,0,challenge_12_final_stacking_colab
2998,1,0.99999934,1,challenge_12_final_stacking_colab
2999,0,0.42599076,0,challenge_12_final_stacking_colab
3000,0,0.061314907,0,challenge_12_final_stacking_colab
3001,0,0.24799006,0,challenge_12_final_stacking_colab
3002,0,0.00013758976,0,challenge_12_final_stacking_colab
3003,0,0.011913451,0,challenge_12_final_stacking_colab
3004,0,0.21746285,0,challenge_12_final_stacking_colab
3005,0,7.986856e-07,0,challenge_12_final_stacking_colab
3006,0,0.21579127,0,challenge_12_final_stacking_colab
3007,1,0.99844897,1,challenge_12_final_stacking_colab
3008,1,0.9999981,1,challenge_12_final_stacking_colab
3009,1,0.99267936,1,challenge_12_final_stacking_colab
3010,0,0.16229814,0,challenge_12_final_stacking_colab
3011,0,0.045558542,0,challenge_12_final_stacking_colab
3012,1,0.7694993,1,challenge_12_final_stacking_colab
3013,0,0.00068173005,0,challenge_12_final_stacking_colab
3014,0,0.001149773,0,challenge_12_final_stacking_colab
3015,0,0.3786793,0,challenge_12_final_stacking_colab
3016,1,0.9999924,1,challenge_12_final_stacking_colab
3017,0,0.15449296,0,challenge_12_final_stacking_colab
3018,1,0.9966274,1,challenge_12_final_stacking_colab
3019,0,0.22147202,0,challenge_12_final_stacking_colab
3020,0,0.20842244,0,challenge_12_final_stacking_colab
3021,1,0.9980578,1,challenge_12_final_stacking_colab
3022,1,0.9999959,1,challenge_12_final_stacking_colab
3023,1,0.97810477,1,challenge_12_final_stacking_colab
3024,0,0.011561756,0,challenge_12_final_stacking_colab
3025,1,0.77957165,1,challenge_12_final_stacking_colab
3026,0,0.0021269831,0,challenge_12_final_stacking_colab
3027,0,0.26987612,0,challenge_12_final_stacking_colab
3028,1,0.7863823,1,challenge_12_final_stacking_colab
3029,0,0.15969755,0,challenge_12_final_stacking_colab
3030,0,0.06388159,0,challenge_12_final_stacking_colab
3031,1,0.9983766,1,challenge_12_final_stacking_colab
3032,1,0.9511203,1,challenge_12_final_stacking_colab
3033,0,0.21266982,0,challenge_12_final_stacking_colab
3034,0,0.015081823,0,challenge_12_final_stacking_colab
3035,0,2.8860182e-05,0,challenge_12_final_stacking_colab
3036,1,0.7233263,1,challenge_12_final_stacking_colab
3037,1,0.7695346,1,challenge_12_final_stacking_colab
3038,1,0.71438485,1,challenge_12_final_stacking_colab
3039,1,0.9946416,1,challenge_12_final_stacking_colab
3040,1,0.97286546,1,challenge_12_final_stacking_colab
3041,1,0.99324685,1,challenge_12_final_stacking_colab
3042,1,0.9953456,1,challenge_12_final_stacking_colab
3043,0,0.42567018,0,challenge_12_final_stacking_colab
3044,1,0.9971705,1,challenge_12_final_stacking_colab
3045,1,0.98417246,1,challenge_12_final_stacking_colab
3046,0,0.63309264,1,challenge_12_final_stacking_colab
3047,1,0.77377087,1,challenge_12_final_stacking_colab
3048,1,0.9608322,1,challenge_12_final_stacking_colab
3049,0,3.1812877e-05,0,challenge_12_final_stacking_colab
3050,1,0.85132676,1,challenge_12_final_stacking_colab
3051,1,0.99520147,1,challenge_12_final_stacking_colab
3052,0,0.15987046,0,challenge_12_final_stacking_colab
3053,1,0.53847957,1,challenge_12_final_stacking_colab
3054,0,0.057518378,0,challenge_12_final_stacking_colab
3055,1,0.9820117,1,challenge_12_final_stacking_colab
3056,1,0.7127107,1,challenge_12_final_stacking_colab
3057,1,0.9921394,1,challenge_12_final_stacking_colab
3058,1,0.7897235,1,challenge_12_final_stacking_colab
3059,1,0.9801249,1,challenge_12_final_stacking_colab
3060,1,1.0,1,challenge_12_final_stacking_colab
3061,0,0.6849505,1,challenge_12_final_stacking_colab
3062,0,0.00044158948,0,challenge_12_final_stacking_colab
3063,0,0.21375422,0,challenge_12_final_stacking_colab
3064,0,0.050173633,0,challenge_12_final_stacking_colab
3065,0,0.19469357,0,challenge_12_final_stacking_colab
3066,1,0.8870719,1,challenge_12_final_stacking_colab
3067,1,0.9961211,1,challenge_12_final_stacking_colab
3068,1,0.990217,1,challenge_12_final_stacking_colab
3069,0,0.21338624,0,challenge_12_final_stacking_colab
3070,1,0.99611616,1,challenge_12_final_stacking_colab
3071,1,0.99809384,1,challenge_12_final_stacking_colab
3072,0,0.0044554756,0,challenge_12_final_stacking_colab
3073,1,0.6551081,1,challenge_12_final_stacking_colab
3074,0,0.42519966,0,challenge_12_final_stacking_colab
3075,0,0.21490522,0,challenge_12_final_stacking_colab
3076,0,0.0044956496,0,challenge_12_final_stacking_colab
3077,0,0.00022747536,0,challenge_12_final_stacking_colab
3078,1,0.99695367,1,challenge_12_final_stacking_colab
3079,1,0.7921338,1,challenge_12_final_stacking_colab
3080,0,0.42503652,0,challenge_12_final_stacking_colab
3081,1,0.9999996,1,challenge_12_final_stacking_colab
3082,0,0.40874144,0,challenge_12_final_stacking_colab
3083,1,0.8494099,1,challenge_12_final_stacking_colab
3084,1,0.32745525,0,challenge_12_final_stacking_colab
3085,0,0.21767351,0,challenge_12_final_stacking_colab
3086,1,0.7829475,1,challenge_12_final_stacking_colab
3087,0,0.00051068055,0,challenge_12_final_stacking_colab
3088,0,0.22527799,0,challenge_12_final_stacking_colab
3089,0,0.003870036,0,challenge_12_final_stacking_colab
3090,1,0.43862647,0,challenge_12_final_stacking_colab
3091,0,0.0037033663,0,challenge_12_final_stacking_colab
3092,0,0.22762467,0,challenge_12_final_stacking_colab
3093,0,0.07002683,0,challenge_12_final_stacking_colab
3094,0,0.00030010738,0,challenge_12_final_stacking_colab
3095,0,0.44730124,0,challenge_12_final_stacking_colab
3096,0,0.6086653,1,challenge_12_final_stacking_colab
3097,0,0.10042244,0,challenge_12_final_stacking_colab
3098,0,0.22004041,0,challenge_12_final_stacking_colab
3099,1,0.9664401,1,challenge_12_final_stacking_colab
3100,0,0.000101111145,0,challenge_12_final_stacking_colab
3101,0,0.0037458087,0,challenge_12_final_stacking_colab
3102,1,0.9934218,1,challenge_12_final_stacking_colab
3103,1,0.78079253,1,challenge_12_final_stacking_colab
3104,0,0.26753786,0,challenge_12_final_stacking_colab
3105,0,0.43063414,0,challenge_12_final_stacking_colab
3106,0,0.44006646,0,challenge_12_final_stacking_colab
3107,1,0.999998,1,challenge_12_final_stacking_colab
3108,0,0.0014066164,0,challenge_12_final_stacking_colab
3109,1,0.99275523,1,challenge_12_final_stacking_colab
3110,0,9.4196716e-05,0,challenge_12_final_stacking_colab
3111,1,0.9999939,1,challenge_12_final_stacking_colab
3112,1,0.7811907,1,challenge_12_final_stacking_colab
3113,0,0.42502266,0,challenge_12_final_stacking_colab
3114,0,0.25294554,0,challenge_12_final_stacking_colab
3115,1,0.6259416,1,challenge_12_final_stacking_colab
3116,1,0.75361913,1,challenge_12_final_stacking_colab
3117,0,0.024089675,0,challenge_12_final_stacking_colab
3118,0,0.09365822,0,challenge_12_final_stacking_colab
3119,0,0.42500433,0,challenge_12_final_stacking_colab
3120,0,0.0004818826,0,challenge_12_final_stacking_colab
3121,1,0.99999344,1,challenge_12_final_stacking_colab
3122,1,0.9968029,1,challenge_12_final_stacking_colab
3123,0,0.50834477,1,challenge_12_final_stacking_colab
3124,1,0.9999998,1,challenge_12_final_stacking_colab
3125,0,0.42513764,0,challenge_12_final_stacking_colab
3126,1,0.9890878,1,challenge_12_final_stacking_colab
3127,1,0.96882796,1,challenge_12_final_stacking_colab
3128,0,0.016012436,0,challenge_12_final_stacking_colab
3129,0,0.0027786496,0,challenge_12_final_stacking_colab
3130,0,0.008052311,0,challenge_12_final_stacking_colab
3131,1,0.6778026,1,challenge_12_final_stacking_colab
3132,1,0.9171773,1,challenge_12_final_stacking_colab
3133,0,0.4921966,1,challenge_12_final_stacking_colab
3134,0,0.76833296,1,challenge_12_final_stacking_colab
3135,1,0.99587226,1,challenge_12_final_stacking_colab
3136,0,0.0008327322,0,challenge_12_final_stacking_colab
3137,1,0.99702597,1,challenge_12_final_stacking_colab
3138,1,0.7872054,1,challenge_12_final_stacking_colab
3139,1,0.7468194,1,challenge_12_final_stacking_colab
3140,0,0.000285148,0,challenge_12_final_stacking_colab
3141,1,0.047901053,0,challenge_12_final_stacking_colab
3142,1,0.9883528,1,challenge_12_final_stacking_colab
3143,1,0.76016504,1,challenge_12_final_stacking_colab
3144,0,0.5384403,1,challenge_12_final_stacking_colab
3145,1,0.9951171,1,challenge_12_final_stacking_colab
3146,0,0.21647626,0,challenge_12_final_stacking_colab
3147,0,0.07035025,0,challenge_12_final_stacking_colab
3148,0,8.0954494e-05,0,challenge_12_final_stacking_colab
3149,1,0.7331731,1,challenge_12_final_stacking_colab
3150,0,0.13937813,0,challenge_12_final_stacking_colab
3151,0,0.013436208,0,challenge_12_final_stacking_colab
3152,1,0.5384632,1,challenge_12_final_stacking_colab
3153,0,0.23268838,0,challenge_12_final_stacking_colab
3154,1,0.9973593,1,challenge_12_final_stacking_colab
3155,1,0.9152061,1,challenge_12_final_stacking_colab
3156,1,0.9999997,1,challenge_12_final_stacking_colab
3157,1,0.78799564,1,challenge_12_final_stacking_colab
3158,0,0.18459481,0,challenge_12_final_stacking_colab
3159,0,0.002861098,0,challenge_12_final_stacking_colab
3160,1,0.9679268,1,challenge_12_final_stacking_colab
3161,0,0.00705744,0,challenge_12_final_stacking_colab
3162,0,0.22722521,0,challenge_12_final_stacking_colab
3163,1,0.9864544,1,challenge_12_final_stacking_colab
3164,0,0.52092814,1,challenge_12_final_stacking_colab
3165,0,0.18045488,0,challenge_12_final_stacking_colab
3166,1,0.99759656,1,challenge_12_final_stacking_colab
3167,1,0.99999946,1,challenge_12_final_stacking_colab
3168,0,0.21565959,0,challenge_12_final_stacking_colab
3169,1,0.9926618,1,challenge_12_final_stacking_colab
3170,1,0.78188205,1,challenge_12_final_stacking_colab
3171,0,7.824957e-05,0,challenge_12_final_stacking_colab
3172,0,0.31107605,0,challenge_12_final_stacking_colab
3173,1,0.99713266,1,challenge_12_final_stacking_colab
3174,0,0.0006558662,0,challenge_12_final_stacking_colab
3175,0,0.22671002,0,challenge_12_final_stacking_colab
3176,0,0.48337933,0,challenge_12_final_stacking_colab
3177,1,0.98937225,1,challenge_12_final_stacking_colab
3178,0,0.0013487368,0,challenge_12_final_stacking_colab
3179,0,0.0020874182,0,challenge_12_final_stacking_colab
3180,0,0.21474525,0,challenge_12_final_stacking_colab
3181,1,0.9938266,1,challenge_12_final_stacking_colab
3182,1,0.9941453,1,challenge_12_final_stacking_colab
3183,1,0.9999932,1,challenge_12_final_stacking_colab
3184,1,0.9906186,1,challenge_12_final_stacking_colab
3185,1,0.9999997,1,challenge_12_final_stacking_colab
3186,0,0.004632764,0,challenge_12_final_stacking_colab
3187,0,0.000104124876,0,challenge_12_final_stacking_colab
3188,1,0.9968924,1,challenge_12_final_stacking_colab
3189,0,0.19595864,0,challenge_12_final_stacking_colab
3190,0,4.7700643e-05,0,challenge_12_final_stacking_colab
3191,1,0.967048,1,challenge_12_final_stacking_colab
3192,1,0.777757,1,challenge_12_final_stacking_colab
3193,1,0.83298284,1,challenge_12_final_stacking_colab
3194,1,0.99751073,1,challenge_12_final_stacking_colab
3195,1,0.99404156,1,challenge_12_final_stacking_colab
3196,0,0.21373565,0,challenge_12_final_stacking_colab
3197,1,0.764372,1,challenge_12_final_stacking_colab
3198,1,0.76727575,1,challenge_12_final_stacking_colab
3199,0,0.23130348,0,challenge_12_final_stacking_colab
3200,1,0.77695554,1,challenge_12_final_stacking_colab
3201,0,0.19706675,0,challenge_12_final_stacking_colab
3202,1,0.9915681,1,challenge_12_final_stacking_colab
3203,1,0.99660724,1,challenge_12_final_stacking_colab
3204,1,0.5966658,1,challenge_12_final_stacking_colab
3205,1,0.9934865,1,challenge_12_final_stacking_colab
3206,1,0.72549117,1,challenge_12_final_stacking_colab
3207,0,0.34529468,0,challenge_12_final_stacking_colab
3208,1,0.99497396,1,challenge_12_final_stacking_colab
3209,1,0.9999994,1,challenge_12_final_stacking_colab
3210,0,0.23215164,0,challenge_12_final_stacking_colab
3211,1,0.9967938,1,challenge_12_final_stacking_colab
3212,1,0.6961989,1,challenge_12_final_stacking_colab
3213,1,0.7533618,1,challenge_12_final_stacking_colab
3214,0,0.2582484,0,challenge_12_final_stacking_colab
3215,1,0.9999989,1,challenge_12_final_stacking_colab
3216,1,0.9297301,1,challenge_12_final_stacking_colab
3217,0,0.019445246,0,challenge_12_final_stacking_colab
3218,0,0.0004592495,0,challenge_12_final_stacking_colab
3219,1,0.99998933,1,challenge_12_final_stacking_colab
3220,1,0.99525416,1,challenge_12_final_stacking_colab
3221,0,0.00025335158,0,challenge_12_final_stacking_colab
3222,0,0.20578623,0,challenge_12_final_stacking_colab
3223,0,0.0012360298,0,challenge_12_final_stacking_colab
3224,1,0.9524154,1,challenge_12_final_stacking_colab
3225,1,0.9835876,1,challenge_12_final_stacking_colab
3226,1,0.9853385,1,challenge_12_final_stacking_colab
3227,0,0.00010303298,0,challenge_12_final_stacking_colab
3228,1,0.77395904,1,challenge_12_final_stacking_colab
3229,0,0.0011774723,0,challenge_12_final_stacking_colab
3230,0,0.26360753,0,challenge_12_final_stacking_colab
3231,1,0.99168974,1,challenge_12_final_stacking_colab
3232,1,0.74605894,1,challenge_12_final_stacking_colab
3233,1,0.7688712,1,challenge_12_final_stacking_colab
3234,1,0.99352634,1,challenge_12_final_stacking_colab
3235,1,0.996659,1,challenge_12_final_stacking_colab
3236,0,0.018232722,0,challenge_12_final_stacking_colab
3237,0,0.23954318,0,challenge_12_final_stacking_colab
3238,1,0.78229654,1,challenge_12_final_stacking_colab
3239,1,0.5173093,1,challenge_12_final_stacking_colab
3240,1,0.86350065,1,challenge_12_final_stacking_colab
3241,1,0.99999136,1,challenge_12_final_stacking_colab
3242,1,0.9999974,1,challenge_12_final_stacking_colab
3243,0,0.043601308,0,challenge_12_final_stacking_colab
3244,0,1.4476458e-05,0,challenge_12_final_stacking_colab
3245,1,0.983249,1,challenge_12_final_stacking_colab
3246,0,0.6986123,1,challenge_12_final_stacking_colab
3247,1,0.89927727,1,challenge_12_final_stacking_colab
3248,0,0.42500705,0,challenge_12_final_stacking_colab
3249,1,0.9093665,1,challenge_12_final_stacking_colab
3250,0,0.0351487,0,challenge_12_final_stacking_colab
3251,1,0.9967344,1,challenge_12_final_stacking_colab
3252,1,0.7567912,1,challenge_12_final_stacking_colab
3253,1,0.995934,1,challenge_12_final_stacking_colab
3254,1,0.9983059,1,challenge_12_final_stacking_colab
3255,0,0.005108224,0,challenge_12_final_stacking_colab
3256,1,0.9529105,1,challenge_12_final_stacking_colab
3257,0,0.0009787707,0,challenge_12_final_stacking_colab
3258,0,2.0164203e-05,0,challenge_12_final_stacking_colab
3259,0,0.0012894704,0,challenge_12_final_stacking_colab
3260,0,0.21118547,0,challenge_12_final_stacking_colab
3261,0,0.13410974,0,challenge_12_final_stacking_colab
3262,0,0.28948972,0,challenge_12_final_stacking_colab
3263,0,0.0012925456,0,challenge_12_final_stacking_colab
3264,0,0.0037703617,0,challenge_12_final_stacking_colab
3265,1,1.0,1,challenge_12_final_stacking_colab
3266,0,0.22051424,0,challenge_12_final_stacking_colab
3267,1,0.7718834,1,challenge_12_final_stacking_colab
3268,0,0.21092626,0,challenge_12_final_stacking_colab
3269,1,0.7805083,1,challenge_12_final_stacking_colab
3270,1,0.99999875,1,challenge_12_final_stacking_colab
3271,1,0.996528,1,challenge_12_final_stacking_colab
3272,1,0.4500147,0,challenge_12_final_stacking_colab
3273,0,0.0019926236,0,challenge_12_final_stacking_colab
3274,1,0.78450596,1,challenge_12_final_stacking_colab
3275,0,0.2226112,0,challenge_12_final_stacking_colab
3276,0,0.008160082,0,challenge_12_final_stacking_colab
3277,1,0.9332819,1,challenge_12_final_stacking_colab
3278,1,0.99321455,1,challenge_12_final_stacking_colab
3279,0,0.4250125,0,challenge_12_final_stacking_colab
3280,1,0.9532385,1,challenge_12_final_stacking_colab
3281,1,0.7864133,1,challenge_12_final_stacking_colab
3282,1,0.9844415,1,challenge_12_final_stacking_colab
3283,1,0.9930864,1,challenge_12_final_stacking_colab
3284,0,0.006040359,0,challenge_12_final_stacking_colab
3285,1,0.7964042,1,challenge_12_final_stacking_colab
3286,1,0.98601425,1,challenge_12_final_stacking_colab
3287,1,0.85234815,1,challenge_12_final_stacking_colab
3288,1,0.99999994,1,challenge_12_final_stacking_colab
3289,1,0.9978213,1,challenge_12_final_stacking_colab
3290,1,0.52271706,1,challenge_12_final_stacking_colab
3291,0,0.0040866756,0,challenge_12_final_stacking_colab
3292,0,3.528861e-05,0,challenge_12_final_stacking_colab
3293,0,8.3597406e-05,0,challenge_12_final_stacking_colab
3294,1,0.7529923,1,challenge_12_final_stacking_colab
3295,0,0.7193666,1,challenge_12_final_stacking_colab
3296,1,0.7593745,1,challenge_12_final_stacking_colab
3297,0,0.2092623,0,challenge_12_final_stacking_colab
3298,1,0.99999994,1,challenge_12_final_stacking_colab
3299,0,0.15264195,0,challenge_12_final_stacking_colab
3300,0,0.77835894,1,challenge_12_final_stacking_colab
3301,1,0.7858661,1,challenge_12_final_stacking_colab
3302,1,0.9983009,1,challenge_12_final_stacking_colab
3303,0,0.066197336,0,challenge_12_final_stacking_colab
3304,0,0.014113606,0,challenge_12_final_stacking_colab
3305,0,0.21682625,0,challenge_12_final_stacking_colab
3306,0,0.2095594,0,challenge_12_final_stacking_colab
3307,0,0.039591994,0,challenge_12_final_stacking_colab
3308,1,0.7877414,1,challenge_12_final_stacking_colab
3309,1,0.9979455,1,challenge_12_final_stacking_colab
3310,0,0.21432653,0,challenge_12_final_stacking_colab
3311,1,0.9920654,1,challenge_12_final_stacking_colab
3312,0,0.19627373,0,challenge_12_final_stacking_colab
3313,1,0.7938773,1,challenge_12_final_stacking_colab
3314,0,0.00025855922,0,challenge_12_final_stacking_colab
3315,1,0.9999998,1,challenge_12_final_stacking_colab
3316,0,0.3734573,0,challenge_12_final_stacking_colab
3317,0,0.00022099065,0,challenge_12_final_stacking_colab
3318,0,0.24553806,0,challenge_12_final_stacking_colab
3319,1,0.99619883,1,challenge_12_final_stacking_colab
3320,0,0.24838279,0,challenge_12_final_stacking_colab
3321,1,0.77917707,1,challenge_12_final_stacking_colab
3322,1,0.9885023,1,challenge_12_final_stacking_colab
3323,1,0.7834182,1,challenge_12_final_stacking_colab
3324,0,0.0006431432,0,challenge_12_final_stacking_colab
3325,0,2.2713415e-05,0,challenge_12_final_stacking_colab
3326,1,0.7998471,1,challenge_12_final_stacking_colab
3327,0,0.0039923424,0,challenge_12_final_stacking_colab
3328,0,0.42506415,0,challenge_12_final_stacking_colab
3329,1,0.9662472,1,challenge_12_final_stacking_colab
3330,1,0.8078859,1,challenge_12_final_stacking_colab
3331,0,0.9074509,1,challenge_12_final_stacking_colab
3332,0,0.006563058,0,challenge_12_final_stacking_colab
3333,1,0.7885912,1,challenge_12_final_stacking_colab
3334,0,0.017298969,0,challenge_12_final_stacking_colab
3335,1,0.9726497,1,challenge_12_final_stacking_colab
3336,0,0.50455153,1,challenge_12_final_stacking_colab
3337,0,0.3121797,0,challenge_12_final_stacking_colab
3338,1,0.77866405,1,challenge_12_final_stacking_colab
3339,0,0.00096100615,0,challenge_12_final_stacking_colab
3340,0,0.21053483,0,challenge_12_final_stacking_colab
3341,0,0.39419293,0,challenge_12_final_stacking_colab
3342,0,0.16326368,0,challenge_12_final_stacking_colab
3343,1,0.7898058,1,challenge_12_final_stacking_colab
3344,0,0.47560224,0,challenge_12_final_stacking_colab
3345,1,0.992905,1,challenge_12_final_stacking_colab
3346,1,0.99999917,1,challenge_12_final_stacking_colab
3347,0,1.9288987e-06,0,challenge_12_final_stacking_colab
3348,1,0.99999076,1,challenge_12_final_stacking_colab
3349,0,0.02326234,0,challenge_12_final_stacking_colab
3350,0,0.19634683,0,challenge_12_final_stacking_colab
3351,0,5.7500007e-08,0,challenge_12_final_stacking_colab
3352,0,0.040341843,0,challenge_12_final_stacking_colab
3353,0,0.00021569675,0,challenge_12_final_stacking_colab
3354,1,0.9878069,1,challenge_12_final_stacking_colab
3355,1,0.99999523,1,challenge_12_final_stacking_colab
3356,0,0.035137188,0,challenge_12_final_stacking_colab
3357,1,0.9999989,1,challenge_12_final_stacking_colab
3358,1,0.79294884,1,challenge_12_final_stacking_colab
3359,1,0.69654626,1,challenge_12_final_stacking_colab
3360,0,0.20237492,0,challenge_12_final_stacking_colab
3361,1,0.5725042,1,challenge_12_final_stacking_colab
3362,0,0.18428347,0,challenge_12_final_stacking_colab
3363,1,0.9965923,1,challenge_12_final_stacking_colab
3364,1,0.99999946,1,challenge_12_final_stacking_colab
3365,1,0.57166284,1,challenge_12_final_stacking_colab
3366,0,3.8375205e-05,0,challenge_12_final_stacking_colab
3367,1,0.5834523,1,challenge_12_final_stacking_colab
3368,1,0.99803406,1,challenge_12_final_stacking_colab
3369,0,6.309625e-06,0,challenge_12_final_stacking_colab
3370,1,0.99695945,1,challenge_12_final_stacking_colab
3371,0,0.00057842926,0,challenge_12_final_stacking_colab
3372,0,0.0036147754,0,challenge_12_final_stacking_colab
3373,0,4.847614e-06,0,challenge_12_final_stacking_colab
3374,0,0.2167347,0,challenge_12_final_stacking_colab
3375,0,7.302577e-06,0,challenge_12_final_stacking_colab
3376,1,0.5749919,1,challenge_12_final_stacking_colab
3377,1,0.9999985,1,challenge_12_final_stacking_colab
3378,1,0.9999984,1,challenge_12_final_stacking_colab
3379,0,0.21371286,0,challenge_12_final_stacking_colab
3380,0,0.08253993,0,challenge_12_final_stacking_colab
3381,1,0.9923252,1,challenge_12_final_stacking_colab
3382,0,0.42521858,0,challenge_12_final_stacking_colab
3383,0,0.02063173,0,challenge_12_final_stacking_colab
3384,1,0.999996,1,challenge_12_final_stacking_colab
3385,0,0.24747558,0,challenge_12_final_stacking_colab
3386,0,0.4650238,0,challenge_12_final_stacking_colab
3387,0,0.22208783,0,challenge_12_final_stacking_colab
3388,0,0.6680528,1,challenge_12_final_stacking_colab
3389,0,0.29915497,0,challenge_12_final_stacking_colab
3390,1,0.9999993,1,challenge_12_final_stacking_colab
3391,0,0.004290035,0,challenge_12_final_stacking_colab
3392,0,0.00012457972,0,challenge_12_final_stacking_colab
3393,0,0.62640965,1,challenge_12_final_stacking_colab
3394,1,0.9030523,1,challenge_12_final_stacking_colab
3395,1,0.99999756,1,challenge_12_final_stacking_colab
3396,0,0.28645968,0,challenge_12_final_stacking_colab
3397,1,0.99999905,1,challenge_12_final_stacking_colab
3398,0,0.0005651585,0,challenge_12_final_stacking_colab
3399,1,0.9229819,1,challenge_12_final_stacking_colab
3400,0,0.435724,0,challenge_12_final_stacking_colab
3401,1,0.7830685,1,challenge_12_final_stacking_colab
3402,0,0.21444477,0,challenge_12_final_stacking_colab
3403,1,0.7750638,1,challenge_12_final_stacking_colab
3404,1,0.94207054,1,challenge_12_final_stacking_colab
3405,0,1.4470469e-06,0,challenge_12_final_stacking_colab
3406,0,0.0005845679,0,challenge_12_final_stacking_colab
3407,0,0.21459198,0,challenge_12_final_stacking_colab
3408,0,0.19650187,0,challenge_12_final_stacking_colab
3409,1,0.98061204,1,challenge_12_final_stacking_colab
3410,0,6.096983e-06,0,challenge_12_final_stacking_colab
3411,1,0.992484,1,challenge_12_final_stacking_colab
3412,0,0.025063356,0,challenge_12_final_stacking_colab
3413,1,0.9806453,1,challenge_12_final_stacking_colab
3414,1,0.99239606,1,challenge_12_final_stacking_colab
3415,1,0.9999967,1,challenge_12_final_stacking_colab
3416,0,0.009000014,0,challenge_12_final_stacking_colab
3417,0,0.004688309,0,challenge_12_final_stacking_colab
3418,0,0.42505816,0,challenge_12_final_stacking_colab
3419,0,0.0052860053,0,challenge_12_final_stacking_colab
3420,0,1.0951735e-07,0,challenge_12_final_stacking_colab
3421,1,0.5257582,1,challenge_12_final_stacking_colab
3422,1,0.96810275,1,challenge_12_final_stacking_colab
3423,0,0.4659576,0,challenge_12_final_stacking_colab
3424,1,0.99999696,1,challenge_12_final_stacking_colab
3425,0,0.014291798,0,challenge_12_final_stacking_colab
3426,0,8.396393e-05,0,challenge_12_final_stacking_colab
3427,0,0.35271865,0,challenge_12_final_stacking_colab
3428,1,0.750306,1,challenge_12_final_stacking_colab
3429,1,0.78830266,1,challenge_12_final_stacking_colab
3430,0,0.29357493,0,challenge_12_final_stacking_colab
3431,0,0.2130998,0,challenge_12_final_stacking_colab
3432,0,0.17255689,0,challenge_12_final_stacking_colab
3433,0,1.470684e-05,0,challenge_12_final_stacking_colab
3434,0,0.21474321,0,challenge_12_final_stacking_colab
3435,0,0.21519275,0,challenge_12_final_stacking_colab
3436,0,0.42853266,0,challenge_12_final_stacking_colab
3437,0,0.010791372,0,challenge_12_final_stacking_colab
3438,1,0.8936332,1,challenge_12_final_stacking_colab
3439,0,0.021001892,0,challenge_12_final_stacking_colab
3440,1,0.9982605,1,challenge_12_final_stacking_colab
3441,0,0.48473364,0,challenge_12_final_stacking_colab
3442,0,0.43097982,0,challenge_12_final_stacking_colab
3443,0,0.43414024,0,challenge_12_final_stacking_colab
3444,1,0.9999997,1,challenge_12_final_stacking_colab
3445,0,6.0426013e-05,0,challenge_12_final_stacking_colab
3446,1,0.7210497,1,challenge_12_final_stacking_colab
3447,1,0.99999094,1,challenge_12_final_stacking_colab
3448,1,0.99999976,1,challenge_12_final_stacking_colab
3449,0,0.0070546847,0,challenge_12_final_stacking_colab
3450,0,0.0019027517,0,challenge_12_final_stacking_colab
3451,0,0.00032869674,0,challenge_12_final_stacking_colab
3452,1,0.9899615,1,challenge_12_final_stacking_colab
3453,1,0.7800138,1,challenge_12_final_stacking_colab
3454,1,0.7818729,1,challenge_12_final_stacking_colab
3455,1,0.99438554,1,challenge_12_final_stacking_colab
3456,0,0.6315563,1,challenge_12_final_stacking_colab
3457,1,0.99999815,1,challenge_12_final_stacking_colab
3458,1,0.99999386,1,challenge_12_final_stacking_colab
3459,0,3.9173952e-05,0,challenge_12_final_stacking_colab
3460,1,0.31370103,0,challenge_12_final_stacking_colab
3461,1,0.9889695,1,challenge_12_final_stacking_colab
3462,0,0.33062956,0,challenge_12_final_stacking_colab
3463,1,0.99810773,1,challenge_12_final_stacking_colab
3464,1,0.76328117,1,challenge_12_final_stacking_colab
3465,0,0.21084027,0,challenge_12_final_stacking_colab
3466,1,0.7799428,1,challenge_12_final_stacking_colab
3467,1,0.9551134,1,challenge_12_final_stacking_colab
3468,1,0.99999976,1,challenge_12_final_stacking_colab
3469,0,0.00028798654,0,challenge_12_final_stacking_colab
3470,1,0.9999998,1,challenge_12_final_stacking_colab
3471,0,0.0015102219,0,challenge_12_final_stacking_colab
3472,0,0.21764307,0,challenge_12_final_stacking_colab
3473,1,0.99999624,1,challenge_12_final_stacking_colab
3474,0,0.7477802,1,challenge_12_final_stacking_colab
3475,1,0.9956072,1,challenge_12_final_stacking_colab
3476,1,0.99999684,1,challenge_12_final_stacking_colab
3477,0,0.47358793,0,challenge_12_final_stacking_colab
3478,0,0.02851803,0,challenge_12_final_stacking_colab
3479,1,0.9975282,1,challenge_12_final_stacking_colab
3480,0,0.00017893901,0,challenge_12_final_stacking_colab
3481,0,0.2182173,0,challenge_12_final_stacking_colab
3482,1,0.9999997,1,challenge_12_final_stacking_colab
3483,0,6.8692694e-05,0,challenge_12_final_stacking_colab
3484,1,0.7784841,1,challenge_12_final_stacking_colab
3485,1,0.99017376,1,challenge_12_final_stacking_colab
3486,0,1.926755e-05,0,challenge_12_final_stacking_colab
3487,0,0.36387423,0,challenge_12_final_stacking_colab
3488,0,0.0019418652,0,challenge_12_final_stacking_colab
3489,0,0.21582918,0,challenge_12_final_stacking_colab
3490,1,0.99609995,1,challenge_12_final_stacking_colab
3491,1,0.5428577,1,challenge_12_final_stacking_colab
3492,1,0.11910996,0,challenge_12_final_stacking_colab
3493,1,0.9892936,1,challenge_12_final_stacking_colab
3494,0,0.00016234661,0,challenge_12_final_stacking_colab
3495,0,5.7500007e-08,0,challenge_12_final_stacking_colab
3496,1,0.7843111,1,challenge_12_final_stacking_colab
3497,0,7.5142555e-07,0,challenge_12_final_stacking_colab
3498,1,0.80007386,1,challenge_12_final_stacking_colab
3499,0,0.20578395,0,challenge_12_final_stacking_colab
3500,0,0.0011562511,0,challenge_12_final_stacking_colab
3501,0,0.01042907,0,challenge_12_final_stacking_colab
3502,0,0.34315458,0,challenge_12_final_stacking_colab
3503,0,0.20154417,0,challenge_12_final_stacking_colab
3504,1,0.7728623,1,challenge_12_final_stacking_colab
3505,0,0.0002227821,0,challenge_12_final_stacking_colab
3506,1,0.48837048,0,challenge_12_final_stacking_colab
3507,1,0.99761534,1,challenge_12_final_stacking_colab
3508,1,0.79120606,1,challenge_12_final_stacking_colab
3509,1,0.9949133,1,challenge_12_final_stacking_colab
3510,1,0.74425954,1,challenge_12_final_stacking_colab
3511,1,0.99501574,1,challenge_12_final_stacking_colab
3512,1,0.78761065,1,challenge_12_final_stacking_colab
3513,1,0.9266376,1,challenge_12_final_stacking_colab
3514,0,0.5770774,1,challenge_12_final_stacking_colab
3515,1,0.9999965,1,challenge_12_final_stacking_colab
3516,1,0.9963935,1,challenge_12_final_stacking_colab
3517,1,0.99999195,1,challenge_12_final_stacking_colab
3518,0,0.00079641526,0,challenge_12_final_stacking_colab
3519,0,0.7125,1,challenge_12_final_stacking_colab
3520,1,0.99434507,1,challenge_12_final_stacking_colab
3521,1,0.9972152,1,challenge_12_final_stacking_colab
3522,0,0.03788239,0,challenge_12_final_stacking_colab
3523,1,0.9480132,1,challenge_12_final_stacking_colab
3524,1,0.7515401,1,challenge_12_final_stacking_colab
3525,1,0.9971455,1,challenge_12_final_stacking_colab
3526,0,0.2168825,0,challenge_12_final_stacking_colab
3527,0,0.037869073,0,challenge_12_final_stacking_colab
3528,0,0.20930521,0,challenge_12_final_stacking_colab
3529,0,0.3131367,0,challenge_12_final_stacking_colab
3530,0,0.0021677637,0,challenge_12_final_stacking_colab
3531,0,0.0010921826,0,challenge_12_final_stacking_colab
3532,1,0.76896435,1,challenge_12_final_stacking_colab
3533,1,0.99803287,1,challenge_12_final_stacking_colab
3534,0,0.06026614,0,challenge_12_final_stacking_colab
3535,0,0.20779456,0,challenge_12_final_stacking_colab
3536,1,0.99227226,1,challenge_12_final_stacking_colab
3537,1,0.99999994,1,challenge_12_final_stacking_colab
3538,0,0.9861263,1,challenge_12_final_stacking_colab
3539,0,0.0027436246,0,challenge_12_final_stacking_colab
3540,0,0.8621436,1,challenge_12_final_stacking_colab
3541,1,0.99057794,1,challenge_12_final_stacking_colab
3542,1,0.9999995,1,challenge_12_final_stacking_colab
3543,1,0.9999892,1,challenge_12_final_stacking_colab
3544,0,0.65123326,1,challenge_12_final_stacking_colab
3545,0,0.0015343875,0,challenge_12_final_stacking_colab
3546,1,0.7905456,1,challenge_12_final_stacking_colab
3547,0,0.0010193065,0,challenge_12_final_stacking_colab
3548,0,0.38547426,0,challenge_12_final_stacking_colab
3549,1,0.9999996,1,challenge_12_final_stacking_colab
3550,0,0.21491216,0,challenge_12_final_stacking_colab
3551,0,0.22151516,0,challenge_12_final_stacking_colab
3552,0,0.0092833685,0,challenge_12_final_stacking_colab
3553,0,0.0014857805,0,challenge_12_final_stacking_colab
3554,1,0.7262047,1,challenge_12_final_stacking_colab
3555,0,0.09794259,0,challenge_12_final_stacking_colab
3556,0,0.9057066,1,challenge_12_final_stacking_colab
3557,0,0.00049788086,0,challenge_12_final_stacking_colab
3558,1,0.9908566,1,challenge_12_final_stacking_colab
3559,1,0.25561172,0,challenge_12_final_stacking_colab
3560,1,0.78771985,1,challenge_12_final_stacking_colab
3561,1,0.97007626,1,challenge_12_final_stacking_colab
3562,0,0.0007755875,0,challenge_12_final_stacking_colab
3563,1,0.57210225,1,challenge_12_final_stacking_colab
3564,0,0.01202894,0,challenge_12_final_stacking_colab
3565,0,0.4733703,0,challenge_12_final_stacking_colab
3566,0,0.21212904,0,challenge_12_final_stacking_colab
3567,1,0.99688554,1,challenge_12_final_stacking_colab
3568,1,0.7957907,1,challenge_12_final_stacking_colab
3569,1,0.80421203,1,challenge_12_final_stacking_colab
3570,0,0.20109747,0,challenge_12_final_stacking_colab
3571,1,0.78699344,1,challenge_12_final_stacking_colab
3572,1,0.99999446,1,challenge_12_final_stacking_colab
3573,0,0.0016588767,0,challenge_12_final_stacking_colab
3574,1,0.9514175,1,challenge_12_final_stacking_colab
3575,0,0.0001459256,0,challenge_12_final_stacking_colab
3576,0,0.000561478,0,challenge_12_final_stacking_colab
3577,1,0.784128,1,challenge_12_final_stacking_colab
3578,0,0.061307605,0,challenge_12_final_stacking_colab
3579,1,0.92535204,1,challenge_12_final_stacking_colab
3580,0,0.35882458,0,challenge_12_final_stacking_colab
3581,1,0.9999913,1,challenge_12_final_stacking_colab
3582,0,0.0017788938,0,challenge_12_final_stacking_colab
3583,1,0.99999046,1,challenge_12_final_stacking_colab
3584,0,0.42967296,0,challenge_12_final_stacking_colab
3585,1,0.99999887,1,challenge_12_final_stacking_colab
3586,1,0.99740344,1,challenge_12_final_stacking_colab
3587,1,0.999998,1,challenge_12_final_stacking_colab
3588,1,0.793603,1,challenge_12_final_stacking_colab
3589,1,0.8409192,1,challenge_12_final_stacking_colab
3590,0,0.0020887032,0,challenge_12_final_stacking_colab
3591,1,0.7842349,1,challenge_12_final_stacking_colab
3592,0,5.4287626e-05,0,challenge_12_final_stacking_colab
3593,1,0.8045696,1,challenge_12_final_stacking_colab
3594,0,0.0024977638,0,challenge_12_final_stacking_colab
3595,1,0.781983,1,challenge_12_final_stacking_colab
3596,1,0.979372,1,challenge_12_final_stacking_colab
3597,1,0.99999917,1,challenge_12_final_stacking_colab
3598,1,0.99816424,1,challenge_12_final_stacking_colab
3599,0,0.21773446,0,challenge_12_final_stacking_colab
3600,1,0.9999993,1,challenge_12_final_stacking_colab
3601,0,0.0053825304,0,challenge_12_final_stacking_colab
3602,0,0.041411158,0,challenge_12_final_stacking_colab
3603,1,0.9975411,1,challenge_12_final_stacking_colab
3604,0,0.21069033,0,challenge_12_final_stacking_colab
3605,1,0.9999977,1,challenge_12_final_stacking_colab
3606,0,0.7507609,1,challenge_12_final_stacking_colab
3607,1,0.8960001,1,challenge_12_final_stacking_colab
3608,1,0.78613085,1,challenge_12_final_stacking_colab
3609,1,0.9999958,1,challenge_12_final_stacking_colab
3610,0,0.00038166528,0,challenge_12_final_stacking_colab
3611,0,0.1881329,0,challenge_12_final_stacking_colab
3612,1,0.7925954,1,challenge_12_final_stacking_colab
3613,0,0.20317109,0,challenge_12_final_stacking_colab
3614,0,0.0018142493,0,challenge_12_final_stacking_colab
3615,0,0.0004979196,0,challenge_12_final_stacking_colab
3616,1,0.9999929,1,challenge_12_final_stacking_colab
3617,1,0.99999964,1,challenge_12_final_stacking_colab
3618,0,4.394506e-07,0,challenge_12_final_stacking_colab
3619,0,0.5221201,1,challenge_12_final_stacking_colab
3620,1,0.75679314,1,challenge_12_final_stacking_colab
3621,1,0.99999934,1,challenge_12_final_stacking_colab
3622,1,0.9534389,1,challenge_12_final_stacking_colab
3623,0,0.006061011,0,challenge_12_final_stacking_colab
3624,0,0.0007168963,0,challenge_12_final_stacking_colab
3625,0,3.182589e-07,0,challenge_12_final_stacking_colab
3626,1,0.97619647,1,challenge_12_final_stacking_colab
3627,0,0.0013835857,0,challenge_12_final_stacking_colab
3628,0,0.21363619,0,challenge_12_final_stacking_colab
3629,0,0.0025739332,0,challenge_12_final_stacking_colab
3630,1,0.99342436,1,challenge_12_final_stacking_colab
3631,1,0.99999756,1,challenge_12_final_stacking_colab
3632,0,0.00012542498,0,challenge_12_final_stacking_colab
3633,1,0.54243547,1,challenge_12_final_stacking_colab
3634,1,0.9916529,1,challenge_12_final_stacking_colab
3635,1,0.9959737,1,challenge_12_final_stacking_colab
3636,1,0.9999908,1,challenge_12_final_stacking_colab
3637,0,0.653078,1,challenge_12_final_stacking_colab
3638,1,0.99999905,1,challenge_12_final_stacking_colab
3639,1,0.5393767,1,challenge_12_final_stacking_colab
3640,0,0.00058795925,0,challenge_12_final_stacking_colab
3641,0,0.21315315,0,challenge_12_final_stacking_colab
3642,1,0.7897311,1,challenge_12_final_stacking_colab
3643,0,0.20068304,0,challenge_12_final_stacking_colab
3644,1,0.99813175,1,challenge_12_final_stacking_colab
3645,1,0.6236052,1,challenge_12_final_stacking_colab
3646,0,0.2255423,0,challenge_12_final_stacking_colab
3647,0,0.20658767,0,challenge_12_final_stacking_colab
3648,0,0.14718315,0,challenge_12_final_stacking_colab
3649,0,1.0581791e-05,0,challenge_12_final_stacking_colab
3650,1,0.9999927,1,challenge_12_final_stacking_colab
3651,1,0.7820149,1,challenge_12_final_stacking_colab
3652,0,0.22186475,0,challenge_12_final_stacking_colab
3653,0,0.42194915,0,challenge_12_final_stacking_colab
3654,0,0.0018863247,0,challenge_12_final_stacking_colab
3655,1,0.3566385,0,challenge_12_final_stacking_colab
3656,1,0.7844038,1,challenge_12_final_stacking_colab
3657,1,0.99999785,1,challenge_12_final_stacking_colab
3658,0,0.0015593015,0,challenge_12_final_stacking_colab
3659,1,0.99093014,1,challenge_12_final_stacking_colab
3660,0,0.4242,0,challenge_12_final_stacking_colab
3661,0,0.54891044,1,challenge_12_final_stacking_colab
3662,1,0.4491882,0,challenge_12_final_stacking_colab
3663,0,0.0016083987,0,challenge_12_final_stacking_colab
3664,1,0.98762757,1,challenge_12_final_stacking_colab
3665,1,0.9032689,1,challenge_12_final_stacking_colab
3666,1,0.9830664,1,challenge_12_final_stacking_colab
3667,1,0.9982478,1,challenge_12_final_stacking_colab
3668,1,0.908147,1,challenge_12_final_stacking_colab
3669,0,0.005515657,0,challenge_12_final_stacking_colab
3670,1,0.92112917,1,challenge_12_final_stacking_colab
3671,1,0.7099001,1,challenge_12_final_stacking_colab
3672,1,0.9999949,1,challenge_12_final_stacking_colab
3673,1,0.22678192,0,challenge_12_final_stacking_colab
3674,1,0.9900706,1,challenge_12_final_stacking_colab
3675,0,0.6567064,1,challenge_12_final_stacking_colab
3676,0,0.0006320914,0,challenge_12_final_stacking_colab
3677,1,0.9999997,1,challenge_12_final_stacking_colab
3678,1,0.7480877,1,challenge_12_final_stacking_colab
3679,0,0.0076257065,0,challenge_12_final_stacking_colab
3680,0,0.00031884882,0,challenge_12_final_stacking_colab
3681,1,0.98537207,1,challenge_12_final_stacking_colab
3682,1,0.7870436,1,challenge_12_final_stacking_colab
3683,1,0.99999183,1,challenge_12_final_stacking_colab
3684,0,0.0050775153,0,challenge_12_final_stacking_colab
3685,0,0.0012842846,0,challenge_12_final_stacking_colab
3686,1,0.99998987,1,challenge_12_final_stacking_colab
3687,0,0.21117233,0,challenge_12_final_stacking_colab
3688,1,0.99999964,1,challenge_12_final_stacking_colab
3689,0,6.7195055e-05,0,challenge_12_final_stacking_colab
3690,0,0.006223162,0,challenge_12_final_stacking_colab
3691,1,0.7841919,1,challenge_12_final_stacking_colab
3692,0,0.21308154,0,challenge_12_final_stacking_colab
3693,1,0.89499027,1,challenge_12_final_stacking_colab
3694,1,0.9615414,1,challenge_12_final_stacking_colab
3695,0,2.2743432e-05,0,challenge_12_final_stacking_colab
3696,1,0.7794515,1,challenge_12_final_stacking_colab
3697,1,0.78885317,1,challenge_12_final_stacking_colab
3698,1,1.0,1,challenge_12_final_stacking_colab
3699,1,0.96654886,1,challenge_12_final_stacking_colab
3700,1,0.99999964,1,challenge_12_final_stacking_colab
3701,1,0.7684823,1,challenge_12_final_stacking_colab
3702,0,0.4254992,0,challenge_12_final_stacking_colab
3703,0,0.05993831,0,challenge_12_final_stacking_colab
3704,0,0.022074647,0,challenge_12_final_stacking_colab
3705,0,0.030986097,0,challenge_12_final_stacking_colab
3706,1,0.7317466,1,challenge_12_final_stacking_colab
3707,0,0.53344405,1,challenge_12_final_stacking_colab
3708,1,0.7831706,1,challenge_12_final_stacking_colab
3709,0,0.47540873,0,challenge_12_final_stacking_colab
3710,1,0.99796396,1,challenge_12_final_stacking_colab
3711,1,0.91045815,1,challenge_12_final_stacking_colab
3712,0,5.1353516e-07,0,challenge_12_final_stacking_colab
3713,1,0.98961747,1,challenge_12_final_stacking_colab
3714,1,0.99999946,1,challenge_12_final_stacking_colab
3715,0,0.0017413076,0,challenge_12_final_stacking_colab
3716,1,0.9999938,1,challenge_12_final_stacking_colab
3717,0,0.42943835,0,challenge_12_final_stacking_colab
3718,1,0.9973182,1,challenge_12_final_stacking_colab
3719,0,0.01942776,0,challenge_12_final_stacking_colab
3720,0,0.00029154355,0,challenge_12_final_stacking_colab
3721,1,0.9390323,1,challenge_12_final_stacking_colab
3722,1,0.59896934,1,challenge_12_final_stacking_colab
3723,0,0.0020403124,0,challenge_12_final_stacking_colab
3724,0,0.4658243,0,challenge_12_final_stacking_colab
3725,0,0.23624483,0,challenge_12_final_stacking_colab
3726,1,0.5166462,1,challenge_12_final_stacking_colab
3727,0,0.20861444,0,challenge_12_final_stacking_colab
3728,1,0.7849105,1,challenge_12_final_stacking_colab
3729,0,0.21225028,0,challenge_12_final_stacking_colab
3730,0,0.32138452,0,challenge_12_final_stacking_colab
3731,1,0.5726341,1,challenge_12_final_stacking_colab
3732,1,0.99999774,1,challenge_12_final_stacking_colab
3733,1,0.80229867,1,challenge_12_final_stacking_colab
3734,1,0.99849105,1,challenge_12_final_stacking_colab
3735,0,2.8508326e-05,0,challenge_12_final_stacking_colab
3736,1,0.9999929,1,challenge_12_final_stacking_colab
3737,0,0.38089427,0,challenge_12_final_stacking_colab
3738,1,0.7791295,1,challenge_12_final_stacking_colab
3739,1,0.99849004,1,challenge_12_final_stacking_colab
3740,0,0.17568654,0,challenge_12_final_stacking_colab
3741,1,0.99999934,1,challenge_12_final_stacking_colab
3742,1,0.94773006,1,challenge_12_final_stacking_colab
3743,1,0.7882859,1,challenge_12_final_stacking_colab
3744,1,0.67836016,1,challenge_12_final_stacking_colab
3745,0,0.4286405,0,challenge_12_final_stacking_colab
3746,1,0.99185437,1,challenge_12_final_stacking_colab
3747,0,0.0019392067,0,challenge_12_final_stacking_colab
3748,0,0.21469618,0,challenge_12_final_stacking_colab
3749,0,0.20834447,0,challenge_12_final_stacking_colab
3750,1,0.97658587,1,challenge_12_final_stacking_colab
3751,1,0.9983133,1,challenge_12_final_stacking_colab
3752,0,0.1811358,0,challenge_12_final_stacking_colab
3753,1,0.68925685,1,challenge_12_final_stacking_colab
3754,0,0.013121216,0,challenge_12_final_stacking_colab
3755,1,0.7872394,1,challenge_12_final_stacking_colab
3756,1,0.98008025,1,challenge_12_final_stacking_colab
3757,0,0.27881905,0,challenge_12_final_stacking_colab
3758,0,0.00011377875,0,challenge_12_final_stacking_colab
3759,0,0.17584288,0,challenge_12_final_stacking_colab
3760,1,0.9999999,1,challenge_12_final_stacking_colab
3761,1,0.810455,1,challenge_12_final_stacking_colab
3762,1,0.94779545,1,challenge_12_final_stacking_colab
3763,1,0.7785587,1,challenge_12_final_stacking_colab
3764,0,5.9439226e-05,0,challenge_12_final_stacking_colab
3765,0,1.1036309e-05,0,challenge_12_final_stacking_colab
3766,0,7.324305e-05,0,challenge_12_final_stacking_colab
3767,0,0.20317443,0,challenge_12_final_stacking_colab
3768,1,0.2378855,0,challenge_12_final_stacking_colab
3769,0,0.000778422,0,challenge_12_final_stacking_colab
3770,0,0.43169144,0,challenge_12_final_stacking_colab
3771,1,0.9970045,1,challenge_12_final_stacking_colab
3772,0,0.21158832,0,challenge_12_final_stacking_colab
3773,1,0.96861386,1,challenge_12_final_stacking_colab
3774,1,0.95600533,1,challenge_12_final_stacking_colab
3775,0,0.44035795,0,challenge_12_final_stacking_colab
3776,1,0.75733757,1,challenge_12_final_stacking_colab
3777,1,0.99360573,1,challenge_12_final_stacking_colab
3778,0,0.20812689,0,challenge_12_final_stacking_colab
3779,0,0.0014919804,0,challenge_12_final_stacking_colab
3780,1,0.99999,1,challenge_12_final_stacking_colab
3781,0,0.0062782764,0,challenge_12_final_stacking_colab
3782,1,0.91677237,1,challenge_12_final_stacking_colab
3783,1,0.9999965,1,challenge_12_final_stacking_colab
3784,1,0.99743927,1,challenge_12_final_stacking_colab
3785,0,0.017628824,0,challenge_12_final_stacking_colab
3786,1,0.792698,1,challenge_12_final_stacking_colab
3787,0,0.22923395,0,challenge_12_final_stacking_colab
3788,1,0.9931081,1,challenge_12_final_stacking_colab
3789,0,0.18114227,0,challenge_12_final_stacking_colab
3790,0,0.4250358,0,challenge_12_final_stacking_colab
3791,1,0.99745685,1,challenge_12_final_stacking_colab
3792,0,0.0023083373,0,challenge_12_final_stacking_colab
3793,0,0.33691064,0,challenge_12_final_stacking_colab
3794,0,0.54376817,1,challenge_12_final_stacking_colab
3795,0,0.23488234,0,challenge_12_final_stacking_colab
3796,0,0.008659757,0,challenge_12_final_stacking_colab
3797,1,0.7805963,1,challenge_12_final_stacking_colab
3798,0,0.20335354,0,challenge_12_final_stacking_colab
3799,1,0.97662705,1,challenge_12_final_stacking_colab
3800,0,0.2149764,0,challenge_12_final_stacking_colab
3801,1,0.9398491,1,challenge_12_final_stacking_colab
3802,1,0.73105204,1,challenge_12_final_stacking_colab
3803,0,0.022291984,0,challenge_12_final_stacking_colab
3804,1,0.9949381,1,challenge_12_final_stacking_colab
3805,0,0.00019870613,0,challenge_12_final_stacking_colab
3806,0,0.0008300715,0,challenge_12_final_stacking_colab
3807,1,0.57242477,1,challenge_12_final_stacking_colab
3808,0,0.0006076658,0,challenge_12_final_stacking_colab
3809,0,0.19051851,0,challenge_12_final_stacking_colab
3810,0,0.00014755363,0,challenge_12_final_stacking_colab
3811,0,0.4284229,0,challenge_12_final_stacking_colab
3812,0,0.13684127,0,challenge_12_final_stacking_colab
3813,0,0.23482671,0,challenge_12_final_stacking_colab
3814,1,0.9824027,1,challenge_12_final_stacking_colab
3815,1,0.9842364,1,challenge_12_final_stacking_colab
3816,0,0.5912092,1,challenge_12_final_stacking_colab
3817,0,5.7500007e-08,0,challenge_12_final_stacking_colab
3818,0,0.0012233077,0,challenge_12_final_stacking_colab
3819,0,0.21195307,0,challenge_12_final_stacking_colab
3820,1,0.99175566,1,challenge_12_final_stacking_colab
3821,1,0.9976282,1,challenge_12_final_stacking_colab
3822,0,0.0017698989,0,challenge_12_final_stacking_colab
3823,1,0.9972404,1,challenge_12_final_stacking_colab
3824,0,0.4262614,0,challenge_12_final_stacking_colab
3825,1,0.7481613,1,challenge_12_final_stacking_colab
3826,0,0.00029681876,0,challenge_12_final_stacking_colab
3827,0,0.6658058,1,challenge_12_final_stacking_colab
3828,1,0.99357826,1,challenge_12_final_stacking_colab
3829,0,0.00042121825,0,challenge_12_final_stacking_colab
3830,1,0.76348495,1,challenge_12_final_stacking_colab
3831,0,4.64798e-05,0,challenge_12_final_stacking_colab
3832,0,8.100148e-05,0,challenge_12_final_stacking_colab
3833,1,0.9858395,1,challenge_12_final_stacking_colab
3834,1,0.9969903,1,challenge_12_final_stacking_colab
3835,0,0.4565567,0,challenge_12_final_stacking_colab
3836,0,0.00012708835,0,challenge_12_final_stacking_colab
3837,1,0.9985069,1,challenge_12_final_stacking_colab
3838,1,0.9370714,1,challenge_12_final_stacking_colab
3839,1,0.9919383,1,challenge_12_final_stacking_colab
3840,0,0.4257966,0,challenge_12_final_stacking_colab
3841,0,0.429746,0,challenge_12_final_stacking_colab
3842,0,0.21508285,0,challenge_12_final_stacking_colab
3843,1,0.4308732,0,challenge_12_final_stacking_colab
3844,0,0.20769799,0,challenge_12_final_stacking_colab
3845,1,0.78800267,1,challenge_12_final_stacking_colab
3846,0,0.20314947,0,challenge_12_final_stacking_colab
3847,1,0.9983211,1,challenge_12_final_stacking_colab
3848,0,2.1216858e-06,0,challenge_12_final_stacking_colab
3849,0,0.4254311,0,challenge_12_final_stacking_colab
3850,1,0.5701048,1,challenge_12_final_stacking_colab
3851,0,0.19498804,0,challenge_12_final_stacking_colab
3852,1,0.7481884,1,challenge_12_final_stacking_colab
3853,1,0.8292385,1,challenge_12_final_stacking_colab
3854,1,0.78724396,1,challenge_12_final_stacking_colab
3855,1,0.778774,1,challenge_12_final_stacking_colab
3856,0,5.547713e-07,0,challenge_12_final_stacking_colab
3857,0,0.327483,0,challenge_12_final_stacking_colab
3858,1,0.9999991,1,challenge_12_final_stacking_colab
3859,0,0.00041171914,0,challenge_12_final_stacking_colab
3860,0,0.0060875393,0,challenge_12_final_stacking_colab
3861,0,0.0014896414,0,challenge_12_final_stacking_colab
3862,1,0.7297163,1,challenge_12_final_stacking_colab
3863,1,0.9979402,1,challenge_12_final_stacking_colab
3864,1,0.9957797,1,challenge_12_final_stacking_colab
3865,0,0.0022892784,0,challenge_12_final_stacking_colab
3866,0,0.47390714,0,challenge_12_final_stacking_colab
3867,0,5.7500007e-08,0,challenge_12_final_stacking_colab
3868,1,0.9963215,1,challenge_12_final_stacking_colab
3869,1,0.9229795,1,challenge_12_final_stacking_colab
3870,0,0.21433286,0,challenge_12_final_stacking_colab
3871,1,0.34452102,0,challenge_12_final_stacking_colab
3872,0,0.0060176584,0,challenge_12_final_stacking_colab
3873,1,0.99718946,1,challenge_12_final_stacking_colab
3874,1,0.99999607,1,challenge_12_final_stacking_colab
3875,0,0.16476622,0,challenge_12_final_stacking_colab
3876,0,0.000111735644,0,challenge_12_final_stacking_colab
3877,0,0.00011972806,0,challenge_12_final_stacking_colab
3878,0,0.23221762,0,challenge_12_final_stacking_colab
3879,1,0.45364085,0,challenge_12_final_stacking_colab
3880,0,0.2161787,0,challenge_12_final_stacking_colab
3881,0,0.12212617,0,challenge_12_final_stacking_colab
3882,1,0.7940995,1,challenge_12_final_stacking_colab
3883,0,0.4543526,0,challenge_12_final_stacking_colab
3884,0,0.00022967711,0,challenge_12_final_stacking_colab
3885,0,0.34107968,0,challenge_12_final_stacking_colab
3886,0,0.47703618,0,challenge_12_final_stacking_colab
3887,0,0.00034643986,0,challenge_12_final_stacking_colab
3888,0,0.1810107,0,challenge_12_final_stacking_colab
3889,1,0.99449235,1,challenge_12_final_stacking_colab
3890,1,0.9315445,1,challenge_12_final_stacking_colab
3891,1,0.9655638,1,challenge_12_final_stacking_colab
3892,0,0.2374684,0,challenge_12_final_stacking_colab
3893,1,0.5258272,1,challenge_12_final_stacking_colab
3894,0,0.0016316498,0,challenge_12_final_stacking_colab
3895,1,0.7372261,1,challenge_12_final_stacking_colab
3896,1,0.9605432,1,challenge_12_final_stacking_colab
3897,1,0.7858682,1,challenge_12_final_stacking_colab
3898,1,0.77584404,1,challenge_12_final_stacking_colab
3899,1,0.997889,1,challenge_12_final_stacking_colab
3900,0,9.249535e-05,0,challenge_12_final_stacking_colab
3901,1,0.97102356,1,challenge_12_final_stacking_colab
3902,1,0.9999999,1,challenge_12_final_stacking_colab
3903,1,0.6592741,1,challenge_12_final_stacking_colab
3904,0,0.00568747,0,challenge_12_final_stacking_colab
3905,1,0.9958283,1,challenge_12_final_stacking_colab
3906,1,0.7905766,1,challenge_12_final_stacking_colab
3907,0,0.033545934,0,challenge_12_final_stacking_colab
3908,1,0.7914664,1,challenge_12_final_stacking_colab
3909,1,0.8022902,1,challenge_12_final_stacking_colab
3910,0,0.23994955,0,challenge_12_final_stacking_colab
3911,1,0.88377786,1,challenge_12_final_stacking_colab
3912,1,0.99470353,1,challenge_12_final_stacking_colab
3913,0,0.2145692,0,challenge_12_final_stacking_colab
3914,1,0.9982893,1,challenge_12_final_stacking_colab
3915,0,0.21327344,0,challenge_12_final_stacking_colab
3916,1,0.93846405,1,challenge_12_final_stacking_colab
3917,0,0.013333405,0,challenge_12_final_stacking_colab
3918,1,0.9999957,1,challenge_12_final_stacking_colab
3919,1,0.7892315,1,challenge_12_final_stacking_colab
3920,1,0.9999989,1,challenge_12_final_stacking_colab
3921,0,0.00012350408,0,challenge_12_final_stacking_colab
3922,1,0.99819213,1,challenge_12_final_stacking_colab
3923,0,0.0035855784,0,challenge_12_final_stacking_colab
3924,1,0.9999962,1,challenge_12_final_stacking_colab
3925,0,0.020296574,0,challenge_12_final_stacking_colab
3926,1,0.7846347,1,challenge_12_final_stacking_colab
3927,0,0.42506897,0,challenge_12_final_stacking_colab
3928,1,0.021996034,0,challenge_12_final_stacking_colab
3929,0,0.8314419,1,challenge_12_final_stacking_colab
3930,1,0.57204473,1,challenge_12_final_stacking_colab
3931,1,0.68270653,1,challenge_12_final_stacking_colab
3932,0,0.21038258,0,challenge_12_final_stacking_colab
3933,0,0.2013691,0,challenge_12_final_stacking_colab
3934,0,0.29433286,0,challenge_12_final_stacking_colab
3935,1,0.997238,1,challenge_12_final_stacking_colab
3936,0,0.0011670626,0,challenge_12_final_stacking_colab
3937,1,0.7890936,1,challenge_12_final_stacking_colab
3938,0,5.1289357e-05,0,challenge_12_final_stacking_colab
3939,1,0.9973386,1,challenge_12_final_stacking_colab
3940,0,0.00033418098,0,challenge_12_final_stacking_colab
3941,0,8.429698e-07,0,challenge_12_final_stacking_colab
3942,0,0.0059582507,0,challenge_12_final_stacking_colab
3943,1,0.99999994,1,challenge_12_final_stacking_colab
3944,1,0.99237746,1,challenge_12_final_stacking_colab
3945,0,0.31511843,0,challenge_12_final_stacking_colab
3946,0,0.002060902,0,challenge_12_final_stacking_colab
3947,1,0.7802031,1,challenge_12_final_stacking_colab
3948,0,0.123585716,0,challenge_12_final_stacking_colab
3949,1,0.9787438,1,challenge_12_final_stacking_colab
3950,1,0.9999996,1,challenge_12_final_stacking_colab
3951,0,0.0001078872,0,challenge_12_final_stacking_colab
3952,1,0.78974277,1,challenge_12_final_stacking_colab
3953,1,0.9980209,1,challenge_12_final_stacking_colab
3954,0,0.03323959,0,challenge_12_final_stacking_colab
3955,0,0.0870142,0,challenge_12_final_stacking_colab
3956,0,0.21310693,0,challenge_12_final_stacking_colab
3957,1,0.9943895,1,challenge_12_final_stacking_colab
3958,1,0.9869432,1,challenge_12_final_stacking_colab
3959,0,0.23554708,0,challenge_12_final_stacking_colab
3960,0,0.053482037,0,challenge_12_final_stacking_colab
3961,1,0.9896078,1,challenge_12_final_stacking_colab
3962,1,0.78556025,1,challenge_12_final_stacking_colab
3963,1,0.9980676,1,challenge_12_final_stacking_colab
3964,0,0.22954582,0,challenge_12_final_stacking_colab
3965,1,0.78376365,1,challenge_12_final_stacking_colab
3966,1,0.99999577,1,challenge_12_final_stacking_colab
3967,0,5.7500007e-08,0,challenge_12_final_stacking_colab
3968,0,0.0033169612,0,challenge_12_final_stacking_colab
3969,0,0.06736443,0,challenge_12_final_stacking_colab
3970,1,0.7554078,1,challenge_12_final_stacking_colab
3971,1,0.9969254,1,challenge_12_final_stacking_colab
3972,1,0.9944801,1,challenge_12_final_stacking_colab
3973,1,0.7674369,1,challenge_12_final_stacking_colab
3974,0,0.0031713478,0,challenge_12_final_stacking_colab
3975,1,0.90667325,1,challenge_12_final_stacking_colab
3976,0,0.002966059,0,challenge_12_final_stacking_colab
3977,1,0.99772835,1,challenge_12_final_stacking_colab
3978,1,0.7983771,1,challenge_12_final_stacking_colab
3979,0,0.18109913,0,challenge_12_final_stacking_colab
3980,1,0.57499844,1,challenge_12_final_stacking_colab
3981,0,0.0006263242,0,challenge_12_final_stacking_colab
3982,0,0.10371334,0,challenge_12_final_stacking_colab
3983,0,0.33122945,0,challenge_12_final_stacking_colab
3984,1,0.999991,1,challenge_12_final_stacking_colab
3985,0,0.0010474934,0,challenge_12_final_stacking_colab
3986,0,0.60721123,1,challenge_12_final_stacking_colab
3987,0,0.23670395,0,challenge_12_final_stacking_colab
3988,1,0.9951585,1,challenge_12_final_stacking_colab
3989,0,0.054022435,0,challenge_12_final_stacking_colab
3990,1,0.99620825,1,challenge_12_final_stacking_colab
3991,1,0.98577225,1,challenge_12_final_stacking_colab
3992,0,0.24705067,0,challenge_12_final_stacking_colab
3993,0,0.22930288,0,challenge_12_final_stacking_colab
3994,1,0.02741641,0,challenge_12_final_stacking_colab
3995,1,0.7929577,1,challenge_12_final_stacking_colab
3996,0,0.111103535,0,challenge_12_final_stacking_colab
3997,0,0.002921802,0,challenge_12_final_stacking_colab
3998,0,0.3768627,0,challenge_12_final_stacking_colab
3999,1,0.999999,1,challenge_12_final_stacking_colab
4000,0,0.20543827,0,challenge_12_final_stacking_colab
4001,1,0.9880661,1,challenge_12_final_stacking_colab
4002,0,0.0016264432,0,challenge_12_final_stacking_colab
4003,1,0.9959174,1,challenge_12_final_stacking_colab
4004,0,0.6755825,1,challenge_12_final_stacking_colab
4005,1,0.7872874,1,challenge_12_final_stacking_colab
4006,0,3.6212837e-06,0,challenge_12_final_stacking_colab
4007,1,0.9967186,1,challenge_12_final_stacking_colab
4008,0,0.15080212,0,challenge_12_final_stacking_colab
4009,1,0.983496,1,challenge_12_final_stacking_colab
4010,0,6.6399094e-05,0,challenge_12_final_stacking_colab
4011,0,0.48807874,0,challenge_12_final_stacking_colab
4012,1,0.75077665,1,challenge_12_final_stacking_colab
4013,0,3.3133394e-05,0,challenge_12_final_stacking_colab
4014,1,0.7926854,1,challenge_12_final_stacking_colab
4015,0,5.177915e-06,0,challenge_12_final_stacking_colab
4016,1,1.0,1,challenge_12_final_stacking_colab
4017,1,0.99325764,1,challenge_12_final_stacking_colab
4018,1,0.8227683,1,challenge_12_final_stacking_colab
4019,1,0.9896223,1,challenge_12_final_stacking_colab
4020,1,0.99604416,1,challenge_12_final_stacking_colab
4021,0,0.13697714,0,challenge_12_final_stacking_colab
4022,0,0.43018466,0,challenge_12_final_stacking_colab
4023,0,0.20737484,0,challenge_12_final_stacking_colab
4024,1,0.6426867,1,challenge_12_final_stacking_colab
4025,1,0.7849637,1,challenge_12_final_stacking_colab
4026,1,0.9999894,1,challenge_12_final_stacking_colab
4027,1,0.9977987,1,challenge_12_final_stacking_colab
4028,0,0.24704003,0,challenge_12_final_stacking_colab
4029,1,0.7799941,1,challenge_12_final_stacking_colab
4030,1,0.78289014,1,challenge_12_final_stacking_colab
4031,1,0.9999965,1,challenge_12_final_stacking_colab
4032,1,0.9792474,1,challenge_12_final_stacking_colab
4033,1,0.87771285,1,challenge_12_final_stacking_colab
4034,1,0.9709128,1,challenge_12_final_stacking_colab
4035,1,0.8979537,1,challenge_12_final_stacking_colab
4036,0,0.42537767,0,challenge_12_final_stacking_colab
4037,0,0.4325108,0,challenge_12_final_stacking_colab
4038,0,0.0037702168,0,challenge_12_final_stacking_colab
4039,0,2.6841299e-05,0,challenge_12_final_stacking_colab
4040,0,0.55957,1,challenge_12_final_stacking_colab
4041,0,0.6742749,1,challenge_12_final_stacking_colab
4042,0,0.27884388,0,challenge_12_final_stacking_colab
4043,1,0.887793,1,challenge_12_final_stacking_colab
4044,0,0.20439792,0,challenge_12_final_stacking_colab
4045,1,0.9984643,1,challenge_12_final_stacking_colab
4046,1,0.9999993,1,challenge_12_final_stacking_colab
4047,0,0.0013718783,0,challenge_12_final_stacking_colab
4048,0,0.0034501709,0,challenge_12_final_stacking_colab
4049,0,0.03565308,0,challenge_12_final_stacking_colab
4050,1,0.9971543,1,challenge_12_final_stacking_colab
4051,1,0.97670186,1,challenge_12_final_stacking_colab
4052,0,0.38574424,0,challenge_12_final_stacking_colab
4053,1,0.99679923,1,challenge_12_final_stacking_colab
4054,0,0.42772448,0,challenge_12_final_stacking_colab
4055,0,0.13187861,0,challenge_12_final_stacking_colab
4056,0,0.001276851,0,challenge_12_final_stacking_colab
4057,1,0.56346685,1,challenge_12_final_stacking_colab
4058,0,0.76328135,1,challenge_12_final_stacking_colab
4059,0,0.055838123,0,challenge_12_final_stacking_colab
4060,0,0.6309373,1,challenge_12_final_stacking_colab
4061,0,0.24201798,0,challenge_12_final_stacking_colab
4062,0,0.35051066,0,challenge_12_final_stacking_colab
4063,0,0.21647917,0,challenge_12_final_stacking_colab
4064,0,0.0013913561,0,challenge_12_final_stacking_colab
4065,1,0.9941521,1,challenge_12_final_stacking_colab
4066,1,0.83061147,1,challenge_12_final_stacking_colab
4067,1,0.95206606,1,challenge_12_final_stacking_colab
4068,0,0.5952523,1,challenge_12_final_stacking_colab
4069,0,0.4099749,0,challenge_12_final_stacking_colab
4070,0,0.0012140467,0,challenge_12_final_stacking_colab
4071,0,0.21040198,0,challenge_12_final_stacking_colab
4072,1,0.9802647,1,challenge_12_final_stacking_colab
4073,0,0.21470815,0,challenge_12_final_stacking_colab
4074,1,0.834744,1,challenge_12_final_stacking_colab
4075,1,0.78141105,1,challenge_12_final_stacking_colab
4076,0,0.2227458,0,challenge_12_final_stacking_colab
4077,0,0.00048516216,0,challenge_12_final_stacking_colab
4078,0,0.22036892,0,challenge_12_final_stacking_colab
4079,0,0.00070259866,0,challenge_12_final_stacking_colab
4080,0,0.4670026,0,challenge_12_final_stacking_colab
4081,0,0.19178155,0,challenge_12_final_stacking_colab
4082,1,0.7351726,1,challenge_12_final_stacking_colab
4083,0,2.2378636e-06,0,challenge_12_final_stacking_colab
4084,1,0.8451916,1,challenge_12_final_stacking_colab
4085,0,0.19539651,0,challenge_12_final_stacking_colab
4086,0,0.012235874,0,challenge_12_final_stacking_colab
4087,1,0.9999991,1,challenge_12_final_stacking_colab
4088,1,0.9999978,1,challenge_12_final_stacking_colab
4089,1,0.7632706,1,challenge_12_final_stacking_colab
4090,1,0.9981382,1,challenge_12_final_stacking_colab
4091,0,0.21492499,0,challenge_12_final_stacking_colab
4092,0,0.0005727567,0,challenge_12_final_stacking_colab
4093,1,1.0,1,challenge_12_final_stacking_colab
4094,1,0.99805796,1,challenge_12_final_stacking_colab
4095,1,0.99210924,1,challenge_12_final_stacking_colab
4096,0,0.20945662,0,challenge_12_final_stacking_colab
4097,1,0.99702364,1,challenge_12_final_stacking_colab
4098,0,0.0008285437,0,challenge_12_final_stacking_colab
4099,0,0.122355044,0,challenge_12_final_stacking_colab
4100,1,0.78889734,1,challenge_12_final_stacking_colab
4101,0,0.0037233953,0,challenge_12_final_stacking_colab
4102,0,0.0052694795,0,challenge_12_final_stacking_colab
4103,1,0.9938922,1,challenge_12_final_stacking_colab
4104,1,0.9965255,1,challenge_12_final_stacking_colab
4105,0,0.028071543,0,challenge_12_final_stacking_colab
4106,0,0.045332413,0,challenge_12_final_stacking_colab
4107,0,0.46275795,0,challenge_12_final_stacking_colab
4108,0,0.19916166,0,challenge_12_final_stacking_colab
4109,1,0.47773594,0,challenge_12_final_stacking_colab
4110,0,0.21938154,0,challenge_12_final_stacking_colab
4111,0,5.7500007e-08,0,challenge_12_final_stacking_colab
4112,1,0.989761,1,challenge_12_final_stacking_colab
4113,1,0.7906498,1,challenge_12_final_stacking_colab
4114,0,0.0056929654,0,challenge_12_final_stacking_colab
4115,0,0.3174415,0,challenge_12_final_stacking_colab
4116,1,0.88053054,1,challenge_12_final_stacking_colab
4117,0,0.28482103,0,challenge_12_final_stacking_colab
4118,0,0.000115140036,0,challenge_12_final_stacking_colab
4119,0,0.42511183,0,challenge_12_final_stacking_colab
4120,0,0.54367507,1,challenge_12_final_stacking_colab
4121,0,0.20885012,0,challenge_12_final_stacking_colab
4122,1,0.99999285,1,challenge_12_final_stacking_colab
4123,0,0.002011328,0,challenge_12_final_stacking_colab
4124,0,0.00045246698,0,challenge_12_final_stacking_colab
4125,1,0.9930246,1,challenge_12_final_stacking_colab
4126,1,0.9933606,1,challenge_12_final_stacking_colab
4127,0,5.3748084e-07,0,challenge_12_final_stacking_colab
4128,1,0.95929885,1,challenge_12_final_stacking_colab
4129,0,0.07632005,0,challenge_12_final_stacking_colab
4130,0,0.3850309,0,challenge_12_final_stacking_colab
4131,0,0.004047726,0,challenge_12_final_stacking_colab
4132,1,0.9488193,1,challenge_12_final_stacking_colab
4133,0,0.21581689,0,challenge_12_final_stacking_colab
4134,0,0.21636246,0,challenge_12_final_stacking_colab
4135,1,0.7963066,1,challenge_12_final_stacking_colab
4136,1,0.7745212,1,challenge_12_final_stacking_colab
4137,0,0.0069939666,0,challenge_12_final_stacking_colab
4138,1,0.9903084,1,challenge_12_final_stacking_colab
4139,0,2.2091783e-06,0,challenge_12_final_stacking_colab
4140,1,0.9895845,1,challenge_12_final_stacking_colab
4141,0,0.1676119,0,challenge_12_final_stacking_colab
4142,1,0.31210288,0,challenge_12_final_stacking_colab
4143,0,0.42580315,0,challenge_12_final_stacking_colab
4144,1,0.9765923,1,challenge_12_final_stacking_colab
4145,0,0.9821628,1,challenge_12_final_stacking_colab
4146,1,0.78672284,1,challenge_12_final_stacking_colab
4147,1,0.78393734,1,challenge_12_final_stacking_colab
4148,1,0.9999986,1,challenge_12_final_stacking_colab
4149,0,1.597987e-05,0,challenge_12_final_stacking_colab
4150,0,0.00065357616,0,challenge_12_final_stacking_colab
4151,0,2.5779118e-05,0,challenge_12_final_stacking_colab
4152,1,0.79444796,1,challenge_12_final_stacking_colab
4153,0,0.00052339595,0,challenge_12_final_stacking_colab
4154,0,0.22247034,0,challenge_12_final_stacking_colab
4155,0,0.21808855,0,challenge_12_final_stacking_colab
4156,1,0.8985457,1,challenge_12_final_stacking_colab
4157,0,0.42577842,0,challenge_12_final_stacking_colab
4158,1,0.78478235,1,challenge_12_final_stacking_colab
4159,1,0.99999964,1,challenge_12_final_stacking_colab
4160,0,0.22520322,0,challenge_12_final_stacking_colab
4161,0,0.20703223,0,challenge_12_final_stacking_colab
4162,0,0.014930013,0,challenge_12_final_stacking_colab
4163,1,0.9941357,1,challenge_12_final_stacking_colab
4164,1,0.730725,1,challenge_12_final_stacking_colab
4165,1,0.7531103,1,challenge_12_final_stacking_colab
4166,0,0.002225973,0,challenge_12_final_stacking_colab
4167,1,0.82516253,1,challenge_12_final_stacking_colab
4168,1,0.979198,1,challenge_12_final_stacking_colab
4169,0,4.660509e-05,0,challenge_12_final_stacking_colab
4170,0,0.18366978,0,challenge_12_final_stacking_colab
4171,1,0.4984622,1,challenge_12_final_stacking_colab
4172,0,4.824637e-05,0,challenge_12_final_stacking_colab
4173,1,0.97616476,1,challenge_12_final_stacking_colab
4174,1,0.78687507,1,challenge_12_final_stacking_colab
4175,0,4.4530887e-05,0,challenge_12_final_stacking_colab
4176,0,0.20213188,0,challenge_12_final_stacking_colab
4177,0,0.21246293,0,challenge_12_final_stacking_colab
4178,0,0.17979215,0,challenge_12_final_stacking_colab
4179,0,0.35762516,0,challenge_12_final_stacking_colab
4180,0,0.22734158,0,challenge_12_final_stacking_colab
4181,0,0.00020680025,0,challenge_12_final_stacking_colab
4182,1,0.9978672,1,challenge_12_final_stacking_colab
4183,1,0.988581,1,challenge_12_final_stacking_colab
4184,1,0.5695879,1,challenge_12_final_stacking_colab
4185,1,0.9850691,1,challenge_12_final_stacking_colab
4186,1,0.9414903,1,challenge_12_final_stacking_colab
4187,0,0.21216163,0,challenge_12_final_stacking_colab
4188,0,0.4761596,0,challenge_12_final_stacking_colab
4189,0,4.4880417e-05,0,challenge_12_final_stacking_colab
4190,0,0.28153774,0,challenge_12_final_stacking_colab
4191,0,0.20479102,0,challenge_12_final_stacking_colab
4192,0,9.112934e-05,0,challenge_12_final_stacking_colab
4193,0,0.21729308,0,challenge_12_final_stacking_colab
4194,0,0.21399188,0,challenge_12_final_stacking_colab
4195,1,0.56439054,1,challenge_12_final_stacking_colab
4196,0,0.5916822,1,challenge_12_final_stacking_colab
4197,1,0.78975976,1,challenge_12_final_stacking_colab
4198,1,0.99639297,1,challenge_12_final_stacking_colab
4199,0,0.0001619834,0,challenge_12_final_stacking_colab
4200,0,0.18862087,0,challenge_12_final_stacking_colab
4201,1,0.89041746,1,challenge_12_final_stacking_colab
4202,1,0.98549,1,challenge_12_final_stacking_colab
4203,0,0.07172187,0,challenge_12_final_stacking_colab
4204,0,0.33700514,0,challenge_12_final_stacking_colab
4205,0,5.8484435e-05,0,challenge_12_final_stacking_colab
4206,1,0.913433,1,challenge_12_final_stacking_colab
4207,1,0.94923776,1,challenge_12_final_stacking_colab
4208,1,0.9807511,1,challenge_12_final_stacking_colab
4209,0,0.068369165,0,challenge_12_final_stacking_colab
4210,1,0.96643347,1,challenge_12_final_stacking_colab
4211,0,1.6599672e-05,0,challenge_12_final_stacking_colab
4212,0,0.4608971,0,challenge_12_final_stacking_colab
4213,1,0.9975371,1,challenge_12_final_stacking_colab
4214,0,0.37643316,0,challenge_12_final_stacking_colab
4215,1,0.5436595,1,challenge_12_final_stacking_colab
4216,0,0.00050901074,0,challenge_12_final_stacking_colab
4217,0,0.020556035,0,challenge_12_final_stacking_colab
4218,1,0.99834305,1,challenge_12_final_stacking_colab
4219,0,0.00047374537,0,challenge_12_final_stacking_colab
4220,1,0.9976062,1,challenge_12_final_stacking_colab
4221,0,0.42502978,0,challenge_12_final_stacking_colab
4222,0,0.00011088259,0,challenge_12_final_stacking_colab
4223,1,0.9889964,1,challenge_12_final_stacking_colab
4224,0,0.47861466,0,challenge_12_final_stacking_colab
4225,0,7.737297e-05,0,challenge_12_final_stacking_colab
4226,1,0.99999994,1,challenge_12_final_stacking_colab
4227,0,5.048728e-05,0,challenge_12_final_stacking_colab
4228,0,0.04960406,0,challenge_12_final_stacking_colab
4229,0,0.22406055,0,challenge_12_final_stacking_colab
4230,0,0.54355055,1,challenge_12_final_stacking_colab
4231,1,0.681047,1,challenge_12_final_stacking_colab
4232,1,0.99076796,1,challenge_12_final_stacking_colab
4233,0,0.5687989,1,challenge_12_final_stacking_colab
4234,0,0.002256072,0,challenge_12_final_stacking_colab
4235,1,0.98560846,1,challenge_12_final_stacking_colab
4236,0,5.2287574e-05,0,challenge_12_final_stacking_colab
4237,0,0.0001753655,0,challenge_12_final_stacking_colab
4238,1,0.9974201,1,challenge_12_final_stacking_colab
4239,0,5.7500007e-08,0,challenge_12_final_stacking_colab
4240,1,0.7022751,1,challenge_12_final_stacking_colab
4241,1,0.88704485,1,challenge_12_final_stacking_colab
4242,1,0.9999964,1,challenge_12_final_stacking_colab
4243,1,0.13917372,0,challenge_12_final_stacking_colab
4244,0,0.21381886,0,challenge_12_final_stacking_colab
4245,0,0.017865224,0,challenge_12_final_stacking_colab
4246,0,0.20341241,0,challenge_12_final_stacking_colab
4247,1,0.7449891,1,challenge_12_final_stacking_colab
4248,0,1.083273e-06,0,challenge_12_final_stacking_colab
4249,0,0.0036030656,0,challenge_12_final_stacking_colab
4250,1,0.9951448,1,challenge_12_final_stacking_colab
4251,1,0.91147727,1,challenge_12_final_stacking_colab
4252,0,0.011132243,0,challenge_12_final_stacking_colab
4253,0,0.0043237912,0,challenge_12_final_stacking_colab
4254,0,0.020510862,0,challenge_12_final_stacking_colab
4255,0,0.020769734,0,challenge_12_final_stacking_colab
4256,1,0.7896529,1,challenge_12_final_stacking_colab
4257,1,0.9910302,1,challenge_12_final_stacking_colab
4258,1,0.92585635,1,challenge_12_final_stacking_colab
4259,0,0.16773655,0,challenge_12_final_stacking_colab
4260,1,0.996351,1,challenge_12_final_stacking_colab
4261,0,0.31765407,0,challenge_12_final_stacking_colab
4262,1,0.7936294,1,challenge_12_final_stacking_colab
4263,0,0.0067822086,0,challenge_12_final_stacking_colab
4264,0,0.018482873,0,challenge_12_final_stacking_colab
4265,1,0.9952403,1,challenge_12_final_stacking_colab
4266,0,0.21553552,0,challenge_12_final_stacking_colab
4267,0,0.008777822,0,challenge_12_final_stacking_colab
4268,0,0.20728002,0,challenge_12_final_stacking_colab
4269,0,0.017517027,0,challenge_12_final_stacking_colab
4270,1,0.7038152,1,challenge_12_final_stacking_colab
4271,1,0.81310874,1,challenge_12_final_stacking_colab
4272,0,7.321574e-05,0,challenge_12_final_stacking_colab
4273,0,0.02060888,0,challenge_12_final_stacking_colab
4274,1,0.91654474,1,challenge_12_final_stacking_colab
4275,1,0.7828963,1,challenge_12_final_stacking_colab
4276,1,0.527445,1,challenge_12_final_stacking_colab
4277,1,0.7852941,1,challenge_12_final_stacking_colab
4278,1,0.57499874,1,challenge_12_final_stacking_colab
4279,0,0.21266317,0,challenge_12_final_stacking_colab
4280,0,0.00031680276,0,challenge_12_final_stacking_colab
4281,1,0.9984815,1,challenge_12_final_stacking_colab
4282,1,0.9982536,1,challenge_12_final_stacking_colab
4283,0,0.8318364,1,challenge_12_final_stacking_colab
4284,1,0.8837159,1,challenge_12_final_stacking_colab
4285,0,0.2731393,0,challenge_12_final_stacking_colab
4286,1,0.78818923,1,challenge_12_final_stacking_colab
4287,0,0.9269275,1,challenge_12_final_stacking_colab
4288,1,0.44799763,0,challenge_12_final_stacking_colab
4289,0,6.8274436e-05,0,challenge_12_final_stacking_colab
4290,0,0.017058127,0,challenge_12_final_stacking_colab
4291,0,0.21269836,0,challenge_12_final_stacking_colab
4292,1,0.99999446,1,challenge_12_final_stacking_colab
4293,1,0.9732207,1,challenge_12_final_stacking_colab
4294,1,0.7774808,1,challenge_12_final_stacking_colab
4295,1,0.97784925,1,challenge_12_final_stacking_colab
4296,1,0.78308904,1,challenge_12_final_stacking_colab
4297,0,0.58674866,1,challenge_12_final_stacking_colab
4298,1,0.7853322,1,challenge_12_final_stacking_colab
4299,1,0.9936041,1,challenge_12_final_stacking_colab
4300,1,0.995731,1,challenge_12_final_stacking_colab
4301,1,0.9983809,1,challenge_12_final_stacking_colab
4302,1,0.9980114,1,challenge_12_final_stacking_colab
4303,1,0.4733796,0,challenge_12_final_stacking_colab
4304,1,0.77308017,1,challenge_12_final_stacking_colab
4305,0,0.56295687,1,challenge_12_final_stacking_colab
4306,0,0.5235331,1,challenge_12_final_stacking_colab
4307,1,0.77845275,1,challenge_12_final_stacking_colab
4308,0,0.21120991,0,challenge_12_final_stacking_colab
4309,1,0.9980144,1,challenge_12_final_stacking_colab
4310,0,0.42636916,0,challenge_12_final_stacking_colab
4311,0,0.0019919442,0,challenge_12_final_stacking_colab
4312,1,0.9866041,1,challenge_12_final_stacking_colab
4313,1,0.9661356,1,challenge_12_final_stacking_colab
4314,1,0.99999636,1,challenge_12_final_stacking_colab
4315,0,0.0022260132,0,challenge_12_final_stacking_colab
4316,1,0.99999094,1,challenge_12_final_stacking_colab
4317,1,0.985447,1,challenge_12_final_stacking_colab
4318,1,0.7530933,1,challenge_12_final_stacking_colab
4319,1,0.9781072,1,challenge_12_final_stacking_colab
4320,0,0.057083204,0,challenge_12_final_stacking_colab
4321,0,0.42500877,0,challenge_12_final_stacking_colab
4322,0,0.0002916838,0,challenge_12_final_stacking_colab
4323,1,0.7946162,1,challenge_12_final_stacking_colab
4324,1,0.99999434,1,challenge_12_final_stacking_colab
4325,0,0.31132287,0,challenge_12_final_stacking_colab
4326,1,0.79496413,1,challenge_12_final_stacking_colab
4327,0,0.20700015,0,challenge_12_final_stacking_colab
4328,1,0.9999998,1,challenge_12_final_stacking_colab
4329,1,0.999995,1,challenge_12_final_stacking_colab
4330,1,0.9983284,1,challenge_12_final_stacking_colab
4331,1,0.7781897,1,challenge_12_final_stacking_colab
4332,0,0.6861488,1,challenge_12_final_stacking_colab
4333,0,0.003400286,0,challenge_12_final_stacking_colab
4334,1,0.7694937,1,challenge_12_final_stacking_colab
4335,0,8.646778e-05,0,challenge_12_final_stacking_colab
4336,1,0.9999999,1,challenge_12_final_stacking_colab
4337,1,0.99999994,1,challenge_12_final_stacking_colab
4338,1,0.9969727,1,challenge_12_final_stacking_colab
4339,0,0.19760513,0,challenge_12_final_stacking_colab
4340,1,0.7275868,1,challenge_12_final_stacking_colab
4341,0,0.0056904713,0,challenge_12_final_stacking_colab
4342,0,0.2445349,0,challenge_12_final_stacking_colab
4343,1,0.9981618,1,challenge_12_final_stacking_colab
4344,0,0.007293037,0,challenge_12_final_stacking_colab
4345,1,0.99999964,1,challenge_12_final_stacking_colab
4346,1,0.38409367,0,challenge_12_final_stacking_colab
4347,0,0.70979005,1,challenge_12_final_stacking_colab
4348,0,0.19637646,0,challenge_12_final_stacking_colab
4349,0,0.21166986,0,challenge_12_final_stacking_colab
4350,0,9.920077e-05,0,challenge_12_final_stacking_colab
4351,0,1.61102e-07,0,challenge_12_final_stacking_colab
4352,0,0.3177575,0,challenge_12_final_stacking_colab
4353,0,0.59096754,1,challenge_12_final_stacking_colab
4354,1,0.9813249,1,challenge_12_final_stacking_colab
4355,0,1.5255363e-06,0,challenge_12_final_stacking_colab
4356,0,3.843322e-05,0,challenge_12_final_stacking_colab
4357,1,0.9976946,1,challenge_12_final_stacking_colab
4358,0,0.46244085,0,challenge_12_final_stacking_colab
4359,0,0.19614111,0,challenge_12_final_stacking_colab
4360,0,0.19504377,0,challenge_12_final_stacking_colab
4361,0,4.262705e-06,0,challenge_12_final_stacking_colab
4362,0,0.12668148,0,challenge_12_final_stacking_colab
4363,0,0.000119410644,0,challenge_12_final_stacking_colab
4364,1,0.9952555,1,challenge_12_final_stacking_colab
4365,1,0.9821377,1,challenge_12_final_stacking_colab
4366,0,0.030005272,0,challenge_12_final_stacking_colab
4367,1,0.9999999,1,challenge_12_final_stacking_colab
4368,1,0.5904243,1,challenge_12_final_stacking_colab
4369,1,0.78531015,1,challenge_12_final_stacking_colab
4370,1,0.9985114,1,challenge_12_final_stacking_colab
4371,0,0.42573553,0,challenge_12_final_stacking_colab
4372,1,0.57119864,1,challenge_12_final_stacking_colab
4373,1,0.9897873,1,challenge_12_final_stacking_colab
4374,0,0.0001986211,0,challenge_12_final_stacking_colab
4375,1,0.979871,1,challenge_12_final_stacking_colab
4376,0,0.21498896,0,challenge_12_final_stacking_colab
4377,0,0.016499305,0,challenge_12_final_stacking_colab
4378,0,0.012677405,0,challenge_12_final_stacking_colab
4379,0,0.014337521,0,challenge_12_final_stacking_colab
4380,0,0.53541285,1,challenge_12_final_stacking_colab
4381,1,0.7740281,1,challenge_12_final_stacking_colab
4382,1,0.99835104,1,challenge_12_final_stacking_colab
4383,1,0.99742395,1,challenge_12_final_stacking_colab
4384,0,0.2271782,0,challenge_12_final_stacking_colab
4385,1,0.9689488,1,challenge_12_final_stacking_colab
4386,0,0.026421688,0,challenge_12_final_stacking_colab
4387,0,0.20318992,0,challenge_12_final_stacking_colab
4388,1,0.77907515,1,challenge_12_final_stacking_colab
4389,1,0.7922376,1,challenge_12_final_stacking_colab
4390,1,0.9730358,1,challenge_12_final_stacking_colab
4391,0,0.5287096,1,challenge_12_final_stacking_colab
4392,1,0.8555487,1,challenge_12_final_stacking_colab
4393,1,0.77988523,1,challenge_12_final_stacking_colab
4394,0,0.010639966,0,challenge_12_final_stacking_colab
4395,1,0.8054017,1,challenge_12_final_stacking_colab
4396,1,0.78642803,1,challenge_12_final_stacking_colab
4397,1,0.9976712,1,challenge_12_final_stacking_colab
4398,1,0.99999815,1,challenge_12_final_stacking_colab
4399,0,0.00043085136,0,challenge_12_final_stacking_colab
4400,0,0.0008171385,0,challenge_12_final_stacking_colab
4401,0,0.22284159,0,challenge_12_final_stacking_colab
4402,0,0.20761816,0,challenge_12_final_stacking_colab
4403,1,0.99999774,1,challenge_12_final_stacking_colab
4404,0,0.037024703,0,challenge_12_final_stacking_colab
4405,0,7.01754e-06,0,challenge_12_final_stacking_colab
4406,0,0.20535783,0,challenge_12_final_stacking_colab
4407,0,0.20494024,0,challenge_12_final_stacking_colab
4408,1,0.9252735,1,challenge_12_final_stacking_colab
4409,0,0.21510546,0,challenge_12_final_stacking_colab
4410,0,0.00050631014,0,challenge_12_final_stacking_colab
4411,1,0.7901827,1,challenge_12_final_stacking_colab
4412,1,0.82242155,1,challenge_12_final_stacking_colab
4413,0,0.4251121,0,challenge_12_final_stacking_colab
4414,0,0.019974694,0,challenge_12_final_stacking_colab
4415,0,4.5548775e-05,0,challenge_12_final_stacking_colab
4416,1,0.7922197,1,challenge_12_final_stacking_colab
4417,1,0.67768353,1,challenge_12_final_stacking_colab
4418,0,0.0010184702,0,challenge_12_final_stacking_colab
4419,0,0.5474448,1,challenge_12_final_stacking_colab
4420,1,0.96557266,1,challenge_12_final_stacking_colab
4421,1,0.78744024,1,challenge_12_final_stacking_colab
4422,0,0.21669038,0,challenge_12_final_stacking_colab
4423,0,0.42621782,0,challenge_12_final_stacking_colab
4424,0,7.821502e-05,0,challenge_12_final_stacking_colab
4425,0,0.4228144,0,challenge_12_final_stacking_colab
4426,0,9.640343e-05,0,challenge_12_final_stacking_colab
4427,1,0.9586196,1,challenge_12_final_stacking_colab
4428,0,0.19562913,0,challenge_12_final_stacking_colab
4429,0,0.0028196606,0,challenge_12_final_stacking_colab
4430,0,0.0004089031,0,challenge_12_final_stacking_colab
4431,0,0.4373194,0,challenge_12_final_stacking_colab
4432,0,0.7906482,1,challenge_12_final_stacking_colab
4433,1,0.7873363,1,challenge_12_final_stacking_colab
4434,1,0.99999654,1,challenge_12_final_stacking_colab
4435,1,0.8489427,1,challenge_12_final_stacking_colab
4436,0,0.23374026,0,challenge_12_final_stacking_colab
4437,0,0.20937791,0,challenge_12_final_stacking_colab
4438,0,2.5267791e-05,0,challenge_12_final_stacking_colab
4439,0,4.07293e-05,0,challenge_12_final_stacking_colab
4440,1,0.93277425,1,challenge_12_final_stacking_colab
4441,1,0.9930357,1,challenge_12_final_stacking_colab
4442,0,0.00013289116,0,challenge_12_final_stacking_colab
4443,1,0.5621224,1,challenge_12_final_stacking_colab
4444,0,0.2098705,0,challenge_12_final_stacking_colab
4445,0,0.42533347,0,challenge_12_final_stacking_colab
4446,1,0.88171065,1,challenge_12_final_stacking_colab
4447,0,2.9640846e-06,0,challenge_12_final_stacking_colab
4448,0,0.014288413,0,challenge_12_final_stacking_colab
4449,1,0.8974301,1,challenge_12_final_stacking_colab
4450,1,0.14085343,0,challenge_12_final_stacking_colab
4451,1,0.57001466,1,challenge_12_final_stacking_colab
4452,1,0.9999945,1,challenge_12_final_stacking_colab
4453,0,6.118723e-05,0,challenge_12_final_stacking_colab
4454,1,0.4257753,0,challenge_12_final_stacking_colab
4455,0,0.00011716378,0,challenge_12_final_stacking_colab
4456,1,0.99609166,1,challenge_12_final_stacking_colab
4457,1,0.9682376,1,challenge_12_final_stacking_colab
4458,1,0.55509394,1,challenge_12_final_stacking_colab
4459,0,0.0039160037,0,challenge_12_final_stacking_colab
4460,0,0.22474423,0,challenge_12_final_stacking_colab
4461,1,0.7971129,1,challenge_12_final_stacking_colab
4462,1,0.9881762,1,challenge_12_final_stacking_colab
4463,1,0.7408165,1,challenge_12_final_stacking_colab
4464,1,0.78589535,1,challenge_12_final_stacking_colab
4465,1,0.94442326,1,challenge_12_final_stacking_colab
4466,1,0.82913613,1,challenge_12_final_stacking_colab
4467,0,0.70865446,1,challenge_12_final_stacking_colab
4468,1,0.9961173,1,challenge_12_final_stacking_colab
4469,0,0.23925024,0,challenge_12_final_stacking_colab
4470,1,0.99999607,1,challenge_12_final_stacking_colab
4471,1,0.9916804,1,challenge_12_final_stacking_colab
4472,1,0.6666374,1,challenge_12_final_stacking_colab
4473,1,0.99999994,1,challenge_12_final_stacking_colab
4474,0,0.00054296025,0,challenge_12_final_stacking_colab
4475,0,0.45315966,0,challenge_12_final_stacking_colab
4476,1,0.79022133,1,challenge_12_final_stacking_colab
4477,0,0.0019810877,0,challenge_12_final_stacking_colab
4478,1,0.7125,1,challenge_12_final_stacking_colab
4479,0,0.42500386,0,challenge_12_final_stacking_colab
4480,1,0.9999908,1,challenge_12_final_stacking_colab
4481,0,0.8732632,1,challenge_12_final_stacking_colab
4482,0,0.21275455,0,challenge_12_final_stacking_colab
4483,0,1.4365084e-05,0,challenge_12_final_stacking_colab
4484,1,0.9217061,1,challenge_12_final_stacking_colab
4485,0,0.007633637,0,challenge_12_final_stacking_colab
4486,1,0.7900307,1,challenge_12_final_stacking_colab
4487,1,0.78646195,1,challenge_12_final_stacking_colab
4488,1,0.998532,1,challenge_12_final_stacking_colab
4489,1,0.93637484,1,challenge_12_final_stacking_colab
4490,1,0.7974035,1,challenge_12_final_stacking_colab
4491,0,0.21269444,0,challenge_12_final_stacking_colab
4492,0,0.035137158,0,challenge_12_final_stacking_colab
4493,0,0.00051044376,0,challenge_12_final_stacking_colab
4494,0,5.4157175e-05,0,challenge_12_final_stacking_colab
4495,1,0.97401524,1,challenge_12_final_stacking_colab
4496,0,0.00052986457,0,challenge_12_final_stacking_colab
4497,1,0.74524766,1,challenge_12_final_stacking_colab
4498,1,0.4392903,0,challenge_12_final_stacking_colab
4499,1,0.8553177,1,challenge_12_final_stacking_colab
4500,1,0.26650742,0,challenge_12_final_stacking_colab
4501,1,0.23141904,0,challenge_12_final_stacking_colab
4502,1,0.9999999,1,challenge_12_final_stacking_colab
4503,0,7.482976e-05,0,challenge_12_final_stacking_colab
4504,1,0.5695279,1,challenge_12_final_stacking_colab
4505,1,0.4916606,1,challenge_12_final_stacking_colab
4506,0,0.42579,0,challenge_12_final_stacking_colab
4507,1,0.99999493,1,challenge_12_final_stacking_colab
4508,1,0.9674751,1,challenge_12_final_stacking_colab
4509,0,0.5418724,1,challenge_12_final_stacking_colab
4510,0,5.01326e-05,0,challenge_12_final_stacking_colab
4511,1,0.9300853,1,challenge_12_final_stacking_colab
4512,0,0.42500344,0,challenge_12_final_stacking_colab
4513,1,0.7835078,1,challenge_12_final_stacking_colab
4514,1,1.0,1,challenge_12_final_stacking_colab
4515,0,0.23322928,0,challenge_12_final_stacking_colab
4516,1,0.9981767,1,challenge_12_final_stacking_colab
4517,1,0.72537386,1,challenge_12_final_stacking_colab
4518,1,0.71151865,1,challenge_12_final_stacking_colab
4519,0,0.42512238,0,challenge_12_final_stacking_colab
4520,1,0.9999995,1,challenge_12_final_stacking_colab
4521,1,0.99999917,1,challenge_12_final_stacking_colab
4522,0,3.714791e-05,0,challenge_12_final_stacking_colab
4523,1,0.7852094,1,challenge_12_final_stacking_colab
4524,0,0.2727486,0,challenge_12_final_stacking_colab
4525,1,0.78910893,1,challenge_12_final_stacking_colab
4526,0,0.15763429,0,challenge_12_final_stacking_colab
4527,1,0.77576286,1,challenge_12_final_stacking_colab
4528,1,0.98401296,1,challenge_12_final_stacking_colab
4529,1,0.9954653,1,challenge_12_final_stacking_colab
4530,0,3.890476e-05,0,challenge_12_final_stacking_colab
4531,1,0.9975736,1,challenge_12_final_stacking_colab
4532,1,0.78335875,1,challenge_12_final_stacking_colab
4533,1,0.9973494,1,challenge_12_final_stacking_colab
4534,1,0.9925741,1,challenge_12_final_stacking_colab
4535,0,3.525436e-05,0,challenge_12_final_stacking_colab
4536,1,0.9999977,1,challenge_12_final_stacking_colab
4537,0,0.7551546,1,challenge_12_final_stacking_colab
4538,0,0.49710092,1,challenge_12_final_stacking_colab
4539,0,0.67500275,1,challenge_12_final_stacking_colab
4540,1,0.9999925,1,challenge_12_final_stacking_colab
4541,1,0.9473916,1,challenge_12_final_stacking_colab
4542,1,0.9999914,1,challenge_12_final_stacking_colab
4543,1,0.9975114,1,challenge_12_final_stacking_colab
4544,1,0.99694985,1,challenge_12_final_stacking_colab
4545,0,0.2530263,0,challenge_12_final_stacking_colab
4546,1,0.76648724,1,challenge_12_final_stacking_colab
4547,0,0.006158574,0,challenge_12_final_stacking_colab
4548,1,0.91928655,1,challenge_12_final_stacking_colab
4549,1,0.9956978,1,challenge_12_final_stacking_colab
4550,1,0.5259104,1,challenge_12_final_stacking_colab
4551,1,0.4856703,0,challenge_12_final_stacking_colab
4552,1,0.79006845,1,challenge_12_final_stacking_colab
4553,1,0.9972324,1,challenge_12_final_stacking_colab
4554,0,0.21372512,0,challenge_12_final_stacking_colab
4555,0,0.34687102,0,challenge_12_final_stacking_colab
4556,1,0.574999,1,challenge_12_final_stacking_colab
4557,0,0.19633956,0,challenge_12_final_stacking_colab
4558,0,0.5074304,1,challenge_12_final_stacking_colab
4559,0,6.271903e-05,0,challenge_12_final_stacking_colab
4560,0,0.2183704,0,challenge_12_final_stacking_colab
4561,0,0.22381186,0,challenge_12_final_stacking_colab
4562,1,0.7617354,1,challenge_12_final_stacking_colab
4563,0,1.602595e-07,0,challenge_12_final_stacking_colab
4564,0,0.00014271915,0,challenge_12_final_stacking_colab
4565,1,0.9938501,1,challenge_12_final_stacking_colab
4566,0,1.4837868e-06,0,challenge_12_final_stacking_colab
4567,0,0.23948024,0,challenge_12_final_stacking_colab
4568,1,0.7853192,1,challenge_12_final_stacking_colab
4569,1,0.9951724,1,challenge_12_final_stacking_colab
4570,0,0.00075179094,0,challenge_12_final_stacking_colab
4571,1,0.97206396,1,challenge_12_final_stacking_colab
4572,1,0.99999994,1,challenge_12_final_stacking_colab
4573,1,0.8042456,1,challenge_12_final_stacking_colab
4574,0,0.6992147,1,challenge_12_final_stacking_colab
4575,0,0.35255927,0,challenge_12_final_stacking_colab
4576,1,0.99999946,1,challenge_12_final_stacking_colab
4577,0,0.060884997,0,challenge_12_final_stacking_colab
4578,0,0.39024854,0,challenge_12_final_stacking_colab
4579,0,0.00023927164,0,challenge_12_final_stacking_colab
4580,1,0.99493235,1,challenge_12_final_stacking_colab
4581,1,0.9178222,1,challenge_12_final_stacking_colab
4582,1,0.43083024,0,challenge_12_final_stacking_colab
4583,1,0.9945252,1,challenge_12_final_stacking_colab
4584,0,0.22698176,0,challenge_12_final_stacking_colab
4585,1,0.9393893,1,challenge_12_final_stacking_colab
4586,0,0.0014747948,0,challenge_12_final_stacking_colab
4587,0,0.4250134,0,challenge_12_final_stacking_colab
4588,1,0.57605606,1,challenge_12_final_stacking_colab
4589,0,0.23742914,0,challenge_12_final_stacking_colab
4590,1,0.73541164,1,challenge_12_final_stacking_colab
4591,0,0.36263692,0,challenge_12_final_stacking_colab
4592,1,0.9924161,1,challenge_12_final_stacking_colab
4593,0,0.00073783647,0,challenge_12_final_stacking_colab
4594,0,0.008180571,0,challenge_12_final_stacking_colab
4595,1,0.99999976,1,challenge_12_final_stacking_colab
4596,1,0.9999901,1,challenge_12_final_stacking_colab
4597,0,0.0032010446,0,challenge_12_final_stacking_colab
4598,1,0.9853017,1,challenge_12_final_stacking_colab
4599,0,0.21120107,0,challenge_12_final_stacking_colab
4600,0,0.2579865,0,challenge_12_final_stacking_colab
4601,0,5.2587086e-05,0,challenge_12_final_stacking_colab
4602,1,0.7877295,1,challenge_12_final_stacking_colab
4603,0,0.74981475,1,challenge_12_final_stacking_colab
4604,1,0.7975895,1,challenge_12_final_stacking_colab
4605,0,0.2240374,0,challenge_12_final_stacking_colab
4606,0,0.01644728,0,challenge_12_final_stacking_colab
4607,0,0.00033783435,0,challenge_12_final_stacking_colab
4608,1,0.99642867,1,challenge_12_final_stacking_colab
4609,0,0.025909243,0,challenge_12_final_stacking_colab
4610,0,9.396538e-06,0,challenge_12_final_stacking_colab
4611,1,0.9999977,1,challenge_12_final_stacking_colab
4612,0,0.0057341093,0,challenge_12_final_stacking_colab
4613,0,0.26964566,0,challenge_12_final_stacking_colab
4614,1,1.0,1,challenge_12_final_stacking_colab
4615,0,0.0011670373,0,challenge_12_final_stacking_colab
4616,1,0.99670124,1,challenge_12_final_stacking_colab
4617,1,0.9963663,1,challenge_12_final_stacking_colab
4618,0,0.22913067,0,challenge_12_final_stacking_colab
4619,1,0.99999917,1,challenge_12_final_stacking_colab
4620,1,0.8088688,1,challenge_12_final_stacking_colab
4621,1,1.0,1,challenge_12_final_stacking_colab
4622,0,0.6773766,1,challenge_12_final_stacking_colab
4623,1,0.99999714,1,challenge_12_final_stacking_colab
4624,1,0.943758,1,challenge_12_final_stacking_colab
4625,1,0.9852392,1,challenge_12_final_stacking_colab
4626,1,0.9879442,1,challenge_12_final_stacking_colab
4627,1,0.99999917,1,challenge_12_final_stacking_colab
4628,0,0.0345848,0,challenge_12_final_stacking_colab
4629,0,9.448586e-06,0,challenge_12_final_stacking_colab
4630,1,0.42230412,0,challenge_12_final_stacking_colab
4631,1,0.93590754,1,challenge_12_final_stacking_colab
4632,0,0.20788144,0,challenge_12_final_stacking_colab
4633,1,0.9946834,1,challenge_12_final_stacking_colab
4634,0,0.0039675245,0,challenge_12_final_stacking_colab
4635,1,0.9957307,1,challenge_12_final_stacking_colab
4636,1,0.98681575,1,challenge_12_final_stacking_colab
4637,0,2.0652988e-05,0,challenge_12_final_stacking_colab
4638,0,0.6390196,1,challenge_12_final_stacking_colab
4639,1,0.99999976,1,challenge_12_final_stacking_colab
4640,0,0.005017559,0,challenge_12_final_stacking_colab
4641,0,0.5673111,1,challenge_12_final_stacking_colab
4642,1,0.7857253,1,challenge_12_final_stacking_colab
4643,1,0.7945587,1,challenge_12_final_stacking_colab
4644,1,0.98200655,1,challenge_12_final_stacking_colab
4645,1,0.98147404,1,challenge_12_final_stacking_colab
4646,1,0.9999998,1,challenge_12_final_stacking_colab
4647,0,9.062239e-05,0,challenge_12_final_stacking_colab
4648,1,0.78887165,1,challenge_12_final_stacking_colab
4649,0,0.4253974,0,challenge_12_final_stacking_colab
4650,0,0.14151491,0,challenge_12_final_stacking_colab
4651,1,0.9496344,1,challenge_12_final_stacking_colab
4652,0,0.12588055,0,challenge_12_final_stacking_colab
4653,1,0.99999523,1,challenge_12_final_stacking_colab
4654,0,0.0040013734,0,challenge_12_final_stacking_colab
4655,0,0.013528356,0,challenge_12_final_stacking_colab
4656,0,0.0037694122,0,challenge_12_final_stacking_colab
4657,0,0.215936,0,challenge_12_final_stacking_colab
4658,1,0.99999785,1,challenge_12_final_stacking_colab
4659,0,0.0006345809,0,challenge_12_final_stacking_colab
4660,1,0.55037534,1,challenge_12_final_stacking_colab
4661,0,0.2113063,0,challenge_12_final_stacking_colab
4662,0,4.1328626e-06,0,challenge_12_final_stacking_colab
4663,0,0.0011557983,0,challenge_12_final_stacking_colab
4664,1,0.7221003,1,challenge_12_final_stacking_colab
4665,1,0.7693396,1,challenge_12_final_stacking_colab
4666,1,0.96047086,1,challenge_12_final_stacking_colab
4667,0,0.23857851,0,challenge_12_final_stacking_colab
4668,1,0.9999994,1,challenge_12_final_stacking_colab
4669,1,0.94461006,1,challenge_12_final_stacking_colab
4670,1,0.9861447,1,challenge_12_final_stacking_colab
4671,1,0.9336033,1,challenge_12_final_stacking_colab
4672,1,1.0,1,challenge_12_final_stacking_colab
4673,0,1.4357419e-05,0,challenge_12_final_stacking_colab
4674,0,0.21444394,0,challenge_12_final_stacking_colab
4675,1,0.9999903,1,challenge_12_final_stacking_colab
4676,1,0.5336085,1,challenge_12_final_stacking_colab
4677,1,0.79368085,1,challenge_12_final_stacking_colab
4678,1,0.9952367,1,challenge_12_final_stacking_colab
4679,0,0.00079357,0,challenge_12_final_stacking_colab
4680,1,0.9869696,1,challenge_12_final_stacking_colab
4681,1,0.5716488,1,challenge_12_final_stacking_colab
4682,1,0.99797994,1,challenge_12_final_stacking_colab
4683,1,0.99999565,1,challenge_12_final_stacking_colab
4684,1,0.99306476,1,challenge_12_final_stacking_colab
4685,1,0.9464456,1,challenge_12_final_stacking_colab
4686,1,0.79008585,1,challenge_12_final_stacking_colab
4687,1,0.9961999,1,challenge_12_final_stacking_colab
4688,0,3.8299737e-07,0,challenge_12_final_stacking_colab
4689,0,0.38708538,0,challenge_12_final_stacking_colab
4690,1,0.99999636,1,challenge_12_final_stacking_colab
4691,0,0.30248126,0,challenge_12_final_stacking_colab
4692,0,0.22041635,0,challenge_12_final_stacking_colab
4693,1,0.9983783,1,challenge_12_final_stacking_colab
4694,0,0.20966527,0,challenge_12_final_stacking_colab
4695,0,0.02219064,0,challenge_12_final_stacking_colab
4696,1,0.7788791,1,challenge_12_final_stacking_colab
4697,1,0.5989116,1,challenge_12_final_stacking_colab
4698,0,0.4252098,0,challenge_12_final_stacking_colab
4699,0,0.019092757,0,challenge_12_final_stacking_colab
4700,1,0.99999386,1,challenge_12_final_stacking_colab
4701,1,0.9999997,1,challenge_12_final_stacking_colab
4702,0,0.001537709,0,challenge_12_final_stacking_colab
4703,1,0.5607467,1,challenge_12_final_stacking_colab
4704,1,0.75033134,1,challenge_12_final_stacking_colab
4705,0,0.44602957,0,challenge_12_final_stacking_colab
4706,1,0.7968241,1,challenge_12_final_stacking_colab
4707,1,0.8324478,1,challenge_12_final_stacking_colab
4708,1,0.7865293,1,challenge_12_final_stacking_colab
4709,1,0.9999943,1,challenge_12_final_stacking_colab
4710,0,0.00046434096,0,challenge_12_final_stacking_colab
4711,0,0.027220584,0,challenge_12_final_stacking_colab
4712,1,0.7888559,1,challenge_12_final_stacking_colab
4713,0,2.5505793e-07,0,challenge_12_final_stacking_colab
4714,1,0.9935781,1,challenge_12_final_stacking_colab
4715,0,0.011948219,0,challenge_12_final_stacking_colab
4716,0,0.20745166,0,challenge_12_final_stacking_colab
4717,0,0.20989004,0,challenge_12_final_stacking_colab
4718,1,0.9973286,1,challenge_12_final_stacking_colab
4719,1,0.9960945,1,challenge_12_final_stacking_colab
4720,1,0.98722726,1,challenge_12_final_stacking_colab
4721,1,0.99434954,1,challenge_12_final_stacking_colab
4722,1,0.99999577,1,challenge_12_final_stacking_colab
4723,0,0.011377077,0,challenge_12_final_stacking_colab
4724,0,0.43761182,0,challenge_12_final_stacking_colab
4725,0,0.01799816,0,challenge_12_final_stacking_colab
4726,1,0.99590176,1,challenge_12_final_stacking_colab
4727,1,0.9977541,1,challenge_12_final_stacking_colab
4728,0,0.2935688,0,challenge_12_final_stacking_colab
4729,1,0.9917758,1,challenge_12_final_stacking_colab
4730,1,0.9932893,1,challenge_12_final_stacking_colab
4731,1,0.9999999,1,challenge_12_final_stacking_colab
4732,0,0.10656399,0,challenge_12_final_stacking_colab
4733,1,0.9670631,1,challenge_12_final_stacking_colab
4734,1,0.9999997,1,challenge_12_final_stacking_colab
4735,0,0.20857558,0,challenge_12_final_stacking_colab
4736,1,0.99677384,1,challenge_12_final_stacking_colab
4737,1,1.0,1,challenge_12_final_stacking_colab
4738,1,0.99519604,1,challenge_12_final_stacking_colab
4739,1,0.3656415,0,challenge_12_final_stacking_colab
4740,1,0.90895677,1,challenge_12_final_stacking_colab
4741,0,0.21740817,0,challenge_12_final_stacking_colab
4742,0,0.21896806,0,challenge_12_final_stacking_colab
4743,1,0.9999996,1,challenge_12_final_stacking_colab
4744,0,0.034782253,0,challenge_12_final_stacking_colab
4745,0,0.010639557,0,challenge_12_final_stacking_colab
4746,0,0.001083609,0,challenge_12_final_stacking_colab
4747,1,0.49801365,1,challenge_12_final_stacking_colab
4748,0,0.011961146,0,challenge_12_final_stacking_colab
4749,0,1.0404777e-07,0,challenge_12_final_stacking_colab
4750,1,0.98310286,1,challenge_12_final_stacking_colab
4751,1,0.7854387,1,challenge_12_final_stacking_colab
4752,0,0.0314546,0,challenge_12_final_stacking_colab
4753,1,0.2440194,0,challenge_12_final_stacking_colab
4754,0,0.21277048,0,challenge_12_final_stacking_colab
4755,0,0.4777389,0,challenge_12_final_stacking_colab
4756,0,0.2295954,0,challenge_12_final_stacking_colab
4757,1,0.9999909,1,challenge_12_final_stacking_colab
4758,0,0.42522216,0,challenge_12_final_stacking_colab
4759,0,9.2562164e-05,0,challenge_12_final_stacking_colab
4760,0,0.264412,0,challenge_12_final_stacking_colab
4761,1,0.9949948,1,challenge_12_final_stacking_colab
4762,1,0.7752487,1,challenge_12_final_stacking_colab
4763,1,0.3490453,0,challenge_12_final_stacking_colab
4764,1,0.99999964,1,challenge_12_final_stacking_colab
4765,0,0.21231945,0,challenge_12_final_stacking_colab
4766,0,0.335613,0,challenge_12_final_stacking_colab
4767,1,0.9999983,1,challenge_12_final_stacking_colab
4768,1,0.83706653,1,challenge_12_final_stacking_colab
4769,1,0.96969277,1,challenge_12_final_stacking_colab
4770,1,0.96360946,1,challenge_12_final_stacking_colab
4771,0,0.43108183,0,challenge_12_final_stacking_colab
4772,1,0.99999624,1,challenge_12_final_stacking_colab
4773,1,0.8786767,1,challenge_12_final_stacking_colab
4774,1,0.46552873,0,challenge_12_final_stacking_colab
4775,1,0.98945177,1,challenge_12_final_stacking_colab
4776,0,0.0005001591,0,challenge_12_final_stacking_colab
4777,0,0.32939813,0,challenge_12_final_stacking_colab
4778,0,0.2138405,0,challenge_12_final_stacking_colab
4779,0,0.21931201,0,challenge_12_final_stacking_colab
4780,0,0.24626389,0,challenge_12_final_stacking_colab
4781,0,0.2528502,0,challenge_12_final_stacking_colab
4782,1,0.7871462,1,challenge_12_final_stacking_colab
4783,1,0.8293183,1,challenge_12_final_stacking_colab
4784,1,0.9999963,1,challenge_12_final_stacking_colab
4785,0,0.013965051,0,challenge_12_final_stacking_colab
4786,0,3.6402304e-05,0,challenge_12_final_stacking_colab
4787,0,0.7533043,1,challenge_12_final_stacking_colab
4788,0,0.19836499,0,challenge_12_final_stacking_colab
4789,1,0.9900541,1,challenge_12_final_stacking_colab
4790,1,0.560914,1,challenge_12_final_stacking_colab
4791,1,0.9966191,1,challenge_12_final_stacking_colab
4792,1,0.9999998,1,challenge_12_final_stacking_colab
4793,1,0.78078187,1,challenge_12_final_stacking_colab
4794,0,2.647832e-05,0,challenge_12_final_stacking_colab
4795,0,0.0460468,0,challenge_12_final_stacking_colab
4796,1,0.9606842,1,challenge_12_final_stacking_colab
4797,1,0.9409925,1,challenge_12_final_stacking_colab
4798,1,0.9999999,1,challenge_12_final_stacking_colab
4799,0,0.23055676,0,challenge_12_final_stacking_colab
4800,0,7.516241e-06,0,challenge_12_final_stacking_colab
4801,0,0.21320924,0,challenge_12_final_stacking_colab
4802,1,0.93312335,1,challenge_12_final_stacking_colab
4803,1,0.70147467,1,challenge_12_final_stacking_colab
4804,0,9.609744e-06,0,challenge_12_final_stacking_colab
4805,0,0.00046185617,0,challenge_12_final_stacking_colab
4806,1,0.99280703,1,challenge_12_final_stacking_colab
4807,1,0.9961814,1,challenge_12_final_stacking_colab
4808,1,0.78463584,1,challenge_12_final_stacking_colab
4809,0,0.23573072,0,challenge_12_final_stacking_colab
4810,0,0.43099952,0,challenge_12_final_stacking_colab
4811,0,5.8041017e-08,0,challenge_12_final_stacking_colab
4812,0,0.16184942,0,challenge_12_final_stacking_colab
4813,1,0.7643945,1,challenge_12_final_stacking_colab
4814,1,0.9675212,1,challenge_12_final_stacking_colab
4815,1,0.56258494,1,challenge_12_final_stacking_colab
4816,0,0.0026711195,0,challenge_12_final_stacking_colab
4817,0,0.1770379,0,challenge_12_final_stacking_colab
4818,1,0.9999989,1,challenge_12_final_stacking_colab
4819,0,0.0021339545,0,challenge_12_final_stacking_colab
4820,1,0.99999994,1,challenge_12_final_stacking_colab
4821,1,0.9804271,1,challenge_12_final_stacking_colab
4822,0,3.8169634e-05,0,challenge_12_final_stacking_colab
4823,0,0.00013002723,0,challenge_12_final_stacking_colab
4824,1,0.99999994,1,challenge_12_final_stacking_colab
4825,0,0.015946882,0,challenge_12_final_stacking_colab
4826,0,0.00035994378,0,challenge_12_final_stacking_colab
4827,0,0.12343883,0,challenge_12_final_stacking_colab
4828,1,0.99675393,1,challenge_12_final_stacking_colab
4829,0,0.42500964,0,challenge_12_final_stacking_colab
4830,1,0.989391,1,challenge_12_final_stacking_colab
4831,1,0.9983186,1,challenge_12_final_stacking_colab
4832,1,0.98408645,1,challenge_12_final_stacking_colab
4833,0,0.22143024,0,challenge_12_final_stacking_colab
4834,0,0.507167,1,challenge_12_final_stacking_colab
4835,1,0.46000728,0,challenge_12_final_stacking_colab
4836,1,0.7950933,1,challenge_12_final_stacking_colab
4837,1,0.55475754,1,challenge_12_final_stacking_colab
4838,0,0.12212104,0,challenge_12_final_stacking_colab
4839,1,0.9898028,1,challenge_12_final_stacking_colab
4840,1,0.29475564,0,challenge_12_final_stacking_colab
4841,0,0.4022543,0,challenge_12_final_stacking_colab
4842,0,0.0003649049,0,challenge_12_final_stacking_colab
4843,0,0.27438238,0,challenge_12_final_stacking_colab
4844,0,0.20585226,0,challenge_12_final_stacking_colab
4845,1,0.79319,1,challenge_12_final_stacking_colab
4846,1,0.99999595,1,challenge_12_final_stacking_colab
4847,1,0.88978904,1,challenge_12_final_stacking_colab
4848,1,0.29392827,0,challenge_12_final_stacking_colab
4849,0,0.00021923735,0,challenge_12_final_stacking_colab
4850,1,0.9999998,1,challenge_12_final_stacking_colab
4851,1,0.9905427,1,challenge_12_final_stacking_colab
4852,0,0.2145192,0,challenge_12_final_stacking_colab
4853,0,0.42518997,0,challenge_12_final_stacking_colab
4854,0,0.013268113,0,challenge_12_final_stacking_colab
4855,0,0.00017441386,0,challenge_12_final_stacking_colab
4856,0,0.30724093,0,challenge_12_final_stacking_colab
4857,0,7.875671e-06,0,challenge_12_final_stacking_colab
4858,0,0.52054155,1,challenge_12_final_stacking_colab
4859,1,0.995398,1,challenge_12_final_stacking_colab
4860,1,0.9978,1,challenge_12_final_stacking_colab
4861,0,9.503405e-05,0,challenge_12_final_stacking_colab
4862,0,0.77737576,1,challenge_12_final_stacking_colab
4863,1,0.99999994,1,challenge_12_final_stacking_colab
4864,1,0.99999785,1,challenge_12_final_stacking_colab
4865,0,0.21170896,0,challenge_12_final_stacking_colab
4866,0,0.24965194,0,challenge_12_final_stacking_colab
4867,1,0.99596655,1,challenge_12_final_stacking_colab
4868,1,0.9979804,1,challenge_12_final_stacking_colab
4869,1,0.95134676,1,challenge_12_final_stacking_colab
4870,1,0.99633515,1,challenge_12_final_stacking_colab
4871,0,0.0052716755,0,challenge_12_final_stacking_colab
4872,0,0.20808938,0,challenge_12_final_stacking_colab
4873,0,0.20769072,0,challenge_12_final_stacking_colab
4874,1,0.9999949,1,challenge_12_final_stacking_colab
4875,0,0.48912105,0,challenge_12_final_stacking_colab
4876,1,0.9880232,1,challenge_12_final_stacking_colab
4877,1,0.99114376,1,challenge_12_final_stacking_colab
4878,0,0.0010122868,0,challenge_12_final_stacking_colab
4879,0,0.6429301,1,challenge_12_final_stacking_colab
4880,0,0.24606901,0,challenge_12_final_stacking_colab
4881,1,0.9886052,1,challenge_12_final_stacking_colab
4882,1,0.9888519,1,challenge_12_final_stacking_colab
4883,1,0.9775123,1,challenge_12_final_stacking_colab
4884,1,0.5749968,1,challenge_12_final_stacking_colab
4885,1,0.795662,1,challenge_12_final_stacking_colab
4886,1,0.7950585,1,challenge_12_final_stacking_colab
4887,1,0.9953694,1,challenge_12_final_stacking_colab
4888,0,0.19195263,0,challenge_12_final_stacking_colab
4889,0,0.21711975,0,challenge_12_final_stacking_colab
4890,1,0.99644756,1,challenge_12_final_stacking_colab
4891,1,0.44572482,0,challenge_12_final_stacking_colab
4892,0,0.21453294,0,challenge_12_final_stacking_colab
4893,0,3.3074524e-05,0,challenge_12_final_stacking_colab
4894,0,5.891132e-05,0,challenge_12_final_stacking_colab
4895,1,0.9937936,1,challenge_12_final_stacking_colab
4896,1,0.79593617,1,challenge_12_final_stacking_colab
4897,1,0.99811834,1,challenge_12_final_stacking_colab
4898,0,0.5961054,1,challenge_12_final_stacking_colab
4899,0,0.0023314473,0,challenge_12_final_stacking_colab
4900,1,0.7886645,1,challenge_12_final_stacking_colab
4901,1,0.9999898,1,challenge_12_final_stacking_colab
4902,0,0.0019394915,0,challenge_12_final_stacking_colab
4903,1,0.77445096,1,challenge_12_final_stacking_colab
4904,0,0.20558053,0,challenge_12_final_stacking_colab
4905,1,0.98279923,1,challenge_12_final_stacking_colab
4906,1,0.99787295,1,challenge_12_final_stacking_colab
4907,0,2.0015552e-06,0,challenge_12_final_stacking_colab
4908,0,0.21064587,0,challenge_12_final_stacking_colab
4909,0,0.0043847742,0,challenge_12_final_stacking_colab
4910,0,0.0014683284,0,challenge_12_final_stacking_colab
4911,1,0.76526153,1,challenge_12_final_stacking_colab
4912,0,0.002339962,0,challenge_12_final_stacking_colab
4913,0,0.17904836,0,challenge_12_final_stacking_colab
4914,0,0.008256876,0,challenge_12_final_stacking_colab
4915,1,0.9984062,1,challenge_12_final_stacking_colab
4916,0,0.20437254,0,challenge_12_final_stacking_colab
4917,1,0.7842883,1,challenge_12_final_stacking_colab
4918,0,0.0050650826,0,challenge_12_final_stacking_colab
4919,0,8.292003e-05,0,challenge_12_final_stacking_colab
4920,1,0.80155456,1,challenge_12_final_stacking_colab
4921,1,0.99999994,1,challenge_12_final_stacking_colab
4922,1,0.994469,1,challenge_12_final_stacking_colab
4923,0,0.17384699,0,challenge_12_final_stacking_colab
4924,1,0.99850345,1,challenge_12_final_stacking_colab
4925,1,0.9822074,1,challenge_12_final_stacking_colab
4926,0,3.6053332e-06,0,challenge_12_final_stacking_colab
4927,1,0.780114,1,challenge_12_final_stacking_colab
4928,0,0.42500404,0,challenge_12_final_stacking_colab
4929,1,0.9999975,1,challenge_12_final_stacking_colab
4930,0,3.779101e-05,0,challenge_12_final_stacking_colab
4931,0,0.3256113,0,challenge_12_final_stacking_colab
4932,0,6.270941e-05,0,challenge_12_final_stacking_colab
4933,0,0.006873303,0,challenge_12_final_stacking_colab
4934,1,0.940935,1,challenge_12_final_stacking_colab
4935,0,0.23685208,0,challenge_12_final_stacking_colab
4936,1,0.9999999,1,challenge_12_final_stacking_colab
4937,1,0.79672855,1,challenge_12_final_stacking_colab
4938,1,0.9999998,1,challenge_12_final_stacking_colab
4939,1,0.9254874,1,challenge_12_final_stacking_colab
4940,1,0.7769416,1,challenge_12_final_stacking_colab
4941,0,0.000112005146,0,challenge_12_final_stacking_colab
4942,0,2.895941e-05,0,challenge_12_final_stacking_colab
4943,0,0.24125606,0,challenge_12_final_stacking_colab
4944,1,0.99999905,1,challenge_12_final_stacking_colab
4945,1,0.99999934,1,challenge_12_final_stacking_colab
4946,0,0.001228211,0,challenge_12_final_stacking_colab
4947,1,0.7859513,1,challenge_12_final_stacking_colab
4948,0,0.5047888,1,challenge_12_final_stacking_colab
4949,1,0.7928866,1,challenge_12_final_stacking_colab
4950,0,0.0053619295,0,challenge_12_final_stacking_colab
4951,0,0.47000533,0,challenge_12_final_stacking_colab
4952,1,0.99277836,1,challenge_12_final_stacking_colab
4953,0,4.107519e-07,0,challenge_12_final_stacking_colab
4954,1,0.7307083,1,challenge_12_final_stacking_colab
4955,1,0.9893428,1,challenge_12_final_stacking_colab
4956,1,0.78612095,1,challenge_12_final_stacking_colab
4957,1,0.9868545,1,challenge_12_final_stacking_colab
4958,0,0.017666807,0,challenge_12_final_stacking_colab
4959,0,0.0029238055,0,challenge_12_final_stacking_colab
4960,1,0.9940072,1,challenge_12_final_stacking_colab
4961,1,0.799078,1,challenge_12_final_stacking_colab
4962,1,0.5749924,1,challenge_12_final_stacking_colab
4963,1,0.7070118,1,challenge_12_final_stacking_colab
4964,1,0.4924149,1,challenge_12_final_stacking_colab
4965,1,0.99999845,1,challenge_12_final_stacking_colab
4966,0,0.42522797,0,challenge_12_final_stacking_colab
4967,1,0.9981839,1,challenge_12_final_stacking_colab
4968,1,0.99601173,1,challenge_12_final_stacking_colab
4969,0,1.9941828e-05,0,challenge_12_final_stacking_colab
4970,1,0.99999034,1,challenge_12_final_stacking_colab
4971,0,0.19766228,0,challenge_12_final_stacking_colab
4972,1,0.9999916,1,challenge_12_final_stacking_colab
4973,1,0.9999995,1,challenge_12_final_stacking_colab
4974,0,0.37358755,0,challenge_12_final_stacking_colab
4975,1,0.75932735,1,challenge_12_final_stacking_colab
4976,1,0.9945298,1,challenge_12_final_stacking_colab
4977,1,0.95909363,1,challenge_12_final_stacking_colab
4978,0,0.6245035,1,challenge_12_final_stacking_colab
4979,0,0.09298093,0,challenge_12_final_stacking_colab
4980,0,0.0020443455,0,challenge_12_final_stacking_colab
4981,0,0.75314754,1,challenge_12_final_stacking_colab
4982,0,0.64174914,1,challenge_12_final_stacking_colab
4983,1,0.99999934,1,challenge_12_final_stacking_colab
4984,1,0.98592865,1,challenge_12_final_stacking_colab
4985,1,0.9862334,1,challenge_12_final_stacking_colab
4986,1,0.9866505,1,challenge_12_final_stacking_colab
4987,0,0.4598088,0,challenge_12_final_stacking_colab
4988,1,0.9982261,1,challenge_12_final_stacking_colab
4989,0,0.19895159,0,challenge_12_final_stacking_colab
4990,1,0.99999857,1,challenge_12_final_stacking_colab
4991,1,0.7460686,1,challenge_12_final_stacking_colab
4992,0,4.388879e-05,0,challenge_12_final_stacking_colab
4993,1,0.9783306,1,challenge_12_final_stacking_colab
4994,0,0.00062381255,0,challenge_12_final_stacking_colab
4995,1,0.99368477,1,challenge_12_final_stacking_colab
4996,0,0.0039889314,0,challenge_12_final_stacking_colab
4997,0,0.22575901,0,challenge_12_final_stacking_colab
4998,1,0.98064756,1,challenge_12_final_stacking_colab
4999,1,0.543811,1,challenge_12_final_stacking_colab
5000,1,0.97797173,1,challenge_12_final_stacking_colab
5001,1,0.7915752,1,challenge_12_final_stacking_colab
5002,1,0.99999154,1,challenge_12_final_stacking_colab
5003,1,0.012696481,0,challenge_12_final_stacking_colab
5004,1,0.99999624,1,challenge_12_final_stacking_colab
5005,0,0.101727135,0,challenge_12_final_stacking_colab
5006,0,0.0009658882,0,challenge_12_final_stacking_colab
5007,0,0.42511877,0,challenge_12_final_stacking_colab
5008,1,0.99999815,1,challenge_12_final_stacking_colab
5009,0,0.0068273903,0,challenge_12_final_stacking_colab
5010,1,0.9981759,1,challenge_12_final_stacking_colab
5011,0,0.207577,0,challenge_12_final_stacking_colab
5012,0,0.0130809,0,challenge_12_final_stacking_colab
5013,1,0.9907874,1,challenge_12_final_stacking_colab
5014,1,0.9999965,1,challenge_12_final_stacking_colab
5015,1,0.9976974,1,challenge_12_final_stacking_colab
5016,1,0.92664564,1,challenge_12_final_stacking_colab
5017,0,0.024236698,0,challenge_12_final_stacking_colab
5018,1,0.96789676,1,challenge_12_final_stacking_colab
5019,1,0.9899851,1,challenge_12_final_stacking_colab
5020,0,0.21512121,0,challenge_12_final_stacking_colab
5021,1,0.79045004,1,challenge_12_final_stacking_colab
5022,0,0.213543,0,challenge_12_final_stacking_colab
5023,0,0.2145523,0,challenge_12_final_stacking_colab
5024,1,0.9999893,1,challenge_12_final_stacking_colab
5025,1,1.0,1,challenge_12_final_stacking_colab
5026,1,0.98741174,1,challenge_12_final_stacking_colab
5027,1,0.44423968,0,challenge_12_final_stacking_colab
5028,0,0.01711111,0,challenge_12_final_stacking_colab
5029,0,0.21493809,0,challenge_12_final_stacking_colab
5030,0,0.34077376,0,challenge_12_final_stacking_colab
5031,0,0.36584568,0,challenge_12_final_stacking_colab
5032,0,3.50209e-05,0,challenge_12_final_stacking_colab
5033,1,0.99761695,1,challenge_12_final_stacking_colab
5034,0,0.22147216,0,challenge_12_final_stacking_colab
5035,1,0.9970528,1,challenge_12_final_stacking_colab
5036,0,0.0060409447,0,challenge_12_final_stacking_colab
5037,0,0.0051959767,0,challenge_12_final_stacking_colab
5038,1,0.8135029,1,challenge_12_final_stacking_colab
5039,1,0.99998987,1,challenge_12_final_stacking_colab
5040,1,0.9999981,1,challenge_12_final_stacking_colab
5041,0,0.22917232,0,challenge_12_final_stacking_colab
5042,0,0.27516615,0,challenge_12_final_stacking_colab
5043,0,0.0033824379,0,challenge_12_final_stacking_colab
5044,1,0.9999984,1,challenge_12_final_stacking_colab
5045,0,0.001203723,0,challenge_12_final_stacking_colab
5046,1,0.9850523,1,challenge_12_final_stacking_colab
5047,1,0.48079625,0,challenge_12_final_stacking_colab
5048,1,0.7717095,1,challenge_12_final_stacking_colab
5049,1,0.7898281,1,challenge_12_final_stacking_colab
5050,0,0.022654088,0,challenge_12_final_stacking_colab
5051,1,0.9999966,1,challenge_12_final_stacking_colab
5052,1,0.72631,1,challenge_12_final_stacking_colab
5053,1,0.97700983,1,challenge_12_final_stacking_colab
5054,1,0.99165076,1,challenge_12_final_stacking_colab
5055,1,0.99620503,1,challenge_12_final_stacking_colab
5056,1,0.9639847,1,challenge_12_final_stacking_colab
5057,0,0.018428352,0,challenge_12_final_stacking_colab
5058,0,0.20788652,0,challenge_12_final_stacking_colab
5059,1,0.9897157,1,challenge_12_final_stacking_colab
5060,1,0.9799677,1,challenge_12_final_stacking_colab
5061,1,0.57499987,1,challenge_12_final_stacking_colab
5062,0,0.004528782,0,challenge_12_final_stacking_colab
5063,0,0.2013891,0,challenge_12_final_stacking_colab
5064,0,3.6964768e-05,0,challenge_12_final_stacking_colab
5065,1,0.33065152,0,challenge_12_final_stacking_colab
5066,1,0.9999988,1,challenge_12_final_stacking_colab
5067,1,0.9999937,1,challenge_12_final_stacking_colab
5068,1,0.7730267,1,challenge_12_final_stacking_colab
5069,1,0.9983776,1,challenge_12_final_stacking_colab
5070,1,0.7883251,1,challenge_12_final_stacking_colab
5071,1,0.9964208,1,challenge_12_final_stacking_colab
5072,0,0.4250025,0,challenge_12_final_stacking_colab
5073,0,0.45963478,0,challenge_12_final_stacking_colab
5074,1,0.9952522,1,challenge_12_final_stacking_colab
5075,0,0.05769278,0,challenge_12_final_stacking_colab
5076,1,0.79999954,1,challenge_12_final_stacking_colab
5077,1,0.98861206,1,challenge_12_final_stacking_colab
5078,1,0.8993437,1,challenge_12_final_stacking_colab
5079,1,0.99782825,1,challenge_12_final_stacking_colab
5080,1,0.9768014,1,challenge_12_final_stacking_colab
5081,0,0.00843157,0,challenge_12_final_stacking_colab
5082,1,0.98561084,1,challenge_12_final_stacking_colab
5083,0,0.23384535,0,challenge_12_final_stacking_colab
5084,1,0.75056314,1,challenge_12_final_stacking_colab
5085,0,0.42503458,0,challenge_12_final_stacking_colab
5086,1,0.9910181,1,challenge_12_final_stacking_colab
5087,0,0.13503382,0,challenge_12_final_stacking_colab
5088,1,0.60745317,1,challenge_12_final_stacking_colab
5089,1,1.0,1,challenge_12_final_stacking_colab
5090,1,0.80329806,1,challenge_12_final_stacking_colab
5091,0,0.4270676,0,challenge_12_final_stacking_colab
5092,1,0.7031379,1,challenge_12_final_stacking_colab
5093,0,1.3089325e-06,0,challenge_12_final_stacking_colab
5094,1,0.7754039,1,challenge_12_final_stacking_colab
5095,0,0.00014035488,0,challenge_12_final_stacking_colab
5096,0,0.619609,1,challenge_12_final_stacking_colab
5097,1,0.9999987,1,challenge_12_final_stacking_colab
5098,0,0.21585582,0,challenge_12_final_stacking_colab
5099,1,0.9058657,1,challenge_12_final_stacking_colab
5100,0,0.26343808,0,challenge_12_final_stacking_colab
5101,1,0.77125347,1,challenge_12_final_stacking_colab
5102,1,0.4877906,0,challenge_12_final_stacking_colab
5103,1,0.5539603,1,challenge_12_final_stacking_colab
5104,1,0.9818372,1,challenge_12_final_stacking_colab
5105,1,0.7878709,1,challenge_12_final_stacking_colab
5106,0,0.3352943,0,challenge_12_final_stacking_colab
5107,0,0.20994408,0,challenge_12_final_stacking_colab
5108,1,0.9951888,1,challenge_12_final_stacking_colab
5109,0,0.07852588,0,challenge_12_final_stacking_colab
5110,0,0.74886715,1,challenge_12_final_stacking_colab
5111,0,1.989354e-06,0,challenge_12_final_stacking_colab
5112,0,0.0034632534,0,challenge_12_final_stacking_colab
5113,1,0.5100924,1,challenge_12_final_stacking_colab
5114,0,0.20922245,0,challenge_12_final_stacking_colab
5115,0,0.19846712,0,challenge_12_final_stacking_colab
5116,0,0.0020990975,0,challenge_12_final_stacking_colab
5117,1,0.864307,1,challenge_12_final_stacking_colab
5118,0,0.1956202,0,challenge_12_final_stacking_colab
5119,0,0.00018564377,0,challenge_12_final_stacking_colab
5120,0,0.18899703,0,challenge_12_final_stacking_colab
5121,1,0.7905244,1,challenge_12_final_stacking_colab
5122,0,0.61723226,1,challenge_12_final_stacking_colab
5123,0,0.2261888,0,challenge_12_final_stacking_colab
5124,0,2.2071758e-07,0,challenge_12_final_stacking_colab
5125,0,0.39885604,0,challenge_12_final_stacking_colab
5126,0,0.20844173,0,challenge_12_final_stacking_colab
5127,1,0.6208594,1,challenge_12_final_stacking_colab
5128,1,0.7910032,1,challenge_12_final_stacking_colab
5129,0,0.0008563721,0,challenge_12_final_stacking_colab
5130,1,0.9967661,1,challenge_12_final_stacking_colab
5131,0,0.11892789,0,challenge_12_final_stacking_colab
5132,1,0.77880704,1,challenge_12_final_stacking_colab
5133,0,3.5116453e-05,0,challenge_12_final_stacking_colab
5134,1,0.99617386,1,challenge_12_final_stacking_colab
5135,0,0.0004315309,0,challenge_12_final_stacking_colab
5136,1,0.9999998,1,challenge_12_final_stacking_colab
5137,1,0.9003713,1,challenge_12_final_stacking_colab
5138,0,0.3087445,0,challenge_12_final_stacking_colab
5139,0,0.03019098,0,challenge_12_final_stacking_colab
5140,0,0.00016537415,0,challenge_12_final_stacking_colab
5141,1,0.9768189,1,challenge_12_final_stacking_colab
5142,1,0.9999988,1,challenge_12_final_stacking_colab
5143,0,0.42636964,0,challenge_12_final_stacking_colab
5144,0,0.00021775145,0,challenge_12_final_stacking_colab
5145,1,0.99998987,1,challenge_12_final_stacking_colab
5146,0,0.5916695,1,challenge_12_final_stacking_colab
5147,0,0.21695206,0,challenge_12_final_stacking_colab
5148,0,0.009381822,0,challenge_12_final_stacking_colab
5149,0,0.39967147,0,challenge_12_final_stacking_colab
5150,0,0.21374859,0,challenge_12_final_stacking_colab
5151,0,0.00025626147,0,challenge_12_final_stacking_colab
5152,0,0.42595318,0,challenge_12_final_stacking_colab
5153,1,0.99394953,1,challenge_12_final_stacking_colab
5154,1,0.97818655,1,challenge_12_final_stacking_colab
5155,1,0.9764266,1,challenge_12_final_stacking_colab
5156,0,0.008313175,0,challenge_12_final_stacking_colab
5157,0,0.3101951,0,challenge_12_final_stacking_colab
5158,0,0.22979008,0,challenge_12_final_stacking_colab
5159,0,0.41356164,0,challenge_12_final_stacking_colab
5160,1,0.9102217,1,challenge_12_final_stacking_colab
5161,0,0.00076209754,0,challenge_12_final_stacking_colab
5162,1,0.9999954,1,challenge_12_final_stacking_colab
5163,0,0.35901463,0,challenge_12_final_stacking_colab
5164,0,0.21736395,0,challenge_12_final_stacking_colab
5165,1,0.78462845,1,challenge_12_final_stacking_colab
5166,0,0.32943472,0,challenge_12_final_stacking_colab
5167,1,0.8400491,1,challenge_12_final_stacking_colab
5168,0,0.02283416,0,challenge_12_final_stacking_colab
5169,1,0.8123075,1,challenge_12_final_stacking_colab
5170,1,0.80920315,1,challenge_12_final_stacking_colab
5171,1,0.4803339,0,challenge_12_final_stacking_colab
5172,0,0.0001310582,0,challenge_12_final_stacking_colab
5173,0,0.42539626,0,challenge_12_final_stacking_colab
5174,0,0.0012820208,0,challenge_12_final_stacking_colab
5175,1,0.733727,1,challenge_12_final_stacking_colab
5176,0,0.20690952,0,challenge_12_final_stacking_colab
5177,1,0.9972056,1,challenge_12_final_stacking_colab
5178,1,0.9966005,1,challenge_12_final_stacking_colab
5179,1,0.9959683,1,challenge_12_final_stacking_colab
5180,0,0.00059984106,0,challenge_12_final_stacking_colab
5181,1,0.99999934,1,challenge_12_final_stacking_colab
5182,0,0.20200029,0,challenge_12_final_stacking_colab
5183,0,1.1188057e-05,0,challenge_12_final_stacking_colab
5184,1,0.76065046,1,challenge_12_final_stacking_colab
5185,0,0.21819152,0,challenge_12_final_stacking_colab
5186,0,0.21197748,0,challenge_12_final_stacking_colab
5187,1,0.9372173,1,challenge_12_final_stacking_colab
5188,1,0.99999595,1,challenge_12_final_stacking_colab
5189,1,0.9999978,1,challenge_12_final_stacking_colab
5190,0,9.848848e-05,0,challenge_12_final_stacking_colab
5191,0,0.060297538,0,challenge_12_final_stacking_colab
5192,1,0.83656645,1,challenge_12_final_stacking_colab
5193,0,0.2126001,0,challenge_12_final_stacking_colab
5194,1,0.9961577,1,challenge_12_final_stacking_colab
5195,1,0.99692464,1,challenge_12_final_stacking_colab
5196,1,0.9981135,1,challenge_12_final_stacking_colab
5197,0,0.21174331,0,challenge_12_final_stacking_colab
5198,1,0.97786015,1,challenge_12_final_stacking_colab
5199,0,0.60091245,1,challenge_12_final_stacking_colab
5200,0,0.00045988188,0,challenge_12_final_stacking_colab
5201,1,0.79007256,1,challenge_12_final_stacking_colab
5202,1,0.7848971,1,challenge_12_final_stacking_colab
5203,0,0.22551458,0,challenge_12_final_stacking_colab
5204,1,0.9999965,1,challenge_12_final_stacking_colab
5205,1,0.9969182,1,challenge_12_final_stacking_colab
5206,0,0.100969136,0,challenge_12_final_stacking_colab
5207,1,0.9871447,1,challenge_12_final_stacking_colab
5208,0,4.5742155e-07,0,challenge_12_final_stacking_colab
5209,1,0.9979547,1,challenge_12_final_stacking_colab
5210,0,0.059569508,0,challenge_12_final_stacking_colab
5211,0,0.0018315528,0,challenge_12_final_stacking_colab
5212,1,0.7836974,1,challenge_12_final_stacking_colab
5213,1,0.2875,0,challenge_12_final_stacking_colab
5214,0,0.19887722,0,challenge_12_final_stacking_colab
5215,0,0.20604947,0,challenge_12_final_stacking_colab
5216,1,0.78251725,1,challenge_12_final_stacking_colab
5217,0,8.9609e-06,0,challenge_12_final_stacking_colab
5218,0,0.11132156,0,challenge_12_final_stacking_colab
5219,0,0.00027591674,0,challenge_12_final_stacking_colab
5220,1,0.99999905,1,challenge_12_final_stacking_colab
5221,0,0.00028732003,0,challenge_12_final_stacking_colab
5222,0,0.0046193614,0,challenge_12_final_stacking_colab
5223,0,0.7584861,1,challenge_12_final_stacking_colab
5224,1,0.9955574,1,challenge_12_final_stacking_colab
5225,0,0.009819385,0,challenge_12_final_stacking_colab
5226,0,0.0011201402,0,challenge_12_final_stacking_colab
5227,1,0.9999987,1,challenge_12_final_stacking_colab
5228,0,1.2959095e-05,0,challenge_12_final_stacking_colab
5229,1,0.7955709,1,challenge_12_final_stacking_colab
5230,1,0.9979198,1,challenge_12_final_stacking_colab
5231,0,0.2092622,0,challenge_12_final_stacking_colab
5232,0,4.274385e-06,0,challenge_12_final_stacking_colab
5233,1,1.0,1,challenge_12_final_stacking_colab
5234,0,0.0013070474,0,challenge_12_final_stacking_colab
5235,0,0.0002606007,0,challenge_12_final_stacking_colab
5236,0,0.5901353,1,challenge_12_final_stacking_colab
5237,1,0.95340425,1,challenge_12_final_stacking_colab
5238,1,0.998364,1,challenge_12_final_stacking_colab
5239,0,0.41361967,0,challenge_12_final_stacking_colab
5240,1,0.7803098,1,challenge_12_final_stacking_colab
5241,1,0.99678016,1,challenge_12_final_stacking_colab
5242,1,0.98197824,1,challenge_12_final_stacking_colab
5243,1,0.9956424,1,challenge_12_final_stacking_colab
5244,1,0.9447437,1,challenge_12_final_stacking_colab
5245,0,0.67696273,1,challenge_12_final_stacking_colab
5246,0,1.767576e-07,0,challenge_12_final_stacking_colab
5247,0,0.22095726,0,challenge_12_final_stacking_colab
5248,0,0.00013952094,0,challenge_12_final_stacking_colab
5249,0,0.34433693,0,challenge_12_final_stacking_colab
5250,1,0.79775536,1,challenge_12_final_stacking_colab
5251,0,0.00083151466,0,challenge_12_final_stacking_colab
5252,1,0.5691958,1,challenge_12_final_stacking_colab
5253,1,0.9999993,1,challenge_12_final_stacking_colab
5254,0,0.2123473,0,challenge_12_final_stacking_colab
5255,0,0.42988384,0,challenge_12_final_stacking_colab
5256,0,0.21886784,0,challenge_12_final_stacking_colab
5257,1,0.78379655,1,challenge_12_final_stacking_colab
5258,1,0.9469859,1,challenge_12_final_stacking_colab
5259,0,0.16472714,0,challenge_12_final_stacking_colab
5260,0,0.4425263,0,challenge_12_final_stacking_colab
5261,1,0.99999994,1,challenge_12_final_stacking_colab
5262,0,0.2440547,0,challenge_12_final_stacking_colab
5263,0,0.5603361,1,challenge_12_final_stacking_colab
5264,1,0.5481043,1,challenge_12_final_stacking_colab
5265,1,0.99770486,1,challenge_12_final_stacking_colab
5266,0,0.048893888,0,challenge_12_final_stacking_colab
5267,0,0.0006818257,0,challenge_12_final_stacking_colab
5268,1,0.99158895,1,challenge_12_final_stacking_colab
5269,1,0.78297144,1,challenge_12_final_stacking_colab
5270,0,0.22602488,0,challenge_12_final_stacking_colab
5271,0,0.21317178,0,challenge_12_final_stacking_colab
5272,0,0.27720606,0,challenge_12_final_stacking_colab
5273,0,0.00015395402,0,challenge_12_final_stacking_colab
5274,0,0.00034607053,0,challenge_12_final_stacking_colab
5275,0,5.2219362e-05,0,challenge_12_final_stacking_colab
5276,1,0.70642895,1,challenge_12_final_stacking_colab
5277,1,0.9999985,1,challenge_12_final_stacking_colab
5278,0,0.11835799,0,challenge_12_final_stacking_colab
5279,0,0.049741726,0,challenge_12_final_stacking_colab
5280,1,0.5400915,1,challenge_12_final_stacking_colab
5281,1,0.9999995,1,challenge_12_final_stacking_colab
5282,1,0.96881664,1,challenge_12_final_stacking_colab
5283,1,0.5557888,1,challenge_12_final_stacking_colab
5284,0,0.20141962,0,challenge_12_final_stacking_colab
5285,1,0.7666785,1,challenge_12_final_stacking_colab
5286,0,0.0008355568,0,challenge_12_final_stacking_colab
5287,1,0.99482566,1,challenge_12_final_stacking_colab
5288,0,0.42710778,0,challenge_12_final_stacking_colab
5289,0,0.2100553,0,challenge_12_final_stacking_colab
5290,0,0.063869,0,challenge_12_final_stacking_colab
5291,0,0.001377843,0,challenge_12_final_stacking_colab
5292,0,0.51931673,1,challenge_12_final_stacking_colab
5293,0,0.00027240007,0,challenge_12_final_stacking_colab
5294,1,0.9999948,1,challenge_12_final_stacking_colab
5295,1,0.7975348,1,challenge_12_final_stacking_colab
5296,1,0.9999916,1,challenge_12_final_stacking_colab
5297,0,0.0007426748,0,challenge_12_final_stacking_colab
5298,0,0.21277978,0,challenge_12_final_stacking_colab
5299,0,0.42500547,0,challenge_12_final_stacking_colab
5300,0,0.25828484,0,challenge_12_final_stacking_colab
5301,1,0.7808261,1,challenge_12_final_stacking_colab
5302,1,0.98672086,1,challenge_12_final_stacking_colab
5303,0,0.21649201,0,challenge_12_final_stacking_colab
5304,0,0.21976648,0,challenge_12_final_stacking_colab
5305,1,0.9027239,1,challenge_12_final_stacking_colab
5306,0,0.6243683,1,challenge_12_final_stacking_colab
5307,0,1.5834283e-06,0,challenge_12_final_stacking_colab
5308,0,0.21715124,0,challenge_12_final_stacking_colab
5309,0,0.03392628,0,challenge_12_final_stacking_colab
5310,0,0.09247196,0,challenge_12_final_stacking_colab
5311,0,0.00012782321,0,challenge_12_final_stacking_colab
5312,1,0.8884535,1,challenge_12_final_stacking_colab
5313,1,0.63370633,1,challenge_12_final_stacking_colab
5314,1,0.7645534,1,challenge_12_final_stacking_colab
5315,1,0.95961815,1,challenge_12_final_stacking_colab
5316,1,0.97498286,1,challenge_12_final_stacking_colab
5317,1,1.0,1,challenge_12_final_stacking_colab
5318,0,0.19142942,0,challenge_12_final_stacking_colab
5319,0,0.37447,0,challenge_12_final_stacking_colab
5320,0,0.0013419181,0,challenge_12_final_stacking_colab
5321,1,0.99630916,1,challenge_12_final_stacking_colab
5322,1,0.7324292,1,challenge_12_final_stacking_colab
5323,1,0.99456346,1,challenge_12_final_stacking_colab
5324,0,0.00022012649,0,challenge_12_final_stacking_colab
5325,1,0.9966934,1,challenge_12_final_stacking_colab
5326,1,0.8944227,1,challenge_12_final_stacking_colab
5327,0,0.22614071,0,challenge_12_final_stacking_colab
5328,0,5.0463547e-07,0,challenge_12_final_stacking_colab
5329,0,0.00016831653,0,challenge_12_final_stacking_colab
5330,1,0.30462685,0,challenge_12_final_stacking_colab
5331,1,0.9931023,1,challenge_12_final_stacking_colab
5332,1,0.9948219,1,challenge_12_final_stacking_colab
5333,0,0.19081138,0,challenge_12_final_stacking_colab
5334,1,0.7881469,1,challenge_12_final_stacking_colab
5335,1,0.79098237,1,challenge_12_final_stacking_colab
5336,1,0.46868125,0,challenge_12_final_stacking_colab
5337,0,0.4256501,0,challenge_12_final_stacking_colab
5338,1,0.99080265,1,challenge_12_final_stacking_colab
5339,1,0.4936711,1,challenge_12_final_stacking_colab
5340,0,0.11396293,0,challenge_12_final_stacking_colab
5341,0,0.20984651,0,challenge_12_final_stacking_colab
5342,1,0.99797165,1,challenge_12_final_stacking_colab
5343,0,0.3962553,0,challenge_12_final_stacking_colab
5344,1,0.9999929,1,challenge_12_final_stacking_colab
5345,1,0.7727331,1,challenge_12_final_stacking_colab
5346,1,0.77796143,1,challenge_12_final_stacking_colab
5347,1,0.5703221,1,challenge_12_final_stacking_colab
5348,1,0.7654408,1,challenge_12_final_stacking_colab
5349,1,0.99820465,1,challenge_12_final_stacking_colab
5350,0,0.4625055,0,challenge_12_final_stacking_colab
5351,1,0.5813766,1,challenge_12_final_stacking_colab
5352,0,2.1746038e-07,0,challenge_12_final_stacking_colab
5353,1,0.9909756,1,challenge_12_final_stacking_colab
5354,0,5.7500007e-08,0,challenge_12_final_stacking_colab
5355,0,0.00034850914,0,challenge_12_final_stacking_colab
5356,0,0.013791221,0,challenge_12_final_stacking_colab
5357,0,0.47481042,0,challenge_12_final_stacking_colab
5358,1,0.94683295,1,challenge_12_final_stacking_colab
5359,0,0.28452075,0,challenge_12_final_stacking_colab
5360,0,0.21363886,0,challenge_12_final_stacking_colab
5361,0,0.6239527,1,challenge_12_final_stacking_colab
5362,0,0.22089785,0,challenge_12_final_stacking_colab
5363,1,0.7938143,1,challenge_12_final_stacking_colab
5364,0,0.0006073548,0,challenge_12_final_stacking_colab
5365,0,0.00064848096,0,challenge_12_final_stacking_colab
5366,1,0.9929438,1,challenge_12_final_stacking_colab
5367,0,0.42714182,0,challenge_12_final_stacking_colab
5368,0,2.4576442e-05,0,challenge_12_final_stacking_colab
5369,1,0.99297947,1,challenge_12_final_stacking_colab
5370,1,0.7744687,1,challenge_12_final_stacking_colab
5371,1,0.5447983,1,challenge_12_final_stacking_colab
5372,0,0.3314218,0,challenge_12_final_stacking_colab
5373,0,6.972325e-05,0,challenge_12_final_stacking_colab
5374,1,0.40382951,0,challenge_12_final_stacking_colab
5375,0,0.19792268,0,challenge_12_final_stacking_colab
5376,1,0.78688145,1,challenge_12_final_stacking_colab
5377,1,0.9472485,1,challenge_12_final_stacking_colab
5378,1,0.78442556,1,challenge_12_final_stacking_colab
5379,0,0.014083023,0,challenge_12_final_stacking_colab
5380,0,0.426575,0,challenge_12_final_stacking_colab
5381,0,8.2369304e-05,0,challenge_12_final_stacking_colab
5382,0,1.011165e-05,0,challenge_12_final_stacking_colab
5383,1,0.99743855,1,challenge_12_final_stacking_colab
5384,1,0.672455,1,challenge_12_final_stacking_colab
5385,1,0.9999999,1,challenge_12_final_stacking_colab
5386,0,0.002727457,0,challenge_12_final_stacking_colab
5387,1,0.9838878,1,challenge_12_final_stacking_colab
5388,1,0.9973672,1,challenge_12_final_stacking_colab
5389,1,0.9979213,1,challenge_12_final_stacking_colab
5390,1,0.7298182,1,challenge_12_final_stacking_colab
5391,1,0.56511194,1,challenge_12_final_stacking_colab
5392,0,4.7175095e-06,0,challenge_12_final_stacking_colab
5393,1,0.9999981,1,challenge_12_final_stacking_colab
5394,1,0.9999916,1,challenge_12_final_stacking_colab
5395,1,0.94163734,1,challenge_12_final_stacking_colab
5396,0,0.0046829386,0,challenge_12_final_stacking_colab
5397,0,0.7417134,1,challenge_12_final_stacking_colab
5398,1,0.97459215,1,challenge_12_final_stacking_colab
5399,0,0.0021618532,0,challenge_12_final_stacking_colab
5400,1,0.99846256,1,challenge_12_final_stacking_colab
5401,0,5.748865e-05,0,challenge_12_final_stacking_colab
5402,1,0.9734869,1,challenge_12_final_stacking_colab
5403,0,0.009414781,0,challenge_12_final_stacking_colab
5404,1,0.99999964,1,challenge_12_final_stacking_colab
5405,1,0.99999416,1,challenge_12_final_stacking_colab
5406,0,2.211872e-06,0,challenge_12_final_stacking_colab
5407,1,0.7876953,1,challenge_12_final_stacking_colab
5408,1,0.7658305,1,challenge_12_final_stacking_colab
5409,0,0.16453262,0,challenge_12_final_stacking_colab
5410,1,0.739691,1,challenge_12_final_stacking_colab
5411,0,0.45418385,0,challenge_12_final_stacking_colab
5412,0,0.1932987,0,challenge_12_final_stacking_colab
5413,1,0.99051446,1,challenge_12_final_stacking_colab
5414,1,0.7125,1,challenge_12_final_stacking_colab
5415,1,0.9956109,1,challenge_12_final_stacking_colab
5416,1,0.9950103,1,challenge_12_final_stacking_colab
5417,1,0.9999978,1,challenge_12_final_stacking_colab
5418,1,0.7880824,1,challenge_12_final_stacking_colab
5419,0,0.008125805,0,challenge_12_final_stacking_colab
5420,0,0.21628846,0,challenge_12_final_stacking_colab
5421,0,0.00042301617,0,challenge_12_final_stacking_colab
5422,0,0.2064568,0,challenge_12_final_stacking_colab
5423,0,0.16620912,0,challenge_12_final_stacking_colab
5424,0,0.42509964,0,challenge_12_final_stacking_colab
5425,1,0.78496814,1,challenge_12_final_stacking_colab
5426,0,0.425294,0,challenge_12_final_stacking_colab
5427,1,0.79033154,1,challenge_12_final_stacking_colab
5428,1,0.78546387,1,challenge_12_final_stacking_colab
5429,1,0.7920328,1,challenge_12_final_stacking_colab
5430,0,0.006903818,0,challenge_12_final_stacking_colab
5431,1,0.9805077,1,challenge_12_final_stacking_colab
5432,0,0.015202451,0,challenge_12_final_stacking_colab
5433,0,0.2510435,0,challenge_12_final_stacking_colab
5434,0,0.009799657,0,challenge_12_final_stacking_colab
5435,0,0.0005612739,0,challenge_12_final_stacking_colab
5436,0,0.26212668,0,challenge_12_final_stacking_colab
5437,0,0.21028373,0,challenge_12_final_stacking_colab
5438,0,0.07557788,0,challenge_12_final_stacking_colab
5439,1,0.6797576,1,challenge_12_final_stacking_colab
5440,1,0.993322,1,challenge_12_final_stacking_colab
5441,1,0.9966926,1,challenge_12_final_stacking_colab
5442,0,0.21168222,0,challenge_12_final_stacking_colab
5443,1,0.9968251,1,challenge_12_final_stacking_colab
5444,0,0.44217023,0,challenge_12_final_stacking_colab
5445,0,0.006065661,0,challenge_12_final_stacking_colab
5446,1,0.9999995,1,challenge_12_final_stacking_colab
5447,0,0.25372142,0,challenge_12_final_stacking_colab
5448,0,0.27328792,0,challenge_12_final_stacking_colab
5449,0,0.17453994,0,challenge_12_final_stacking_colab
5450,0,0.4589643,0,challenge_12_final_stacking_colab
5451,1,0.7867523,1,challenge_12_final_stacking_colab
5452,1,0.97050613,1,challenge_12_final_stacking_colab
5453,0,0.0136229275,0,challenge_12_final_stacking_colab
5454,0,0.42507613,0,challenge_12_final_stacking_colab
5455,1,0.56256896,1,challenge_12_final_stacking_colab
5456,1,0.10464525,0,challenge_12_final_stacking_colab
5457,0,0.607374,1,challenge_12_final_stacking_colab
5458,0,0.22394206,0,challenge_12_final_stacking_colab
5459,1,0.99999845,1,challenge_12_final_stacking_colab
5460,1,0.9963808,1,challenge_12_final_stacking_colab
5461,0,2.1399175e-05,0,challenge_12_final_stacking_colab
5462,1,0.99999475,1,challenge_12_final_stacking_colab
5463,0,0.02596556,0,challenge_12_final_stacking_colab
5464,0,0.4250266,0,challenge_12_final_stacking_colab
5465,0,0.02001099,0,challenge_12_final_stacking_colab
5466,1,0.99524915,1,challenge_12_final_stacking_colab
5467,1,0.8262442,1,challenge_12_final_stacking_colab
5468,0,0.21732213,0,challenge_12_final_stacking_colab
5469,0,0.05052675,0,challenge_12_final_stacking_colab
5470,1,0.998374,1,challenge_12_final_stacking_colab
5471,0,0.52885514,1,challenge_12_final_stacking_colab
5472,1,0.569405,1,challenge_12_final_stacking_colab
5473,1,0.993011,1,challenge_12_final_stacking_colab
5474,1,0.99477637,1,challenge_12_final_stacking_colab
5475,0,0.7354098,1,challenge_12_final_stacking_colab
5476,1,0.80011487,1,challenge_12_final_stacking_colab
5477,1,0.99999934,1,challenge_12_final_stacking_colab
5478,1,0.78131247,1,challenge_12_final_stacking_colab
5479,1,0.99746805,1,challenge_12_final_stacking_colab
5480,0,0.21015619,0,challenge_12_final_stacking_colab
5481,1,0.8323374,1,challenge_12_final_stacking_colab
5482,0,0.22135329,0,challenge_12_final_stacking_colab
5483,1,0.99666125,1,challenge_12_final_stacking_colab
5484,0,0.43477824,0,challenge_12_final_stacking_colab
5485,1,0.91315675,1,challenge_12_final_stacking_colab
5486,1,0.5769426,1,challenge_12_final_stacking_colab
5487,0,0.21951275,0,challenge_12_final_stacking_colab
5488,0,0.0040334496,0,challenge_12_final_stacking_colab
5489,1,0.7530752,1,challenge_12_final_stacking_colab
5490,0,0.18895483,0,challenge_12_final_stacking_colab
5491,0,0.2212202,0,challenge_12_final_stacking_colab
5492,1,0.99635786,1,challenge_12_final_stacking_colab
5493,1,0.9260326,1,challenge_12_final_stacking_colab
5494,1,0.99999106,1,challenge_12_final_stacking_colab
5495,1,0.999994,1,challenge_12_final_stacking_colab
5496,0,3.9918945e-07,0,challenge_12_final_stacking_colab
5497,1,0.99999964,1,challenge_12_final_stacking_colab
5498,1,0.9725846,1,challenge_12_final_stacking_colab
5499,1,0.5749901,1,challenge_12_final_stacking_colab
5500,1,0.94421303,1,challenge_12_final_stacking_colab
5501,1,0.99999875,1,challenge_12_final_stacking_colab
5502,1,0.9956288,1,challenge_12_final_stacking_colab
5503,0,0.21334617,0,challenge_12_final_stacking_colab
5504,0,0.2118437,0,challenge_12_final_stacking_colab
5505,0,0.00018302348,0,challenge_12_final_stacking_colab
5506,0,0.20470218,0,challenge_12_final_stacking_colab
5507,1,0.7248852,1,challenge_12_final_stacking_colab
5508,1,0.9802416,1,challenge_12_final_stacking_colab
5509,1,0.9966156,1,challenge_12_final_stacking_colab
5510,1,0.98811024,1,challenge_12_final_stacking_colab
5511,1,0.99830556,1,challenge_12_final_stacking_colab
5512,1,0.7807323,1,challenge_12_final_stacking_colab
5513,0,0.5740026,1,challenge_12_final_stacking_colab
5514,1,0.49379575,1,challenge_12_final_stacking_colab
5515,1,0.73740566,1,challenge_12_final_stacking_colab
5516,1,0.99999565,1,challenge_12_final_stacking_colab
5517,0,0.16812962,0,challenge_12_final_stacking_colab
5518,0,1.9039579e-05,0,challenge_12_final_stacking_colab
5519,1,0.769824,1,challenge_12_final_stacking_colab
5520,1,0.9766029,1,challenge_12_final_stacking_colab
5521,1,0.99999964,1,challenge_12_final_stacking_colab
5522,0,0.2122154,0,challenge_12_final_stacking_colab
5523,1,0.4131602,0,challenge_12_final_stacking_colab
5524,0,0.2107132,0,challenge_12_final_stacking_colab
5525,1,0.9999953,1,challenge_12_final_stacking_colab
5526,0,0.15428981,0,challenge_12_final_stacking_colab
5527,0,0.22041588,0,challenge_12_final_stacking_colab
5528,0,0.029143156,0,challenge_12_final_stacking_colab
5529,1,0.99612236,1,challenge_12_final_stacking_colab
5530,0,0.33244905,0,challenge_12_final_stacking_colab
5531,1,0.89090484,1,challenge_12_final_stacking_colab
5532,0,0.011722379,0,challenge_12_final_stacking_colab
5533,0,0.21172573,0,challenge_12_final_stacking_colab
5534,1,0.41130638,0,challenge_12_final_stacking_colab
5535,0,0.20255814,0,challenge_12_final_stacking_colab
5536,0,4.6145928e-05,0,challenge_12_final_stacking_colab
5537,0,0.21177362,0,challenge_12_final_stacking_colab
5538,0,0.72540635,1,challenge_12_final_stacking_colab
5539,1,0.70783013,1,challenge_12_final_stacking_colab
5540,0,0.2442504,0,challenge_12_final_stacking_colab
5541,1,0.99303323,1,challenge_12_final_stacking_colab
5542,0,0.21191284,0,challenge_12_final_stacking_colab
5543,1,0.99622154,1,challenge_12_final_stacking_colab
5544,0,0.07838042,0,challenge_12_final_stacking_colab
5545,0,0.21067433,0,challenge_12_final_stacking_colab
5546,0,0.00019987106,0,challenge_12_final_stacking_colab
5547,1,0.75575626,1,challenge_12_final_stacking_colab
5548,0,0.2208385,0,challenge_12_final_stacking_colab
5549,0,0.14669815,0,challenge_12_final_stacking_colab
5550,1,0.56426245,1,challenge_12_final_stacking_colab
5551,1,0.80249405,1,challenge_12_final_stacking_colab
5552,1,0.78964406,1,challenge_12_final_stacking_colab
5553,1,0.7837628,1,challenge_12_final_stacking_colab
5554,1,0.9815847,1,challenge_12_final_stacking_colab
5555,1,0.9999993,1,challenge_12_final_stacking_colab
5556,0,0.00044084733,0,challenge_12_final_stacking_colab
5557,1,0.99292266,1,challenge_12_final_stacking_colab
5558,1,0.78511316,1,challenge_12_final_stacking_colab
5559,0,2.610586e-07,0,challenge_12_final_stacking_colab
5560,1,0.9779227,1,challenge_12_final_stacking_colab
5561,0,0.037255988,0,challenge_12_final_stacking_colab
5562,0,0.07779481,0,challenge_12_final_stacking_colab
5563,1,0.99758357,1,challenge_12_final_stacking_colab
5564,0,0.4275831,0,challenge_12_final_stacking_colab
5565,1,0.78387845,1,challenge_12_final_stacking_colab
5566,1,0.7864247,1,challenge_12_final_stacking_colab
5567,0,0.0005629553,0,challenge_12_final_stacking_colab
5568,1,0.99844116,1,challenge_12_final_stacking_colab
5569,0,0.03192188,0,challenge_12_final_stacking_colab
5570,1,0.6246684,1,challenge_12_final_stacking_colab
5571,0,3.45664e-05,0,challenge_12_final_stacking_colab
5572,0,0.0011522832,0,challenge_12_final_stacking_colab
5573,1,0.99999994,1,challenge_12_final_stacking_colab
5574,1,0.9979724,1,challenge_12_final_stacking_colab
5575,0,0.01284528,0,challenge_12_final_stacking_colab
5576,1,1.0,1,challenge_12_final_stacking_colab
5577,1,0.9852422,1,challenge_12_final_stacking_colab
5578,1,0.91894865,1,challenge_12_final_stacking_colab
5579,1,0.7850771,1,challenge_12_final_stacking_colab
5580,1,0.98718137,1,challenge_12_final_stacking_colab
5581,1,0.99727255,1,challenge_12_final_stacking_colab
5582,0,0.35769328,0,challenge_12_final_stacking_colab
5583,1,0.52628636,1,challenge_12_final_stacking_colab
5584,0,0.97322446,1,challenge_12_final_stacking_colab
5585,0,0.046874806,0,challenge_12_final_stacking_colab
5586,1,0.99800456,1,challenge_12_final_stacking_colab
5587,0,0.42529085,0,challenge_12_final_stacking_colab
5588,1,0.7889939,1,challenge_12_final_stacking_colab
5589,1,0.41149354,0,challenge_12_final_stacking_colab
5590,0,4.27354e-07,0,challenge_12_final_stacking_colab
5591,1,0.92480755,1,challenge_12_final_stacking_colab
5592,1,0.5730548,1,challenge_12_final_stacking_colab
5593,1,0.99442494,1,challenge_12_final_stacking_colab
5594,1,0.99999905,1,challenge_12_final_stacking_colab
5595,1,0.77323633,1,challenge_12_final_stacking_colab
5596,0,0.0010860754,0,challenge_12_final_stacking_colab
5597,0,0.2031681,0,challenge_12_final_stacking_colab
5598,1,0.9723083,1,challenge_12_final_stacking_colab
5599,0,0.18690132,0,challenge_12_final_stacking_colab
5600,1,0.9940911,1,challenge_12_final_stacking_colab
5601,1,0.7535006,1,challenge_12_final_stacking_colab
5602,1,0.7444579,1,challenge_12_final_stacking_colab
5603,0,1.4085459e-05,0,challenge_12_final_stacking_colab
5604,0,0.0075208535,0,challenge_12_final_stacking_colab
5605,1,0.9999983,1,challenge_12_final_stacking_colab
5606,0,0.2179784,0,challenge_12_final_stacking_colab
5607,1,0.6460501,1,challenge_12_final_stacking_colab
5608,0,0.0021871144,0,challenge_12_final_stacking_colab
5609,1,0.7856282,1,challenge_12_final_stacking_colab
5610,0,0.17708217,0,challenge_12_final_stacking_colab
5611,0,0.48614487,0,challenge_12_final_stacking_colab
5612,0,0.23452795,0,challenge_12_final_stacking_colab
5613,1,0.9894544,1,challenge_12_final_stacking_colab
5614,0,0.21313526,0,challenge_12_final_stacking_colab
5615,0,0.20900229,0,challenge_12_final_stacking_colab
5616,0,0.0005564153,0,challenge_12_final_stacking_colab
5617,0,0.2715561,0,challenge_12_final_stacking_colab
5618,1,0.94523025,1,challenge_12_final_stacking_colab
5619,1,0.99999994,1,challenge_12_final_stacking_colab
5620,0,0.2111857,0,challenge_12_final_stacking_colab
5621,1,0.99705076,1,challenge_12_final_stacking_colab
5622,1,0.95638233,1,challenge_12_final_stacking_colab
5623,1,1.0,1,challenge_12_final_stacking_colab
5624,1,0.7836669,1,challenge_12_final_stacking_colab
5625,0,0.036854405,0,challenge_12_final_stacking_colab
5626,1,0.7758063,1,challenge_12_final_stacking_colab
5627,0,0.35831738,0,challenge_12_final_stacking_colab
5628,0,0.250971,0,challenge_12_final_stacking_colab
5629,1,0.9999971,1,challenge_12_final_stacking_colab
5630,1,0.99999696,1,challenge_12_final_stacking_colab
5631,1,0.78943914,1,challenge_12_final_stacking_colab
5632,1,0.99999994,1,challenge_12_final_stacking_colab
5633,0,0.7502486,1,challenge_12_final_stacking_colab
5634,1,0.9722636,1,challenge_12_final_stacking_colab
5635,1,0.77349627,1,challenge_12_final_stacking_colab
5636,0,0.012594133,0,challenge_12_final_stacking_colab
5637,1,0.7888259,1,challenge_12_final_stacking_colab
5638,0,0.50071335,1,challenge_12_final_stacking_colab
5639,1,0.9314471,1,challenge_12_final_stacking_colab
5640,0,6.187248e-05,0,challenge_12_final_stacking_colab
5641,0,0.00019469007,0,challenge_12_final_stacking_colab
5642,1,0.76584446,1,challenge_12_final_stacking_colab
5643,0,0.002885299,0,challenge_12_final_stacking_colab
5644,1,0.9859171,1,challenge_12_final_stacking_colab
5645,0,0.31581014,0,challenge_12_final_stacking_colab
5646,0,0.16051283,0,challenge_12_final_stacking_colab
5647,1,0.2694283,0,challenge_12_final_stacking_colab
5648,1,0.9975411,1,challenge_12_final_stacking_colab
5649,0,0.20458077,0,challenge_12_final_stacking_colab
5650,0,0.43314812,0,challenge_12_final_stacking_colab
5651,0,0.040215492,0,challenge_12_final_stacking_colab
5652,1,0.79437864,1,challenge_12_final_stacking_colab
5653,1,0.69101954,1,challenge_12_final_stacking_colab
5654,1,0.97519785,1,challenge_12_final_stacking_colab
5655,1,0.42011195,0,challenge_12_final_stacking_colab
5656,1,0.99999434,1,challenge_12_final_stacking_colab
5657,0,0.00093375065,0,challenge_12_final_stacking_colab
5658,1,0.7801041,1,challenge_12_final_stacking_colab
5659,1,0.97719646,1,challenge_12_final_stacking_colab
5660,1,0.67944455,1,challenge_12_final_stacking_colab
5661,1,0.7828554,1,challenge_12_final_stacking_colab
5662,1,0.9591069,1,challenge_12_final_stacking_colab
5663,1,0.5217959,1,challenge_12_final_stacking_colab
5664,0,0.036576245,0,challenge_12_final_stacking_colab
5665,1,0.9696108,1,challenge_12_final_stacking_colab
5666,1,0.74325114,1,challenge_12_final_stacking_colab
5667,0,0.21088366,0,challenge_12_final_stacking_colab
5668,1,0.9999916,1,challenge_12_final_stacking_colab
5669,0,0.42500043,0,challenge_12_final_stacking_colab
5670,1,1.0,1,challenge_12_final_stacking_colab
5671,1,0.24936295,0,challenge_12_final_stacking_colab
5672,1,0.99789953,1,challenge_12_final_stacking_colab
5673,1,0.93550277,1,challenge_12_final_stacking_colab
5674,0,2.5314996e-05,0,challenge_12_final_stacking_colab
5675,1,0.97886837,1,challenge_12_final_stacking_colab
5676,0,0.4250576,0,challenge_12_final_stacking_colab
5677,1,0.99547744,1,challenge_12_final_stacking_colab
5678,0,0.19577473,0,challenge_12_final_stacking_colab
5679,1,0.99111927,1,challenge_12_final_stacking_colab
5680,1,0.32912666,0,challenge_12_final_stacking_colab
5681,0,0.03173878,0,challenge_12_final_stacking_colab
5682,1,0.99999803,1,challenge_12_final_stacking_colab
5683,1,0.9747943,1,challenge_12_final_stacking_colab
5684,1,0.99999976,1,challenge_12_final_stacking_colab
5685,0,0.0022269299,0,challenge_12_final_stacking_colab
5686,0,0.0020311116,0,challenge_12_final_stacking_colab
5687,1,0.93408686,1,challenge_12_final_stacking_colab
5688,0,0.0023708034,0,challenge_12_final_stacking_colab
5689,0,8.2883935e-06,0,challenge_12_final_stacking_colab
5690,0,0.41109592,0,challenge_12_final_stacking_colab
5691,0,0.021642389,0,challenge_12_final_stacking_colab
5692,0,0.0015387093,0,challenge_12_final_stacking_colab
5693,0,0.22765431,0,challenge_12_final_stacking_colab
5694,0,0.0020720714,0,challenge_12_final_stacking_colab
5695,0,0.001510964,0,challenge_12_final_stacking_colab
5696,1,0.9999975,1,challenge_12_final_stacking_colab
5697,1,0.78660154,1,challenge_12_final_stacking_colab
5698,0,0.20594697,0,challenge_12_final_stacking_colab
5699,0,0.21365547,0,challenge_12_final_stacking_colab
5700,0,0.21665396,0,challenge_12_final_stacking_colab
5701,1,0.99999934,1,challenge_12_final_stacking_colab
5702,0,0.26790306,0,challenge_12_final_stacking_colab
5703,1,0.4987898,1,challenge_12_final_stacking_colab
5704,1,0.31132668,0,challenge_12_final_stacking_colab
5705,1,0.99999416,1,challenge_12_final_stacking_colab
5706,1,0.23380536,0,challenge_12_final_stacking_colab
5707,1,0.5643095,1,challenge_12_final_stacking_colab
5708,0,9.243691e-07,0,challenge_12_final_stacking_colab
5709,1,0.9873906,1,challenge_12_final_stacking_colab
5710,0,0.21349138,0,challenge_12_final_stacking_colab
5711,1,0.955566,1,challenge_12_final_stacking_colab
5712,0,0.01864775,0,challenge_12_final_stacking_colab
5713,0,0.011109001,0,challenge_12_final_stacking_colab
5714,1,0.94856364,1,challenge_12_final_stacking_colab
5715,1,0.9952179,1,challenge_12_final_stacking_colab
5716,1,0.99999887,1,challenge_12_final_stacking_colab
5717,0,0.22091953,0,challenge_12_final_stacking_colab
5718,0,2.8605802e-05,0,challenge_12_final_stacking_colab
5719,1,0.9999975,1,challenge_12_final_stacking_colab
5720,0,0.2098892,0,challenge_12_final_stacking_colab
5721,1,0.9982332,1,challenge_12_final_stacking_colab
5722,0,0.22399825,0,challenge_12_final_stacking_colab
5723,1,0.98366463,1,challenge_12_final_stacking_colab
5724,0,0.4690081,0,challenge_12_final_stacking_colab
5725,1,0.9999971,1,challenge_12_final_stacking_colab
5726,1,0.9844854,1,challenge_12_final_stacking_colab
5727,0,0.39037883,0,challenge_12_final_stacking_colab
5728,0,0.009240264,0,challenge_12_final_stacking_colab
5729,1,0.99999964,1,challenge_12_final_stacking_colab
5730,1,0.8367443,1,challenge_12_final_stacking_colab
5731,1,0.70532495,1,challenge_12_final_stacking_colab
5732,0,0.24444535,0,challenge_12_final_stacking_colab
5733,0,0.1859136,0,challenge_12_final_stacking_colab
5734,0,3.1859887e-05,0,challenge_12_final_stacking_colab
5735,0,1.6967313e-06,0,challenge_12_final_stacking_colab
5736,0,0.010280165,0,challenge_12_final_stacking_colab
5737,1,0.79392046,1,challenge_12_final_stacking_colab
5738,0,0.014834837,0,challenge_12_final_stacking_colab
5739,0,0.42518622,0,challenge_12_final_stacking_colab
5740,1,0.99532044,1,challenge_12_final_stacking_colab
5741,1,0.791509,1,challenge_12_final_stacking_colab
5742,1,0.74301803,1,challenge_12_final_stacking_colab
5743,0,0.20041369,0,challenge_12_final_stacking_colab
5744,1,0.99999976,1,challenge_12_final_stacking_colab
5745,0,0.006349587,0,challenge_12_final_stacking_colab
5746,0,0.2148529,0,challenge_12_final_stacking_colab
5747,0,0.00011381473,0,challenge_12_final_stacking_colab
5748,1,0.9979067,1,challenge_12_final_stacking_colab
5749,0,1.1248344e-05,0,challenge_12_final_stacking_colab
5750,1,0.99853534,1,challenge_12_final_stacking_colab
5751,1,0.99836427,1,challenge_12_final_stacking_colab
5752,0,0.21250351,0,challenge_12_final_stacking_colab
5753,1,0.70636266,1,challenge_12_final_stacking_colab
5754,1,0.80087435,1,challenge_12_final_stacking_colab
5755,1,0.99728036,1,challenge_12_final_stacking_colab
5756,0,0.20941494,0,challenge_12_final_stacking_colab
5757,0,0.46878305,0,challenge_12_final_stacking_colab
5758,1,0.555834,1,challenge_12_final_stacking_colab
5759,0,0.5491835,1,challenge_12_final_stacking_colab
5760,0,0.2697295,0,challenge_12_final_stacking_colab
5761,0,0.000101870566,0,challenge_12_final_stacking_colab
5762,0,0.005149129,0,challenge_12_final_stacking_colab
5763,1,0.53990823,1,challenge_12_final_stacking_colab
5764,0,0.7983759,1,challenge_12_final_stacking_colab
5765,0,0.0012458105,0,challenge_12_final_stacking_colab
5766,0,0.43455225,0,challenge_12_final_stacking_colab
5767,1,0.98581415,1,challenge_12_final_stacking_colab
5768,1,0.9770857,1,challenge_12_final_stacking_colab
5769,1,0.78513,1,challenge_12_final_stacking_colab
5770,1,0.78787184,1,challenge_12_final_stacking_colab
5771,0,0.050312,0,challenge_12_final_stacking_colab
5772,1,0.5120044,1,challenge_12_final_stacking_colab
5773,0,0.22240937,0,challenge_12_final_stacking_colab
5774,0,0.30029494,0,challenge_12_final_stacking_colab
5775,1,0.82261163,1,challenge_12_final_stacking_colab
5776,0,0.18344828,0,challenge_12_final_stacking_colab
5777,1,0.9999974,1,challenge_12_final_stacking_colab
5778,0,0.43599978,0,challenge_12_final_stacking_colab
5779,1,0.9999999,1,challenge_12_final_stacking_colab
5780,1,0.31170738,0,challenge_12_final_stacking_colab
5781,0,2.3308954e-05,0,challenge_12_final_stacking_colab
5782,0,0.22736453,0,challenge_12_final_stacking_colab
5783,0,0.21422188,0,challenge_12_final_stacking_colab
5784,1,0.8329687,1,challenge_12_final_stacking_colab
5785,1,0.9890823,1,challenge_12_final_stacking_colab
5786,0,9.173714e-05,0,challenge_12_final_stacking_colab
5787,1,0.78513855,1,challenge_12_final_stacking_colab
5788,0,0.22553575,0,challenge_12_final_stacking_colab
5789,0,9.6202326e-05,0,challenge_12_final_stacking_colab
5790,1,0.96371657,1,challenge_12_final_stacking_colab
5791,1,0.5457037,1,challenge_12_final_stacking_colab
5792,0,1.6254776e-07,0,challenge_12_final_stacking_colab
5793,0,0.21160516,0,challenge_12_final_stacking_colab
5794,0,0.42509982,0,challenge_12_final_stacking_colab
5795,1,0.79128486,1,challenge_12_final_stacking_colab
5796,1,0.99999994,1,challenge_12_final_stacking_colab
5797,1,0.8005312,1,challenge_12_final_stacking_colab
5798,0,0.00083629176,0,challenge_12_final_stacking_colab
5799,1,0.7938027,1,challenge_12_final_stacking_colab
5800,1,0.9541188,1,challenge_12_final_stacking_colab
5801,1,0.99030626,1,challenge_12_final_stacking_colab
5802,1,0.9502721,1,challenge_12_final_stacking_colab
5803,0,0.07589902,0,challenge_12_final_stacking_colab
5804,1,0.7898956,1,challenge_12_final_stacking_colab
5805,1,0.7825955,1,challenge_12_final_stacking_colab
5806,0,0.0023210375,0,challenge_12_final_stacking_colab
5807,0,0.011068168,0,challenge_12_final_stacking_colab
5808,1,0.95669836,1,challenge_12_final_stacking_colab
5809,1,0.78895754,1,challenge_12_final_stacking_colab
5810,1,0.9816664,1,challenge_12_final_stacking_colab
5811,0,0.78228414,1,challenge_12_final_stacking_colab
5812,1,0.9999993,1,challenge_12_final_stacking_colab
5813,1,0.9768633,1,challenge_12_final_stacking_colab
5814,0,0.002340931,0,challenge_12_final_stacking_colab
5815,0,0.20562427,0,challenge_12_final_stacking_colab
5816,1,0.29303297,0,challenge_12_final_stacking_colab
5817,1,0.99999434,1,challenge_12_final_stacking_colab
5818,0,0.2226387,0,challenge_12_final_stacking_colab
5819,0,0.032338463,0,challenge_12_final_stacking_colab
5820,1,0.99999905,1,challenge_12_final_stacking_colab
5821,0,0.4386356,0,challenge_12_final_stacking_colab
5822,0,0.04158078,0,challenge_12_final_stacking_colab
5823,1,0.99441874,1,challenge_12_final_stacking_colab
5824,1,0.99999595,1,challenge_12_final_stacking_colab
5825,0,0.103204615,0,challenge_12_final_stacking_colab
5826,0,0.4269744,0,challenge_12_final_stacking_colab
5827,1,0.99468136,1,challenge_12_final_stacking_colab
5828,0,0.4848115,0,challenge_12_final_stacking_colab
5829,1,0.7926212,1,challenge_12_final_stacking_colab
5830,1,0.7936001,1,challenge_12_final_stacking_colab
5831,0,0.20183665,0,challenge_12_final_stacking_colab
5832,1,0.7971929,1,challenge_12_final_stacking_colab
5833,1,0.9999997,1,challenge_12_final_stacking_colab
5834,0,0.42512655,0,challenge_12_final_stacking_colab
5835,1,0.97374725,1,challenge_12_final_stacking_colab
5836,0,0.016231362,0,challenge_12_final_stacking_colab
5837,1,1.0,1,challenge_12_final_stacking_colab
5838,0,0.4250279,0,challenge_12_final_stacking_colab
5839,1,0.99999374,1,challenge_12_final_stacking_colab
5840,0,0.5455238,1,challenge_12_final_stacking_colab
5841,1,0.90411144,1,challenge_12_final_stacking_colab
5842,0,5.0241302e-05,0,challenge_12_final_stacking_colab
5843,0,0.0038601288,0,challenge_12_final_stacking_colab
5844,1,0.7901615,1,challenge_12_final_stacking_colab
5845,1,0.96456796,1,challenge_12_final_stacking_colab
5846,0,0.000102694685,0,challenge_12_final_stacking_colab
5847,1,0.52510417,1,challenge_12_final_stacking_colab
5848,1,0.93119264,1,challenge_12_final_stacking_colab
5849,1,0.99331355,1,challenge_12_final_stacking_colab
5850,0,0.21316025,0,challenge_12_final_stacking_colab
5851,0,0.3146013,0,challenge_12_final_stacking_colab
5852,0,0.21808913,0,challenge_12_final_stacking_colab
5853,1,0.5820502,1,challenge_12_final_stacking_colab
5854,0,9.784872e-06,0,challenge_12_final_stacking_colab
5855,1,0.9822688,1,challenge_12_final_stacking_colab
5856,0,0.20660846,0,challenge_12_final_stacking_colab
5857,0,2.5286943e-06,0,challenge_12_final_stacking_colab
5858,0,0.00024147432,0,challenge_12_final_stacking_colab
5859,1,0.84283715,1,challenge_12_final_stacking_colab
5860,1,0.9963997,1,challenge_12_final_stacking_colab
5861,0,0.0009363886,0,challenge_12_final_stacking_colab
5862,0,0.049878094,0,challenge_12_final_stacking_colab
5863,1,0.99123263,1,challenge_12_final_stacking_colab
5864,1,0.9976578,1,challenge_12_final_stacking_colab
5865,0,5.985946e-05,0,challenge_12_final_stacking_colab
5866,0,0.0022564917,0,challenge_12_final_stacking_colab
5867,0,0.004333921,0,challenge_12_final_stacking_colab
5868,0,0.2744291,0,challenge_12_final_stacking_colab
5869,0,0.02004868,0,challenge_12_final_stacking_colab
5870,1,0.97288465,1,challenge_12_final_stacking_colab
5871,1,0.9999993,1,challenge_12_final_stacking_colab
5872,1,0.66883034,1,challenge_12_final_stacking_colab
5873,1,0.99145854,1,challenge_12_final_stacking_colab
5874,0,0.016357522,0,challenge_12_final_stacking_colab
5875,0,0.20544495,0,challenge_12_final_stacking_colab
5876,0,0.53904766,1,challenge_12_final_stacking_colab
5877,0,0.028416602,0,challenge_12_final_stacking_colab
5878,0,0.22095978,0,challenge_12_final_stacking_colab
5879,0,0.21265684,0,challenge_12_final_stacking_colab
5880,0,0.38673693,0,challenge_12_final_stacking_colab
5881,0,0.42503428,0,challenge_12_final_stacking_colab
5882,1,0.41179946,0,challenge_12_final_stacking_colab
5883,1,0.9034682,1,challenge_12_final_stacking_colab
5884,1,0.5698352,1,challenge_12_final_stacking_colab
5885,0,0.00014128142,0,challenge_12_final_stacking_colab
5886,1,0.73908156,1,challenge_12_final_stacking_colab
5887,1,0.9891479,1,challenge_12_final_stacking_colab
5888,0,0.054181475,0,challenge_12_final_stacking_colab
5889,0,0.0062840963,0,challenge_12_final_stacking_colab
5890,0,0.00028110074,0,challenge_12_final_stacking_colab
5891,0,2.7865757e-05,0,challenge_12_final_stacking_colab
5892,0,0.55911183,1,challenge_12_final_stacking_colab
5893,1,0.9765768,1,challenge_12_final_stacking_colab
5894,0,0.0046973517,0,challenge_12_final_stacking_colab
5895,1,0.9837743,1,challenge_12_final_stacking_colab
5896,1,0.78744733,1,challenge_12_final_stacking_colab
5897,1,0.99999917,1,challenge_12_final_stacking_colab
5898,0,0.060985852,0,challenge_12_final_stacking_colab
5899,0,0.42549932,0,challenge_12_final_stacking_colab
5900,0,0.00038455476,0,challenge_12_final_stacking_colab
5901,0,0.24487832,0,challenge_12_final_stacking_colab
5902,1,0.7647973,1,challenge_12_final_stacking_colab
5903,1,0.98673373,1,challenge_12_final_stacking_colab
5904,1,0.7508062,1,challenge_12_final_stacking_colab
5905,0,0.19178882,0,challenge_12_final_stacking_colab
5906,0,0.010004717,0,challenge_12_final_stacking_colab
5907,0,0.21344605,0,challenge_12_final_stacking_colab
5908,1,0.99999994,1,challenge_12_final_stacking_colab
5909,1,0.9973691,1,challenge_12_final_stacking_colab
5910,1,0.9858838,1,challenge_12_final_stacking_colab
5911,1,0.9903482,1,challenge_12_final_stacking_colab
5912,1,0.9983672,1,challenge_12_final_stacking_colab
5913,0,0.013257696,0,challenge_12_final_stacking_colab
5914,0,0.19883417,0,challenge_12_final_stacking_colab
5915,0,0.0005599518,0,challenge_12_final_stacking_colab
5916,0,1.755039e-05,0,challenge_12_final_stacking_colab
5917,1,0.9970578,1,challenge_12_final_stacking_colab
5918,0,0.4733499,0,challenge_12_final_stacking_colab
5919,0,1.7106599e-05,0,challenge_12_final_stacking_colab
5920,0,0.20637125,0,challenge_12_final_stacking_colab
5921,1,0.93836725,1,challenge_12_final_stacking_colab
5922,0,0.42800376,0,challenge_12_final_stacking_colab
5923,0,1.665769e-06,0,challenge_12_final_stacking_colab
5924,1,0.9917832,1,challenge_12_final_stacking_colab
5925,1,0.99828327,1,challenge_12_final_stacking_colab
5926,1,0.78994685,1,challenge_12_final_stacking_colab
5927,1,0.7839054,1,challenge_12_final_stacking_colab
5928,1,0.7797962,1,challenge_12_final_stacking_colab
5929,1,0.99489504,1,challenge_12_final_stacking_colab
5930,1,0.99999344,1,challenge_12_final_stacking_colab
5931,1,0.99337465,1,challenge_12_final_stacking_colab
5932,0,0.0015791769,0,challenge_12_final_stacking_colab
5933,0,0.2378991,0,challenge_12_final_stacking_colab
5934,1,0.88198483,1,challenge_12_final_stacking_colab
5935,1,0.9556921,1,challenge_12_final_stacking_colab
5936,0,1.4354514e-06,0,challenge_12_final_stacking_colab
5937,1,0.9999998,1,challenge_12_final_stacking_colab
5938,1,0.61832684,1,challenge_12_final_stacking_colab
5939,1,0.99999595,1,challenge_12_final_stacking_colab
5940,0,7.145206e-06,0,challenge_12_final_stacking_colab
5941,0,0.7824933,1,challenge_12_final_stacking_colab
5942,1,0.78213316,1,challenge_12_final_stacking_colab
5943,0,0.05753624,0,challenge_12_final_stacking_colab
5944,0,2.6399055e-06,0,challenge_12_final_stacking_colab
5945,0,0.07511686,0,challenge_12_final_stacking_colab
5946,1,0.97504866,1,challenge_12_final_stacking_colab
5947,1,0.9498941,1,challenge_12_final_stacking_colab
5948,1,0.99999994,1,challenge_12_final_stacking_colab
5949,0,0.08734916,0,challenge_12_final_stacking_colab
5950,1,0.9999987,1,challenge_12_final_stacking_colab
5951,1,0.9402257,1,challenge_12_final_stacking_colab
5952,1,0.97909594,1,challenge_12_final_stacking_colab
5953,1,0.9999997,1,challenge_12_final_stacking_colab
5954,0,0.42603686,0,challenge_12_final_stacking_colab
5955,0,0.008888018,0,challenge_12_final_stacking_colab
5956,0,0.1867257,0,challenge_12_final_stacking_colab
5957,1,0.78034985,1,challenge_12_final_stacking_colab
5958,1,0.9958629,1,challenge_12_final_stacking_colab
5959,1,0.9964453,1,challenge_12_final_stacking_colab
5960,0,0.2182361,0,challenge_12_final_stacking_colab
5961,0,0.00077214005,0,challenge_12_final_stacking_colab
5962,1,0.9839188,1,challenge_12_final_stacking_colab
5963,1,0.9965453,1,challenge_12_final_stacking_colab
5964,1,0.785434,1,challenge_12_final_stacking_colab
5965,0,0.35148573,0,challenge_12_final_stacking_colab
5966,1,0.98460937,1,challenge_12_final_stacking_colab
5967,0,0.21555239,0,challenge_12_final_stacking_colab
5968,1,0.99797684,1,challenge_12_final_stacking_colab
5969,0,0.32610482,0,challenge_12_final_stacking_colab
5970,0,0.22916289,0,challenge_12_final_stacking_colab
5971,0,0.2418775,0,challenge_12_final_stacking_colab
5972,0,0.0023233094,0,challenge_12_final_stacking_colab
5973,1,0.6294248,1,challenge_12_final_stacking_colab
5974,1,0.9953295,1,challenge_12_final_stacking_colab
5975,1,0.9999961,1,challenge_12_final_stacking_colab
5976,0,0.0004745799,0,challenge_12_final_stacking_colab
5977,1,0.72434455,1,challenge_12_final_stacking_colab
5978,0,0.22762485,0,challenge_12_final_stacking_colab
5979,0,0.1467359,0,challenge_12_final_stacking_colab
5980,1,0.9999988,1,challenge_12_final_stacking_colab
5981,0,0.22216873,0,challenge_12_final_stacking_colab
5982,0,0.017186066,0,challenge_12_final_stacking_colab
5983,0,0.21818478,0,challenge_12_final_stacking_colab
5984,0,0.21659222,0,challenge_12_final_stacking_colab
5985,1,0.99341375,1,challenge_12_final_stacking_colab
5986,1,0.78565574,1,challenge_12_final_stacking_colab
5987,1,0.7925166,1,challenge_12_final_stacking_colab
5988,0,0.0029578505,0,challenge_12_final_stacking_colab
5989,0,0.20012824,0,challenge_12_final_stacking_colab
5990,0,0.0050513763,0,challenge_12_final_stacking_colab
5991,0,0.0007163889,0,challenge_12_final_stacking_colab
5992,0,0.011422109,0,challenge_12_final_stacking_colab
5993,0,0.20766698,0,challenge_12_final_stacking_colab
5994,0,0.00032409784,0,challenge_12_final_stacking_colab
5995,1,0.79381645,1,challenge_12_final_stacking_colab
5996,0,0.4230865,0,challenge_12_final_stacking_colab
5997,1,0.98265296,1,challenge_12_final_stacking_colab
5998,1,0.5749979,1,challenge_12_final_stacking_colab
5999,0,0.014424451,0,challenge_12_final_stacking_colab
6000,1,0.9975322,1,challenge_12_final_stacking_colab
6001,0,0.010750696,0,challenge_12_final_stacking_colab
6002,1,0.9950297,1,challenge_12_final_stacking_colab
6003,1,0.7869819,1,challenge_12_final_stacking_colab
6004,0,0.000873609,0,challenge_12_final_stacking_colab
6005,0,0.16884097,0,challenge_12_final_stacking_colab
6006,0,0.21327414,0,challenge_12_final_stacking_colab
6007,1,0.9999999,1,challenge_12_final_stacking_colab
6008,1,0.7457785,1,challenge_12_final_stacking_colab
6009,0,0.21199116,0,challenge_12_final_stacking_colab
6010,0,0.0016222005,0,challenge_12_final_stacking_colab
6011,1,0.9885234,1,challenge_12_final_stacking_colab
6012,0,6.7917854e-06,0,challenge_12_final_stacking_colab
6013,1,0.99366635,1,challenge_12_final_stacking_colab
6014,0,1.1947923e-05,0,challenge_12_final_stacking_colab
6015,0,0.27723762,0,challenge_12_final_stacking_colab
6016,0,0.000757111,0,challenge_12_final_stacking_colab
6017,1,0.9999901,1,challenge_12_final_stacking_colab
6018,0,0.00065240666,0,challenge_12_final_stacking_colab
6019,0,0.00023578787,0,challenge_12_final_stacking_colab
6020,0,0.00429768,0,challenge_12_final_stacking_colab
6021,1,0.97368973,1,challenge_12_final_stacking_colab
6022,0,0.2125744,0,challenge_12_final_stacking_colab
6023,1,0.97167516,1,challenge_12_final_stacking_colab
6024,1,0.9970424,1,challenge_12_final_stacking_colab
6025,0,0.013819518,0,challenge_12_final_stacking_colab
6026,1,0.7221181,1,challenge_12_final_stacking_colab
6027,1,0.9547827,1,challenge_12_final_stacking_colab
6028,1,0.78439456,1,challenge_12_final_stacking_colab
6029,0,8.027645e-06,0,challenge_12_final_stacking_colab
6030,1,0.9999964,1,challenge_12_final_stacking_colab
6031,1,0.96090233,1,challenge_12_final_stacking_colab
6032,1,0.7808753,1,challenge_12_final_stacking_colab
6033,0,0.0017948984,0,challenge_12_final_stacking_colab
6034,1,0.99713,1,challenge_12_final_stacking_colab
6035,1,0.9293651,1,challenge_12_final_stacking_colab
6036,0,0.034929674,0,challenge_12_final_stacking_colab
6037,1,0.5677134,1,challenge_12_final_stacking_colab
6038,0,7.547137e-05,0,challenge_12_final_stacking_colab
6039,0,0.26752245,0,challenge_12_final_stacking_colab
6040,0,0.0010521383,0,challenge_12_final_stacking_colab
6041,0,0.0008349764,0,challenge_12_final_stacking_colab
6042,1,0.85311306,1,challenge_12_final_stacking_colab
6043,0,0.38718832,0,challenge_12_final_stacking_colab
6044,0,0.3876789,0,challenge_12_final_stacking_colab
6045,0,0.039172426,0,challenge_12_final_stacking_colab
6046,0,0.022178877,0,challenge_12_final_stacking_colab
6047,0,0.20323628,0,challenge_12_final_stacking_colab
6048,0,0.21408041,0,challenge_12_final_stacking_colab
6049,0,0.0008173109,0,challenge_12_final_stacking_colab
6050,1,0.99999696,1,challenge_12_final_stacking_colab
6051,1,0.41047508,0,challenge_12_final_stacking_colab
6052,0,0.0013643377,0,challenge_12_final_stacking_colab
6053,1,0.8175955,1,challenge_12_final_stacking_colab
6054,1,0.9040944,1,challenge_12_final_stacking_colab
6055,1,0.598247,1,challenge_12_final_stacking_colab
6056,1,0.9526698,1,challenge_12_final_stacking_colab
6057,0,0.21211101,0,challenge_12_final_stacking_colab
6058,1,0.9706604,1,challenge_12_final_stacking_colab
6059,1,0.5749926,1,challenge_12_final_stacking_colab
6060,0,0.00017391007,0,challenge_12_final_stacking_colab
6061,1,0.99999,1,challenge_12_final_stacking_colab
6062,1,0.95035386,1,challenge_12_final_stacking_colab
6063,1,0.81015694,1,challenge_12_final_stacking_colab
6064,0,0.013428184,0,challenge_12_final_stacking_colab
6065,1,0.40735772,0,challenge_12_final_stacking_colab
6066,0,0.54128283,1,challenge_12_final_stacking_colab
6067,1,0.99814206,1,challenge_12_final_stacking_colab
6068,0,0.039098587,0,challenge_12_final_stacking_colab
6069,1,0.5313274,1,challenge_12_final_stacking_colab
6070,1,0.57338077,1,challenge_12_final_stacking_colab
6071,0,0.42741412,0,challenge_12_final_stacking_colab
6072,1,0.9960474,1,challenge_12_final_stacking_colab
6073,1,0.99829364,1,challenge_12_final_stacking_colab
6074,0,5.8426605e-05,0,challenge_12_final_stacking_colab
6075,0,0.1815965,0,challenge_12_final_stacking_colab
6076,0,0.19075073,0,challenge_12_final_stacking_colab
6077,0,0.00019718963,0,challenge_12_final_stacking_colab
6078,1,0.99779767,1,challenge_12_final_stacking_colab
6079,0,0.22712651,0,challenge_12_final_stacking_colab
6080,0,2.21222e-05,0,challenge_12_final_stacking_colab
6081,0,0.000117932395,0,challenge_12_final_stacking_colab
6082,1,0.078507215,0,challenge_12_final_stacking_colab
6083,1,0.9949476,1,challenge_12_final_stacking_colab
6084,1,0.59696364,1,challenge_12_final_stacking_colab
6085,0,0.21585838,0,challenge_12_final_stacking_colab
6086,0,0.014791422,0,challenge_12_final_stacking_colab
6087,0,1.43880425e-05,0,challenge_12_final_stacking_colab
6088,0,0.0015071688,0,challenge_12_final_stacking_colab
6089,1,0.9894097,1,challenge_12_final_stacking_colab
6090,0,1.2497767e-05,0,challenge_12_final_stacking_colab
6091,1,0.712563,1,challenge_12_final_stacking_colab
6092,0,0.06698965,0,challenge_12_final_stacking_colab
6093,1,0.99416524,1,challenge_12_final_stacking_colab
6094,0,0.00060719275,0,challenge_12_final_stacking_colab
6095,1,0.9948388,1,challenge_12_final_stacking_colab
6096,0,0.00081739185,0,challenge_12_final_stacking_colab
6097,0,0.20756818,0,challenge_12_final_stacking_colab
6098,1,0.9999937,1,challenge_12_final_stacking_colab
6099,0,0.17151877,0,challenge_12_final_stacking_colab
6100,0,0.2133631,0,challenge_12_final_stacking_colab
6101,0,0.4004383,0,challenge_12_final_stacking_colab
6102,1,0.99999994,1,challenge_12_final_stacking_colab
6103,1,0.9999981,1,challenge_12_final_stacking_colab
6104,1,0.5720414,1,challenge_12_final_stacking_colab
6105,1,0.56861347,1,challenge_12_final_stacking_colab
6106,0,0.38623953,0,challenge_12_final_stacking_colab
6107,1,0.989014,1,challenge_12_final_stacking_colab
6108,1,0.4351917,0,challenge_12_final_stacking_colab
6109,1,0.9902315,1,challenge_12_final_stacking_colab
6110,1,0.9999903,1,challenge_12_final_stacking_colab
6111,1,0.99999994,1,challenge_12_final_stacking_colab
6112,0,0.00092968484,0,challenge_12_final_stacking_colab
6113,0,0.28102776,0,challenge_12_final_stacking_colab
6114,0,0.20285949,0,challenge_12_final_stacking_colab
6115,1,0.7981469,1,challenge_12_final_stacking_colab
6116,0,0.15526703,0,challenge_12_final_stacking_colab
6117,1,0.79318476,1,challenge_12_final_stacking_colab
6118,0,5.7500007e-08,0,challenge_12_final_stacking_colab
6119,0,0.21551639,0,challenge_12_final_stacking_colab
6120,1,0.95767045,1,challenge_12_final_stacking_colab
6121,0,0.42501003,0,challenge_12_final_stacking_colab
6122,1,0.99120224,1,challenge_12_final_stacking_colab
6123,1,0.9434489,1,challenge_12_final_stacking_colab
6124,1,0.9715234,1,challenge_12_final_stacking_colab
6125,1,0.99675,1,challenge_12_final_stacking_colab
6126,1,0.56626546,1,challenge_12_final_stacking_colab
6127,0,0.42658,0,challenge_12_final_stacking_colab
6128,1,0.55972195,1,challenge_12_final_stacking_colab
6129,0,0.0044183936,0,challenge_12_final_stacking_colab
6130,0,9.53544e-05,0,challenge_12_final_stacking_colab
6131,1,0.9579619,1,challenge_12_final_stacking_colab
6132,0,0.006804054,0,challenge_12_final_stacking_colab
6133,0,0.6253477,1,challenge_12_final_stacking_colab
6134,0,3.126364e-05,0,challenge_12_final_stacking_colab
6135,0,0.0132407695,0,challenge_12_final_stacking_colab
6136,0,3.74342e-05,0,challenge_12_final_stacking_colab
6137,1,1.0,1,challenge_12_final_stacking_colab
6138,1,0.99999994,1,challenge_12_final_stacking_colab
6139,1,0.78958756,1,challenge_12_final_stacking_colab
6140,0,0.00011949787,0,challenge_12_final_stacking_colab
6141,1,0.9969467,1,challenge_12_final_stacking_colab
6142,1,0.9949586,1,challenge_12_final_stacking_colab
6143,0,8.820643e-07,0,challenge_12_final_stacking_colab
6144,0,0.21093474,0,challenge_12_final_stacking_colab
6145,1,0.9978922,1,challenge_12_final_stacking_colab
6146,1,0.99999994,1,challenge_12_final_stacking_colab
6147,0,0.47700435,0,challenge_12_final_stacking_colab
6148,1,0.78277344,1,challenge_12_final_stacking_colab
6149,1,0.9999999,1,challenge_12_final_stacking_colab
6150,0,1.3127909e-05,0,challenge_12_final_stacking_colab
6151,0,1.9275927e-05,0,challenge_12_final_stacking_colab
6152,1,0.9938574,1,challenge_12_final_stacking_colab
6153,1,0.46647558,0,challenge_12_final_stacking_colab
6154,1,0.960003,1,challenge_12_final_stacking_colab
6155,1,0.9924384,1,challenge_12_final_stacking_colab
6156,0,0.003860723,0,challenge_12_final_stacking_colab
6157,0,0.0054299054,0,challenge_12_final_stacking_colab
6158,1,0.99578273,1,challenge_12_final_stacking_colab
6159,1,0.78373855,1,challenge_12_final_stacking_colab
6160,0,2.9648096e-05,0,challenge_12_final_stacking_colab
6161,1,0.9982086,1,challenge_12_final_stacking_colab
6162,0,8.833226e-05,0,challenge_12_final_stacking_colab
6163,1,0.99845165,1,challenge_12_final_stacking_colab
6164,0,0.24583106,0,challenge_12_final_stacking_colab
6165,0,0.5324788,1,challenge_12_final_stacking_colab
6166,0,0.20554361,0,challenge_12_final_stacking_colab
6167,1,0.9805027,1,challenge_12_final_stacking_colab
6168,0,0.19621451,0,challenge_12_final_stacking_colab
6169,0,0.0013185213,0,challenge_12_final_stacking_colab
6170,0,0.25691074,0,challenge_12_final_stacking_colab
6171,0,0.27079776,0,challenge_12_final_stacking_colab
6172,1,0.7685869,1,challenge_12_final_stacking_colab
6173,1,0.8009797,1,challenge_12_final_stacking_colab
6174,1,0.9962835,1,challenge_12_final_stacking_colab
6175,1,0.7790808,1,challenge_12_final_stacking_colab
6176,0,0.0017802549,0,challenge_12_final_stacking_colab
6177,0,0.21446384,0,challenge_12_final_stacking_colab
6178,0,0.42827085,0,challenge_12_final_stacking_colab
6179,0,5.7500007e-08,0,challenge_12_final_stacking_colab
6180,1,0.44538242,0,challenge_12_final_stacking_colab
6181,1,0.99138665,1,challenge_12_final_stacking_colab
6182,0,0.21774267,0,challenge_12_final_stacking_colab
6183,0,0.2130221,0,challenge_12_final_stacking_colab
6184,1,0.7824929,1,challenge_12_final_stacking_colab
6185,1,0.21229021,0,challenge_12_final_stacking_colab
6186,0,1.6547254e-07,0,challenge_12_final_stacking_colab
6187,1,0.78208345,1,challenge_12_final_stacking_colab
6188,1,0.9189104,1,challenge_12_final_stacking_colab
6189,0,0.0057884436,0,challenge_12_final_stacking_colab
6190,1,0.99557275,1,challenge_12_final_stacking_colab
6191,0,0.1337557,0,challenge_12_final_stacking_colab
6192,1,0.97807723,1,challenge_12_final_stacking_colab
6193,0,0.21325856,0,challenge_12_final_stacking_colab
6194,0,0.42518362,0,challenge_12_final_stacking_colab
6195,1,0.988364,1,challenge_12_final_stacking_colab
6196,1,0.9948994,1,challenge_12_final_stacking_colab
6197,0,0.20363623,0,challenge_12_final_stacking_colab
6198,1,0.9999913,1,challenge_12_final_stacking_colab
6199,0,0.025098398,0,challenge_12_final_stacking_colab
6200,0,0.21493204,0,challenge_12_final_stacking_colab
6201,1,0.45080984,0,challenge_12_final_stacking_colab
6202,1,0.7896821,1,challenge_12_final_stacking_colab
6203,1,0.7713795,1,challenge_12_final_stacking_colab
6204,0,0.6024513,1,challenge_12_final_stacking_colab
6205,1,0.9820485,1,challenge_12_final_stacking_colab
6206,0,0.0037633618,0,challenge_12_final_stacking_colab
6207,1,0.9885972,1,challenge_12_final_stacking_colab
6208,0,0.00040748809,0,challenge_12_final_stacking_colab
6209,0,0.3444178,0,challenge_12_final_stacking_colab
6210,1,0.5709436,1,challenge_12_final_stacking_colab
6211,0,5.6228182e-05,0,challenge_12_final_stacking_colab
6212,0,5.6590084e-06,0,challenge_12_final_stacking_colab
6213,0,0.21349269,0,challenge_12_final_stacking_colab
6214,0,0.0034819958,0,challenge_12_final_stacking_colab
6215,1,0.7869696,1,challenge_12_final_stacking_colab
6216,0,0.2107851,0,challenge_12_final_stacking_colab
6217,0,0.20593244,0,challenge_12_final_stacking_colab
6218,1,0.7628898,1,challenge_12_final_stacking_colab
6219,1,0.78339016,1,challenge_12_final_stacking_colab
6220,0,0.001177781,0,challenge_12_final_stacking_colab
6221,0,0.5836838,1,challenge_12_final_stacking_colab
6222,0,0.00010706654,0,challenge_12_final_stacking_colab
6223,1,0.57148933,1,challenge_12_final_stacking_colab
6224,0,0.44865248,0,challenge_12_final_stacking_colab
6225,0,0.73898256,1,challenge_12_final_stacking_colab
6226,1,0.9980467,1,challenge_12_final_stacking_colab
6227,0,0.25880328,0,challenge_12_final_stacking_colab
6228,1,0.52772826,1,challenge_12_final_stacking_colab
6229,1,0.9958116,1,challenge_12_final_stacking_colab
6230,0,0.00060945004,0,challenge_12_final_stacking_colab
6231,0,0.011838588,0,challenge_12_final_stacking_colab
6232,0,0.42500174,0,challenge_12_final_stacking_colab
6233,0,0.08747436,0,challenge_12_final_stacking_colab
6234,1,0.98904693,1,challenge_12_final_stacking_colab
6235,1,0.94837016,1,challenge_12_final_stacking_colab
6236,1,0.99150956,1,challenge_12_final_stacking_colab
6237,0,0.038080268,0,challenge_12_final_stacking_colab
6238,0,0.0018424351,0,challenge_12_final_stacking_colab
6239,0,0.0015475035,0,challenge_12_final_stacking_colab
6240,0,8.058424e-05,0,challenge_12_final_stacking_colab
6241,0,0.21926036,0,challenge_12_final_stacking_colab
6242,0,0.0010274918,0,challenge_12_final_stacking_colab
6243,0,0.016463073,0,challenge_12_final_stacking_colab
6244,0,0.21144645,0,challenge_12_final_stacking_colab
6245,1,0.86814636,1,challenge_12_final_stacking_colab
6246,0,1.1700291e-05,0,challenge_12_final_stacking_colab
6247,0,0.027227161,0,challenge_12_final_stacking_colab
6248,0,0.9818047,1,challenge_12_final_stacking_colab
6249,1,0.99999946,1,challenge_12_final_stacking_colab
6250,1,0.9706278,1,challenge_12_final_stacking_colab
6251,1,0.99998987,1,challenge_12_final_stacking_colab
6252,0,0.0071232137,0,challenge_12_final_stacking_colab
6253,1,0.9999977,1,challenge_12_final_stacking_colab
6254,0,0.19874316,0,challenge_12_final_stacking_colab
6255,0,0.0030057572,0,challenge_12_final_stacking_colab
6256,1,0.7848608,1,challenge_12_final_stacking_colab
6257,0,7.5844937e-06,0,challenge_12_final_stacking_colab
6258,1,0.79754454,1,challenge_12_final_stacking_colab
6259,1,0.9713779,1,challenge_12_final_stacking_colab
6260,1,0.95850533,1,challenge_12_final_stacking_colab
6261,1,0.9999988,1,challenge_12_final_stacking_colab
6262,0,3.5751495e-05,0,challenge_12_final_stacking_colab
6263,0,0.00039929012,0,challenge_12_final_stacking_colab
6264,1,0.994599,1,challenge_12_final_stacking_colab
6265,0,0.0014845664,0,challenge_12_final_stacking_colab
6266,0,0.20455568,0,challenge_12_final_stacking_colab
6267,0,0.00035785002,0,challenge_12_final_stacking_colab
6268,1,0.9854938,1,challenge_12_final_stacking_colab
6269,0,0.21403463,0,challenge_12_final_stacking_colab
6270,0,0.23018137,0,challenge_12_final_stacking_colab
6271,1,0.9999907,1,challenge_12_final_stacking_colab
6272,1,0.9887241,1,challenge_12_final_stacking_colab
6273,1,0.7638312,1,challenge_12_final_stacking_colab
6274,1,0.79591125,1,challenge_12_final_stacking_colab
6275,1,0.7458607,1,challenge_12_final_stacking_colab
6276,0,0.003836044,0,challenge_12_final_stacking_colab
6277,0,5.912017e-06,0,challenge_12_final_stacking_colab
6278,1,0.9964868,1,challenge_12_final_stacking_colab
6279,1,0.8346377,1,challenge_12_final_stacking_colab
6280,0,4.582951e-05,0,challenge_12_final_stacking_colab
6281,1,0.89471084,1,challenge_12_final_stacking_colab
6282,0,0.004112194,0,challenge_12_final_stacking_colab
6283,1,0.9700915,1,challenge_12_final_stacking_colab
6284,0,0.2228679,0,challenge_12_final_stacking_colab
6285,0,2.171439e-05,0,challenge_12_final_stacking_colab
6286,1,0.9935843,1,challenge_12_final_stacking_colab
6287,1,0.7897426,1,challenge_12_final_stacking_colab
6288,0,0.21599977,0,challenge_12_final_stacking_colab
6289,1,0.92509717,1,challenge_12_final_stacking_colab
6290,0,3.0390094e-05,0,challenge_12_final_stacking_colab
6291,1,0.9999975,1,challenge_12_final_stacking_colab
6292,0,0.49535406,1,challenge_12_final_stacking_colab
6293,0,0.00026549544,0,challenge_12_final_stacking_colab
6294,0,0.22645628,0,challenge_12_final_stacking_colab
6295,1,0.95667547,1,challenge_12_final_stacking_colab
6296,0,0.42628178,0,challenge_12_final_stacking_colab
6297,1,1.0,1,challenge_12_final_stacking_colab
6298,0,1.75225e-05,0,challenge_12_final_stacking_colab
6299,0,0.45472795,0,challenge_12_final_stacking_colab
6300,1,0.9999948,1,challenge_12_final_stacking_colab
6301,0,0.19063397,0,challenge_12_final_stacking_colab
6302,1,0.79426664,1,challenge_12_final_stacking_colab
6303,1,0.99457866,1,challenge_12_final_stacking_colab
6304,0,0.0024393168,0,challenge_12_final_stacking_colab
6305,1,0.9786436,1,challenge_12_final_stacking_colab
6306,1,0.7835958,1,challenge_12_final_stacking_colab
6307,1,0.805854,1,challenge_12_final_stacking_colab
6308,0,7.8147365e-05,0,challenge_12_final_stacking_colab
6309,0,0.031502746,0,challenge_12_final_stacking_colab
6310,0,0.36779627,0,challenge_12_final_stacking_colab
6311,0,0.012815666,0,challenge_12_final_stacking_colab
6312,0,0.4250524,0,challenge_12_final_stacking_colab
6313,1,0.9999992,1,challenge_12_final_stacking_colab
6314,0,0.0005192679,0,challenge_12_final_stacking_colab
6315,1,0.99060345,1,challenge_12_final_stacking_colab
6316,0,0.019999014,0,challenge_12_final_stacking_colab
6317,1,0.79126775,1,challenge_12_final_stacking_colab
6318,1,0.99744105,1,challenge_12_final_stacking_colab
6319,0,0.22254145,0,challenge_12_final_stacking_colab
6320,1,0.98633695,1,challenge_12_final_stacking_colab
6321,0,0.025133014,0,challenge_12_final_stacking_colab
6322,0,0.0004860515,0,challenge_12_final_stacking_colab
6323,1,0.7863053,1,challenge_12_final_stacking_colab
6324,1,0.76174706,1,challenge_12_final_stacking_colab
6325,1,0.7422315,1,challenge_12_final_stacking_colab
6326,1,0.77191633,1,challenge_12_final_stacking_colab
6327,0,0.0026746918,0,challenge_12_final_stacking_colab
6328,1,0.9926891,1,challenge_12_final_stacking_colab
6329,1,0.99999964,1,challenge_12_final_stacking_colab
6330,0,0.17040807,0,challenge_12_final_stacking_colab
6331,1,0.9999994,1,challenge_12_final_stacking_colab
6332,1,0.99998945,1,challenge_12_final_stacking_colab
6333,1,0.99262375,1,challenge_12_final_stacking_colab
6334,1,0.5665429,1,challenge_12_final_stacking_colab
6335,0,0.21467496,0,challenge_12_final_stacking_colab
6336,1,0.99999994,1,challenge_12_final_stacking_colab
6337,0,0.020969605,0,challenge_12_final_stacking_colab
6338,0,0.0044451314,0,challenge_12_final_stacking_colab
6339,0,0.003913594,0,challenge_12_final_stacking_colab
6340,0,2.0696902e-05,0,challenge_12_final_stacking_colab
6341,1,0.9473324,1,challenge_12_final_stacking_colab
6342,0,0.07778171,0,challenge_12_final_stacking_colab
6343,1,0.97627765,1,challenge_12_final_stacking_colab
6344,0,7.517893e-05,0,challenge_12_final_stacking_colab
6345,0,0.27323696,0,challenge_12_final_stacking_colab
6346,1,0.8890923,1,challenge_12_final_stacking_colab
6347,0,0.5242592,1,challenge_12_final_stacking_colab
6348,0,0.43599567,0,challenge_12_final_stacking_colab
6349,0,0.016931726,0,challenge_12_final_stacking_colab
6350,1,0.99085814,1,challenge_12_final_stacking_colab
6351,0,3.6622307e-05,0,challenge_12_final_stacking_colab
6352,1,0.99309313,1,challenge_12_final_stacking_colab
6353,0,0.20517401,0,challenge_12_final_stacking_colab
6354,1,0.9999999,1,challenge_12_final_stacking_colab
6355,0,0.053688865,0,challenge_12_final_stacking_colab
6356,1,0.99404454,1,challenge_12_final_stacking_colab
6357,1,0.9845485,1,challenge_12_final_stacking_colab
6358,0,0.21692732,0,challenge_12_final_stacking_colab
6359,0,0.3679994,0,challenge_12_final_stacking_colab
6360,1,0.99714845,1,challenge_12_final_stacking_colab
6361,0,0.20560327,0,challenge_12_final_stacking_colab
6362,0,0.0051430785,0,challenge_12_final_stacking_colab
6363,1,0.7960711,1,challenge_12_final_stacking_colab
6364,1,0.9999997,1,challenge_12_final_stacking_colab
6365,0,0.0006511207,0,challenge_12_final_stacking_colab
6366,1,0.9999996,1,challenge_12_final_stacking_colab
6367,0,0.73948795,1,challenge_12_final_stacking_colab
6368,0,0.21742555,0,challenge_12_final_stacking_colab
6369,0,0.053720944,0,challenge_12_final_stacking_colab
6370,0,0.35482326,0,challenge_12_final_stacking_colab
6371,0,0.054252364,0,challenge_12_final_stacking_colab
6372,1,0.63593584,1,challenge_12_final_stacking_colab
6373,1,0.9677914,1,challenge_12_final_stacking_colab
6374,1,0.88136524,1,challenge_12_final_stacking_colab
6375,1,0.9999983,1,challenge_12_final_stacking_colab
6376,0,0.43720338,0,challenge_12_final_stacking_colab
6377,1,0.99999297,1,challenge_12_final_stacking_colab
6378,1,0.9999975,1,challenge_12_final_stacking_colab
6379,0,0.43602765,0,challenge_12_final_stacking_colab
6380,0,0.0015398323,0,challenge_12_final_stacking_colab
6381,0,0.001285505,0,challenge_12_final_stacking_colab
6382,0,3.2123564e-05,0,challenge_12_final_stacking_colab
6383,0,0.00046339553,0,challenge_12_final_stacking_colab
6384,0,0.00053304795,0,challenge_12_final_stacking_colab
6385,1,0.9757534,1,challenge_12_final_stacking_colab
6386,1,0.97781724,1,challenge_12_final_stacking_colab
6387,0,0.21735159,0,challenge_12_final_stacking_colab
6388,1,0.9904993,1,challenge_12_final_stacking_colab
6389,1,0.32554013,0,challenge_12_final_stacking_colab
6390,1,0.9959885,1,challenge_12_final_stacking_colab
6391,0,0.449064,0,challenge_12_final_stacking_colab
6392,0,0.20161946,0,challenge_12_final_stacking_colab
6393,1,0.9982092,1,challenge_12_final_stacking_colab
6394,0,0.026817698,0,challenge_12_final_stacking_colab
6395,0,0.2184374,0,challenge_12_final_stacking_colab
6396,1,0.52336806,1,challenge_12_final_stacking_colab
6397,0,0.0014104727,0,challenge_12_final_stacking_colab
6398,0,3.860155e-06,0,challenge_12_final_stacking_colab
6399,0,0.00063697464,0,challenge_12_final_stacking_colab
6400,0,0.0024801984,0,challenge_12_final_stacking_colab
6401,1,0.9969812,1,challenge_12_final_stacking_colab
6402,0,0.19835894,0,challenge_12_final_stacking_colab
6403,1,0.9999999,1,challenge_12_final_stacking_colab
6404,1,0.775508,1,challenge_12_final_stacking_colab
6405,0,0.07578034,0,challenge_12_final_stacking_colab
6406,0,0.21448688,0,challenge_12_final_stacking_colab
6407,0,0.210738,0,challenge_12_final_stacking_colab
6408,0,0.20748873,0,challenge_12_final_stacking_colab
6409,1,0.99840796,1,challenge_12_final_stacking_colab
6410,1,0.5649667,1,challenge_12_final_stacking_colab
6411,1,0.9634819,1,challenge_12_final_stacking_colab
6412,1,0.5723804,1,challenge_12_final_stacking_colab
6413,0,0.3224076,0,challenge_12_final_stacking_colab
6414,0,0.00041827967,0,challenge_12_final_stacking_colab
6415,1,0.99999505,1,challenge_12_final_stacking_colab
6416,1,0.78289086,1,challenge_12_final_stacking_colab
6417,1,0.50795877,1,challenge_12_final_stacking_colab
6418,0,0.21430549,0,challenge_12_final_stacking_colab
6419,1,0.98169774,1,challenge_12_final_stacking_colab
6420,1,0.90690416,1,challenge_12_final_stacking_colab
6421,0,0.20926817,0,challenge_12_final_stacking_colab
6422,1,0.7650397,1,challenge_12_final_stacking_colab
6423,1,0.99999756,1,challenge_12_final_stacking_colab
6424,0,0.20685667,0,challenge_12_final_stacking_colab
6425,1,0.99999344,1,challenge_12_final_stacking_colab
6426,0,0.20491694,0,challenge_12_final_stacking_colab
6427,0,0.42656046,0,challenge_12_final_stacking_colab
6428,1,0.99999696,1,challenge_12_final_stacking_colab
6429,1,0.99773765,1,challenge_12_final_stacking_colab
6430,0,0.2266308,0,challenge_12_final_stacking_colab
6431,0,3.944797e-05,0,challenge_12_final_stacking_colab
6432,0,1.2747858e-05,0,challenge_12_final_stacking_colab
6433,1,0.997238,1,challenge_12_final_stacking_colab
6434,1,0.41567647,0,challenge_12_final_stacking_colab
6435,0,0.017110268,0,challenge_12_final_stacking_colab
6436,1,0.8457315,1,challenge_12_final_stacking_colab
6437,0,8.078786e-05,0,challenge_12_final_stacking_colab
6438,1,0.36691874,0,challenge_12_final_stacking_colab
6439,0,0.00015540667,0,challenge_12_final_stacking_colab
6440,0,0.0026108257,0,challenge_12_final_stacking_colab
6441,0,0.010667678,0,challenge_12_final_stacking_colab
6442,1,0.9629144,1,challenge_12_final_stacking_colab
6443,1,0.78502804,1,challenge_12_final_stacking_colab
6444,1,0.91276616,1,challenge_12_final_stacking_colab
6445,1,0.9706005,1,challenge_12_final_stacking_colab
6446,1,0.9984596,1,challenge_12_final_stacking_colab
6447,1,0.99650145,1,challenge_12_final_stacking_colab
6448,1,0.76045877,1,challenge_12_final_stacking_colab
6449,1,0.9982891,1,challenge_12_final_stacking_colab
6450,0,0.3577442,0,challenge_12_final_stacking_colab
6451,0,0.00019679024,0,challenge_12_final_stacking_colab
6452,1,0.7871421,1,challenge_12_final_stacking_colab
6453,0,0.0015896122,0,challenge_12_final_stacking_colab
6454,1,0.75591856,1,challenge_12_final_stacking_colab
6455,0,0.2140384,0,challenge_12_final_stacking_colab
6456,0,0.00065212935,0,challenge_12_final_stacking_colab
6457,1,0.99999994,1,challenge_12_final_stacking_colab
6458,1,0.7767233,1,challenge_12_final_stacking_colab
6459,0,0.21191336,0,challenge_12_final_stacking_colab
6460,1,0.9887948,1,challenge_12_final_stacking_colab
6461,0,8.330956e-05,0,challenge_12_final_stacking_colab
6462,0,0.20234625,0,challenge_12_final_stacking_colab
6463,0,0.20778807,0,challenge_12_final_stacking_colab
6464,0,0.0146750845,0,challenge_12_final_stacking_colab
6465,0,0.00021501348,0,challenge_12_final_stacking_colab
6466,0,9.488182e-05,0,challenge_12_final_stacking_colab
6467,1,0.9965936,1,challenge_12_final_stacking_colab
6468,0,0.00020702054,0,challenge_12_final_stacking_colab
6469,1,0.6397712,1,challenge_12_final_stacking_colab
6470,1,0.9966138,1,challenge_12_final_stacking_colab
6471,1,0.9999942,1,challenge_12_final_stacking_colab
6472,1,0.97638005,1,challenge_12_final_stacking_colab
6473,0,0.21117647,0,challenge_12_final_stacking_colab
6474,1,0.7185279,1,challenge_12_final_stacking_colab
6475,0,2.2946485e-06,0,challenge_12_final_stacking_colab
6476,0,0.0003328385,0,challenge_12_final_stacking_colab
6477,1,0.9999991,1,challenge_12_final_stacking_colab
6478,0,0.0070541096,0,challenge_12_final_stacking_colab
6479,0,0.00019907452,0,challenge_12_final_stacking_colab
6480,0,1.0727482e-05,0,challenge_12_final_stacking_colab
6481,1,0.99539334,1,challenge_12_final_stacking_colab
6482,1,0.976098,1,challenge_12_final_stacking_colab
6483,0,0.19436179,0,challenge_12_final_stacking_colab
6484,1,0.9975542,1,challenge_12_final_stacking_colab
6485,0,0.28606495,0,challenge_12_final_stacking_colab
6486,0,0.1972948,0,challenge_12_final_stacking_colab
6487,0,7.7862165e-07,0,challenge_12_final_stacking_colab
6488,0,0.000578238,0,challenge_12_final_stacking_colab
6489,1,0.7888997,1,challenge_12_final_stacking_colab
6490,0,0.29877844,0,challenge_12_final_stacking_colab
6491,1,0.9795789,1,challenge_12_final_stacking_colab
6492,0,0.05035999,0,challenge_12_final_stacking_colab
6493,1,0.9999995,1,challenge_12_final_stacking_colab
6494,0,0.21256208,0,challenge_12_final_stacking_colab
6495,0,0.04286379,0,challenge_12_final_stacking_colab
6496,1,0.7242194,1,challenge_12_final_stacking_colab
6497,1,0.7832452,1,challenge_12_final_stacking_colab
6498,1,0.9976919,1,challenge_12_final_stacking_colab
6499,0,0.00038341302,0,challenge_12_final_stacking_colab
6500,1,0.563597,1,challenge_12_final_stacking_colab
6501,1,0.99999994,1,challenge_12_final_stacking_colab
6502,1,0.70584106,1,challenge_12_final_stacking_colab
6503,1,0.54614764,1,challenge_12_final_stacking_colab
6504,0,0.15498789,0,challenge_12_final_stacking_colab
6505,1,0.7729025,1,challenge_12_final_stacking_colab
6506,1,0.8045831,1,challenge_12_final_stacking_colab
6507,0,0.20885588,0,challenge_12_final_stacking_colab
6508,0,0.21186216,0,challenge_12_final_stacking_colab
6509,1,0.99999785,1,challenge_12_final_stacking_colab
6510,1,0.783917,1,challenge_12_final_stacking_colab
6511,1,0.99626446,1,challenge_12_final_stacking_colab
6512,0,0.2151204,0,challenge_12_final_stacking_colab
6513,1,0.9864001,1,challenge_12_final_stacking_colab
6514,1,0.9911539,1,challenge_12_final_stacking_colab
6515,0,0.040796075,0,challenge_12_final_stacking_colab
6516,0,0.00589663,0,challenge_12_final_stacking_colab
6517,0,9.0698095e-06,0,challenge_12_final_stacking_colab
6518,0,0.20565607,0,challenge_12_final_stacking_colab
6519,1,0.9999964,1,challenge_12_final_stacking_colab
6520,1,0.9726517,1,challenge_12_final_stacking_colab
6521,1,0.9763113,1,challenge_12_final_stacking_colab
6522,0,0.0141340215,0,challenge_12_final_stacking_colab
6523,1,0.79751843,1,challenge_12_final_stacking_colab
6524,0,0.00049442693,0,challenge_12_final_stacking_colab
6525,1,0.9863077,1,challenge_12_final_stacking_colab
6526,1,0.7822116,1,challenge_12_final_stacking_colab
6527,0,0.023280384,0,challenge_12_final_stacking_colab
6528,0,0.070279285,0,challenge_12_final_stacking_colab
6529,0,0.20597708,0,challenge_12_final_stacking_colab
6530,1,0.9911166,1,challenge_12_final_stacking_colab
6531,0,0.21298642,0,challenge_12_final_stacking_colab
6532,1,0.56861174,1,challenge_12_final_stacking_colab
6533,1,0.9064219,1,challenge_12_final_stacking_colab
6534,1,0.9709236,1,challenge_12_final_stacking_colab
6535,0,0.0003122425,0,challenge_12_final_stacking_colab
6536,1,0.77953446,1,challenge_12_final_stacking_colab
6537,1,0.995832,1,challenge_12_final_stacking_colab
6538,1,0.9936405,1,challenge_12_final_stacking_colab
6539,0,0.27069172,0,challenge_12_final_stacking_colab
6540,1,0.98724043,1,challenge_12_final_stacking_colab
6541,0,0.21668696,0,challenge_12_final_stacking_colab
6542,1,0.9794057,1,challenge_12_final_stacking_colab
6543,0,0.0032143458,0,challenge_12_final_stacking_colab
6544,1,0.99999565,1,challenge_12_final_stacking_colab
6545,1,0.99614316,1,challenge_12_final_stacking_colab
6546,0,0.80814517,1,challenge_12_final_stacking_colab
6547,1,0.9766129,1,challenge_12_final_stacking_colab
6548,1,0.78702295,1,challenge_12_final_stacking_colab
6549,1,0.99999934,1,challenge_12_final_stacking_colab
6550,1,0.99598277,1,challenge_12_final_stacking_colab
6551,1,0.9525769,1,challenge_12_final_stacking_colab
6552,0,0.57366526,1,challenge_12_final_stacking_colab
6553,0,0.22283049,0,challenge_12_final_stacking_colab
6554,1,0.75330186,1,challenge_12_final_stacking_colab
6555,1,0.5616186,1,challenge_12_final_stacking_colab
6556,0,0.22330293,0,challenge_12_final_stacking_colab
6557,0,0.53409046,1,challenge_12_final_stacking_colab
6558,1,0.7834262,1,challenge_12_final_stacking_colab
6559,1,0.99572617,1,challenge_12_final_stacking_colab
6560,0,0.47767025,0,challenge_12_final_stacking_colab
6561,1,0.7792714,1,challenge_12_final_stacking_colab
6562,0,0.46121454,0,challenge_12_final_stacking_colab
6563,1,0.9720571,1,challenge_12_final_stacking_colab
6564,0,0.03933301,0,challenge_12_final_stacking_colab
6565,0,0.44654265,0,challenge_12_final_stacking_colab
6566,0,0.45842862,0,challenge_12_final_stacking_colab
6567,1,0.98789084,1,challenge_12_final_stacking_colab
6568,1,0.9969401,1,challenge_12_final_stacking_colab
6569,1,0.45061055,0,challenge_12_final_stacking_colab
6570,0,0.036123008,0,challenge_12_final_stacking_colab
6571,1,0.99999815,1,challenge_12_final_stacking_colab
6572,0,0.14967984,0,challenge_12_final_stacking_colab
6573,0,0.6204881,1,challenge_12_final_stacking_colab
6574,1,0.9572122,1,challenge_12_final_stacking_colab
6575,0,0.000112176705,0,challenge_12_final_stacking_colab
6576,0,2.2555469e-05,0,challenge_12_final_stacking_colab
6577,0,0.26464483,0,challenge_12_final_stacking_colab
6578,0,0.4346047,0,challenge_12_final_stacking_colab
6579,0,0.2111157,0,challenge_12_final_stacking_colab
6580,1,0.7889817,1,challenge_12_final_stacking_colab
6581,0,0.0003527323,0,challenge_12_final_stacking_colab
6582,0,3.6866244e-05,0,challenge_12_final_stacking_colab
6583,0,0.71555424,1,challenge_12_final_stacking_colab
6584,0,7.1784176e-05,0,challenge_12_final_stacking_colab
6585,0,0.06263126,0,challenge_12_final_stacking_colab
6586,1,0.31336966,0,challenge_12_final_stacking_colab
6587,1,0.7880791,1,challenge_12_final_stacking_colab
6588,1,0.9956128,1,challenge_12_final_stacking_colab
6589,1,0.78483176,1,challenge_12_final_stacking_colab
6590,1,0.76837,1,challenge_12_final_stacking_colab
6591,0,0.0292353,0,challenge_12_final_stacking_colab
6592,0,0.0005853021,0,challenge_12_final_stacking_colab
6593,0,1.8532677e-05,0,challenge_12_final_stacking_colab
6594,0,3.373797e-05,0,challenge_12_final_stacking_colab
6595,1,0.787055,1,challenge_12_final_stacking_colab
6596,1,0.9999999,1,challenge_12_final_stacking_colab
6597,0,0.4643899,0,challenge_12_final_stacking_colab
6598,1,0.999996,1,challenge_12_final_stacking_colab
6599,0,0.011241321,0,challenge_12_final_stacking_colab
6600,0,0.2094966,0,challenge_12_final_stacking_colab
6601,0,0.22829019,0,challenge_12_final_stacking_colab
6602,1,0.77633965,1,challenge_12_final_stacking_colab
6603,0,0.00075321575,0,challenge_12_final_stacking_colab
6604,0,7.964174e-05,0,challenge_12_final_stacking_colab
6605,0,0.0011609063,0,challenge_12_final_stacking_colab
6606,1,0.77435404,1,challenge_12_final_stacking_colab
6607,1,0.99999696,1,challenge_12_final_stacking_colab
6608,1,0.9999981,1,challenge_12_final_stacking_colab
6609,1,0.82047933,1,challenge_12_final_stacking_colab
6610,0,0.20951296,0,challenge_12_final_stacking_colab
6611,1,1.0,1,challenge_12_final_stacking_colab
6612,1,0.99697274,1,challenge_12_final_stacking_colab
6613,0,0.44371864,0,challenge_12_final_stacking_colab
6614,0,0.3759483,0,challenge_12_final_stacking_colab
6615,1,0.99132234,1,challenge_12_final_stacking_colab
6616,0,0.057299957,0,challenge_12_final_stacking_colab
6617,0,0.21493123,0,challenge_12_final_stacking_colab
6618,1,0.88043344,1,challenge_12_final_stacking_colab
6619,1,0.9830101,1,challenge_12_final_stacking_colab
6620,1,0.7857992,1,challenge_12_final_stacking_colab
6621,1,0.5199501,1,challenge_12_final_stacking_colab
6622,0,0.028252779,0,challenge_12_final_stacking_colab
6623,1,0.99999607,1,challenge_12_final_stacking_colab
6624,0,0.25763854,0,challenge_12_final_stacking_colab
6625,1,0.6236701,1,challenge_12_final_stacking_colab
6626,1,0.9999987,1,challenge_12_final_stacking_colab
6627,0,0.004749264,0,challenge_12_final_stacking_colab
6628,1,0.4835451,0,challenge_12_final_stacking_colab
6629,0,1.326237e-05,0,challenge_12_final_stacking_colab
6630,1,0.9979331,1,challenge_12_final_stacking_colab
6631,1,0.99999386,1,challenge_12_final_stacking_colab
6632,1,0.79720587,1,challenge_12_final_stacking_colab
6633,1,0.9696496,1,challenge_12_final_stacking_colab
6634,1,0.9999997,1,challenge_12_final_stacking_colab
6635,0,0.005242755,0,challenge_12_final_stacking_colab
6636,0,0.21423614,0,challenge_12_final_stacking_colab
6637,1,0.2210907,0,challenge_12_final_stacking_colab
6638,0,0.4403841,0,challenge_12_final_stacking_colab
6639,1,0.9881633,1,challenge_12_final_stacking_colab
6640,0,0.024045609,0,challenge_12_final_stacking_colab
6641,1,0.44324955,0,challenge_12_final_stacking_colab
6642,1,0.9970689,1,challenge_12_final_stacking_colab
6643,1,0.92839336,1,challenge_12_final_stacking_colab
6644,0,0.025260001,0,challenge_12_final_stacking_colab
6645,1,0.9745612,1,challenge_12_final_stacking_colab
6646,1,0.7974854,1,challenge_12_final_stacking_colab
6647,1,0.7817101,1,challenge_12_final_stacking_colab
6648,1,0.7871831,1,challenge_12_final_stacking_colab
6649,1,0.99722314,1,challenge_12_final_stacking_colab
6650,0,0.56373274,1,challenge_12_final_stacking_colab
6651,0,0.00030884417,0,challenge_12_final_stacking_colab
6652,1,0.5653029,1,challenge_12_final_stacking_colab
6653,0,0.0017383774,0,challenge_12_final_stacking_colab
6654,1,0.7614937,1,challenge_12_final_stacking_colab
6655,0,0.31153002,0,challenge_12_final_stacking_colab
6656,0,3.096992e-05,0,challenge_12_final_stacking_colab
6657,1,0.5495805,1,challenge_12_final_stacking_colab
6658,0,0.00044308294,0,challenge_12_final_stacking_colab
6659,1,0.9999999,1,challenge_12_final_stacking_colab
6660,0,0.21942021,0,challenge_12_final_stacking_colab
6661,1,0.79097056,1,challenge_12_final_stacking_colab
6662,1,0.92349577,1,challenge_12_final_stacking_colab
6663,1,0.5345115,1,challenge_12_final_stacking_colab
6664,0,0.48718998,0,challenge_12_final_stacking_colab
6665,0,0.08830746,0,challenge_12_final_stacking_colab
6666,1,0.99739975,1,challenge_12_final_stacking_colab
6667,1,0.99999917,1,challenge_12_final_stacking_colab
6668,0,0.0018136168,0,challenge_12_final_stacking_colab
6669,0,0.30782267,0,challenge_12_final_stacking_colab
6670,1,0.7844114,1,challenge_12_final_stacking_colab
6671,0,0.13363238,0,challenge_12_final_stacking_colab
6672,1,0.99999994,1,challenge_12_final_stacking_colab
6673,0,0.20868607,0,challenge_12_final_stacking_colab
6674,0,0.42671037,0,challenge_12_final_stacking_colab
6675,1,0.9999984,1,challenge_12_final_stacking_colab
6676,1,0.792577,1,challenge_12_final_stacking_colab
6677,1,0.99999917,1,challenge_12_final_stacking_colab
6678,1,0.79379344,1,challenge_12_final_stacking_colab
6679,1,0.9999933,1,challenge_12_final_stacking_colab
6680,0,0.21369873,0,challenge_12_final_stacking_colab
6681,1,0.99999994,1,challenge_12_final_stacking_colab
6682,1,0.49041468,1,challenge_12_final_stacking_colab
6683,0,0.21555279,0,challenge_12_final_stacking_colab
6684,0,0.18203317,0,challenge_12_final_stacking_colab
6685,1,0.99369895,1,challenge_12_final_stacking_colab
6686,0,0.42539558,0,challenge_12_final_stacking_colab
6687,1,0.99747753,1,challenge_12_final_stacking_colab
6688,1,0.8033373,1,challenge_12_final_stacking_colab
6689,1,0.7280228,1,challenge_12_final_stacking_colab
6690,0,0.20270059,0,challenge_12_final_stacking_colab
6691,0,0.5897061,1,challenge_12_final_stacking_colab
6692,0,0.006304474,0,challenge_12_final_stacking_colab
6693,0,0.21162933,0,challenge_12_final_stacking_colab
6694,1,0.77079004,1,challenge_12_final_stacking_colab
6695,0,0.20801862,0,challenge_12_final_stacking_colab
6696,0,0.2200033,0,challenge_12_final_stacking_colab
6697,0,0.4538421,0,challenge_12_final_stacking_colab
6698,1,0.95241565,1,challenge_12_final_stacking_colab
6699,1,0.9999997,1,challenge_12_final_stacking_colab
6700,1,0.9850415,1,challenge_12_final_stacking_colab
6701,0,0.21347454,0,challenge_12_final_stacking_colab
6702,0,0.21786608,0,challenge_12_final_stacking_colab
6703,1,0.57269096,1,challenge_12_final_stacking_colab
6704,0,0.012025023,0,challenge_12_final_stacking_colab
6705,0,0.23986822,0,challenge_12_final_stacking_colab
6706,0,0.21372135,0,challenge_12_final_stacking_colab
6707,0,0.0063664806,0,challenge_12_final_stacking_colab
6708,0,0.050270442,0,challenge_12_final_stacking_colab
6709,1,0.9976495,1,challenge_12_final_stacking_colab
6710,0,0.3275306,0,challenge_12_final_stacking_colab
6711,0,0.52920824,1,challenge_12_final_stacking_colab
6712,0,0.24601781,0,challenge_12_final_stacking_colab
6713,1,0.78813833,1,challenge_12_final_stacking_colab
6714,0,0.21668772,0,challenge_12_final_stacking_colab
6715,1,0.9999965,1,challenge_12_final_stacking_colab
6716,0,0.00064466917,0,challenge_12_final_stacking_colab
6717,1,0.9999975,1,challenge_12_final_stacking_colab
6718,0,0.9853478,1,challenge_12_final_stacking_colab
6719,1,0.73145837,1,challenge_12_final_stacking_colab
6720,1,0.98993546,1,challenge_12_final_stacking_colab
6721,0,0.6385824,1,challenge_12_final_stacking_colab
6722,0,0.7502676,1,challenge_12_final_stacking_colab
6723,0,5.508344e-05,0,challenge_12_final_stacking_colab
6724,0,0.00016374918,0,challenge_12_final_stacking_colab
6725,0,0.41635624,0,challenge_12_final_stacking_colab
6726,0,0.5471062,1,challenge_12_final_stacking_colab
6727,0,0.1979576,0,challenge_12_final_stacking_colab
6728,0,0.0027529504,0,challenge_12_final_stacking_colab
6729,1,0.79670006,1,challenge_12_final_stacking_colab
6730,0,0.5620989,1,challenge_12_final_stacking_colab
6731,1,1.0,1,challenge_12_final_stacking_colab
6732,0,0.21992795,0,challenge_12_final_stacking_colab
6733,1,0.9914755,1,challenge_12_final_stacking_colab
6734,1,0.5619271,1,challenge_12_final_stacking_colab
6735,0,0.58808225,1,challenge_12_final_stacking_colab
6736,1,0.99999917,1,challenge_12_final_stacking_colab
6737,0,0.24279298,0,challenge_12_final_stacking_colab
6738,1,0.79899955,1,challenge_12_final_stacking_colab
6739,1,0.7724145,1,challenge_12_final_stacking_colab
6740,1,1.0,1,challenge_12_final_stacking_colab
6741,1,0.5482199,1,challenge_12_final_stacking_colab
6742,1,0.9999996,1,challenge_12_final_stacking_colab
6743,0,0.24012902,0,challenge_12_final_stacking_colab
6744,0,0.00033145145,0,challenge_12_final_stacking_colab
6745,0,0.00036760606,0,challenge_12_final_stacking_colab
6746,1,0.77924114,1,challenge_12_final_stacking_colab
6747,0,1.9651708e-05,0,challenge_12_final_stacking_colab
6748,0,0.22460301,0,challenge_12_final_stacking_colab
6749,1,0.99772054,1,challenge_12_final_stacking_colab
6750,1,0.6738772,1,challenge_12_final_stacking_colab
6751,1,0.81403285,1,challenge_12_final_stacking_colab
6752,1,0.9999985,1,challenge_12_final_stacking_colab
6753,1,0.9999999,1,challenge_12_final_stacking_colab
6754,0,0.01097894,0,challenge_12_final_stacking_colab
6755,0,0.0003243714,0,challenge_12_final_stacking_colab
6756,0,0.22002037,0,challenge_12_final_stacking_colab
6757,1,0.9980977,1,challenge_12_final_stacking_colab
6758,0,7.514273e-05,0,challenge_12_final_stacking_colab
6759,1,0.99808836,1,challenge_12_final_stacking_colab
6760,0,0.0014583842,0,challenge_12_final_stacking_colab
6761,0,0.08722026,0,challenge_12_final_stacking_colab
6762,0,0.05145766,0,challenge_12_final_stacking_colab
6763,1,0.7859816,1,challenge_12_final_stacking_colab
6764,1,0.5560678,1,challenge_12_final_stacking_colab
6765,1,0.706511,1,challenge_12_final_stacking_colab
6766,1,0.9981839,1,challenge_12_final_stacking_colab
6767,1,0.9999915,1,challenge_12_final_stacking_colab
6768,1,0.80266184,1,challenge_12_final_stacking_colab
6769,1,0.99677414,1,challenge_12_final_stacking_colab
6770,1,0.9999985,1,challenge_12_final_stacking_colab
6771,0,0.06982319,0,challenge_12_final_stacking_colab
6772,0,3.319706e-05,0,challenge_12_final_stacking_colab
6773,1,0.6491411,1,challenge_12_final_stacking_colab
6774,0,0.0017898949,0,challenge_12_final_stacking_colab
6775,1,0.99428385,1,challenge_12_final_stacking_colab
6776,0,0.00011024681,0,challenge_12_final_stacking_colab
6777,0,0.22343732,0,challenge_12_final_stacking_colab
6778,0,0.0008423884,0,challenge_12_final_stacking_colab
6779,1,0.65070313,1,challenge_12_final_stacking_colab
6780,0,2.6369358e-05,0,challenge_12_final_stacking_colab
6781,1,0.9942715,1,challenge_12_final_stacking_colab
6782,0,0.39628288,0,challenge_12_final_stacking_colab
6783,0,0.42359427,0,challenge_12_final_stacking_colab
6784,1,0.5749995,1,challenge_12_final_stacking_colab
6785,1,0.9775847,1,challenge_12_final_stacking_colab
6786,1,0.5693649,1,challenge_12_final_stacking_colab
6787,0,0.0026492372,0,challenge_12_final_stacking_colab
6788,1,0.8028609,1,challenge_12_final_stacking_colab
6789,1,0.5697035,1,challenge_12_final_stacking_colab
6790,0,0.00093292684,0,challenge_12_final_stacking_colab
6791,1,0.8805872,1,challenge_12_final_stacking_colab
6792,0,0.000524717,0,challenge_12_final_stacking_colab
6793,0,0.21378066,0,challenge_12_final_stacking_colab
6794,1,0.91414887,1,challenge_12_final_stacking_colab
6795,0,0.43301257,0,challenge_12_final_stacking_colab
6796,0,0.013087063,0,challenge_12_final_stacking_colab
6797,1,0.9999999,1,challenge_12_final_stacking_colab
6798,1,0.99616116,1,challenge_12_final_stacking_colab
6799,1,0.7913593,1,challenge_12_final_stacking_colab
6800,1,0.27154648,0,challenge_12_final_stacking_colab
6801,0,0.4251325,0,challenge_12_final_stacking_colab
6802,0,0.46318892,0,challenge_12_final_stacking_colab
6803,1,0.9999907,1,challenge_12_final_stacking_colab
6804,0,0.69145423,1,challenge_12_final_stacking_colab
6805,0,0.00020173243,0,challenge_12_final_stacking_colab
6806,1,0.9985296,1,challenge_12_final_stacking_colab
6807,1,0.5173165,1,challenge_12_final_stacking_colab
6808,0,0.15280092,0,challenge_12_final_stacking_colab
6809,1,0.9999911,1,challenge_12_final_stacking_colab
6810,0,0.19824882,0,challenge_12_final_stacking_colab
6811,1,0.7619344,1,challenge_12_final_stacking_colab
6812,0,4.963206e-05,0,challenge_12_final_stacking_colab
6813,1,0.99405164,1,challenge_12_final_stacking_colab
6814,0,0.002169624,0,challenge_12_final_stacking_colab
6815,0,0.20060101,0,challenge_12_final_stacking_colab
6816,1,0.78830224,1,challenge_12_final_stacking_colab
6817,0,3.2465252e-06,0,challenge_12_final_stacking_colab
6818,1,0.7657179,1,challenge_12_final_stacking_colab
6819,0,0.20192066,0,challenge_12_final_stacking_colab
6820,1,0.5704046,1,challenge_12_final_stacking_colab
6821,1,0.5217724,1,challenge_12_final_stacking_colab
6822,1,0.2343488,0,challenge_12_final_stacking_colab
6823,1,0.9999956,1,challenge_12_final_stacking_colab
6824,0,0.6542304,1,challenge_12_final_stacking_colab
6825,1,0.5079924,1,challenge_12_final_stacking_colab
6826,1,0.97887737,1,challenge_12_final_stacking_colab
6827,0,0.46732193,0,challenge_12_final_stacking_colab
6828,1,0.99825954,1,challenge_12_final_stacking_colab
6829,0,1.292084e-07,0,challenge_12_final_stacking_colab
6830,0,0.08501581,0,challenge_12_final_stacking_colab
6831,1,0.9927334,1,challenge_12_final_stacking_colab
6832,0,0.21020526,0,challenge_12_final_stacking_colab
6833,1,0.99048626,1,challenge_12_final_stacking_colab
6834,0,0.43084556,0,challenge_12_final_stacking_colab
6835,0,0.20897323,0,challenge_12_final_stacking_colab
6836,1,0.88603354,1,challenge_12_final_stacking_colab
6837,1,0.6940244,1,challenge_12_final_stacking_colab
6838,1,0.6053277,1,challenge_12_final_stacking_colab
6839,1,0.44600934,0,challenge_12_final_stacking_colab
6840,0,0.018413216,0,challenge_12_final_stacking_colab
6841,1,0.7886975,1,challenge_12_final_stacking_colab
6842,0,0.00578425,0,challenge_12_final_stacking_colab
6843,0,2.1995456e-07,0,challenge_12_final_stacking_colab
6844,1,0.7557146,1,challenge_12_final_stacking_colab
6845,1,0.9973894,1,challenge_12_final_stacking_colab
6846,0,0.06830732,0,challenge_12_final_stacking_colab
6847,0,0.43990415,0,challenge_12_final_stacking_colab
6848,1,0.9636541,1,challenge_12_final_stacking_colab
6849,0,2.5731777e-05,0,challenge_12_final_stacking_colab
6850,1,0.7915573,1,challenge_12_final_stacking_colab
6851,1,0.9980197,1,challenge_12_final_stacking_colab
6852,0,0.42507148,0,challenge_12_final_stacking_colab
6853,1,0.998529,1,challenge_12_final_stacking_colab
6854,1,0.9576629,1,challenge_12_final_stacking_colab
6855,0,0.31204423,0,challenge_12_final_stacking_colab
6856,0,1.8774906e-05,0,challenge_12_final_stacking_colab
6857,0,0.0021391783,0,challenge_12_final_stacking_colab
6858,0,0.016327918,0,challenge_12_final_stacking_colab
6859,1,0.98769975,1,challenge_12_final_stacking_colab
6860,0,0.00055033935,0,challenge_12_final_stacking_colab
6861,1,0.95519084,1,challenge_12_final_stacking_colab
6862,1,0.9872462,1,challenge_12_final_stacking_colab
6863,0,9.809542e-05,0,challenge_12_final_stacking_colab
6864,1,0.99999994,1,challenge_12_final_stacking_colab
6865,1,0.96937066,1,challenge_12_final_stacking_colab
6866,1,0.9962929,1,challenge_12_final_stacking_colab
6867,1,0.993422,1,challenge_12_final_stacking_colab
6868,1,0.91917366,1,challenge_12_final_stacking_colab
6869,1,0.7567926,1,challenge_12_final_stacking_colab
6870,1,0.9999998,1,challenge_12_final_stacking_colab
6871,0,0.00031245095,0,challenge_12_final_stacking_colab
6872,0,0.4356337,0,challenge_12_final_stacking_colab
6873,1,0.9772256,1,challenge_12_final_stacking_colab
6874,0,0.0011627324,0,challenge_12_final_stacking_colab
6875,1,0.999999,1,challenge_12_final_stacking_colab
6876,0,0.21399452,0,challenge_12_final_stacking_colab
6877,0,0.049129702,0,challenge_12_final_stacking_colab
6878,0,0.17788683,0,challenge_12_final_stacking_colab
6879,1,0.2431367,0,challenge_12_final_stacking_colab
6880,1,0.9999999,1,challenge_12_final_stacking_colab
6881,0,0.14044966,0,challenge_12_final_stacking_colab
6882,0,0.43046412,0,challenge_12_final_stacking_colab
6883,0,0.047636047,0,challenge_12_final_stacking_colab
6884,1,0.5644096,1,challenge_12_final_stacking_colab
6885,1,0.9982513,1,challenge_12_final_stacking_colab
6886,1,0.99490446,1,challenge_12_final_stacking_colab
6887,1,0.9604266,1,challenge_12_final_stacking_colab
6888,0,0.19838819,0,challenge_12_final_stacking_colab
6889,0,0.000109742905,0,challenge_12_final_stacking_colab
6890,1,0.6024716,1,challenge_12_final_stacking_colab
6891,0,0.21297991,0,challenge_12_final_stacking_colab
6892,0,0.4250014,0,challenge_12_final_stacking_colab
6893,1,0.885583,1,challenge_12_final_stacking_colab
6894,1,0.99999046,1,challenge_12_final_stacking_colab
6895,1,0.99399525,1,challenge_12_final_stacking_colab
6896,0,1.2286533e-05,0,challenge_12_final_stacking_colab
6897,1,0.5647006,1,challenge_12_final_stacking_colab
6898,0,0.0010462282,0,challenge_12_final_stacking_colab
6899,1,0.8369025,1,challenge_12_final_stacking_colab
6900,1,0.78648937,1,challenge_12_final_stacking_colab
6901,1,0.97906554,1,challenge_12_final_stacking_colab
6902,1,0.76903856,1,challenge_12_final_stacking_colab
6903,1,0.57499814,1,challenge_12_final_stacking_colab
6904,1,0.9981036,1,challenge_12_final_stacking_colab
6905,0,0.019970845,0,challenge_12_final_stacking_colab
6906,1,0.57499564,1,challenge_12_final_stacking_colab
6907,0,0.21141757,0,challenge_12_final_stacking_colab
6908,0,0.0024124924,0,challenge_12_final_stacking_colab
6909,0,9.21211e-06,0,challenge_12_final_stacking_colab
6910,0,0.00042613636,0,challenge_12_final_stacking_colab
6911,1,0.99999523,1,challenge_12_final_stacking_colab
6912,1,0.7930179,1,challenge_12_final_stacking_colab
6913,0,0.019176677,0,challenge_12_final_stacking_colab
6914,0,8.6099346e-05,0,challenge_12_final_stacking_colab
6915,0,0.005351595,0,challenge_12_final_stacking_colab
6916,0,0.23820986,0,challenge_12_final_stacking_colab
6917,1,0.7452888,1,challenge_12_final_stacking_colab
6918,0,0.2194916,0,challenge_12_final_stacking_colab
6919,1,0.7505772,1,challenge_12_final_stacking_colab
6920,1,0.7020847,1,challenge_12_final_stacking_colab
6921,0,0.005213557,0,challenge_12_final_stacking_colab
6922,0,4.7492143e-05,0,challenge_12_final_stacking_colab
6923,1,0.9899594,1,challenge_12_final_stacking_colab
6924,1,0.7591817,1,challenge_12_final_stacking_colab
6925,1,0.99721336,1,challenge_12_final_stacking_colab
6926,0,1.1986211e-06,0,challenge_12_final_stacking_colab
6927,0,0.1935797,0,challenge_12_final_stacking_colab
6928,1,0.7510659,1,challenge_12_final_stacking_colab
6929,1,0.99459904,1,challenge_12_final_stacking_colab
6930,0,0.28624198,0,challenge_12_final_stacking_colab
6931,0,0.023771647,0,challenge_12_final_stacking_colab
6932,1,0.9999955,1,challenge_12_final_stacking_colab
6933,0,0.21210654,0,challenge_12_final_stacking_colab
6934,1,0.9969014,1,challenge_12_final_stacking_colab
6935,0,0.00029044837,0,challenge_12_final_stacking_colab
6936,1,0.9980783,1,challenge_12_final_stacking_colab
6937,0,3.147695e-06,0,challenge_12_final_stacking_colab
6938,1,0.78363216,1,challenge_12_final_stacking_colab
6939,1,1.0,1,challenge_12_final_stacking_colab
6940,1,0.5966338,1,challenge_12_final_stacking_colab
6941,1,0.99999267,1,challenge_12_final_stacking_colab
6942,1,0.9688164,1,challenge_12_final_stacking_colab
6943,0,0.21718091,0,challenge_12_final_stacking_colab
6944,0,0.21043968,0,challenge_12_final_stacking_colab
6945,0,0.1812612,0,challenge_12_final_stacking_colab
6946,1,0.99999976,1,challenge_12_final_stacking_colab
6947,0,0.18297008,0,challenge_12_final_stacking_colab
6948,1,0.99296385,1,challenge_12_final_stacking_colab
6949,0,0.25250423,0,challenge_12_final_stacking_colab
6950,0,0.41033986,0,challenge_12_final_stacking_colab
6951,0,0.014768431,0,challenge_12_final_stacking_colab
6952,1,0.99999857,1,challenge_12_final_stacking_colab
6953,0,0.332411,0,challenge_12_final_stacking_colab
6954,1,0.6016314,1,challenge_12_final_stacking_colab
6955,0,0.1892229,0,challenge_12_final_stacking_colab
6956,1,0.9855186,1,challenge_12_final_stacking_colab
6957,1,0.99999917,1,challenge_12_final_stacking_colab
6958,1,0.9794301,1,challenge_12_final_stacking_colab
6959,1,0.55946136,1,challenge_12_final_stacking_colab
6960,0,0.46805692,0,challenge_12_final_stacking_colab
6961,1,0.5285931,1,challenge_12_final_stacking_colab
6962,0,0.5836145,1,challenge_12_final_stacking_colab
6963,1,0.624715,1,challenge_12_final_stacking_colab
6964,0,0.2116273,0,challenge_12_final_stacking_colab
6965,1,0.97402334,1,challenge_12_final_stacking_colab
6966,1,0.84259343,1,challenge_12_final_stacking_colab
6967,1,0.97628343,1,challenge_12_final_stacking_colab
6968,1,0.95833737,1,challenge_12_final_stacking_colab
6969,0,0.044420324,0,challenge_12_final_stacking_colab
6970,0,6.539947e-08,0,challenge_12_final_stacking_colab
6971,0,0.1909591,0,challenge_12_final_stacking_colab
6972,0,0.31849283,0,challenge_12_final_stacking_colab
6973,0,0.012813549,0,challenge_12_final_stacking_colab
6974,1,0.99999905,1,challenge_12_final_stacking_colab
6975,0,0.42500082,0,challenge_12_final_stacking_colab
6976,0,0.0013672551,0,challenge_12_final_stacking_colab
6977,1,0.78652793,1,challenge_12_final_stacking_colab
6978,0,0.42821005,0,challenge_12_final_stacking_colab
6979,1,0.75437057,1,challenge_12_final_stacking_colab
6980,1,0.99999887,1,challenge_12_final_stacking_colab
6981,0,0.58916444,1,challenge_12_final_stacking_colab
6982,0,0.22214267,0,challenge_12_final_stacking_colab
6983,0,0.0023366066,0,challenge_12_final_stacking_colab
6984,1,0.9999985,1,challenge_12_final_stacking_colab
6985,1,0.40031132,0,challenge_12_final_stacking_colab
6986,1,0.94685006,1,challenge_12_final_stacking_colab
6987,1,0.9366953,1,challenge_12_final_stacking_colab
6988,1,0.94433296,1,challenge_12_final_stacking_colab
6989,1,0.99365824,1,challenge_12_final_stacking_colab
6990,1,0.774167,1,challenge_12_final_stacking_colab
6991,1,0.7867041,1,challenge_12_final_stacking_colab
6992,1,0.792167,1,challenge_12_final_stacking_colab
6993,0,0.5018321,1,challenge_12_final_stacking_colab
6994,0,0.20949936,0,challenge_12_final_stacking_colab
6995,0,1.0069178e-05,0,challenge_12_final_stacking_colab
6996,1,0.9999922,1,challenge_12_final_stacking_colab
6997,0,0.0080246,0,challenge_12_final_stacking_colab
6998,1,0.7736505,1,challenge_12_final_stacking_colab
6999,0,0.36926472,0,challenge_12_final_stacking_colab
7000,0,0.21548823,0,challenge_12_final_stacking_colab
7001,0,0.42502314,0,challenge_12_final_stacking_colab
7002,0,0.19198346,0,challenge_12_final_stacking_colab
7003,0,3.3838055e-06,0,challenge_12_final_stacking_colab
7004,0,0.21444695,0,challenge_12_final_stacking_colab
7005,1,0.9861322,1,challenge_12_final_stacking_colab
7006,0,0.4269259,0,challenge_12_final_stacking_colab
7007,1,0.99999666,1,challenge_12_final_stacking_colab
7008,1,0.9999998,1,challenge_12_final_stacking_colab
7009,0,0.027468985,0,challenge_12_final_stacking_colab
7010,1,0.80132836,1,challenge_12_final_stacking_colab
7011,0,0.0005071011,0,challenge_12_final_stacking_colab
7012,1,0.9847785,1,challenge_12_final_stacking_colab
7013,0,0.005058973,0,challenge_12_final_stacking_colab
7014,0,1.73946e-05,0,challenge_12_final_stacking_colab
7015,1,0.9999993,1,challenge_12_final_stacking_colab
7016,0,0.01987846,0,challenge_12_final_stacking_colab
7017,1,0.77748376,1,challenge_12_final_stacking_colab
7018,0,0.0069624134,0,challenge_12_final_stacking_colab
7019,1,0.7850781,1,challenge_12_final_stacking_colab
7020,1,0.99327266,1,challenge_12_final_stacking_colab
7021,1,0.8398857,1,challenge_12_final_stacking_colab
7022,1,0.8140701,1,challenge_12_final_stacking_colab
7023,1,0.9939285,1,challenge_12_final_stacking_colab
7024,0,0.21606603,0,challenge_12_final_stacking_colab
7025,1,0.9956133,1,challenge_12_final_stacking_colab
7026,0,0.028121198,0,challenge_12_final_stacking_colab
7027,1,0.78500116,1,challenge_12_final_stacking_colab
7028,0,0.20988049,0,challenge_12_final_stacking_colab
7029,1,0.99352276,1,challenge_12_final_stacking_colab
7030,0,0.029411294,0,challenge_12_final_stacking_colab
7031,0,1.0691426e-06,0,challenge_12_final_stacking_colab
7032,0,1.0931617e-05,0,challenge_12_final_stacking_colab
7033,0,0.21054603,0,challenge_12_final_stacking_colab
7034,0,0.21384129,0,challenge_12_final_stacking_colab
7035,1,0.9588974,1,challenge_12_final_stacking_colab
7036,1,0.9720526,1,challenge_12_final_stacking_colab
7037,1,0.94894487,1,challenge_12_final_stacking_colab
7038,1,0.78435457,1,challenge_12_final_stacking_colab
7039,0,0.20876442,0,challenge_12_final_stacking_colab
7040,0,0.00012826394,0,challenge_12_final_stacking_colab
7041,1,0.99719244,1,challenge_12_final_stacking_colab
7042,1,0.98023164,1,challenge_12_final_stacking_colab
7043,1,0.7914509,1,challenge_12_final_stacking_colab
7044,1,0.802105,1,challenge_12_final_stacking_colab
7045,1,0.9999948,1,challenge_12_final_stacking_colab
7046,1,0.78740853,1,challenge_12_final_stacking_colab
7047,1,0.77137613,1,challenge_12_final_stacking_colab
7048,1,0.99090743,1,challenge_12_final_stacking_colab
7049,1,0.78687286,1,challenge_12_final_stacking_colab
7050,1,0.49983802,1,challenge_12_final_stacking_colab
7051,0,0.0070436127,0,challenge_12_final_stacking_colab
7052,0,0.0024103925,0,challenge_12_final_stacking_colab
7053,1,0.70971864,1,challenge_12_final_stacking_colab
7054,0,0.0025347588,0,challenge_12_final_stacking_colab
7055,1,0.7740973,1,challenge_12_final_stacking_colab
7056,1,0.43655542,0,challenge_12_final_stacking_colab
7057,1,0.985783,1,challenge_12_final_stacking_colab
7058,0,0.0014487447,0,challenge_12_final_stacking_colab
7059,1,0.97626275,1,challenge_12_final_stacking_colab
7060,1,0.9999979,1,challenge_12_final_stacking_colab
7061,0,0.004807541,0,challenge_12_final_stacking_colab
7062,1,0.9999989,1,challenge_12_final_stacking_colab
7063,1,0.99999857,1,challenge_12_final_stacking_colab
7064,0,0.04717553,0,challenge_12_final_stacking_colab
7065,0,0.057393666,0,challenge_12_final_stacking_colab
7066,1,0.7773887,1,challenge_12_final_stacking_colab
7067,1,0.99312896,1,challenge_12_final_stacking_colab
7068,0,0.20575267,0,challenge_12_final_stacking_colab
7069,0,0.010448173,0,challenge_12_final_stacking_colab
7070,0,0.00014975814,0,challenge_12_final_stacking_colab
7071,0,0.008866591,0,challenge_12_final_stacking_colab
7072,0,0.0042951484,0,challenge_12_final_stacking_colab
7073,0,0.21233094,0,challenge_12_final_stacking_colab
7074,0,0.0038497786,0,challenge_12_final_stacking_colab
7075,1,0.5392606,1,challenge_12_final_stacking_colab
7076,1,0.99999857,1,challenge_12_final_stacking_colab
7077,0,0.27593565,0,challenge_12_final_stacking_colab
7078,1,0.7875913,1,challenge_12_final_stacking_colab
7079,0,0.21030746,0,challenge_12_final_stacking_colab
7080,0,0.281677,0,challenge_12_final_stacking_colab
7081,0,0.0037145712,0,challenge_12_final_stacking_colab
7082,0,0.001624948,0,challenge_12_final_stacking_colab
7083,1,0.72710407,1,challenge_12_final_stacking_colab
7084,0,0.14090748,0,challenge_12_final_stacking_colab
7085,1,0.9972712,1,challenge_12_final_stacking_colab
7086,1,0.6603753,1,challenge_12_final_stacking_colab
7087,0,0.42590553,0,challenge_12_final_stacking_colab
7088,1,0.9979576,1,challenge_12_final_stacking_colab
7089,1,0.8027774,1,challenge_12_final_stacking_colab
7090,0,0.17266071,0,challenge_12_final_stacking_colab
7091,0,0.013802151,0,challenge_12_final_stacking_colab
7092,1,0.9778105,1,challenge_12_final_stacking_colab
7093,1,0.9983195,1,challenge_12_final_stacking_colab
7094,1,0.5475649,1,challenge_12_final_stacking_colab
7095,1,0.99999756,1,challenge_12_final_stacking_colab
7096,1,0.75451887,1,challenge_12_final_stacking_colab
7097,0,0.22473173,0,challenge_12_final_stacking_colab
7098,1,0.9842594,1,challenge_12_final_stacking_colab
7099,1,0.5834916,1,challenge_12_final_stacking_colab
7100,1,0.9976214,1,challenge_12_final_stacking_colab
7101,1,0.9909361,1,challenge_12_final_stacking_colab
7102,1,0.99999994,1,challenge_12_final_stacking_colab
7103,0,0.21485221,0,challenge_12_final_stacking_colab
7104,1,0.7943997,1,challenge_12_final_stacking_colab
7105,0,0.008614802,0,challenge_12_final_stacking_colab
7106,1,0.99216795,1,challenge_12_final_stacking_colab
7107,0,0.21514098,0,challenge_12_final_stacking_colab
7108,0,0.42586222,0,challenge_12_final_stacking_colab
7109,0,0.21776523,0,challenge_12_final_stacking_colab
7110,0,0.00094395626,0,challenge_12_final_stacking_colab
7111,1,0.7694602,1,challenge_12_final_stacking_colab
7112,0,0.002048603,0,challenge_12_final_stacking_colab
7113,1,0.99497646,1,challenge_12_final_stacking_colab
7114,0,0.0030803182,0,challenge_12_final_stacking_colab
7115,1,0.996393,1,challenge_12_final_stacking_colab
7116,1,0.79335904,1,challenge_12_final_stacking_colab
7117,1,0.9999999,1,challenge_12_final_stacking_colab
7118,0,0.0033048543,0,challenge_12_final_stacking_colab
7119,0,0.00015479396,0,challenge_12_final_stacking_colab
7120,1,0.97770303,1,challenge_12_final_stacking_colab
7121,0,0.20794892,0,challenge_12_final_stacking_colab
7122,1,0.98189604,1,challenge_12_final_stacking_colab
7123,0,9.785159e-07,0,challenge_12_final_stacking_colab
7124,1,0.720756,1,challenge_12_final_stacking_colab
7125,0,8.235221e-06,0,challenge_12_final_stacking_colab
7126,1,0.99999833,1,challenge_12_final_stacking_colab
7127,1,0.9849329,1,challenge_12_final_stacking_colab
7128,1,0.7656424,1,challenge_12_final_stacking_colab
7129,0,0.21862528,0,challenge_12_final_stacking_colab
7130,0,0.16902417,0,challenge_12_final_stacking_colab
7131,1,0.7837034,1,challenge_12_final_stacking_colab
7132,1,0.7875925,1,challenge_12_final_stacking_colab
7133,1,0.9947504,1,challenge_12_final_stacking_colab
7134,1,0.7886263,1,challenge_12_final_stacking_colab
7135,0,0.19650091,0,challenge_12_final_stacking_colab
7136,0,0.21246146,0,challenge_12_final_stacking_colab
7137,1,0.990102,1,challenge_12_final_stacking_colab
7138,1,0.6996989,1,challenge_12_final_stacking_colab
7139,1,0.7871161,1,challenge_12_final_stacking_colab
7140,1,0.79708946,1,challenge_12_final_stacking_colab
7141,1,0.8063119,1,challenge_12_final_stacking_colab
7142,1,0.99588794,1,challenge_12_final_stacking_colab
7143,1,0.24028939,0,challenge_12_final_stacking_colab
7144,0,0.82334757,1,challenge_12_final_stacking_colab
7145,0,0.62934995,1,challenge_12_final_stacking_colab
7146,0,0.040958542,0,challenge_12_final_stacking_colab
7147,0,0.2126042,0,challenge_12_final_stacking_colab
7148,0,0.21075082,0,challenge_12_final_stacking_colab
7149,1,0.7790673,1,challenge_12_final_stacking_colab
7150,0,0.01698066,0,challenge_12_final_stacking_colab
7151,0,0.52863127,1,challenge_12_final_stacking_colab
7152,1,0.97807586,1,challenge_12_final_stacking_colab
7153,0,0.2556557,0,challenge_12_final_stacking_colab
7154,1,0.7831884,1,challenge_12_final_stacking_colab
7155,0,0.6854413,1,challenge_12_final_stacking_colab
7156,0,0.0003888008,0,challenge_12_final_stacking_colab
7157,1,0.6673245,1,challenge_12_final_stacking_colab
7158,1,0.7850069,1,challenge_12_final_stacking_colab
7159,0,0.00027664285,0,challenge_12_final_stacking_colab
7160,1,0.9897583,1,challenge_12_final_stacking_colab
7161,0,0.000111367204,0,challenge_12_final_stacking_colab
7162,1,0.9999903,1,challenge_12_final_stacking_colab
7163,1,0.9977806,1,challenge_12_final_stacking_colab
7164,0,0.42505154,0,challenge_12_final_stacking_colab
7165,1,0.9999906,1,challenge_12_final_stacking_colab
7166,0,0.4268131,0,challenge_12_final_stacking_colab
7167,1,0.9309836,1,challenge_12_final_stacking_colab
7168,1,0.7943552,1,challenge_12_final_stacking_colab
7169,1,0.7835106,1,challenge_12_final_stacking_colab
7170,0,2.4235444e-05,0,challenge_12_final_stacking_colab
7171,0,4.6358955e-06,0,challenge_12_final_stacking_colab
7172,1,0.9935898,1,challenge_12_final_stacking_colab
7173,0,0.42500007,0,challenge_12_final_stacking_colab
7174,0,0.049727183,0,challenge_12_final_stacking_colab
7175,0,0.22696266,0,challenge_12_final_stacking_colab
7176,0,0.21183544,0,challenge_12_final_stacking_colab
7177,0,0.0005698675,0,challenge_12_final_stacking_colab
7178,0,0.53030527,1,challenge_12_final_stacking_colab
7179,1,0.7759658,1,challenge_12_final_stacking_colab
7180,1,0.78830236,1,challenge_12_final_stacking_colab
7181,1,0.5049256,1,challenge_12_final_stacking_colab
7182,0,0.19451177,0,challenge_12_final_stacking_colab
7183,0,0.5750091,1,challenge_12_final_stacking_colab
7184,0,0.00046142825,0,challenge_12_final_stacking_colab
7185,1,0.9999998,1,challenge_12_final_stacking_colab
7186,1,0.21605434,0,challenge_12_final_stacking_colab
7187,1,0.7833384,1,challenge_12_final_stacking_colab
7188,0,8.855976e-06,0,challenge_12_final_stacking_colab
7189,0,1.32835485e-05,0,challenge_12_final_stacking_colab
7190,1,0.9803782,1,challenge_12_final_stacking_colab
7191,0,0.42501467,0,challenge_12_final_stacking_colab
7192,0,0.009796175,0,challenge_12_final_stacking_colab
7193,1,0.78740966,1,challenge_12_final_stacking_colab
7194,0,0.048750456,0,challenge_12_final_stacking_colab
7195,1,0.5014558,1,challenge_12_final_stacking_colab
7196,1,0.78885925,1,challenge_12_final_stacking_colab
7197,0,0.21400708,0,challenge_12_final_stacking_colab
7198,0,5.7500007e-08,0,challenge_12_final_stacking_colab
7199,1,0.77900857,1,challenge_12_final_stacking_colab
7200,1,0.98826915,1,challenge_12_final_stacking_colab
7201,0,0.2875,0,challenge_12_final_stacking_colab
7202,1,0.574998,1,challenge_12_final_stacking_colab
7203,0,0.3511574,0,challenge_12_final_stacking_colab
7204,1,0.997381,1,challenge_12_final_stacking_colab
7205,1,0.9748047,1,challenge_12_final_stacking_colab
7206,1,0.9970781,1,challenge_12_final_stacking_colab
7207,0,0.43561473,0,challenge_12_final_stacking_colab
7208,0,8.4018706e-05,0,challenge_12_final_stacking_colab
7209,1,0.9999993,1,challenge_12_final_stacking_colab
7210,1,0.9999951,1,challenge_12_final_stacking_colab
7211,1,0.9931341,1,challenge_12_final_stacking_colab
7212,1,0.99167126,1,challenge_12_final_stacking_colab
7213,0,0.0035231255,0,challenge_12_final_stacking_colab
7214,1,0.9999998,1,challenge_12_final_stacking_colab
7215,1,0.79704607,1,challenge_12_final_stacking_colab
7216,0,0.0001353776,0,challenge_12_final_stacking_colab
7217,0,0.09552745,0,challenge_12_final_stacking_colab
7218,1,0.9999998,1,challenge_12_final_stacking_colab
7219,0,0.2875,0,challenge_12_final_stacking_colab
7220,1,0.9999904,1,challenge_12_final_stacking_colab
7221,0,0.21500717,0,challenge_12_final_stacking_colab
7222,1,0.99225575,1,challenge_12_final_stacking_colab
7223,0,0.001034712,0,challenge_12_final_stacking_colab
7224,1,0.79438496,1,challenge_12_final_stacking_colab
7225,1,0.99463457,1,challenge_12_final_stacking_colab
7226,0,0.08480969,0,challenge_12_final_stacking_colab
7227,0,0.0030609097,0,challenge_12_final_stacking_colab
7228,0,0.00089906366,0,challenge_12_final_stacking_colab
7229,0,0.21007209,0,challenge_12_final_stacking_colab
7230,0,0.0017131532,0,challenge_12_final_stacking_colab
7231,1,0.99999964,1,challenge_12_final_stacking_colab
7232,0,0.00011652171,0,challenge_12_final_stacking_colab
7233,0,0.7970614,1,challenge_12_final_stacking_colab
7234,1,0.5706686,1,challenge_12_final_stacking_colab
7235,1,0.21137944,0,challenge_12_final_stacking_colab
7236,1,0.9451375,1,challenge_12_final_stacking_colab
7237,0,4.720159e-05,0,challenge_12_final_stacking_colab
7238,1,0.7912615,1,challenge_12_final_stacking_colab
7239,1,0.52133566,1,challenge_12_final_stacking_colab
7240,0,0.004139793,0,challenge_12_final_stacking_colab
7241,1,1.0,1,challenge_12_final_stacking_colab
7242,0,7.24851e-05,0,challenge_12_final_stacking_colab
7243,1,0.7769564,1,challenge_12_final_stacking_colab
7244,0,0.0005322645,0,challenge_12_final_stacking_colab
7245,0,0.0009467218,0,challenge_12_final_stacking_colab
7246,0,0.2430911,0,challenge_12_final_stacking_colab
7247,1,0.6488512,1,challenge_12_final_stacking_colab
7248,1,0.79149127,1,challenge_12_final_stacking_colab
7249,1,0.99698967,1,challenge_12_final_stacking_colab
7250,1,0.9924335,1,challenge_12_final_stacking_colab
7251,1,1.0,1,challenge_12_final_stacking_colab
7252,1,0.999998,1,challenge_12_final_stacking_colab
7253,1,0.99743855,1,challenge_12_final_stacking_colab
7254,1,0.9470842,1,challenge_12_final_stacking_colab
7255,1,0.99999934,1,challenge_12_final_stacking_colab
7256,1,0.57499903,1,challenge_12_final_stacking_colab
7257,0,0.4250014,0,challenge_12_final_stacking_colab
7258,0,0.21175636,0,challenge_12_final_stacking_colab
7259,1,0.9916037,1,challenge_12_final_stacking_colab
7260,0,0.21029933,0,challenge_12_final_stacking_colab
7261,0,0.012923,0,challenge_12_final_stacking_colab
7262,1,0.7348178,1,challenge_12_final_stacking_colab
7263,0,0.31584245,0,challenge_12_final_stacking_colab
7264,0,0.26563755,0,challenge_12_final_stacking_colab
7265,0,0.21098459,0,challenge_12_final_stacking_colab
7266,1,0.7963806,1,challenge_12_final_stacking_colab
7267,1,0.9999976,1,challenge_12_final_stacking_colab
7268,1,0.99659675,1,challenge_12_final_stacking_colab
7269,0,0.022325171,0,challenge_12_final_stacking_colab
7270,0,0.0048016934,0,challenge_12_final_stacking_colab
7271,1,0.9999929,1,challenge_12_final_stacking_colab
7272,0,0.21281157,0,challenge_12_final_stacking_colab
7273,1,0.8647458,1,challenge_12_final_stacking_colab
7274,1,0.9913654,1,challenge_12_final_stacking_colab
7275,1,0.7020156,1,challenge_12_final_stacking_colab
7276,1,0.9869568,1,challenge_12_final_stacking_colab
7277,1,0.9737431,1,challenge_12_final_stacking_colab
7278,0,0.035319537,0,challenge_12_final_stacking_colab
7279,1,0.9302541,1,challenge_12_final_stacking_colab
7280,0,0.20631815,0,challenge_12_final_stacking_colab
7281,1,0.80866903,1,challenge_12_final_stacking_colab
7282,1,0.78860164,1,challenge_12_final_stacking_colab
7283,1,0.99664956,1,challenge_12_final_stacking_colab
7284,0,9.694956e-08,0,challenge_12_final_stacking_colab
7285,0,1.1499063e-06,0,challenge_12_final_stacking_colab
7286,1,0.95082855,1,challenge_12_final_stacking_colab
7287,1,0.44236717,0,challenge_12_final_stacking_colab
7288,1,0.9316919,1,challenge_12_final_stacking_colab
7289,0,0.21399705,0,challenge_12_final_stacking_colab
7290,1,0.8087375,1,challenge_12_final_stacking_colab
7291,0,0.0068911933,0,challenge_12_final_stacking_colab
7292,0,0.001774405,0,challenge_12_final_stacking_colab
7293,1,0.8618939,1,challenge_12_final_stacking_colab
7294,1,0.9892003,1,challenge_12_final_stacking_colab
7295,0,0.23435079,0,challenge_12_final_stacking_colab
7296,1,0.7832849,1,challenge_12_final_stacking_colab
7297,1,0.74013644,1,challenge_12_final_stacking_colab
7298,1,0.78525394,1,challenge_12_final_stacking_colab
7299,0,0.21423407,0,challenge_12_final_stacking_colab
7300,0,0.18148544,0,challenge_12_final_stacking_colab
7301,0,0.26040503,0,challenge_12_final_stacking_colab
7302,1,0.99999994,1,challenge_12_final_stacking_colab
7303,1,0.99999857,1,challenge_12_final_stacking_colab
7304,1,0.9902348,1,challenge_12_final_stacking_colab
7305,0,0.034925327,0,challenge_12_final_stacking_colab
7306,0,0.006429332,0,challenge_12_final_stacking_colab
7307,0,0.0060504945,0,challenge_12_final_stacking_colab
7308,0,0.21379045,0,challenge_12_final_stacking_colab
7309,0,3.7955986e-05,0,challenge_12_final_stacking_colab
7310,0,0.22724116,0,challenge_12_final_stacking_colab
7311,1,0.77740216,1,challenge_12_final_stacking_colab
7312,0,0.012082747,0,challenge_12_final_stacking_colab
7313,1,0.9983864,1,challenge_12_final_stacking_colab
7314,0,0.21229866,0,challenge_12_final_stacking_colab
7315,1,0.9999987,1,challenge_12_final_stacking_colab
7316,1,0.9960646,1,challenge_12_final_stacking_colab
7317,1,0.75717604,1,challenge_12_final_stacking_colab
7318,0,0.0029590288,0,challenge_12_final_stacking_colab
7319,0,0.21027043,0,challenge_12_final_stacking_colab
7320,0,0.0015874801,0,challenge_12_final_stacking_colab
7321,0,3.065826e-05,0,challenge_12_final_stacking_colab
7322,1,0.64749485,1,challenge_12_final_stacking_colab
7323,1,0.9975871,1,challenge_12_final_stacking_colab
7324,0,0.21144402,0,challenge_12_final_stacking_colab
7325,1,0.79202217,1,challenge_12_final_stacking_colab
7326,1,0.99241173,1,challenge_12_final_stacking_colab
7327,0,7.3801544e-08,0,challenge_12_final_stacking_colab
7328,0,0.0053652762,0,challenge_12_final_stacking_colab
7329,1,0.9304071,1,challenge_12_final_stacking_colab
7330,0,0.00088246906,0,challenge_12_final_stacking_colab
7331,1,1.0,1,challenge_12_final_stacking_colab
7332,0,0.21215409,0,challenge_12_final_stacking_colab
7333,1,0.7798972,1,challenge_12_final_stacking_colab
7334,0,0.48430023,0,challenge_12_final_stacking_colab
7335,1,0.9941398,1,challenge_12_final_stacking_colab
7336,1,0.78966904,1,challenge_12_final_stacking_colab
7337,1,0.79433846,1,challenge_12_final_stacking_colab
7338,0,0.40713805,0,challenge_12_final_stacking_colab
7339,0,0.20958994,0,challenge_12_final_stacking_colab
7340,0,0.00010906462,0,challenge_12_final_stacking_colab
7341,0,0.4475271,0,challenge_12_final_stacking_colab
7342,0,0.42500305,0,challenge_12_final_stacking_colab
7343,0,0.05816207,0,challenge_12_final_stacking_colab
7344,0,0.0034964208,0,challenge_12_final_stacking_colab
7345,0,0.15331881,0,challenge_12_final_stacking_colab
7346,0,0.00057610037,0,challenge_12_final_stacking_colab
7347,0,0.0073863734,0,challenge_12_final_stacking_colab
7348,1,0.9692614,1,challenge_12_final_stacking_colab
7349,1,0.99999917,1,challenge_12_final_stacking_colab
7350,1,0.94713926,1,challenge_12_final_stacking_colab
7351,1,0.98793685,1,challenge_12_final_stacking_colab
7352,0,0.000820314,0,challenge_12_final_stacking_colab
7353,0,0.2018496,0,challenge_12_final_stacking_colab
7354,1,0.99847585,1,challenge_12_final_stacking_colab
7355,1,0.995746,1,challenge_12_final_stacking_colab
7356,1,0.5635986,1,challenge_12_final_stacking_colab
7357,0,0.0004994477,0,challenge_12_final_stacking_colab
7358,1,0.7860439,1,challenge_12_final_stacking_colab
7359,1,0.9546533,1,challenge_12_final_stacking_colab
7360,0,0.06859754,0,challenge_12_final_stacking_colab
7361,0,0.21276729,0,challenge_12_final_stacking_colab
7362,0,0.21451852,0,challenge_12_final_stacking_colab
7363,1,0.99147373,1,challenge_12_final_stacking_colab
7364,0,0.20746265,0,challenge_12_final_stacking_colab
7365,1,0.55905396,1,challenge_12_final_stacking_colab
7366,1,0.99999833,1,challenge_12_final_stacking_colab
7367,1,0.9693843,1,challenge_12_final_stacking_colab
7368,0,0.00087101513,0,challenge_12_final_stacking_colab
7369,0,0.0053033987,0,challenge_12_final_stacking_colab
7370,0,0.00023137167,0,challenge_12_final_stacking_colab
7371,0,0.20430332,0,challenge_12_final_stacking_colab
7372,1,0.4814772,0,challenge_12_final_stacking_colab
7373,0,0.026343936,0,challenge_12_final_stacking_colab
7374,0,0.018371979,0,challenge_12_final_stacking_colab
7375,1,0.9771773,1,challenge_12_final_stacking_colab
7376,1,0.9447802,1,challenge_12_final_stacking_colab
7377,0,0.0001437214,0,challenge_12_final_stacking_colab
7378,0,0.00037763678,0,challenge_12_final_stacking_colab
7379,1,0.5365291,1,challenge_12_final_stacking_colab
7380,0,0.42518902,0,challenge_12_final_stacking_colab
7381,0,2.898098e-05,0,challenge_12_final_stacking_colab
7382,1,0.75400174,1,challenge_12_final_stacking_colab
7383,1,0.99357134,1,challenge_12_final_stacking_colab
7384,0,0.20242599,0,challenge_12_final_stacking_colab
7385,1,0.9870651,1,challenge_12_final_stacking_colab
7386,0,0.20081995,0,challenge_12_final_stacking_colab
7387,0,0.0058183605,0,challenge_12_final_stacking_colab
7388,0,0.4534536,0,challenge_12_final_stacking_colab
7389,1,0.788497,1,challenge_12_final_stacking_colab
7390,0,0.45803702,0,challenge_12_final_stacking_colab
7391,0,0.42505115,0,challenge_12_final_stacking_colab
7392,0,0.00011105274,0,challenge_12_final_stacking_colab
7393,1,0.8898622,1,challenge_12_final_stacking_colab
7394,1,0.9611813,1,challenge_12_final_stacking_colab
7395,1,0.99999964,1,challenge_12_final_stacking_colab
7396,1,0.9741782,1,challenge_12_final_stacking_colab
7397,0,0.43975875,0,challenge_12_final_stacking_colab
7398,1,0.9999991,1,challenge_12_final_stacking_colab
7399,1,0.9985374,1,challenge_12_final_stacking_colab
7400,0,0.010046008,0,challenge_12_final_stacking_colab
7401,0,0.43722808,0,challenge_12_final_stacking_colab
7402,0,0.21799012,0,challenge_12_final_stacking_colab
7403,1,0.4957228,1,challenge_12_final_stacking_colab
7404,0,0.014567486,0,challenge_12_final_stacking_colab
7405,0,0.21080865,0,challenge_12_final_stacking_colab
7406,0,0.42511618,0,challenge_12_final_stacking_colab
7407,0,0.44936058,0,challenge_12_final_stacking_colab
7408,1,0.74186236,1,challenge_12_final_stacking_colab
7409,0,0.00045576095,0,challenge_12_final_stacking_colab
7410,1,0.99999565,1,challenge_12_final_stacking_colab
7411,0,0.21529563,0,challenge_12_final_stacking_colab
7412,1,0.8585279,1,challenge_12_final_stacking_colab
7413,0,0.0012377908,0,challenge_12_final_stacking_colab
7414,1,0.76054204,1,challenge_12_final_stacking_colab
7415,0,0.030336166,0,challenge_12_final_stacking_colab
7416,0,0.031849064,0,challenge_12_final_stacking_colab
7417,0,0.21195208,0,challenge_12_final_stacking_colab
7418,0,0.21463269,0,challenge_12_final_stacking_colab
7419,1,0.9426927,1,challenge_12_final_stacking_colab
7420,0,0.20820671,0,challenge_12_final_stacking_colab
7421,1,0.95725286,1,challenge_12_final_stacking_colab
7422,0,4.499061e-06,0,challenge_12_final_stacking_colab
7423,1,0.99999887,1,challenge_12_final_stacking_colab
7424,0,0.12463503,0,challenge_12_final_stacking_colab
7425,0,0.00300759,0,challenge_12_final_stacking_colab
7426,1,0.99999976,1,challenge_12_final_stacking_colab
7427,0,0.059155397,0,challenge_12_final_stacking_colab
7428,0,0.0134808915,0,challenge_12_final_stacking_colab
7429,1,0.7716597,1,challenge_12_final_stacking_colab
7430,0,0.19570573,0,challenge_12_final_stacking_colab
7431,0,0.0008393034,0,challenge_12_final_stacking_colab
7432,1,0.9999999,1,challenge_12_final_stacking_colab
7433,1,0.74033934,1,challenge_12_final_stacking_colab
7434,0,0.42155027,0,challenge_12_final_stacking_colab
7435,0,0.057926375,0,challenge_12_final_stacking_colab
7436,1,0.8589008,1,challenge_12_final_stacking_colab
7437,1,0.9999995,1,challenge_12_final_stacking_colab
7438,0,0.20633577,0,challenge_12_final_stacking_colab
7439,1,0.99401695,1,challenge_12_final_stacking_colab
7440,1,0.9983321,1,challenge_12_final_stacking_colab
7441,0,0.21177684,0,challenge_12_final_stacking_colab
7442,1,0.9791405,1,challenge_12_final_stacking_colab
7443,0,0.4341843,0,challenge_12_final_stacking_colab
7444,1,0.7906401,1,challenge_12_final_stacking_colab
7445,0,0.025996089,0,challenge_12_final_stacking_colab
7446,0,1.5333038e-06,0,challenge_12_final_stacking_colab
7447,1,0.98426497,1,challenge_12_final_stacking_colab
7448,0,0.69898266,1,challenge_12_final_stacking_colab
7449,1,0.99798584,1,challenge_12_final_stacking_colab
7450,0,0.2142637,0,challenge_12_final_stacking_colab
7451,1,0.98188406,1,challenge_12_final_stacking_colab
7452,0,0.43595275,0,challenge_12_final_stacking_colab
7453,1,0.9804092,1,challenge_12_final_stacking_colab
7454,1,0.7888562,1,challenge_12_final_stacking_colab
7455,0,0.00054875744,0,challenge_12_final_stacking_colab
7456,0,0.03573708,0,challenge_12_final_stacking_colab
7457,1,0.9896964,1,challenge_12_final_stacking_colab
7458,1,0.993976,1,challenge_12_final_stacking_colab
7459,1,0.77358013,1,challenge_12_final_stacking_colab
7460,0,0.19533168,0,challenge_12_final_stacking_colab
7461,0,0.001651459,0,challenge_12_final_stacking_colab
7462,1,0.7748176,1,challenge_12_final_stacking_colab
7463,0,0.20820384,0,challenge_12_final_stacking_colab
7464,1,0.9999946,1,challenge_12_final_stacking_colab
7465,0,0.014522452,0,challenge_12_final_stacking_colab
7466,0,0.21266791,0,challenge_12_final_stacking_colab
7467,1,0.7526227,1,challenge_12_final_stacking_colab
7468,1,0.9897798,1,challenge_12_final_stacking_colab
7469,0,0.0031742346,0,challenge_12_final_stacking_colab
7470,0,0.0027495527,0,challenge_12_final_stacking_colab
7471,0,0.4250962,0,challenge_12_final_stacking_colab
7472,1,0.9982266,1,challenge_12_final_stacking_colab
7473,0,0.0017420135,0,challenge_12_final_stacking_colab
7474,1,0.9999993,1,challenge_12_final_stacking_colab
7475,1,0.80208963,1,challenge_12_final_stacking_colab
7476,1,0.98762906,1,challenge_12_final_stacking_colab
7477,1,0.78783745,1,challenge_12_final_stacking_colab
7478,1,0.475951,0,challenge_12_final_stacking_colab
7479,1,0.4659112,0,challenge_12_final_stacking_colab
7480,0,0.00020245396,0,challenge_12_final_stacking_colab
7481,1,0.52041626,1,challenge_12_final_stacking_colab
7482,1,1.0,1,challenge_12_final_stacking_colab
7483,0,0.6380737,1,challenge_12_final_stacking_colab
7484,0,0.034930483,0,challenge_12_final_stacking_colab
7485,0,0.22497903,0,challenge_12_final_stacking_colab
7486,0,0.0020067736,0,challenge_12_final_stacking_colab
7487,0,0.0024585684,0,challenge_12_final_stacking_colab
7488,1,0.99999994,1,challenge_12_final_stacking_colab
7489,0,0.22692361,0,challenge_12_final_stacking_colab
7490,0,0.0015113071,0,challenge_12_final_stacking_colab
7491,1,0.9999989,1,challenge_12_final_stacking_colab
7492,0,1.0962816e-05,0,challenge_12_final_stacking_colab
7493,1,0.9913026,1,challenge_12_final_stacking_colab
7494,1,0.99999624,1,challenge_12_final_stacking_colab
7495,1,0.96049124,1,challenge_12_final_stacking_colab
7496,0,0.004352161,0,challenge_12_final_stacking_colab
7497,0,0.24424222,0,challenge_12_final_stacking_colab
7498,0,3.1493564e-05,0,challenge_12_final_stacking_colab
7499,1,0.9922549,1,challenge_12_final_stacking_colab
7500,1,0.97053343,1,challenge_12_final_stacking_colab
7501,0,0.0005042225,0,challenge_12_final_stacking_colab
7502,0,0.00073670765,0,challenge_12_final_stacking_colab
7503,0,0.91453224,1,challenge_12_final_stacking_colab
7504,1,0.9894219,1,challenge_12_final_stacking_colab
7505,1,0.99663883,1,challenge_12_final_stacking_colab
7506,1,0.99625105,1,challenge_12_final_stacking_colab
7507,1,0.7540725,1,challenge_12_final_stacking_colab
7508,1,0.8662623,1,challenge_12_final_stacking_colab
7509,0,0.21290526,0,challenge_12_final_stacking_colab
7510,1,0.9558593,1,challenge_12_final_stacking_colab
7511,1,0.9999929,1,challenge_12_final_stacking_colab
7512,0,0.011799521,0,challenge_12_final_stacking_colab
7513,1,0.78375643,1,challenge_12_final_stacking_colab
7514,1,0.4467209,0,challenge_12_final_stacking_colab
7515,0,0.00010966262,0,challenge_12_final_stacking_colab
7516,1,0.7935158,1,challenge_12_final_stacking_colab
7517,0,0.0002452941,0,challenge_12_final_stacking_colab
7518,0,0.21154168,0,challenge_12_final_stacking_colab
7519,1,0.9983934,1,challenge_12_final_stacking_colab
7520,0,0.009049923,0,challenge_12_final_stacking_colab
7521,1,0.7911604,1,challenge_12_final_stacking_colab
7522,0,0.22966543,0,challenge_12_final_stacking_colab
7523,1,0.4109935,0,challenge_12_final_stacking_colab
7524,0,0.2198819,0,challenge_12_final_stacking_colab
7525,0,0.44768494,0,challenge_12_final_stacking_colab
7526,0,0.0003540199,0,challenge_12_final_stacking_colab
7527,0,0.013771836,0,challenge_12_final_stacking_colab
7528,1,0.7693452,1,challenge_12_final_stacking_colab
7529,0,0.040243648,0,challenge_12_final_stacking_colab
7530,0,0.27741513,0,challenge_12_final_stacking_colab
7531,1,0.94854563,1,challenge_12_final_stacking_colab
7532,0,0.4330561,0,challenge_12_final_stacking_colab
7533,0,0.21501347,0,challenge_12_final_stacking_colab
7534,0,0.00030170975,0,challenge_12_final_stacking_colab
7535,1,0.7641668,1,challenge_12_final_stacking_colab
7536,0,0.43623734,0,challenge_12_final_stacking_colab
7537,1,0.5749952,1,challenge_12_final_stacking_colab
7538,1,0.8931047,1,challenge_12_final_stacking_colab
7539,1,0.9934328,1,challenge_12_final_stacking_colab
7540,0,0.21076272,0,challenge_12_final_stacking_colab
7541,0,0.20602483,0,challenge_12_final_stacking_colab
7542,0,0.023304097,0,challenge_12_final_stacking_colab
7543,0,0.00045879532,0,challenge_12_final_stacking_colab
7544,1,1.0,1,challenge_12_final_stacking_colab
7545,0,0.011644517,0,challenge_12_final_stacking_colab
7546,0,0.20009467,0,challenge_12_final_stacking_colab
7547,1,0.9663821,1,challenge_12_final_stacking_colab
7548,0,0.21125752,0,challenge_12_final_stacking_colab
7549,0,0.428645,0,challenge_12_final_stacking_colab
7550,0,0.00019132529,0,challenge_12_final_stacking_colab
7551,0,0.21841128,0,challenge_12_final_stacking_colab
7552,0,6.882874e-06,0,challenge_12_final_stacking_colab
7553,1,0.99322176,1,challenge_12_final_stacking_colab
7554,0,0.2033438,0,challenge_12_final_stacking_colab
7555,1,0.99999636,1,challenge_12_final_stacking_colab
7556,0,0.21568564,0,challenge_12_final_stacking_colab
7557,0,0.20636888,0,challenge_12_final_stacking_colab
7558,1,0.99007404,1,challenge_12_final_stacking_colab
7559,1,0.6586592,1,challenge_12_final_stacking_colab
7560,1,0.6922579,1,challenge_12_final_stacking_colab
7561,0,0.00073316204,0,challenge_12_final_stacking_colab
7562,1,0.7948277,1,challenge_12_final_stacking_colab
7563,0,1.2531889e-06,0,challenge_12_final_stacking_colab
7564,0,0.21690804,0,challenge_12_final_stacking_colab
7565,0,0.28682116,0,challenge_12_final_stacking_colab
7566,1,0.9752575,1,challenge_12_final_stacking_colab
7567,1,0.99999964,1,challenge_12_final_stacking_colab
7568,0,0.45227203,0,challenge_12_final_stacking_colab
7569,1,0.99999976,1,challenge_12_final_stacking_colab
7570,1,0.9963562,1,challenge_12_final_stacking_colab
7571,1,0.95443636,1,challenge_12_final_stacking_colab
7572,0,0.109281555,0,challenge_12_final_stacking_colab
7573,1,0.995039,1,challenge_12_final_stacking_colab
7574,1,0.9980089,1,challenge_12_final_stacking_colab
7575,1,0.99999994,1,challenge_12_final_stacking_colab
7576,1,0.88001925,1,challenge_12_final_stacking_colab
7577,0,0.44037032,0,challenge_12_final_stacking_colab
7578,0,0.015740389,0,challenge_12_final_stacking_colab
7579,0,0.44335866,0,challenge_12_final_stacking_colab
7580,1,0.470384,0,challenge_12_final_stacking_colab
7581,1,0.8907492,1,challenge_12_final_stacking_colab
7582,0,0.03185241,0,challenge_12_final_stacking_colab
7583,1,0.9999985,1,challenge_12_final_stacking_colab
7584,0,0.00050694664,0,challenge_12_final_stacking_colab
7585,0,0.21182641,0,challenge_12_final_stacking_colab
7586,1,0.9806959,1,challenge_12_final_stacking_colab
7587,1,0.54654783,1,challenge_12_final_stacking_colab
7588,1,0.7380968,1,challenge_12_final_stacking_colab
7589,1,0.9970317,1,challenge_12_final_stacking_colab
7590,1,1.0,1,challenge_12_final_stacking_colab
7591,1,0.7580693,1,challenge_12_final_stacking_colab
7592,0,0.0040987306,0,challenge_12_final_stacking_colab
7593,1,0.9891723,1,challenge_12_final_stacking_colab
7594,1,0.9999998,1,challenge_12_final_stacking_colab
7595,0,0.001570792,0,challenge_12_final_stacking_colab
7596,0,0.00033404384,0,challenge_12_final_stacking_colab
7597,1,0.99772286,1,challenge_12_final_stacking_colab
7598,1,0.9981884,1,challenge_12_final_stacking_colab
7599,0,0.00049867766,0,challenge_12_final_stacking_colab
7600,0,5.7886824e-05,0,challenge_12_final_stacking_colab
7601,1,0.7630799,1,challenge_12_final_stacking_colab
7602,0,0.046770602,0,challenge_12_final_stacking_colab
7603,0,0.00053459173,0,challenge_12_final_stacking_colab
7604,1,0.9073485,1,challenge_12_final_stacking_colab
7605,0,0.18887784,0,challenge_12_final_stacking_colab
7606,0,0.04492229,0,challenge_12_final_stacking_colab
7607,1,0.56702733,1,challenge_12_final_stacking_colab
7608,0,0.20586982,0,challenge_12_final_stacking_colab
7609,1,0.99276966,1,challenge_12_final_stacking_colab
7610,1,0.7810151,1,challenge_12_final_stacking_colab
7611,1,0.9518718,1,challenge_12_final_stacking_colab
7612,1,0.7851145,1,challenge_12_final_stacking_colab
7613,0,0.5475652,1,challenge_12_final_stacking_colab
7614,1,0.7850818,1,challenge_12_final_stacking_colab
7615,1,0.7798976,1,challenge_12_final_stacking_colab
7616,0,0.0017296596,0,challenge_12_final_stacking_colab
7617,1,0.99998945,1,challenge_12_final_stacking_colab
7618,1,0.9909282,1,challenge_12_final_stacking_colab
7619,1,0.77662885,1,challenge_12_final_stacking_colab
7620,0,0.6695029,1,challenge_12_final_stacking_colab
7621,0,0.001945299,0,challenge_12_final_stacking_colab
7622,1,0.78747153,1,challenge_12_final_stacking_colab
7623,1,0.9713969,1,challenge_12_final_stacking_colab
7624,0,0.2140643,0,challenge_12_final_stacking_colab
7625,1,0.80103123,1,challenge_12_final_stacking_colab
7626,1,0.99289477,1,challenge_12_final_stacking_colab
7627,0,0.21366651,0,challenge_12_final_stacking_colab
7628,0,0.21019247,0,challenge_12_final_stacking_colab
7629,1,0.9531286,1,challenge_12_final_stacking_colab
7630,1,0.96745694,1,challenge_12_final_stacking_colab
7631,0,0.05165424,0,challenge_12_final_stacking_colab
7632,1,0.7994557,1,challenge_12_final_stacking_colab
7633,1,0.26499736,0,challenge_12_final_stacking_colab
7634,1,0.88133,1,challenge_12_final_stacking_colab
7635,1,0.9953615,1,challenge_12_final_stacking_colab
7636,0,0.002513402,0,challenge_12_final_stacking_colab
7637,0,0.00065347244,0,challenge_12_final_stacking_colab
7638,1,0.7673931,1,challenge_12_final_stacking_colab
7639,0,0.22069694,0,challenge_12_final_stacking_colab
7640,1,0.7805899,1,challenge_12_final_stacking_colab
7641,0,0.500956,1,challenge_12_final_stacking_colab
7642,1,0.97900873,1,challenge_12_final_stacking_colab
7643,1,0.992719,1,challenge_12_final_stacking_colab
7644,1,0.99999934,1,challenge_12_final_stacking_colab
7645,0,0.20805596,0,challenge_12_final_stacking_colab
7646,0,0.0006388145,0,challenge_12_final_stacking_colab
7647,1,0.9894542,1,challenge_12_final_stacking_colab
7648,0,0.21482307,0,challenge_12_final_stacking_colab
7649,0,0.19573408,0,challenge_12_final_stacking_colab
7650,0,0.18539251,0,challenge_12_final_stacking_colab
7651,1,0.99999183,1,challenge_12_final_stacking_colab
7652,0,0.0044334056,0,challenge_12_final_stacking_colab
7653,0,0.45206752,0,challenge_12_final_stacking_colab
7654,1,0.8009024,1,challenge_12_final_stacking_colab
7655,0,0.1528933,0,challenge_12_final_stacking_colab
7656,1,0.960851,1,challenge_12_final_stacking_colab
7657,1,0.999999,1,challenge_12_final_stacking_colab
7658,0,0.30947033,0,challenge_12_final_stacking_colab
7659,0,0.8845206,1,challenge_12_final_stacking_colab
7660,1,0.75637436,1,challenge_12_final_stacking_colab
7661,1,0.9710696,1,challenge_12_final_stacking_colab
7662,1,0.98291206,1,challenge_12_final_stacking_colab
7663,1,0.9999994,1,challenge_12_final_stacking_colab
7664,1,0.93889254,1,challenge_12_final_stacking_colab
7665,1,0.9907842,1,challenge_12_final_stacking_colab
7666,1,0.75770986,1,challenge_12_final_stacking_colab
7667,0,0.005659224,0,challenge_12_final_stacking_colab
7668,0,7.2768864e-07,0,challenge_12_final_stacking_colab
7669,1,0.9999967,1,challenge_12_final_stacking_colab
7670,1,0.9999994,1,challenge_12_final_stacking_colab
7671,1,0.57349706,1,challenge_12_final_stacking_colab
7672,1,0.934284,1,challenge_12_final_stacking_colab
7673,1,0.77273476,1,challenge_12_final_stacking_colab
7674,1,0.9999998,1,challenge_12_final_stacking_colab
7675,1,0.70341265,1,challenge_12_final_stacking_colab
7676,1,0.48603502,0,challenge_12_final_stacking_colab
7677,1,0.8586702,1,challenge_12_final_stacking_colab
7678,0,0.1787272,0,challenge_12_final_stacking_colab
7679,1,0.9961428,1,challenge_12_final_stacking_colab
7680,1,0.99513566,1,challenge_12_final_stacking_colab
7681,0,0.01709903,0,challenge_12_final_stacking_colab
7682,0,0.21083769,0,challenge_12_final_stacking_colab
7683,1,0.99706006,1,challenge_12_final_stacking_colab
7684,1,0.7843715,1,challenge_12_final_stacking_colab
7685,0,0.30876994,0,challenge_12_final_stacking_colab
7686,1,0.9912724,1,challenge_12_final_stacking_colab
7687,1,0.9877532,1,challenge_12_final_stacking_colab
7688,1,0.95813745,1,challenge_12_final_stacking_colab
7689,1,0.70159113,1,challenge_12_final_stacking_colab
7690,0,0.21597166,0,challenge_12_final_stacking_colab
7691,0,0.21346758,0,challenge_12_final_stacking_colab
7692,1,0.7923345,1,challenge_12_final_stacking_colab
7693,1,0.8046333,1,challenge_12_final_stacking_colab
7694,0,0.012852902,0,challenge_12_final_stacking_colab
7695,0,0.040033404,0,challenge_12_final_stacking_colab
7696,0,0.0119107785,0,challenge_12_final_stacking_colab
7697,1,0.9917643,1,challenge_12_final_stacking_colab
7698,0,0.20063102,0,challenge_12_final_stacking_colab
7699,1,0.73517776,1,challenge_12_final_stacking_colab
7700,0,0.4737497,0,challenge_12_final_stacking_colab
7701,0,0.010814625,0,challenge_12_final_stacking_colab
7702,1,0.99369204,1,challenge_12_final_stacking_colab
7703,1,0.72458375,1,challenge_12_final_stacking_colab
7704,0,0.43997133,0,challenge_12_final_stacking_colab
7705,1,0.99256337,1,challenge_12_final_stacking_colab
7706,0,0.00031601812,0,challenge_12_final_stacking_colab
7707,1,0.91986006,1,challenge_12_final_stacking_colab
7708,1,0.9958388,1,challenge_12_final_stacking_colab
7709,0,0.008323871,0,challenge_12_final_stacking_colab
7710,0,0.00016162467,0,challenge_12_final_stacking_colab
7711,1,0.9904033,1,challenge_12_final_stacking_colab
7712,0,0.26608196,0,challenge_12_final_stacking_colab
7713,1,0.5583592,1,challenge_12_final_stacking_colab
7714,0,0.015779195,0,challenge_12_final_stacking_colab
7715,0,0.007043813,0,challenge_12_final_stacking_colab
7716,1,0.60090786,1,challenge_12_final_stacking_colab
7717,0,0.42500007,0,challenge_12_final_stacking_colab
7718,1,0.9947194,1,challenge_12_final_stacking_colab
7719,0,0.22952418,0,challenge_12_final_stacking_colab
7720,1,0.99999964,1,challenge_12_final_stacking_colab
7721,1,0.7855135,1,challenge_12_final_stacking_colab
7722,1,0.83956796,1,challenge_12_final_stacking_colab
7723,0,0.7140072,1,challenge_12_final_stacking_colab
7724,0,0.39517763,0,challenge_12_final_stacking_colab
7725,0,0.20344044,0,challenge_12_final_stacking_colab
7726,0,0.42613855,0,challenge_12_final_stacking_colab
7727,1,0.99240404,1,challenge_12_final_stacking_colab
7728,0,0.00083040766,0,challenge_12_final_stacking_colab
7729,1,0.95949596,1,challenge_12_final_stacking_colab
7730,1,0.99999565,1,challenge_12_final_stacking_colab
7731,1,0.57104367,1,challenge_12_final_stacking_colab
7732,1,0.79539955,1,challenge_12_final_stacking_colab
7733,0,0.0060896,0,challenge_12_final_stacking_colab
7734,1,0.9780646,1,challenge_12_final_stacking_colab
7735,0,0.21124154,0,challenge_12_final_stacking_colab
7736,1,0.77129453,1,challenge_12_final_stacking_colab
7737,1,0.99999964,1,challenge_12_final_stacking_colab
7738,1,0.9832671,1,challenge_12_final_stacking_colab
7739,1,0.8347778,1,challenge_12_final_stacking_colab
7740,0,4.0647856e-06,0,challenge_12_final_stacking_colab
7741,1,0.99999994,1,challenge_12_final_stacking_colab
7742,1,0.9999946,1,challenge_12_final_stacking_colab
7743,1,0.99999857,1,challenge_12_final_stacking_colab
7744,1,0.9999998,1,challenge_12_final_stacking_colab
7745,0,0.000939241,0,challenge_12_final_stacking_colab
7746,1,0.9314353,1,challenge_12_final_stacking_colab
7747,0,0.0009029683,0,challenge_12_final_stacking_colab
7748,0,5.7500007e-08,0,challenge_12_final_stacking_colab
7749,0,0.21433079,0,challenge_12_final_stacking_colab
7750,1,0.9934707,1,challenge_12_final_stacking_colab
7751,0,0.00071066996,0,challenge_12_final_stacking_colab
7752,0,0.0011836365,0,challenge_12_final_stacking_colab
7753,0,0.23014581,0,challenge_12_final_stacking_colab
7754,1,0.63161635,1,challenge_12_final_stacking_colab
7755,0,0.4791542,0,challenge_12_final_stacking_colab
7756,0,4.020575e-06,0,challenge_12_final_stacking_colab
7757,0,0.19501866,0,challenge_12_final_stacking_colab
7758,0,0.22211915,0,challenge_12_final_stacking_colab
7759,0,0.03809548,0,challenge_12_final_stacking_colab
7760,0,0.032274704,0,challenge_12_final_stacking_colab
7761,1,0.99847996,1,challenge_12_final_stacking_colab
7762,0,0.8021244,1,challenge_12_final_stacking_colab
7763,1,0.9722187,1,challenge_12_final_stacking_colab
7764,0,0.9028532,1,challenge_12_final_stacking_colab
7765,0,0.21161035,0,challenge_12_final_stacking_colab
7766,1,0.87669563,1,challenge_12_final_stacking_colab
7767,0,0.42531103,0,challenge_12_final_stacking_colab
7768,1,0.99999946,1,challenge_12_final_stacking_colab
7769,0,0.0003969492,0,challenge_12_final_stacking_colab
7770,1,0.99679935,1,challenge_12_final_stacking_colab
7771,1,0.9930765,1,challenge_12_final_stacking_colab
7772,0,0.63373435,1,challenge_12_final_stacking_colab
7773,0,0.22976251,0,challenge_12_final_stacking_colab
7774,1,0.7927732,1,challenge_12_final_stacking_colab
7775,1,0.98538584,1,challenge_12_final_stacking_colab
7776,0,0.023093095,0,challenge_12_final_stacking_colab
7777,1,0.9984894,1,challenge_12_final_stacking_colab
7778,0,0.17074855,0,challenge_12_final_stacking_colab
7779,1,0.96965337,1,challenge_12_final_stacking_colab
7780,1,0.9999999,1,challenge_12_final_stacking_colab
7781,1,0.96843743,1,challenge_12_final_stacking_colab
7782,0,0.0067089857,0,challenge_12_final_stacking_colab
7783,0,0.0004293303,0,challenge_12_final_stacking_colab
7784,0,0.00078609935,0,challenge_12_final_stacking_colab
7785,0,0.3516793,0,challenge_12_final_stacking_colab
7786,0,0.27101448,0,challenge_12_final_stacking_colab
7787,0,0.0010883728,0,challenge_12_final_stacking_colab
7788,0,9.4271845e-06,0,challenge_12_final_stacking_colab
7789,0,3.4617115e-05,0,challenge_12_final_stacking_colab
7790,1,0.73774457,1,challenge_12_final_stacking_colab
7791,1,0.9999994,1,challenge_12_final_stacking_colab
7792,1,0.9999954,1,challenge_12_final_stacking_colab
7793,0,0.45067063,0,challenge_12_final_stacking_colab
7794,0,7.5971534e-06,0,challenge_12_final_stacking_colab
7795,1,0.99999607,1,challenge_12_final_stacking_colab
7796,1,0.99304295,1,challenge_12_final_stacking_colab
7797,1,0.52784085,1,challenge_12_final_stacking_colab
7798,1,0.99999875,1,challenge_12_final_stacking_colab
7799,1,0.9999998,1,challenge_12_final_stacking_colab
7800,1,0.9820218,1,challenge_12_final_stacking_colab
7801,1,0.99999994,1,challenge_12_final_stacking_colab
7802,0,0.4252161,0,challenge_12_final_stacking_colab
7803,0,0.00075058494,0,challenge_12_final_stacking_colab
7804,0,0.44409072,0,challenge_12_final_stacking_colab
7805,1,0.8152081,1,challenge_12_final_stacking_colab
7806,1,0.5581229,1,challenge_12_final_stacking_colab
7807,0,0.5082033,1,challenge_12_final_stacking_colab
7808,1,0.99220103,1,challenge_12_final_stacking_colab
7809,1,0.76596844,1,challenge_12_final_stacking_colab
7810,0,0.18110351,0,challenge_12_final_stacking_colab
7811,0,0.77120954,1,challenge_12_final_stacking_colab
7812,1,0.9999995,1,challenge_12_final_stacking_colab
7813,0,0.43153536,0,challenge_12_final_stacking_colab
7814,0,0.000465796,0,challenge_12_final_stacking_colab
7815,0,6.639789e-05,0,challenge_12_final_stacking_colab
7816,1,0.5749943,1,challenge_12_final_stacking_colab
7817,0,6.813029e-06,0,challenge_12_final_stacking_colab
7818,0,0.2570205,0,challenge_12_final_stacking_colab
7819,1,0.7868482,1,challenge_12_final_stacking_colab
7820,1,0.9899987,1,challenge_12_final_stacking_colab
7821,1,0.7890556,1,challenge_12_final_stacking_colab
7822,1,0.99999964,1,challenge_12_final_stacking_colab
7823,1,0.99999994,1,challenge_12_final_stacking_colab
7824,1,0.78893775,1,challenge_12_final_stacking_colab
7825,1,0.99999994,1,challenge_12_final_stacking_colab
7826,1,0.5749917,1,challenge_12_final_stacking_colab
7827,0,0.20844722,0,challenge_12_final_stacking_colab
7828,1,0.7972047,1,challenge_12_final_stacking_colab
7829,0,0.004501531,0,challenge_12_final_stacking_colab
7830,1,0.7853623,1,challenge_12_final_stacking_colab
7831,1,0.7860155,1,challenge_12_final_stacking_colab
7832,1,0.92139614,1,challenge_12_final_stacking_colab
7833,1,0.9999933,1,challenge_12_final_stacking_colab
7834,0,0.039254192,0,challenge_12_final_stacking_colab
7835,0,0.38848373,0,challenge_12_final_stacking_colab
7836,1,0.7532062,1,challenge_12_final_stacking_colab
7837,0,0.20455217,0,challenge_12_final_stacking_colab
7838,1,0.99999905,1,challenge_12_final_stacking_colab
7839,0,0.5836323,1,challenge_12_final_stacking_colab
7840,1,0.57499504,1,challenge_12_final_stacking_colab
7841,0,0.20512563,0,challenge_12_final_stacking_colab
7842,0,0.0009988577,0,challenge_12_final_stacking_colab
7843,1,0.99587053,1,challenge_12_final_stacking_colab
7844,1,0.9978449,1,challenge_12_final_stacking_colab
7845,0,0.005208216,0,challenge_12_final_stacking_colab
7846,0,0.21381554,0,challenge_12_final_stacking_colab
7847,1,0.7752411,1,challenge_12_final_stacking_colab
7848,0,0.4826161,0,challenge_12_final_stacking_colab
7849,1,0.79099315,1,challenge_12_final_stacking_colab
7850,1,0.99999994,1,challenge_12_final_stacking_colab
7851,1,0.9413281,1,challenge_12_final_stacking_colab
7852,1,0.8605895,1,challenge_12_final_stacking_colab
7853,0,0.0016785079,0,challenge_12_final_stacking_colab
7854,1,0.9999945,1,challenge_12_final_stacking_colab
7855,1,0.9999993,1,challenge_12_final_stacking_colab
7856,1,0.9999947,1,challenge_12_final_stacking_colab
7857,1,0.87287277,1,challenge_12_final_stacking_colab
7858,0,0.21504015,0,challenge_12_final_stacking_colab
7859,0,0.20113002,0,challenge_12_final_stacking_colab
7860,1,0.9903168,1,challenge_12_final_stacking_colab
7861,1,0.9999909,1,challenge_12_final_stacking_colab
7862,1,0.7798146,1,challenge_12_final_stacking_colab
7863,0,0.43828875,0,challenge_12_final_stacking_colab
7864,1,0.7889364,1,challenge_12_final_stacking_colab
7865,1,0.7954059,1,challenge_12_final_stacking_colab
7866,1,0.77839124,1,challenge_12_final_stacking_colab
7867,1,0.88770986,1,challenge_12_final_stacking_colab
7868,0,0.42832074,0,challenge_12_final_stacking_colab
7869,1,0.9900114,1,challenge_12_final_stacking_colab
7870,0,0.21676391,0,challenge_12_final_stacking_colab
7871,1,0.99753195,1,challenge_12_final_stacking_colab
7872,1,0.98762465,1,challenge_12_final_stacking_colab
7873,0,0.21032816,0,challenge_12_final_stacking_colab
7874,1,0.9876508,1,challenge_12_final_stacking_colab
7875,1,0.87147254,1,challenge_12_final_stacking_colab
7876,0,0.0030246559,0,challenge_12_final_stacking_colab
7877,0,0.001925239,0,challenge_12_final_stacking_colab
7878,0,0.6730703,1,challenge_12_final_stacking_colab
7879,1,0.54065,1,challenge_12_final_stacking_colab
7880,1,0.99999946,1,challenge_12_final_stacking_colab
7881,0,0.1830954,0,challenge_12_final_stacking_colab
7882,1,0.76241255,1,challenge_12_final_stacking_colab
7883,1,0.99765694,1,challenge_12_final_stacking_colab
7884,1,0.976408,1,challenge_12_final_stacking_colab
7885,0,0.49866164,1,challenge_12_final_stacking_colab
7886,0,0.00013428034,0,challenge_12_final_stacking_colab
7887,1,0.7876961,1,challenge_12_final_stacking_colab
7888,0,0.011250228,0,challenge_12_final_stacking_colab
7889,1,0.9928113,1,challenge_12_final_stacking_colab
7890,0,0.44591364,0,challenge_12_final_stacking_colab
7891,0,0.00044781275,0,challenge_12_final_stacking_colab
7892,0,0.00036860254,0,challenge_12_final_stacking_colab
7893,0,4.3031574e-07,0,challenge_12_final_stacking_colab
7894,1,0.7797995,1,challenge_12_final_stacking_colab
7895,1,0.99804497,1,challenge_12_final_stacking_colab
7896,0,0.23561269,0,challenge_12_final_stacking_colab
7897,1,0.80208015,1,challenge_12_final_stacking_colab
7898,1,0.9824528,1,challenge_12_final_stacking_colab
7899,1,0.9916116,1,challenge_12_final_stacking_colab
7900,1,0.5482871,1,challenge_12_final_stacking_colab
7901,1,0.9943901,1,challenge_12_final_stacking_colab
7902,1,0.9974629,1,challenge_12_final_stacking_colab
7903,1,0.9806541,1,challenge_12_final_stacking_colab
7904,1,0.9999953,1,challenge_12_final_stacking_colab
7905,0,0.00011986897,0,challenge_12_final_stacking_colab
7906,0,0.0008735868,0,challenge_12_final_stacking_colab
7907,0,0.250342,0,challenge_12_final_stacking_colab
7908,1,0.7879635,1,challenge_12_final_stacking_colab
7909,1,0.9776973,1,challenge_12_final_stacking_colab
7910,1,0.9999993,1,challenge_12_final_stacking_colab
7911,1,0.98073745,1,challenge_12_final_stacking_colab
7912,1,0.27156466,0,challenge_12_final_stacking_colab
7913,1,0.9999987,1,challenge_12_final_stacking_colab
7914,0,0.0003720021,0,challenge_12_final_stacking_colab
7915,0,0.030175183,0,challenge_12_final_stacking_colab
7916,0,0.06074854,0,challenge_12_final_stacking_colab
7917,1,0.9999939,1,challenge_12_final_stacking_colab
7918,1,0.67748684,1,challenge_12_final_stacking_colab
7919,1,0.9999993,1,challenge_12_final_stacking_colab
7920,1,0.9999944,1,challenge_12_final_stacking_colab
7921,1,0.95783496,1,challenge_12_final_stacking_colab
7922,0,0.4268404,0,challenge_12_final_stacking_colab
7923,0,0.0051336144,0,challenge_12_final_stacking_colab
7924,0,0.2154903,0,challenge_12_final_stacking_colab
7925,1,0.56733364,1,challenge_12_final_stacking_colab
7926,0,8.723281e-05,0,challenge_12_final_stacking_colab
7927,1,0.7325838,1,challenge_12_final_stacking_colab
7928,1,0.7838237,1,challenge_12_final_stacking_colab
7929,1,0.6402868,1,challenge_12_final_stacking_colab
7930,0,0.22762373,0,challenge_12_final_stacking_colab
7931,1,1.0,1,challenge_12_final_stacking_colab
7932,1,0.99998933,1,challenge_12_final_stacking_colab
7933,0,0.19598077,0,challenge_12_final_stacking_colab
7934,0,0.21298358,0,challenge_12_final_stacking_colab
7935,1,0.77275956,1,challenge_12_final_stacking_colab
7936,0,0.4379347,0,challenge_12_final_stacking_colab
7937,1,0.99238056,1,challenge_12_final_stacking_colab
7938,0,0.0010344866,0,challenge_12_final_stacking_colab
7939,0,0.20475072,0,challenge_12_final_stacking_colab
7940,0,0.23407593,0,challenge_12_final_stacking_colab
7941,1,0.5314349,1,challenge_12_final_stacking_colab
7942,0,0.002306217,0,challenge_12_final_stacking_colab
7943,1,0.99810797,1,challenge_12_final_stacking_colab
7944,1,0.7789988,1,challenge_12_final_stacking_colab
7945,1,0.78968656,1,challenge_12_final_stacking_colab
7946,1,0.9999991,1,challenge_12_final_stacking_colab
7947,0,0.4250013,0,challenge_12_final_stacking_colab
7948,1,0.999999,1,challenge_12_final_stacking_colab
7949,1,0.89900285,1,challenge_12_final_stacking_colab
7950,0,3.2881242e-05,0,challenge_12_final_stacking_colab
7951,0,7.145723e-05,0,challenge_12_final_stacking_colab
7952,1,0.99461555,1,challenge_12_final_stacking_colab
7953,1,0.9922274,1,challenge_12_final_stacking_colab
7954,1,0.9531081,1,challenge_12_final_stacking_colab
7955,1,0.5891786,1,challenge_12_final_stacking_colab
7956,0,0.43033233,0,challenge_12_final_stacking_colab
7957,0,0.26650634,0,challenge_12_final_stacking_colab
7958,1,0.9999988,1,challenge_12_final_stacking_colab
7959,0,6.147685e-06,0,challenge_12_final_stacking_colab
7960,1,0.99547493,1,challenge_12_final_stacking_colab
7961,0,0.035314675,0,challenge_12_final_stacking_colab
7962,0,0.13809212,0,challenge_12_final_stacking_colab
7963,0,8.936175e-05,0,challenge_12_final_stacking_colab
7964,1,0.9969701,1,challenge_12_final_stacking_colab
7965,0,0.20500848,0,challenge_12_final_stacking_colab
7966,1,0.99999994,1,challenge_12_final_stacking_colab
7967,0,0.42522955,0,challenge_12_final_stacking_colab
7968,0,0.5810718,1,challenge_12_final_stacking_colab
7969,1,0.9880078,1,challenge_12_final_stacking_colab
7970,0,3.7457398e-06,0,challenge_12_final_stacking_colab
7971,0,0.21855336,0,challenge_12_final_stacking_colab
7972,1,0.9999921,1,challenge_12_final_stacking_colab
7973,0,0.22209302,0,challenge_12_final_stacking_colab
7974,0,0.21474133,0,challenge_12_final_stacking_colab
7975,0,0.85451525,1,challenge_12_final_stacking_colab
7976,1,0.78298944,1,challenge_12_final_stacking_colab
7977,0,0.1701365,0,challenge_12_final_stacking_colab
7978,1,0.7877946,1,challenge_12_final_stacking_colab
7979,0,0.20537722,0,challenge_12_final_stacking_colab
7980,0,0.48872495,0,challenge_12_final_stacking_colab
7981,0,0.21138673,0,challenge_12_final_stacking_colab
7982,0,1.50380065e-05,0,challenge_12_final_stacking_colab
7983,0,0.01451387,0,challenge_12_final_stacking_colab
7984,0,0.21046281,0,challenge_12_final_stacking_colab
7985,1,0.99670875,1,challenge_12_final_stacking_colab
7986,0,0.22808364,0,challenge_12_final_stacking_colab
7987,0,0.1701409,0,challenge_12_final_stacking_colab
7988,1,0.9999999,1,challenge_12_final_stacking_colab
7989,0,0.4137376,0,challenge_12_final_stacking_colab
7990,1,0.77398235,1,challenge_12_final_stacking_colab
7991,1,0.99750066,1,challenge_12_final_stacking_colab
7992,1,0.1312124,0,challenge_12_final_stacking_colab
7993,0,0.00023590066,0,challenge_12_final_stacking_colab
7994,0,0.00011515244,0,challenge_12_final_stacking_colab
7995,0,0.759093,1,challenge_12_final_stacking_colab
7996,1,0.9847998,1,challenge_12_final_stacking_colab
7997,1,0.7830847,1,challenge_12_final_stacking_colab
7998,1,0.9920973,1,challenge_12_final_stacking_colab
7999,0,0.0026461543,0,challenge_12_final_stacking_colab
8000,1,0.9371859,1,challenge_12_final_stacking_colab
8001,0,0.015222562,0,challenge_12_final_stacking_colab
8002,1,0.9737944,1,challenge_12_final_stacking_colab
8003,0,0.42512357,0,challenge_12_final_stacking_colab
8004,0,1.1577617e-06,0,challenge_12_final_stacking_colab
8005,0,0.2853494,0,challenge_12_final_stacking_colab
8006,0,0.00034428752,0,challenge_12_final_stacking_colab
8007,1,0.9712338,1,challenge_12_final_stacking_colab
8008,1,0.99393827,1,challenge_12_final_stacking_colab
8009,0,0.20361261,0,challenge_12_final_stacking_colab
8010,0,0.0006618119,0,challenge_12_final_stacking_colab
8011,0,0.5679133,1,challenge_12_final_stacking_colab
8012,0,0.19560997,0,challenge_12_final_stacking_colab
8013,1,0.7856343,1,challenge_12_final_stacking_colab
8014,1,0.7548999,1,challenge_12_final_stacking_colab
8015,1,0.7199445,1,challenge_12_final_stacking_colab
8016,1,0.9999999,1,challenge_12_final_stacking_colab
8017,1,0.9900286,1,challenge_12_final_stacking_colab
8018,1,0.71884656,1,challenge_12_final_stacking_colab
8019,0,9.368611e-05,0,challenge_12_final_stacking_colab
8020,0,0.015218059,0,challenge_12_final_stacking_colab
8021,0,8.468572e-06,0,challenge_12_final_stacking_colab
8022,1,0.99495447,1,challenge_12_final_stacking_colab
8023,0,0.00021153635,0,challenge_12_final_stacking_colab
8024,0,0.425217,0,challenge_12_final_stacking_colab
8025,0,0.10717545,0,challenge_12_final_stacking_colab
8026,0,0.19668673,0,challenge_12_final_stacking_colab
8027,0,0.2560378,0,challenge_12_final_stacking_colab
8028,0,6.475218e-06,0,challenge_12_final_stacking_colab
8029,1,0.9954734,1,challenge_12_final_stacking_colab
8030,0,0.20887566,0,challenge_12_final_stacking_colab
8031,1,0.51989716,1,challenge_12_final_stacking_colab
8032,0,0.09578061,0,challenge_12_final_stacking_colab
8033,1,0.77843386,1,challenge_12_final_stacking_colab
8034,1,0.9657931,1,challenge_12_final_stacking_colab
8035,0,1.3217226e-05,0,challenge_12_final_stacking_colab
8036,0,0.026131917,0,challenge_12_final_stacking_colab
8037,0,0.012316299,0,challenge_12_final_stacking_colab
8038,0,0.42614648,0,challenge_12_final_stacking_colab
8039,0,0.009470099,0,challenge_12_final_stacking_colab
8040,1,0.7494387,1,challenge_12_final_stacking_colab
8041,1,0.77910566,1,challenge_12_final_stacking_colab
8042,1,0.7801193,1,challenge_12_final_stacking_colab
8043,1,0.76174563,1,challenge_12_final_stacking_colab
8044,1,0.77649856,1,challenge_12_final_stacking_colab
8045,0,0.23674048,0,challenge_12_final_stacking_colab
8046,0,0.4258587,0,challenge_12_final_stacking_colab
8047,1,0.99999964,1,challenge_12_final_stacking_colab
8048,1,0.9916545,1,challenge_12_final_stacking_colab
8049,0,0.20500572,0,challenge_12_final_stacking_colab
8050,1,0.7691003,1,challenge_12_final_stacking_colab
8051,1,0.5626935,1,challenge_12_final_stacking_colab
8052,1,0.99695355,1,challenge_12_final_stacking_colab
8053,1,0.682459,1,challenge_12_final_stacking_colab
8054,0,0.2165979,0,challenge_12_final_stacking_colab
8055,0,0.008204951,0,challenge_12_final_stacking_colab
8056,0,0.0014199483,0,challenge_12_final_stacking_colab
8057,1,0.2841717,0,challenge_12_final_stacking_colab
8058,0,0.00012244926,0,challenge_12_final_stacking_colab
8059,0,0.27073938,0,challenge_12_final_stacking_colab
8060,0,0.59368104,1,challenge_12_final_stacking_colab
8061,0,0.041994702,0,challenge_12_final_stacking_colab
8062,0,0.000586056,0,challenge_12_final_stacking_colab
8063,0,0.20300122,0,challenge_12_final_stacking_colab
8064,0,0.6664979,1,challenge_12_final_stacking_colab
8065,1,0.9912616,1,challenge_12_final_stacking_colab
8066,1,0.99999315,1,challenge_12_final_stacking_colab
8067,0,0.005129209,0,challenge_12_final_stacking_colab
8068,0,0.008419389,0,challenge_12_final_stacking_colab
8069,0,0.005979543,0,challenge_12_final_stacking_colab
8070,0,0.029359356,0,challenge_12_final_stacking_colab
8071,1,0.99777734,1,challenge_12_final_stacking_colab
8072,1,0.78181374,1,challenge_12_final_stacking_colab
8073,0,0.00023357484,0,challenge_12_final_stacking_colab
8074,1,0.989241,1,challenge_12_final_stacking_colab
8075,0,0.0004680155,0,challenge_12_final_stacking_colab
8076,0,3.6266556e-05,0,challenge_12_final_stacking_colab
8077,1,0.9963955,1,challenge_12_final_stacking_colab
8078,0,0.0001381663,0,challenge_12_final_stacking_colab
8079,1,0.3786354,0,challenge_12_final_stacking_colab
8080,0,0.2134287,0,challenge_12_final_stacking_colab
8081,1,0.9958347,1,challenge_12_final_stacking_colab
8082,1,0.766587,1,challenge_12_final_stacking_colab
8083,1,0.99999905,1,challenge_12_final_stacking_colab
8084,1,0.99998987,1,challenge_12_final_stacking_colab
8085,0,4.1636453e-05,0,challenge_12_final_stacking_colab
8086,0,0.20284854,0,challenge_12_final_stacking_colab
8087,0,5.7500007e-08,0,challenge_12_final_stacking_colab
8088,1,0.92794573,1,challenge_12_final_stacking_colab
8089,1,0.78529125,1,challenge_12_final_stacking_colab
8090,0,0.20936729,0,challenge_12_final_stacking_colab
8091,1,0.99999475,1,challenge_12_final_stacking_colab
8092,1,0.9999993,1,challenge_12_final_stacking_colab
8093,0,0.004815799,0,challenge_12_final_stacking_colab
8094,1,0.9999961,1,challenge_12_final_stacking_colab
8095,1,0.3176151,0,challenge_12_final_stacking_colab
8096,1,0.7841375,1,challenge_12_final_stacking_colab
8097,0,0.6843913,1,challenge_12_final_stacking_colab
8098,0,7.206887e-05,0,challenge_12_final_stacking_colab
8099,1,0.81825095,1,challenge_12_final_stacking_colab
8100,0,0.30276522,0,challenge_12_final_stacking_colab
8101,1,0.9932776,1,challenge_12_final_stacking_colab
8102,1,0.98496103,1,challenge_12_final_stacking_colab
8103,1,0.5732359,1,challenge_12_final_stacking_colab
8104,1,0.96692157,1,challenge_12_final_stacking_colab
8105,0,0.20921241,0,challenge_12_final_stacking_colab
8106,1,0.79313546,1,challenge_12_final_stacking_colab
8107,1,0.9984689,1,challenge_12_final_stacking_colab
8108,1,0.99566877,1,challenge_12_final_stacking_colab
8109,1,0.98636216,1,challenge_12_final_stacking_colab
8110,1,0.86634123,1,challenge_12_final_stacking_colab
8111,0,0.20697445,0,challenge_12_final_stacking_colab
8112,1,0.98192203,1,challenge_12_final_stacking_colab
8113,0,0.46922028,0,challenge_12_final_stacking_colab
8114,1,0.8050892,1,challenge_12_final_stacking_colab
8115,0,0.0010434974,0,challenge_12_final_stacking_colab
8116,1,0.9558038,1,challenge_12_final_stacking_colab
8117,0,0.21879594,0,challenge_12_final_stacking_colab
8118,0,0.19056019,0,challenge_12_final_stacking_colab
8119,1,0.9957619,1,challenge_12_final_stacking_colab
8120,0,0.44474947,0,challenge_12_final_stacking_colab
8121,0,0.19374122,0,challenge_12_final_stacking_colab
8122,1,0.99999994,1,challenge_12_final_stacking_colab
8123,0,2.3346922e-05,0,challenge_12_final_stacking_colab
8124,1,0.98928064,1,challenge_12_final_stacking_colab
8125,1,0.9490729,1,challenge_12_final_stacking_colab
8126,1,0.99855036,1,challenge_12_final_stacking_colab
8127,0,0.21275997,0,challenge_12_final_stacking_colab
8128,0,0.18702675,0,challenge_12_final_stacking_colab
8129,1,0.037786458,0,challenge_12_final_stacking_colab
8130,1,0.76868016,1,challenge_12_final_stacking_colab
8131,1,0.9965133,1,challenge_12_final_stacking_colab
8132,0,0.00082883984,0,challenge_12_final_stacking_colab
8133,0,0.0068461606,0,challenge_12_final_stacking_colab
8134,0,0.4564095,0,challenge_12_final_stacking_colab
8135,1,0.97515064,1,challenge_12_final_stacking_colab
8136,1,0.56150454,1,challenge_12_final_stacking_colab
8137,0,0.01591538,0,challenge_12_final_stacking_colab
8138,0,0.31990215,0,challenge_12_final_stacking_colab
8139,0,0.42592084,0,challenge_12_final_stacking_colab
8140,1,0.7500744,1,challenge_12_final_stacking_colab
8141,1,0.99999964,1,challenge_12_final_stacking_colab
8142,0,0.21310477,0,challenge_12_final_stacking_colab
8143,1,0.9999995,1,challenge_12_final_stacking_colab
8144,0,0.0005857584,0,challenge_12_final_stacking_colab
8145,0,0.00067361025,0,challenge_12_final_stacking_colab
8146,1,1.0,1,challenge_12_final_stacking_colab
8147,1,0.7837797,1,challenge_12_final_stacking_colab
8148,0,0.00045963866,0,challenge_12_final_stacking_colab
8149,0,0.00016878052,0,challenge_12_final_stacking_colab
8150,0,0.025058737,0,challenge_12_final_stacking_colab
8151,0,0.17529808,0,challenge_12_final_stacking_colab
8152,0,0.011341541,0,challenge_12_final_stacking_colab
8153,0,0.011748239,0,challenge_12_final_stacking_colab
8154,1,0.35893786,0,challenge_12_final_stacking_colab
8155,1,0.99319375,1,challenge_12_final_stacking_colab
8156,0,5.0324248e-05,0,challenge_12_final_stacking_colab
8157,0,0.0054145693,0,challenge_12_final_stacking_colab
8158,0,0.016882721,0,challenge_12_final_stacking_colab
8159,0,0.21380863,0,challenge_12_final_stacking_colab
8160,0,8.637077e-07,0,challenge_12_final_stacking_colab
8161,0,0.42578253,0,challenge_12_final_stacking_colab
8162,0,0.0010629952,0,challenge_12_final_stacking_colab
8163,1,0.7858027,1,challenge_12_final_stacking_colab
8164,0,0.55455893,1,challenge_12_final_stacking_colab
8165,0,0.19109076,0,challenge_12_final_stacking_colab
8166,0,4.4241933e-05,0,challenge_12_final_stacking_colab
8167,0,0.23151009,0,challenge_12_final_stacking_colab
8168,1,0.9663357,1,challenge_12_final_stacking_colab
8169,1,0.7869818,1,challenge_12_final_stacking_colab
8170,0,0.20218162,0,challenge_12_final_stacking_colab
8171,1,0.5730967,1,challenge_12_final_stacking_colab
8172,1,0.86623114,1,challenge_12_final_stacking_colab
8173,0,0.35233265,0,challenge_12_final_stacking_colab
8174,0,0.002958014,0,challenge_12_final_stacking_colab
8175,1,0.9228403,1,challenge_12_final_stacking_colab
8176,0,0.17705457,0,challenge_12_final_stacking_colab
8177,1,0.99853534,1,challenge_12_final_stacking_colab
8178,0,0.00015698184,0,challenge_12_final_stacking_colab
8179,1,0.9971938,1,challenge_12_final_stacking_colab
8180,0,0.021379616,0,challenge_12_final_stacking_colab
8181,0,0.2016897,0,challenge_12_final_stacking_colab
8182,1,0.9729973,1,challenge_12_final_stacking_colab
8183,1,0.574999,1,challenge_12_final_stacking_colab
8184,0,8.429054e-07,0,challenge_12_final_stacking_colab
8185,1,0.94705224,1,challenge_12_final_stacking_colab
8186,1,0.43931857,0,challenge_12_final_stacking_colab
8187,1,0.9502459,1,challenge_12_final_stacking_colab
8188,0,0.20138347,0,challenge_12_final_stacking_colab
8189,1,0.99686515,1,challenge_12_final_stacking_colab
8190,0,3.0236606e-07,0,challenge_12_final_stacking_colab
8191,0,0.0006611609,0,challenge_12_final_stacking_colab
8192,0,0.0026725566,0,challenge_12_final_stacking_colab
8193,1,0.7702268,1,challenge_12_final_stacking_colab
8194,0,0.43302056,0,challenge_12_final_stacking_colab
8195,0,0.000450307,0,challenge_12_final_stacking_colab
8196,0,0.021816444,0,challenge_12_final_stacking_colab
8197,1,0.9983176,1,challenge_12_final_stacking_colab
8198,1,0.98544335,1,challenge_12_final_stacking_colab
8199,1,0.96220946,1,challenge_12_final_stacking_colab
8200,1,0.9746346,1,challenge_12_final_stacking_colab
8201,0,0.3514941,0,challenge_12_final_stacking_colab
8202,1,0.5377941,1,challenge_12_final_stacking_colab
8203,1,0.72265714,1,challenge_12_final_stacking_colab
8204,1,0.9960435,1,challenge_12_final_stacking_colab
8205,0,0.012735892,0,challenge_12_final_stacking_colab
8206,0,0.22140074,0,challenge_12_final_stacking_colab
8207,0,0.29169935,0,challenge_12_final_stacking_colab
8208,0,0.000119091164,0,challenge_12_final_stacking_colab
8209,0,0.11688366,0,challenge_12_final_stacking_colab
8210,1,0.5780144,1,challenge_12_final_stacking_colab
8211,0,0.14392675,0,challenge_12_final_stacking_colab
8212,1,0.9982611,1,challenge_12_final_stacking_colab
8213,0,0.20594217,0,challenge_12_final_stacking_colab
8214,0,0.46401766,0,challenge_12_final_stacking_colab
8215,1,0.98797584,1,challenge_12_final_stacking_colab
8216,0,0.0054531195,0,challenge_12_final_stacking_colab
8217,0,0.00012315522,0,challenge_12_final_stacking_colab
8218,1,0.99999994,1,challenge_12_final_stacking_colab
8219,1,0.9978757,1,challenge_12_final_stacking_colab
8220,0,0.0075072995,0,challenge_12_final_stacking_colab
8221,0,1.2051957e-07,0,challenge_12_final_stacking_colab
8222,1,0.99477625,1,challenge_12_final_stacking_colab
8223,1,0.9999996,1,challenge_12_final_stacking_colab
8224,1,0.9643042,1,challenge_12_final_stacking_colab
8225,0,1.684681e-05,0,challenge_12_final_stacking_colab
8226,1,0.77685326,1,challenge_12_final_stacking_colab
8227,0,0.21319702,0,challenge_12_final_stacking_colab
8228,1,0.9979858,1,challenge_12_final_stacking_colab
8229,1,0.993122,1,challenge_12_final_stacking_colab
8230,1,0.9673991,1,challenge_12_final_stacking_colab
8231,1,0.5314328,1,challenge_12_final_stacking_colab
8232,0,0.00281924,0,challenge_12_final_stacking_colab
8233,1,0.996364,1,challenge_12_final_stacking_colab
8234,1,0.67486095,1,challenge_12_final_stacking_colab
8235,1,0.9797614,1,challenge_12_final_stacking_colab
8236,0,3.050866e-06,0,challenge_12_final_stacking_colab
8237,0,0.19159837,0,challenge_12_final_stacking_colab
8238,1,0.49809352,1,challenge_12_final_stacking_colab
8239,0,0.20317417,0,challenge_12_final_stacking_colab
8240,1,0.9971266,1,challenge_12_final_stacking_colab
8241,1,0.79153484,1,challenge_12_final_stacking_colab
8242,1,0.9999982,1,challenge_12_final_stacking_colab
8243,1,0.9983649,1,challenge_12_final_stacking_colab
8244,1,1.0,1,challenge_12_final_stacking_colab
8245,1,0.9972305,1,challenge_12_final_stacking_colab
8246,0,8.11309e-06,0,challenge_12_final_stacking_colab
8247,1,0.99999464,1,challenge_12_final_stacking_colab
8248,0,0.42810228,0,challenge_12_final_stacking_colab
8249,0,0.013401237,0,challenge_12_final_stacking_colab
8250,1,0.9954647,1,challenge_12_final_stacking_colab
8251,1,0.9841151,1,challenge_12_final_stacking_colab
8252,1,0.4353918,0,challenge_12_final_stacking_colab
8253,1,0.9972659,1,challenge_12_final_stacking_colab
8254,0,0.4356428,0,challenge_12_final_stacking_colab
8255,1,0.9999953,1,challenge_12_final_stacking_colab
8256,1,0.90971154,1,challenge_12_final_stacking_colab
8257,1,0.99999994,1,challenge_12_final_stacking_colab
8258,1,0.38679597,0,challenge_12_final_stacking_colab
8259,0,0.20796117,0,challenge_12_final_stacking_colab
8260,0,0.005502384,0,challenge_12_final_stacking_colab
8261,1,0.9973408,1,challenge_12_final_stacking_colab
8262,0,0.008518138,0,challenge_12_final_stacking_colab
8263,0,0.5505928,1,challenge_12_final_stacking_colab
8264,0,0.52265173,1,challenge_12_final_stacking_colab
8265,1,0.7843605,1,challenge_12_final_stacking_colab
8266,0,0.0018951857,0,challenge_12_final_stacking_colab
8267,0,0.20730075,0,challenge_12_final_stacking_colab
8268,0,0.40528318,0,challenge_12_final_stacking_colab
8269,1,0.40542927,0,challenge_12_final_stacking_colab
8270,1,0.9977942,1,challenge_12_final_stacking_colab
8271,0,0.42763263,0,challenge_12_final_stacking_colab
8272,0,0.008053297,0,challenge_12_final_stacking_colab
8273,1,0.9999998,1,challenge_12_final_stacking_colab
8274,0,0.008263629,0,challenge_12_final_stacking_colab
8275,1,0.99999034,1,challenge_12_final_stacking_colab
8276,1,0.78798044,1,challenge_12_final_stacking_colab
8277,0,0.19231886,0,challenge_12_final_stacking_colab
8278,1,0.68849117,1,challenge_12_final_stacking_colab
8279,1,0.91245234,1,challenge_12_final_stacking_colab
8280,0,0.26492956,0,challenge_12_final_stacking_colab
8281,0,0.0011799452,0,challenge_12_final_stacking_colab
8282,1,0.7311464,1,challenge_12_final_stacking_colab
8283,0,0.061638262,0,challenge_12_final_stacking_colab
8284,1,0.6760905,1,challenge_12_final_stacking_colab
8285,1,0.99396634,1,challenge_12_final_stacking_colab
8286,0,0.19974487,0,challenge_12_final_stacking_colab
8287,1,0.99738246,1,challenge_12_final_stacking_colab
8288,0,2.62906e-07,0,challenge_12_final_stacking_colab
8289,0,5.25939e-06,0,challenge_12_final_stacking_colab
8290,0,0.00016329183,0,challenge_12_final_stacking_colab
8291,0,0.021950036,0,challenge_12_final_stacking_colab
8292,0,0.4271043,0,challenge_12_final_stacking_colab
8293,0,5.7500007e-08,0,challenge_12_final_stacking_colab
8294,0,0.21102312,0,challenge_12_final_stacking_colab
8295,1,0.9897963,1,challenge_12_final_stacking_colab
8296,0,0.20769247,0,challenge_12_final_stacking_colab
8297,1,0.9999987,1,challenge_12_final_stacking_colab
8298,1,0.9324007,1,challenge_12_final_stacking_colab
8299,0,0.0019108685,0,challenge_12_final_stacking_colab
8300,1,0.7159606,1,challenge_12_final_stacking_colab
8301,1,0.44547614,0,challenge_12_final_stacking_colab
8302,0,0.00013293952,0,challenge_12_final_stacking_colab
8303,1,0.8486896,1,challenge_12_final_stacking_colab
8304,0,0.21351568,0,challenge_12_final_stacking_colab
8305,1,0.99800444,1,challenge_12_final_stacking_colab
8306,0,0.25345767,0,challenge_12_final_stacking_colab
8307,1,0.98094434,1,challenge_12_final_stacking_colab
8308,0,0.0007387483,0,challenge_12_final_stacking_colab
8309,1,0.98938227,1,challenge_12_final_stacking_colab
8310,0,0.21141748,0,challenge_12_final_stacking_colab
8311,0,0.4462783,0,challenge_12_final_stacking_colab
8312,1,0.9999968,1,challenge_12_final_stacking_colab
8313,1,0.9999999,1,challenge_12_final_stacking_colab
8314,1,0.99852395,1,challenge_12_final_stacking_colab
8315,0,0.21907024,0,challenge_12_final_stacking_colab
8316,0,0.54081523,1,challenge_12_final_stacking_colab
8317,1,0.7207397,1,challenge_12_final_stacking_colab
8318,1,0.0007763512,0,challenge_12_final_stacking_colab
8319,1,0.9970939,1,challenge_12_final_stacking_colab
8320,1,0.9420559,1,challenge_12_final_stacking_colab
8321,0,0.00018260542,0,challenge_12_final_stacking_colab
8322,0,0.009972272,0,challenge_12_final_stacking_colab
8323,0,0.0034514787,0,challenge_12_final_stacking_colab
8324,1,0.57499945,1,challenge_12_final_stacking_colab
8325,1,0.74361354,1,challenge_12_final_stacking_colab
8326,0,0.0055815447,0,challenge_12_final_stacking_colab
8327,0,0.0002970388,0,challenge_12_final_stacking_colab
8328,1,0.60024786,1,challenge_12_final_stacking_colab
8329,0,2.8834772e-06,0,challenge_12_final_stacking_colab
8330,0,0.002264624,0,challenge_12_final_stacking_colab
8331,0,0.7959954,1,challenge_12_final_stacking_colab
8332,0,2.1989783e-05,0,challenge_12_final_stacking_colab
8333,0,7.572375e-06,0,challenge_12_final_stacking_colab
8334,0,0.4250017,0,challenge_12_final_stacking_colab
8335,0,0.0004682552,0,challenge_12_final_stacking_colab
8336,0,0.0065172915,0,challenge_12_final_stacking_colab
8337,1,0.7804154,1,challenge_12_final_stacking_colab
8338,0,0.19347209,0,challenge_12_final_stacking_colab
8339,1,0.7827261,1,challenge_12_final_stacking_colab
8340,1,0.9966854,1,challenge_12_final_stacking_colab
8341,0,0.34681463,0,challenge_12_final_stacking_colab
8342,0,0.0048055085,0,challenge_12_final_stacking_colab
8343,0,0.025567643,0,challenge_12_final_stacking_colab
8344,1,0.83812976,1,challenge_12_final_stacking_colab
8345,1,0.9945734,1,challenge_12_final_stacking_colab
8346,0,0.21755506,0,challenge_12_final_stacking_colab
8347,0,0.015449871,0,challenge_12_final_stacking_colab
8348,0,0.42509305,0,challenge_12_final_stacking_colab
8349,1,0.9999989,1,challenge_12_final_stacking_colab
8350,0,0.6273526,1,challenge_12_final_stacking_colab
8351,1,0.99041975,1,challenge_12_final_stacking_colab
8352,0,0.21355046,0,challenge_12_final_stacking_colab
8353,1,0.83744365,1,challenge_12_final_stacking_colab
8354,1,0.99825877,1,challenge_12_final_stacking_colab
8355,1,0.78014547,1,challenge_12_final_stacking_colab
8356,0,0.57133704,1,challenge_12_final_stacking_colab
8357,1,0.9215676,1,challenge_12_final_stacking_colab
8358,0,0.20717064,0,challenge_12_final_stacking_colab
8359,1,0.78365564,1,challenge_12_final_stacking_colab
8360,1,0.6461734,1,challenge_12_final_stacking_colab
8361,0,0.00095501996,0,challenge_12_final_stacking_colab
8362,1,0.77037966,1,challenge_12_final_stacking_colab
8363,1,0.87830347,1,challenge_12_final_stacking_colab
8364,1,0.73475474,1,challenge_12_final_stacking_colab
8365,1,0.7903887,1,challenge_12_final_stacking_colab
8366,0,0.008409216,0,challenge_12_final_stacking_colab
8367,1,0.99382514,1,challenge_12_final_stacking_colab
8368,0,0.27725044,0,challenge_12_final_stacking_colab
8369,1,0.9984004,1,challenge_12_final_stacking_colab
8370,1,0.575,1,challenge_12_final_stacking_colab
8371,1,0.99999857,1,challenge_12_final_stacking_colab
8372,0,0.2074294,0,challenge_12_final_stacking_colab
8373,1,0.7896556,1,challenge_12_final_stacking_colab
8374,1,0.99999917,1,challenge_12_final_stacking_colab
8375,1,0.7821731,1,challenge_12_final_stacking_colab
8376,0,0.37252158,0,challenge_12_final_stacking_colab
8377,0,1.1080284e-05,0,challenge_12_final_stacking_colab
8378,0,1.9162531e-05,0,challenge_12_final_stacking_colab
8379,0,0.4425228,0,challenge_12_final_stacking_colab
8380,0,0.020157613,0,challenge_12_final_stacking_colab
8381,0,0.21674381,0,challenge_12_final_stacking_colab
8382,1,0.96281374,1,challenge_12_final_stacking_colab
8383,1,0.9982945,1,challenge_12_final_stacking_colab
8384,0,0.42857167,0,challenge_12_final_stacking_colab
8385,0,0.22639114,0,challenge_12_final_stacking_colab
8386,0,0.47198078,0,challenge_12_final_stacking_colab
8387,1,0.9930181,1,challenge_12_final_stacking_colab
8388,0,0.2810153,0,challenge_12_final_stacking_colab
8389,0,0.24998873,0,challenge_12_final_stacking_colab
8390,1,0.99811375,1,challenge_12_final_stacking_colab
8391,1,0.9999896,1,challenge_12_final_stacking_colab
8392,1,0.58206767,1,challenge_12_final_stacking_colab
8393,0,0.22024284,0,challenge_12_final_stacking_colab
8394,1,0.4172351,0,challenge_12_final_stacking_colab
8395,0,0.2782626,0,challenge_12_final_stacking_colab
8396,1,0.77960324,1,challenge_12_final_stacking_colab
8397,0,0.4649403,0,challenge_12_final_stacking_colab
8398,0,0.20636675,0,challenge_12_final_stacking_colab
8399,0,0.0004617654,0,challenge_12_final_stacking_colab
8400,0,0.22320257,0,challenge_12_final_stacking_colab
8401,1,0.7539626,1,challenge_12_final_stacking_colab
8402,0,0.003119167,0,challenge_12_final_stacking_colab
8403,1,0.99760586,1,challenge_12_final_stacking_colab
8404,1,0.9376279,1,challenge_12_final_stacking_colab
8405,0,0.0025931937,0,challenge_12_final_stacking_colab
8406,0,0.21149391,0,challenge_12_final_stacking_colab
8407,0,0.33547044,0,challenge_12_final_stacking_colab
8408,1,0.99796814,1,challenge_12_final_stacking_colab
8409,0,1.8555547e-05,0,challenge_12_final_stacking_colab
8410,0,0.0018195318,0,challenge_12_final_stacking_colab
8411,0,5.1752563e-06,0,challenge_12_final_stacking_colab
8412,0,0.00023398467,0,challenge_12_final_stacking_colab
8413,0,1.0925176e-06,0,challenge_12_final_stacking_colab
8414,1,0.9950236,1,challenge_12_final_stacking_colab
8415,0,0.20915247,0,challenge_12_final_stacking_colab
8416,1,0.7874373,1,challenge_12_final_stacking_colab
8417,0,0.04388551,0,challenge_12_final_stacking_colab
8418,1,0.6682681,1,challenge_12_final_stacking_colab
8419,0,0.002804893,0,challenge_12_final_stacking_colab
8420,0,8.756432e-06,0,challenge_12_final_stacking_colab
8421,1,0.9836791,1,challenge_12_final_stacking_colab
8422,0,0.42767575,0,challenge_12_final_stacking_colab
8423,0,0.45037824,0,challenge_12_final_stacking_colab
8424,1,0.7888893,1,challenge_12_final_stacking_colab
8425,0,5.7500007e-08,0,challenge_12_final_stacking_colab
8426,0,0.23871659,0,challenge_12_final_stacking_colab
8427,1,0.9385294,1,challenge_12_final_stacking_colab
8428,0,0.18483777,0,challenge_12_final_stacking_colab
8429,1,0.9999998,1,challenge_12_final_stacking_colab
8430,1,0.98474467,1,challenge_12_final_stacking_colab
8431,0,0.20334224,0,challenge_12_final_stacking_colab
8432,0,0.0031484736,0,challenge_12_final_stacking_colab
8433,0,1.7850602e-06,0,challenge_12_final_stacking_colab
8434,1,0.78391916,1,challenge_12_final_stacking_colab
8435,1,1.0,1,challenge_12_final_stacking_colab
8436,1,0.99999976,1,challenge_12_final_stacking_colab
8437,0,0.20991462,0,challenge_12_final_stacking_colab
8438,0,0.27739927,0,challenge_12_final_stacking_colab
8439,0,2.0670102e-05,0,challenge_12_final_stacking_colab
8440,0,0.42505342,0,challenge_12_final_stacking_colab
8441,0,0.1355529,0,challenge_12_final_stacking_colab
8442,0,0.20110777,0,challenge_12_final_stacking_colab
8443,1,0.646841,1,challenge_12_final_stacking_colab
8444,0,0.51424104,1,challenge_12_final_stacking_colab
8445,0,0.22280195,0,challenge_12_final_stacking_colab
8446,1,0.92074865,1,challenge_12_final_stacking_colab
8447,1,0.99555147,1,challenge_12_final_stacking_colab
8448,0,0.00012373403,0,challenge_12_final_stacking_colab
8449,1,0.97157854,1,challenge_12_final_stacking_colab
8450,1,0.993654,1,challenge_12_final_stacking_colab
8451,0,0.003987502,0,challenge_12_final_stacking_colab
8452,1,0.99999887,1,challenge_12_final_stacking_colab
8453,0,0.00015241563,0,challenge_12_final_stacking_colab
8454,0,0.4250006,0,challenge_12_final_stacking_colab
8455,0,0.45633402,0,challenge_12_final_stacking_colab
8456,1,0.99999946,1,challenge_12_final_stacking_colab
8457,1,0.57286215,1,challenge_12_final_stacking_colab
8458,0,0.36740038,0,challenge_12_final_stacking_colab
8459,0,0.00022956397,0,challenge_12_final_stacking_colab
8460,1,0.9642921,1,challenge_12_final_stacking_colab
8461,0,0.00054244546,0,challenge_12_final_stacking_colab
8462,0,0.00082772993,0,challenge_12_final_stacking_colab
8463,0,2.4023817e-07,0,challenge_12_final_stacking_colab
8464,1,0.6647458,1,challenge_12_final_stacking_colab
8465,0,0.08384609,0,challenge_12_final_stacking_colab
8466,1,0.66004467,1,challenge_12_final_stacking_colab
8467,1,0.9685241,1,challenge_12_final_stacking_colab
8468,0,0.002039266,0,challenge_12_final_stacking_colab
8469,0,0.21112008,0,challenge_12_final_stacking_colab
8470,0,5.4690132e-05,0,challenge_12_final_stacking_colab
8471,1,0.51856387,1,challenge_12_final_stacking_colab
8472,0,0.21463236,0,challenge_12_final_stacking_colab
8473,0,0.009987462,0,challenge_12_final_stacking_colab
8474,1,0.4340699,0,challenge_12_final_stacking_colab
8475,1,0.83361214,1,challenge_12_final_stacking_colab
8476,0,3.998066e-05,0,challenge_12_final_stacking_colab
8477,0,0.19450843,0,challenge_12_final_stacking_colab
8478,0,0.015224472,0,challenge_12_final_stacking_colab
8479,1,0.7822226,1,challenge_12_final_stacking_colab
8480,1,0.9960293,1,challenge_12_final_stacking_colab
8481,1,0.9950403,1,challenge_12_final_stacking_colab
8482,1,0.77094185,1,challenge_12_final_stacking_colab
8483,0,0.42500558,0,challenge_12_final_stacking_colab
8484,0,0.00016322725,0,challenge_12_final_stacking_colab
8485,0,0.0015095859,0,challenge_12_final_stacking_colab
8486,0,0.42680192,0,challenge_12_final_stacking_colab
8487,0,0.0063069398,0,challenge_12_final_stacking_colab
8488,0,0.21021979,0,challenge_12_final_stacking_colab
8489,1,0.9905464,1,challenge_12_final_stacking_colab
8490,1,0.9973636,1,challenge_12_final_stacking_colab
8491,1,0.99776447,1,challenge_12_final_stacking_colab
8492,0,0.82513714,1,challenge_12_final_stacking_colab
8493,1,0.9721931,1,challenge_12_final_stacking_colab
8494,1,0.9999987,1,challenge_12_final_stacking_colab
8495,1,0.9920779,1,challenge_12_final_stacking_colab
8496,1,0.9945851,1,challenge_12_final_stacking_colab
8497,1,0.99998945,1,challenge_12_final_stacking_colab
8498,0,0.6559088,1,challenge_12_final_stacking_colab
8499,0,0.21554491,0,challenge_12_final_stacking_colab
8500,1,0.99541503,1,challenge_12_final_stacking_colab
8501,0,0.0018785292,0,challenge_12_final_stacking_colab
8502,0,0.0018280988,0,challenge_12_final_stacking_colab
8503,1,0.99769825,1,challenge_12_final_stacking_colab
8504,1,0.8199657,1,challenge_12_final_stacking_colab
8505,0,0.2198199,0,challenge_12_final_stacking_colab
8506,1,0.99137825,1,challenge_12_final_stacking_colab
8507,1,0.8710099,1,challenge_12_final_stacking_colab
8508,1,0.9968541,1,challenge_12_final_stacking_colab
8509,1,0.9203309,1,challenge_12_final_stacking_colab
8510,1,0.7594469,1,challenge_12_final_stacking_colab
8511,1,0.91575485,1,challenge_12_final_stacking_colab
8512,0,0.21425344,0,challenge_12_final_stacking_colab
8513,0,0.42556098,0,challenge_12_final_stacking_colab
8514,0,5.8452547e-06,0,challenge_12_final_stacking_colab
8515,1,0.57259506,1,challenge_12_final_stacking_colab
8516,1,0.7810947,1,challenge_12_final_stacking_colab
8517,0,4.685657e-05,0,challenge_12_final_stacking_colab
8518,1,0.9420558,1,challenge_12_final_stacking_colab
8519,0,0.0007920279,0,challenge_12_final_stacking_colab
8520,1,0.86886334,1,challenge_12_final_stacking_colab
8521,1,0.99616486,1,challenge_12_final_stacking_colab
8522,0,0.21780841,0,challenge_12_final_stacking_colab
8523,0,0.24626012,0,challenge_12_final_stacking_colab
8524,1,0.7804863,1,challenge_12_final_stacking_colab
8525,1,0.7762813,1,challenge_12_final_stacking_colab
8526,1,0.561236,1,challenge_12_final_stacking_colab
8527,1,0.99438804,1,challenge_12_final_stacking_colab
8528,1,0.9974658,1,challenge_12_final_stacking_colab
8529,0,0.000107073065,0,challenge_12_final_stacking_colab
8530,0,0.501224,1,challenge_12_final_stacking_colab
8531,1,0.7069331,1,challenge_12_final_stacking_colab
8532,1,0.98991734,1,challenge_12_final_stacking_colab
8533,1,0.9571529,1,challenge_12_final_stacking_colab
8534,0,3.071132e-06,0,challenge_12_final_stacking_colab
8535,0,0.0029987078,0,challenge_12_final_stacking_colab
8536,1,0.77804244,1,challenge_12_final_stacking_colab
8537,1,0.57213616,1,challenge_12_final_stacking_colab
8538,1,0.552191,1,challenge_12_final_stacking_colab
8539,1,0.5062665,1,challenge_12_final_stacking_colab
8540,1,0.9999957,1,challenge_12_final_stacking_colab
8541,1,0.99263173,1,challenge_12_final_stacking_colab
8542,0,0.0024809614,0,challenge_12_final_stacking_colab
8543,0,0.061970126,0,challenge_12_final_stacking_colab
8544,1,0.9903393,1,challenge_12_final_stacking_colab
8545,1,0.99999833,1,challenge_12_final_stacking_colab
8546,0,0.27470982,0,challenge_12_final_stacking_colab
8547,0,0.25896242,0,challenge_12_final_stacking_colab
8548,1,0.99999183,1,challenge_12_final_stacking_colab
8549,0,0.42617634,0,challenge_12_final_stacking_colab
8550,1,0.2159574,0,challenge_12_final_stacking_colab
8551,0,0.21939121,0,challenge_12_final_stacking_colab
8552,1,0.9783918,1,challenge_12_final_stacking_colab
8553,1,0.9667528,1,challenge_12_final_stacking_colab
8554,1,0.99999994,1,challenge_12_final_stacking_colab
8555,0,0.0050465385,0,challenge_12_final_stacking_colab
8556,0,0.001213698,0,challenge_12_final_stacking_colab
8557,0,0.21814418,0,challenge_12_final_stacking_colab
8558,0,0.21666706,0,challenge_12_final_stacking_colab
8559,0,0.19872555,0,challenge_12_final_stacking_colab
8560,0,0.21112043,0,challenge_12_final_stacking_colab
8561,0,0.5660403,1,challenge_12_final_stacking_colab
8562,1,0.96282953,1,challenge_12_final_stacking_colab
8563,0,0.001337925,0,challenge_12_final_stacking_colab
8564,1,0.99144375,1,challenge_12_final_stacking_colab
8565,0,0.00015883081,0,challenge_12_final_stacking_colab
8566,0,0.21439146,0,challenge_12_final_stacking_colab
8567,1,0.79457086,1,challenge_12_final_stacking_colab
8568,0,0.036531385,0,challenge_12_final_stacking_colab
8569,1,0.50530636,1,challenge_12_final_stacking_colab
8570,0,0.42505085,0,challenge_12_final_stacking_colab
8571,1,0.9999999,1,challenge_12_final_stacking_colab
8572,0,0.00013952181,0,challenge_12_final_stacking_colab
8573,1,0.88123584,1,challenge_12_final_stacking_colab
8574,1,0.51948667,1,challenge_12_final_stacking_colab
8575,1,0.9972173,1,challenge_12_final_stacking_colab
8576,0,1.2041331e-05,0,challenge_12_final_stacking_colab
8577,1,0.9580862,1,challenge_12_final_stacking_colab
8578,0,0.20894746,0,challenge_12_final_stacking_colab
8579,0,1.09352236e-07,0,challenge_12_final_stacking_colab
8580,1,0.96599007,1,challenge_12_final_stacking_colab
8581,1,0.65480155,1,challenge_12_final_stacking_colab
8582,1,0.9534868,1,challenge_12_final_stacking_colab
8583,0,0.425735,0,challenge_12_final_stacking_colab
8584,1,0.99999917,1,challenge_12_final_stacking_colab
8585,1,0.51071954,1,challenge_12_final_stacking_colab
8586,0,0.00046116646,0,challenge_12_final_stacking_colab
8587,1,0.9931019,1,challenge_12_final_stacking_colab
8588,1,0.9975352,1,challenge_12_final_stacking_colab
8589,0,1.1368434e-05,0,challenge_12_final_stacking_colab
8590,1,0.99999994,1,challenge_12_final_stacking_colab
8591,0,0.19894823,0,challenge_12_final_stacking_colab
8592,1,0.99408907,1,challenge_12_final_stacking_colab
8593,0,0.22858523,0,challenge_12_final_stacking_colab
8594,0,2.6154903e-06,0,challenge_12_final_stacking_colab
8595,0,0.0019882496,0,challenge_12_final_stacking_colab
8596,0,0.20819387,0,challenge_12_final_stacking_colab
8597,0,0.008089953,0,challenge_12_final_stacking_colab
8598,1,0.7676649,1,challenge_12_final_stacking_colab
8599,0,0.21252856,0,challenge_12_final_stacking_colab
8600,1,0.9825683,1,challenge_12_final_stacking_colab
8601,1,0.51551855,1,challenge_12_final_stacking_colab
8602,1,0.35877886,0,challenge_12_final_stacking_colab
8603,0,0.011727549,0,challenge_12_final_stacking_colab
8604,0,0.0056045763,0,challenge_12_final_stacking_colab
8605,1,0.97085637,1,challenge_12_final_stacking_colab
8606,1,0.87654674,1,challenge_12_final_stacking_colab
8607,1,0.5661114,1,challenge_12_final_stacking_colab
8608,1,0.4813962,0,challenge_12_final_stacking_colab
8609,1,0.7741241,1,challenge_12_final_stacking_colab
8610,1,0.7787597,1,challenge_12_final_stacking_colab
8611,1,0.9891889,1,challenge_12_final_stacking_colab
8612,1,0.994309,1,challenge_12_final_stacking_colab
8613,0,0.05751095,0,challenge_12_final_stacking_colab
8614,0,0.013316618,0,challenge_12_final_stacking_colab
8615,0,0.49481046,1,challenge_12_final_stacking_colab
8616,1,0.73876226,1,challenge_12_final_stacking_colab
8617,0,0.3025544,0,challenge_12_final_stacking_colab
8618,0,0.62037694,1,challenge_12_final_stacking_colab
8619,0,0.65666264,1,challenge_12_final_stacking_colab
8620,1,0.7797771,1,challenge_12_final_stacking_colab
8621,1,0.9775302,1,challenge_12_final_stacking_colab
8622,0,0.2166964,0,challenge_12_final_stacking_colab
8623,1,0.22386125,0,challenge_12_final_stacking_colab
8624,0,1.3534794e-05,0,challenge_12_final_stacking_colab
8625,0,0.21331322,0,challenge_12_final_stacking_colab
8626,0,1.6121616e-05,0,challenge_12_final_stacking_colab
8627,0,0.4269261,0,challenge_12_final_stacking_colab
8628,0,0.03426013,0,challenge_12_final_stacking_colab
8629,0,0.089817464,0,challenge_12_final_stacking_colab
8630,1,0.9920328,1,challenge_12_final_stacking_colab
8631,1,0.9999999,1,challenge_12_final_stacking_colab
8632,0,5.7500007e-08,0,challenge_12_final_stacking_colab
8633,1,0.16802497,0,challenge_12_final_stacking_colab
8634,0,0.007883944,0,challenge_12_final_stacking_colab
8635,0,0.21176292,0,challenge_12_final_stacking_colab
8636,1,0.9910373,1,challenge_12_final_stacking_colab
8637,1,0.9984928,1,challenge_12_final_stacking_colab
8638,0,0.20201963,0,challenge_12_final_stacking_colab
8639,0,0.440239,0,challenge_12_final_stacking_colab
8640,1,0.77726483,1,challenge_12_final_stacking_colab
8641,1,0.8671063,1,challenge_12_final_stacking_colab
8642,0,0.218267,0,challenge_12_final_stacking_colab
8643,0,0.11428466,0,challenge_12_final_stacking_colab
8644,1,0.7875501,1,challenge_12_final_stacking_colab
8645,1,0.55907255,1,challenge_12_final_stacking_colab
8646,1,0.99182993,1,challenge_12_final_stacking_colab
8647,1,1.0,1,challenge_12_final_stacking_colab
8648,1,0.78184116,1,challenge_12_final_stacking_colab
8649,1,0.999994,1,challenge_12_final_stacking_colab
8650,1,0.98721296,1,challenge_12_final_stacking_colab
8651,0,0.42523423,0,challenge_12_final_stacking_colab
8652,1,0.9109165,1,challenge_12_final_stacking_colab
8653,0,0.0034588974,0,challenge_12_final_stacking_colab
8654,1,0.9999998,1,challenge_12_final_stacking_colab
8655,0,0.1939569,0,challenge_12_final_stacking_colab
8656,0,0.002365787,0,challenge_12_final_stacking_colab
8657,0,0.42500615,0,challenge_12_final_stacking_colab
8658,0,0.4345185,0,challenge_12_final_stacking_colab
8659,1,0.9642634,1,challenge_12_final_stacking_colab
8660,0,0.22686614,0,challenge_12_final_stacking_colab
8661,1,1.0,1,challenge_12_final_stacking_colab
8662,1,0.78727645,1,challenge_12_final_stacking_colab
8663,1,0.7878345,1,challenge_12_final_stacking_colab
8664,1,0.99999905,1,challenge_12_final_stacking_colab
8665,0,0.58012116,1,challenge_12_final_stacking_colab
8666,0,0.002092976,0,challenge_12_final_stacking_colab
8667,0,0.20530294,0,challenge_12_final_stacking_colab
8668,0,0.5227634,1,challenge_12_final_stacking_colab
8669,0,0.4390325,0,challenge_12_final_stacking_colab
8670,0,0.25904515,0,challenge_12_final_stacking_colab
8671,1,0.6560983,1,challenge_12_final_stacking_colab
8672,0,0.1950918,0,challenge_12_final_stacking_colab
8673,1,0.99999547,1,challenge_12_final_stacking_colab
8674,0,0.20196076,0,challenge_12_final_stacking_colab
8675,0,0.22207223,0,challenge_12_final_stacking_colab
8676,0,0.003475235,0,challenge_12_final_stacking_colab
8677,0,0.61868113,1,challenge_12_final_stacking_colab
8678,1,0.99999976,1,challenge_12_final_stacking_colab
8679,1,0.5806155,1,challenge_12_final_stacking_colab
8680,0,0.42599395,0,challenge_12_final_stacking_colab
8681,1,0.99999994,1,challenge_12_final_stacking_colab
8682,1,0.74519914,1,challenge_12_final_stacking_colab
8683,0,0.00097476516,0,challenge_12_final_stacking_colab
8684,0,2.5710979e-05,0,challenge_12_final_stacking_colab
8685,1,0.9932173,1,challenge_12_final_stacking_colab
8686,1,0.9981308,1,challenge_12_final_stacking_colab
8687,1,0.98935294,1,challenge_12_final_stacking_colab
8688,1,0.7911888,1,challenge_12_final_stacking_colab
8689,0,0.0010421075,0,challenge_12_final_stacking_colab
8690,1,0.99999803,1,challenge_12_final_stacking_colab
8691,1,1.0,1,challenge_12_final_stacking_colab
8692,0,0.19650777,0,challenge_12_final_stacking_colab
8693,1,0.9901353,1,challenge_12_final_stacking_colab
8694,1,0.7683915,1,challenge_12_final_stacking_colab
8695,1,0.9977089,1,challenge_12_final_stacking_colab
8696,0,0.42501387,0,challenge_12_final_stacking_colab
8697,0,0.23801461,0,challenge_12_final_stacking_colab
8698,0,0.22720456,0,challenge_12_final_stacking_colab
8699,1,0.99818295,1,challenge_12_final_stacking_colab
8700,0,0.20943971,0,challenge_12_final_stacking_colab
8701,0,1.6317737e-05,0,challenge_12_final_stacking_colab
8702,1,0.7910949,1,challenge_12_final_stacking_colab
8703,1,0.43127763,0,challenge_12_final_stacking_colab
8704,1,0.99633884,1,challenge_12_final_stacking_colab
8705,1,0.9660706,1,challenge_12_final_stacking_colab
8706,0,0.18679838,0,challenge_12_final_stacking_colab
8707,1,0.9999998,1,challenge_12_final_stacking_colab
8708,0,0.46912,0,challenge_12_final_stacking_colab
8709,0,0.22555868,0,challenge_12_final_stacking_colab
8710,1,0.9975417,1,challenge_12_final_stacking_colab
8711,0,0.013159135,0,challenge_12_final_stacking_colab
8712,1,0.75073904,1,challenge_12_final_stacking_colab
8713,1,0.99999946,1,challenge_12_final_stacking_colab
8714,1,0.5831369,1,challenge_12_final_stacking_colab
8715,1,0.9433764,1,challenge_12_final_stacking_colab
8716,0,0.22130488,0,challenge_12_final_stacking_colab
8717,1,0.9564075,1,challenge_12_final_stacking_colab
8718,1,0.9964974,1,challenge_12_final_stacking_colab
8719,0,0.10828128,0,challenge_12_final_stacking_colab
8720,0,0.0006124587,0,challenge_12_final_stacking_colab
8721,0,0.24721992,0,challenge_12_final_stacking_colab
8722,0,1.3159365e-05,0,challenge_12_final_stacking_colab
8723,1,0.99999166,1,challenge_12_final_stacking_colab
8724,1,0.768956,1,challenge_12_final_stacking_colab
8725,0,0.18516253,0,challenge_12_final_stacking_colab
8726,0,0.028718846,0,challenge_12_final_stacking_colab
8727,1,0.7766931,1,challenge_12_final_stacking_colab
8728,0,0.6997943,1,challenge_12_final_stacking_colab
8729,0,0.13265465,0,challenge_12_final_stacking_colab
8730,1,0.57867956,1,challenge_12_final_stacking_colab
8731,0,0.00071918365,0,challenge_12_final_stacking_colab
8732,0,0.0001589648,0,challenge_12_final_stacking_colab
8733,1,0.98984075,1,challenge_12_final_stacking_colab
8734,0,0.20686118,0,challenge_12_final_stacking_colab
8735,0,0.20580778,0,challenge_12_final_stacking_colab
8736,1,0.76355135,1,challenge_12_final_stacking_colab
8737,1,0.9951786,1,challenge_12_final_stacking_colab
8738,0,0.00024193045,0,challenge_12_final_stacking_colab
8739,0,0.212017,0,challenge_12_final_stacking_colab
8740,1,0.9714327,1,challenge_12_final_stacking_colab
8741,0,0.008987739,0,challenge_12_final_stacking_colab
8742,0,2.9590301e-05,0,challenge_12_final_stacking_colab
8743,1,0.9129633,1,challenge_12_final_stacking_colab
8744,0,0.010670987,0,challenge_12_final_stacking_colab
8745,0,0.019340873,0,challenge_12_final_stacking_colab
8746,1,0.5361914,1,challenge_12_final_stacking_colab
8747,1,0.7798641,1,challenge_12_final_stacking_colab
8748,0,0.0021498501,0,challenge_12_final_stacking_colab
8749,1,0.9976576,1,challenge_12_final_stacking_colab
8750,1,0.9376229,1,challenge_12_final_stacking_colab
8751,1,0.68446624,1,challenge_12_final_stacking_colab
8752,0,0.20824891,0,challenge_12_final_stacking_colab
8753,0,0.0127911735,0,challenge_12_final_stacking_colab
8754,0,2.6220796e-05,0,challenge_12_final_stacking_colab
8755,1,0.95689577,1,challenge_12_final_stacking_colab
8756,0,0.004527608,0,challenge_12_final_stacking_colab
8757,0,1.4602776e-06,0,challenge_12_final_stacking_colab
8758,0,0.22658513,0,challenge_12_final_stacking_colab
8759,1,0.7903481,1,challenge_12_final_stacking_colab
8760,1,0.93300915,1,challenge_12_final_stacking_colab
8761,1,0.9704094,1,challenge_12_final_stacking_colab
8762,0,0.00052761915,0,challenge_12_final_stacking_colab
8763,0,0.7297832,1,challenge_12_final_stacking_colab
8764,0,0.5456977,1,challenge_12_final_stacking_colab
8765,0,0.7125,1,challenge_12_final_stacking_colab
8766,0,0.00079007045,0,challenge_12_final_stacking_colab
8767,1,0.78363484,1,challenge_12_final_stacking_colab
8768,0,0.21141753,0,challenge_12_final_stacking_colab
8769,1,0.5280474,1,challenge_12_final_stacking_colab
8770,0,0.21934094,0,challenge_12_final_stacking_colab
8771,1,0.9921318,1,challenge_12_final_stacking_colab
8772,1,0.7527436,1,challenge_12_final_stacking_colab
8773,1,0.99764067,1,challenge_12_final_stacking_colab
8774,0,0.6340279,1,challenge_12_final_stacking_colab
8775,0,0.0012942519,0,challenge_12_final_stacking_colab
8776,1,0.7498258,1,challenge_12_final_stacking_colab
8777,1,0.9999999,1,challenge_12_final_stacking_colab
8778,0,0.0015560337,0,challenge_12_final_stacking_colab
8779,1,0.7543219,1,challenge_12_final_stacking_colab
8780,1,0.7375457,1,challenge_12_final_stacking_colab
8781,1,0.9833505,1,challenge_12_final_stacking_colab
8782,0,0.15874638,0,challenge_12_final_stacking_colab
8783,1,0.9999892,1,challenge_12_final_stacking_colab
8784,0,1.1752378e-06,0,challenge_12_final_stacking_colab
8785,1,0.7840178,1,challenge_12_final_stacking_colab
8786,1,0.9999998,1,challenge_12_final_stacking_colab
8787,1,0.6998886,1,challenge_12_final_stacking_colab
8788,0,1.696566e-05,0,challenge_12_final_stacking_colab
8789,0,0.0012654276,0,challenge_12_final_stacking_colab
8790,1,0.9945181,1,challenge_12_final_stacking_colab
8791,0,0.02382803,0,challenge_12_final_stacking_colab
8792,1,0.99100727,1,challenge_12_final_stacking_colab
8793,1,0.78789204,1,challenge_12_final_stacking_colab
8794,0,0.26928833,0,challenge_12_final_stacking_colab
8795,1,0.7849583,1,challenge_12_final_stacking_colab
8796,1,1.0,1,challenge_12_final_stacking_colab
8797,0,0.42505047,0,challenge_12_final_stacking_colab
8798,1,0.97238404,1,challenge_12_final_stacking_colab
8799,0,0.27521366,0,challenge_12_final_stacking_colab
8800,0,0.21254721,0,challenge_12_final_stacking_colab
8801,1,0.9349824,1,challenge_12_final_stacking_colab
8802,0,0.21629426,0,challenge_12_final_stacking_colab
8803,1,0.9999925,1,challenge_12_final_stacking_colab
8804,1,0.9221249,1,challenge_12_final_stacking_colab
8805,0,0.21458165,0,challenge_12_final_stacking_colab
8806,0,0.19941969,0,challenge_12_final_stacking_colab
8807,0,0.21724944,0,challenge_12_final_stacking_colab
8808,0,0.0001752598,0,challenge_12_final_stacking_colab
8809,0,0.185834,0,challenge_12_final_stacking_colab
8810,1,0.99999696,1,challenge_12_final_stacking_colab
8811,1,0.6467625,1,challenge_12_final_stacking_colab
8812,1,0.997795,1,challenge_12_final_stacking_colab
8813,0,0.014341124,0,challenge_12_final_stacking_colab
8814,0,0.20846333,0,challenge_12_final_stacking_colab
8815,0,0.2212839,0,challenge_12_final_stacking_colab
8816,1,0.78068846,1,challenge_12_final_stacking_colab
8817,0,0.0020978546,0,challenge_12_final_stacking_colab
8818,0,0.20970698,0,challenge_12_final_stacking_colab
8819,1,0.7852491,1,challenge_12_final_stacking_colab
8820,0,0.0004442339,0,challenge_12_final_stacking_colab
8821,0,0.20986171,0,challenge_12_final_stacking_colab
8822,0,0.00044291685,0,challenge_12_final_stacking_colab
8823,0,0.046880446,0,challenge_12_final_stacking_colab
8824,1,0.748059,1,challenge_12_final_stacking_colab
8825,1,0.99822176,1,challenge_12_final_stacking_colab
8826,1,0.9966356,1,challenge_12_final_stacking_colab
8827,0,0.21265018,0,challenge_12_final_stacking_colab
8828,1,0.78778374,1,challenge_12_final_stacking_colab
8829,0,0.21405463,0,challenge_12_final_stacking_colab
8830,1,0.99851084,1,challenge_12_final_stacking_colab
8831,1,0.99250436,1,challenge_12_final_stacking_colab
8832,0,0.21085592,0,challenge_12_final_stacking_colab
8833,1,0.53530574,1,challenge_12_final_stacking_colab
8834,1,0.4712398,0,challenge_12_final_stacking_colab
8835,1,0.80360305,1,challenge_12_final_stacking_colab
8836,1,0.9780607,1,challenge_12_final_stacking_colab
8837,0,0.000638889,0,challenge_12_final_stacking_colab
8838,1,0.7921446,1,challenge_12_final_stacking_colab
8839,1,0.7720747,1,challenge_12_final_stacking_colab
8840,1,0.9965321,1,challenge_12_final_stacking_colab
8841,1,0.41571063,0,challenge_12_final_stacking_colab
8842,1,0.9961815,1,challenge_12_final_stacking_colab
8843,0,0.22139695,0,challenge_12_final_stacking_colab
8844,0,0.0006549171,0,challenge_12_final_stacking_colab
8845,1,0.9976016,1,challenge_12_final_stacking_colab
8846,0,0.2767622,0,challenge_12_final_stacking_colab
8847,0,0.2880863,0,challenge_12_final_stacking_colab
8848,1,0.9154692,1,challenge_12_final_stacking_colab
8849,0,0.35303676,0,challenge_12_final_stacking_colab
8850,1,0.99613345,1,challenge_12_final_stacking_colab
8851,1,0.74669504,1,challenge_12_final_stacking_colab
8852,0,1.0424702e-05,0,challenge_12_final_stacking_colab
8853,0,0.0004003089,0,challenge_12_final_stacking_colab
8854,0,0.0016637811,0,challenge_12_final_stacking_colab
8855,1,0.7854413,1,challenge_12_final_stacking_colab
8856,1,0.78407466,1,challenge_12_final_stacking_colab
8857,0,0.4366801,0,challenge_12_final_stacking_colab
8858,1,0.9581752,1,challenge_12_final_stacking_colab
8859,1,0.97522646,1,challenge_12_final_stacking_colab
8860,1,0.94405246,1,challenge_12_final_stacking_colab
8861,0,0.001210725,0,challenge_12_final_stacking_colab
8862,1,0.98119795,1,challenge_12_final_stacking_colab
8863,0,0.291203,0,challenge_12_final_stacking_colab
8864,1,0.23339531,0,challenge_12_final_stacking_colab
8865,1,0.5817607,1,challenge_12_final_stacking_colab
8866,0,0.21722265,0,challenge_12_final_stacking_colab
8867,1,0.7926351,1,challenge_12_final_stacking_colab
8868,1,0.7096521,1,challenge_12_final_stacking_colab
8869,0,0.009386756,0,challenge_12_final_stacking_colab
8870,0,0.00020035655,0,challenge_12_final_stacking_colab
8871,0,0.19563158,0,challenge_12_final_stacking_colab
8872,0,1.5209148e-06,0,challenge_12_final_stacking_colab
8873,1,0.5762287,1,challenge_12_final_stacking_colab
8874,0,0.10734021,0,challenge_12_final_stacking_colab
8875,0,0.13905397,0,challenge_12_final_stacking_colab
8876,0,0.20270766,0,challenge_12_final_stacking_colab
8877,0,0.22759362,0,challenge_12_final_stacking_colab
8878,0,0.21249141,0,challenge_12_final_stacking_colab
8879,0,3.51555e-06,0,challenge_12_final_stacking_colab
8880,0,0.0022444918,0,challenge_12_final_stacking_colab
8881,0,0.1844241,0,challenge_12_final_stacking_colab
8882,1,0.9919518,1,challenge_12_final_stacking_colab
8883,1,0.79352677,1,challenge_12_final_stacking_colab
8884,0,0.0009490502,0,challenge_12_final_stacking_colab
8885,1,0.63184327,1,challenge_12_final_stacking_colab
8886,1,0.9999998,1,challenge_12_final_stacking_colab
8887,1,0.9999989,1,challenge_12_final_stacking_colab
8888,1,0.7426338,1,challenge_12_final_stacking_colab
8889,1,0.8438782,1,challenge_12_final_stacking_colab
8890,1,0.48479858,0,challenge_12_final_stacking_colab
8891,1,0.9342693,1,challenge_12_final_stacking_colab
8892,1,0.9733618,1,challenge_12_final_stacking_colab
8893,1,0.9999959,1,challenge_12_final_stacking_colab
8894,1,0.7773516,1,challenge_12_final_stacking_colab
8895,0,0.0005155292,0,challenge_12_final_stacking_colab
8896,0,0.21407911,0,challenge_12_final_stacking_colab
8897,1,0.7843747,1,challenge_12_final_stacking_colab
8898,0,0.24817598,0,challenge_12_final_stacking_colab
8899,1,0.9999997,1,challenge_12_final_stacking_colab
8900,0,0.22412254,0,challenge_12_final_stacking_colab
8901,1,0.9529359,1,challenge_12_final_stacking_colab
8902,1,0.57499003,1,challenge_12_final_stacking_colab
8903,0,0.19789554,0,challenge_12_final_stacking_colab
8904,1,0.9925205,1,challenge_12_final_stacking_colab
8905,0,0.0015155679,0,challenge_12_final_stacking_colab
8906,1,0.99999994,1,challenge_12_final_stacking_colab
8907,0,0.0028352842,0,challenge_12_final_stacking_colab
8908,0,5.7500007e-08,0,challenge_12_final_stacking_colab
8909,1,0.99772024,1,challenge_12_final_stacking_colab
8910,0,8.605192e-06,0,challenge_12_final_stacking_colab
8911,1,0.9974672,1,challenge_12_final_stacking_colab
8912,0,0.68456495,1,challenge_12_final_stacking_colab
8913,0,0.20591298,0,challenge_12_final_stacking_colab
8914,1,0.7005893,1,challenge_12_final_stacking_colab
8915,1,0.98187256,1,challenge_12_final_stacking_colab
8916,1,0.99818313,1,challenge_12_final_stacking_colab
8917,1,0.9979175,1,challenge_12_final_stacking_colab
8918,0,0.43143865,0,challenge_12_final_stacking_colab
8919,1,0.99999946,1,challenge_12_final_stacking_colab
8920,0,0.21667242,0,challenge_12_final_stacking_colab
8921,0,0.0008210355,0,challenge_12_final_stacking_colab
8922,0,0.014146576,0,challenge_12_final_stacking_colab
8923,1,0.71297675,1,challenge_12_final_stacking_colab
8924,0,0.000695632,0,challenge_12_final_stacking_colab
8925,1,0.9873043,1,challenge_12_final_stacking_colab
8926,1,0.99999684,1,challenge_12_final_stacking_colab
8927,1,0.775178,1,challenge_12_final_stacking_colab
8928,1,0.9999996,1,challenge_12_final_stacking_colab
8929,0,1.3331862e-05,0,challenge_12_final_stacking_colab
8930,1,0.99188083,1,challenge_12_final_stacking_colab
8931,1,0.9999951,1,challenge_12_final_stacking_colab
8932,1,0.9824717,1,challenge_12_final_stacking_colab
8933,0,0.023561638,0,challenge_12_final_stacking_colab
8934,0,0.758594,1,challenge_12_final_stacking_colab
8935,1,0.7999264,1,challenge_12_final_stacking_colab
8936,1,0.9598053,1,challenge_12_final_stacking_colab
8937,1,0.9144181,1,challenge_12_final_stacking_colab
8938,1,0.97791415,1,challenge_12_final_stacking_colab
8939,1,0.9549436,1,challenge_12_final_stacking_colab
8940,0,0.00015067338,0,challenge_12_final_stacking_colab
8941,1,0.860298,1,challenge_12_final_stacking_colab
8942,1,0.99760807,1,challenge_12_final_stacking_colab
8943,1,0.5714637,1,challenge_12_final_stacking_colab
8944,1,0.57289606,1,challenge_12_final_stacking_colab
8945,1,0.9999987,1,challenge_12_final_stacking_colab
8946,1,0.99524593,1,challenge_12_final_stacking_colab
8947,0,0.0024673757,0,challenge_12_final_stacking_colab
8948,0,0.20280643,0,challenge_12_final_stacking_colab
8949,0,0.19177571,0,challenge_12_final_stacking_colab
8950,1,0.7831121,1,challenge_12_final_stacking_colab
8951,0,0.00015467803,0,challenge_12_final_stacking_colab
8952,0,0.1666219,0,challenge_12_final_stacking_colab
8953,1,0.78713995,1,challenge_12_final_stacking_colab
8954,1,0.7780028,1,challenge_12_final_stacking_colab
8955,0,0.000111733025,0,challenge_12_final_stacking_colab
8956,0,3.951032e-05,0,challenge_12_final_stacking_colab
8957,1,0.77839,1,challenge_12_final_stacking_colab
8958,0,0.0013664186,0,challenge_12_final_stacking_colab
8959,1,0.5065705,1,challenge_12_final_stacking_colab
8960,1,0.95025593,1,challenge_12_final_stacking_colab
8961,0,0.240137,0,challenge_12_final_stacking_colab
8962,0,0.065512076,0,challenge_12_final_stacking_colab
8963,1,0.9872836,1,challenge_12_final_stacking_colab
8964,1,0.7882432,1,challenge_12_final_stacking_colab
8965,1,0.9918995,1,challenge_12_final_stacking_colab
8966,0,0.21379663,0,challenge_12_final_stacking_colab
8967,1,0.9972975,1,challenge_12_final_stacking_colab
8968,0,0.23003311,0,challenge_12_final_stacking_colab
8969,0,0.45489514,0,challenge_12_final_stacking_colab
8970,1,0.9999999,1,challenge_12_final_stacking_colab
8971,0,7.700268e-05,0,challenge_12_final_stacking_colab
8972,1,0.9976389,1,challenge_12_final_stacking_colab
8973,0,0.64384896,1,challenge_12_final_stacking_colab
8974,0,0.21240787,0,challenge_12_final_stacking_colab
8975,1,0.99999917,1,challenge_12_final_stacking_colab
8976,1,0.9365788,1,challenge_12_final_stacking_colab
8977,0,0.19566274,0,challenge_12_final_stacking_colab
8978,0,0.42517507,0,challenge_12_final_stacking_colab
8979,0,0.25332302,0,challenge_12_final_stacking_colab
8980,0,0.03138009,0,challenge_12_final_stacking_colab
8981,0,0.00051395816,0,challenge_12_final_stacking_colab
8982,1,0.78126246,1,challenge_12_final_stacking_colab
8983,1,0.99597967,1,challenge_12_final_stacking_colab
8984,1,0.6464676,1,challenge_12_final_stacking_colab
8985,0,0.20978408,0,challenge_12_final_stacking_colab
8986,1,0.94454604,1,challenge_12_final_stacking_colab
8987,0,0.57371384,1,challenge_12_final_stacking_colab
8988,0,0.0050154575,0,challenge_12_final_stacking_colab
8989,0,0.0001392771,0,challenge_12_final_stacking_colab
8990,1,0.8766513,1,challenge_12_final_stacking_colab
8991,1,0.9603201,1,challenge_12_final_stacking_colab
8992,0,0.42632827,0,challenge_12_final_stacking_colab
8993,1,0.95413476,1,challenge_12_final_stacking_colab
8994,1,0.99999994,1,challenge_12_final_stacking_colab
8995,1,0.9615084,1,challenge_12_final_stacking_colab
8996,1,0.7761337,1,challenge_12_final_stacking_colab
8997,1,0.9953477,1,challenge_12_final_stacking_colab
8998,1,0.39884123,0,challenge_12_final_stacking_colab
8999,0,0.197237,0,challenge_12_final_stacking_colab
9000,1,0.7832199,1,challenge_12_final_stacking_colab
9001,1,0.90371895,1,challenge_12_final_stacking_colab
9002,0,0.20475481,0,challenge_12_final_stacking_colab
9003,1,0.99519074,1,challenge_12_final_stacking_colab
9004,1,0.9911577,1,challenge_12_final_stacking_colab
9005,0,0.55794626,1,challenge_12_final_stacking_colab
9006,0,0.21562885,0,challenge_12_final_stacking_colab
9007,0,0.20531264,0,challenge_12_final_stacking_colab
9008,1,0.9999969,1,challenge_12_final_stacking_colab
9009,0,0.045400515,0,challenge_12_final_stacking_colab
9010,1,0.7046761,1,challenge_12_final_stacking_colab
9011,1,0.9999907,1,challenge_12_final_stacking_colab
9012,1,0.23107913,0,challenge_12_final_stacking_colab
9013,1,0.99727046,1,challenge_12_final_stacking_colab
9014,1,0.99556774,1,challenge_12_final_stacking_colab
9015,0,0.43100744,0,challenge_12_final_stacking_colab
9016,0,0.0001815009,0,challenge_12_final_stacking_colab
9017,1,0.9999981,1,challenge_12_final_stacking_colab
9018,0,0.47662702,0,challenge_12_final_stacking_colab
9019,1,0.9520873,1,challenge_12_final_stacking_colab
9020,1,0.5645105,1,challenge_12_final_stacking_colab
9021,0,0.3356624,0,challenge_12_final_stacking_colab
9022,1,0.98462826,1,challenge_12_final_stacking_colab
9023,1,0.43246996,0,challenge_12_final_stacking_colab
9024,1,0.99999803,1,challenge_12_final_stacking_colab
9025,0,0.000490808,0,challenge_12_final_stacking_colab
9026,0,7.5669974e-05,0,challenge_12_final_stacking_colab
9027,0,0.48867568,0,challenge_12_final_stacking_colab
9028,0,0.42672116,0,challenge_12_final_stacking_colab
9029,1,0.98339957,1,challenge_12_final_stacking_colab
9030,0,0.1943942,0,challenge_12_final_stacking_colab
9031,0,0.4895454,0,challenge_12_final_stacking_colab
9032,1,0.9303797,1,challenge_12_final_stacking_colab
9033,1,0.787039,1,challenge_12_final_stacking_colab
9034,0,0.00051391526,0,challenge_12_final_stacking_colab
9035,0,6.2962514e-05,0,challenge_12_final_stacking_colab
9036,0,0.30170876,0,challenge_12_final_stacking_colab
9037,0,0.19833061,0,challenge_12_final_stacking_colab
9038,0,0.00017056767,0,challenge_12_final_stacking_colab
9039,1,0.983026,1,challenge_12_final_stacking_colab
9040,1,0.9999932,1,challenge_12_final_stacking_colab
9041,0,0.000103159706,0,challenge_12_final_stacking_colab
9042,0,0.00038370647,0,challenge_12_final_stacking_colab
9043,1,0.9958597,1,challenge_12_final_stacking_colab
9044,1,0.99645364,1,challenge_12_final_stacking_colab
9045,1,0.99834293,1,challenge_12_final_stacking_colab
9046,1,0.78087574,1,challenge_12_final_stacking_colab
9047,1,0.9171704,1,challenge_12_final_stacking_colab
9048,0,0.0008600446,0,challenge_12_final_stacking_colab
9049,1,0.94144255,1,challenge_12_final_stacking_colab
9050,1,0.7881359,1,challenge_12_final_stacking_colab
9051,1,0.7892631,1,challenge_12_final_stacking_colab
9052,0,0.092578515,0,challenge_12_final_stacking_colab
9053,0,0.1288066,0,challenge_12_final_stacking_colab
9054,0,0.03181826,0,challenge_12_final_stacking_colab
9055,1,0.99752176,1,challenge_12_final_stacking_colab
9056,1,1.0,1,challenge_12_final_stacking_colab
9057,0,2.2634658e-05,0,challenge_12_final_stacking_colab
9058,0,0.23902446,0,challenge_12_final_stacking_colab
9059,0,0.67874104,1,challenge_12_final_stacking_colab
9060,1,0.98236454,1,challenge_12_final_stacking_colab
9061,0,0.000322289,0,challenge_12_final_stacking_colab
9062,1,0.9999993,1,challenge_12_final_stacking_colab
9063,0,0.21706383,0,challenge_12_final_stacking_colab
9064,1,0.9899144,1,challenge_12_final_stacking_colab
9065,0,0.034184888,0,challenge_12_final_stacking_colab
9066,0,0.0022263585,0,challenge_12_final_stacking_colab
9067,1,0.6096134,1,challenge_12_final_stacking_colab
9068,1,0.98736805,1,challenge_12_final_stacking_colab
9069,1,0.9999999,1,challenge_12_final_stacking_colab
9070,0,0.21362571,0,challenge_12_final_stacking_colab
9071,0,0.42527196,0,challenge_12_final_stacking_colab
9072,1,0.7829055,1,challenge_12_final_stacking_colab
9073,1,0.17678848,0,challenge_12_final_stacking_colab
9074,1,0.99999624,1,challenge_12_final_stacking_colab
9075,0,0.0054491316,0,challenge_12_final_stacking_colab
9076,1,0.9392315,1,challenge_12_final_stacking_colab
9077,1,0.99999356,1,challenge_12_final_stacking_colab
9078,0,0.0508297,0,challenge_12_final_stacking_colab
9079,1,0.7584648,1,challenge_12_final_stacking_colab
9080,1,0.52161074,1,challenge_12_final_stacking_colab
9081,1,0.74582756,1,challenge_12_final_stacking_colab
9082,1,0.7843926,1,challenge_12_final_stacking_colab
9083,0,0.000948385,0,challenge_12_final_stacking_colab
9084,1,0.9836848,1,challenge_12_final_stacking_colab
9085,0,0.21527722,0,challenge_12_final_stacking_colab
9086,0,0.5455943,1,challenge_12_final_stacking_colab
9087,1,0.78653306,1,challenge_12_final_stacking_colab
9088,1,0.99514365,1,challenge_12_final_stacking_colab
9089,1,0.9982741,1,challenge_12_final_stacking_colab
9090,1,0.9722299,1,challenge_12_final_stacking_colab
9091,0,5.29989e-06,0,challenge_12_final_stacking_colab
9092,0,0.19409144,0,challenge_12_final_stacking_colab
9093,1,0.9202113,1,challenge_12_final_stacking_colab
9094,1,0.9999981,1,challenge_12_final_stacking_colab
9095,0,0.022387667,0,challenge_12_final_stacking_colab
9096,0,6.356352e-05,0,challenge_12_final_stacking_colab
9097,0,0.20824242,0,challenge_12_final_stacking_colab
9098,1,0.9857584,1,challenge_12_final_stacking_colab
9099,1,0.90964705,1,challenge_12_final_stacking_colab
9100,1,0.773208,1,challenge_12_final_stacking_colab
9101,1,0.7747922,1,challenge_12_final_stacking_colab
9102,1,0.94934714,1,challenge_12_final_stacking_colab
9103,0,0.20337774,0,challenge_12_final_stacking_colab
9104,1,0.99724364,1,challenge_12_final_stacking_colab
9105,1,0.79459643,1,challenge_12_final_stacking_colab
9106,1,0.9972667,1,challenge_12_final_stacking_colab
9107,0,0.019434884,0,challenge_12_final_stacking_colab
9108,1,0.9729749,1,challenge_12_final_stacking_colab
9109,0,0.11331474,0,challenge_12_final_stacking_colab
9110,1,0.9312253,1,challenge_12_final_stacking_colab
9111,0,0.42500126,0,challenge_12_final_stacking_colab
9112,0,0.021831755,0,challenge_12_final_stacking_colab
9113,0,1.5371935e-06,0,challenge_12_final_stacking_colab
9114,0,5.202917e-05,0,challenge_12_final_stacking_colab
9115,1,0.4787994,0,challenge_12_final_stacking_colab
9116,0,0.00049959123,0,challenge_12_final_stacking_colab
9117,0,0.0037284512,0,challenge_12_final_stacking_colab
9118,0,1.0483906e-05,0,challenge_12_final_stacking_colab
9119,0,0.010272048,0,challenge_12_final_stacking_colab
9120,1,0.544957,1,challenge_12_final_stacking_colab
9121,1,0.7287655,1,challenge_12_final_stacking_colab
9122,0,0.43534377,0,challenge_12_final_stacking_colab
9123,0,0.22982758,0,challenge_12_final_stacking_colab
9124,0,0.42501342,0,challenge_12_final_stacking_colab
9125,1,0.78037757,1,challenge_12_final_stacking_colab
9126,1,0.7643913,1,challenge_12_final_stacking_colab
9127,0,0.006713872,0,challenge_12_final_stacking_colab
9128,0,0.1094363,0,challenge_12_final_stacking_colab
9129,1,0.77724624,1,challenge_12_final_stacking_colab
9130,1,0.9985033,1,challenge_12_final_stacking_colab
9131,1,0.78252745,1,challenge_12_final_stacking_colab
9132,0,0.47464982,0,challenge_12_final_stacking_colab
9133,1,0.99759334,1,challenge_12_final_stacking_colab
9134,0,1.09155335e-05,0,challenge_12_final_stacking_colab
9135,0,0.00035156135,0,challenge_12_final_stacking_colab
9136,1,0.9809232,1,challenge_12_final_stacking_colab
9137,1,0.99581075,1,challenge_12_final_stacking_colab
9138,0,0.19065717,0,challenge_12_final_stacking_colab
9139,0,0.18965638,0,challenge_12_final_stacking_colab
9140,1,0.39416268,0,challenge_12_final_stacking_colab
9141,0,0.0008409832,0,challenge_12_final_stacking_colab
9142,1,0.9014539,1,challenge_12_final_stacking_colab
9143,1,0.90135545,1,challenge_12_final_stacking_colab
9144,0,0.21075939,0,challenge_12_final_stacking_colab
9145,1,0.99999857,1,challenge_12_final_stacking_colab
9146,0,0.21809223,0,challenge_12_final_stacking_colab
9147,0,0.21003208,0,challenge_12_final_stacking_colab
9148,1,0.99816555,1,challenge_12_final_stacking_colab
9149,1,0.57499534,1,challenge_12_final_stacking_colab
9150,0,0.2174141,0,challenge_12_final_stacking_colab
9151,0,0.23062843,0,challenge_12_final_stacking_colab
9152,0,6.279305e-07,0,challenge_12_final_stacking_colab
9153,0,4.0351475e-05,0,challenge_12_final_stacking_colab
9154,1,0.9534384,1,challenge_12_final_stacking_colab
9155,0,0.0062934062,0,challenge_12_final_stacking_colab
9156,1,0.9945117,1,challenge_12_final_stacking_colab
9157,1,0.57499564,1,challenge_12_final_stacking_colab
9158,1,0.7671744,1,challenge_12_final_stacking_colab
9159,0,0.08244212,0,challenge_12_final_stacking_colab
9160,0,0.0018009935,0,challenge_12_final_stacking_colab
9161,1,0.56697625,1,challenge_12_final_stacking_colab
9162,0,0.21281682,0,challenge_12_final_stacking_colab
9163,0,0.21381229,0,challenge_12_final_stacking_colab
9164,0,0.21402285,0,challenge_12_final_stacking_colab
9165,1,0.53576887,1,challenge_12_final_stacking_colab
9166,0,0.0005520117,0,challenge_12_final_stacking_colab
9167,0,0.27298075,0,challenge_12_final_stacking_colab
9168,1,0.99999976,1,challenge_12_final_stacking_colab
9169,0,0.33367056,0,challenge_12_final_stacking_colab
9170,0,0.7288577,1,challenge_12_final_stacking_colab
9171,0,0.005929928,0,challenge_12_final_stacking_colab
9172,0,5.7500007e-08,0,challenge_12_final_stacking_colab
9173,1,0.9973993,1,challenge_12_final_stacking_colab
9174,0,0.4522878,0,challenge_12_final_stacking_colab
9175,0,0.42924434,0,challenge_12_final_stacking_colab
9176,1,0.9999999,1,challenge_12_final_stacking_colab
9177,1,0.99766105,1,challenge_12_final_stacking_colab
9178,1,0.82192314,1,challenge_12_final_stacking_colab
9179,0,0.0008463367,0,challenge_12_final_stacking_colab
9180,1,0.9888812,1,challenge_12_final_stacking_colab
9181,1,0.9947239,1,challenge_12_final_stacking_colab
9182,0,0.0023729787,0,challenge_12_final_stacking_colab
9183,0,3.9575094e-05,0,challenge_12_final_stacking_colab
9184,0,0.42504814,0,challenge_12_final_stacking_colab
9185,1,0.97183704,1,challenge_12_final_stacking_colab
9186,0,0.04079171,0,challenge_12_final_stacking_colab
9187,0,0.3286251,0,challenge_12_final_stacking_colab
9188,0,1.0551333e-06,0,challenge_12_final_stacking_colab
9189,0,0.425013,0,challenge_12_final_stacking_colab
9190,0,0.72388333,1,challenge_12_final_stacking_colab
9191,0,0.2184095,0,challenge_12_final_stacking_colab
9192,0,1.6089045e-05,0,challenge_12_final_stacking_colab
9193,1,0.78285205,1,challenge_12_final_stacking_colab
9194,1,0.89495546,1,challenge_12_final_stacking_colab
9195,1,0.9999996,1,challenge_12_final_stacking_colab
9196,0,0.19490035,0,challenge_12_final_stacking_colab
9197,0,0.8677451,1,challenge_12_final_stacking_colab
9198,0,0.4266502,0,challenge_12_final_stacking_colab
9199,0,0.21309128,0,challenge_12_final_stacking_colab
9200,1,0.7379608,1,challenge_12_final_stacking_colab
9201,1,0.9864661,1,challenge_12_final_stacking_colab
9202,0,0.20992346,0,challenge_12_final_stacking_colab
9203,1,0.5303398,1,challenge_12_final_stacking_colab
9204,0,0.43158185,0,challenge_12_final_stacking_colab
9205,0,7.315659e-05,0,challenge_12_final_stacking_colab
9206,0,0.46971595,0,challenge_12_final_stacking_colab
9207,1,0.9953853,1,challenge_12_final_stacking_colab
9208,0,0.22645813,0,challenge_12_final_stacking_colab
9209,0,0.42811087,0,challenge_12_final_stacking_colab
9210,1,0.78638303,1,challenge_12_final_stacking_colab
9211,1,0.7784432,1,challenge_12_final_stacking_colab
9212,0,0.21194698,0,challenge_12_final_stacking_colab
9213,1,0.9971226,1,challenge_12_final_stacking_colab
9214,1,0.7978248,1,challenge_12_final_stacking_colab
9215,1,0.79676074,1,challenge_12_final_stacking_colab
9216,0,0.43205243,0,challenge_12_final_stacking_colab
9217,0,2.9528454e-07,0,challenge_12_final_stacking_colab
9218,0,0.7032905,1,challenge_12_final_stacking_colab
9219,1,0.7788467,1,challenge_12_final_stacking_colab
9220,1,0.7869349,1,challenge_12_final_stacking_colab
9221,1,0.9999947,1,challenge_12_final_stacking_colab
9222,1,0.5240464,1,challenge_12_final_stacking_colab
9223,0,0.21538843,0,challenge_12_final_stacking_colab
9224,0,0.4337667,0,challenge_12_final_stacking_colab
9225,0,0.24810524,0,challenge_12_final_stacking_colab
9226,1,0.9817473,1,challenge_12_final_stacking_colab
9227,1,0.6939597,1,challenge_12_final_stacking_colab
9228,1,0.99999785,1,challenge_12_final_stacking_colab
9229,1,0.6570024,1,challenge_12_final_stacking_colab
9230,0,0.04191953,0,challenge_12_final_stacking_colab
9231,0,0.24328114,0,challenge_12_final_stacking_colab
9232,1,0.9999953,1,challenge_12_final_stacking_colab
9233,0,0.21316727,0,challenge_12_final_stacking_colab
9234,1,0.9978873,1,challenge_12_final_stacking_colab
9235,1,0.96692926,1,challenge_12_final_stacking_colab
9236,1,0.9943118,1,challenge_12_final_stacking_colab
9237,1,1.0,1,challenge_12_final_stacking_colab
9238,0,0.0005451842,0,challenge_12_final_stacking_colab
9239,0,2.7104352e-05,0,challenge_12_final_stacking_colab
9240,0,0.32223067,0,challenge_12_final_stacking_colab
9241,0,0.0019216237,0,challenge_12_final_stacking_colab
9242,1,0.97266054,1,challenge_12_final_stacking_colab
9243,1,0.54468536,1,challenge_12_final_stacking_colab
9244,1,0.789165,1,challenge_12_final_stacking_colab
9245,0,0.0041529215,0,challenge_12_final_stacking_colab
9246,1,0.998462,1,challenge_12_final_stacking_colab
9247,0,0.22517586,0,challenge_12_final_stacking_colab
9248,1,0.9906666,1,challenge_12_final_stacking_colab
9249,0,0.0005133404,0,challenge_12_final_stacking_colab
9250,1,0.99999994,1,challenge_12_final_stacking_colab
9251,0,5.7500007e-08,0,challenge_12_final_stacking_colab
9252,0,0.18735321,0,challenge_12_final_stacking_colab
9253,1,0.77831966,1,challenge_12_final_stacking_colab
9254,0,0.1388671,0,challenge_12_final_stacking_colab
9255,1,0.9978381,1,challenge_12_final_stacking_colab
9256,1,0.92515004,1,challenge_12_final_stacking_colab
9257,0,0.0001689147,0,challenge_12_final_stacking_colab
9258,0,8.54257e-06,0,challenge_12_final_stacking_colab
9259,0,0.21474059,0,challenge_12_final_stacking_colab
9260,0,0.20442307,0,challenge_12_final_stacking_colab
9261,0,8.609992e-06,0,challenge_12_final_stacking_colab
9262,1,1.0,1,challenge_12_final_stacking_colab
9263,1,0.9999901,1,challenge_12_final_stacking_colab
9264,0,0.25016823,0,challenge_12_final_stacking_colab
9265,0,8.394462e-08,0,challenge_12_final_stacking_colab
9266,1,0.9887817,1,challenge_12_final_stacking_colab
9267,0,0.37886053,0,challenge_12_final_stacking_colab
9268,0,0.2637334,0,challenge_12_final_stacking_colab
9269,1,0.9973209,1,challenge_12_final_stacking_colab
9270,1,0.9966392,1,challenge_12_final_stacking_colab
9271,1,0.79957736,1,challenge_12_final_stacking_colab
9272,0,0.11465527,0,challenge_12_final_stacking_colab
9273,1,0.5441054,1,challenge_12_final_stacking_colab
9274,1,0.5749936,1,challenge_12_final_stacking_colab
9275,0,1.1420934e-05,0,challenge_12_final_stacking_colab
9276,0,0.570897,1,challenge_12_final_stacking_colab
9277,0,0.43227288,0,challenge_12_final_stacking_colab
9278,1,0.9935694,1,challenge_12_final_stacking_colab
9279,0,0.22867827,0,challenge_12_final_stacking_colab
9280,0,0.0001286363,0,challenge_12_final_stacking_colab
9281,0,0.1996448,0,challenge_12_final_stacking_colab
9282,0,0.032073304,0,challenge_12_final_stacking_colab
9283,0,0.0002665362,0,challenge_12_final_stacking_colab
9284,0,0.003917712,0,challenge_12_final_stacking_colab
9285,0,0.00023447204,0,challenge_12_final_stacking_colab
9286,1,0.786564,1,challenge_12_final_stacking_colab
9287,0,0.0004759782,0,challenge_12_final_stacking_colab
9288,0,0.0023630403,0,challenge_12_final_stacking_colab
9289,1,0.7939286,1,challenge_12_final_stacking_colab
9290,0,8.7030285e-06,0,challenge_12_final_stacking_colab
9291,0,0.0007383851,0,challenge_12_final_stacking_colab
9292,1,0.5640994,1,challenge_12_final_stacking_colab
9293,1,0.9392019,1,challenge_12_final_stacking_colab
9294,0,0.42975992,0,challenge_12_final_stacking_colab
9295,1,0.78418446,1,challenge_12_final_stacking_colab
9296,0,0.34133485,0,challenge_12_final_stacking_colab
9297,0,0.00031385207,0,challenge_12_final_stacking_colab
9298,0,0.44123614,0,challenge_12_final_stacking_colab
9299,0,0.0003555873,0,challenge_12_final_stacking_colab
9300,1,0.9999998,1,challenge_12_final_stacking_colab
9301,1,0.5749995,1,challenge_12_final_stacking_colab
9302,1,0.99999875,1,challenge_12_final_stacking_colab
9303,0,0.032965235,0,challenge_12_final_stacking_colab
9304,1,0.9968846,1,challenge_12_final_stacking_colab
9305,0,0.0013163952,0,challenge_12_final_stacking_colab
9306,0,0.4789665,0,challenge_12_final_stacking_colab
9307,1,0.99999106,1,challenge_12_final_stacking_colab
9308,1,0.9999983,1,challenge_12_final_stacking_colab
9309,0,0.5785547,1,challenge_12_final_stacking_colab
9310,0,0.017923705,0,challenge_12_final_stacking_colab
9311,1,0.3034402,0,challenge_12_final_stacking_colab
9312,1,0.9948593,1,challenge_12_final_stacking_colab
9313,1,0.75125563,1,challenge_12_final_stacking_colab
9314,1,0.7579229,1,challenge_12_final_stacking_colab
9315,0,0.21404338,0,challenge_12_final_stacking_colab
9316,0,0.7833736,1,challenge_12_final_stacking_colab
9317,0,0.42577472,0,challenge_12_final_stacking_colab
9318,0,0.20248398,0,challenge_12_final_stacking_colab
9319,0,0.21833509,0,challenge_12_final_stacking_colab
9320,1,0.97978395,1,challenge_12_final_stacking_colab
9321,1,0.9631856,1,challenge_12_final_stacking_colab
9322,1,0.98817617,1,challenge_12_final_stacking_colab
9323,0,0.4250042,0,challenge_12_final_stacking_colab
9324,0,0.40502188,0,challenge_12_final_stacking_colab
9325,0,0.20862244,0,challenge_12_final_stacking_colab
9326,1,0.9984994,1,challenge_12_final_stacking_colab
9327,1,0.7753365,1,challenge_12_final_stacking_colab
9328,0,0.5331102,1,challenge_12_final_stacking_colab
9329,0,9.116566e-05,0,challenge_12_final_stacking_colab
9330,0,0.14379069,0,challenge_12_final_stacking_colab
9331,1,0.99192053,1,challenge_12_final_stacking_colab
9332,0,8.2163715e-06,0,challenge_12_final_stacking_colab
9333,0,0.99739134,1,challenge_12_final_stacking_colab
9334,1,0.9025163,1,challenge_12_final_stacking_colab
9335,1,0.9741394,1,challenge_12_final_stacking_colab
9336,1,0.9927957,1,challenge_12_final_stacking_colab
9337,0,0.21715462,0,challenge_12_final_stacking_colab
9338,1,0.9701592,1,challenge_12_final_stacking_colab
9339,1,0.9999891,1,challenge_12_final_stacking_colab
9340,0,0.10367196,0,challenge_12_final_stacking_colab
9341,0,8.949262e-06,0,challenge_12_final_stacking_colab
9342,0,1.1187293e-05,0,challenge_12_final_stacking_colab
9343,0,7.923909e-05,0,challenge_12_final_stacking_colab
9344,0,0.00014743139,0,challenge_12_final_stacking_colab
9345,1,0.9708943,1,challenge_12_final_stacking_colab
9346,0,0.43586317,0,challenge_12_final_stacking_colab
9347,1,0.98892623,1,challenge_12_final_stacking_colab
9348,0,0.0018565579,0,challenge_12_final_stacking_colab
9349,0,0.021260995,0,challenge_12_final_stacking_colab
9350,1,0.9794416,1,challenge_12_final_stacking_colab
9351,1,0.9999937,1,challenge_12_final_stacking_colab
9352,0,0.7850569,1,challenge_12_final_stacking_colab
9353,0,0.00082860014,0,challenge_12_final_stacking_colab
9354,0,4.0661078e-05,0,challenge_12_final_stacking_colab
9355,0,0.013447284,0,challenge_12_final_stacking_colab
9356,0,0.0023052075,0,challenge_12_final_stacking_colab
9357,0,0.21016671,0,challenge_12_final_stacking_colab
9358,1,0.99999285,1,challenge_12_final_stacking_colab
9359,0,0.21767157,0,challenge_12_final_stacking_colab
9360,1,0.9677211,1,challenge_12_final_stacking_colab
9361,1,0.99999994,1,challenge_12_final_stacking_colab
9362,0,0.23446336,0,challenge_12_final_stacking_colab
9363,1,0.9999981,1,challenge_12_final_stacking_colab
9364,0,0.00042588235,0,challenge_12_final_stacking_colab
9365,1,0.99180824,1,challenge_12_final_stacking_colab
9366,0,0.00012263503,0,challenge_12_final_stacking_colab
9367,0,0.0033059672,0,challenge_12_final_stacking_colab
9368,1,0.71758366,1,challenge_12_final_stacking_colab
9369,1,0.99457866,1,challenge_12_final_stacking_colab
9370,1,0.7874148,1,challenge_12_final_stacking_colab
9371,1,0.99999994,1,challenge_12_final_stacking_colab
9372,0,0.0005662488,0,challenge_12_final_stacking_colab
9373,1,0.98940194,1,challenge_12_final_stacking_colab
9374,1,0.7957728,1,challenge_12_final_stacking_colab
9375,1,0.9976996,1,challenge_12_final_stacking_colab
9376,1,0.84463906,1,challenge_12_final_stacking_colab
9377,0,0.0111236945,0,challenge_12_final_stacking_colab
9378,0,0.353018,0,challenge_12_final_stacking_colab
9379,1,0.80159855,1,challenge_12_final_stacking_colab
9380,1,0.680654,1,challenge_12_final_stacking_colab
9381,0,0.028012484,0,challenge_12_final_stacking_colab
9382,0,0.21439137,0,challenge_12_final_stacking_colab
9383,0,0.23437116,0,challenge_12_final_stacking_colab
9384,1,0.99999994,1,challenge_12_final_stacking_colab
9385,1,0.8055248,1,challenge_12_final_stacking_colab
9386,1,0.5716275,1,challenge_12_final_stacking_colab
9387,0,0.28261104,0,challenge_12_final_stacking_colab
9388,1,0.99498045,1,challenge_12_final_stacking_colab
9389,1,0.787594,1,challenge_12_final_stacking_colab
9390,0,0.18430562,0,challenge_12_final_stacking_colab
9391,0,0.22035919,0,challenge_12_final_stacking_colab
9392,1,0.99518985,1,challenge_12_final_stacking_colab
9393,1,0.8474684,1,challenge_12_final_stacking_colab
9394,0,4.251384e-05,0,challenge_12_final_stacking_colab
9395,0,0.102867484,0,challenge_12_final_stacking_colab
9396,0,0.018412728,0,challenge_12_final_stacking_colab
9397,1,0.9643405,1,challenge_12_final_stacking_colab
9398,1,0.9906102,1,challenge_12_final_stacking_colab
9399,0,0.19065443,0,challenge_12_final_stacking_colab
9400,0,0.19359793,0,challenge_12_final_stacking_colab
9401,1,0.74518293,1,challenge_12_final_stacking_colab
9402,0,0.008991991,0,challenge_12_final_stacking_colab
9403,0,3.0692892e-05,0,challenge_12_final_stacking_colab
9404,1,0.9794519,1,challenge_12_final_stacking_colab
9405,0,0.25660804,0,challenge_12_final_stacking_colab
9406,1,0.9999993,1,challenge_12_final_stacking_colab
9407,0,0.21209371,0,challenge_12_final_stacking_colab
9408,0,0.4773627,0,challenge_12_final_stacking_colab
9409,0,0.20681147,0,challenge_12_final_stacking_colab
9410,1,0.9779126,1,challenge_12_final_stacking_colab
9411,0,0.42506582,0,challenge_12_final_stacking_colab
9412,0,0.66979426,1,challenge_12_final_stacking_colab
9413,1,0.9854542,1,challenge_12_final_stacking_colab
9414,1,0.9777473,1,challenge_12_final_stacking_colab
9415,1,0.9999999,1,challenge_12_final_stacking_colab
9416,0,0.019517198,0,challenge_12_final_stacking_colab
9417,0,0.2410868,0,challenge_12_final_stacking_colab
9418,0,0.001530161,0,challenge_12_final_stacking_colab
9419,0,0.23617424,0,challenge_12_final_stacking_colab
9420,0,0.0011559867,0,challenge_12_final_stacking_colab
9421,1,0.99853355,1,challenge_12_final_stacking_colab
9422,0,0.00043413704,0,challenge_12_final_stacking_colab
9423,0,0.21758977,0,challenge_12_final_stacking_colab
9424,1,0.98658365,1,challenge_12_final_stacking_colab
9425,1,0.9999894,1,challenge_12_final_stacking_colab
9426,0,2.5510979e-05,0,challenge_12_final_stacking_colab
9427,1,0.542611,1,challenge_12_final_stacking_colab
9428,0,0.20659816,0,challenge_12_final_stacking_colab
9429,0,0.4310033,0,challenge_12_final_stacking_colab
9430,1,0.9950688,1,challenge_12_final_stacking_colab
9431,0,0.21209736,0,challenge_12_final_stacking_colab
9432,0,2.8606471e-05,0,challenge_12_final_stacking_colab
9433,1,0.99999845,1,challenge_12_final_stacking_colab
9434,0,0.013183289,0,challenge_12_final_stacking_colab
9435,1,0.999999,1,challenge_12_final_stacking_colab
9436,0,4.298142e-05,0,challenge_12_final_stacking_colab
9437,0,0.17897588,0,challenge_12_final_stacking_colab
9438,0,0.04084685,0,challenge_12_final_stacking_colab
9439,1,0.99694765,1,challenge_12_final_stacking_colab
9440,0,0.0008288913,0,challenge_12_final_stacking_colab
9441,1,0.999994,1,challenge_12_final_stacking_colab
9442,1,0.66705126,1,challenge_12_final_stacking_colab
9443,1,0.7918469,1,challenge_12_final_stacking_colab
9444,0,0.034753144,0,challenge_12_final_stacking_colab
9445,0,8.163352e-05,0,challenge_12_final_stacking_colab
9446,0,0.26335725,0,challenge_12_final_stacking_colab
9447,1,0.9999983,1,challenge_12_final_stacking_colab
9448,1,0.7422064,1,challenge_12_final_stacking_colab
9449,1,0.28899595,0,challenge_12_final_stacking_colab
9450,1,0.75481313,1,challenge_12_final_stacking_colab
9451,1,0.98215157,1,challenge_12_final_stacking_colab
9452,1,0.78272915,1,challenge_12_final_stacking_colab
9453,1,0.99518573,1,challenge_12_final_stacking_colab
9454,0,0.0031698153,0,challenge_12_final_stacking_colab
9455,0,0.0014654823,0,challenge_12_final_stacking_colab
9456,1,0.6679408,1,challenge_12_final_stacking_colab
9457,0,0.21717262,0,challenge_12_final_stacking_colab
9458,0,0.00064009987,0,challenge_12_final_stacking_colab
9459,0,0.21455564,0,challenge_12_final_stacking_colab
9460,1,0.9999913,1,challenge_12_final_stacking_colab
9461,1,0.78886116,1,challenge_12_final_stacking_colab
9462,0,0.42500195,0,challenge_12_final_stacking_colab
9463,0,0.24191244,0,challenge_12_final_stacking_colab
9464,0,0.22045617,0,challenge_12_final_stacking_colab
9465,0,0.2875,0,challenge_12_final_stacking_colab
9466,0,0.0015267787,0,challenge_12_final_stacking_colab
9467,0,0.2931858,0,challenge_12_final_stacking_colab
9468,0,0.006340969,0,challenge_12_final_stacking_colab
9469,1,0.99999255,1,challenge_12_final_stacking_colab
9470,1,0.97719765,1,challenge_12_final_stacking_colab
9471,0,4.4873582e-07,0,challenge_12_final_stacking_colab
9472,0,0.52811456,1,challenge_12_final_stacking_colab
9473,1,0.5733167,1,challenge_12_final_stacking_colab
9474,0,0.4805511,0,challenge_12_final_stacking_colab
9475,1,0.9843662,1,challenge_12_final_stacking_colab
9476,0,0.00024128426,0,challenge_12_final_stacking_colab
9477,0,0.012515169,0,challenge_12_final_stacking_colab
9478,1,1.0,1,challenge_12_final_stacking_colab
9479,1,0.9948053,1,challenge_12_final_stacking_colab
9480,0,2.1761198e-06,0,challenge_12_final_stacking_colab
9481,1,0.9802889,1,challenge_12_final_stacking_colab
9482,1,0.807753,1,challenge_12_final_stacking_colab
9483,1,0.993287,1,challenge_12_final_stacking_colab
9484,1,0.9999993,1,challenge_12_final_stacking_colab
9485,1,0.9908464,1,challenge_12_final_stacking_colab
9486,0,4.386324e-05,0,challenge_12_final_stacking_colab
9487,1,0.7625242,1,challenge_12_final_stacking_colab
9488,1,0.99522924,1,challenge_12_final_stacking_colab
9489,1,0.98818773,1,challenge_12_final_stacking_colab
9490,1,0.99998933,1,challenge_12_final_stacking_colab
9491,1,0.7802616,1,challenge_12_final_stacking_colab
9492,0,0.21316868,0,challenge_12_final_stacking_colab
9493,1,0.9999972,1,challenge_12_final_stacking_colab
9494,1,0.7867913,1,challenge_12_final_stacking_colab
9495,1,0.994463,1,challenge_12_final_stacking_colab
9496,0,0.20357904,0,challenge_12_final_stacking_colab
9497,0,0.00822352,0,challenge_12_final_stacking_colab
9498,1,0.7835774,1,challenge_12_final_stacking_colab
9499,1,0.7710421,1,challenge_12_final_stacking_colab
9500,0,0.42507648,0,challenge_12_final_stacking_colab
9501,0,0.36964938,0,challenge_12_final_stacking_colab
9502,1,0.9680739,1,challenge_12_final_stacking_colab
9503,0,0.0005676213,0,challenge_12_final_stacking_colab
9504,0,0.01714602,0,challenge_12_final_stacking_colab
9505,1,0.997572,1,challenge_12_final_stacking_colab
9506,1,0.99999774,1,challenge_12_final_stacking_colab
9507,0,0.0085590575,0,challenge_12_final_stacking_colab
9508,0,0.23210365,0,challenge_12_final_stacking_colab
9509,0,0.19715418,0,challenge_12_final_stacking_colab
9510,1,0.78066933,1,challenge_12_final_stacking_colab
9511,1,0.577528,1,challenge_12_final_stacking_colab
9512,0,0.00010131147,0,challenge_12_final_stacking_colab
9513,1,0.993458,1,challenge_12_final_stacking_colab
9514,0,8.518067e-05,0,challenge_12_final_stacking_colab
9515,0,2.962933e-05,0,challenge_12_final_stacking_colab
9516,0,0.0056864815,0,challenge_12_final_stacking_colab
9517,0,0.6552279,1,challenge_12_final_stacking_colab
9518,1,0.9980661,1,challenge_12_final_stacking_colab
9519,1,0.99999976,1,challenge_12_final_stacking_colab
9520,0,0.27572837,0,challenge_12_final_stacking_colab
9521,1,0.9999999,1,challenge_12_final_stacking_colab
9522,0,0.20593359,0,challenge_12_final_stacking_colab
9523,1,0.9999982,1,challenge_12_final_stacking_colab
9524,1,0.99999917,1,challenge_12_final_stacking_colab
9525,1,0.9914787,1,challenge_12_final_stacking_colab
9526,1,0.9880051,1,challenge_12_final_stacking_colab
9527,1,0.50588626,1,challenge_12_final_stacking_colab
9528,1,0.7845696,1,challenge_12_final_stacking_colab
9529,1,0.99999344,1,challenge_12_final_stacking_colab
9530,1,0.99370337,1,challenge_12_final_stacking_colab
9531,0,0.0023092835,0,challenge_12_final_stacking_colab
9532,1,0.9972097,1,challenge_12_final_stacking_colab
9533,1,0.99999994,1,challenge_12_final_stacking_colab
9534,1,0.70724744,1,challenge_12_final_stacking_colab
9535,1,0.9702561,1,challenge_12_final_stacking_colab
9536,0,0.05141537,0,challenge_12_final_stacking_colab
9537,1,0.99576,1,challenge_12_final_stacking_colab
9538,1,0.98618126,1,challenge_12_final_stacking_colab
9539,1,0.9080739,1,challenge_12_final_stacking_colab
9540,0,9.4784016e-05,0,challenge_12_final_stacking_colab
9541,1,0.9641786,1,challenge_12_final_stacking_colab
9542,1,0.60411537,1,challenge_12_final_stacking_colab
9543,0,0.022188248,0,challenge_12_final_stacking_colab
9544,0,0.0038747126,0,challenge_12_final_stacking_colab
9545,0,2.8190148e-05,0,challenge_12_final_stacking_colab
9546,0,0.28085855,0,challenge_12_final_stacking_colab
9547,0,0.00036769442,0,challenge_12_final_stacking_colab
9548,0,0.00020051851,0,challenge_12_final_stacking_colab
9549,1,0.71834236,1,challenge_12_final_stacking_colab
9550,0,0.00025330347,0,challenge_12_final_stacking_colab
9551,0,2.6632865e-06,0,challenge_12_final_stacking_colab
9552,0,0.21414934,0,challenge_12_final_stacking_colab
9553,0,0.20576899,0,challenge_12_final_stacking_colab
9554,0,0.00019131317,0,challenge_12_final_stacking_colab
9555,0,2.4259036e-05,0,challenge_12_final_stacking_colab
9556,1,0.8941123,1,challenge_12_final_stacking_colab
9557,0,0.30229878,0,challenge_12_final_stacking_colab
9558,0,0.42911097,0,challenge_12_final_stacking_colab
9559,0,0.15189834,0,challenge_12_final_stacking_colab
9560,0,0.079862595,0,challenge_12_final_stacking_colab
9561,0,0.4270715,0,challenge_12_final_stacking_colab
9562,0,0.4683168,0,challenge_12_final_stacking_colab
9563,0,0.4250732,0,challenge_12_final_stacking_colab
9564,0,0.0044539818,0,challenge_12_final_stacking_colab
9565,1,0.99999875,1,challenge_12_final_stacking_colab
9566,0,0.15445484,0,challenge_12_final_stacking_colab
9567,1,0.7870076,1,challenge_12_final_stacking_colab
9568,1,0.9955206,1,challenge_12_final_stacking_colab
9569,0,0.36400318,0,challenge_12_final_stacking_colab
9570,0,0.21338308,0,challenge_12_final_stacking_colab
9571,1,0.9966698,1,challenge_12_final_stacking_colab
9572,1,0.9999981,1,challenge_12_final_stacking_colab
9573,0,0.022770442,0,challenge_12_final_stacking_colab
9574,0,0.2120861,0,challenge_12_final_stacking_colab
9575,0,0.0014067481,0,challenge_12_final_stacking_colab
9576,1,0.62491524,1,challenge_12_final_stacking_colab
9577,1,0.78100944,1,challenge_12_final_stacking_colab
9578,1,0.99999714,1,challenge_12_final_stacking_colab
9579,1,0.99999994,1,challenge_12_final_stacking_colab
9580,0,0.21260591,0,challenge_12_final_stacking_colab
9581,1,0.9982704,1,challenge_12_final_stacking_colab
9582,0,0.529975,1,challenge_12_final_stacking_colab
9583,1,0.9947509,1,challenge_12_final_stacking_colab
9584,0,0.001797182,0,challenge_12_final_stacking_colab
9585,1,0.99518377,1,challenge_12_final_stacking_colab
9586,0,0.0001310854,0,challenge_12_final_stacking_colab
9587,1,0.99484056,1,challenge_12_final_stacking_colab
9588,1,0.99417025,1,challenge_12_final_stacking_colab
9589,1,0.9723902,1,challenge_12_final_stacking_colab
9590,1,0.95003515,1,challenge_12_final_stacking_colab
9591,1,0.99085015,1,challenge_12_final_stacking_colab
9592,1,0.6757696,1,challenge_12_final_stacking_colab
9593,1,0.77812946,1,challenge_12_final_stacking_colab
9594,0,0.20733531,0,challenge_12_final_stacking_colab
9595,1,0.9597561,1,challenge_12_final_stacking_colab
9596,1,0.9659061,1,challenge_12_final_stacking_colab
9597,1,0.9925006,1,challenge_12_final_stacking_colab
9598,1,0.42983788,0,challenge_12_final_stacking_colab
9599,1,0.89719814,1,challenge_12_final_stacking_colab
9600,1,0.99999756,1,challenge_12_final_stacking_colab
9601,0,0.20969261,0,challenge_12_final_stacking_colab
9602,1,0.9999979,1,challenge_12_final_stacking_colab
9603,1,0.76936316,1,challenge_12_final_stacking_colab
9604,0,0.31066188,0,challenge_12_final_stacking_colab
9605,1,0.99850523,1,challenge_12_final_stacking_colab
9606,1,0.99775594,1,challenge_12_final_stacking_colab
9607,1,0.99853647,1,challenge_12_final_stacking_colab
9608,1,0.95052344,1,challenge_12_final_stacking_colab
9609,1,0.99360335,1,challenge_12_final_stacking_colab
9610,1,0.91362053,1,challenge_12_final_stacking_colab
9611,1,0.9973771,1,challenge_12_final_stacking_colab
9612,0,0.048843525,0,challenge_12_final_stacking_colab
9613,0,0.7680412,1,challenge_12_final_stacking_colab
9614,1,0.78817624,1,challenge_12_final_stacking_colab
9615,0,0.016527604,0,challenge_12_final_stacking_colab
9616,0,5.0091495e-07,0,challenge_12_final_stacking_colab
9617,1,0.5635285,1,challenge_12_final_stacking_colab
9618,0,0.21307951,0,challenge_12_final_stacking_colab
9619,1,0.7955811,1,challenge_12_final_stacking_colab
9620,0,5.778262e-06,0,challenge_12_final_stacking_colab
9621,1,0.9999999,1,challenge_12_final_stacking_colab
9622,0,0.2110237,0,challenge_12_final_stacking_colab
9623,0,0.0046246303,0,challenge_12_final_stacking_colab
9624,1,0.9999999,1,challenge_12_final_stacking_colab
9625,0,0.47896498,0,challenge_12_final_stacking_colab
9626,0,0.023830285,0,challenge_12_final_stacking_colab
9627,1,0.7874882,1,challenge_12_final_stacking_colab
9628,1,0.5331818,1,challenge_12_final_stacking_colab
9629,0,0.4859994,0,challenge_12_final_stacking_colab
9630,0,0.22985524,0,challenge_12_final_stacking_colab
9631,0,0.008427581,0,challenge_12_final_stacking_colab
9632,0,0.21320297,0,challenge_12_final_stacking_colab
9633,0,0.3829539,0,challenge_12_final_stacking_colab
9634,1,0.9907971,1,challenge_12_final_stacking_colab
9635,1,0.99582744,1,challenge_12_final_stacking_colab
9636,1,0.19984135,0,challenge_12_final_stacking_colab
9637,0,0.0019551218,0,challenge_12_final_stacking_colab
9638,0,0.002323011,0,challenge_12_final_stacking_colab
9639,1,0.9726953,1,challenge_12_final_stacking_colab
9640,0,0.0035440573,0,challenge_12_final_stacking_colab
9641,0,0.21372141,0,challenge_12_final_stacking_colab
9642,0,0.07191595,0,challenge_12_final_stacking_colab
9643,0,0.2146506,0,challenge_12_final_stacking_colab
9644,1,0.57499367,1,challenge_12_final_stacking_colab
9645,1,0.7881889,1,challenge_12_final_stacking_colab
9646,1,0.95580953,1,challenge_12_final_stacking_colab
9647,1,0.99721575,1,challenge_12_final_stacking_colab
9648,0,0.002404527,0,challenge_12_final_stacking_colab
9649,0,0.15954205,0,challenge_12_final_stacking_colab
9650,1,0.99655694,1,challenge_12_final_stacking_colab
9651,0,0.02045976,0,challenge_12_final_stacking_colab
9652,0,0.21616024,0,challenge_12_final_stacking_colab
9653,0,0.4417399,0,challenge_12_final_stacking_colab
9654,0,0.0001985669,0,challenge_12_final_stacking_colab
9655,0,0.1611847,0,challenge_12_final_stacking_colab
9656,1,0.9335532,1,challenge_12_final_stacking_colab
9657,1,0.9756509,1,challenge_12_final_stacking_colab
9658,0,0.4766557,0,challenge_12_final_stacking_colab
9659,0,0.2593506,0,challenge_12_final_stacking_colab
9660,1,0.85672194,1,challenge_12_final_stacking_colab
9661,0,0.20578519,0,challenge_12_final_stacking_colab
9662,1,0.78334016,1,challenge_12_final_stacking_colab
9663,1,0.74989593,1,challenge_12_final_stacking_colab
9664,0,0.23161672,0,challenge_12_final_stacking_colab
9665,1,0.7866622,1,challenge_12_final_stacking_colab
9666,1,0.5734677,1,challenge_12_final_stacking_colab
9667,0,7.579173e-05,0,challenge_12_final_stacking_colab
9668,0,1.0069884e-07,0,challenge_12_final_stacking_colab
9669,1,0.5774602,1,challenge_12_final_stacking_colab
9670,0,0.195198,0,challenge_12_final_stacking_colab
9671,0,0.74793637,1,challenge_12_final_stacking_colab
9672,0,0.00010783031,0,challenge_12_final_stacking_colab
9673,1,0.99999815,1,challenge_12_final_stacking_colab
9674,1,0.9999978,1,challenge_12_final_stacking_colab
9675,1,0.98958457,1,challenge_12_final_stacking_colab
9676,0,0.001448654,0,challenge_12_final_stacking_colab
9677,0,0.21239686,0,challenge_12_final_stacking_colab
9678,1,0.78751135,1,challenge_12_final_stacking_colab
9679,0,0.00786124,0,challenge_12_final_stacking_colab
9680,0,0.19032446,0,challenge_12_final_stacking_colab
9681,0,0.21577007,0,challenge_12_final_stacking_colab
9682,0,0.22344588,0,challenge_12_final_stacking_colab
9683,0,0.04161206,0,challenge_12_final_stacking_colab
9684,0,0.0008206944,0,challenge_12_final_stacking_colab
9685,0,0.3087549,0,challenge_12_final_stacking_colab
9686,1,0.9931122,1,challenge_12_final_stacking_colab
9687,0,0.23037277,0,challenge_12_final_stacking_colab
9688,0,0.031928007,0,challenge_12_final_stacking_colab
9689,1,0.78591675,1,challenge_12_final_stacking_colab
9690,0,0.19873717,0,challenge_12_final_stacking_colab
9691,1,0.7971577,1,challenge_12_final_stacking_colab
9692,1,0.78698575,1,challenge_12_final_stacking_colab
9693,1,0.59218705,1,challenge_12_final_stacking_colab
9694,0,0.21295863,0,challenge_12_final_stacking_colab
9695,1,0.9984808,1,challenge_12_final_stacking_colab
9696,1,0.8011422,1,challenge_12_final_stacking_colab
9697,0,0.0033687495,0,challenge_12_final_stacking_colab
9698,0,0.49698117,1,challenge_12_final_stacking_colab
9699,0,5.7500007e-08,0,challenge_12_final_stacking_colab
9700,1,0.9853396,1,challenge_12_final_stacking_colab
9701,1,0.99360776,1,challenge_12_final_stacking_colab
9702,1,0.99999994,1,challenge_12_final_stacking_colab
9703,0,0.42501688,0,challenge_12_final_stacking_colab
9704,1,0.789353,1,challenge_12_final_stacking_colab
9705,0,0.23529497,0,challenge_12_final_stacking_colab
9706,1,0.25918248,0,challenge_12_final_stacking_colab
9707,1,0.78433466,1,challenge_12_final_stacking_colab
9708,0,2.8879677e-07,0,challenge_12_final_stacking_colab
9709,0,0.171465,0,challenge_12_final_stacking_colab
9710,1,0.67903614,1,challenge_12_final_stacking_colab
9711,1,0.7084519,1,challenge_12_final_stacking_colab
9712,1,0.99373096,1,challenge_12_final_stacking_colab
9713,1,0.79618305,1,challenge_12_final_stacking_colab
9714,1,0.976308,1,challenge_12_final_stacking_colab
9715,1,0.9977996,1,challenge_12_final_stacking_colab
9716,0,0.1441406,0,challenge_12_final_stacking_colab
9717,0,0.21174812,0,challenge_12_final_stacking_colab
9718,1,0.77470165,1,challenge_12_final_stacking_colab
9719,0,0.0031470957,0,challenge_12_final_stacking_colab
9720,0,5.625902e-06,0,challenge_12_final_stacking_colab
9721,1,0.9999989,1,challenge_12_final_stacking_colab
9722,0,0.62841797,1,challenge_12_final_stacking_colab
9723,0,0.20527612,0,challenge_12_final_stacking_colab
9724,0,0.2142996,0,challenge_12_final_stacking_colab
9725,0,0.06210367,0,challenge_12_final_stacking_colab
9726,0,0.21946213,0,challenge_12_final_stacking_colab
9727,1,0.85272956,1,challenge_12_final_stacking_colab
9728,0,0.21524252,0,challenge_12_final_stacking_colab
9729,0,3.1849888e-07,0,challenge_12_final_stacking_colab
9730,0,0.005325902,0,challenge_12_final_stacking_colab
9731,1,0.9942456,1,challenge_12_final_stacking_colab
9732,0,0.00028886806,0,challenge_12_final_stacking_colab
9733,1,0.74213517,1,challenge_12_final_stacking_colab
9734,0,0.00025085986,0,challenge_12_final_stacking_colab
9735,0,0.14873052,0,challenge_12_final_stacking_colab
9736,0,0.21106775,0,challenge_12_final_stacking_colab
9737,0,0.21244301,0,challenge_12_final_stacking_colab
9738,1,0.99999964,1,challenge_12_final_stacking_colab
9739,1,0.34684303,0,challenge_12_final_stacking_colab
9740,0,2.2411743e-05,0,challenge_12_final_stacking_colab
9741,1,0.99999875,1,challenge_12_final_stacking_colab
9742,0,0.013072352,0,challenge_12_final_stacking_colab
9743,1,0.9947481,1,challenge_12_final_stacking_colab
9744,0,2.1369988e-05,0,challenge_12_final_stacking_colab
9745,1,0.5717,1,challenge_12_final_stacking_colab
9746,0,0.1665897,0,challenge_12_final_stacking_colab
9747,1,0.7899637,1,challenge_12_final_stacking_colab
9748,1,0.98723227,1,challenge_12_final_stacking_colab
9749,1,0.999998,1,challenge_12_final_stacking_colab
9750,0,0.22669888,0,challenge_12_final_stacking_colab
9751,0,0.21244326,0,challenge_12_final_stacking_colab
9752,0,0.22227086,0,challenge_12_final_stacking_colab
9753,0,0.20685092,0,challenge_12_final_stacking_colab
9754,1,0.80218077,1,challenge_12_final_stacking_colab
9755,1,0.9926668,1,challenge_12_final_stacking_colab
9756,0,0.24849206,0,challenge_12_final_stacking_colab
9757,0,0.21132307,0,challenge_12_final_stacking_colab
9758,0,0.29226008,0,challenge_12_final_stacking_colab
9759,1,0.9332372,1,challenge_12_final_stacking_colab
9760,1,0.9999982,1,challenge_12_final_stacking_colab
9761,0,0.20568804,0,challenge_12_final_stacking_colab
9762,0,0.0001287701,0,challenge_12_final_stacking_colab
9763,1,0.98777187,1,challenge_12_final_stacking_colab
9764,0,0.4360756,0,challenge_12_final_stacking_colab
9765,1,0.99999374,1,challenge_12_final_stacking_colab
9766,1,0.999999,1,challenge_12_final_stacking_colab
9767,1,0.99817014,1,challenge_12_final_stacking_colab
9768,1,0.9760928,1,challenge_12_final_stacking_colab
9769,1,0.9864358,1,challenge_12_final_stacking_colab
9770,1,0.99264604,1,challenge_12_final_stacking_colab
9771,0,0.18950686,0,challenge_12_final_stacking_colab
9772,1,0.7877018,1,challenge_12_final_stacking_colab
9773,0,0.0018728811,0,challenge_12_final_stacking_colab
9774,1,0.5749995,1,challenge_12_final_stacking_colab
9775,0,0.16351916,0,challenge_12_final_stacking_colab
9776,0,0.4286736,0,challenge_12_final_stacking_colab
9777,0,0.0007141715,0,challenge_12_final_stacking_colab
9778,0,7.415985e-05,0,challenge_12_final_stacking_colab
9779,1,0.9968773,1,challenge_12_final_stacking_colab
9780,0,0.1898315,0,challenge_12_final_stacking_colab
9781,0,0.060230847,0,challenge_12_final_stacking_colab
9782,1,0.58021945,1,challenge_12_final_stacking_colab
9783,1,0.9944141,1,challenge_12_final_stacking_colab
9784,1,0.93605417,1,challenge_12_final_stacking_colab
9785,1,0.6059593,1,challenge_12_final_stacking_colab
9786,0,0.043546315,0,challenge_12_final_stacking_colab
9787,0,0.0016944085,0,challenge_12_final_stacking_colab
9788,0,0.084027,0,challenge_12_final_stacking_colab
9789,0,0.20633742,0,challenge_12_final_stacking_colab
9790,1,0.99999964,1,challenge_12_final_stacking_colab
9791,1,0.99242455,1,challenge_12_final_stacking_colab
9792,1,0.6778377,1,challenge_12_final_stacking_colab
9793,1,0.9999993,1,challenge_12_final_stacking_colab
9794,0,1.8945989e-06,0,challenge_12_final_stacking_colab
9795,0,0.21297635,0,challenge_12_final_stacking_colab
9796,1,0.79247594,1,challenge_12_final_stacking_colab
9797,0,0.21319279,0,challenge_12_final_stacking_colab
9798,0,0.17389546,0,challenge_12_final_stacking_colab
9799,1,0.9752069,1,challenge_12_final_stacking_colab
9800,1,0.99999493,1,challenge_12_final_stacking_colab
9801,0,0.2107588,0,challenge_12_final_stacking_colab
9802,0,0.51476717,1,challenge_12_final_stacking_colab
9803,1,0.9999999,1,challenge_12_final_stacking_colab
9804,1,0.91420025,1,challenge_12_final_stacking_colab
9805,0,0.23358239,0,challenge_12_final_stacking_colab
9806,0,0.42525044,0,challenge_12_final_stacking_colab
9807,1,0.78881323,1,challenge_12_final_stacking_colab
9808,1,0.98602647,1,challenge_12_final_stacking_colab
9809,0,2.714936e-05,0,challenge_12_final_stacking_colab
9810,1,0.97337836,1,challenge_12_final_stacking_colab
9811,1,0.77994555,1,challenge_12_final_stacking_colab
9812,1,0.787885,1,challenge_12_final_stacking_colab
9813,1,0.9999987,1,challenge_12_final_stacking_colab
9814,1,0.98924005,1,challenge_12_final_stacking_colab
9815,1,0.99161154,1,challenge_12_final_stacking_colab
9816,0,0.0011106611,0,challenge_12_final_stacking_colab
9817,1,0.99998957,1,challenge_12_final_stacking_colab
9818,0,0.0026830793,0,challenge_12_final_stacking_colab
9819,0,0.052477192,0,challenge_12_final_stacking_colab
9820,0,0.08133201,0,challenge_12_final_stacking_colab
9821,1,0.56030244,1,challenge_12_final_stacking_colab
9822,1,0.98466897,1,challenge_12_final_stacking_colab
9823,1,0.99999887,1,challenge_12_final_stacking_colab
9824,0,9.135163e-05,0,challenge_12_final_stacking_colab
9825,0,5.241046e-05,0,challenge_12_final_stacking_colab
9826,0,0.7442529,1,challenge_12_final_stacking_colab
9827,1,0.42779955,0,challenge_12_final_stacking_colab
9828,1,0.9999987,1,challenge_12_final_stacking_colab
9829,0,0.036987804,0,challenge_12_final_stacking_colab
9830,1,0.9155661,1,challenge_12_final_stacking_colab
9831,0,0.006926236,0,challenge_12_final_stacking_colab
9832,1,0.73297215,1,challenge_12_final_stacking_colab
9833,1,0.63558185,1,challenge_12_final_stacking_colab
9834,1,0.9999973,1,challenge_12_final_stacking_colab
9835,0,0.014800328,0,challenge_12_final_stacking_colab
9836,0,0.0672922,0,challenge_12_final_stacking_colab
9837,0,0.13371767,0,challenge_12_final_stacking_colab
9838,1,0.8638071,1,challenge_12_final_stacking_colab
9839,1,0.7879768,1,challenge_12_final_stacking_colab
9840,0,0.0016020373,0,challenge_12_final_stacking_colab
9841,0,0.003787029,0,challenge_12_final_stacking_colab
9842,1,0.9966982,1,challenge_12_final_stacking_colab
9843,0,0.0018647894,0,challenge_12_final_stacking_colab
9844,0,0.21371284,0,challenge_12_final_stacking_colab
9845,0,0.21478285,0,challenge_12_final_stacking_colab
9846,0,0.213678,0,challenge_12_final_stacking_colab
9847,1,0.99999976,1,challenge_12_final_stacking_colab
9848,1,0.6178509,1,challenge_12_final_stacking_colab
9849,1,0.47306582,0,challenge_12_final_stacking_colab
9850,0,0.45695028,0,challenge_12_final_stacking_colab
9851,0,1.5498585e-05,0,challenge_12_final_stacking_colab
9852,1,0.32645687,0,challenge_12_final_stacking_colab
9853,1,0.9981948,1,challenge_12_final_stacking_colab
9854,1,0.99999917,1,challenge_12_final_stacking_colab
9855,0,0.2161436,0,challenge_12_final_stacking_colab
9856,1,0.9999999,1,challenge_12_final_stacking_colab
9857,0,0.19946954,0,challenge_12_final_stacking_colab
9858,0,4.408086e-06,0,challenge_12_final_stacking_colab
9859,0,0.16978675,0,challenge_12_final_stacking_colab
9860,1,0.9713222,1,challenge_12_final_stacking_colab
9861,0,0.21877103,0,challenge_12_final_stacking_colab
9862,1,0.7573112,1,challenge_12_final_stacking_colab
9863,0,0.47446272,0,challenge_12_final_stacking_colab
9864,0,0.6080592,1,challenge_12_final_stacking_colab
9865,1,0.99700886,1,challenge_12_final_stacking_colab
9866,0,3.42404e-05,0,challenge_12_final_stacking_colab
9867,1,0.99394274,1,challenge_12_final_stacking_colab
9868,1,0.9911585,1,challenge_12_final_stacking_colab
9869,1,0.7651307,1,challenge_12_final_stacking_colab
9870,1,0.99489385,1,challenge_12_final_stacking_colab
9871,0,0.019852148,0,challenge_12_final_stacking_colab
9872,1,0.99999154,1,challenge_12_final_stacking_colab
9873,1,0.5749997,1,challenge_12_final_stacking_colab
9874,0,0.2143332,0,challenge_12_final_stacking_colab
9875,0,0.15708904,0,challenge_12_final_stacking_colab
9876,1,0.9943761,1,challenge_12_final_stacking_colab
9877,0,0.0035902506,0,challenge_12_final_stacking_colab
9878,0,0.021265566,0,challenge_12_final_stacking_colab
9879,0,1.6942241e-06,0,challenge_12_final_stacking_colab
9880,0,0.43719444,0,challenge_12_final_stacking_colab
9881,0,2.7588876e-05,0,challenge_12_final_stacking_colab
9882,1,0.99151576,1,challenge_12_final_stacking_colab
9883,1,0.93539065,1,challenge_12_final_stacking_colab
9884,1,0.9943115,1,challenge_12_final_stacking_colab
9885,1,0.679052,1,challenge_12_final_stacking_colab
9886,0,0.02999497,0,challenge_12_final_stacking_colab
9887,0,0.22190544,0,challenge_12_final_stacking_colab
9888,0,0.0075098188,0,challenge_12_final_stacking_colab
9889,0,0.44342408,0,challenge_12_final_stacking_colab
9890,0,1.3270065e-05,0,challenge_12_final_stacking_colab
9891,0,0.22222652,0,challenge_12_final_stacking_colab
9892,1,0.99999976,1,challenge_12_final_stacking_colab
9893,1,0.9999998,1,challenge_12_final_stacking_colab
9894,0,0.24094963,0,challenge_12_final_stacking_colab
9895,1,0.7020377,1,challenge_12_final_stacking_colab
9896,0,1.3534581e-05,0,challenge_12_final_stacking_colab
9897,1,0.98143864,1,challenge_12_final_stacking_colab
9898,0,0.00028228876,0,challenge_12_final_stacking_colab
9899,0,0.0070674894,0,challenge_12_final_stacking_colab
9900,0,0.24319175,0,challenge_12_final_stacking_colab
9901,1,0.9774552,1,challenge_12_final_stacking_colab
9902,1,0.9981933,1,challenge_12_final_stacking_colab
9903,0,0.23178688,0,challenge_12_final_stacking_colab
9904,0,0.006370485,0,challenge_12_final_stacking_colab
9905,0,0.20267402,0,challenge_12_final_stacking_colab
9906,1,0.9956693,1,challenge_12_final_stacking_colab
9907,0,0.0001389584,0,challenge_12_final_stacking_colab
9908,0,0.03504369,0,challenge_12_final_stacking_colab
9909,0,0.0014851523,0,challenge_12_final_stacking_colab
9910,1,0.7898868,1,challenge_12_final_stacking_colab
9911,0,0.21468309,0,challenge_12_final_stacking_colab
9912,1,0.7338407,1,challenge_12_final_stacking_colab
9913,0,0.29805517,0,challenge_12_final_stacking_colab
9914,0,0.23266675,0,challenge_12_final_stacking_colab
9915,0,0.00039004997,0,challenge_12_final_stacking_colab
9916,0,0.23335542,0,challenge_12_final_stacking_colab
9917,1,0.4646968,0,challenge_12_final_stacking_colab
9918,1,0.99790835,1,challenge_12_final_stacking_colab
9919,1,0.6884298,1,challenge_12_final_stacking_colab
9920,1,0.99999994,1,challenge_12_final_stacking_colab
9921,0,0.42950967,0,challenge_12_final_stacking_colab
9922,0,0.30036274,0,challenge_12_final_stacking_colab
9923,0,0.21197589,0,challenge_12_final_stacking_colab
9924,1,0.99174386,1,challenge_12_final_stacking_colab
9925,1,0.9862376,1,challenge_12_final_stacking_colab
9926,0,0.39486167,0,challenge_12_final_stacking_colab
9927,1,0.5749986,1,challenge_12_final_stacking_colab
9928,1,0.95794475,1,challenge_12_final_stacking_colab
9929,0,0.21566807,0,challenge_12_final_stacking_colab
9930,1,0.84216064,1,challenge_12_final_stacking_colab
9931,0,0.4260882,0,challenge_12_final_stacking_colab
9932,1,0.78458893,1,challenge_12_final_stacking_colab
9933,1,0.66019076,1,challenge_12_final_stacking_colab
9934,0,0.202456,0,challenge_12_final_stacking_colab
9935,1,0.5194203,1,challenge_12_final_stacking_colab
9936,0,0.014703076,0,challenge_12_final_stacking_colab
9937,1,0.868749,1,challenge_12_final_stacking_colab
9938,1,0.7317296,1,challenge_12_final_stacking_colab
9939,0,0.29862976,0,challenge_12_final_stacking_colab
9940,0,0.31777355,0,challenge_12_final_stacking_colab
9941,1,0.9916976,1,challenge_12_final_stacking_colab
9942,1,0.7861448,1,challenge_12_final_stacking_colab
9943,1,0.9956741,1,challenge_12_final_stacking_colab
9944,0,0.18445915,0,challenge_12_final_stacking_colab
9945,1,0.9999999,1,challenge_12_final_stacking_colab
9946,0,0.02063096,0,challenge_12_final_stacking_colab
9947,1,0.7841258,1,challenge_12_final_stacking_colab
9948,1,0.9569684,1,challenge_12_final_stacking_colab
9949,0,0.06933066,0,challenge_12_final_stacking_colab
9950,0,0.0012514775,0,challenge_12_final_stacking_colab
9951,0,0.43223813,0,challenge_12_final_stacking_colab
9952,1,0.99060386,1,challenge_12_final_stacking_colab
9953,1,0.5749916,1,challenge_12_final_stacking_colab
9954,0,0.079216,0,challenge_12_final_stacking_colab
9955,0,0.46259198,0,challenge_12_final_stacking_colab
9956,1,0.7240519,1,challenge_12_final_stacking_colab
9957,1,0.9943062,1,challenge_12_final_stacking_colab
9958,1,0.7379841,1,challenge_12_final_stacking_colab
9959,0,0.00046414218,0,challenge_12_final_stacking_colab
9960,1,0.96012336,1,challenge_12_final_stacking_colab
9961,1,0.79005235,1,challenge_12_final_stacking_colab
9962,1,0.9999997,1,challenge_12_final_stacking_colab
9963,0,0.015227118,0,challenge_12_final_stacking_colab
9964,0,0.010567032,0,challenge_12_final_stacking_colab
9965,1,0.78919363,1,challenge_12_final_stacking_colab
9966,1,0.74381983,1,challenge_12_final_stacking_colab
9967,0,0.21803916,0,challenge_12_final_stacking_colab
9968,0,0.2125298,0,challenge_12_final_stacking_colab
9969,1,0.99999994,1,challenge_12_final_stacking_colab
9970,0,0.21161406,0,challenge_12_final_stacking_colab
9971,0,0.0006458694,0,challenge_12_final_stacking_colab
9972,0,0.2108527,0,challenge_12_final_stacking_colab
9973,1,0.9971316,1,challenge_12_final_stacking_colab
9974,1,0.78979224,1,challenge_12_final_stacking_colab
9975,1,0.95046926,1,challenge_12_final_stacking_colab
9976,1,0.99206656,1,challenge_12_final_stacking_colab
9977,1,0.99125046,1,challenge_12_final_stacking_colab
9978,1,0.56280166,1,challenge_12_final_stacking_colab
9979,1,0.9966331,1,challenge_12_final_stacking_colab
9980,0,0.01130446,0,challenge_12_final_stacking_colab
9981,1,0.99320745,1,challenge_12_final_stacking_colab
9982,0,0.001760091,0,challenge_12_final_stacking_colab
9983,1,0.9853767,1,challenge_12_final_stacking_colab
9984,0,0.014180682,0,challenge_12_final_stacking_colab
9985,1,0.78889924,1,challenge_12_final_stacking_colab
9986,0,5.3398435e-06,0,challenge_12_final_stacking_colab
9987,1,0.63563037,1,challenge_12_final_stacking_colab
9988,0,0.42534077,0,challenge_12_final_stacking_colab
9989,0,0.0024239128,0,challenge_12_final_stacking_colab
9990,0,0.22573869,0,challenge_12_final_stacking_colab
9991,0,0.3971082,0,challenge_12_final_stacking_colab
9992,0,4.6479796e-05,0,challenge_12_final_stacking_colab
9993,1,0.78897285,1,challenge_12_final_stacking_colab
9994,0,0.0006747097,0,challenge_12_final_stacking_colab
9995,0,0.20830013,0,challenge_12_final_stacking_colab
9996,0,0.43359652,0,challenge_12_final_stacking_colab
9997,1,0.7391467,1,challenge_12_final_stacking_colab
9998,1,0.50919837,1,challenge_12_final_stacking_colab
9999,0,0.42507184,0,challenge_12_final_stacking_colab
10000,1,0.77944326,1,challenge_12_final_stacking_colab
