candidate_id,source,signature,clean__method,scale__method,pca__n_components,model__n_neighbors,model__metric,params_json,stage,cv_mean_accuracy,cv_std_accuracy,mean_removed_rows,total_fit_seconds,completed_folds
stage3_781,stage3_seed_3,"{""clean__method"": ""none"", ""model__metric"": ""manhattan"", ""model__n_neighbors"": 2, ""model__weights"": ""distance"", ""pca__n_components"": 64, ""scale__method"": ""standard""}",none,standard,64,2,manhattan,"{""clean__method"": ""none"", ""model__metric"": ""manhattan"", ""model__n_neighbors"": 2, ""model__weights"": ""distance"", ""pca__n_components"": 64, ""scale__method"": ""standard""}",stage3_local_cv,0.7986249999999999,0.0069641941385920544,0.0,5.418,5
stage3_709,stage3_seed_3,"{""clean__method"": ""lof_0.05"", ""model__metric"": ""manhattan"", ""model__n_neighbors"": 2, ""model__weights"": ""distance"", ""pca__n_components"": 64, ""scale__method"": ""robust""}",lof_0.05,robust,64,2,manhattan,"{""clean__method"": ""lof_0.05"", ""model__metric"": ""manhattan"", ""model__n_neighbors"": 2, ""model__weights"": ""distance"", ""pca__n_components"": 64, ""scale__method"": ""robust""}",stage3_local_cv,0.79825,0.007850159234053791,320.0,8.222000000000001,5
stage3_661,stage3_seed_3,"{""clean__method"": ""lof_0.03"", ""model__metric"": ""manhattan"", ""model__n_neighbors"": 2, ""model__weights"": ""distance"", ""pca__n_components"": 64, ""scale__method"": ""robust""}",lof_0.03,robust,64,2,manhattan,"{""clean__method"": ""lof_0.03"", ""model__metric"": ""manhattan"", ""model__n_neighbors"": 2, ""model__weights"": ""distance"", ""pca__n_components"": 64, ""scale__method"": ""robust""}",stage3_local_cv,0.797625,0.009645270861930197,192.0,8.567,5
stage3_685,stage3_seed_3,"{""clean__method"": ""lof_0.03"", ""model__metric"": ""manhattan"", ""model__n_neighbors"": 2, ""model__weights"": ""distance"", ""pca__n_components"": 64, ""scale__method"": ""standard""}",lof_0.03,standard,64,2,manhattan,"{""clean__method"": ""lof_0.03"", ""model__metric"": ""manhattan"", ""model__n_neighbors"": 2, ""model__weights"": ""distance"", ""pca__n_components"": 64, ""scale__method"": ""standard""}",stage3_local_cv,0.79675,0.011176146473628568,192.0,6.986999999999999,5
stage3_017,stage3_seed_0,"{""clean__method"": ""lof_0.03"", ""model__metric"": ""manhattan"", ""model__n_neighbors"": 4, ""model__weights"": ""distance"", ""pca__n_components"": 44, ""scale__method"": ""robust""}",lof_0.03,robust,44,4,manhattan,"{""clean__method"": ""lof_0.03"", ""model__metric"": ""manhattan"", ""model__n_neighbors"": 4, ""model__weights"": ""distance"", ""pca__n_components"": 44, ""scale__method"": ""robust""}",stage3_local_cv,0.796625,0.007284401142166747,192.0,6.272,5
stage3_757,stage3_seed_3,"{""clean__method"": ""none"", ""model__metric"": ""manhattan"", ""model__n_neighbors"": 2, ""model__weights"": ""distance"", ""pca__n_components"": 64, ""scale__method"": ""robust""}",none,robust,64,2,manhattan,"{""clean__method"": ""none"", ""model__metric"": ""manhattan"", ""model__n_neighbors"": 2, ""model__weights"": ""distance"", ""pca__n_components"": 64, ""scale__method"": ""robust""}",stage3_local_cv,0.7965,0.007568437751610318,0.0,5.74,5
stage3_029,stage3_seed_0,"{""clean__method"": ""lof_0.03"", ""model__metric"": ""manhattan"", ""model__n_neighbors"": 4, ""model__weights"": ""distance"", ""pca__n_components"": 48, ""scale__method"": ""robust""}",lof_0.03,robust,48,4,manhattan,"{""clean__method"": ""lof_0.03"", ""model__metric"": ""manhattan"", ""model__n_neighbors"": 4, ""model__weights"": ""distance"", ""pca__n_components"": 48, ""scale__method"": ""robust""}",stage3_local_cv,0.7965,0.010028085560065788,192.0,6.92,5
stage3_733,stage3_seed_3,"{""clean__method"": ""lof_0.05"", ""model__metric"": ""manhattan"", ""model__n_neighbors"": 2, ""model__weights"": ""distance"", ""pca__n_components"": 64, ""scale__method"": ""standard""}",lof_0.05,standard,64,2,manhattan,"{""clean__method"": ""lof_0.05"", ""model__metric"": ""manhattan"", ""model__n_neighbors"": 2, ""model__weights"": ""distance"", ""pca__n_components"": 64, ""scale__method"": ""standard""}",stage3_local_cv,0.7965,0.002755675960631059,320.0,7.186999999999999,5
stage3_161,stage3_seed_0,"{""clean__method"": ""lof_0.05"", ""model__metric"": ""manhattan"", ""model__n_neighbors"": 4, ""model__weights"": ""distance"", ""pca__n_components"": 52, ""scale__method"": ""robust""}",lof_0.05,robust,52,4,manhattan,"{""clean__method"": ""lof_0.05"", ""model__metric"": ""manhattan"", ""model__n_neighbors"": 4, ""model__weights"": ""distance"", ""pca__n_components"": 52, ""scale__method"": ""robust""}",stage3_local_cv,0.7962499999999999,0.010658036873646113,320.0,7.523,5
stage3_137,stage3_seed_0,"{""clean__method"": ""lof_0.05"", ""model__metric"": ""manhattan"", ""model__n_neighbors"": 4, ""model__weights"": ""distance"", ""pca__n_components"": 44, ""scale__method"": ""robust""}",lof_0.05,robust,44,4,manhattan,"{""clean__method"": ""lof_0.05"", ""model__metric"": ""manhattan"", ""model__n_neighbors"": 4, ""model__weights"": ""distance"", ""pca__n_components"": 44, ""scale__method"": ""robust""}",stage3_local_cv,0.795875,0.008183443651666466,320.0,6.8420000000000005,5
stage3_317,stage3_seed_0,"{""clean__method"": ""none"", ""model__metric"": ""manhattan"", ""model__n_neighbors"": 4, ""model__weights"": ""distance"", ""pca__n_components"": 44, ""scale__method"": ""standard""}",none,standard,44,4,manhattan,"{""clean__method"": ""none"", ""model__metric"": ""manhattan"", ""model__n_neighbors"": 4, ""model__weights"": ""distance"", ""pca__n_components"": 44, ""scale__method"": ""standard""}",stage3_local_cv,0.795625,0.006754628043053152,0.0,4.028,5
stage3_281,stage3_seed_0,"{""clean__method"": ""none"", ""model__metric"": ""manhattan"", ""model__n_neighbors"": 4, ""model__weights"": ""distance"", ""pca__n_components"": 52, ""scale__method"": ""robust""}",none,robust,52,4,manhattan,"{""clean__method"": ""none"", ""model__metric"": ""manhattan"", ""model__n_neighbors"": 4, ""model__weights"": ""distance"", ""pca__n_components"": 52, ""scale__method"": ""robust""}",stage3_local_cv,0.795375,0.005763570941699278,0.0,4.840999999999999,5
stage3_149,stage3_seed_0,"{""clean__method"": ""lof_0.05"", ""model__metric"": ""manhattan"", ""model__n_neighbors"": 4, ""model__weights"": ""distance"", ""pca__n_components"": 48, ""scale__method"": ""robust""}",lof_0.05,robust,48,4,manhattan,"{""clean__method"": ""lof_0.05"", ""model__metric"": ""manhattan"", ""model__n_neighbors"": 4, ""model__weights"": ""distance"", ""pca__n_components"": 48, ""scale__method"": ""robust""}",stage3_local_cv,0.795,0.010185774393731667,320.0,6.997000000000001,5
stage3_257,stage3_seed_0,"{""clean__method"": ""none"", ""model__metric"": ""manhattan"", ""model__n_neighbors"": 4, ""model__weights"": ""distance"", ""pca__n_components"": 44, ""scale__method"": ""robust""}",none,robust,44,4,manhattan,"{""clean__method"": ""none"", ""model__metric"": ""manhattan"", ""model__n_neighbors"": 4, ""model__weights"": ""distance"", ""pca__n_components"": 44, ""scale__method"": ""robust""}",stage3_local_cv,0.7949999999999999,0.00467707173346744,0.0,4.087,5
stage3_197,stage3_seed_0,"{""clean__method"": ""lof_0.05"", ""model__metric"": ""manhattan"", ""model__n_neighbors"": 4, ""model__weights"": ""distance"", ""pca__n_components"": 44, ""scale__method"": ""standard""}",lof_0.05,standard,44,4,manhattan,"{""clean__method"": ""lof_0.05"", ""model__metric"": ""manhattan"", ""model__n_neighbors"": 4, ""model__weights"": ""distance"", ""pca__n_components"": 44, ""scale__method"": ""standard""}",stage3_local_cv,0.794875,0.010272840405652184,320.0,5.8309999999999995,5
stage3_341,stage3_seed_0,"{""clean__method"": ""none"", ""model__metric"": ""manhattan"", ""model__n_neighbors"": 4, ""model__weights"": ""distance"", ""pca__n_components"": 52, ""scale__method"": ""standard""}",none,standard,52,4,manhattan,"{""clean__method"": ""none"", ""model__metric"": ""manhattan"", ""model__n_neighbors"": 4, ""model__weights"": ""distance"", ""pca__n_components"": 52, ""scale__method"": ""standard""}",stage3_local_cv,0.794625,0.0033680483963268756,0.0,4.45,5
stage3_673,stage3_seed_3,"{""clean__method"": ""lof_0.03"", ""model__metric"": ""manhattan"", ""model__n_neighbors"": 2, ""model__weights"": ""distance"", ""pca__n_components"": 60, ""scale__method"": ""standard""}",lof_0.03,standard,60,2,manhattan,"{""clean__method"": ""lof_0.03"", ""model__metric"": ""manhattan"", ""model__n_neighbors"": 2, ""model__weights"": ""distance"", ""pca__n_components"": 60, ""scale__method"": ""standard""}",stage3_local_cv,0.794375,0.008696263565463061,192.0,6.702000000000001,5
stage3_101,stage3_seed_0,"{""clean__method"": ""lof_0.03"", ""model__metric"": ""manhattan"", ""model__n_neighbors"": 4, ""model__weights"": ""distance"", ""pca__n_components"": 52, ""scale__method"": ""standard""}",lof_0.03,standard,52,4,manhattan,"{""clean__method"": ""lof_0.03"", ""model__metric"": ""manhattan"", ""model__n_neighbors"": 4, ""model__weights"": ""distance"", ""pca__n_components"": 52, ""scale__method"": ""standard""}",stage3_local_cv,0.7943749999999999,0.006766184301362184,192.0,6.381,5
stage3_053,stage3_seed_0,"{""clean__method"": ""lof_0.03"", ""model__metric"": ""manhattan"", ""model__n_neighbors"": 4, ""model__weights"": ""distance"", ""pca__n_components"": 56, ""scale__method"": ""robust""}",lof_0.03,robust,56,4,manhattan,"{""clean__method"": ""lof_0.03"", ""model__metric"": ""manhattan"", ""model__n_neighbors"": 4, ""model__weights"": ""distance"", ""pca__n_components"": 56, ""scale__method"": ""robust""}",stage3_local_cv,0.7943749999999999,0.004541475531146251,192.0,7.375,5
stage3_077,stage3_seed_0,"{""clean__method"": ""lof_0.03"", ""model__metric"": ""manhattan"", ""model__n_neighbors"": 4, ""model__weights"": ""distance"", ""pca__n_components"": 44, ""scale__method"": ""standard""}",lof_0.03,standard,44,4,manhattan,"{""clean__method"": ""lof_0.03"", ""model__metric"": ""manhattan"", ""model__n_neighbors"": 4, ""model__weights"": ""distance"", ""pca__n_components"": 44, ""scale__method"": ""standard""}",stage3_local_cv,0.79425,0.010416333327999846,192.0,5.64,5
stage3_173,stage3_seed_0,"{""clean__method"": ""lof_0.05"", ""model__metric"": ""manhattan"", ""model__n_neighbors"": 4, ""model__weights"": ""distance"", ""pca__n_components"": 56, ""scale__method"": ""robust""}",lof_0.05,robust,56,4,manhattan,"{""clean__method"": ""lof_0.05"", ""model__metric"": ""manhattan"", ""model__n_neighbors"": 4, ""model__weights"": ""distance"", ""pca__n_components"": 56, ""scale__method"": ""robust""}",stage3_local_cv,0.7942499999999999,0.006354132513569428,320.0,6.761000000000001,5
stage3_745,stage3_seed_3,"{""clean__method"": ""none"", ""model__metric"": ""manhattan"", ""model__n_neighbors"": 2, ""model__weights"": ""distance"", ""pca__n_components"": 60, ""scale__method"": ""robust""}",none,robust,60,2,manhattan,"{""clean__method"": ""none"", ""model__metric"": ""manhattan"", ""model__n_neighbors"": 2, ""model__weights"": ""distance"", ""pca__n_components"": 60, ""scale__method"": ""robust""}",stage3_local_cv,0.794125,0.00899305287430246,0.0,5.187000000000001,5
stage3_449,stage3_seed_0,"{""clean__method"": ""tomek"", ""model__metric"": ""manhattan"", ""model__n_neighbors"": 4, ""model__weights"": ""distance"", ""pca__n_components"": 48, ""scale__method"": ""standard""}",tomek,standard,48,4,manhattan,"{""clean__method"": ""tomek"", ""model__metric"": ""manhattan"", ""model__n_neighbors"": 4, ""model__weights"": ""distance"", ""pca__n_components"": 48, ""scale__method"": ""standard""}",stage3_local_cv,0.794125,0.003570714214271428,160.0,7.711,5
stage3_409,stage3_seed_0,"{""clean__method"": ""tomek"", ""model__metric"": ""manhattan"", ""model__n_neighbors"": 2, ""model__weights"": ""distance"", ""pca__n_components"": 56, ""scale__method"": ""robust""}",tomek,robust,56,2,manhattan,"{""clean__method"": ""tomek"", ""model__metric"": ""manhattan"", ""model__n_neighbors"": 2, ""model__weights"": ""distance"", ""pca__n_components"": 56, ""scale__method"": ""robust""}",stage3_local_cv,0.794125,0.004818583816849076,160.0,8.885,5
stage3_329,stage3_seed_0,"{""clean__method"": ""none"", ""model__metric"": ""manhattan"", ""model__n_neighbors"": 4, ""model__weights"": ""distance"", ""pca__n_components"": 48, ""scale__method"": ""standard""}",none,standard,48,4,manhattan,"{""clean__method"": ""none"", ""model__metric"": ""manhattan"", ""model__n_neighbors"": 4, ""model__weights"": ""distance"", ""pca__n_components"": 48, ""scale__method"": ""standard""}",stage3_local_cv,0.794,0.005910795208768448,0.0,4.211,5
stage3_089,stage3_seed_0,"{""clean__method"": ""lof_0.03"", ""model__metric"": ""manhattan"", ""model__n_neighbors"": 4, ""model__weights"": ""distance"", ""pca__n_components"": 48, ""scale__method"": ""standard""}",lof_0.03,standard,48,4,manhattan,"{""clean__method"": ""lof_0.03"", ""model__metric"": ""manhattan"", ""model__n_neighbors"": 4, ""model__weights"": ""distance"", ""pca__n_components"": 48, ""scale__method"": ""standard""}",stage3_local_cv,0.794,0.007990228407248438,192.0,6.0,5
stage3_041,stage3_seed_0,"{""clean__method"": ""lof_0.03"", ""model__metric"": ""manhattan"", ""model__n_neighbors"": 4, ""model__weights"": ""distance"", ""pca__n_components"": 52, ""scale__method"": ""robust""}",lof_0.03,robust,52,4,manhattan,"{""clean__method"": ""lof_0.03"", ""model__metric"": ""manhattan"", ""model__n_neighbors"": 4, ""model__weights"": ""distance"", ""pca__n_components"": 52, ""scale__method"": ""robust""}",stage3_local_cv,0.7939999999999999,0.007990228407248452,192.0,7.12,5
stage3_097,stage3_seed_0,"{""clean__method"": ""lof_0.03"", ""model__metric"": ""manhattan"", ""model__n_neighbors"": 2, ""model__weights"": ""distance"", ""pca__n_components"": 52, ""scale__method"": ""standard""}",lof_0.03,standard,52,2,manhattan,"{""clean__method"": ""lof_0.03"", ""model__metric"": ""manhattan"", ""model__n_neighbors"": 2, ""model__weights"": ""distance"", ""pca__n_components"": 52, ""scale__method"": ""standard""}",stage3_local_cv,0.7938750000000001,0.004246321937865743,192.0,6.629,5
stage3_209,stage3_seed_0,"{""clean__method"": ""lof_0.05"", ""model__metric"": ""manhattan"", ""model__n_neighbors"": 4, ""model__weights"": ""distance"", ""pca__n_components"": 48, ""scale__method"": ""standard""}",lof_0.05,standard,48,4,manhattan,"{""clean__method"": ""lof_0.05"", ""model__metric"": ""manhattan"", ""model__n_neighbors"": 4, ""model__weights"": ""distance"", ""pca__n_components"": 48, ""scale__method"": ""standard""}",stage3_local_cv,0.79375,0.01213852338631024,320.0,6.1240000000000006,5
stage3_721,stage3_seed_3,"{""clean__method"": ""lof_0.05"", ""model__metric"": ""manhattan"", ""model__n_neighbors"": 2, ""model__weights"": ""distance"", ""pca__n_components"": 60, ""scale__method"": ""standard""}",lof_0.05,standard,60,2,manhattan,"{""clean__method"": ""lof_0.05"", ""model__metric"": ""manhattan"", ""model__n_neighbors"": 2, ""model__weights"": ""distance"", ""pca__n_components"": 60, ""scale__method"": ""standard""}",stage3_local_cv,0.79375,0.005491470659122193,320.0,7.033,5
stage3_169,stage3_seed_0,"{""clean__method"": ""lof_0.05"", ""model__metric"": ""manhattan"", ""model__n_neighbors"": 2, ""model__weights"": ""distance"", ""pca__n_components"": 56, ""scale__method"": ""robust""}",lof_0.05,robust,56,2,manhattan,"{""clean__method"": ""lof_0.05"", ""model__metric"": ""manhattan"", ""model__n_neighbors"": 2, ""model__weights"": ""distance"", ""pca__n_components"": 56, ""scale__method"": ""robust""}",stage3_local_cv,0.793625,0.002179449471770339,320.0,7.731,5
stage3_049,stage3_seed_0,"{""clean__method"": ""lof_0.03"", ""model__metric"": ""manhattan"", ""model__n_neighbors"": 2, ""model__weights"": ""distance"", ""pca__n_components"": 56, ""scale__method"": ""robust""}",lof_0.03,robust,56,2,manhattan,"{""clean__method"": ""lof_0.03"", ""model__metric"": ""manhattan"", ""model__n_neighbors"": 2, ""model__weights"": ""distance"", ""pca__n_components"": 56, ""scale__method"": ""robust""}",stage3_local_cv,0.7936249999999999,0.008219641111386799,192.0,8.120000000000001,5
stage3_221,stage3_seed_0,"{""clean__method"": ""lof_0.05"", ""model__metric"": ""manhattan"", ""model__n_neighbors"": 4, ""model__weights"": ""distance"", ""pca__n_components"": 52, ""scale__method"": ""standard""}",lof_0.05,standard,52,4,manhattan,"{""clean__method"": ""lof_0.05"", ""model__metric"": ""manhattan"", ""model__n_neighbors"": 4, ""model__weights"": ""distance"", ""pca__n_components"": 52, ""scale__method"": ""standard""}",stage3_local_cv,0.7936249999999999,0.009382497002397579,320.0,6.91,5
stage3_401,stage3_seed_0,"{""clean__method"": ""tomek"", ""model__metric"": ""manhattan"", ""model__n_neighbors"": 4, ""model__weights"": ""distance"", ""pca__n_components"": 52, ""scale__method"": ""robust""}",tomek,robust,52,4,manhattan,"{""clean__method"": ""tomek"", ""model__metric"": ""manhattan"", ""model__n_neighbors"": 4, ""model__weights"": ""distance"", ""pca__n_components"": 52, ""scale__method"": ""robust""}",stage3_local_cv,0.7933749999999999,0.0054285126876521105,160.0,8.678,5
stage3_109,stage3_seed_0,"{""clean__method"": ""lof_0.03"", ""model__metric"": ""manhattan"", ""model__n_neighbors"": 2, ""model__weights"": ""distance"", ""pca__n_components"": 56, ""scale__method"": ""standard""}",lof_0.03,standard,56,2,manhattan,"{""clean__method"": ""lof_0.03"", ""model__metric"": ""manhattan"", ""model__n_neighbors"": 2, ""model__weights"": ""distance"", ""pca__n_components"": 56, ""scale__method"": ""standard""}",stage3_local_cv,0.7932500000000001,0.0054112152054783345,192.0,6.626,5
stage3_469,stage3_seed_0,"{""clean__method"": ""tomek"", ""model__metric"": ""manhattan"", ""model__n_neighbors"": 2, ""model__weights"": ""distance"", ""pca__n_components"": 56, ""scale__method"": ""standard""}",tomek,standard,56,2,manhattan,"{""clean__method"": ""tomek"", ""model__metric"": ""manhattan"", ""model__n_neighbors"": 2, ""model__weights"": ""distance"", ""pca__n_components"": 56, ""scale__method"": ""standard""}",stage3_local_cv,0.79325,0.004959208606219348,160.0,7.875,5
stage3_697,stage3_seed_3,"{""clean__method"": ""lof_0.05"", ""model__metric"": ""manhattan"", ""model__n_neighbors"": 2, ""model__weights"": ""distance"", ""pca__n_components"": 60, ""scale__method"": ""robust""}",lof_0.05,robust,60,2,manhattan,"{""clean__method"": ""lof_0.05"", ""model__metric"": ""manhattan"", ""model__n_neighbors"": 2, ""model__weights"": ""distance"", ""pca__n_components"": 60, ""scale__method"": ""robust""}",stage3_local_cv,0.79325,0.009214458746991037,320.0,7.305,5
stage3_233,stage3_seed_0,"{""clean__method"": ""lof_0.05"", ""model__metric"": ""manhattan"", ""model__n_neighbors"": 4, ""model__weights"": ""distance"", ""pca__n_components"": 56, ""scale__method"": ""standard""}",lof_0.05,standard,56,4,manhattan,"{""clean__method"": ""lof_0.05"", ""model__metric"": ""manhattan"", ""model__n_neighbors"": 4, ""model__weights"": ""distance"", ""pca__n_components"": 56, ""scale__method"": ""standard""}",stage3_local_cv,0.7931250000000001,0.007169815199849987,320.0,7.238,5
stage3_353,stage3_seed_0,"{""clean__method"": ""none"", ""model__metric"": ""manhattan"", ""model__n_neighbors"": 4, ""model__weights"": ""distance"", ""pca__n_components"": 56, ""scale__method"": ""standard""}",none,standard,56,4,manhattan,"{""clean__method"": ""none"", ""model__metric"": ""manhattan"", ""model__n_neighbors"": 4, ""model__weights"": ""distance"", ""pca__n_components"": 56, ""scale__method"": ""standard""}",stage3_local_cv,0.7928749999999999,0.0022569337606584672,0.0,5.337,5
stage3_269,stage3_seed_0,"{""clean__method"": ""none"", ""model__metric"": ""manhattan"", ""model__n_neighbors"": 4, ""model__weights"": ""distance"", ""pca__n_components"": 48, ""scale__method"": ""robust""}",none,robust,48,4,manhattan,"{""clean__method"": ""none"", ""model__metric"": ""manhattan"", ""model__n_neighbors"": 4, ""model__weights"": ""distance"", ""pca__n_components"": 48, ""scale__method"": ""robust""}",stage3_local_cv,0.79275,0.005282636652278875,0.0,5.126,5
stage3_413,stage3_seed_0,"{""clean__method"": ""tomek"", ""model__metric"": ""manhattan"", ""model__n_neighbors"": 4, ""model__weights"": ""distance"", ""pca__n_components"": 56, ""scale__method"": ""robust""}",tomek,robust,56,4,manhattan,"{""clean__method"": ""tomek"", ""model__metric"": ""manhattan"", ""model__n_neighbors"": 4, ""model__weights"": ""distance"", ""pca__n_components"": 56, ""scale__method"": ""robust""}",stage3_local_cv,0.7925000000000001,0.006789237807000137,160.0,8.2,5
stage3_473,stage3_seed_0,"{""clean__method"": ""tomek"", ""model__metric"": ""manhattan"", ""model__n_neighbors"": 4, ""model__weights"": ""distance"", ""pca__n_components"": 56, ""scale__method"": ""standard""}",tomek,standard,56,4,manhattan,"{""clean__method"": ""tomek"", ""model__metric"": ""manhattan"", ""model__n_neighbors"": 4, ""model__weights"": ""distance"", ""pca__n_components"": 56, ""scale__method"": ""standard""}",stage3_local_cv,0.792375,0.005623610939601032,160.0,7.8,5
stage3_749,stage3_seed_3,"{""clean__method"": ""none"", ""model__metric"": ""manhattan"", ""model__n_neighbors"": 4, ""model__weights"": ""distance"", ""pca__n_components"": 60, ""scale__method"": ""robust""}",none,robust,60,4,manhattan,"{""clean__method"": ""none"", ""model__metric"": ""manhattan"", ""model__n_neighbors"": 4, ""model__weights"": ""distance"", ""pca__n_components"": 60, ""scale__method"": ""robust""}",stage3_local_cv,0.7922499999999999,0.009300537618869148,0.0,6.105,5
stage3_389,stage3_seed_0,"{""clean__method"": ""tomek"", ""model__metric"": ""manhattan"", ""model__n_neighbors"": 4, ""model__weights"": ""distance"", ""pca__n_components"": 48, ""scale__method"": ""robust""}",tomek,robust,48,4,manhattan,"{""clean__method"": ""tomek"", ""model__metric"": ""manhattan"", ""model__n_neighbors"": 4, ""model__weights"": ""distance"", ""pca__n_components"": 48, ""scale__method"": ""robust""}",stage3_local_cv,0.792125,0.004602988159880514,160.0,7.819000000000001,5
stage3_653,stage3_seed_3,"{""clean__method"": ""lof_0.03"", ""model__metric"": ""manhattan"", ""model__n_neighbors"": 4, ""model__weights"": ""distance"", ""pca__n_components"": 60, ""scale__method"": ""robust""}",lof_0.03,robust,60,4,manhattan,"{""clean__method"": ""lof_0.03"", ""model__metric"": ""manhattan"", ""model__n_neighbors"": 4, ""model__weights"": ""distance"", ""pca__n_components"": 60, ""scale__method"": ""robust""}",stage3_local_cv,0.7917500000000001,0.005264859922163188,192.0,6.991999999999999,5
stage3_337,stage3_seed_0,"{""clean__method"": ""none"", ""model__metric"": ""manhattan"", ""model__n_neighbors"": 2, ""model__weights"": ""distance"", ""pca__n_components"": 52, ""scale__method"": ""standard""}",none,standard,52,2,manhattan,"{""clean__method"": ""none"", ""model__metric"": ""manhattan"", ""model__n_neighbors"": 2, ""model__weights"": ""distance"", ""pca__n_components"": 52, ""scale__method"": ""standard""}",stage3_local_cv,0.79175,0.007939222254100207,0.0,4.375,5
stage3_437,stage3_seed_0,"{""clean__method"": ""tomek"", ""model__metric"": ""manhattan"", ""model__n_neighbors"": 4, ""model__weights"": ""distance"", ""pca__n_components"": 44, ""scale__method"": ""standard""}",tomek,standard,44,4,manhattan,"{""clean__method"": ""tomek"", ""model__metric"": ""manhattan"", ""model__n_neighbors"": 4, ""model__weights"": ""distance"", ""pca__n_components"": 44, ""scale__method"": ""standard""}",stage3_local_cv,0.79175,0.004799088455113107,160.0,8.261,5
stage3_113,stage3_seed_0,"{""clean__method"": ""lof_0.03"", ""model__metric"": ""manhattan"", ""model__n_neighbors"": 4, ""model__weights"": ""distance"", ""pca__n_components"": 56, ""scale__method"": ""standard""}",lof_0.03,standard,56,4,manhattan,"{""clean__method"": ""lof_0.03"", ""model__metric"": ""manhattan"", ""model__n_neighbors"": 4, ""model__weights"": ""distance"", ""pca__n_components"": 56, ""scale__method"": ""standard""}",stage3_local_cv,0.791625,0.006988830374247185,192.0,7.369,5
stage3_229,stage3_seed_0,"{""clean__method"": ""lof_0.05"", ""model__metric"": ""manhattan"", ""model__n_neighbors"": 2, ""model__weights"": ""distance"", ""pca__n_components"": 56, ""scale__method"": ""standard""}",lof_0.05,standard,56,2,manhattan,"{""clean__method"": ""lof_0.05"", ""model__metric"": ""manhattan"", ""model__n_neighbors"": 2, ""model__weights"": ""distance"", ""pca__n_components"": 56, ""scale__method"": ""standard""}",stage3_local_cv,0.791625,0.0044651427748729254,320.0,6.362,5
stage3_157,stage3_seed_0,"{""clean__method"": ""lof_0.05"", ""model__metric"": ""manhattan"", ""model__n_neighbors"": 2, ""model__weights"": ""distance"", ""pca__n_components"": 52, ""scale__method"": ""robust""}",lof_0.05,robust,52,2,manhattan,"{""clean__method"": ""lof_0.05"", ""model__metric"": ""manhattan"", ""model__n_neighbors"": 2, ""model__weights"": ""distance"", ""pca__n_components"": 52, ""scale__method"": ""robust""}",stage3_local_cv,0.791625,0.006028577775893764,320.0,6.865,5
stage3_769,stage3_seed_3,"{""clean__method"": ""none"", ""model__metric"": ""manhattan"", ""model__n_neighbors"": 2, ""model__weights"": ""distance"", ""pca__n_components"": 60, ""scale__method"": ""standard""}",none,standard,60,2,manhattan,"{""clean__method"": ""none"", ""model__metric"": ""manhattan"", ""model__n_neighbors"": 2, ""model__weights"": ""distance"", ""pca__n_components"": 60, ""scale__method"": ""standard""}",stage3_local_cv,0.791375,0.005986965007414035,0.0,4.866,5
stage3_665,stage3_seed_3,"{""clean__method"": ""lof_0.03"", ""model__metric"": ""manhattan"", ""model__n_neighbors"": 4, ""model__weights"": ""distance"", ""pca__n_components"": 64, ""scale__method"": ""robust""}",lof_0.03,robust,64,4,manhattan,"{""clean__method"": ""lof_0.03"", ""model__metric"": ""manhattan"", ""model__n_neighbors"": 4, ""model__weights"": ""distance"", ""pca__n_components"": 64, ""scale__method"": ""robust""}",stage3_local_cv,0.79125,0.009395810236483075,192.0,7.359,5
stage3_689,stage3_seed_3,"{""clean__method"": ""lof_0.03"", ""model__metric"": ""manhattan"", ""model__n_neighbors"": 4, ""model__weights"": ""distance"", ""pca__n_components"": 64, ""scale__method"": ""standard""}",lof_0.03,standard,64,4,manhattan,"{""clean__method"": ""lof_0.03"", ""model__metric"": ""manhattan"", ""model__n_neighbors"": 4, ""model__weights"": ""distance"", ""pca__n_components"": 64, ""scale__method"": ""standard""}",stage3_local_cv,0.7911250000000001,0.009340770846134688,192.0,10.05,5
stage3_701,stage3_seed_3,"{""clean__method"": ""lof_0.05"", ""model__metric"": ""manhattan"", ""model__n_neighbors"": 4, ""model__weights"": ""distance"", ""pca__n_components"": 60, ""scale__method"": ""robust""}",lof_0.05,robust,60,4,manhattan,"{""clean__method"": ""lof_0.05"", ""model__metric"": ""manhattan"", ""model__n_neighbors"": 4, ""model__weights"": ""distance"", ""pca__n_components"": 60, ""scale__method"": ""robust""}",stage3_local_cv,0.791125,0.0061922330382504056,320.0,7.4399999999999995,5
stage3_293,stage3_seed_0,"{""clean__method"": ""none"", ""model__metric"": ""manhattan"", ""model__n_neighbors"": 4, ""model__weights"": ""distance"", ""pca__n_components"": 56, ""scale__method"": ""robust""}",none,robust,56,4,manhattan,"{""clean__method"": ""none"", ""model__metric"": ""manhattan"", ""model__n_neighbors"": 4, ""model__weights"": ""distance"", ""pca__n_components"": 56, ""scale__method"": ""robust""}",stage3_local_cv,0.7911249999999999,0.005609701418079227,0.0,4.758,5
stage3_005,stage3_seed_0,"{""clean__method"": ""lof_0.03"", ""model__metric"": ""manhattan"", ""model__n_neighbors"": 4, ""model__weights"": ""distance"", ""pca__n_components"": 40, ""scale__method"": ""robust""}",lof_0.03,robust,40,4,manhattan,"{""clean__method"": ""lof_0.03"", ""model__metric"": ""manhattan"", ""model__n_neighbors"": 4, ""model__weights"": ""distance"", ""pca__n_components"": 40, ""scale__method"": ""robust""}",stage3_local_cv,0.7911249999999999,0.008238628526642033,192.0,6.135000000000001,5
stage3_713,stage3_seed_3,"{""clean__method"": ""lof_0.05"", ""model__metric"": ""manhattan"", ""model__n_neighbors"": 4, ""model__weights"": ""distance"", ""pca__n_components"": 64, ""scale__method"": ""robust""}",lof_0.05,robust,64,4,manhattan,"{""clean__method"": ""lof_0.05"", ""model__metric"": ""manhattan"", ""model__n_neighbors"": 4, ""model__weights"": ""distance"", ""pca__n_components"": 64, ""scale__method"": ""robust""}",stage3_local_cv,0.790875,0.008719590013297614,320.0,7.285,5
stage3_761,stage3_seed_3,"{""clean__method"": ""none"", ""model__metric"": ""manhattan"", ""model__n_neighbors"": 4, ""model__weights"": ""distance"", ""pca__n_components"": 64, ""scale__method"": ""robust""}",none,robust,64,4,manhattan,"{""clean__method"": ""none"", ""model__metric"": ""manhattan"", ""model__n_neighbors"": 4, ""model__weights"": ""distance"", ""pca__n_components"": 64, ""scale__method"": ""robust""}",stage3_local_cv,0.7906250000000001,0.0055901699437494595,0.0,5.845,5
stage3_461,stage3_seed_0,"{""clean__method"": ""tomek"", ""model__metric"": ""manhattan"", ""model__n_neighbors"": 4, ""model__weights"": ""distance"", ""pca__n_components"": 52, ""scale__method"": ""standard""}",tomek,standard,52,4,manhattan,"{""clean__method"": ""tomek"", ""model__metric"": ""manhattan"", ""model__n_neighbors"": 4, ""model__weights"": ""distance"", ""pca__n_components"": 52, ""scale__method"": ""standard""}",stage3_local_cv,0.790625,0.005332682251925399,160.0,7.482,5
stage3_037,stage3_seed_0,"{""clean__method"": ""lof_0.03"", ""model__metric"": ""manhattan"", ""model__n_neighbors"": 2, ""model__weights"": ""distance"", ""pca__n_components"": 52, ""scale__method"": ""robust""}",lof_0.03,robust,52,2,manhattan,"{""clean__method"": ""lof_0.03"", ""model__metric"": ""manhattan"", ""model__n_neighbors"": 2, ""model__weights"": ""distance"", ""pca__n_components"": 52, ""scale__method"": ""robust""}",stage3_local_cv,0.7905000000000001,0.0030465144017384886,192.0,6.964,5
stage3_397,stage3_seed_0,"{""clean__method"": ""tomek"", ""model__metric"": ""manhattan"", ""model__n_neighbors"": 2, ""model__weights"": ""distance"", ""pca__n_components"": 52, ""scale__method"": ""robust""}",tomek,robust,52,2,manhattan,"{""clean__method"": ""tomek"", ""model__metric"": ""manhattan"", ""model__n_neighbors"": 2, ""model__weights"": ""distance"", ""pca__n_components"": 52, ""scale__method"": ""robust""}",stage3_local_cv,0.790375,0.00647832925992498,160.0,7.92,5
stage3_649,stage3_seed_3,"{""clean__method"": ""lof_0.03"", ""model__metric"": ""manhattan"", ""model__n_neighbors"": 2, ""model__weights"": ""distance"", ""pca__n_components"": 60, ""scale__method"": ""robust""}",lof_0.03,robust,60,2,manhattan,"{""clean__method"": ""lof_0.03"", ""model__metric"": ""manhattan"", ""model__n_neighbors"": 2, ""model__weights"": ""distance"", ""pca__n_components"": 60, ""scale__method"": ""robust""}",stage3_local_cv,0.7903749999999999,0.010507437841833745,192.0,8.388,5
stage3_325,stage3_seed_0,"{""clean__method"": ""none"", ""model__metric"": ""manhattan"", ""model__n_neighbors"": 2, ""model__weights"": ""distance"", ""pca__n_components"": 48, ""scale__method"": ""standard""}",none,standard,48,2,manhattan,"{""clean__method"": ""none"", ""model__metric"": ""manhattan"", ""model__n_neighbors"": 2, ""model__weights"": ""distance"", ""pca__n_components"": 48, ""scale__method"": ""standard""}",stage3_local_cv,0.790125,0.008085480814398088,0.0,3.8419999999999996,5
stage3_349,stage3_seed_0,"{""clean__method"": ""none"", ""model__metric"": ""manhattan"", ""model__n_neighbors"": 2, ""model__weights"": ""distance"", ""pca__n_components"": 56, ""scale__method"": ""standard""}",none,standard,56,2,manhattan,"{""clean__method"": ""none"", ""model__metric"": ""manhattan"", ""model__n_neighbors"": 2, ""model__weights"": ""distance"", ""pca__n_components"": 56, ""scale__method"": ""standard""}",stage3_local_cv,0.790125,0.007648529270389191,0.0,4.6,5
stage3_277,stage3_seed_0,"{""clean__method"": ""none"", ""model__metric"": ""manhattan"", ""model__n_neighbors"": 2, ""model__weights"": ""distance"", ""pca__n_components"": 52, ""scale__method"": ""robust""}",none,robust,52,2,manhattan,"{""clean__method"": ""none"", ""model__metric"": ""manhattan"", ""model__n_neighbors"": 2, ""model__weights"": ""distance"", ""pca__n_components"": 52, ""scale__method"": ""robust""}",stage3_local_cv,0.790125,0.0039011216335818047,0.0,4.613,5
stage3_165,stage3_seed_0,"{""clean__method"": ""lof_0.05"", ""model__metric"": ""manhattan"", ""model__n_neighbors"": 6, ""model__weights"": ""distance"", ""pca__n_components"": 52, ""scale__method"": ""robust""}",lof_0.05,robust,52,6,manhattan,"{""clean__method"": ""lof_0.05"", ""model__metric"": ""manhattan"", ""model__n_neighbors"": 6, ""model__weights"": ""distance"", ""pca__n_components"": 52, ""scale__method"": ""robust""}",stage3_local_cv,0.7899999999999999,0.009666307464590613,320.0,6.471,5
stage3_457,stage3_seed_0,"{""clean__method"": ""tomek"", ""model__metric"": ""manhattan"", ""model__n_neighbors"": 2, ""model__weights"": ""distance"", ""pca__n_components"": 52, ""scale__method"": ""standard""}",tomek,standard,52,2,manhattan,"{""clean__method"": ""tomek"", ""model__metric"": ""manhattan"", ""model__n_neighbors"": 2, ""model__weights"": ""distance"", ""pca__n_components"": 52, ""scale__method"": ""standard""}",stage3_local_cv,0.789625,0.004653627617246555,160.0,7.638999999999999,5
stage3_125,stage3_seed_0,"{""clean__method"": ""lof_0.05"", ""model__metric"": ""manhattan"", ""model__n_neighbors"": 4, ""model__weights"": ""distance"", ""pca__n_components"": 40, ""scale__method"": ""robust""}",lof_0.05,robust,40,4,manhattan,"{""clean__method"": ""lof_0.05"", ""model__metric"": ""manhattan"", ""model__n_neighbors"": 4, ""model__weights"": ""distance"", ""pca__n_components"": 40, ""scale__method"": ""robust""}",stage3_local_cv,0.789625,0.0060544405191561654,320.0,6.0120000000000005,5
stage3_677,stage3_seed_3,"{""clean__method"": ""lof_0.03"", ""model__metric"": ""manhattan"", ""model__n_neighbors"": 4, ""model__weights"": ""distance"", ""pca__n_components"": 60, ""scale__method"": ""standard""}",lof_0.03,standard,60,4,manhattan,"{""clean__method"": ""lof_0.03"", ""model__metric"": ""manhattan"", ""model__n_neighbors"": 4, ""model__weights"": ""distance"", ""pca__n_components"": 60, ""scale__method"": ""standard""}",stage3_local_cv,0.7895,0.007939222254100186,192.0,6.893000000000001,5
stage3_265,stage3_seed_0,"{""clean__method"": ""none"", ""model__metric"": ""manhattan"", ""model__n_neighbors"": 2, ""model__weights"": ""distance"", ""pca__n_components"": 48, ""scale__method"": ""robust""}",none,robust,48,2,manhattan,"{""clean__method"": ""none"", ""model__metric"": ""manhattan"", ""model__n_neighbors"": 2, ""model__weights"": ""distance"", ""pca__n_components"": 48, ""scale__method"": ""robust""}",stage3_local_cv,0.7891250000000001,0.005923997805536397,0.0,4.585,5
stage3_725,stage3_seed_3,"{""clean__method"": ""lof_0.05"", ""model__metric"": ""manhattan"", ""model__n_neighbors"": 4, ""model__weights"": ""distance"", ""pca__n_components"": 60, ""scale__method"": ""standard""}",lof_0.05,standard,60,4,manhattan,"{""clean__method"": ""lof_0.05"", ""model__metric"": ""manhattan"", ""model__n_neighbors"": 4, ""model__weights"": ""distance"", ""pca__n_components"": 60, ""scale__method"": ""standard""}",stage3_local_cv,0.789125,0.0044826052692602675,320.0,7.491,5
stage3_305,stage3_seed_0,"{""clean__method"": ""none"", ""model__metric"": ""manhattan"", ""model__n_neighbors"": 4, ""model__weights"": ""distance"", ""pca__n_components"": 40, ""scale__method"": ""standard""}",none,standard,40,4,manhattan,"{""clean__method"": ""none"", ""model__metric"": ""manhattan"", ""model__n_neighbors"": 4, ""model__weights"": ""distance"", ""pca__n_components"": 40, ""scale__method"": ""standard""}",stage3_local_cv,0.7889999999999999,0.00831602368923995,0.0,3.3830000000000005,5
stage3_377,stage3_seed_0,"{""clean__method"": ""tomek"", ""model__metric"": ""manhattan"", ""model__n_neighbors"": 4, ""model__weights"": ""distance"", ""pca__n_components"": 44, ""scale__method"": ""robust""}",tomek,robust,44,4,manhattan,"{""clean__method"": ""tomek"", ""model__metric"": ""manhattan"", ""model__n_neighbors"": 4, ""model__weights"": ""distance"", ""pca__n_components"": 44, ""scale__method"": ""robust""}",stage3_local_cv,0.7887500000000001,0.009362491655536993,160.0,7.77,5
stage3_025,stage3_seed_0,"{""clean__method"": ""lof_0.03"", ""model__metric"": ""manhattan"", ""model__n_neighbors"": 2, ""model__weights"": ""distance"", ""pca__n_components"": 48, ""scale__method"": ""robust""}",lof_0.03,robust,48,2,manhattan,"{""clean__method"": ""lof_0.03"", ""model__metric"": ""manhattan"", ""model__n_neighbors"": 2, ""model__weights"": ""distance"", ""pca__n_components"": 48, ""scale__method"": ""robust""}",stage3_local_cv,0.7885,0.005709093623334608,192.0,6.6000000000000005,5
stage3_385,stage3_seed_0,"{""clean__method"": ""tomek"", ""model__metric"": ""manhattan"", ""model__n_neighbors"": 2, ""model__weights"": ""distance"", ""pca__n_components"": 48, ""scale__method"": ""robust""}",tomek,robust,48,2,manhattan,"{""clean__method"": ""tomek"", ""model__metric"": ""manhattan"", ""model__n_neighbors"": 2, ""model__weights"": ""distance"", ""pca__n_components"": 48, ""scale__method"": ""robust""}",stage3_local_cv,0.788375,0.0035266839949164835,160.0,8.35,5
stage3_205,stage3_seed_0,"{""clean__method"": ""lof_0.05"", ""model__metric"": ""manhattan"", ""model__n_neighbors"": 2, ""model__weights"": ""distance"", ""pca__n_components"": 48, ""scale__method"": ""standard""}",lof_0.05,standard,48,2,manhattan,"{""clean__method"": ""lof_0.05"", ""model__metric"": ""manhattan"", ""model__n_neighbors"": 2, ""model__weights"": ""distance"", ""pca__n_components"": 48, ""scale__method"": ""standard""}",stage3_local_cv,0.788375,0.006668489334174576,320.0,6.5680000000000005,5
stage3_145,stage3_seed_0,"{""clean__method"": ""lof_0.05"", ""model__metric"": ""manhattan"", ""model__n_neighbors"": 2, ""model__weights"": ""distance"", ""pca__n_components"": 48, ""scale__method"": ""robust""}",lof_0.05,robust,48,2,manhattan,"{""clean__method"": ""lof_0.05"", ""model__metric"": ""manhattan"", ""model__n_neighbors"": 2, ""model__weights"": ""distance"", ""pca__n_components"": 48, ""scale__method"": ""robust""}",stage3_local_cv,0.78825,0.005801400692936151,320.0,6.462,5
stage3_521,stage3_seed_1,"{""clean__method"": ""lof_0.03"", ""model__metric"": ""manhattan"", ""model__n_neighbors"": 4, ""model__weights"": ""distance"", ""pca__n_components"": 36, ""scale__method"": ""standard""}",lof_0.03,standard,36,4,manhattan,"{""clean__method"": ""lof_0.03"", ""model__metric"": ""manhattan"", ""model__n_neighbors"": 4, ""model__weights"": ""distance"", ""pca__n_components"": 36, ""scale__method"": ""standard""}",stage3_local_cv,0.7881250000000001,0.006696547617989441,192.0,6.187,5
stage3_773,stage3_seed_3,"{""clean__method"": ""none"", ""model__metric"": ""manhattan"", ""model__n_neighbors"": 4, ""model__weights"": ""distance"", ""pca__n_components"": 60, ""scale__method"": ""standard""}",none,standard,60,4,manhattan,"{""clean__method"": ""none"", ""model__metric"": ""manhattan"", ""model__n_neighbors"": 4, ""model__weights"": ""distance"", ""pca__n_components"": 60, ""scale__method"": ""standard""}",stage3_local_cv,0.788125,0.006880679472261423,0.0,4.745,5
stage3_217,stage3_seed_0,"{""clean__method"": ""lof_0.05"", ""model__metric"": ""manhattan"", ""model__n_neighbors"": 2, ""model__weights"": ""distance"", ""pca__n_components"": 52, ""scale__method"": ""standard""}",lof_0.05,standard,52,2,manhattan,"{""clean__method"": ""lof_0.05"", ""model__metric"": ""manhattan"", ""model__n_neighbors"": 2, ""model__weights"": ""distance"", ""pca__n_components"": 52, ""scale__method"": ""standard""}",stage3_local_cv,0.788,0.004599592373243512,320.0,6.0520000000000005,5
stage3_785,stage3_seed_3,"{""clean__method"": ""none"", ""model__metric"": ""manhattan"", ""model__n_neighbors"": 4, ""model__weights"": ""distance"", ""pca__n_components"": 64, ""scale__method"": ""standard""}",none,standard,64,4,manhattan,"{""clean__method"": ""none"", ""model__metric"": ""manhattan"", ""model__n_neighbors"": 4, ""model__weights"": ""distance"", ""pca__n_components"": 64, ""scale__method"": ""standard""}",stage3_local_cv,0.787875,0.005193144519460256,0.0,5.059,5
stage3_313,stage3_seed_0,"{""clean__method"": ""none"", ""model__metric"": ""manhattan"", ""model__n_neighbors"": 2, ""model__weights"": ""distance"", ""pca__n_components"": 44, ""scale__method"": ""standard""}",none,standard,44,2,manhattan,"{""clean__method"": ""none"", ""model__metric"": ""manhattan"", ""model__n_neighbors"": 2, ""model__weights"": ""distance"", ""pca__n_components"": 44, ""scale__method"": ""standard""}",stage3_local_cv,0.787625,0.0050836748519156915,0.0,4.356,5
stage3_185,stage3_seed_0,"{""clean__method"": ""lof_0.05"", ""model__metric"": ""manhattan"", ""model__n_neighbors"": 4, ""model__weights"": ""distance"", ""pca__n_components"": 40, ""scale__method"": ""standard""}",lof_0.05,standard,40,4,manhattan,"{""clean__method"": ""lof_0.05"", ""model__metric"": ""manhattan"", ""model__n_neighbors"": 4, ""model__weights"": ""distance"", ""pca__n_components"": 40, ""scale__method"": ""standard""}",stage3_local_cv,0.787625,0.004990616194419262,320.0,5.657,5
stage3_737,stage3_seed_3,"{""clean__method"": ""lof_0.05"", ""model__metric"": ""manhattan"", ""model__n_neighbors"": 4, ""model__weights"": ""distance"", ""pca__n_components"": 64, ""scale__method"": ""standard""}",lof_0.05,standard,64,4,manhattan,"{""clean__method"": ""lof_0.05"", ""model__metric"": ""manhattan"", ""model__n_neighbors"": 4, ""model__weights"": ""distance"", ""pca__n_components"": 64, ""scale__method"": ""standard""}",stage3_local_cv,0.787625,0.005353153276340961,320.0,7.634,5
stage3_073,stage3_seed_0,"{""clean__method"": ""lof_0.03"", ""model__metric"": ""manhattan"", ""model__n_neighbors"": 2, ""model__weights"": ""distance"", ""pca__n_components"": 44, ""scale__method"": ""standard""}",lof_0.03,standard,44,2,manhattan,"{""clean__method"": ""lof_0.03"", ""model__metric"": ""manhattan"", ""model__n_neighbors"": 2, ""model__weights"": ""distance"", ""pca__n_components"": 44, ""scale__method"": ""standard""}",stage3_local_cv,0.7875,0.008071942145481476,192.0,5.891000000000001,5
stage3_245,stage3_seed_0,"{""clean__method"": ""none"", ""model__metric"": ""manhattan"", ""model__n_neighbors"": 4, ""model__weights"": ""distance"", ""pca__n_components"": 40, ""scale__method"": ""robust""}",none,robust,40,4,manhattan,"{""clean__method"": ""none"", ""model__metric"": ""manhattan"", ""model__n_neighbors"": 4, ""model__weights"": ""distance"", ""pca__n_components"": 40, ""scale__method"": ""robust""}",stage3_local_cv,0.787125,0.005024937810560414,0.0,5.722999999999999,5
stage3_133,stage3_seed_0,"{""clean__method"": ""lof_0.05"", ""model__metric"": ""manhattan"", ""model__n_neighbors"": 2, ""model__weights"": ""distance"", ""pca__n_components"": 44, ""scale__method"": ""robust""}",lof_0.05,robust,44,2,manhattan,"{""clean__method"": ""lof_0.05"", ""model__metric"": ""manhattan"", ""model__n_neighbors"": 2, ""model__weights"": ""distance"", ""pca__n_components"": 44, ""scale__method"": ""robust""}",stage3_local_cv,0.7871249999999999,0.0041003048667141925,320.0,5.8870000000000005,5
stage3_445,stage3_seed_0,"{""clean__method"": ""tomek"", ""model__metric"": ""manhattan"", ""model__n_neighbors"": 2, ""model__weights"": ""distance"", ""pca__n_components"": 48, ""scale__method"": ""standard""}",tomek,standard,48,2,manhattan,"{""clean__method"": ""tomek"", ""model__metric"": ""manhattan"", ""model__n_neighbors"": 2, ""model__weights"": ""distance"", ""pca__n_components"": 48, ""scale__method"": ""standard""}",stage3_local_cv,0.7869999999999999,0.004974937185533114,160.0,8.532,5
stage3_253,stage3_seed_0,"{""clean__method"": ""none"", ""model__metric"": ""manhattan"", ""model__n_neighbors"": 2, ""model__weights"": ""distance"", ""pca__n_components"": 44, ""scale__method"": ""robust""}",none,robust,44,2,manhattan,"{""clean__method"": ""none"", ""model__metric"": ""manhattan"", ""model__n_neighbors"": 2, ""model__weights"": ""distance"", ""pca__n_components"": 44, ""scale__method"": ""robust""}",stage3_local_cv,0.786875,0.0043839194791875594,0.0,5.001,5
stage3_497,stage3_seed_1,"{""clean__method"": ""lof_0.03"", ""model__metric"": ""manhattan"", ""model__n_neighbors"": 4, ""model__weights"": ""distance"", ""pca__n_components"": 36, ""scale__method"": ""robust""}",lof_0.03,robust,36,4,manhattan,"{""clean__method"": ""lof_0.03"", ""model__metric"": ""manhattan"", ""model__n_neighbors"": 4, ""model__weights"": ""distance"", ""pca__n_components"": 36, ""scale__method"": ""robust""}",stage3_local_cv,0.786875,0.006661456297237099,192.0,7.02,5
stage3_193,stage3_seed_0,"{""clean__method"": ""lof_0.05"", ""model__metric"": ""manhattan"", ""model__n_neighbors"": 2, ""model__weights"": ""distance"", ""pca__n_components"": 44, ""scale__method"": ""standard""}",lof_0.05,standard,44,2,manhattan,"{""clean__method"": ""lof_0.05"", ""model__metric"": ""manhattan"", ""model__n_neighbors"": 2, ""model__weights"": ""distance"", ""pca__n_components"": 44, ""scale__method"": ""standard""}",stage3_local_cv,0.786875,0.003235544776386196,320.0,6.327,5
stage3_013,stage3_seed_0,"{""clean__method"": ""lof_0.03"", ""model__metric"": ""manhattan"", ""model__n_neighbors"": 2, ""model__weights"": ""distance"", ""pca__n_components"": 44, ""scale__method"": ""robust""}",lof_0.03,robust,44,2,manhattan,"{""clean__method"": ""lof_0.03"", ""model__metric"": ""manhattan"", ""model__n_neighbors"": 2, ""model__weights"": ""distance"", ""pca__n_components"": 44, ""scale__method"": ""robust""}",stage3_local_cv,0.786625,0.0073378300607196065,192.0,7.023,5
stage3_105,stage3_seed_0,"{""clean__method"": ""lof_0.03"", ""model__metric"": ""manhattan"", ""model__n_neighbors"": 6, ""model__weights"": ""distance"", ""pca__n_components"": 52, ""scale__method"": ""standard""}",lof_0.03,standard,52,6,manhattan,"{""clean__method"": ""lof_0.03"", ""model__metric"": ""manhattan"", ""model__n_neighbors"": 6, ""model__weights"": ""distance"", ""pca__n_components"": 52, ""scale__method"": ""standard""}",stage3_local_cv,0.786625,0.0049307707308290155,192.0,7.393000000000001,5
stage3_345,stage3_seed_0,"{""clean__method"": ""none"", ""model__metric"": ""manhattan"", ""model__n_neighbors"": 6, ""model__weights"": ""distance"", ""pca__n_components"": 52, ""scale__method"": ""standard""}",none,standard,52,6,manhattan,"{""clean__method"": ""none"", ""model__metric"": ""manhattan"", ""model__n_neighbors"": 6, ""model__weights"": ""distance"", ""pca__n_components"": 52, ""scale__method"": ""standard""}",stage3_local_cv,0.7865,0.004304793839430617,0.0,4.193999999999999,5
stage3_081,stage3_seed_0,"{""clean__method"": ""lof_0.03"", ""model__metric"": ""manhattan"", ""model__n_neighbors"": 6, ""model__weights"": ""distance"", ""pca__n_components"": 44, ""scale__method"": ""standard""}",lof_0.03,standard,44,6,manhattan,"{""clean__method"": ""lof_0.03"", ""model__metric"": ""manhattan"", ""model__n_neighbors"": 6, ""model__weights"": ""distance"", ""pca__n_components"": 44, ""scale__method"": ""standard""}",stage3_local_cv,0.7865,0.008316023689239968,192.0,5.656000000000001,5
stage3_333,stage3_seed_0,"{""clean__method"": ""none"", ""model__metric"": ""manhattan"", ""model__n_neighbors"": 6, ""model__weights"": ""distance"", ""pca__n_components"": 48, ""scale__method"": ""standard""}",none,standard,48,6,manhattan,"{""clean__method"": ""none"", ""model__metric"": ""manhattan"", ""model__n_neighbors"": 6, ""model__weights"": ""distance"", ""pca__n_components"": 48, ""scale__method"": ""standard""}",stage3_local_cv,0.7863749999999999,0.004599592373243523,0.0,4.498,5
stage3_289,stage3_seed_0,"{""clean__method"": ""none"", ""model__metric"": ""manhattan"", ""model__n_neighbors"": 2, ""model__weights"": ""distance"", ""pca__n_components"": 56, ""scale__method"": ""robust""}",none,robust,56,2,manhattan,"{""clean__method"": ""none"", ""model__metric"": ""manhattan"", ""model__n_neighbors"": 2, ""model__weights"": ""distance"", ""pca__n_components"": 56, ""scale__method"": ""robust""}",stage3_local_cv,0.7862500000000001,0.006696547617989449,0.0,4.806,5
stage3_545,stage3_seed_1,"{""clean__method"": ""lof_0.05"", ""model__metric"": ""manhattan"", ""model__n_neighbors"": 4, ""model__weights"": ""distance"", ""pca__n_components"": 36, ""scale__method"": ""robust""}",lof_0.05,robust,36,4,manhattan,"{""clean__method"": ""lof_0.05"", ""model__metric"": ""manhattan"", ""model__n_neighbors"": 4, ""model__weights"": ""distance"", ""pca__n_components"": 36, ""scale__method"": ""robust""}",stage3_local_cv,0.78625,0.006789237807000143,320.0,5.544,5
stage3_617,stage3_seed_1,"{""clean__method"": ""none"", ""model__metric"": ""manhattan"", ""model__n_neighbors"": 4, ""model__weights"": ""distance"", ""pca__n_components"": 36, ""scale__method"": ""standard""}",none,standard,36,4,manhattan,"{""clean__method"": ""none"", ""model__metric"": ""manhattan"", ""model__n_neighbors"": 4, ""model__weights"": ""distance"", ""pca__n_components"": 36, ""scale__method"": ""standard""}",stage3_local_cv,0.786125,0.0059739015726742615,0.0,4.002000000000001,5
stage3_085,stage3_seed_0,"{""clean__method"": ""lof_0.03"", ""model__metric"": ""manhattan"", ""model__n_neighbors"": 2, ""model__weights"": ""distance"", ""pca__n_components"": 48, ""scale__method"": ""standard""}",lof_0.03,standard,48,2,manhattan,"{""clean__method"": ""lof_0.03"", ""model__metric"": ""manhattan"", ""model__n_neighbors"": 2, ""model__weights"": ""distance"", ""pca__n_components"": 48, ""scale__method"": ""standard""}",stage3_local_cv,0.786125,0.007760074097584397,192.0,6.118,5
stage3_569,stage3_seed_1,"{""clean__method"": ""lof_0.05"", ""model__metric"": ""manhattan"", ""model__n_neighbors"": 4, ""model__weights"": ""distance"", ""pca__n_components"": 36, ""scale__method"": ""standard""}",lof_0.05,standard,36,4,manhattan,"{""clean__method"": ""lof_0.05"", ""model__metric"": ""manhattan"", ""model__n_neighbors"": 4, ""model__weights"": ""distance"", ""pca__n_components"": 36, ""scale__method"": ""standard""}",stage3_local_cv,0.786125,0.004749999999999977,320.0,5.367000000000001,5
stage3_213,stage3_seed_0,"{""clean__method"": ""lof_0.05"", ""model__metric"": ""manhattan"", ""model__n_neighbors"": 6, ""model__weights"": ""distance"", ""pca__n_components"": 48, ""scale__method"": ""standard""}",lof_0.05,standard,48,6,manhattan,"{""clean__method"": ""lof_0.05"", ""model__metric"": ""manhattan"", ""model__n_neighbors"": 6, ""model__weights"": ""distance"", ""pca__n_components"": 48, ""scale__method"": ""standard""}",stage3_local_cv,0.786,0.006876136269737533,320.0,6.8759999999999994,5
stage3_033,stage3_seed_0,"{""clean__method"": ""lof_0.03"", ""model__metric"": ""manhattan"", ""model__n_neighbors"": 6, ""model__weights"": ""distance"", ""pca__n_components"": 48, ""scale__method"": ""robust""}",lof_0.03,robust,48,6,manhattan,"{""clean__method"": ""lof_0.03"", ""model__metric"": ""manhattan"", ""model__n_neighbors"": 6, ""model__weights"": ""distance"", ""pca__n_components"": 48, ""scale__method"": ""robust""}",stage3_local_cv,0.78575,0.00921445874699107,192.0,7.550000000000001,5
stage3_141,stage3_seed_0,"{""clean__method"": ""lof_0.05"", ""model__metric"": ""manhattan"", ""model__n_neighbors"": 6, ""model__weights"": ""distance"", ""pca__n_components"": 44, ""scale__method"": ""robust""}",lof_0.05,robust,44,6,manhattan,"{""clean__method"": ""lof_0.05"", ""model__metric"": ""manhattan"", ""model__n_neighbors"": 6, ""model__weights"": ""distance"", ""pca__n_components"": 44, ""scale__method"": ""robust""}",stage3_local_cv,0.7855000000000001,0.008332916656249462,320.0,6.684000000000001,5
stage3_045,stage3_seed_0,"{""clean__method"": ""lof_0.03"", ""model__metric"": ""manhattan"", ""model__n_neighbors"": 6, ""model__weights"": ""distance"", ""pca__n_components"": 52, ""scale__method"": ""robust""}",lof_0.03,robust,52,6,manhattan,"{""clean__method"": ""lof_0.03"", ""model__metric"": ""manhattan"", ""model__n_neighbors"": 6, ""model__weights"": ""distance"", ""pca__n_components"": 52, ""scale__method"": ""robust""}",stage3_local_cv,0.7855,0.009077788827682686,192.0,7.061,5
stage3_593,stage3_seed_1,"{""clean__method"": ""none"", ""model__metric"": ""manhattan"", ""model__n_neighbors"": 4, ""model__weights"": ""distance"", ""pca__n_components"": 36, ""scale__method"": ""robust""}",none,robust,36,4,manhattan,"{""clean__method"": ""none"", ""model__metric"": ""manhattan"", ""model__n_neighbors"": 4, ""model__weights"": ""distance"", ""pca__n_components"": 36, ""scale__method"": ""robust""}",stage3_local_cv,0.7853750000000002,0.007812249995999875,0.0,3.537,5
stage3_057,stage3_seed_0,"{""clean__method"": ""lof_0.03"", ""model__metric"": ""manhattan"", ""model__n_neighbors"": 6, ""model__weights"": ""distance"", ""pca__n_components"": 56, ""scale__method"": ""robust""}",lof_0.03,robust,56,6,manhattan,"{""clean__method"": ""lof_0.03"", ""model__metric"": ""manhattan"", ""model__n_neighbors"": 6, ""model__weights"": ""distance"", ""pca__n_components"": 56, ""scale__method"": ""robust""}",stage3_local_cv,0.785375,0.0058040933831219515,192.0,6.803000000000001,5
stage3_357,stage3_seed_0,"{""clean__method"": ""none"", ""model__metric"": ""manhattan"", ""model__n_neighbors"": 6, ""model__weights"": ""distance"", ""pca__n_components"": 56, ""scale__method"": ""standard""}",none,standard,56,6,manhattan,"{""clean__method"": ""none"", ""model__metric"": ""manhattan"", ""model__n_neighbors"": 6, ""model__weights"": ""distance"", ""pca__n_components"": 56, ""scale__method"": ""standard""}",stage3_local_cv,0.7851250000000001,0.0022150056433336606,0.0,4.731,5
stage3_321,stage3_seed_0,"{""clean__method"": ""none"", ""model__metric"": ""manhattan"", ""model__n_neighbors"": 6, ""model__weights"": ""distance"", ""pca__n_components"": 44, ""scale__method"": ""standard""}",none,standard,44,6,manhattan,"{""clean__method"": ""none"", ""model__metric"": ""manhattan"", ""model__n_neighbors"": 6, ""model__weights"": ""distance"", ""pca__n_components"": 44, ""scale__method"": ""standard""}",stage3_local_cv,0.785,0.0086240941553302,0.0,4.489,5
stage3_373,stage3_seed_0,"{""clean__method"": ""tomek"", ""model__metric"": ""manhattan"", ""model__n_neighbors"": 2, ""model__weights"": ""distance"", ""pca__n_components"": 44, ""scale__method"": ""robust""}",tomek,robust,44,2,manhattan,"{""clean__method"": ""tomek"", ""model__metric"": ""manhattan"", ""model__n_neighbors"": 2, ""model__weights"": ""distance"", ""pca__n_components"": 44, ""scale__method"": ""robust""}",stage3_local_cv,0.7849999999999999,0.010038986502630645,160.0,8.425,5
stage3_280,stage3_seed_0,"{""clean__method"": ""none"", ""model__metric"": ""euclidean"", ""model__n_neighbors"": 4, ""model__weights"": ""distance"", ""pca__n_components"": 52, ""scale__method"": ""robust""}",none,robust,52,4,euclidean,"{""clean__method"": ""none"", ""model__metric"": ""euclidean"", ""model__n_neighbors"": 4, ""model__weights"": ""distance"", ""pca__n_components"": 52, ""scale__method"": ""robust""}",stage3_local_cv,0.784875,0.006025985396596958,0.0,2.0149999999999997,5
stage3_001,stage3_seed_0,"{""clean__method"": ""lof_0.03"", ""model__metric"": ""manhattan"", ""model__n_neighbors"": 2, ""model__weights"": ""distance"", ""pca__n_components"": 40, ""scale__method"": ""robust""}",lof_0.03,robust,40,2,manhattan,"{""clean__method"": ""lof_0.03"", ""model__metric"": ""manhattan"", ""model__n_neighbors"": 2, ""model__weights"": ""distance"", ""pca__n_components"": 40, ""scale__method"": ""robust""}",stage3_local_cv,0.784875,0.0046334382482126684,192.0,6.489,5
stage3_065,stage3_seed_0,"{""clean__method"": ""lof_0.03"", ""model__metric"": ""manhattan"", ""model__n_neighbors"": 4, ""model__weights"": ""distance"", ""pca__n_components"": 40, ""scale__method"": ""standard""}",lof_0.03,standard,40,4,manhattan,"{""clean__method"": ""lof_0.03"", ""model__metric"": ""manhattan"", ""model__n_neighbors"": 4, ""model__weights"": ""distance"", ""pca__n_components"": 40, ""scale__method"": ""standard""}",stage3_local_cv,0.7848749999999999,0.01058743358892984,192.0,5.396000000000001,5
stage3_177,stage3_seed_0,"{""clean__method"": ""lof_0.05"", ""model__metric"": ""manhattan"", ""model__n_neighbors"": 6, ""model__weights"": ""distance"", ""pca__n_components"": 56, ""scale__method"": ""robust""}",lof_0.05,robust,56,6,manhattan,"{""clean__method"": ""lof_0.05"", ""model__metric"": ""manhattan"", ""model__n_neighbors"": 6, ""model__weights"": ""distance"", ""pca__n_components"": 56, ""scale__method"": ""robust""}",stage3_local_cv,0.7847500000000001,0.013036007824483668,320.0,7.649,5
stage3_340,stage3_seed_0,"{""clean__method"": ""none"", ""model__metric"": ""euclidean"", ""model__n_neighbors"": 4, ""model__weights"": ""distance"", ""pca__n_components"": 52, ""scale__method"": ""standard""}",none,standard,52,4,euclidean,"{""clean__method"": ""none"", ""model__metric"": ""euclidean"", ""model__n_neighbors"": 4, ""model__weights"": ""distance"", ""pca__n_components"": 52, ""scale__method"": ""standard""}",stage3_local_cv,0.784625,0.006105837370909905,0.0,1.5250000000000001,5
stage3_093,stage3_seed_0,"{""clean__method"": ""lof_0.03"", ""model__metric"": ""manhattan"", ""model__n_neighbors"": 6, ""model__weights"": ""distance"", ""pca__n_components"": 48, ""scale__method"": ""standard""}",lof_0.03,standard,48,6,manhattan,"{""clean__method"": ""lof_0.03"", ""model__metric"": ""manhattan"", ""model__n_neighbors"": 6, ""model__weights"": ""distance"", ""pca__n_components"": 48, ""scale__method"": ""standard""}",stage3_local_cv,0.7846249999999999,0.00465362761724655,192.0,6.084,5
stage3_088,stage3_seed_0,"{""clean__method"": ""lof_0.03"", ""model__metric"": ""euclidean"", ""model__n_neighbors"": 4, ""model__weights"": ""distance"", ""pca__n_components"": 48, ""scale__method"": ""standard""}",lof_0.03,standard,48,4,euclidean,"{""clean__method"": ""lof_0.03"", ""model__metric"": ""euclidean"", ""model__n_neighbors"": 4, ""model__weights"": ""distance"", ""pca__n_components"": 48, ""scale__method"": ""standard""}",stage3_local_cv,0.7842500000000001,0.007097534783289172,192.0,2.9679999999999995,5
stage3_400,stage3_seed_0,"{""clean__method"": ""tomek"", ""model__metric"": ""euclidean"", ""model__n_neighbors"": 4, ""model__weights"": ""distance"", ""pca__n_components"": 52, ""scale__method"": ""robust""}",tomek,robust,52,4,euclidean,"{""clean__method"": ""tomek"", ""model__metric"": ""euclidean"", ""model__n_neighbors"": 4, ""model__weights"": ""distance"", ""pca__n_components"": 52, ""scale__method"": ""robust""}",stage3_local_cv,0.7841250000000001,0.005457219988235761,160.0,5.323,5
stage3_009,stage3_seed_0,"{""clean__method"": ""lof_0.03"", ""model__metric"": ""manhattan"", ""model__n_neighbors"": 6, ""model__weights"": ""distance"", ""pca__n_components"": 40, ""scale__method"": ""robust""}",lof_0.03,robust,40,6,manhattan,"{""clean__method"": ""lof_0.03"", ""model__metric"": ""manhattan"", ""model__n_neighbors"": 6, ""model__weights"": ""distance"", ""pca__n_components"": 40, ""scale__method"": ""robust""}",stage3_local_cv,0.7841250000000001,0.00789184705883228,192.0,6.263,5
stage3_433,stage3_seed_0,"{""clean__method"": ""tomek"", ""model__metric"": ""manhattan"", ""model__n_neighbors"": 2, ""model__weights"": ""distance"", ""pca__n_components"": 44, ""scale__method"": ""standard""}",tomek,standard,44,2,manhattan,"{""clean__method"": ""tomek"", ""model__metric"": ""manhattan"", ""model__n_neighbors"": 2, ""model__weights"": ""distance"", ""pca__n_components"": 44, ""scale__method"": ""standard""}",stage3_local_cv,0.784,0.006356591067545535,160.0,7.605,5
stage3_316,stage3_seed_0,"{""clean__method"": ""none"", ""model__metric"": ""euclidean"", ""model__n_neighbors"": 4, ""model__weights"": ""distance"", ""pca__n_components"": 44, ""scale__method"": ""standard""}",none,standard,44,4,euclidean,"{""clean__method"": ""none"", ""model__metric"": ""euclidean"", ""model__n_neighbors"": 4, ""model__weights"": ""distance"", ""pca__n_components"": 44, ""scale__method"": ""standard""}",stage3_local_cv,0.783875,0.003172144385112398,0.0,1.262,5
stage3_268,stage3_seed_0,"{""clean__method"": ""none"", ""model__metric"": ""euclidean"", ""model__n_neighbors"": 4, ""model__weights"": ""distance"", ""pca__n_components"": 48, ""scale__method"": ""robust""}",none,robust,48,4,euclidean,"{""clean__method"": ""none"", ""model__metric"": ""euclidean"", ""model__n_neighbors"": 4, ""model__weights"": ""distance"", ""pca__n_components"": 48, ""scale__method"": ""robust""}",stage3_local_cv,0.783875,0.006952966992586686,0.0,1.633,5
stage3_153,stage3_seed_0,"{""clean__method"": ""lof_0.05"", ""model__metric"": ""manhattan"", ""model__n_neighbors"": 6, ""model__weights"": ""distance"", ""pca__n_components"": 48, ""scale__method"": ""robust""}",lof_0.05,robust,48,6,manhattan,"{""clean__method"": ""lof_0.05"", ""model__metric"": ""manhattan"", ""model__n_neighbors"": 6, ""model__weights"": ""distance"", ""pca__n_components"": 48, ""scale__method"": ""robust""}",stage3_local_cv,0.7837500000000001,0.007915570099493792,320.0,6.627,5
stage3_129,stage3_seed_0,"{""clean__method"": ""lof_0.05"", ""model__metric"": ""manhattan"", ""model__n_neighbors"": 6, ""model__weights"": ""distance"", ""pca__n_components"": 40, ""scale__method"": ""robust""}",lof_0.05,robust,40,6,manhattan,"{""clean__method"": ""lof_0.05"", ""model__metric"": ""manhattan"", ""model__n_neighbors"": 6, ""model__weights"": ""distance"", ""pca__n_components"": 40, ""scale__method"": ""robust""}",stage3_local_cv,0.7837500000000001,0.0038527587518556073,320.0,7.657,5
stage3_292,stage3_seed_0,"{""clean__method"": ""none"", ""model__metric"": ""euclidean"", ""model__n_neighbors"": 4, ""model__weights"": ""distance"", ""pca__n_components"": 56, ""scale__method"": ""robust""}",none,robust,56,4,euclidean,"{""clean__method"": ""none"", ""model__metric"": ""euclidean"", ""model__n_neighbors"": 4, ""model__weights"": ""distance"", ""pca__n_components"": 56, ""scale__method"": ""robust""}",stage3_local_cv,0.783625,0.00514477890681417,0.0,1.2560000000000002,5
stage3_241,stage3_seed_0,"{""clean__method"": ""none"", ""model__metric"": ""manhattan"", ""model__n_neighbors"": 2, ""model__weights"": ""distance"", ""pca__n_components"": 40, ""scale__method"": ""robust""}",none,robust,40,2,manhattan,"{""clean__method"": ""none"", ""model__metric"": ""manhattan"", ""model__n_neighbors"": 2, ""model__weights"": ""distance"", ""pca__n_components"": 40, ""scale__method"": ""robust""}",stage3_local_cv,0.783625,0.005396758286230744,0.0,3.96,5
stage3_425,stage3_seed_0,"{""clean__method"": ""tomek"", ""model__metric"": ""manhattan"", ""model__n_neighbors"": 4, ""model__weights"": ""distance"", ""pca__n_components"": 40, ""scale__method"": ""standard""}",tomek,standard,40,4,manhattan,"{""clean__method"": ""tomek"", ""model__metric"": ""manhattan"", ""model__n_neighbors"": 4, ""model__weights"": ""distance"", ""pca__n_components"": 40, ""scale__method"": ""standard""}",stage3_local_cv,0.783625,0.005249999999999995,160.0,6.989000000000001,5
stage3_196,stage3_seed_0,"{""clean__method"": ""lof_0.05"", ""model__metric"": ""euclidean"", ""model__n_neighbors"": 4, ""model__weights"": ""distance"", ""pca__n_components"": 44, ""scale__method"": ""standard""}",lof_0.05,standard,44,4,euclidean,"{""clean__method"": ""lof_0.05"", ""model__metric"": ""euclidean"", ""model__n_neighbors"": 4, ""model__weights"": ""distance"", ""pca__n_components"": 44, ""scale__method"": ""standard""}",stage3_local_cv,0.783625,0.0047499999999999825,320.0,2.8719999999999994,5
stage3_328,stage3_seed_0,"{""clean__method"": ""none"", ""model__metric"": ""euclidean"", ""model__n_neighbors"": 4, ""model__weights"": ""distance"", ""pca__n_components"": 48, ""scale__method"": ""standard""}",none,standard,48,4,euclidean,"{""clean__method"": ""none"", ""model__metric"": ""euclidean"", ""model__n_neighbors"": 4, ""model__weights"": ""distance"", ""pca__n_components"": 48, ""scale__method"": ""standard""}",stage3_local_cv,0.7835,0.005736396952791872,0.0,0.875,5
stage3_309,stage3_seed_0,"{""clean__method"": ""none"", ""model__metric"": ""manhattan"", ""model__n_neighbors"": 6, ""model__weights"": ""distance"", ""pca__n_components"": 40, ""scale__method"": ""standard""}",none,standard,40,6,manhattan,"{""clean__method"": ""none"", ""model__metric"": ""manhattan"", ""model__n_neighbors"": 6, ""model__weights"": ""distance"", ""pca__n_components"": 40, ""scale__method"": ""standard""}",stage3_local_cv,0.7834999999999999,0.006955213871621792,0.0,3.3770000000000002,5
stage3_756,stage3_seed_3,"{""clean__method"": ""none"", ""model__metric"": ""euclidean"", ""model__n_neighbors"": 2, ""model__weights"": ""distance"", ""pca__n_components"": 64, ""scale__method"": ""robust""}",none,robust,64,2,euclidean,"{""clean__method"": ""none"", ""model__metric"": ""euclidean"", ""model__n_neighbors"": 2, ""model__weights"": ""distance"", ""pca__n_components"": 64, ""scale__method"": ""robust""}",stage3_local_cv,0.783375,0.005556527692723206,0.0,1.713,5
stage3_261,stage3_seed_0,"{""clean__method"": ""none"", ""model__metric"": ""manhattan"", ""model__n_neighbors"": 6, ""model__weights"": ""distance"", ""pca__n_components"": 44, ""scale__method"": ""robust""}",none,robust,44,6,manhattan,"{""clean__method"": ""none"", ""model__metric"": ""manhattan"", ""model__n_neighbors"": 6, ""model__weights"": ""distance"", ""pca__n_components"": 44, ""scale__method"": ""robust""}",stage3_local_cv,0.783375,0.0059371710435189426,0.0,5.022,5
stage3_076,stage3_seed_0,"{""clean__method"": ""lof_0.03"", ""model__metric"": ""euclidean"", ""model__n_neighbors"": 4, ""model__weights"": ""distance"", ""pca__n_components"": 44, ""scale__method"": ""standard""}",lof_0.03,standard,44,4,euclidean,"{""clean__method"": ""lof_0.03"", ""model__metric"": ""euclidean"", ""model__n_neighbors"": 4, ""model__weights"": ""distance"", ""pca__n_components"": 44, ""scale__method"": ""standard""}",stage3_local_cv,0.783375,0.0036571847095819205,192.0,2.985,5
stage3_525,stage3_seed_1,"{""clean__method"": ""lof_0.03"", ""model__metric"": ""manhattan"", ""model__n_neighbors"": 6, ""model__weights"": ""distance"", ""pca__n_components"": 36, ""scale__method"": ""standard""}",lof_0.03,standard,36,6,manhattan,"{""clean__method"": ""lof_0.03"", ""model__metric"": ""manhattan"", ""model__n_neighbors"": 6, ""model__weights"": ""distance"", ""pca__n_components"": 36, ""scale__method"": ""standard""}",stage3_local_cv,0.783375,0.003925079617026924,192.0,5.994,5
stage3_201,stage3_seed_0,"{""clean__method"": ""lof_0.05"", ""model__metric"": ""manhattan"", ""model__n_neighbors"": 6, ""model__weights"": ""distance"", ""pca__n_components"": 44, ""scale__method"": ""standard""}",lof_0.05,standard,44,6,manhattan,"{""clean__method"": ""lof_0.05"", ""model__metric"": ""manhattan"", ""model__n_neighbors"": 6, ""model__weights"": ""distance"", ""pca__n_components"": 44, ""scale__method"": ""standard""}",stage3_local_cv,0.7833749999999999,0.008914524664837718,320.0,5.99,5
stage3_249,stage3_seed_0,"{""clean__method"": ""none"", ""model__metric"": ""manhattan"", ""model__n_neighbors"": 6, ""model__weights"": ""distance"", ""pca__n_components"": 40, ""scale__method"": ""robust""}",none,robust,40,6,manhattan,"{""clean__method"": ""none"", ""model__metric"": ""manhattan"", ""model__n_neighbors"": 6, ""model__weights"": ""distance"", ""pca__n_components"": 40, ""scale__method"": ""robust""}",stage3_local_cv,0.78325,0.006930458137814557,0.0,4.062,5
stage3_021,stage3_seed_0,"{""clean__method"": ""lof_0.03"", ""model__metric"": ""manhattan"", ""model__n_neighbors"": 6, ""model__weights"": ""distance"", ""pca__n_components"": 44, ""scale__method"": ""robust""}",lof_0.03,robust,44,6,manhattan,"{""clean__method"": ""lof_0.03"", ""model__metric"": ""manhattan"", ""model__n_neighbors"": 6, ""model__weights"": ""distance"", ""pca__n_components"": 44, ""scale__method"": ""robust""}",stage3_local_cv,0.78325,0.007086518891529178,192.0,6.471,5
stage3_208,stage3_seed_0,"{""clean__method"": ""lof_0.05"", ""model__metric"": ""euclidean"", ""model__n_neighbors"": 4, ""model__weights"": ""distance"", ""pca__n_components"": 48, ""scale__method"": ""standard""}",lof_0.05,standard,48,4,euclidean,"{""clean__method"": ""lof_0.05"", ""model__metric"": ""euclidean"", ""model__n_neighbors"": 4, ""model__weights"": ""distance"", ""pca__n_components"": 48, ""scale__method"": ""standard""}",stage3_local_cv,0.78325,0.005353153276340963,320.0,2.925,5
stage3_136,stage3_seed_0,"{""clean__method"": ""lof_0.05"", ""model__metric"": ""euclidean"", ""model__n_neighbors"": 4, ""model__weights"": ""distance"", ""pca__n_components"": 44, ""scale__method"": ""robust""}",lof_0.05,robust,44,4,euclidean,"{""clean__method"": ""lof_0.05"", ""model__metric"": ""euclidean"", ""model__n_neighbors"": 4, ""model__weights"": ""distance"", ""pca__n_components"": 44, ""scale__method"": ""robust""}",stage3_local_cv,0.78325,0.004766418991234415,320.0,3.383,5
stage3_573,stage3_seed_1,"{""clean__method"": ""lof_0.05"", ""model__metric"": ""manhattan"", ""model__n_neighbors"": 6, ""model__weights"": ""distance"", ""pca__n_components"": 36, ""scale__method"": ""standard""}",lof_0.05,standard,36,6,manhattan,"{""clean__method"": ""lof_0.05"", ""model__metric"": ""manhattan"", ""model__n_neighbors"": 6, ""model__weights"": ""distance"", ""pca__n_components"": 36, ""scale__method"": ""standard""}",stage3_local_cv,0.78325,0.004911720676097107,320.0,5.083,5
stage3_256,stage3_seed_0,"{""clean__method"": ""none"", ""model__metric"": ""euclidean"", ""model__n_neighbors"": 4, ""model__weights"": ""distance"", ""pca__n_components"": 44, ""scale__method"": ""robust""}",none,robust,44,4,euclidean,"{""clean__method"": ""none"", ""model__metric"": ""euclidean"", ""model__n_neighbors"": 4, ""model__weights"": ""distance"", ""pca__n_components"": 44, ""scale__method"": ""robust""}",stage3_local_cv,0.7831250000000001,0.003468609231377916,0.0,1.2599999999999998,5
stage3_352,stage3_seed_0,"{""clean__method"": ""none"", ""model__metric"": ""euclidean"", ""model__n_neighbors"": 4, ""model__weights"": ""distance"", ""pca__n_components"": 56, ""scale__method"": ""standard""}",none,standard,56,4,euclidean,"{""clean__method"": ""none"", ""model__metric"": ""euclidean"", ""model__n_neighbors"": 4, ""model__weights"": ""distance"", ""pca__n_components"": 56, ""scale__method"": ""standard""}",stage3_local_cv,0.7831250000000001,0.005419870847169691,0.0,1.426,5
stage3_460,stage3_seed_0,"{""clean__method"": ""tomek"", ""model__metric"": ""euclidean"", ""model__n_neighbors"": 4, ""model__weights"": ""distance"", ""pca__n_components"": 52, ""scale__method"": ""standard""}",tomek,standard,52,4,euclidean,"{""clean__method"": ""tomek"", ""model__metric"": ""euclidean"", ""model__n_neighbors"": 4, ""model__weights"": ""distance"", ""pca__n_components"": 52, ""scale__method"": ""standard""}",stage3_local_cv,0.7831250000000001,0.004454632420301379,160.0,4.395,5
stage3_016,stage3_seed_0,"{""clean__method"": ""lof_0.03"", ""model__metric"": ""euclidean"", ""model__n_neighbors"": 4, ""model__weights"": ""distance"", ""pca__n_components"": 44, ""scale__method"": ""robust""}",lof_0.03,robust,44,4,euclidean,"{""clean__method"": ""lof_0.03"", ""model__metric"": ""euclidean"", ""model__n_neighbors"": 4, ""model__weights"": ""distance"", ""pca__n_components"": 44, ""scale__method"": ""robust""}",stage3_local_cv,0.7831250000000001,0.0036443449342782883,192.0,3.8019999999999996,5
stage3_028,stage3_seed_0,"{""clean__method"": ""lof_0.03"", ""model__metric"": ""euclidean"", ""model__n_neighbors"": 4, ""model__weights"": ""distance"", ""pca__n_components"": 48, ""scale__method"": ""robust""}",lof_0.03,robust,48,4,euclidean,"{""clean__method"": ""lof_0.03"", ""model__metric"": ""euclidean"", ""model__n_neighbors"": 4, ""model__weights"": ""distance"", ""pca__n_components"": 48, ""scale__method"": ""robust""}",stage3_local_cv,0.783,0.006535958231200695,192.0,3.8200000000000003,5
stage3_501,stage3_seed_1,"{""clean__method"": ""lof_0.03"", ""model__metric"": ""manhattan"", ""model__n_neighbors"": 6, ""model__weights"": ""distance"", ""pca__n_components"": 36, ""scale__method"": ""robust""}",lof_0.03,robust,36,6,manhattan,"{""clean__method"": ""lof_0.03"", ""model__metric"": ""manhattan"", ""model__n_neighbors"": 6, ""model__weights"": ""distance"", ""pca__n_components"": 36, ""scale__method"": ""robust""}",stage3_local_cv,0.783,0.005144778906814172,192.0,5.772,5
stage3_708,stage3_seed_3,"{""clean__method"": ""lof_0.05"", ""model__metric"": ""euclidean"", ""model__n_neighbors"": 2, ""model__weights"": ""distance"", ""pca__n_components"": 64, ""scale__method"": ""robust""}",lof_0.05,robust,64,2,euclidean,"{""clean__method"": ""lof_0.05"", ""model__metric"": ""euclidean"", ""model__n_neighbors"": 2, ""model__weights"": ""distance"", ""pca__n_components"": 64, ""scale__method"": ""robust""}",stage3_local_cv,0.783,0.006724488828156386,320.0,4.821,5
stage3_225,stage3_seed_0,"{""clean__method"": ""lof_0.05"", ""model__metric"": ""manhattan"", ""model__n_neighbors"": 6, ""model__weights"": ""distance"", ""pca__n_components"": 52, ""scale__method"": ""standard""}",lof_0.05,standard,52,6,manhattan,"{""clean__method"": ""lof_0.05"", ""model__metric"": ""manhattan"", ""model__n_neighbors"": 6, ""model__weights"": ""distance"", ""pca__n_components"": 52, ""scale__method"": ""standard""}",stage3_local_cv,0.783,0.008398288516120423,320.0,6.309,5
stage3_181,stage3_seed_0,"{""clean__method"": ""lof_0.05"", ""model__metric"": ""manhattan"", ""model__n_neighbors"": 2, ""model__weights"": ""distance"", ""pca__n_components"": 40, ""scale__method"": ""standard""}",lof_0.05,standard,40,2,manhattan,"{""clean__method"": ""lof_0.05"", ""model__metric"": ""manhattan"", ""model__n_neighbors"": 2, ""model__weights"": ""distance"", ""pca__n_components"": 40, ""scale__method"": ""standard""}",stage3_local_cv,0.783,0.004782781617427225,320.0,6.462,5
stage3_684,stage3_seed_3,"{""clean__method"": ""lof_0.03"", ""model__metric"": ""euclidean"", ""model__n_neighbors"": 2, ""model__weights"": ""distance"", ""pca__n_components"": 64, ""scale__method"": ""standard""}",lof_0.03,standard,64,2,euclidean,"{""clean__method"": ""lof_0.03"", ""model__metric"": ""euclidean"", ""model__n_neighbors"": 2, ""model__weights"": ""distance"", ""pca__n_components"": 64, ""scale__method"": ""standard""}",stage3_local_cv,0.782875,0.005612486080160939,192.0,2.9909999999999997,5
stage3_660,stage3_seed_3,"{""clean__method"": ""lof_0.03"", ""model__metric"": ""euclidean"", ""model__n_neighbors"": 2, ""model__weights"": ""distance"", ""pca__n_components"": 64, ""scale__method"": ""robust""}",lof_0.03,robust,64,2,euclidean,"{""clean__method"": ""lof_0.03"", ""model__metric"": ""euclidean"", ""model__n_neighbors"": 2, ""model__weights"": ""distance"", ""pca__n_components"": 64, ""scale__method"": ""robust""}",stage3_local_cv,0.782875,0.005612486080160903,192.0,4.089,5
stage3_436,stage3_seed_0,"{""clean__method"": ""tomek"", ""model__metric"": ""euclidean"", ""model__n_neighbors"": 4, ""model__weights"": ""distance"", ""pca__n_components"": 44, ""scale__method"": ""standard""}",tomek,standard,44,4,euclidean,"{""clean__method"": ""tomek"", ""model__metric"": ""euclidean"", ""model__n_neighbors"": 4, ""model__weights"": ""distance"", ""pca__n_components"": 44, ""scale__method"": ""standard""}",stage3_local_cv,0.78275,0.0015612494995996123,160.0,5.18,5
stage3_040,stage3_seed_0,"{""clean__method"": ""lof_0.03"", ""model__metric"": ""euclidean"", ""model__n_neighbors"": 4, ""model__weights"": ""distance"", ""pca__n_components"": 52, ""scale__method"": ""robust""}",lof_0.03,robust,52,4,euclidean,"{""clean__method"": ""lof_0.03"", ""model__metric"": ""euclidean"", ""model__n_neighbors"": 4, ""model__weights"": ""distance"", ""pca__n_components"": 52, ""scale__method"": ""robust""}",stage3_local_cv,0.78275,0.008325412902673343,192.0,3.9239999999999995,5
stage3_148,stage3_seed_0,"{""clean__method"": ""lof_0.05"", ""model__metric"": ""euclidean"", ""model__n_neighbors"": 4, ""model__weights"": ""distance"", ""pca__n_components"": 48, ""scale__method"": ""robust""}",lof_0.05,robust,48,4,euclidean,"{""clean__method"": ""lof_0.05"", ""model__metric"": ""euclidean"", ""model__n_neighbors"": 4, ""model__weights"": ""distance"", ""pca__n_components"": 48, ""scale__method"": ""robust""}",stage3_local_cv,0.78275,0.0059107952087684296,320.0,3.969,5
stage3_189,stage3_seed_0,"{""clean__method"": ""lof_0.05"", ""model__metric"": ""manhattan"", ""model__n_neighbors"": 6, ""model__weights"": ""distance"", ""pca__n_components"": 40, ""scale__method"": ""standard""}",lof_0.05,standard,40,6,manhattan,"{""clean__method"": ""lof_0.05"", ""model__metric"": ""manhattan"", ""model__n_neighbors"": 6, ""model__weights"": ""distance"", ""pca__n_components"": 40, ""scale__method"": ""standard""}",stage3_local_cv,0.7827499999999998,0.008602325267042634,320.0,5.422000000000001,5
stage3_780,stage3_seed_3,"{""clean__method"": ""none"", ""model__metric"": ""euclidean"", ""model__n_neighbors"": 2, ""model__weights"": ""distance"", ""pca__n_components"": 64, ""scale__method"": ""standard""}",none,standard,64,2,euclidean,"{""clean__method"": ""none"", ""model__metric"": ""euclidean"", ""model__n_neighbors"": 2, ""model__weights"": ""distance"", ""pca__n_components"": 64, ""scale__method"": ""standard""}",stage3_local_cv,0.7825,0.004454632420301382,0.0,1.017,5
stage3_732,stage3_seed_3,"{""clean__method"": ""lof_0.05"", ""model__metric"": ""euclidean"", ""model__n_neighbors"": 2, ""model__weights"": ""distance"", ""pca__n_components"": 64, ""scale__method"": ""standard""}",lof_0.05,standard,64,2,euclidean,"{""clean__method"": ""lof_0.05"", ""model__metric"": ""euclidean"", ""model__n_neighbors"": 2, ""model__weights"": ""distance"", ""pca__n_components"": 64, ""scale__method"": ""standard""}",stage3_local_cv,0.7825,0.005434266279821034,320.0,3.9139999999999997,5
stage3_549,stage3_seed_1,"{""clean__method"": ""lof_0.05"", ""model__metric"": ""manhattan"", ""model__n_neighbors"": 6, ""model__weights"": ""distance"", ""pca__n_components"": 36, ""scale__method"": ""robust""}",lof_0.05,robust,36,6,manhattan,"{""clean__method"": ""lof_0.05"", ""model__metric"": ""manhattan"", ""model__n_neighbors"": 6, ""model__weights"": ""distance"", ""pca__n_components"": 36, ""scale__method"": ""robust""}",stage3_local_cv,0.7825,0.0036012150727219878,320.0,5.461,5
stage3_121,stage3_seed_0,"{""clean__method"": ""lof_0.05"", ""model__metric"": ""manhattan"", ""model__n_neighbors"": 2, ""model__weights"": ""distance"", ""pca__n_components"": 40, ""scale__method"": ""robust""}",lof_0.05,robust,40,2,manhattan,"{""clean__method"": ""lof_0.05"", ""model__metric"": ""manhattan"", ""model__n_neighbors"": 2, ""model__weights"": ""distance"", ""pca__n_components"": 40, ""scale__method"": ""robust""}",stage3_local_cv,0.7823749999999999,0.004282960424752948,320.0,5.763,5
stage3_160,stage3_seed_0,"{""clean__method"": ""lof_0.05"", ""model__metric"": ""euclidean"", ""model__n_neighbors"": 4, ""model__weights"": ""distance"", ""pca__n_components"": 52, ""scale__method"": ""robust""}",lof_0.05,robust,52,4,euclidean,"{""clean__method"": ""lof_0.05"", ""model__metric"": ""euclidean"", ""model__n_neighbors"": 4, ""model__weights"": ""distance"", ""pca__n_components"": 52, ""scale__method"": ""robust""}",stage3_local_cv,0.78225,0.007650571874049677,320.0,3.6980000000000004,5
stage3_285,stage3_seed_0,"{""clean__method"": ""none"", ""model__metric"": ""manhattan"", ""model__n_neighbors"": 6, ""model__weights"": ""distance"", ""pca__n_components"": 52, ""scale__method"": ""robust""}",none,robust,52,6,manhattan,"{""clean__method"": ""none"", ""model__metric"": ""manhattan"", ""model__n_neighbors"": 6, ""model__weights"": ""distance"", ""pca__n_components"": 52, ""scale__method"": ""robust""}",stage3_local_cv,0.782,0.009239859306288156,0.0,5.394,5
stage3_376,stage3_seed_0,"{""clean__method"": ""tomek"", ""model__metric"": ""euclidean"", ""model__n_neighbors"": 4, ""model__weights"": ""distance"", ""pca__n_components"": 44, ""scale__method"": ""robust""}",tomek,robust,44,4,euclidean,"{""clean__method"": ""tomek"", ""model__metric"": ""euclidean"", ""model__n_neighbors"": 4, ""model__weights"": ""distance"", ""pca__n_components"": 44, ""scale__method"": ""robust""}",stage3_local_cv,0.782,0.0035663356544217775,160.0,5.66,5
stage3_273,stage3_seed_0,"{""clean__method"": ""none"", ""model__metric"": ""manhattan"", ""model__n_neighbors"": 6, ""model__weights"": ""distance"", ""pca__n_components"": 48, ""scale__method"": ""robust""}",none,robust,48,6,manhattan,"{""clean__method"": ""none"", ""model__metric"": ""manhattan"", ""model__n_neighbors"": 6, ""model__weights"": ""distance"", ""pca__n_components"": 48, ""scale__method"": ""robust""}",stage3_local_cv,0.781875,0.0027669929526473384,0.0,4.343999999999999,5
stage3_100,stage3_seed_0,"{""clean__method"": ""lof_0.03"", ""model__metric"": ""euclidean"", ""model__n_neighbors"": 4, ""model__weights"": ""distance"", ""pca__n_components"": 52, ""scale__method"": ""standard""}",lof_0.03,standard,52,4,euclidean,"{""clean__method"": ""lof_0.03"", ""model__metric"": ""euclidean"", ""model__n_neighbors"": 4, ""model__weights"": ""distance"", ""pca__n_components"": 52, ""scale__method"": ""standard""}",stage3_local_cv,0.781875,0.007458216945088135,192.0,2.975,5
stage3_688,stage3_seed_3,"{""clean__method"": ""lof_0.03"", ""model__metric"": ""euclidean"", ""model__n_neighbors"": 4, ""model__weights"": ""distance"", ""pca__n_components"": 64, ""scale__method"": ""standard""}",lof_0.03,standard,64,4,euclidean,"{""clean__method"": ""lof_0.03"", ""model__metric"": ""euclidean"", ""model__n_neighbors"": 4, ""model__weights"": ""distance"", ""pca__n_components"": 64, ""scale__method"": ""standard""}",stage3_local_cv,0.78175,0.0059608095087831945,192.0,3.205,5
stage3_204,stage3_seed_0,"{""clean__method"": ""lof_0.05"", ""model__metric"": ""euclidean"", ""model__n_neighbors"": 2, ""model__weights"": ""distance"", ""pca__n_components"": 48, ""scale__method"": ""standard""}",lof_0.05,standard,48,2,euclidean,"{""clean__method"": ""lof_0.05"", ""model__metric"": ""euclidean"", ""model__n_neighbors"": 2, ""model__weights"": ""distance"", ""pca__n_components"": 48, ""scale__method"": ""standard""}",stage3_local_cv,0.78175,0.00748331477354788,320.0,4.024,5
stage3_336,stage3_seed_0,"{""clean__method"": ""none"", ""model__metric"": ""euclidean"", ""model__n_neighbors"": 2, ""model__weights"": ""distance"", ""pca__n_components"": 52, ""scale__method"": ""standard""}",none,standard,52,2,euclidean,"{""clean__method"": ""none"", ""model__metric"": ""euclidean"", ""model__n_neighbors"": 2, ""model__weights"": ""distance"", ""pca__n_components"": 52, ""scale__method"": ""standard""}",stage3_local_cv,0.781625,0.0071763500472036635,0.0,1.07,5
stage3_744,stage3_seed_3,"{""clean__method"": ""none"", ""model__metric"": ""euclidean"", ""model__n_neighbors"": 2, ""model__weights"": ""distance"", ""pca__n_components"": 60, ""scale__method"": ""robust""}",none,robust,60,2,euclidean,"{""clean__method"": ""none"", ""model__metric"": ""euclidean"", ""model__n_neighbors"": 2, ""model__weights"": ""distance"", ""pca__n_components"": 60, ""scale__method"": ""robust""}",stage3_local_cv,0.7816249999999999,0.007198090024443985,0.0,1.32,5
stage3_784,stage3_seed_3,"{""clean__method"": ""none"", ""model__metric"": ""euclidean"", ""model__n_neighbors"": 4, ""model__weights"": ""distance"", ""pca__n_components"": 64, ""scale__method"": ""standard""}",none,standard,64,4,euclidean,"{""clean__method"": ""none"", ""model__metric"": ""euclidean"", ""model__n_neighbors"": 4, ""model__weights"": ""distance"", ""pca__n_components"": 64, ""scale__method"": ""standard""}",stage3_local_cv,0.781375,0.004227883631321932,0.0,0.9149999999999998,5
stage3_365,stage3_seed_0,"{""clean__method"": ""tomek"", ""model__metric"": ""manhattan"", ""model__n_neighbors"": 4, ""model__weights"": ""distance"", ""pca__n_components"": 40, ""scale__method"": ""robust""}",tomek,robust,40,4,manhattan,"{""clean__method"": ""tomek"", ""model__metric"": ""manhattan"", ""model__n_neighbors"": 4, ""model__weights"": ""distance"", ""pca__n_components"": 40, ""scale__method"": ""robust""}",stage3_local_cv,0.781375,0.007870038119348615,160.0,9.164,5
stage3_664,stage3_seed_3,"{""clean__method"": ""lof_0.03"", ""model__metric"": ""euclidean"", ""model__n_neighbors"": 4, ""model__weights"": ""distance"", ""pca__n_components"": 64, ""scale__method"": ""robust""}",lof_0.03,robust,64,4,euclidean,"{""clean__method"": ""lof_0.03"", ""model__metric"": ""euclidean"", ""model__n_neighbors"": 4, ""model__weights"": ""distance"", ""pca__n_components"": 64, ""scale__method"": ""robust""}",stage3_local_cv,0.781375,0.005083674851915687,192.0,3.426,5
stage3_168,stage3_seed_0,"{""clean__method"": ""lof_0.05"", ""model__metric"": ""euclidean"", ""model__n_neighbors"": 2, ""model__weights"": ""distance"", ""pca__n_components"": 56, ""scale__method"": ""robust""}",lof_0.05,robust,56,2,euclidean,"{""clean__method"": ""lof_0.05"", ""model__metric"": ""euclidean"", ""model__n_neighbors"": 2, ""model__weights"": ""distance"", ""pca__n_components"": 56, ""scale__method"": ""robust""}",stage3_local_cv,0.781375,0.0060518592184550905,320.0,3.499,5
stage3_015,stage3_seed_0,"{""clean__method"": ""lof_0.03"", ""model__metric"": ""manhattan"", ""model__n_neighbors"": 3, ""model__weights"": ""distance"", ""pca__n_components"": 44, ""scale__method"": ""robust""}",lof_0.03,robust,44,3,manhattan,"{""clean__method"": ""lof_0.03"", ""model__metric"": ""manhattan"", ""model__n_neighbors"": 3, ""model__weights"": ""distance"", ""pca__n_components"": 44, ""scale__method"": ""robust""}",stage3_local_cv,0.7813749999999999,0.008017558855412285,192.0,6.682,5
stage3_448,stage3_seed_0,"{""clean__method"": ""tomek"", ""model__metric"": ""euclidean"", ""model__n_neighbors"": 4, ""model__weights"": ""distance"", ""pca__n_components"": 48, ""scale__method"": ""standard""}",tomek,standard,48,4,euclidean,"{""clean__method"": ""tomek"", ""model__metric"": ""euclidean"", ""model__n_neighbors"": 4, ""model__weights"": ""distance"", ""pca__n_components"": 48, ""scale__method"": ""standard""}",stage3_local_cv,0.78125,0.005968668193156652,160.0,4.416,5
stage3_388,stage3_seed_0,"{""clean__method"": ""tomek"", ""model__metric"": ""euclidean"", ""model__n_neighbors"": 4, ""model__weights"": ""distance"", ""pca__n_components"": 48, ""scale__method"": ""robust""}",tomek,robust,48,4,euclidean,"{""clean__method"": ""tomek"", ""model__metric"": ""euclidean"", ""model__n_neighbors"": 4, ""model__weights"": ""distance"", ""pca__n_components"": 48, ""scale__method"": ""robust""}",stage3_local_cv,0.78125,0.007180703308172551,160.0,4.657,5
stage3_220,stage3_seed_0,"{""clean__method"": ""lof_0.05"", ""model__metric"": ""euclidean"", ""model__n_neighbors"": 4, ""model__weights"": ""distance"", ""pca__n_components"": 52, ""scale__method"": ""standard""}",lof_0.05,standard,52,4,euclidean,"{""clean__method"": ""lof_0.05"", ""model__metric"": ""euclidean"", ""model__n_neighbors"": 4, ""model__weights"": ""distance"", ""pca__n_components"": 52, ""scale__method"": ""standard""}",stage3_local_cv,0.78125,0.006519202405202646,320.0,3.027,5
stage3_144,stage3_seed_0,"{""clean__method"": ""lof_0.05"", ""model__metric"": ""euclidean"", ""model__n_neighbors"": 2, ""model__weights"": ""distance"", ""pca__n_components"": 48, ""scale__method"": ""robust""}",lof_0.05,robust,48,2,euclidean,"{""clean__method"": ""lof_0.05"", ""model__metric"": ""euclidean"", ""model__n_neighbors"": 2, ""model__weights"": ""distance"", ""pca__n_components"": 48, ""scale__method"": ""robust""}",stage3_local_cv,0.78125,0.007964766161036987,320.0,3.3280000000000003,5
stage3_052,stage3_seed_0,"{""clean__method"": ""lof_0.03"", ""model__metric"": ""euclidean"", ""model__n_neighbors"": 4, ""model__weights"": ""distance"", ""pca__n_components"": 56, ""scale__method"": ""robust""}",lof_0.03,robust,56,4,euclidean,"{""clean__method"": ""lof_0.03"", ""model__metric"": ""euclidean"", ""model__n_neighbors"": 4, ""model__weights"": ""distance"", ""pca__n_components"": 56, ""scale__method"": ""robust""}",stage3_local_cv,0.7811250000000001,0.0069304581378145675,192.0,3.5090000000000003,5
stage3_264,stage3_seed_0,"{""clean__method"": ""none"", ""model__metric"": ""euclidean"", ""model__n_neighbors"": 2, ""model__weights"": ""distance"", ""pca__n_components"": 48, ""scale__method"": ""robust""}",none,robust,48,2,euclidean,"{""clean__method"": ""none"", ""model__metric"": ""euclidean"", ""model__n_neighbors"": 2, ""model__weights"": ""distance"", ""pca__n_components"": 48, ""scale__method"": ""robust""}",stage3_local_cv,0.781125,0.007780183159797705,0.0,1.9709999999999996,5
stage3_167,stage3_seed_0,"{""clean__method"": ""lof_0.05"", ""model__metric"": ""manhattan"", ""model__n_neighbors"": 8, ""model__weights"": ""distance"", ""pca__n_components"": 52, ""scale__method"": ""robust""}",lof_0.05,robust,52,8,manhattan,"{""clean__method"": ""lof_0.05"", ""model__metric"": ""manhattan"", ""model__n_neighbors"": 8, ""model__weights"": ""distance"", ""pca__n_components"": 52, ""scale__method"": ""robust""}",stage3_local_cv,0.781125,0.006839682010152218,320.0,7.262,5
stage3_237,stage3_seed_0,"{""clean__method"": ""lof_0.05"", ""model__metric"": ""manhattan"", ""model__n_neighbors"": 6, ""model__weights"": ""distance"", ""pca__n_components"": 56, ""scale__method"": ""standard""}",lof_0.05,standard,56,6,manhattan,"{""clean__method"": ""lof_0.05"", ""model__metric"": ""manhattan"", ""model__n_neighbors"": 6, ""model__weights"": ""distance"", ""pca__n_components"": 56, ""scale__method"": ""standard""}",stage3_local_cv,0.781125,0.00849080384887085,320.0,7.658,5
stage3_297,stage3_seed_0,"{""clean__method"": ""none"", ""model__metric"": ""manhattan"", ""model__n_neighbors"": 6, ""model__weights"": ""distance"", ""pca__n_components"": 56, ""scale__method"": ""robust""}",none,robust,56,6,manhattan,"{""clean__method"": ""none"", ""model__metric"": ""manhattan"", ""model__n_neighbors"": 6, ""model__weights"": ""distance"", ""pca__n_components"": 56, ""scale__method"": ""robust""}",stage3_local_cv,0.781,0.008932035042474942,0.0,5.185,5
stage3_228,stage3_seed_0,"{""clean__method"": ""lof_0.05"", ""model__metric"": ""euclidean"", ""model__n_neighbors"": 2, ""model__weights"": ""distance"", ""pca__n_components"": 56, ""scale__method"": ""standard""}",lof_0.05,standard,56,2,euclidean,"{""clean__method"": ""lof_0.05"", ""model__metric"": ""euclidean"", ""model__n_neighbors"": 2, ""model__weights"": ""distance"", ""pca__n_components"": 56, ""scale__method"": ""standard""}",stage3_local_cv,0.781,0.0073590930147675124,320.0,2.9139999999999997,5
stage3_232,stage3_seed_0,"{""clean__method"": ""lof_0.05"", ""model__metric"": ""euclidean"", ""model__n_neighbors"": 4, ""model__weights"": ""distance"", ""pca__n_components"": 56, ""scale__method"": ""standard""}",lof_0.05,standard,56,4,euclidean,"{""clean__method"": ""lof_0.05"", ""model__metric"": ""euclidean"", ""model__n_neighbors"": 4, ""model__weights"": ""distance"", ""pca__n_components"": 56, ""scale__method"": ""standard""}",stage3_local_cv,0.781,0.006830538046157107,320.0,3.6270000000000002,5
stage3_117,stage3_seed_0,"{""clean__method"": ""lof_0.03"", ""model__metric"": ""manhattan"", ""model__n_neighbors"": 6, ""model__weights"": ""distance"", ""pca__n_components"": 56, ""scale__method"": ""standard""}",lof_0.03,standard,56,6,manhattan,"{""clean__method"": ""lof_0.03"", ""model__metric"": ""manhattan"", ""model__n_neighbors"": 6, ""model__weights"": ""distance"", ""pca__n_components"": 56, ""scale__method"": ""standard""}",stage3_local_cv,0.7809999999999999,0.007822243923580987,192.0,7.532000000000001,5
stage3_112,stage3_seed_0,"{""clean__method"": ""lof_0.03"", ""model__metric"": ""euclidean"", ""model__n_neighbors"": 4, ""model__weights"": ""distance"", ""pca__n_components"": 56, ""scale__method"": ""standard""}",lof_0.03,standard,56,4,euclidean,"{""clean__method"": ""lof_0.03"", ""model__metric"": ""euclidean"", ""model__n_neighbors"": 4, ""model__weights"": ""distance"", ""pca__n_components"": 56, ""scale__method"": ""standard""}",stage3_local_cv,0.780875,0.006597821610198345,192.0,3.0549999999999997,5
stage3_172,stage3_seed_0,"{""clean__method"": ""lof_0.05"", ""model__metric"": ""euclidean"", ""model__n_neighbors"": 4, ""model__weights"": ""distance"", ""pca__n_components"": 56, ""scale__method"": ""robust""}",lof_0.05,robust,56,4,euclidean,"{""clean__method"": ""lof_0.05"", ""model__metric"": ""euclidean"", ""model__n_neighbors"": 4, ""model__weights"": ""distance"", ""pca__n_components"": 56, ""scale__method"": ""robust""}",stage3_local_cv,0.780875,0.00726291952316699,320.0,3.729,5
stage3_276,stage3_seed_0,"{""clean__method"": ""none"", ""model__metric"": ""euclidean"", ""model__n_neighbors"": 2, ""model__weights"": ""distance"", ""pca__n_components"": 52, ""scale__method"": ""robust""}",none,robust,52,2,euclidean,"{""clean__method"": ""none"", ""model__metric"": ""euclidean"", ""model__n_neighbors"": 2, ""model__weights"": ""distance"", ""pca__n_components"": 52, ""scale__method"": ""robust""}",stage3_local_cv,0.78075,0.006242495494591916,0.0,1.319,5
stage3_024,stage3_seed_0,"{""clean__method"": ""lof_0.03"", ""model__metric"": ""euclidean"", ""model__n_neighbors"": 2, ""model__weights"": ""distance"", ""pca__n_components"": 48, ""scale__method"": ""robust""}",lof_0.03,robust,48,2,euclidean,"{""clean__method"": ""lof_0.03"", ""model__metric"": ""euclidean"", ""model__n_neighbors"": 2, ""model__weights"": ""distance"", ""pca__n_components"": 48, ""scale__method"": ""robust""}",stage3_local_cv,0.780625,0.009253377761660865,192.0,3.925,5
stage3_096,stage3_seed_0,"{""clean__method"": ""lof_0.03"", ""model__metric"": ""euclidean"", ""model__n_neighbors"": 2, ""model__weights"": ""distance"", ""pca__n_components"": 52, ""scale__method"": ""standard""}",lof_0.03,standard,52,2,euclidean,"{""clean__method"": ""lof_0.03"", ""model__metric"": ""euclidean"", ""model__n_neighbors"": 2, ""model__weights"": ""distance"", ""pca__n_components"": 52, ""scale__method"": ""standard""}",stage3_local_cv,0.7805000000000001,0.007228416147400479,192.0,2.915,5
stage3_301,stage3_seed_0,"{""clean__method"": ""none"", ""model__metric"": ""manhattan"", ""model__n_neighbors"": 2, ""model__weights"": ""distance"", ""pca__n_components"": 40, ""scale__method"": ""standard""}",none,standard,40,2,manhattan,"{""clean__method"": ""none"", ""model__metric"": ""manhattan"", ""model__n_neighbors"": 2, ""model__weights"": ""distance"", ""pca__n_components"": 40, ""scale__method"": ""standard""}",stage3_local_cv,0.7805,0.006304760106459236,0.0,3.791,5
stage3_069,stage3_seed_0,"{""clean__method"": ""lof_0.03"", ""model__metric"": ""manhattan"", ""model__n_neighbors"": 6, ""model__weights"": ""distance"", ""pca__n_components"": 40, ""scale__method"": ""standard""}",lof_0.03,standard,40,6,manhattan,"{""clean__method"": ""lof_0.03"", ""model__metric"": ""manhattan"", ""model__n_neighbors"": 6, ""model__weights"": ""distance"", ""pca__n_components"": 40, ""scale__method"": ""standard""}",stage3_local_cv,0.7805,0.008152836929560188,192.0,5.404,5
stage3_705,stage3_seed_3,"{""clean__method"": ""lof_0.05"", ""model__metric"": ""manhattan"", ""model__n_neighbors"": 6, ""model__weights"": ""distance"", ""pca__n_components"": 60, ""scale__method"": ""robust""}",lof_0.05,robust,60,6,manhattan,"{""clean__method"": ""lof_0.05"", ""model__metric"": ""manhattan"", ""model__n_neighbors"": 6, ""model__weights"": ""distance"", ""pca__n_components"": 60, ""scale__method"": ""robust""}",stage3_local_cv,0.7805,0.007524958471646211,320.0,7.303000000000001,5
stage3_772,stage3_seed_3,"{""clean__method"": ""none"", ""model__metric"": ""euclidean"", ""model__n_neighbors"": 4, ""model__weights"": ""distance"", ""pca__n_components"": 60, ""scale__method"": ""standard""}",none,standard,60,4,euclidean,"{""clean__method"": ""none"", ""model__metric"": ""euclidean"", ""model__n_neighbors"": 4, ""model__weights"": ""distance"", ""pca__n_components"": 60, ""scale__method"": ""standard""}",stage3_local_cv,0.780375,0.0016105123408406375,0.0,0.966,5
stage3_753,stage3_seed_3,"{""clean__method"": ""none"", ""model__metric"": ""manhattan"", ""model__n_neighbors"": 6, ""model__weights"": ""distance"", ""pca__n_components"": 60, ""scale__method"": ""robust""}",none,robust,60,6,manhattan,"{""clean__method"": ""none"", ""model__metric"": ""manhattan"", ""model__n_neighbors"": 6, ""model__weights"": ""distance"", ""pca__n_components"": 60, ""scale__method"": ""robust""}",stage3_local_cv,0.780375,0.008923284148787385,0.0,5.415,5
stage3_641,stage3_seed_2,"{""clean__method"": ""tomek"", ""model__metric"": ""manhattan"", ""model__n_neighbors"": 4, ""model__weights"": ""distance"", ""pca__n_components"": 36, ""scale__method"": ""standard""}",tomek,standard,36,4,manhattan,"{""clean__method"": ""tomek"", ""model__metric"": ""manhattan"", ""model__n_neighbors"": 4, ""model__weights"": ""distance"", ""pca__n_components"": 36, ""scale__method"": ""standard""}",stage3_local_cv,0.780375,0.005722761571129783,160.0,8.595,5
stage3_216,stage3_seed_0,"{""clean__method"": ""lof_0.05"", ""model__metric"": ""euclidean"", ""model__n_neighbors"": 2, ""model__weights"": ""distance"", ""pca__n_components"": 52, ""scale__method"": ""standard""}",lof_0.05,standard,52,2,euclidean,"{""clean__method"": ""lof_0.05"", ""model__metric"": ""euclidean"", ""model__n_neighbors"": 2, ""model__weights"": ""distance"", ""pca__n_components"": 52, ""scale__method"": ""standard""}",stage3_local_cv,0.7803749999999999,0.007881941385217233,320.0,3.518,5
stage3_760,stage3_seed_3,"{""clean__method"": ""none"", ""model__metric"": ""euclidean"", ""model__n_neighbors"": 4, ""model__weights"": ""distance"", ""pca__n_components"": 64, ""scale__method"": ""robust""}",none,robust,64,4,euclidean,"{""clean__method"": ""none"", ""model__metric"": ""euclidean"", ""model__n_neighbors"": 4, ""model__weights"": ""distance"", ""pca__n_components"": 64, ""scale__method"": ""robust""}",stage3_local_cv,0.7802500000000001,0.005341465154805389,0.0,1.426,5
stage3_472,stage3_seed_0,"{""clean__method"": ""tomek"", ""model__metric"": ""euclidean"", ""model__n_neighbors"": 4, ""model__weights"": ""distance"", ""pca__n_components"": 56, ""scale__method"": ""standard""}",tomek,standard,56,4,euclidean,"{""clean__method"": ""tomek"", ""model__metric"": ""euclidean"", ""model__n_neighbors"": 4, ""model__weights"": ""distance"", ""pca__n_components"": 56, ""scale__method"": ""standard""}",stage3_local_cv,0.78025,0.003482097069296037,160.0,5.814000000000001,5
stage3_061,stage3_seed_0,"{""clean__method"": ""lof_0.03"", ""model__metric"": ""manhattan"", ""model__n_neighbors"": 2, ""model__weights"": ""distance"", ""pca__n_components"": 40, ""scale__method"": ""standard""}",lof_0.03,standard,40,2,manhattan,"{""clean__method"": ""lof_0.03"", ""model__metric"": ""manhattan"", ""model__n_neighbors"": 2, ""model__weights"": ""distance"", ""pca__n_components"": 40, ""scale__method"": ""standard""}",stage3_local_cv,0.78025,0.008268917704270625,192.0,6.134,5
stage3_468,stage3_seed_0,"{""clean__method"": ""tomek"", ""model__metric"": ""euclidean"", ""model__n_neighbors"": 2, ""model__weights"": ""distance"", ""pca__n_components"": 56, ""scale__method"": ""standard""}",tomek,standard,56,2,euclidean,"{""clean__method"": ""tomek"", ""model__metric"": ""euclidean"", ""model__n_neighbors"": 2, ""model__weights"": ""distance"", ""pca__n_components"": 56, ""scale__method"": ""standard""}",stage3_local_cv,0.7801250000000001,0.007108533604056442,160.0,4.755000000000001,5
stage3_324,stage3_seed_0,"{""clean__method"": ""none"", ""model__metric"": ""euclidean"", ""model__n_neighbors"": 2, ""model__weights"": ""distance"", ""pca__n_components"": 48, ""scale__method"": ""standard""}",none,standard,48,2,euclidean,"{""clean__method"": ""none"", ""model__metric"": ""euclidean"", ""model__n_neighbors"": 2, ""model__weights"": ""distance"", ""pca__n_components"": 48, ""scale__method"": ""standard""}",stage3_local_cv,0.780125,0.0070200605410494655,0.0,0.883,5
stage3_621,stage3_seed_1,"{""clean__method"": ""none"", ""model__metric"": ""manhattan"", ""model__n_neighbors"": 6, ""model__weights"": ""distance"", ""pca__n_components"": 36, ""scale__method"": ""standard""}",none,standard,36,6,manhattan,"{""clean__method"": ""none"", ""model__metric"": ""manhattan"", ""model__n_neighbors"": 6, ""model__weights"": ""distance"", ""pca__n_components"": 36, ""scale__method"": ""standard""}",stage3_local_cv,0.780125,0.005425633603552689,0.0,3.644,5
stage3_748,stage3_seed_3,"{""clean__method"": ""none"", ""model__metric"": ""euclidean"", ""model__n_neighbors"": 4, ""model__weights"": ""distance"", ""pca__n_components"": 60, ""scale__method"": ""robust""}",none,robust,60,4,euclidean,"{""clean__method"": ""none"", ""model__metric"": ""euclidean"", ""model__n_neighbors"": 4, ""model__weights"": ""distance"", ""pca__n_components"": 60, ""scale__method"": ""robust""}",stage3_local_cv,0.7801249999999998,0.0028339460121886775,0.0,1.3370000000000002,5
stage3_412,stage3_seed_0,"{""clean__method"": ""tomek"", ""model__metric"": ""euclidean"", ""model__n_neighbors"": 4, ""model__weights"": ""distance"", ""pca__n_components"": 56, ""scale__method"": ""robust""}",tomek,robust,56,4,euclidean,"{""clean__method"": ""tomek"", ""model__metric"": ""euclidean"", ""model__n_neighbors"": 4, ""model__weights"": ""distance"", ""pca__n_components"": 56, ""scale__method"": ""robust""}",stage3_local_cv,0.78,0.0018957188610128836,160.0,5.527,5
stage3_048,stage3_seed_0,"{""clean__method"": ""lof_0.03"", ""model__metric"": ""euclidean"", ""model__n_neighbors"": 2, ""model__weights"": ""distance"", ""pca__n_components"": 56, ""scale__method"": ""robust""}",lof_0.03,robust,56,2,euclidean,"{""clean__method"": ""lof_0.03"", ""model__metric"": ""euclidean"", ""model__n_neighbors"": 2, ""model__weights"": ""distance"", ""pca__n_components"": 56, ""scale__method"": ""robust""}",stage3_local_cv,0.78,0.006373774391990952,192.0,4.383,5
stage3_027,stage3_seed_0,"{""clean__method"": ""lof_0.03"", ""model__metric"": ""manhattan"", ""model__n_neighbors"": 3, ""model__weights"": ""distance"", ""pca__n_components"": 48, ""scale__method"": ""robust""}",lof_0.03,robust,48,3,manhattan,"{""clean__method"": ""lof_0.03"", ""model__metric"": ""manhattan"", ""model__n_neighbors"": 3, ""model__weights"": ""distance"", ""pca__n_components"": 48, ""scale__method"": ""robust""}",stage3_local_cv,0.78,0.010239323708136194,192.0,6.928000000000001,5
stage3_736,stage3_seed_3,"{""clean__method"": ""lof_0.05"", ""model__metric"": ""euclidean"", ""model__n_neighbors"": 4, ""model__weights"": ""distance"", ""pca__n_components"": 64, ""scale__method"": ""standard""}",lof_0.05,standard,64,4,euclidean,"{""clean__method"": ""lof_0.05"", ""model__metric"": ""euclidean"", ""model__n_neighbors"": 4, ""model__weights"": ""distance"", ""pca__n_components"": 64, ""scale__method"": ""standard""}",stage3_local_cv,0.78,0.004031128874149296,320.0,3.431,5
stage3_124,stage3_seed_0,"{""clean__method"": ""lof_0.05"", ""model__metric"": ""euclidean"", ""model__n_neighbors"": 4, ""model__weights"": ""distance"", ""pca__n_components"": 40, ""scale__method"": ""robust""}",lof_0.05,robust,40,4,euclidean,"{""clean__method"": ""lof_0.05"", ""model__metric"": ""euclidean"", ""model__n_neighbors"": 4, ""model__weights"": ""distance"", ""pca__n_components"": 40, ""scale__method"": ""robust""}",stage3_local_cv,0.78,0.006766184301362182,320.0,3.617,5
stage3_156,stage3_seed_0,"{""clean__method"": ""lof_0.05"", ""model__metric"": ""euclidean"", ""model__n_neighbors"": 2, ""model__weights"": ""distance"", ""pca__n_components"": 52, ""scale__method"": ""robust""}",lof_0.05,robust,52,2,euclidean,"{""clean__method"": ""lof_0.05"", ""model__metric"": ""euclidean"", ""model__n_neighbors"": 2, ""model__weights"": ""distance"", ""pca__n_components"": 52, ""scale__method"": ""robust""}",stage3_local_cv,0.78,0.007685213074469695,320.0,3.8289999999999997,5
stage3_408,stage3_seed_0,"{""clean__method"": ""tomek"", ""model__metric"": ""euclidean"", ""model__n_neighbors"": 2, ""model__weights"": ""distance"", ""pca__n_components"": 56, ""scale__method"": ""robust""}",tomek,robust,56,2,euclidean,"{""clean__method"": ""tomek"", ""model__metric"": ""euclidean"", ""model__n_neighbors"": 2, ""model__weights"": ""distance"", ""pca__n_components"": 56, ""scale__method"": ""robust""}",stage3_local_cv,0.779875,0.00699776750113922,160.0,5.288,5
stage3_396,stage3_seed_0,"{""clean__method"": ""tomek"", ""model__metric"": ""euclidean"", ""model__n_neighbors"": 2, ""model__weights"": ""distance"", ""pca__n_components"": 52, ""scale__method"": ""robust""}",tomek,robust,52,2,euclidean,"{""clean__method"": ""tomek"", ""model__metric"": ""euclidean"", ""model__n_neighbors"": 2, ""model__weights"": ""distance"", ""pca__n_components"": 52, ""scale__method"": ""robust""}",stage3_local_cv,0.77975,0.006668489334174557,160.0,5.072,5
stage3_696,stage3_seed_3,"{""clean__method"": ""lof_0.05"", ""model__metric"": ""euclidean"", ""model__n_neighbors"": 2, ""model__weights"": ""distance"", ""pca__n_components"": 60, ""scale__method"": ""robust""}",lof_0.05,robust,60,2,euclidean,"{""clean__method"": ""lof_0.05"", ""model__metric"": ""euclidean"", ""model__n_neighbors"": 2, ""model__weights"": ""distance"", ""pca__n_components"": 60, ""scale__method"": ""robust""}",stage3_local_cv,0.77975,0.0072197645390968046,320.0,4.234,5
stage3_288,stage3_seed_0,"{""clean__method"": ""none"", ""model__metric"": ""euclidean"", ""model__n_neighbors"": 2, ""model__weights"": ""distance"", ""pca__n_components"": 56, ""scale__method"": ""robust""}",none,robust,56,2,euclidean,"{""clean__method"": ""none"", ""model__metric"": ""euclidean"", ""model__n_neighbors"": 2, ""model__weights"": ""distance"", ""pca__n_components"": 56, ""scale__method"": ""robust""}",stage3_local_cv,0.779625,0.005871009282908672,0.0,1.31,5
stage3_456,stage3_seed_0,"{""clean__method"": ""tomek"", ""model__metric"": ""euclidean"", ""model__n_neighbors"": 2, ""model__weights"": ""distance"", ""pca__n_components"": 52, ""scale__method"": ""standard""}",tomek,standard,52,2,euclidean,"{""clean__method"": ""tomek"", ""model__metric"": ""euclidean"", ""model__n_neighbors"": 2, ""model__weights"": ""distance"", ""pca__n_components"": 52, ""scale__method"": ""standard""}",stage3_local_cv,0.779625,0.0061441028637222676,160.0,4.356,5
stage3_465,stage3_seed_0,"{""clean__method"": ""tomek"", ""model__metric"": ""manhattan"", ""model__n_neighbors"": 6, ""model__weights"": ""distance"", ""pca__n_components"": 52, ""scale__method"": ""standard""}",tomek,standard,52,6,manhattan,"{""clean__method"": ""tomek"", ""model__metric"": ""manhattan"", ""model__n_neighbors"": 6, ""model__weights"": ""distance"", ""pca__n_components"": 52, ""scale__method"": ""standard""}",stage3_local_cv,0.779625,0.00428660704987055,160.0,7.617999999999999,5
stage3_064,stage3_seed_0,"{""clean__method"": ""lof_0.03"", ""model__metric"": ""euclidean"", ""model__n_neighbors"": 4, ""model__weights"": ""distance"", ""pca__n_components"": 40, ""scale__method"": ""standard""}",lof_0.03,standard,40,4,euclidean,"{""clean__method"": ""lof_0.03"", ""model__metric"": ""euclidean"", ""model__n_neighbors"": 4, ""model__weights"": ""distance"", ""pca__n_components"": 40, ""scale__method"": ""standard""}",stage3_local_cv,0.779625,0.007516648189186457,192.0,3.1949999999999994,5
stage3_084,stage3_seed_0,"{""clean__method"": ""lof_0.03"", ""model__metric"": ""euclidean"", ""model__n_neighbors"": 2, ""model__weights"": ""distance"", ""pca__n_components"": 48, ""scale__method"": ""standard""}",lof_0.03,standard,48,2,euclidean,"{""clean__method"": ""lof_0.03"", ""model__metric"": ""euclidean"", ""model__n_neighbors"": 2, ""model__weights"": ""distance"", ""pca__n_components"": 48, ""scale__method"": ""standard""}",stage3_local_cv,0.779625,0.007295118230707409,192.0,3.253,5
stage3_648,stage3_seed_3,"{""clean__method"": ""lof_0.03"", ""model__metric"": ""euclidean"", ""model__n_neighbors"": 2, ""model__weights"": ""distance"", ""pca__n_components"": 60, ""scale__method"": ""robust""}",lof_0.03,robust,60,2,euclidean,"{""clean__method"": ""lof_0.03"", ""model__metric"": ""euclidean"", ""model__n_neighbors"": 2, ""model__weights"": ""distance"", ""pca__n_components"": 60, ""scale__method"": ""robust""}",stage3_local_cv,0.779625,0.007011151831190086,192.0,3.8860000000000006,5
stage3_768,stage3_seed_3,"{""clean__method"": ""none"", ""model__metric"": ""euclidean"", ""model__n_neighbors"": 2, ""model__weights"": ""distance"", ""pca__n_components"": 60, ""scale__method"": ""standard""}",none,standard,60,2,euclidean,"{""clean__method"": ""none"", ""model__metric"": ""euclidean"", ""model__n_neighbors"": 2, ""model__weights"": ""distance"", ""pca__n_components"": 60, ""scale__method"": ""standard""}",stage3_local_cv,0.7795,0.007493747393660965,0.0,0.905,5
stage3_384,stage3_seed_0,"{""clean__method"": ""tomek"", ""model__metric"": ""euclidean"", ""model__n_neighbors"": 2, ""model__weights"": ""distance"", ""pca__n_components"": 48, ""scale__method"": ""robust""}",tomek,robust,48,2,euclidean,"{""clean__method"": ""tomek"", ""model__metric"": ""euclidean"", ""model__n_neighbors"": 2, ""model__weights"": ""distance"", ""pca__n_components"": 48, ""scale__method"": ""robust""}",stage3_local_cv,0.7795,0.009758009530636888,160.0,5.683,5
stage3_036,stage3_seed_0,"{""clean__method"": ""lof_0.03"", ""model__metric"": ""euclidean"", ""model__n_neighbors"": 2, ""model__weights"": ""distance"", ""pca__n_components"": 52, ""scale__method"": ""robust""}",lof_0.03,robust,52,2,euclidean,"{""clean__method"": ""lof_0.03"", ""model__metric"": ""euclidean"", ""model__n_neighbors"": 2, ""model__weights"": ""distance"", ""pca__n_components"": 52, ""scale__method"": ""robust""}",stage3_local_cv,0.7795,0.0074937473936609,192.0,3.306,5
stage3_652,stage3_seed_3,"{""clean__method"": ""lof_0.03"", ""model__metric"": ""euclidean"", ""model__n_neighbors"": 4, ""model__weights"": ""distance"", ""pca__n_components"": 60, ""scale__method"": ""robust""}",lof_0.03,robust,60,4,euclidean,"{""clean__method"": ""lof_0.03"", ""model__metric"": ""euclidean"", ""model__n_neighbors"": 4, ""model__weights"": ""distance"", ""pca__n_components"": 60, ""scale__method"": ""robust""}",stage3_local_cv,0.7795,0.004019483797703373,192.0,3.5119999999999996,5
stage3_657,stage3_seed_3,"{""clean__method"": ""lof_0.03"", ""model__metric"": ""manhattan"", ""model__n_neighbors"": 6, ""model__weights"": ""distance"", ""pca__n_components"": 60, ""scale__method"": ""robust""}",lof_0.03,robust,60,6,manhattan,"{""clean__method"": ""lof_0.03"", ""model__metric"": ""manhattan"", ""model__n_neighbors"": 6, ""model__weights"": ""distance"", ""pca__n_components"": 60, ""scale__method"": ""robust""}",stage3_local_cv,0.7795,0.004599592373243506,192.0,7.631999999999999,5
stage3_184,stage3_seed_0,"{""clean__method"": ""lof_0.05"", ""model__metric"": ""euclidean"", ""model__n_neighbors"": 4, ""model__weights"": ""distance"", ""pca__n_components"": 40, ""scale__method"": ""standard""}",lof_0.05,standard,40,4,euclidean,"{""clean__method"": ""lof_0.05"", ""model__metric"": ""euclidean"", ""model__n_neighbors"": 4, ""model__weights"": ""distance"", ""pca__n_components"": 40, ""scale__method"": ""standard""}",stage3_local_cv,0.779375,0.006959705453537507,320.0,3.019,5
stage3_304,stage3_seed_0,"{""clean__method"": ""none"", ""model__metric"": ""euclidean"", ""model__n_neighbors"": 4, ""model__weights"": ""distance"", ""pca__n_components"": 40, ""scale__method"": ""standard""}",none,standard,40,4,euclidean,"{""clean__method"": ""none"", ""model__metric"": ""euclidean"", ""model__n_neighbors"": 4, ""model__weights"": ""distance"", ""pca__n_components"": 40, ""scale__method"": ""standard""}",stage3_local_cv,0.7793749999999999,0.003913118960624627,0.0,0.809,5
stage3_244,stage3_seed_0,"{""clean__method"": ""none"", ""model__metric"": ""euclidean"", ""model__n_neighbors"": 4, ""model__weights"": ""distance"", ""pca__n_components"": 40, ""scale__method"": ""robust""}",none,robust,40,4,euclidean,"{""clean__method"": ""none"", ""model__metric"": ""euclidean"", ""model__n_neighbors"": 4, ""model__weights"": ""distance"", ""pca__n_components"": 40, ""scale__method"": ""robust""}",stage3_local_cv,0.7793749999999999,0.004968651728587928,0.0,1.695,5
stage3_629,stage3_seed_2,"{""clean__method"": ""tomek"", ""model__metric"": ""manhattan"", ""model__n_neighbors"": 4, ""model__weights"": ""distance"", ""pca__n_components"": 36, ""scale__method"": ""robust""}",tomek,robust,36,4,manhattan,"{""clean__method"": ""tomek"", ""model__metric"": ""manhattan"", ""model__n_neighbors"": 4, ""model__weights"": ""distance"", ""pca__n_components"": 36, ""scale__method"": ""robust""}",stage3_local_cv,0.77925,0.0082481058431618,160.0,7.7379999999999995,5
stage3_517,stage3_seed_1,"{""clean__method"": ""lof_0.03"", ""model__metric"": ""manhattan"", ""model__n_neighbors"": 2, ""model__weights"": ""distance"", ""pca__n_components"": 36, ""scale__method"": ""standard""}",lof_0.03,standard,36,2,manhattan,"{""clean__method"": ""lof_0.03"", ""model__metric"": ""manhattan"", ""model__n_neighbors"": 2, ""model__weights"": ""distance"", ""pca__n_components"": 36, ""scale__method"": ""standard""}",stage3_local_cv,0.77925,0.00768927824961485,192.0,6.3260000000000005,5
stage3_393,stage3_seed_0,"{""clean__method"": ""tomek"", ""model__metric"": ""manhattan"", ""model__n_neighbors"": 6, ""model__weights"": ""distance"", ""pca__n_components"": 48, ""scale__method"": ""robust""}",tomek,robust,48,6,manhattan,"{""clean__method"": ""tomek"", ""model__metric"": ""manhattan"", ""model__n_neighbors"": 6, ""model__weights"": ""distance"", ""pca__n_components"": 48, ""scale__method"": ""robust""}",stage3_local_cv,0.779125,0.005598548919139661,160.0,8.801,5
stage3_108,stage3_seed_0,"{""clean__method"": ""lof_0.03"", ""model__metric"": ""euclidean"", ""model__n_neighbors"": 2, ""model__weights"": ""distance"", ""pca__n_components"": 56, ""scale__method"": ""standard""}",lof_0.03,standard,56,2,euclidean,"{""clean__method"": ""lof_0.03"", ""model__metric"": ""euclidean"", ""model__n_neighbors"": 2, ""model__weights"": ""distance"", ""pca__n_components"": 56, ""scale__method"": ""standard""}",stage3_local_cv,0.779125,0.007401435671543736,192.0,3.6239999999999997,5
stage3_003,stage3_seed_0,"{""clean__method"": ""lof_0.03"", ""model__metric"": ""manhattan"", ""model__n_neighbors"": 3, ""model__weights"": ""distance"", ""pca__n_components"": 40, ""scale__method"": ""robust""}",lof_0.03,robust,40,3,manhattan,"{""clean__method"": ""lof_0.03"", ""model__metric"": ""manhattan"", ""model__n_neighbors"": 3, ""model__weights"": ""distance"", ""pca__n_components"": 40, ""scale__method"": ""robust""}",stage3_local_cv,0.779125,0.009847271195615534,192.0,7.149000000000001,5
stage3_777,stage3_seed_3,"{""clean__method"": ""none"", ""model__metric"": ""manhattan"", ""model__n_neighbors"": 6, ""model__weights"": ""distance"", ""pca__n_components"": 60, ""scale__method"": ""standard""}",none,standard,60,6,manhattan,"{""clean__method"": ""none"", ""model__metric"": ""manhattan"", ""model__n_neighbors"": 6, ""model__weights"": ""distance"", ""pca__n_components"": 60, ""scale__method"": ""standard""}",stage3_local_cv,0.779,0.0025495097567963783,0.0,5.473,5
stage3_421,stage3_seed_0,"{""clean__method"": ""tomek"", ""model__metric"": ""manhattan"", ""model__n_neighbors"": 2, ""model__weights"": ""distance"", ""pca__n_components"": 40, ""scale__method"": ""standard""}",tomek,standard,40,2,manhattan,"{""clean__method"": ""tomek"", ""model__metric"": ""manhattan"", ""model__n_neighbors"": 2, ""model__weights"": ""distance"", ""pca__n_components"": 40, ""scale__method"": ""standard""}",stage3_local_cv,0.779,0.00558457697592216,160.0,6.871,5
stage3_035,stage3_seed_0,"{""clean__method"": ""lof_0.03"", ""model__metric"": ""manhattan"", ""model__n_neighbors"": 8, ""model__weights"": ""distance"", ""pca__n_components"": 48, ""scale__method"": ""robust""}",lof_0.03,robust,48,8,manhattan,"{""clean__method"": ""lof_0.03"", ""model__metric"": ""manhattan"", ""model__n_neighbors"": 8, ""model__weights"": ""distance"", ""pca__n_components"": 48, ""scale__method"": ""robust""}",stage3_local_cv,0.779,0.006282415936564527,192.0,6.894,5
stage3_676,stage3_seed_3,"{""clean__method"": ""lof_0.03"", ""model__metric"": ""euclidean"", ""model__n_neighbors"": 4, ""model__weights"": ""distance"", ""pca__n_components"": 60, ""scale__method"": ""standard""}",lof_0.03,standard,60,4,euclidean,"{""clean__method"": ""lof_0.03"", ""model__metric"": ""euclidean"", ""model__n_neighbors"": 4, ""model__weights"": ""distance"", ""pca__n_components"": 60, ""scale__method"": ""standard""}",stage3_local_cv,0.778875,0.00519013487300665,192.0,3.7870000000000004,5
stage3_072,stage3_seed_0,"{""clean__method"": ""lof_0.03"", ""model__metric"": ""euclidean"", ""model__n_neighbors"": 2, ""model__weights"": ""distance"", ""pca__n_components"": 44, ""scale__method"": ""standard""}",lof_0.03,standard,44,2,euclidean,"{""clean__method"": ""lof_0.03"", ""model__metric"": ""euclidean"", ""model__n_neighbors"": 2, ""model__weights"": ""distance"", ""pca__n_components"": 44, ""scale__method"": ""standard""}",stage3_local_cv,0.778875,0.009008676373363611,192.0,4.05,5
stage3_565,stage3_seed_1,"{""clean__method"": ""lof_0.05"", ""model__metric"": ""manhattan"", ""model__n_neighbors"": 2, ""model__weights"": ""distance"", ""pca__n_components"": 36, ""scale__method"": ""standard""}",lof_0.05,standard,36,2,manhattan,"{""clean__method"": ""lof_0.05"", ""model__metric"": ""manhattan"", ""model__n_neighbors"": 2, ""model__weights"": ""distance"", ""pca__n_components"": 36, ""scale__method"": ""standard""}",stage3_local_cv,0.778875,0.005511351921262162,320.0,6.248,5
stage3_444,stage3_seed_0,"{""clean__method"": ""tomek"", ""model__metric"": ""euclidean"", ""model__n_neighbors"": 2, ""model__weights"": ""distance"", ""pca__n_components"": 48, ""scale__method"": ""standard""}",tomek,standard,48,2,euclidean,"{""clean__method"": ""tomek"", ""model__metric"": ""euclidean"", ""model__n_neighbors"": 2, ""model__weights"": ""distance"", ""pca__n_components"": 48, ""scale__method"": ""standard""}",stage3_local_cv,0.7787500000000002,0.009074345706440778,160.0,5.021000000000001,5
stage3_348,stage3_seed_0,"{""clean__method"": ""none"", ""model__metric"": ""euclidean"", ""model__n_neighbors"": 2, ""model__weights"": ""distance"", ""pca__n_components"": 56, ""scale__method"": ""standard""}",none,standard,56,2,euclidean,"{""clean__method"": ""none"", ""model__metric"": ""euclidean"", ""model__n_neighbors"": 2, ""model__weights"": ""distance"", ""pca__n_components"": 56, ""scale__method"": ""standard""}",stage3_local_cv,0.7786250000000001,0.0065479004268544075,0.0,0.9459999999999998,5
stage3_712,stage3_seed_3,"{""clean__method"": ""lof_0.05"", ""model__metric"": ""euclidean"", ""model__n_neighbors"": 4, ""model__weights"": ""distance"", ""pca__n_components"": 64, ""scale__method"": ""robust""}",lof_0.05,robust,64,4,euclidean,"{""clean__method"": ""lof_0.05"", ""model__metric"": ""euclidean"", ""model__n_neighbors"": 4, ""model__weights"": ""distance"", ""pca__n_components"": 64, ""scale__method"": ""robust""}",stage3_local_cv,0.7786249999999999,0.004863769114585937,320.0,3.8130000000000006,5
stage3_493,stage3_seed_1,"{""clean__method"": ""lof_0.03"", ""model__metric"": ""manhattan"", ""model__n_neighbors"": 2, ""model__weights"": ""distance"", ""pca__n_components"": 36, ""scale__method"": ""robust""}",lof_0.03,robust,36,2,manhattan,"{""clean__method"": ""lof_0.03"", ""model__metric"": ""manhattan"", ""model__n_neighbors"": 2, ""model__weights"": ""distance"", ""pca__n_components"": 36, ""scale__method"": ""robust""}",stage3_local_cv,0.7785,0.01019037536109442,192.0,6.408,5
stage3_700,stage3_seed_3,"{""clean__method"": ""lof_0.05"", ""model__metric"": ""euclidean"", ""model__n_neighbors"": 4, ""model__weights"": ""distance"", ""pca__n_components"": 60, ""scale__method"": ""robust""}",lof_0.05,robust,60,4,euclidean,"{""clean__method"": ""lof_0.05"", ""model__metric"": ""euclidean"", ""model__n_neighbors"": 4, ""model__weights"": ""distance"", ""pca__n_components"": 60, ""scale__method"": ""robust""}",stage3_local_cv,0.7785,0.005695392874947247,320.0,3.4139999999999997,5
stage3_039,stage3_seed_0,"{""clean__method"": ""lof_0.03"", ""model__metric"": ""manhattan"", ""model__n_neighbors"": 3, ""model__weights"": ""distance"", ""pca__n_components"": 52, ""scale__method"": ""robust""}",lof_0.03,robust,52,3,manhattan,"{""clean__method"": ""lof_0.03"", ""model__metric"": ""manhattan"", ""model__n_neighbors"": 3, ""model__weights"": ""distance"", ""pca__n_components"": 52, ""scale__method"": ""robust""}",stage3_local_cv,0.7782500000000001,0.008342286856731792,192.0,7.234999999999999,5
stage3_417,stage3_seed_0,"{""clean__method"": ""tomek"", ""model__metric"": ""manhattan"", ""model__n_neighbors"": 6, ""model__weights"": ""distance"", ""pca__n_components"": 56, ""scale__method"": ""robust""}",tomek,robust,56,6,manhattan,"{""clean__method"": ""tomek"", ""model__metric"": ""manhattan"", ""model__n_neighbors"": 6, ""model__weights"": ""distance"", ""pca__n_components"": 56, ""scale__method"": ""robust""}",stage3_local_cv,0.77825,0.004153311931459037,160.0,9.152000000000001,5
stage3_720,stage3_seed_3,"{""clean__method"": ""lof_0.05"", ""model__metric"": ""euclidean"", ""model__n_neighbors"": 2, ""model__weights"": ""distance"", ""pca__n_components"": 60, ""scale__method"": ""standard""}",lof_0.05,standard,60,2,euclidean,"{""clean__method"": ""lof_0.05"", ""model__metric"": ""euclidean"", ""model__n_neighbors"": 2, ""model__weights"": ""distance"", ""pca__n_components"": 60, ""scale__method"": ""standard""}",stage3_local_cv,0.77825,0.007130480348475811,320.0,3.0669999999999997,5
stage3_279,stage3_seed_0,"{""clean__method"": ""none"", ""model__metric"": ""manhattan"", ""model__n_neighbors"": 3, ""model__weights"": ""distance"", ""pca__n_components"": 52, ""scale__method"": ""robust""}",none,robust,52,3,manhattan,"{""clean__method"": ""none"", ""model__metric"": ""manhattan"", ""model__n_neighbors"": 3, ""model__weights"": ""distance"", ""pca__n_components"": 52, ""scale__method"": ""robust""}",stage3_local_cv,0.778125,0.006007807420348959,0.0,5.582000000000001,5
stage3_012,stage3_seed_0,"{""clean__method"": ""lof_0.03"", ""model__metric"": ""euclidean"", ""model__n_neighbors"": 2, ""model__weights"": ""distance"", ""pca__n_components"": 44, ""scale__method"": ""robust""}",lof_0.03,robust,44,2,euclidean,"{""clean__method"": ""lof_0.03"", ""model__metric"": ""euclidean"", ""model__n_neighbors"": 2, ""model__weights"": ""distance"", ""pca__n_components"": 44, ""scale__method"": ""robust""}",stage3_local_cv,0.778125,0.008477912478906568,192.0,4.278,5
stage3_047,stage3_seed_0,"{""clean__method"": ""lof_0.03"", ""model__metric"": ""manhattan"", ""model__n_neighbors"": 8, ""model__weights"": ""distance"", ""pca__n_components"": 52, ""scale__method"": ""robust""}",lof_0.03,robust,52,8,manhattan,"{""clean__method"": ""lof_0.03"", ""model__metric"": ""manhattan"", ""model__n_neighbors"": 8, ""model__weights"": ""distance"", ""pca__n_components"": 52, ""scale__method"": ""robust""}",stage3_local_cv,0.778125,0.003354101966249696,192.0,6.558,5
stage3_192,stage3_seed_0,"{""clean__method"": ""lof_0.05"", ""model__metric"": ""euclidean"", ""model__n_neighbors"": 2, ""model__weights"": ""distance"", ""pca__n_components"": 44, ""scale__method"": ""standard""}",lof_0.05,standard,44,2,euclidean,"{""clean__method"": ""lof_0.05"", ""model__metric"": ""euclidean"", ""model__n_neighbors"": 2, ""model__weights"": ""distance"", ""pca__n_components"": 44, ""scale__method"": ""standard""}",stage3_local_cv,0.778125,0.010621322893123989,320.0,3.425,5
stage3_597,stage3_seed_1,"{""clean__method"": ""none"", ""model__metric"": ""manhattan"", ""model__n_neighbors"": 6, ""model__weights"": ""distance"", ""pca__n_components"": 36, ""scale__method"": ""robust""}",none,robust,36,6,manhattan,"{""clean__method"": ""none"", ""model__metric"": ""manhattan"", ""model__n_neighbors"": 6, ""model__weights"": ""distance"", ""pca__n_components"": 36, ""scale__method"": ""robust""}",stage3_local_cv,0.778,0.005828271613437367,0.0,4.8340000000000005,5
stage3_724,stage3_seed_3,"{""clean__method"": ""lof_0.05"", ""model__metric"": ""euclidean"", ""model__n_neighbors"": 4, ""model__weights"": ""distance"", ""pca__n_components"": 60, ""scale__method"": ""standard""}",lof_0.05,standard,60,4,euclidean,"{""clean__method"": ""lof_0.05"", ""model__metric"": ""euclidean"", ""model__n_neighbors"": 4, ""model__weights"": ""distance"", ""pca__n_components"": 60, ""scale__method"": ""standard""}",stage3_local_cv,0.7779999999999999,0.005814851674806529,320.0,3.016,5
stage3_356,stage3_seed_0,"{""clean__method"": ""none"", ""model__metric"": ""euclidean"", ""model__n_neighbors"": 6, ""model__weights"": ""distance"", ""pca__n_components"": 56, ""scale__method"": ""standard""}",none,standard,56,6,euclidean,"{""clean__method"": ""none"", ""model__metric"": ""euclidean"", ""model__n_neighbors"": 6, ""model__weights"": ""distance"", ""pca__n_components"": 56, ""scale__method"": ""standard""}",stage3_local_cv,0.7778750000000001,0.003762479235823107,0.0,1.016,5
stage3_135,stage3_seed_0,"{""clean__method"": ""lof_0.05"", ""model__metric"": ""manhattan"", ""model__n_neighbors"": 3, ""model__weights"": ""distance"", ""pca__n_components"": 44, ""scale__method"": ""robust""}",lof_0.05,robust,44,3,manhattan,"{""clean__method"": ""lof_0.05"", ""model__metric"": ""manhattan"", ""model__n_neighbors"": 3, ""model__weights"": ""distance"", ""pca__n_components"": 44, ""scale__method"": ""robust""}",stage3_local_cv,0.7778750000000001,0.009942019412574103,320.0,6.452,5
stage3_672,stage3_seed_3,"{""clean__method"": ""lof_0.03"", ""model__metric"": ""euclidean"", ""model__n_neighbors"": 2, ""model__weights"": ""distance"", ""pca__n_components"": 60, ""scale__method"": ""standard""}",lof_0.03,standard,60,2,euclidean,"{""clean__method"": ""lof_0.03"", ""model__metric"": ""euclidean"", ""model__n_neighbors"": 2, ""model__weights"": ""distance"", ""pca__n_components"": 60, ""scale__method"": ""standard""}",stage3_local_cv,0.777875,0.007066647012551278,192.0,3.061,5
stage3_219,stage3_seed_0,"{""clean__method"": ""lof_0.05"", ""model__metric"": ""manhattan"", ""model__n_neighbors"": 3, ""model__weights"": ""distance"", ""pca__n_components"": 52, ""scale__method"": ""standard""}",lof_0.05,standard,52,3,manhattan,"{""clean__method"": ""lof_0.05"", ""model__metric"": ""manhattan"", ""model__n_neighbors"": 3, ""model__weights"": ""distance"", ""pca__n_components"": 52, ""scale__method"": ""standard""}",stage3_local_cv,0.777875,0.009275303229544566,320.0,5.975,5
stage3_729,stage3_seed_3,"{""clean__method"": ""lof_0.05"", ""model__metric"": ""manhattan"", ""model__n_neighbors"": 6, ""model__weights"": ""distance"", ""pca__n_components"": 60, ""scale__method"": ""standard""}",lof_0.05,standard,60,6,manhattan,"{""clean__method"": ""lof_0.05"", ""model__metric"": ""manhattan"", ""model__n_neighbors"": 6, ""model__weights"": ""distance"", ""pca__n_components"": 60, ""scale__method"": ""standard""}",stage3_local_cv,0.777875,0.004818583816849078,320.0,7.969999999999999,5
stage3_252,stage3_seed_0,"{""clean__method"": ""none"", ""model__metric"": ""euclidean"", ""model__n_neighbors"": 2, ""model__weights"": ""distance"", ""pca__n_components"": 44, ""scale__method"": ""robust""}",none,robust,44,2,euclidean,"{""clean__method"": ""none"", ""model__metric"": ""euclidean"", ""model__n_neighbors"": 2, ""model__weights"": ""distance"", ""pca__n_components"": 44, ""scale__method"": ""robust""}",stage3_local_cv,0.7777499999999999,0.006773108592072039,0.0,1.799,5
stage3_765,stage3_seed_3,"{""clean__method"": ""none"", ""model__metric"": ""manhattan"", ""model__n_neighbors"": 6, ""model__weights"": ""distance"", ""pca__n_components"": 64, ""scale__method"": ""robust""}",none,robust,64,6,manhattan,"{""clean__method"": ""none"", ""model__metric"": ""manhattan"", ""model__n_neighbors"": 6, ""model__weights"": ""distance"", ""pca__n_components"": 64, ""scale__method"": ""robust""}",stage3_local_cv,0.7777499999999999,0.0062324754311589535,0.0,6.199000000000001,5
stage3_004,stage3_seed_0,"{""clean__method"": ""lof_0.03"", ""model__metric"": ""euclidean"", ""model__n_neighbors"": 4, ""model__weights"": ""distance"", ""pca__n_components"": 40, ""scale__method"": ""robust""}",lof_0.03,robust,40,4,euclidean,"{""clean__method"": ""lof_0.03"", ""model__metric"": ""euclidean"", ""model__n_neighbors"": 4, ""model__weights"": ""distance"", ""pca__n_components"": 40, ""scale__method"": ""robust""}",stage3_local_cv,0.7777499999999999,0.005830951894845304,192.0,3.7329999999999997,5
stage3_116,stage3_seed_0,"{""clean__method"": ""lof_0.03"", ""model__metric"": ""euclidean"", ""model__n_neighbors"": 6, ""model__weights"": ""distance"", ""pca__n_components"": 56, ""scale__method"": ""standard""}",lof_0.03,standard,56,6,euclidean,"{""clean__method"": ""lof_0.03"", ""model__metric"": ""euclidean"", ""model__n_neighbors"": 6, ""model__weights"": ""distance"", ""pca__n_components"": 56, ""scale__method"": ""standard""}",stage3_local_cv,0.7777499999999999,0.007176350047203666,192.0,4.585999999999999,5
stage3_477,stage3_seed_0,"{""clean__method"": ""tomek"", ""model__metric"": ""manhattan"", ""model__n_neighbors"": 6, ""model__weights"": ""distance"", ""pca__n_components"": 56, ""scale__method"": ""standard""}",tomek,standard,56,6,manhattan,"{""clean__method"": ""tomek"", ""model__metric"": ""manhattan"", ""model__n_neighbors"": 6, ""model__weights"": ""distance"", ""pca__n_components"": 56, ""scale__method"": ""standard""}",stage3_local_cv,0.7776250000000001,0.00483153702252195,160.0,7.851,5
stage3_312,stage3_seed_0,"{""clean__method"": ""none"", ""model__metric"": ""euclidean"", ""model__n_neighbors"": 2, ""model__weights"": ""distance"", ""pca__n_components"": 44, ""scale__method"": ""standard""}",none,standard,44,2,euclidean,"{""clean__method"": ""none"", ""model__metric"": ""euclidean"", ""model__n_neighbors"": 2, ""model__weights"": ""distance"", ""pca__n_components"": 44, ""scale__method"": ""standard""}",stage3_local_cv,0.777625,0.006862488615655385,0.0,0.9319999999999999,5
stage3_405,stage3_seed_0,"{""clean__method"": ""tomek"", ""model__metric"": ""manhattan"", ""model__n_neighbors"": 6, ""model__weights"": ""distance"", ""pca__n_components"": 52, ""scale__method"": ""robust""}",tomek,robust,52,6,manhattan,"{""clean__method"": ""tomek"", ""model__metric"": ""manhattan"", ""model__n_neighbors"": 6, ""model__weights"": ""distance"", ""pca__n_components"": 52, ""scale__method"": ""robust""}",stage3_local_cv,0.7776249999999999,0.0030720514318611455,160.0,7.929,5
stage3_575,stage3_seed_1,"{""clean__method"": ""lof_0.05"", ""model__metric"": ""manhattan"", ""model__n_neighbors"": 8, ""model__weights"": ""distance"", ""pca__n_components"": 36, ""scale__method"": ""standard""}",lof_0.05,standard,36,8,manhattan,"{""clean__method"": ""lof_0.05"", ""model__metric"": ""manhattan"", ""model__n_neighbors"": 8, ""model__weights"": ""distance"", ""pca__n_components"": 36, ""scale__method"": ""standard""}",stage3_local_cv,0.7775000000000001,0.008081614937622326,320.0,5.149,5
stage3_296,stage3_seed_0,"{""clean__method"": ""none"", ""model__metric"": ""euclidean"", ""model__n_neighbors"": 6, ""model__weights"": ""distance"", ""pca__n_components"": 56, ""scale__method"": ""robust""}",none,robust,56,6,euclidean,"{""clean__method"": ""none"", ""model__metric"": ""euclidean"", ""model__n_neighbors"": 6, ""model__weights"": ""distance"", ""pca__n_components"": 56, ""scale__method"": ""robust""}",stage3_local_cv,0.7773749999999999,0.002481179155159922,0.0,1.693,5
stage3_544,stage3_seed_1,"{""clean__method"": ""lof_0.05"", ""model__metric"": ""euclidean"", ""model__n_neighbors"": 4, ""model__weights"": ""distance"", ""pca__n_components"": 36, ""scale__method"": ""robust""}",lof_0.05,robust,36,4,euclidean,"{""clean__method"": ""lof_0.05"", ""model__metric"": ""euclidean"", ""model__n_neighbors"": 4, ""model__weights"": ""distance"", ""pca__n_components"": 36, ""scale__method"": ""robust""}",stage3_local_cv,0.7773749999999999,0.005497158356824018,320.0,3.8680000000000003,5
stage3_224,stage3_seed_0,"{""clean__method"": ""lof_0.05"", ""model__metric"": ""euclidean"", ""model__n_neighbors"": 6, ""model__weights"": ""distance"", ""pca__n_components"": 52, ""scale__method"": ""standard""}",lof_0.05,standard,52,6,euclidean,"{""clean__method"": ""lof_0.05"", ""model__metric"": ""euclidean"", ""model__n_neighbors"": 6, ""model__weights"": ""distance"", ""pca__n_components"": 52, ""scale__method"": ""standard""}",stage3_local_cv,0.7772500000000001,0.006691879407162069,320.0,3.379,5
stage3_613,stage3_seed_1,"{""clean__method"": ""none"", ""model__metric"": ""manhattan"", ""model__n_neighbors"": 2, ""model__weights"": ""distance"", ""pca__n_components"": 36, ""scale__method"": ""standard""}",none,standard,36,2,manhattan,"{""clean__method"": ""none"", ""model__metric"": ""manhattan"", ""model__n_neighbors"": 2, ""model__weights"": ""distance"", ""pca__n_components"": 36, ""scale__method"": ""standard""}",stage3_local_cv,0.7771250000000001,0.00827836034489921,0.0,3.1199999999999997,5
stage3_339,stage3_seed_0,"{""clean__method"": ""none"", ""model__metric"": ""manhattan"", ""model__n_neighbors"": 3, ""model__weights"": ""distance"", ""pca__n_components"": 52, ""scale__method"": ""standard""}",none,standard,52,3,manhattan,"{""clean__method"": ""none"", ""model__metric"": ""manhattan"", ""model__n_neighbors"": 3, ""model__weights"": ""distance"", ""pca__n_components"": 52, ""scale__method"": ""standard""}",stage3_local_cv,0.7771250000000001,0.0026398390102428467,0.0,4.5600000000000005,5
stage3_315,stage3_seed_0,"{""clean__method"": ""none"", ""model__metric"": ""manhattan"", ""model__n_neighbors"": 3, ""model__weights"": ""distance"", ""pca__n_components"": 44, ""scale__method"": ""standard""}",none,standard,44,3,manhattan,"{""clean__method"": ""none"", ""model__metric"": ""manhattan"", ""model__n_neighbors"": 3, ""model__weights"": ""distance"", ""pca__n_components"": 44, ""scale__method"": ""standard""}",stage3_local_cv,0.7771250000000001,0.004003904344511744,0.0,4.657,5
stage3_381,stage3_seed_0,"{""clean__method"": ""tomek"", ""model__metric"": ""manhattan"", ""model__n_neighbors"": 6, ""model__weights"": ""distance"", ""pca__n_components"": 44, ""scale__method"": ""robust""}",tomek,robust,44,6,manhattan,"{""clean__method"": ""tomek"", ""model__metric"": ""manhattan"", ""model__n_neighbors"": 6, ""model__weights"": ""distance"", ""pca__n_components"": 44, ""scale__method"": ""robust""}",stage3_local_cv,0.7771250000000001,0.006331962570956944,160.0,8.180000000000001,5
stage3_159,stage3_seed_0,"{""clean__method"": ""lof_0.05"", ""model__metric"": ""manhattan"", ""model__n_neighbors"": 3, ""model__weights"": ""distance"", ""pca__n_components"": 52, ""scale__method"": ""robust""}",lof_0.05,robust,52,3,manhattan,"{""clean__method"": ""lof_0.05"", ""model__metric"": ""manhattan"", ""model__n_neighbors"": 3, ""model__weights"": ""distance"", ""pca__n_components"": 52, ""scale__method"": ""robust""}",stage3_local_cv,0.7771250000000001,0.011954340216005242,320.0,7.675,5
stage3_104,stage3_seed_0,"{""clean__method"": ""lof_0.03"", ""model__metric"": ""euclidean"", ""model__n_neighbors"": 6, ""model__weights"": ""distance"", ""pca__n_components"": 52, ""scale__method"": ""standard""}",lof_0.03,standard,52,6,euclidean,"{""clean__method"": ""lof_0.03"", ""model__metric"": ""euclidean"", ""model__n_neighbors"": 6, ""model__weights"": ""distance"", ""pca__n_components"": 52, ""scale__method"": ""standard""}",stage3_local_cv,0.777,0.005692648768367877,192.0,2.9669999999999996,5
stage3_147,stage3_seed_0,"{""clean__method"": ""lof_0.05"", ""model__metric"": ""manhattan"", ""model__n_neighbors"": 3, ""model__weights"": ""distance"", ""pca__n_components"": 48, ""scale__method"": ""robust""}",lof_0.05,robust,48,3,manhattan,"{""clean__method"": ""lof_0.05"", ""model__metric"": ""manhattan"", ""model__n_neighbors"": 3, ""model__weights"": ""distance"", ""pca__n_components"": 48, ""scale__method"": ""robust""}",stage3_local_cv,0.777,0.007388758353065842,320.0,6.598000000000001,5
stage3_099,stage3_seed_0,"{""clean__method"": ""lof_0.03"", ""model__metric"": ""manhattan"", ""model__n_neighbors"": 3, ""model__weights"": ""distance"", ""pca__n_components"": 52, ""scale__method"": ""standard""}",lof_0.03,standard,52,3,manhattan,"{""clean__method"": ""lof_0.03"", ""model__metric"": ""manhattan"", ""model__n_neighbors"": 3, ""model__weights"": ""distance"", ""pca__n_components"": 52, ""scale__method"": ""standard""}",stage3_local_cv,0.7769999999999999,0.004927600836106729,192.0,6.145,5
stage3_267,stage3_seed_0,"{""clean__method"": ""none"", ""model__metric"": ""manhattan"", ""model__n_neighbors"": 3, ""model__weights"": ""distance"", ""pca__n_components"": 48, ""scale__method"": ""robust""}",none,robust,48,3,manhattan,"{""clean__method"": ""none"", ""model__metric"": ""manhattan"", ""model__n_neighbors"": 3, ""model__weights"": ""distance"", ""pca__n_components"": 48, ""scale__method"": ""robust""}",stage3_local_cv,0.7768750000000001,0.00657884868347037,0.0,4.673,5
stage3_681,stage3_seed_3,"{""clean__method"": ""lof_0.03"", ""model__metric"": ""manhattan"", ""model__n_neighbors"": 6, ""model__weights"": ""distance"", ""pca__n_components"": 60, ""scale__method"": ""standard""}",lof_0.03,standard,60,6,manhattan,"{""clean__method"": ""lof_0.03"", ""model__metric"": ""manhattan"", ""model__n_neighbors"": 6, ""model__weights"": ""distance"", ""pca__n_components"": 60, ""scale__method"": ""standard""}",stage3_local_cv,0.7768750000000001,0.002877716108305355,192.0,7.992000000000001,5
stage3_717,stage3_seed_3,"{""clean__method"": ""lof_0.05"", ""model__metric"": ""manhattan"", ""model__n_neighbors"": 6, ""model__weights"": ""distance"", ""pca__n_components"": 64, ""scale__method"": ""robust""}",lof_0.05,robust,64,6,manhattan,"{""clean__method"": ""lof_0.05"", ""model__metric"": ""manhattan"", ""model__n_neighbors"": 6, ""model__weights"": ""distance"", ""pca__n_components"": 64, ""scale__method"": ""robust""}",stage3_local_cv,0.7768750000000001,0.007479137650825784,320.0,8.562000000000001,5
stage3_344,stage3_seed_0,"{""clean__method"": ""none"", ""model__metric"": ""euclidean"", ""model__n_neighbors"": 6, ""model__weights"": ""distance"", ""pca__n_components"": 52, ""scale__method"": ""standard""}",none,standard,52,6,euclidean,"{""clean__method"": ""none"", ""model__metric"": ""euclidean"", ""model__n_neighbors"": 6, ""model__weights"": ""distance"", ""pca__n_components"": 52, ""scale__method"": ""standard""}",stage3_local_cv,0.77675,0.0032929849680798794,0.0,0.87,5
stage3_432,stage3_seed_0,"{""clean__method"": ""tomek"", ""model__metric"": ""euclidean"", ""model__n_neighbors"": 2, ""model__weights"": ""distance"", ""pca__n_components"": 44, ""scale__method"": ""standard""}",tomek,standard,44,2,euclidean,"{""clean__method"": ""tomek"", ""model__metric"": ""euclidean"", ""model__n_neighbors"": 2, ""model__weights"": ""distance"", ""pca__n_components"": 44, ""scale__method"": ""standard""}",stage3_local_cv,0.77675,0.008332916656249485,160.0,5.583,5
stage3_361,stage3_seed_0,"{""clean__method"": ""tomek"", ""model__metric"": ""manhattan"", ""model__n_neighbors"": 2, ""model__weights"": ""distance"", ""pca__n_components"": 40, ""scale__method"": ""robust""}",tomek,robust,40,2,manhattan,"{""clean__method"": ""tomek"", ""model__metric"": ""manhattan"", ""model__n_neighbors"": 2, ""model__weights"": ""distance"", ""pca__n_components"": 40, ""scale__method"": ""robust""}",stage3_local_cv,0.77675,0.0037996710383926833,160.0,7.2940000000000005,5
stage3_424,stage3_seed_0,"{""clean__method"": ""tomek"", ""model__metric"": ""euclidean"", ""model__n_neighbors"": 4, ""model__weights"": ""distance"", ""pca__n_components"": 40, ""scale__method"": ""standard""}",tomek,standard,40,4,euclidean,"{""clean__method"": ""tomek"", ""model__metric"": ""euclidean"", ""model__n_neighbors"": 4, ""model__weights"": ""distance"", ""pca__n_components"": 40, ""scale__method"": ""standard""}",stage3_local_cv,0.776625,0.004769696007084739,160.0,4.848,5
stage3_364,stage3_seed_0,"{""clean__method"": ""tomek"", ""model__metric"": ""euclidean"", ""model__n_neighbors"": 4, ""model__weights"": ""distance"", ""pca__n_components"": 40, ""scale__method"": ""robust""}",tomek,robust,40,4,euclidean,"{""clean__method"": ""tomek"", ""model__metric"": ""euclidean"", ""model__n_neighbors"": 4, ""model__weights"": ""distance"", ""pca__n_components"": 40, ""scale__method"": ""robust""}",stage3_local_cv,0.776625,0.00621992765231236,160.0,5.329,5
stage3_132,stage3_seed_0,"{""clean__method"": ""lof_0.05"", ""model__metric"": ""euclidean"", ""model__n_neighbors"": 2, ""model__weights"": ""distance"", ""pca__n_components"": 44, ""scale__method"": ""robust""}",lof_0.05,robust,44,2,euclidean,"{""clean__method"": ""lof_0.05"", ""model__metric"": ""euclidean"", ""model__n_neighbors"": 2, ""model__weights"": ""distance"", ""pca__n_components"": 44, ""scale__method"": ""robust""}",stage3_local_cv,0.7766249999999999,0.01049999999999999,320.0,3.257,5
stage3_453,stage3_seed_0,"{""clean__method"": ""tomek"", ""model__metric"": ""manhattan"", ""model__n_neighbors"": 6, ""model__weights"": ""distance"", ""pca__n_components"": 48, ""scale__method"": ""standard""}",tomek,standard,48,6,manhattan,"{""clean__method"": ""tomek"", ""model__metric"": ""manhattan"", ""model__n_neighbors"": 6, ""model__weights"": ""distance"", ""pca__n_components"": 48, ""scale__method"": ""standard""}",stage3_local_cv,0.7765000000000001,0.004670385423067349,160.0,8.326,5
stage3_541,stage3_seed_1,"{""clean__method"": ""lof_0.05"", ""model__metric"": ""manhattan"", ""model__n_neighbors"": 2, ""model__weights"": ""distance"", ""pca__n_components"": 36, ""scale__method"": ""robust""}",lof_0.05,robust,36,2,manhattan,"{""clean__method"": ""lof_0.05"", ""model__metric"": ""manhattan"", ""model__n_neighbors"": 2, ""model__weights"": ""distance"", ""pca__n_components"": 36, ""scale__method"": ""robust""}",stage3_local_cv,0.776375,0.009563929631694277,320.0,6.428,5
stage3_551,stage3_seed_1,"{""clean__method"": ""lof_0.05"", ""model__metric"": ""manhattan"", ""model__n_neighbors"": 8, ""model__weights"": ""distance"", ""pca__n_components"": 36, ""scale__method"": ""robust""}",lof_0.05,robust,36,8,manhattan,"{""clean__method"": ""lof_0.05"", ""model__metric"": ""manhattan"", ""model__n_neighbors"": 8, ""model__weights"": ""distance"", ""pca__n_components"": 36, ""scale__method"": ""robust""}",stage3_local_cv,0.77625,0.00755190373349659,320.0,5.804,5
stage3_056,stage3_seed_0,"{""clean__method"": ""lof_0.03"", ""model__metric"": ""euclidean"", ""model__n_neighbors"": 6, ""model__weights"": ""distance"", ""pca__n_components"": 56, ""scale__method"": ""robust""}",lof_0.03,robust,56,6,euclidean,"{""clean__method"": ""lof_0.03"", ""model__metric"": ""euclidean"", ""model__n_neighbors"": 6, ""model__weights"": ""distance"", ""pca__n_components"": 56, ""scale__method"": ""robust""}",stage3_local_cv,0.7761250000000001,0.006415313710178187,192.0,3.668,5
stage3_669,stage3_seed_3,"{""clean__method"": ""lof_0.03"", ""model__metric"": ""manhattan"", ""model__n_neighbors"": 6, ""model__weights"": ""distance"", ""pca__n_components"": 64, ""scale__method"": ""robust""}",lof_0.03,robust,64,6,manhattan,"{""clean__method"": ""lof_0.03"", ""model__metric"": ""manhattan"", ""model__n_neighbors"": 6, ""model__weights"": ""distance"", ""pca__n_components"": 64, ""scale__method"": ""robust""}",stage3_local_cv,0.7761250000000001,0.008416872934766216,192.0,9.831,5
stage3_207,stage3_seed_0,"{""clean__method"": ""lof_0.05"", ""model__metric"": ""manhattan"", ""model__n_neighbors"": 3, ""model__weights"": ""distance"", ""pca__n_components"": 48, ""scale__method"": ""standard""}",lof_0.05,standard,48,3,manhattan,"{""clean__method"": ""lof_0.05"", ""model__metric"": ""manhattan"", ""model__n_neighbors"": 3, ""model__weights"": ""distance"", ""pca__n_components"": 48, ""scale__method"": ""standard""}",stage3_local_cv,0.776125,0.011301272052295705,320.0,5.799,5
stage3_060,stage3_seed_0,"{""clean__method"": ""lof_0.03"", ""model__metric"": ""euclidean"", ""model__n_neighbors"": 2, ""model__weights"": ""distance"", ""pca__n_components"": 40, ""scale__method"": ""standard""}",lof_0.03,standard,40,2,euclidean,"{""clean__method"": ""lof_0.03"", ""model__metric"": ""euclidean"", ""model__n_neighbors"": 2, ""model__weights"": ""distance"", ""pca__n_components"": 40, ""scale__method"": ""standard""}",stage3_local_cv,0.776,0.009590033889408309,192.0,3.38,5
stage3_087,stage3_seed_0,"{""clean__method"": ""lof_0.03"", ""model__metric"": ""manhattan"", ""model__n_neighbors"": 3, ""model__weights"": ""distance"", ""pca__n_components"": 48, ""scale__method"": ""standard""}",lof_0.03,standard,48,3,manhattan,"{""clean__method"": ""lof_0.03"", ""model__metric"": ""manhattan"", ""model__n_neighbors"": 3, ""model__weights"": ""distance"", ""pca__n_components"": 48, ""scale__method"": ""standard""}",stage3_local_cv,0.776,0.006405563987659471,192.0,6.095000000000001,5
stage3_095,stage3_seed_0,"{""clean__method"": ""lof_0.03"", ""model__metric"": ""manhattan"", ""model__n_neighbors"": 8, ""model__weights"": ""distance"", ""pca__n_components"": 48, ""scale__method"": ""standard""}",lof_0.03,standard,48,8,manhattan,"{""clean__method"": ""lof_0.03"", ""model__metric"": ""manhattan"", ""model__n_neighbors"": 8, ""model__weights"": ""distance"", ""pca__n_components"": 48, ""scale__method"": ""standard""}",stage3_local_cv,0.776,0.011029789209227887,192.0,7.550000000000001,5
stage3_176,stage3_seed_0,"{""clean__method"": ""lof_0.05"", ""model__metric"": ""euclidean"", ""model__n_neighbors"": 6, ""model__weights"": ""distance"", ""pca__n_components"": 56, ""scale__method"": ""robust""}",lof_0.05,robust,56,6,euclidean,"{""clean__method"": ""lof_0.05"", ""model__metric"": ""euclidean"", ""model__n_neighbors"": 6, ""model__weights"": ""distance"", ""pca__n_components"": 56, ""scale__method"": ""robust""}",stage3_local_cv,0.776,0.00625749550539192,320.0,3.6270000000000002,5
stage3_236,stage3_seed_0,"{""clean__method"": ""lof_0.05"", ""model__metric"": ""euclidean"", ""model__n_neighbors"": 6, ""model__weights"": ""distance"", ""pca__n_components"": 56, ""scale__method"": ""standard""}",lof_0.05,standard,56,6,euclidean,"{""clean__method"": ""lof_0.05"", ""model__metric"": ""euclidean"", ""model__n_neighbors"": 6, ""model__weights"": ""distance"", ""pca__n_components"": 56, ""scale__method"": ""standard""}",stage3_local_cv,0.776,0.006194755846681939,320.0,3.815,5
stage3_231,stage3_seed_0,"{""clean__method"": ""lof_0.05"", ""model__metric"": ""manhattan"", ""model__n_neighbors"": 3, ""model__weights"": ""distance"", ""pca__n_components"": 56, ""scale__method"": ""standard""}",lof_0.05,standard,56,3,manhattan,"{""clean__method"": ""lof_0.05"", ""model__metric"": ""manhattan"", ""model__n_neighbors"": 3, ""model__weights"": ""distance"", ""pca__n_components"": 56, ""scale__method"": ""standard""}",stage3_local_cv,0.776,0.004898979485566348,320.0,6.273000000000001,5
stage3_435,stage3_seed_0,"{""clean__method"": ""tomek"", ""model__metric"": ""manhattan"", ""model__n_neighbors"": 3, ""model__weights"": ""distance"", ""pca__n_components"": 44, ""scale__method"": ""standard""}",tomek,standard,44,3,manhattan,"{""clean__method"": ""tomek"", ""model__metric"": ""manhattan"", ""model__n_neighbors"": 3, ""model__weights"": ""distance"", ""pca__n_components"": 44, ""scale__method"": ""standard""}",stage3_local_cv,0.775875,0.005667892024377333,160.0,7.958000000000001,5
stage3_107,stage3_seed_0,"{""clean__method"": ""lof_0.03"", ""model__metric"": ""manhattan"", ""model__n_neighbors"": 8, ""model__weights"": ""distance"", ""pca__n_components"": 52, ""scale__method"": ""standard""}",lof_0.03,standard,52,8,manhattan,"{""clean__method"": ""lof_0.03"", ""model__metric"": ""manhattan"", ""model__n_neighbors"": 8, ""model__weights"": ""distance"", ""pca__n_components"": 52, ""scale__method"": ""standard""}",stage3_local_cv,0.775875,0.003678484742390543,192.0,6.691000000000001,5
stage3_140,stage3_seed_0,"{""clean__method"": ""lof_0.05"", ""model__metric"": ""euclidean"", ""model__n_neighbors"": 6, ""model__weights"": ""distance"", ""pca__n_components"": 44, ""scale__method"": ""robust""}",lof_0.05,robust,44,6,euclidean,"{""clean__method"": ""lof_0.05"", ""model__metric"": ""euclidean"", ""model__n_neighbors"": 6, ""model__weights"": ""distance"", ""pca__n_components"": 44, ""scale__method"": ""robust""}",stage3_local_cv,0.775875,0.00817389136213592,320.0,3.8040000000000003,5
stage3_568,stage3_seed_1,"{""clean__method"": ""lof_0.05"", ""model__metric"": ""euclidean"", ""model__n_neighbors"": 4, ""model__weights"": ""distance"", ""pca__n_components"": 36, ""scale__method"": ""standard""}",lof_0.05,standard,36,4,euclidean,"{""clean__method"": ""lof_0.05"", ""model__metric"": ""euclidean"", ""model__n_neighbors"": 4, ""model__weights"": ""distance"", ""pca__n_components"": 36, ""scale__method"": ""standard""}",stage3_local_cv,0.77575,0.007556040629853686,320.0,3.252,5
stage3_284,stage3_seed_0,"{""clean__method"": ""none"", ""model__metric"": ""euclidean"", ""model__n_neighbors"": 6, ""model__weights"": ""distance"", ""pca__n_components"": 52, ""scale__method"": ""robust""}",none,robust,52,6,euclidean,"{""clean__method"": ""none"", ""model__metric"": ""euclidean"", ""model__n_neighbors"": 6, ""model__weights"": ""distance"", ""pca__n_components"": 52, ""scale__method"": ""robust""}",stage3_local_cv,0.7757499999999999,0.003432382554436491,0.0,2.371,5
stage3_372,stage3_seed_0,"{""clean__method"": ""tomek"", ""model__metric"": ""euclidean"", ""model__n_neighbors"": 2, ""model__weights"": ""distance"", ""pca__n_components"": 44, ""scale__method"": ""robust""}",tomek,robust,44,2,euclidean,"{""clean__method"": ""tomek"", ""model__metric"": ""euclidean"", ""model__n_neighbors"": 2, ""model__weights"": ""distance"", ""pca__n_components"": 44, ""scale__method"": ""robust""}",stage3_local_cv,0.775625,0.008987839006123767,160.0,5.066999999999999,5
stage3_369,stage3_seed_0,"{""clean__method"": ""tomek"", ""model__metric"": ""manhattan"", ""model__n_neighbors"": 6, ""model__weights"": ""distance"", ""pca__n_components"": 40, ""scale__method"": ""robust""}",tomek,robust,40,6,manhattan,"{""clean__method"": ""tomek"", ""model__metric"": ""manhattan"", ""model__n_neighbors"": 6, ""model__weights"": ""distance"", ""pca__n_components"": 40, ""scale__method"": ""robust""}",stage3_local_cv,0.775625,0.005138701197773618,160.0,7.185,5
stage3_044,stage3_seed_0,"{""clean__method"": ""lof_0.03"", ""model__metric"": ""euclidean"", ""model__n_neighbors"": 6, ""model__weights"": ""distance"", ""pca__n_components"": 52, ""scale__method"": ""robust""}",lof_0.03,robust,52,6,euclidean,"{""clean__method"": ""lof_0.03"", ""model__metric"": ""euclidean"", ""model__n_neighbors"": 6, ""model__weights"": ""distance"", ""pca__n_components"": 52, ""scale__method"": ""robust""}",stage3_local_cv,0.775625,0.006262487524937667,192.0,3.3820000000000006,5
stage3_011,stage3_seed_0,"{""clean__method"": ""lof_0.03"", ""model__metric"": ""manhattan"", ""model__n_neighbors"": 8, ""model__weights"": ""distance"", ""pca__n_components"": 40, ""scale__method"": ""robust""}",lof_0.03,robust,40,8,manhattan,"{""clean__method"": ""lof_0.03"", ""model__metric"": ""manhattan"", ""model__n_neighbors"": 8, ""model__weights"": ""distance"", ""pca__n_components"": 40, ""scale__method"": ""robust""}",stage3_local_cv,0.775625,0.00897043755900457,192.0,6.0920000000000005,5
stage3_023,stage3_seed_0,"{""clean__method"": ""lof_0.03"", ""model__metric"": ""manhattan"", ""model__n_neighbors"": 8, ""model__weights"": ""distance"", ""pca__n_components"": 44, ""scale__method"": ""robust""}",lof_0.03,robust,44,8,manhattan,"{""clean__method"": ""lof_0.03"", ""model__metric"": ""manhattan"", ""model__n_neighbors"": 8, ""model__weights"": ""distance"", ""pca__n_components"": 44, ""scale__method"": ""robust""}",stage3_local_cv,0.775625,0.005796011559684799,192.0,6.7780000000000005,5
stage3_693,stage3_seed_3,"{""clean__method"": ""lof_0.03"", ""model__metric"": ""manhattan"", ""model__n_neighbors"": 6, ""model__weights"": ""distance"", ""pca__n_components"": 64, ""scale__method"": ""standard""}",lof_0.03,standard,64,6,manhattan,"{""clean__method"": ""lof_0.03"", ""model__metric"": ""manhattan"", ""model__n_neighbors"": 6, ""model__weights"": ""distance"", ""pca__n_components"": 64, ""scale__method"": ""standard""}",stage3_local_cv,0.775625,0.008776744840770982,192.0,7.076,5
stage3_347,stage3_seed_0,"{""clean__method"": ""none"", ""model__metric"": ""manhattan"", ""model__n_neighbors"": 8, ""model__weights"": ""distance"", ""pca__n_components"": 52, ""scale__method"": ""standard""}",none,standard,52,8,manhattan,"{""clean__method"": ""none"", ""model__metric"": ""manhattan"", ""model__n_neighbors"": 8, ""model__weights"": ""distance"", ""pca__n_components"": 52, ""scale__method"": ""standard""}",stage3_local_cv,0.7755000000000001,0.0072607678657287955,0.0,4.4399999999999995,5
stage3_180,stage3_seed_0,"{""clean__method"": ""lof_0.05"", ""model__metric"": ""euclidean"", ""model__n_neighbors"": 2, ""model__weights"": ""distance"", ""pca__n_components"": 40, ""scale__method"": ""standard""}",lof_0.05,standard,40,2,euclidean,"{""clean__method"": ""lof_0.05"", ""model__metric"": ""euclidean"", ""model__n_neighbors"": 2, ""model__weights"": ""distance"", ""pca__n_components"": 40, ""scale__method"": ""standard""}",stage3_local_cv,0.7755000000000001,0.01188091957720443,320.0,3.531,5
stage3_429,stage3_seed_0,"{""clean__method"": ""tomek"", ""model__metric"": ""manhattan"", ""model__n_neighbors"": 6, ""model__weights"": ""distance"", ""pca__n_components"": 40, ""scale__method"": ""standard""}",tomek,standard,40,6,manhattan,"{""clean__method"": ""tomek"", ""model__metric"": ""manhattan"", ""model__n_neighbors"": 6, ""model__weights"": ""distance"", ""pca__n_components"": 40, ""scale__method"": ""standard""}",stage3_local_cv,0.7754999999999999,0.008500000000000008,160.0,7.535,5
stage3_645,stage3_seed_2,"{""clean__method"": ""tomek"", ""model__metric"": ""manhattan"", ""model__n_neighbors"": 6, ""model__weights"": ""distance"", ""pca__n_components"": 36, ""scale__method"": ""standard""}",tomek,standard,36,6,manhattan,"{""clean__method"": ""tomek"", ""model__metric"": ""manhattan"", ""model__n_neighbors"": 6, ""model__weights"": ""distance"", ""pca__n_components"": 36, ""scale__method"": ""standard""}",stage3_local_cv,0.775375,0.005399652766613803,160.0,6.6209999999999996,5
stage3_637,stage3_seed_2,"{""clean__method"": ""tomek"", ""model__metric"": ""manhattan"", ""model__n_neighbors"": 2, ""model__weights"": ""distance"", ""pca__n_components"": 36, ""scale__method"": ""standard""}",tomek,standard,36,2,manhattan,"{""clean__method"": ""tomek"", ""model__metric"": ""manhattan"", ""model__n_neighbors"": 2, ""model__weights"": ""distance"", ""pca__n_components"": 36, ""scale__method"": ""standard""}",stage3_local_cv,0.775375,0.003720719016534318,160.0,6.731,5
stage3_200,stage3_seed_0,"{""clean__method"": ""lof_0.05"", ""model__metric"": ""euclidean"", ""model__n_neighbors"": 6, ""model__weights"": ""distance"", ""pca__n_components"": 44, ""scale__method"": ""standard""}",lof_0.05,standard,44,6,euclidean,"{""clean__method"": ""lof_0.05"", ""model__metric"": ""euclidean"", ""model__n_neighbors"": 6, ""model__weights"": ""distance"", ""pca__n_components"": 44, ""scale__method"": ""standard""}",stage3_local_cv,0.775375,0.008764274071479086,320.0,2.9170000000000003,5
stage3_212,stage3_seed_0,"{""clean__method"": ""lof_0.05"", ""model__metric"": ""euclidean"", ""model__n_neighbors"": 6, ""model__weights"": ""distance"", ""pca__n_components"": 48, ""scale__method"": ""standard""}",lof_0.05,standard,48,6,euclidean,"{""clean__method"": ""lof_0.05"", ""model__metric"": ""euclidean"", ""model__n_neighbors"": 6, ""model__weights"": ""distance"", ""pca__n_components"": 48, ""scale__method"": ""standard""}",stage3_local_cv,0.775375,0.0065740968961523405,320.0,3.1799999999999997,5
stage3_628,stage3_seed_2,"{""clean__method"": ""tomek"", ""model__metric"": ""euclidean"", ""model__n_neighbors"": 4, ""model__weights"": ""distance"", ""pca__n_components"": 36, ""scale__method"": ""robust""}",tomek,robust,36,4,euclidean,"{""clean__method"": ""tomek"", ""model__metric"": ""euclidean"", ""model__n_neighbors"": 4, ""model__weights"": ""distance"", ""pca__n_components"": 36, ""scale__method"": ""robust""}",stage3_local_cv,0.7753749999999999,0.00354876739164463,160.0,4.786,5
stage3_776,stage3_seed_3,"{""clean__method"": ""none"", ""model__metric"": ""euclidean"", ""model__n_neighbors"": 6, ""model__weights"": ""distance"", ""pca__n_components"": 60, ""scale__method"": ""standard""}",none,standard,60,6,euclidean,"{""clean__method"": ""none"", ""model__metric"": ""euclidean"", ""model__n_neighbors"": 6, ""model__weights"": ""distance"", ""pca__n_components"": 60, ""scale__method"": ""standard""}",stage3_local_cv,0.77525,0.006417748826496707,0.0,1.011,5
stage3_625,stage3_seed_2,"{""clean__method"": ""tomek"", ""model__metric"": ""manhattan"", ""model__n_neighbors"": 2, ""model__weights"": ""distance"", ""pca__n_components"": 36, ""scale__method"": ""robust""}",tomek,robust,36,2,manhattan,"{""clean__method"": ""tomek"", ""model__metric"": ""manhattan"", ""model__n_neighbors"": 2, ""model__weights"": ""distance"", ""pca__n_components"": 36, ""scale__method"": ""robust""}",stage3_local_cv,0.77525,0.006574096896152357,160.0,7.11,5
stage3_557,stage3_seed_1,"{""clean__method"": ""lof_0.05"", ""model__metric"": ""manhattan"", ""model__n_neighbors"": 4, ""model__weights"": ""distance"", ""pca__n_components"": 32, ""scale__method"": ""standard""}",lof_0.05,standard,32,4,manhattan,"{""clean__method"": ""lof_0.05"", ""model__metric"": ""manhattan"", ""model__n_neighbors"": 4, ""model__weights"": ""distance"", ""pca__n_components"": 32, ""scale__method"": ""standard""}",stage3_local_cv,0.77525,0.005667892024377322,320.0,4.801,5
stage3_300,stage3_seed_0,"{""clean__method"": ""none"", ""model__metric"": ""euclidean"", ""model__n_neighbors"": 2, ""model__weights"": ""distance"", ""pca__n_components"": 40, ""scale__method"": ""standard""}",none,standard,40,2,euclidean,"{""clean__method"": ""none"", ""model__metric"": ""euclidean"", ""model__n_neighbors"": 2, ""model__weights"": ""distance"", ""pca__n_components"": 40, ""scale__method"": ""standard""}",stage3_local_cv,0.7751250000000001,0.008007808689023474,0.0,1.2590000000000001,5
stage3_640,stage3_seed_2,"{""clean__method"": ""tomek"", ""model__metric"": ""euclidean"", ""model__n_neighbors"": 4, ""model__weights"": ""distance"", ""pca__n_components"": 36, ""scale__method"": ""standard""}",tomek,standard,36,4,euclidean,"{""clean__method"": ""tomek"", ""model__metric"": ""euclidean"", ""model__n_neighbors"": 4, ""model__weights"": ""distance"", ""pca__n_components"": 36, ""scale__method"": ""standard""}",stage3_local_cv,0.7751250000000001,0.0036529097990506353,160.0,5.352,5
stage3_000,stage3_seed_0,"{""clean__method"": ""lof_0.03"", ""model__metric"": ""euclidean"", ""model__n_neighbors"": 2, ""model__weights"": ""distance"", ""pca__n_components"": 40, ""scale__method"": ""robust""}",lof_0.03,robust,40,2,euclidean,"{""clean__method"": ""lof_0.03"", ""model__metric"": ""euclidean"", ""model__n_neighbors"": 2, ""model__weights"": ""distance"", ""pca__n_components"": 40, ""scale__method"": ""robust""}",stage3_local_cv,0.7751250000000001,0.0110848996386977,192.0,3.492,5
stage3_080,stage3_seed_0,"{""clean__method"": ""lof_0.03"", ""model__metric"": ""euclidean"", ""model__n_neighbors"": 6, ""model__weights"": ""distance"", ""pca__n_components"": 44, ""scale__method"": ""standard""}",lof_0.03,standard,44,6,euclidean,"{""clean__method"": ""lof_0.03"", ""model__metric"": ""euclidean"", ""model__n_neighbors"": 6, ""model__weights"": ""distance"", ""pca__n_components"": 44, ""scale__method"": ""standard""}",stage3_local_cv,0.775,0.008100925873009817,192.0,2.9259999999999997,5
stage3_020,stage3_seed_0,"{""clean__method"": ""lof_0.03"", ""model__metric"": ""euclidean"", ""model__n_neighbors"": 6, ""model__weights"": ""distance"", ""pca__n_components"": 44, ""scale__method"": ""robust""}",lof_0.03,robust,44,6,euclidean,"{""clean__method"": ""lof_0.03"", ""model__metric"": ""euclidean"", ""model__n_neighbors"": 6, ""model__weights"": ""distance"", ""pca__n_components"": 44, ""scale__method"": ""robust""}",stage3_local_cv,0.775,0.008091276166341121,192.0,4.27,5
stage3_075,stage3_seed_0,"{""clean__method"": ""lof_0.03"", ""model__metric"": ""manhattan"", ""model__n_neighbors"": 3, ""model__weights"": ""distance"", ""pca__n_components"": 44, ""scale__method"": ""standard""}",lof_0.03,standard,44,3,manhattan,"{""clean__method"": ""lof_0.03"", ""model__metric"": ""manhattan"", ""model__n_neighbors"": 3, ""model__weights"": ""distance"", ""pca__n_components"": 44, ""scale__method"": ""standard""}",stage3_local_cv,0.775,0.011367442544389643,192.0,6.819000000000001,5
stage3_164,stage3_seed_0,"{""clean__method"": ""lof_0.05"", ""model__metric"": ""euclidean"", ""model__n_neighbors"": 6, ""model__weights"": ""distance"", ""pca__n_components"": 52, ""scale__method"": ""robust""}",lof_0.05,robust,52,6,euclidean,"{""clean__method"": ""lof_0.05"", ""model__metric"": ""euclidean"", ""model__n_neighbors"": 6, ""model__weights"": ""distance"", ""pca__n_components"": 52, ""scale__method"": ""robust""}",stage3_local_cv,0.775,0.0067198400278578015,320.0,3.766,5
stage3_195,stage3_seed_0,"{""clean__method"": ""lof_0.05"", ""model__metric"": ""manhattan"", ""model__n_neighbors"": 3, ""model__weights"": ""distance"", ""pca__n_components"": 44, ""scale__method"": ""standard""}",lof_0.05,standard,44,3,manhattan,"{""clean__method"": ""lof_0.05"", ""model__metric"": ""manhattan"", ""model__n_neighbors"": 3, ""model__weights"": ""distance"", ""pca__n_components"": 44, ""scale__method"": ""standard""}",stage3_local_cv,0.775,0.007974568953868291,320.0,5.624,5
stage3_255,stage3_seed_0,"{""clean__method"": ""none"", ""model__metric"": ""manhattan"", ""model__n_neighbors"": 3, ""model__weights"": ""distance"", ""pca__n_components"": 44, ""scale__method"": ""robust""}",none,robust,44,3,manhattan,"{""clean__method"": ""none"", ""model__metric"": ""manhattan"", ""model__n_neighbors"": 3, ""model__weights"": ""distance"", ""pca__n_components"": 44, ""scale__method"": ""robust""}",stage3_local_cv,0.7749999999999999,0.006789237807000161,0.0,4.014,5
stage3_287,stage3_seed_0,"{""clean__method"": ""none"", ""model__metric"": ""manhattan"", ""model__n_neighbors"": 8, ""model__weights"": ""distance"", ""pca__n_components"": 52, ""scale__method"": ""robust""}",none,robust,52,8,manhattan,"{""clean__method"": ""none"", ""model__metric"": ""manhattan"", ""model__n_neighbors"": 8, ""model__weights"": ""distance"", ""pca__n_components"": 52, ""scale__method"": ""robust""}",stage3_local_cv,0.774875,0.010921595579401413,0.0,4.535,5
stage3_789,stage3_seed_3,"{""clean__method"": ""none"", ""model__metric"": ""manhattan"", ""model__n_neighbors"": 6, ""model__weights"": ""distance"", ""pca__n_components"": 64, ""scale__method"": ""standard""}",none,standard,64,6,manhattan,"{""clean__method"": ""none"", ""model__metric"": ""manhattan"", ""model__n_neighbors"": 6, ""model__weights"": ""distance"", ""pca__n_components"": 64, ""scale__method"": ""standard""}",stage3_local_cv,0.774875,0.004782781617427252,0.0,5.213,5
stage3_120,stage3_seed_0,"{""clean__method"": ""lof_0.05"", ""model__metric"": ""euclidean"", ""model__n_neighbors"": 2, ""model__weights"": ""distance"", ""pca__n_components"": 40, ""scale__method"": ""robust""}",lof_0.05,robust,40,2,euclidean,"{""clean__method"": ""lof_0.05"", ""model__metric"": ""euclidean"", ""model__n_neighbors"": 2, ""model__weights"": ""distance"", ""pca__n_components"": 40, ""scale__method"": ""robust""}",stage3_local_cv,0.77475,0.012975939272360975,320.0,3.38,5
stage3_327,stage3_seed_0,"{""clean__method"": ""none"", ""model__metric"": ""manhattan"", ""model__n_neighbors"": 3, ""model__weights"": ""distance"", ""pca__n_components"": 48, ""scale__method"": ""standard""}",none,standard,48,3,manhattan,"{""clean__method"": ""none"", ""model__metric"": ""manhattan"", ""model__n_neighbors"": 3, ""model__weights"": ""distance"", ""pca__n_components"": 48, ""scale__method"": ""standard""}",stage3_local_cv,0.7747499999999998,0.0055000000000000075,0.0,3.87,5
stage3_592,stage3_seed_1,"{""clean__method"": ""none"", ""model__metric"": ""euclidean"", ""model__n_neighbors"": 4, ""model__weights"": ""distance"", ""pca__n_components"": 36, ""scale__method"": ""robust""}",none,robust,36,4,euclidean,"{""clean__method"": ""none"", ""model__metric"": ""euclidean"", ""model__n_neighbors"": 4, ""model__weights"": ""distance"", ""pca__n_components"": 36, ""scale__method"": ""robust""}",stage3_local_cv,0.774625,0.0038037810136757402,0.0,1.203,5
stage3_260,stage3_seed_0,"{""clean__method"": ""none"", ""model__metric"": ""euclidean"", ""model__n_neighbors"": 6, ""model__weights"": ""distance"", ""pca__n_components"": 44, ""scale__method"": ""robust""}",none,robust,44,6,euclidean,"{""clean__method"": ""none"", ""model__metric"": ""euclidean"", ""model__n_neighbors"": 6, ""model__weights"": ""distance"", ""pca__n_components"": 44, ""scale__method"": ""robust""}",stage3_local_cv,0.774625,0.006002603601771485,0.0,1.3210000000000002,5
stage3_589,stage3_seed_1,"{""clean__method"": ""none"", ""model__metric"": ""manhattan"", ""model__n_neighbors"": 2, ""model__weights"": ""distance"", ""pca__n_components"": 36, ""scale__method"": ""robust""}",none,robust,36,2,manhattan,"{""clean__method"": ""none"", ""model__metric"": ""manhattan"", ""model__n_neighbors"": 2, ""model__weights"": ""distance"", ""pca__n_components"": 36, ""scale__method"": ""robust""}",stage3_local_cv,0.774625,0.0072521548521801435,0.0,3.623,5
stage3_656,stage3_seed_3,"{""clean__method"": ""lof_0.03"", ""model__metric"": ""euclidean"", ""model__n_neighbors"": 6, ""model__weights"": ""distance"", ""pca__n_components"": 60, ""scale__method"": ""robust""}",lof_0.03,robust,60,6,euclidean,"{""clean__method"": ""lof_0.03"", ""model__metric"": ""euclidean"", ""model__n_neighbors"": 6, ""model__weights"": ""distance"", ""pca__n_components"": 60, ""scale__method"": ""robust""}",stage3_local_cv,0.774625,0.006864765108873007,192.0,3.4,5
stage3_728,stage3_seed_3,"{""clean__method"": ""lof_0.05"", ""model__metric"": ""euclidean"", ""model__n_neighbors"": 6, ""model__weights"": ""distance"", ""pca__n_components"": 60, ""scale__method"": ""standard""}",lof_0.05,standard,60,6,euclidean,"{""clean__method"": ""lof_0.05"", ""model__metric"": ""euclidean"", ""model__n_neighbors"": 6, ""model__weights"": ""distance"", ""pca__n_components"": 60, ""scale__method"": ""standard""}",stage3_local_cv,0.774625,0.005055937104039165,320.0,3.7449999999999997,5
stage3_131,stage3_seed_0,"{""clean__method"": ""lof_0.05"", ""model__metric"": ""manhattan"", ""model__n_neighbors"": 8, ""model__weights"": ""distance"", ""pca__n_components"": 40, ""scale__method"": ""robust""}",lof_0.05,robust,40,8,manhattan,"{""clean__method"": ""lof_0.05"", ""model__metric"": ""manhattan"", ""model__n_neighbors"": 8, ""model__weights"": ""distance"", ""pca__n_components"": 40, ""scale__method"": ""robust""}",stage3_local_cv,0.774625,0.0058710092829087086,320.0,5.678,5
stage3_616,stage3_seed_1,"{""clean__method"": ""none"", ""model__metric"": ""euclidean"", ""model__n_neighbors"": 4, ""model__weights"": ""distance"", ""pca__n_components"": 36, ""scale__method"": ""standard""}",none,standard,36,4,euclidean,"{""clean__method"": ""none"", ""model__metric"": ""euclidean"", ""model__n_neighbors"": 4, ""model__weights"": ""distance"", ""pca__n_components"": 36, ""scale__method"": ""standard""}",stage3_local_cv,0.7745000000000001,0.0052648599221631716,0.0,0.884,5
stage3_496,stage3_seed_1,"{""clean__method"": ""lof_0.03"", ""model__metric"": ""euclidean"", ""model__n_neighbors"": 4, ""model__weights"": ""distance"", ""pca__n_components"": 36, ""scale__method"": ""robust""}",lof_0.03,robust,36,4,euclidean,"{""clean__method"": ""lof_0.03"", ""model__metric"": ""euclidean"", ""model__n_neighbors"": 4, ""model__weights"": ""distance"", ""pca__n_components"": 36, ""scale__method"": ""robust""}",stage3_local_cv,0.7745,0.005220153254455289,192.0,3.622,5
stage3_111,stage3_seed_0,"{""clean__method"": ""lof_0.03"", ""model__metric"": ""manhattan"", ""model__n_neighbors"": 3, ""model__weights"": ""distance"", ""pca__n_components"": 56, ""scale__method"": ""standard""}",lof_0.03,standard,56,3,manhattan,"{""clean__method"": ""lof_0.03"", ""model__metric"": ""manhattan"", ""model__n_neighbors"": 3, ""model__weights"": ""distance"", ""pca__n_components"": 56, ""scale__method"": ""standard""}",stage3_local_cv,0.7745,0.007152359750459974,192.0,6.299,5
stage3_119,stage3_seed_0,"{""clean__method"": ""lof_0.03"", ""model__metric"": ""manhattan"", ""model__n_neighbors"": 8, ""model__weights"": ""distance"", ""pca__n_components"": 56, ""scale__method"": ""standard""}",lof_0.03,standard,56,8,manhattan,"{""clean__method"": ""lof_0.03"", ""model__metric"": ""manhattan"", ""model__n_neighbors"": 8, ""model__weights"": ""distance"", ""pca__n_components"": 56, ""scale__method"": ""standard""}",stage3_local_cv,0.7745,0.00710853360405646,192.0,7.053999999999999,5
stage3_123,stage3_seed_0,"{""clean__method"": ""lof_0.05"", ""model__metric"": ""manhattan"", ""model__n_neighbors"": 3, ""model__weights"": ""distance"", ""pca__n_components"": 40, ""scale__method"": ""robust""}",lof_0.05,robust,40,3,manhattan,"{""clean__method"": ""lof_0.05"", ""model__metric"": ""manhattan"", ""model__n_neighbors"": 3, ""model__weights"": ""distance"", ""pca__n_components"": 40, ""scale__method"": ""robust""}",stage3_local_cv,0.7745,0.012031209415515937,320.0,6.054,5
stage3_291,stage3_seed_0,"{""clean__method"": ""none"", ""model__metric"": ""manhattan"", ""model__n_neighbors"": 3, ""model__weights"": ""distance"", ""pca__n_components"": 56, ""scale__method"": ""robust""}",none,robust,56,3,manhattan,"{""clean__method"": ""none"", ""model__metric"": ""manhattan"", ""model__n_neighbors"": 3, ""model__weights"": ""distance"", ""pca__n_components"": 56, ""scale__method"": ""robust""}",stage3_local_cv,0.7743750000000001,0.003112474899497184,0.0,4.771,5
stage3_520,stage3_seed_1,"{""clean__method"": ""lof_0.03"", ""model__metric"": ""euclidean"", ""model__n_neighbors"": 4, ""model__weights"": ""distance"", ""pca__n_components"": 36, ""scale__method"": ""standard""}",lof_0.03,standard,36,4,euclidean,"{""clean__method"": ""lof_0.03"", ""model__metric"": ""euclidean"", ""model__n_neighbors"": 4, ""model__weights"": ""distance"", ""pca__n_components"": 36, ""scale__method"": ""standard""}",stage3_local_cv,0.774375,0.006410440702479033,192.0,4.428999999999999,5
stage3_680,stage3_seed_3,"{""clean__method"": ""lof_0.03"", ""model__metric"": ""euclidean"", ""model__n_neighbors"": 6, ""model__weights"": ""distance"", ""pca__n_components"": 60, ""scale__method"": ""standard""}",lof_0.03,standard,60,6,euclidean,"{""clean__method"": ""lof_0.03"", ""model__metric"": ""euclidean"", ""model__n_neighbors"": 6, ""model__weights"": ""distance"", ""pca__n_components"": 60, ""scale__method"": ""standard""}",stage3_local_cv,0.7742500000000001,0.004096492402043496,192.0,3.235,5
stage3_275,stage3_seed_0,"{""clean__method"": ""none"", ""model__metric"": ""manhattan"", ""model__n_neighbors"": 8, ""model__weights"": ""distance"", ""pca__n_components"": 48, ""scale__method"": ""robust""}",none,robust,48,8,manhattan,"{""clean__method"": ""none"", ""model__metric"": ""manhattan"", ""model__n_neighbors"": 8, ""model__weights"": ""distance"", ""pca__n_components"": 48, ""scale__method"": ""robust""}",stage3_local_cv,0.77425,0.0019921721813136624,0.0,4.328,5
stage3_251,stage3_seed_0,"{""clean__method"": ""none"", ""model__metric"": ""manhattan"", ""model__n_neighbors"": 8, ""model__weights"": ""distance"", ""pca__n_components"": 40, ""scale__method"": ""robust""}",none,robust,40,8,manhattan,"{""clean__method"": ""none"", ""model__metric"": ""manhattan"", ""model__n_neighbors"": 8, ""model__weights"": ""distance"", ""pca__n_components"": 40, ""scale__method"": ""robust""}",stage3_local_cv,0.77425,0.004209364560120676,0.0,4.5089999999999995,5
stage3_308,stage3_seed_0,"{""clean__method"": ""none"", ""model__metric"": ""euclidean"", ""model__n_neighbors"": 6, ""model__weights"": ""distance"", ""pca__n_components"": 40, ""scale__method"": ""standard""}",none,standard,40,6,euclidean,"{""clean__method"": ""none"", ""model__metric"": ""euclidean"", ""model__n_neighbors"": 6, ""model__weights"": ""distance"", ""pca__n_components"": 40, ""scale__method"": ""standard""}",stage3_local_cv,0.774125,0.007327175444876414,0.0,0.8470000000000001,5
stage3_143,stage3_seed_0,"{""clean__method"": ""lof_0.05"", ""model__metric"": ""manhattan"", ""model__n_neighbors"": 8, ""model__weights"": ""distance"", ""pca__n_components"": 44, ""scale__method"": ""robust""}",lof_0.05,robust,44,8,manhattan,"{""clean__method"": ""lof_0.05"", ""model__metric"": ""manhattan"", ""model__n_neighbors"": 8, ""model__weights"": ""distance"", ""pca__n_components"": 44, ""scale__method"": ""robust""}",stage3_local_cv,0.774125,0.010043654713300335,320.0,6.035,5
stage3_191,stage3_seed_0,"{""clean__method"": ""lof_0.05"", ""model__metric"": ""manhattan"", ""model__n_neighbors"": 8, ""model__weights"": ""distance"", ""pca__n_components"": 40, ""scale__method"": ""standard""}",lof_0.05,standard,40,8,manhattan,"{""clean__method"": ""lof_0.05"", ""model__metric"": ""manhattan"", ""model__n_neighbors"": 8, ""model__weights"": ""distance"", ""pca__n_components"": 40, ""scale__method"": ""standard""}",stage3_local_cv,0.7740000000000001,0.009070901278263379,320.0,6.106,5
stage3_704,stage3_seed_3,"{""clean__method"": ""lof_0.05"", ""model__metric"": ""euclidean"", ""model__n_neighbors"": 6, ""model__weights"": ""distance"", ""pca__n_components"": 60, ""scale__method"": ""robust""}",lof_0.05,robust,60,6,euclidean,"{""clean__method"": ""lof_0.05"", ""model__metric"": ""euclidean"", ""model__n_neighbors"": 6, ""model__weights"": ""distance"", ""pca__n_components"": 60, ""scale__method"": ""robust""}",stage3_local_cv,0.774,0.005709093623334584,320.0,3.409,5
stage3_152,stage3_seed_0,"{""clean__method"": ""lof_0.05"", ""model__metric"": ""euclidean"", ""model__n_neighbors"": 6, ""model__weights"": ""distance"", ""pca__n_components"": 48, ""scale__method"": ""robust""}",lof_0.05,robust,48,6,euclidean,"{""clean__method"": ""lof_0.05"", ""model__metric"": ""euclidean"", ""model__n_neighbors"": 6, ""model__weights"": ""distance"", ""pca__n_components"": 48, ""scale__method"": ""robust""}",stage3_local_cv,0.774,0.006356591067545537,320.0,3.698,5
stage3_375,stage3_seed_0,"{""clean__method"": ""tomek"", ""model__metric"": ""manhattan"", ""model__n_neighbors"": 3, ""model__weights"": ""distance"", ""pca__n_components"": 44, ""scale__method"": ""robust""}",tomek,robust,44,3,manhattan,"{""clean__method"": ""tomek"", ""model__metric"": ""manhattan"", ""model__n_neighbors"": 3, ""model__weights"": ""distance"", ""pca__n_components"": 44, ""scale__method"": ""robust""}",stage3_local_cv,0.7739999999999999,0.009409104633279411,160.0,8.129,5
stage3_459,stage3_seed_0,"{""clean__method"": ""tomek"", ""model__metric"": ""manhattan"", ""model__n_neighbors"": 3, ""model__weights"": ""distance"", ""pca__n_components"": 52, ""scale__method"": ""standard""}",tomek,standard,52,3,manhattan,"{""clean__method"": ""tomek"", ""model__metric"": ""manhattan"", ""model__n_neighbors"": 3, ""model__weights"": ""distance"", ""pca__n_components"": 52, ""scale__method"": ""standard""}",stage3_local_cv,0.7739999999999999,0.006574096896152361,160.0,9.242999999999999,5
stage3_752,stage3_seed_3,"{""clean__method"": ""none"", ""model__metric"": ""euclidean"", ""model__n_neighbors"": 6, ""model__weights"": ""distance"", ""pca__n_components"": 60, ""scale__method"": ""robust""}",none,robust,60,6,euclidean,"{""clean__method"": ""none"", ""model__metric"": ""euclidean"", ""model__n_neighbors"": 6, ""model__weights"": ""distance"", ""pca__n_components"": 60, ""scale__method"": ""robust""}",stage3_local_cv,0.773875,0.005623610939601026,0.0,1.476,5
stage3_240,stage3_seed_0,"{""clean__method"": ""none"", ""model__metric"": ""euclidean"", ""model__n_neighbors"": 2, ""model__weights"": ""distance"", ""pca__n_components"": 40, ""scale__method"": ""robust""}",none,robust,40,2,euclidean,"{""clean__method"": ""none"", ""model__metric"": ""euclidean"", ""model__n_neighbors"": 2, ""model__weights"": ""distance"", ""pca__n_components"": 40, ""scale__method"": ""robust""}",stage3_local_cv,0.77375,0.010300182037226305,0.0,1.266,5
stage3_747,stage3_seed_3,"{""clean__method"": ""none"", ""model__metric"": ""manhattan"", ""model__n_neighbors"": 3, ""model__weights"": ""distance"", ""pca__n_components"": 60, ""scale__method"": ""robust""}",none,robust,60,3,manhattan,"{""clean__method"": ""none"", ""model__metric"": ""manhattan"", ""model__n_neighbors"": 3, ""model__weights"": ""distance"", ""pca__n_components"": 60, ""scale__method"": ""robust""}",stage3_local_cv,0.77375,0.009125856124222,0.0,5.659999999999999,5
stage3_740,stage3_seed_3,"{""clean__method"": ""lof_0.05"", ""model__metric"": ""euclidean"", ""model__n_neighbors"": 6, ""model__weights"": ""distance"", ""pca__n_components"": 64, ""scale__method"": ""standard""}",lof_0.05,standard,64,6,euclidean,"{""clean__method"": ""lof_0.05"", ""model__metric"": ""euclidean"", ""model__n_neighbors"": 6, ""model__weights"": ""distance"", ""pca__n_components"": 64, ""scale__method"": ""standard""}",stage3_local_cv,0.77375,0.007126096406869625,320.0,3.293,5
stage3_128,stage3_seed_0,"{""clean__method"": ""lof_0.05"", ""model__metric"": ""euclidean"", ""model__n_neighbors"": 6, ""model__weights"": ""distance"", ""pca__n_components"": 40, ""scale__method"": ""robust""}",lof_0.05,robust,40,6,euclidean,"{""clean__method"": ""lof_0.05"", ""model__metric"": ""euclidean"", ""model__n_neighbors"": 6, ""model__weights"": ""distance"", ""pca__n_components"": 40, ""scale__method"": ""robust""}",stage3_local_cv,0.77375,0.009754806507563343,320.0,3.441,5
stage3_299,stage3_seed_0,"{""clean__method"": ""none"", ""model__metric"": ""manhattan"", ""model__n_neighbors"": 8, ""model__weights"": ""distance"", ""pca__n_components"": 56, ""scale__method"": ""robust""}",none,robust,56,8,manhattan,"{""clean__method"": ""none"", ""model__metric"": ""manhattan"", ""model__n_neighbors"": 8, ""model__weights"": ""distance"", ""pca__n_components"": 56, ""scale__method"": ""robust""}",stage3_local_cv,0.7737499999999999,0.009142961773954853,0.0,5.289,5
stage3_171,stage3_seed_0,"{""clean__method"": ""lof_0.05"", ""model__metric"": ""manhattan"", ""model__n_neighbors"": 3, ""model__weights"": ""distance"", ""pca__n_components"": 56, ""scale__method"": ""robust""}",lof_0.05,robust,56,3,manhattan,"{""clean__method"": ""lof_0.05"", ""model__metric"": ""manhattan"", ""model__n_neighbors"": 3, ""model__weights"": ""distance"", ""pca__n_components"": 56, ""scale__method"": ""robust""}",stage3_local_cv,0.7737499999999999,0.007363338237511562,320.0,7.558999999999999,5
stage3_092,stage3_seed_0,"{""clean__method"": ""lof_0.03"", ""model__metric"": ""euclidean"", ""model__n_neighbors"": 6, ""model__weights"": ""distance"", ""pca__n_components"": 48, ""scale__method"": ""standard""}",lof_0.03,standard,48,6,euclidean,"{""clean__method"": ""lof_0.03"", ""model__metric"": ""euclidean"", ""model__n_neighbors"": 6, ""model__weights"": ""distance"", ""pca__n_components"": 48, ""scale__method"": ""standard""}",stage3_local_cv,0.773625,0.004782781617427255,192.0,2.9509999999999996,5
stage3_692,stage3_seed_3,"{""clean__method"": ""lof_0.03"", ""model__metric"": ""euclidean"", ""model__n_neighbors"": 6, ""model__weights"": ""distance"", ""pca__n_components"": 64, ""scale__method"": ""standard""}",lof_0.03,standard,64,6,euclidean,"{""clean__method"": ""lof_0.03"", ""model__metric"": ""euclidean"", ""model__n_neighbors"": 6, ""model__weights"": ""distance"", ""pca__n_components"": 64, ""scale__method"": ""standard""}",stage3_local_cv,0.773625,0.00667785519459653,192.0,3.303,5
stage3_320,stage3_seed_0,"{""clean__method"": ""none"", ""model__metric"": ""euclidean"", ""model__n_neighbors"": 6, ""model__weights"": ""distance"", ""pca__n_components"": 44, ""scale__method"": ""standard""}",none,standard,44,6,euclidean,"{""clean__method"": ""none"", ""model__metric"": ""euclidean"", ""model__n_neighbors"": 6, ""model__weights"": ""distance"", ""pca__n_components"": 44, ""scale__method"": ""standard""}",stage3_local_cv,0.7736249999999999,0.007356969484781087,0.0,1.068,5
stage3_335,stage3_seed_0,"{""clean__method"": ""none"", ""model__metric"": ""manhattan"", ""model__n_neighbors"": 8, ""model__weights"": ""distance"", ""pca__n_components"": 48, ""scale__method"": ""standard""}",none,standard,48,8,manhattan,"{""clean__method"": ""none"", ""model__metric"": ""manhattan"", ""model__n_neighbors"": 8, ""model__weights"": ""distance"", ""pca__n_components"": 48, ""scale__method"": ""standard""}",stage3_local_cv,0.7735000000000001,0.005976516543940981,0.0,4.335999999999999,5
stage3_323,stage3_seed_0,"{""clean__method"": ""none"", ""model__metric"": ""manhattan"", ""model__n_neighbors"": 8, ""model__weights"": ""distance"", ""pca__n_components"": 44, ""scale__method"": ""standard""}",none,standard,44,8,manhattan,"{""clean__method"": ""none"", ""model__metric"": ""manhattan"", ""model__n_neighbors"": 8, ""model__weights"": ""distance"", ""pca__n_components"": 44, ""scale__method"": ""standard""}",stage3_local_cv,0.7735,0.006028577775893731,0.0,3.8310000000000004,5
stage3_303,stage3_seed_0,"{""clean__method"": ""none"", ""model__metric"": ""manhattan"", ""model__n_neighbors"": 3, ""model__weights"": ""distance"", ""pca__n_components"": 40, ""scale__method"": ""standard""}",none,standard,40,3,manhattan,"{""clean__method"": ""none"", ""model__metric"": ""manhattan"", ""model__n_neighbors"": 3, ""model__weights"": ""distance"", ""pca__n_components"": 40, ""scale__method"": ""standard""}",stage3_local_cv,0.7733749999999999,0.008087413059810913,0.0,3.516,5
stage3_509,stage3_seed_1,"{""clean__method"": ""lof_0.03"", ""model__metric"": ""manhattan"", ""model__n_neighbors"": 4, ""model__weights"": ""distance"", ""pca__n_components"": 32, ""scale__method"": ""standard""}",lof_0.03,standard,32,4,manhattan,"{""clean__method"": ""lof_0.03"", ""model__metric"": ""manhattan"", ""model__n_neighbors"": 4, ""model__weights"": ""distance"", ""pca__n_components"": 32, ""scale__method"": ""standard""}",stage3_local_cv,0.7733749999999999,0.007433034373659243,192.0,6.17,5
stage3_699,stage3_seed_3,"{""clean__method"": ""lof_0.05"", ""model__metric"": ""manhattan"", ""model__n_neighbors"": 3, ""model__weights"": ""distance"", ""pca__n_components"": 60, ""scale__method"": ""robust""}",lof_0.05,robust,60,3,manhattan,"{""clean__method"": ""lof_0.05"", ""model__metric"": ""manhattan"", ""model__n_neighbors"": 3, ""model__weights"": ""distance"", ""pca__n_components"": 60, ""scale__method"": ""robust""}",stage3_local_cv,0.7733749999999999,0.00915662328590624,320.0,9.182,5
stage3_059,stage3_seed_0,"{""clean__method"": ""lof_0.03"", ""model__metric"": ""manhattan"", ""model__n_neighbors"": 8, ""model__weights"": ""distance"", ""pca__n_components"": 56, ""scale__method"": ""robust""}",lof_0.03,robust,56,8,manhattan,"{""clean__method"": ""lof_0.03"", ""model__metric"": ""manhattan"", ""model__n_neighbors"": 8, ""model__weights"": ""distance"", ""pca__n_components"": 56, ""scale__method"": ""robust""}",stage3_local_cv,0.77325,0.005425633603552671,192.0,8.188,5
stage3_420,stage3_seed_0,"{""clean__method"": ""tomek"", ""model__metric"": ""euclidean"", ""model__n_neighbors"": 2, ""model__weights"": ""distance"", ""pca__n_components"": 40, ""scale__method"": ""standard""}",tomek,standard,40,2,euclidean,"{""clean__method"": ""tomek"", ""model__metric"": ""euclidean"", ""model__n_neighbors"": 2, ""model__weights"": ""distance"", ""pca__n_components"": 40, ""scale__method"": ""standard""}",stage3_local_cv,0.7731250000000001,0.008319780646146871,160.0,4.577999999999999,5
stage3_243,stage3_seed_0,"{""clean__method"": ""none"", ""model__metric"": ""manhattan"", ""model__n_neighbors"": 3, ""model__weights"": ""distance"", ""pca__n_components"": 40, ""scale__method"": ""robust""}",none,robust,40,3,manhattan,"{""clean__method"": ""none"", ""model__metric"": ""manhattan"", ""model__n_neighbors"": 3, ""model__weights"": ""distance"", ""pca__n_components"": 40, ""scale__method"": ""robust""}",stage3_local_cv,0.773125,0.00504665730954659,0.0,4.034,5
stage3_476,stage3_seed_0,"{""clean__method"": ""tomek"", ""model__metric"": ""euclidean"", ""model__n_neighbors"": 6, ""model__weights"": ""distance"", ""pca__n_components"": 56, ""scale__method"": ""standard""}",tomek,standard,56,6,euclidean,"{""clean__method"": ""tomek"", ""model__metric"": ""euclidean"", ""model__n_neighbors"": 6, ""model__weights"": ""distance"", ""pca__n_components"": 56, ""scale__method"": ""standard""}",stage3_local_cv,0.773,0.005294454646136838,160.0,5.498,5
stage3_633,stage3_seed_2,"{""clean__method"": ""tomek"", ""model__metric"": ""manhattan"", ""model__n_neighbors"": 6, ""model__weights"": ""distance"", ""pca__n_components"": 36, ""scale__method"": ""robust""}",tomek,robust,36,6,manhattan,"{""clean__method"": ""tomek"", ""model__metric"": ""manhattan"", ""model__n_neighbors"": 6, ""model__weights"": ""distance"", ""pca__n_components"": 36, ""scale__method"": ""robust""}",stage3_local_cv,0.7729999999999999,0.0065479004268544075,160.0,7.542,5
stage3_471,stage3_seed_0,"{""clean__method"": ""tomek"", ""model__metric"": ""manhattan"", ""model__n_neighbors"": 3, ""model__weights"": ""distance"", ""pca__n_components"": 56, ""scale__method"": ""standard""}",tomek,standard,56,3,manhattan,"{""clean__method"": ""tomek"", ""model__metric"": ""manhattan"", ""model__n_neighbors"": 3, ""model__weights"": ""distance"", ""pca__n_components"": 56, ""scale__method"": ""standard""}",stage3_local_cv,0.7729999999999999,0.007064435575472394,160.0,9.619,5
stage3_227,stage3_seed_0,"{""clean__method"": ""lof_0.05"", ""model__metric"": ""manhattan"", ""model__n_neighbors"": 8, ""model__weights"": ""distance"", ""pca__n_components"": 52, ""scale__method"": ""standard""}",lof_0.05,standard,52,8,manhattan,"{""clean__method"": ""lof_0.05"", ""model__metric"": ""manhattan"", ""model__n_neighbors"": 8, ""model__weights"": ""distance"", ""pca__n_components"": 52, ""scale__method"": ""standard""}",stage3_local_cv,0.7728750000000001,0.006028577775893768,320.0,6.6739999999999995,5
stage3_248,stage3_seed_0,"{""clean__method"": ""none"", ""model__metric"": ""euclidean"", ""model__n_neighbors"": 6, ""model__weights"": ""distance"", ""pca__n_components"": 40, ""scale__method"": ""robust""}",none,robust,40,6,euclidean,"{""clean__method"": ""none"", ""model__metric"": ""euclidean"", ""model__n_neighbors"": 6, ""model__weights"": ""distance"", ""pca__n_components"": 40, ""scale__method"": ""robust""}",stage3_local_cv,0.772875,0.008538515678969013,0.0,1.858,5
stage3_527,stage3_seed_1,"{""clean__method"": ""lof_0.03"", ""model__metric"": ""manhattan"", ""model__n_neighbors"": 8, ""model__weights"": ""distance"", ""pca__n_components"": 36, ""scale__method"": ""standard""}",lof_0.03,standard,36,8,manhattan,"{""clean__method"": ""lof_0.03"", ""model__metric"": ""manhattan"", ""model__n_neighbors"": 8, ""model__weights"": ""distance"", ""pca__n_components"": 36, ""scale__method"": ""standard""}",stage3_local_cv,0.772875,0.0064055639876594885,192.0,5.350999999999999,5
stage3_155,stage3_seed_0,"{""clean__method"": ""lof_0.05"", ""model__metric"": ""manhattan"", ""model__n_neighbors"": 8, ""model__weights"": ""distance"", ""pca__n_components"": 48, ""scale__method"": ""robust""}",lof_0.05,robust,48,8,manhattan,"{""clean__method"": ""lof_0.05"", ""model__metric"": ""manhattan"", ""model__n_neighbors"": 8, ""model__weights"": ""distance"", ""pca__n_components"": 48, ""scale__method"": ""robust""}",stage3_local_cv,0.772875,0.008400148808205733,320.0,6.1770000000000005,5
stage3_332,stage3_seed_0,"{""clean__method"": ""none"", ""model__metric"": ""euclidean"", ""model__n_neighbors"": 6, ""model__weights"": ""distance"", ""pca__n_components"": 48, ""scale__method"": ""standard""}",none,standard,48,6,euclidean,"{""clean__method"": ""none"", ""model__metric"": ""euclidean"", ""model__n_neighbors"": 6, ""model__weights"": ""distance"", ""pca__n_components"": 48, ""scale__method"": ""standard""}",stage3_local_cv,0.77275,0.00558457697592216,0.0,1.21,5
stage3_387,stage3_seed_0,"{""clean__method"": ""tomek"", ""model__metric"": ""manhattan"", ""model__n_neighbors"": 3, ""model__weights"": ""distance"", ""pca__n_components"": 48, ""scale__method"": ""robust""}",tomek,robust,48,3,manhattan,"{""clean__method"": ""tomek"", ""model__metric"": ""manhattan"", ""model__n_neighbors"": 3, ""model__weights"": ""distance"", ""pca__n_components"": 48, ""scale__method"": ""robust""}",stage3_local_cv,0.7727499999999999,0.00635659106754557,160.0,8.394,5
stage3_203,stage3_seed_0,"{""clean__method"": ""lof_0.05"", ""model__metric"": ""manhattan"", ""model__n_neighbors"": 8, ""model__weights"": ""distance"", ""pca__n_components"": 44, ""scale__method"": ""standard""}",lof_0.05,standard,44,8,manhattan,"{""clean__method"": ""lof_0.05"", ""model__metric"": ""manhattan"", ""model__n_neighbors"": 8, ""model__weights"": ""distance"", ""pca__n_components"": 44, ""scale__method"": ""standard""}",stage3_local_cv,0.7727499999999999,0.007852149387269684,320.0,6.529,5
stage3_179,stage3_seed_0,"{""clean__method"": ""lof_0.05"", ""model__metric"": ""manhattan"", ""model__n_neighbors"": 8, ""model__weights"": ""distance"", ""pca__n_components"": 56, ""scale__method"": ""robust""}",lof_0.05,robust,56,8,manhattan,"{""clean__method"": ""lof_0.05"", ""model__metric"": ""manhattan"", ""model__n_neighbors"": 8, ""model__weights"": ""distance"", ""pca__n_components"": 56, ""scale__method"": ""robust""}",stage3_local_cv,0.7727499999999999,0.008728545125048065,320.0,7.88,5
stage3_360,stage3_seed_0,"{""clean__method"": ""tomek"", ""model__metric"": ""euclidean"", ""model__n_neighbors"": 2, ""model__weights"": ""distance"", ""pca__n_components"": 40, ""scale__method"": ""robust""}",tomek,robust,40,2,euclidean,"{""clean__method"": ""tomek"", ""model__metric"": ""euclidean"", ""model__n_neighbors"": 2, ""model__weights"": ""distance"", ""pca__n_components"": 40, ""scale__method"": ""robust""}",stage3_local_cv,0.7726249999999999,0.008806957476904256,160.0,4.685,5
stage3_567,stage3_seed_1,"{""clean__method"": ""lof_0.05"", ""model__metric"": ""manhattan"", ""model__n_neighbors"": 3, ""model__weights"": ""distance"", ""pca__n_components"": 36, ""scale__method"": ""standard""}",lof_0.05,standard,36,3,manhattan,"{""clean__method"": ""lof_0.05"", ""model__metric"": ""manhattan"", ""model__n_neighbors"": 3, ""model__weights"": ""distance"", ""pca__n_components"": 36, ""scale__method"": ""standard""}",stage3_local_cv,0.7726249999999999,0.006217415057722933,320.0,6.216000000000001,5
stage3_311,stage3_seed_0,"{""clean__method"": ""none"", ""model__metric"": ""manhattan"", ""model__n_neighbors"": 8, ""model__weights"": ""distance"", ""pca__n_components"": 40, ""scale__method"": ""standard""}",none,standard,40,8,manhattan,"{""clean__method"": ""none"", ""model__metric"": ""manhattan"", ""model__n_neighbors"": 8, ""model__weights"": ""distance"", ""pca__n_components"": 40, ""scale__method"": ""standard""}",stage3_local_cv,0.7725,0.00883883476483185,0.0,3.7110000000000003,5
stage3_668,stage3_seed_3,"{""clean__method"": ""lof_0.03"", ""model__metric"": ""euclidean"", ""model__n_neighbors"": 6, ""model__weights"": ""distance"", ""pca__n_components"": 64, ""scale__method"": ""robust""}",lof_0.03,robust,64,6,euclidean,"{""clean__method"": ""lof_0.03"", ""model__metric"": ""euclidean"", ""model__n_neighbors"": 6, ""model__weights"": ""distance"", ""pca__n_components"": 64, ""scale__method"": ""robust""}",stage3_local_cv,0.7725,0.008329165624478854,192.0,3.7140000000000004,5
stage3_071,stage3_seed_0,"{""clean__method"": ""lof_0.03"", ""model__metric"": ""manhattan"", ""model__n_neighbors"": 8, ""model__weights"": ""distance"", ""pca__n_components"": 40, ""scale__method"": ""standard""}",lof_0.03,standard,40,8,manhattan,"{""clean__method"": ""lof_0.03"", ""model__metric"": ""manhattan"", ""model__n_neighbors"": 8, ""model__weights"": ""distance"", ""pca__n_components"": 40, ""scale__method"": ""standard""}",stage3_local_cv,0.7724999999999999,0.008596874432024679,192.0,7.084,5
stage3_416,stage3_seed_0,"{""clean__method"": ""tomek"", ""model__metric"": ""euclidean"", ""model__n_neighbors"": 6, ""model__weights"": ""distance"", ""pca__n_components"": 56, ""scale__method"": ""robust""}",tomek,robust,56,6,euclidean,"{""clean__method"": ""tomek"", ""model__metric"": ""euclidean"", ""model__n_neighbors"": 6, ""model__weights"": ""distance"", ""pca__n_components"": 56, ""scale__method"": ""robust""}",stage3_local_cv,0.772375,0.00277826384636163,160.0,4.968999999999999,5
stage3_447,stage3_seed_0,"{""clean__method"": ""tomek"", ""model__metric"": ""manhattan"", ""model__n_neighbors"": 3, ""model__weights"": ""distance"", ""pca__n_components"": 48, ""scale__method"": ""standard""}",tomek,standard,48,3,manhattan,"{""clean__method"": ""tomek"", ""model__metric"": ""manhattan"", ""model__n_neighbors"": 3, ""model__weights"": ""distance"", ""pca__n_components"": 48, ""scale__method"": ""standard""}",stage3_local_cv,0.772375,0.005190134873006671,160.0,7.526999999999999,5
stage3_051,stage3_seed_0,"{""clean__method"": ""lof_0.03"", ""model__metric"": ""manhattan"", ""model__n_neighbors"": 3, ""model__weights"": ""distance"", ""pca__n_components"": 56, ""scale__method"": ""robust""}",lof_0.03,robust,56,3,manhattan,"{""clean__method"": ""lof_0.03"", ""model__metric"": ""manhattan"", ""model__n_neighbors"": 3, ""model__weights"": ""distance"", ""pca__n_components"": 56, ""scale__method"": ""robust""}",stage3_local_cv,0.772375,0.004582575694955849,192.0,7.418,5
stage3_188,stage3_seed_0,"{""clean__method"": ""lof_0.05"", ""model__metric"": ""euclidean"", ""model__n_neighbors"": 6, ""model__weights"": ""distance"", ""pca__n_components"": 40, ""scale__method"": ""standard""}",lof_0.05,standard,40,6,euclidean,"{""clean__method"": ""lof_0.05"", ""model__metric"": ""euclidean"", ""model__n_neighbors"": 6, ""model__weights"": ""distance"", ""pca__n_components"": 40, ""scale__method"": ""standard""}",stage3_local_cv,0.772375,0.010755812382149465,320.0,3.5069999999999997,5
stage3_032,stage3_seed_0,"{""clean__method"": ""lof_0.03"", ""model__metric"": ""euclidean"", ""model__n_neighbors"": 6, ""model__weights"": ""distance"", ""pca__n_components"": 48, ""scale__method"": ""robust""}",lof_0.03,robust,48,6,euclidean,"{""clean__method"": ""lof_0.03"", ""model__metric"": ""euclidean"", ""model__n_neighbors"": 6, ""model__weights"": ""distance"", ""pca__n_components"": 48, ""scale__method"": ""robust""}",stage3_local_cv,0.77225,0.006294839156007063,192.0,3.338,5
stage3_351,stage3_seed_0,"{""clean__method"": ""none"", ""model__metric"": ""manhattan"", ""model__n_neighbors"": 3, ""model__weights"": ""distance"", ""pca__n_components"": 56, ""scale__method"": ""standard""}",none,standard,56,3,manhattan,"{""clean__method"": ""none"", ""model__metric"": ""manhattan"", ""model__n_neighbors"": 3, ""model__weights"": ""distance"", ""pca__n_components"": 56, ""scale__method"": ""standard""}",stage3_local_cv,0.7721250000000001,0.004993746088859546,0.0,4.8389999999999995,5
stage3_272,stage3_seed_0,"{""clean__method"": ""none"", ""model__metric"": ""euclidean"", ""model__n_neighbors"": 6, ""model__weights"": ""distance"", ""pca__n_components"": 48, ""scale__method"": ""robust""}",none,robust,48,6,euclidean,"{""clean__method"": ""none"", ""model__metric"": ""euclidean"", ""model__n_neighbors"": 6, ""model__weights"": ""distance"", ""pca__n_components"": 48, ""scale__method"": ""robust""}",stage3_local_cv,0.772125,0.005654091438949325,0.0,1.277,5
stage3_008,stage3_seed_0,"{""clean__method"": ""lof_0.03"", ""model__metric"": ""euclidean"", ""model__n_neighbors"": 6, ""model__weights"": ""distance"", ""pca__n_components"": 40, ""scale__method"": ""robust""}",lof_0.03,robust,40,6,euclidean,"{""clean__method"": ""lof_0.03"", ""model__metric"": ""euclidean"", ""model__n_neighbors"": 6, ""model__weights"": ""distance"", ""pca__n_components"": 40, ""scale__method"": ""robust""}",stage3_local_cv,0.772125,0.009759610647971564,192.0,3.689,5
stage3_716,stage3_seed_3,"{""clean__method"": ""lof_0.05"", ""model__metric"": ""euclidean"", ""model__n_neighbors"": 6, ""model__weights"": ""distance"", ""pca__n_components"": 64, ""scale__method"": ""robust""}",lof_0.05,robust,64,6,euclidean,"{""clean__method"": ""lof_0.05"", ""model__metric"": ""euclidean"", ""model__n_neighbors"": 6, ""model__weights"": ""distance"", ""pca__n_components"": 64, ""scale__method"": ""robust""}",stage3_local_cv,0.772125,0.009342443470527389,320.0,3.5249999999999995,5
stage3_464,stage3_seed_0,"{""clean__method"": ""tomek"", ""model__metric"": ""euclidean"", ""model__n_neighbors"": 6, ""model__weights"": ""distance"", ""pca__n_components"": 52, ""scale__method"": ""standard""}",tomek,standard,52,6,euclidean,"{""clean__method"": ""tomek"", ""model__metric"": ""euclidean"", ""model__n_neighbors"": 6, ""model__weights"": ""distance"", ""pca__n_components"": 52, ""scale__method"": ""standard""}",stage3_local_cv,0.772,0.004799088455113092,160.0,4.99,5
stage3_404,stage3_seed_0,"{""clean__method"": ""tomek"", ""model__metric"": ""euclidean"", ""model__n_neighbors"": 6, ""model__weights"": ""distance"", ""pca__n_components"": 52, ""scale__method"": ""robust""}",tomek,robust,52,6,euclidean,"{""clean__method"": ""tomek"", ""model__metric"": ""euclidean"", ""model__n_neighbors"": 6, ""model__weights"": ""distance"", ""pca__n_components"": 52, ""scale__method"": ""robust""}",stage3_local_cv,0.772,0.0043553128475460725,160.0,5.23,5
stage3_548,stage3_seed_1,"{""clean__method"": ""lof_0.05"", ""model__metric"": ""euclidean"", ""model__n_neighbors"": 6, ""model__weights"": ""distance"", ""pca__n_components"": 36, ""scale__method"": ""robust""}",lof_0.05,robust,36,6,euclidean,"{""clean__method"": ""lof_0.05"", ""model__metric"": ""euclidean"", ""model__n_neighbors"": 6, ""model__weights"": ""distance"", ""pca__n_components"": 36, ""scale__method"": ""robust""}",stage3_local_cv,0.772,0.007086518891529178,320.0,3.2680000000000002,5
stage3_723,stage3_seed_3,"{""clean__method"": ""lof_0.05"", ""model__metric"": ""manhattan"", ""model__n_neighbors"": 3, ""model__weights"": ""distance"", ""pca__n_components"": 60, ""scale__method"": ""standard""}",lof_0.05,standard,60,3,manhattan,"{""clean__method"": ""lof_0.05"", ""model__metric"": ""manhattan"", ""model__n_neighbors"": 3, ""model__weights"": ""distance"", ""pca__n_components"": 60, ""scale__method"": ""standard""}",stage3_local_cv,0.772,0.005553714972880787,320.0,6.4910000000000005,5
stage3_495,stage3_seed_1,"{""clean__method"": ""lof_0.03"", ""model__metric"": ""manhattan"", ""model__n_neighbors"": 3, ""model__weights"": ""distance"", ""pca__n_components"": 36, ""scale__method"": ""robust""}",lof_0.03,robust,36,3,manhattan,"{""clean__method"": ""lof_0.03"", ""model__metric"": ""manhattan"", ""model__n_neighbors"": 3, ""model__weights"": ""distance"", ""pca__n_components"": 36, ""scale__method"": ""robust""}",stage3_local_cv,0.771875,0.006187184335382287,192.0,5.668,5
stage3_519,stage3_seed_1,"{""clean__method"": ""lof_0.03"", ""model__metric"": ""manhattan"", ""model__n_neighbors"": 3, ""model__weights"": ""distance"", ""pca__n_components"": 36, ""scale__method"": ""standard""}",lof_0.03,standard,36,3,manhattan,"{""clean__method"": ""lof_0.03"", ""model__metric"": ""manhattan"", ""model__n_neighbors"": 3, ""model__weights"": ""distance"", ""pca__n_components"": 36, ""scale__method"": ""standard""}",stage3_local_cv,0.77175,0.006839682010152239,192.0,5.469,5
stage3_068,stage3_seed_0,"{""clean__method"": ""lof_0.03"", ""model__metric"": ""euclidean"", ""model__n_neighbors"": 6, ""model__weights"": ""distance"", ""pca__n_components"": 40, ""scale__method"": ""standard""}",lof_0.03,standard,40,6,euclidean,"{""clean__method"": ""lof_0.03"", ""model__metric"": ""euclidean"", ""model__n_neighbors"": 6, ""model__weights"": ""distance"", ""pca__n_components"": 40, ""scale__method"": ""standard""}",stage3_local_cv,0.7717499999999999,0.008672874379350826,192.0,2.971,5
stage3_441,stage3_seed_0,"{""clean__method"": ""tomek"", ""model__metric"": ""manhattan"", ""model__n_neighbors"": 6, ""model__weights"": ""distance"", ""pca__n_components"": 44, ""scale__method"": ""standard""}",tomek,standard,44,6,manhattan,"{""clean__method"": ""tomek"", ""model__metric"": ""manhattan"", ""model__n_neighbors"": 6, ""model__weights"": ""distance"", ""pca__n_components"": 44, ""scale__method"": ""standard""}",stage3_local_cv,0.771625,0.0067384159859717905,160.0,8.779,5
stage3_572,stage3_seed_1,"{""clean__method"": ""lof_0.05"", ""model__metric"": ""euclidean"", ""model__n_neighbors"": 6, ""model__weights"": ""distance"", ""pca__n_components"": 36, ""scale__method"": ""standard""}",lof_0.05,standard,36,6,euclidean,"{""clean__method"": ""lof_0.05"", ""model__metric"": ""euclidean"", ""model__n_neighbors"": 6, ""model__weights"": ""distance"", ""pca__n_components"": 36, ""scale__method"": ""standard""}",stage3_local_cv,0.771625,0.006194755846681951,320.0,2.9629999999999996,5
stage3_380,stage3_seed_0,"{""clean__method"": ""tomek"", ""model__metric"": ""euclidean"", ""model__n_neighbors"": 6, ""model__weights"": ""distance"", ""pca__n_components"": 44, ""scale__method"": ""robust""}",tomek,robust,44,6,euclidean,"{""clean__method"": ""tomek"", ""model__metric"": ""euclidean"", ""model__n_neighbors"": 6, ""model__weights"": ""distance"", ""pca__n_components"": 44, ""scale__method"": ""robust""}",stage3_local_cv,0.7715000000000001,0.007295118230707442,160.0,4.719999999999999,5
stage3_083,stage3_seed_0,"{""clean__method"": ""lof_0.03"", ""model__metric"": ""manhattan"", ""model__n_neighbors"": 8, ""model__weights"": ""distance"", ""pca__n_components"": 44, ""scale__method"": ""standard""}",lof_0.03,standard,44,8,manhattan,"{""clean__method"": ""lof_0.03"", ""model__metric"": ""manhattan"", ""model__n_neighbors"": 8, ""model__weights"": ""distance"", ""pca__n_components"": 44, ""scale__method"": ""standard""}",stage3_local_cv,0.7715,0.007506247398001214,192.0,8.316,5
stage3_533,stage3_seed_1,"{""clean__method"": ""lof_0.05"", ""model__metric"": ""manhattan"", ""model__n_neighbors"": 4, ""model__weights"": ""distance"", ""pca__n_components"": 32, ""scale__method"": ""robust""}",lof_0.05,robust,32,4,manhattan,"{""clean__method"": ""lof_0.05"", ""model__metric"": ""manhattan"", ""model__n_neighbors"": 4, ""model__weights"": ""distance"", ""pca__n_components"": 32, ""scale__method"": ""robust""}",stage3_local_cv,0.7715,0.007970649283464925,320.0,5.769,5
stage3_183,stage3_seed_0,"{""clean__method"": ""lof_0.05"", ""model__metric"": ""manhattan"", ""model__n_neighbors"": 3, ""model__weights"": ""distance"", ""pca__n_components"": 40, ""scale__method"": ""standard""}",lof_0.05,standard,40,3,manhattan,"{""clean__method"": ""lof_0.05"", ""model__metric"": ""manhattan"", ""model__n_neighbors"": 3, ""model__weights"": ""distance"", ""pca__n_components"": 40, ""scale__method"": ""standard""}",stage3_local_cv,0.7713750000000001,0.003940970692608608,320.0,5.441000000000001,5
stage3_411,stage3_seed_0,"{""clean__method"": ""tomek"", ""model__metric"": ""manhattan"", ""model__n_neighbors"": 3, ""model__weights"": ""distance"", ""pca__n_components"": 56, ""scale__method"": ""robust""}",tomek,robust,56,3,manhattan,"{""clean__method"": ""tomek"", ""model__metric"": ""manhattan"", ""model__n_neighbors"": 3, ""model__weights"": ""distance"", ""pca__n_components"": 56, ""scale__method"": ""robust""}",stage3_local_cv,0.771375,0.0070533679898329635,160.0,8.66,5
stage3_561,stage3_seed_1,"{""clean__method"": ""lof_0.05"", ""model__metric"": ""manhattan"", ""model__n_neighbors"": 6, ""model__weights"": ""distance"", ""pca__n_components"": 32, ""scale__method"": ""standard""}",lof_0.05,standard,32,6,manhattan,"{""clean__method"": ""lof_0.05"", ""model__metric"": ""manhattan"", ""model__n_neighbors"": 6, ""model__weights"": ""distance"", ""pca__n_components"": 32, ""scale__method"": ""standard""}",stage3_local_cv,0.771375,0.0033166247903554254,320.0,4.893,5
stage3_513,stage3_seed_1,"{""clean__method"": ""lof_0.03"", ""model__metric"": ""manhattan"", ""model__n_neighbors"": 6, ""model__weights"": ""distance"", ""pca__n_components"": 32, ""scale__method"": ""standard""}",lof_0.03,standard,32,6,manhattan,"{""clean__method"": ""lof_0.03"", ""model__metric"": ""manhattan"", ""model__n_neighbors"": 6, ""model__weights"": ""distance"", ""pca__n_components"": 32, ""scale__method"": ""standard""}",stage3_local_cv,0.77125,0.005491470659122211,192.0,5.095,5
stage3_399,stage3_seed_0,"{""clean__method"": ""tomek"", ""model__metric"": ""manhattan"", ""model__n_neighbors"": 3, ""model__weights"": ""distance"", ""pca__n_components"": 52, ""scale__method"": ""robust""}",tomek,robust,52,3,manhattan,"{""clean__method"": ""tomek"", ""model__metric"": ""manhattan"", ""model__n_neighbors"": 3, ""model__weights"": ""distance"", ""pca__n_components"": 52, ""scale__method"": ""robust""}",stage3_local_cv,0.7711250000000001,0.0059608095087831815,160.0,9.193,5
stage3_771,stage3_seed_3,"{""clean__method"": ""none"", ""model__metric"": ""manhattan"", ""model__n_neighbors"": 3, ""model__weights"": ""distance"", ""pca__n_components"": 60, ""scale__method"": ""standard""}",none,standard,60,3,manhattan,"{""clean__method"": ""none"", ""model__metric"": ""manhattan"", ""model__n_neighbors"": 3, ""model__weights"": ""distance"", ""pca__n_components"": 60, ""scale__method"": ""standard""}",stage3_local_cv,0.771125,0.0062424954945918786,0.0,4.996,5
stage3_063,stage3_seed_0,"{""clean__method"": ""lof_0.03"", ""model__metric"": ""manhattan"", ""model__n_neighbors"": 3, ""model__weights"": ""distance"", ""pca__n_components"": 40, ""scale__method"": ""standard""}",lof_0.03,standard,40,3,manhattan,"{""clean__method"": ""lof_0.03"", ""model__metric"": ""manhattan"", ""model__n_neighbors"": 3, ""model__weights"": ""distance"", ""pca__n_components"": 40, ""scale__method"": ""standard""}",stage3_local_cv,0.771125,0.007919517030728608,192.0,6.388,5
stage3_440,stage3_seed_0,"{""clean__method"": ""tomek"", ""model__metric"": ""euclidean"", ""model__n_neighbors"": 6, ""model__weights"": ""distance"", ""pca__n_components"": 44, ""scale__method"": ""standard""}",tomek,standard,44,6,euclidean,"{""clean__method"": ""tomek"", ""model__metric"": ""euclidean"", ""model__n_neighbors"": 6, ""model__weights"": ""distance"", ""pca__n_components"": 44, ""scale__method"": ""standard""}",stage3_local_cv,0.771,0.007208935427648116,160.0,4.405,5
stage3_485,stage3_seed_1,"{""clean__method"": ""lof_0.03"", ""model__metric"": ""manhattan"", ""model__n_neighbors"": 4, ""model__weights"": ""distance"", ""pca__n_components"": 32, ""scale__method"": ""robust""}",lof_0.03,robust,32,4,manhattan,"{""clean__method"": ""lof_0.03"", ""model__metric"": ""manhattan"", ""model__n_neighbors"": 4, ""model__weights"": ""distance"", ""pca__n_components"": 32, ""scale__method"": ""robust""}",stage3_local_cv,0.771,0.008719590013297642,192.0,5.587999999999999,5
stage3_711,stage3_seed_3,"{""clean__method"": ""lof_0.05"", ""model__metric"": ""manhattan"", ""model__n_neighbors"": 3, ""model__weights"": ""distance"", ""pca__n_components"": 64, ""scale__method"": ""robust""}",lof_0.05,robust,64,3,manhattan,"{""clean__method"": ""lof_0.05"", ""model__metric"": ""manhattan"", ""model__n_neighbors"": 3, ""model__weights"": ""distance"", ""pca__n_components"": 64, ""scale__method"": ""robust""}",stage3_local_cv,0.771,0.008638576271585525,320.0,7.636,5
stage3_540,stage3_seed_1,"{""clean__method"": ""lof_0.05"", ""model__metric"": ""euclidean"", ""model__n_neighbors"": 2, ""model__weights"": ""distance"", ""pca__n_components"": 36, ""scale__method"": ""robust""}",lof_0.05,robust,36,2,euclidean,"{""clean__method"": ""lof_0.05"", ""model__metric"": ""euclidean"", ""model__n_neighbors"": 2, ""model__weights"": ""distance"", ""pca__n_components"": 36, ""scale__method"": ""robust""}",stage3_local_cv,0.7707500000000002,0.006267475568360831,320.0,4.468,5
stage3_675,stage3_seed_3,"{""clean__method"": ""lof_0.03"", ""model__metric"": ""manhattan"", ""model__n_neighbors"": 3, ""model__weights"": ""distance"", ""pca__n_components"": 60, ""scale__method"": ""standard""}",lof_0.03,standard,60,3,manhattan,"{""clean__method"": ""lof_0.03"", ""model__metric"": ""manhattan"", ""model__n_neighbors"": 3, ""model__weights"": ""distance"", ""pca__n_components"": 60, ""scale__method"": ""standard""}",stage3_local_cv,0.77075,0.007899762654662497,192.0,6.827,5
stage3_263,stage3_seed_0,"{""clean__method"": ""none"", ""model__metric"": ""manhattan"", ""model__n_neighbors"": 8, ""model__weights"": ""distance"", ""pca__n_components"": 44, ""scale__method"": ""robust""}",none,robust,44,8,manhattan,"{""clean__method"": ""none"", ""model__metric"": ""manhattan"", ""model__n_neighbors"": 8, ""model__weights"": ""distance"", ""pca__n_components"": 44, ""scale__method"": ""robust""}",stage3_local_cv,0.7707499999999999,0.009789982124600624,0.0,5.74,5
stage3_359,stage3_seed_0,"{""clean__method"": ""none"", ""model__metric"": ""manhattan"", ""model__n_neighbors"": 8, ""model__weights"": ""distance"", ""pca__n_components"": 56, ""scale__method"": ""standard""}",none,standard,56,8,manhattan,"{""clean__method"": ""none"", ""model__metric"": ""manhattan"", ""model__n_neighbors"": 8, ""model__weights"": ""distance"", ""pca__n_components"": 56, ""scale__method"": ""standard""}",stage3_local_cv,0.7706250000000001,0.005077524002897487,0.0,4.62,5
stage3_788,stage3_seed_3,"{""clean__method"": ""none"", ""model__metric"": ""euclidean"", ""model__n_neighbors"": 6, ""model__weights"": ""distance"", ""pca__n_components"": 64, ""scale__method"": ""standard""}",none,standard,64,6,euclidean,"{""clean__method"": ""none"", ""model__metric"": ""euclidean"", ""model__n_neighbors"": 6, ""model__weights"": ""distance"", ""pca__n_components"": 64, ""scale__method"": ""standard""}",stage3_local_cv,0.770625,0.00688067947226143,0.0,1.0619999999999998,5
stage3_503,stage3_seed_1,"{""clean__method"": ""lof_0.03"", ""model__metric"": ""manhattan"", ""model__n_neighbors"": 8, ""model__weights"": ""distance"", ""pca__n_components"": 36, ""scale__method"": ""robust""}",lof_0.03,robust,36,8,manhattan,"{""clean__method"": ""lof_0.03"", ""model__metric"": ""manhattan"", ""model__n_neighbors"": 8, ""model__weights"": ""distance"", ""pca__n_components"": 36, ""scale__method"": ""robust""}",stage3_local_cv,0.770625,0.003933033180638048,192.0,6.553999999999999,5
stage3_591,stage3_seed_1,"{""clean__method"": ""none"", ""model__metric"": ""manhattan"", ""model__n_neighbors"": 3, ""model__weights"": ""distance"", ""pca__n_components"": 36, ""scale__method"": ""robust""}",none,robust,36,3,manhattan,"{""clean__method"": ""none"", ""model__metric"": ""manhattan"", ""model__n_neighbors"": 3, ""model__weights"": ""distance"", ""pca__n_components"": 36, ""scale__method"": ""robust""}",stage3_local_cv,0.7705,0.004633438248212656,0.0,3.501,5
stage3_564,stage3_seed_1,"{""clean__method"": ""lof_0.05"", ""model__metric"": ""euclidean"", ""model__n_neighbors"": 2, ""model__weights"": ""distance"", ""pca__n_components"": 36, ""scale__method"": ""standard""}",lof_0.05,standard,36,2,euclidean,"{""clean__method"": ""lof_0.05"", ""model__metric"": ""euclidean"", ""model__n_neighbors"": 2, ""model__weights"": ""distance"", ""pca__n_components"": 36, ""scale__method"": ""standard""}",stage3_local_cv,0.7705,0.0073463426274575395,320.0,3.3739999999999997,5
stage3_395,stage3_seed_0,"{""clean__method"": ""tomek"", ""model__metric"": ""manhattan"", ""model__n_neighbors"": 8, ""model__weights"": ""distance"", ""pca__n_components"": 48, ""scale__method"": ""robust""}",tomek,robust,48,8,manhattan,"{""clean__method"": ""tomek"", ""model__metric"": ""manhattan"", ""model__n_neighbors"": 8, ""model__weights"": ""distance"", ""pca__n_components"": 48, ""scale__method"": ""robust""}",stage3_local_cv,0.770375,0.004412340648680711,160.0,8.543,5
stage3_599,stage3_seed_1,"{""clean__method"": ""none"", ""model__metric"": ""manhattan"", ""model__n_neighbors"": 8, ""model__weights"": ""distance"", ""pca__n_components"": 36, ""scale__method"": ""robust""}",none,robust,36,8,manhattan,"{""clean__method"": ""none"", ""model__metric"": ""manhattan"", ""model__n_neighbors"": 8, ""model__weights"": ""distance"", ""pca__n_components"": 36, ""scale__method"": ""robust""}",stage3_local_cv,0.770125,0.004565495591937412,0.0,4.198,5
stage3_764,stage3_seed_3,"{""clean__method"": ""none"", ""model__metric"": ""euclidean"", ""model__n_neighbors"": 6, ""model__weights"": ""distance"", ""pca__n_components"": 64, ""scale__method"": ""robust""}",none,robust,64,6,euclidean,"{""clean__method"": ""none"", ""model__metric"": ""euclidean"", ""model__n_neighbors"": 6, ""model__weights"": ""distance"", ""pca__n_components"": 64, ""scale__method"": ""robust""}",stage3_local_cv,0.7698750000000001,0.006547900426854387,0.0,1.839,5
stage3_741,stage3_seed_3,"{""clean__method"": ""lof_0.05"", ""model__metric"": ""manhattan"", ""model__n_neighbors"": 6, ""model__weights"": ""distance"", ""pca__n_components"": 64, ""scale__method"": ""standard""}",lof_0.05,standard,64,6,manhattan,"{""clean__method"": ""lof_0.05"", ""model__metric"": ""manhattan"", ""model__n_neighbors"": 6, ""model__weights"": ""distance"", ""pca__n_components"": 64, ""scale__method"": ""standard""}",stage3_local_cv,0.7698750000000001,0.007545694136393283,320.0,7.096,5
stage3_755,stage3_seed_3,"{""clean__method"": ""none"", ""model__metric"": ""manhattan"", ""model__n_neighbors"": 8, ""model__weights"": ""distance"", ""pca__n_components"": 60, ""scale__method"": ""robust""}",none,robust,60,8,manhattan,"{""clean__method"": ""none"", ""model__metric"": ""manhattan"", ""model__n_neighbors"": 8, ""model__weights"": ""distance"", ""pca__n_components"": 60, ""scale__method"": ""robust""}",stage3_local_cv,0.7697499999999999,0.008665665006218484,0.0,5.396,5
stage3_458,stage3_seed_0,"{""clean__method"": ""tomek"", ""model__metric"": ""euclidean"", ""model__n_neighbors"": 3, ""model__weights"": ""distance"", ""pca__n_components"": 52, ""scale__method"": ""standard""}",tomek,standard,52,3,euclidean,"{""clean__method"": ""tomek"", ""model__metric"": ""euclidean"", ""model__n_neighbors"": 3, ""model__weights"": ""distance"", ""pca__n_components"": 52, ""scale__method"": ""standard""}",stage3_local_cv,0.7696249999999999,0.007558108228915485,160.0,5.506,5
stage3_500,stage3_seed_1,"{""clean__method"": ""lof_0.03"", ""model__metric"": ""euclidean"", ""model__n_neighbors"": 6, ""model__weights"": ""distance"", ""pca__n_components"": 36, ""scale__method"": ""robust""}",lof_0.03,robust,36,6,euclidean,"{""clean__method"": ""lof_0.03"", ""model__metric"": ""euclidean"", ""model__n_neighbors"": 6, ""model__weights"": ""distance"", ""pca__n_components"": 36, ""scale__method"": ""robust""}",stage3_local_cv,0.7696249999999999,0.007262919523166964,192.0,3.3150000000000004,5
stage3_516,stage3_seed_1,"{""clean__method"": ""lof_0.03"", ""model__metric"": ""euclidean"", ""model__n_neighbors"": 2, ""model__weights"": ""distance"", ""pca__n_components"": 36, ""scale__method"": ""standard""}",lof_0.03,standard,36,2,euclidean,"{""clean__method"": ""lof_0.03"", ""model__metric"": ""euclidean"", ""model__n_neighbors"": 2, ""model__weights"": ""distance"", ""pca__n_components"": 36, ""scale__method"": ""standard""}",stage3_local_cv,0.7695,0.007031180555212632,192.0,3.8289999999999997,5
stage3_368,stage3_seed_0,"{""clean__method"": ""tomek"", ""model__metric"": ""euclidean"", ""model__n_neighbors"": 6, ""model__weights"": ""distance"", ""pca__n_components"": 40, ""scale__method"": ""robust""}",tomek,robust,40,6,euclidean,"{""clean__method"": ""tomek"", ""model__metric"": ""euclidean"", ""model__n_neighbors"": 6, ""model__weights"": ""distance"", ""pca__n_components"": 40, ""scale__method"": ""robust""}",stage3_local_cv,0.7693749999999999,0.009706634329158609,160.0,5.095,5
stage3_363,stage3_seed_0,"{""clean__method"": ""tomek"", ""model__metric"": ""manhattan"", ""model__n_neighbors"": 3, ""model__weights"": ""distance"", ""pca__n_components"": 40, ""scale__method"": ""robust""}",tomek,robust,40,3,manhattan,"{""clean__method"": ""tomek"", ""model__metric"": ""manhattan"", ""model__n_neighbors"": 3, ""model__weights"": ""distance"", ""pca__n_components"": 40, ""scale__method"": ""robust""}",stage3_local_cv,0.7693749999999999,0.00969052372165715,160.0,7.611000000000001,5
stage3_428,stage3_seed_0,"{""clean__method"": ""tomek"", ""model__metric"": ""euclidean"", ""model__n_neighbors"": 6, ""model__weights"": ""distance"", ""pca__n_components"": 40, ""scale__method"": ""standard""}",tomek,standard,40,6,euclidean,"{""clean__method"": ""tomek"", ""model__metric"": ""euclidean"", ""model__n_neighbors"": 6, ""model__weights"": ""distance"", ""pca__n_components"": 40, ""scale__method"": ""standard""}",stage3_local_cv,0.76925,0.007820246159808506,160.0,4.889,5
stage3_783,stage3_seed_3,"{""clean__method"": ""none"", ""model__metric"": ""manhattan"", ""model__n_neighbors"": 3, ""model__weights"": ""distance"", ""pca__n_components"": 64, ""scale__method"": ""standard""}",none,standard,64,3,manhattan,"{""clean__method"": ""none"", ""model__metric"": ""manhattan"", ""model__n_neighbors"": 3, ""model__weights"": ""distance"", ""pca__n_components"": 64, ""scale__method"": ""standard""}",stage3_local_cv,0.7691250000000001,0.005514186250028201,0.0,5.295,5
stage3_489,stage3_seed_1,"{""clean__method"": ""lof_0.03"", ""model__metric"": ""manhattan"", ""model__n_neighbors"": 6, ""model__weights"": ""distance"", ""pca__n_components"": 32, ""scale__method"": ""robust""}",lof_0.03,robust,32,6,manhattan,"{""clean__method"": ""lof_0.03"", ""model__metric"": ""manhattan"", ""model__n_neighbors"": 6, ""model__weights"": ""distance"", ""pca__n_components"": 32, ""scale__method"": ""robust""}",stage3_local_cv,0.7691250000000001,0.006282415936564529,192.0,5.247,5
stage3_407,stage3_seed_0,"{""clean__method"": ""tomek"", ""model__metric"": ""manhattan"", ""model__n_neighbors"": 8, ""model__weights"": ""distance"", ""pca__n_components"": 52, ""scale__method"": ""robust""}",tomek,robust,52,8,manhattan,"{""clean__method"": ""tomek"", ""model__metric"": ""manhattan"", ""model__n_neighbors"": 8, ""model__weights"": ""distance"", ""pca__n_components"": 52, ""scale__method"": ""robust""}",stage3_local_cv,0.769125,0.00455178536400827,160.0,8.940000000000001,5
stage3_278,stage3_seed_0,"{""clean__method"": ""none"", ""model__metric"": ""euclidean"", ""model__n_neighbors"": 3, ""model__weights"": ""distance"", ""pca__n_components"": 52, ""scale__method"": ""robust""}",none,robust,52,3,euclidean,"{""clean__method"": ""none"", ""model__metric"": ""euclidean"", ""model__n_neighbors"": 3, ""model__weights"": ""distance"", ""pca__n_components"": 52, ""scale__method"": ""robust""}",stage3_local_cv,0.7690000000000001,0.007970649283464937,0.0,1.932,5
stage3_492,stage3_seed_1,"{""clean__method"": ""lof_0.03"", ""model__metric"": ""euclidean"", ""model__n_neighbors"": 2, ""model__weights"": ""distance"", ""pca__n_components"": 36, ""scale__method"": ""robust""}",lof_0.03,robust,36,2,euclidean,"{""clean__method"": ""lof_0.03"", ""model__metric"": ""euclidean"", ""model__n_neighbors"": 2, ""model__weights"": ""distance"", ""pca__n_components"": 36, ""scale__method"": ""robust""}",stage3_local_cv,0.769,0.006796138609534097,192.0,4.635,5
stage3_524,stage3_seed_1,"{""clean__method"": ""lof_0.03"", ""model__metric"": ""euclidean"", ""model__n_neighbors"": 6, ""model__weights"": ""distance"", ""pca__n_components"": 36, ""scale__method"": ""standard""}",lof_0.03,standard,36,6,euclidean,"{""clean__method"": ""lof_0.03"", ""model__metric"": ""euclidean"", ""model__n_neighbors"": 6, ""model__weights"": ""distance"", ""pca__n_components"": 36, ""scale__method"": ""standard""}",stage3_local_cv,0.7688750000000001,0.0062424954945918985,192.0,2.9389999999999996,5
stage3_585,stage3_seed_1,"{""clean__method"": ""none"", ""model__metric"": ""manhattan"", ""model__n_neighbors"": 6, ""model__weights"": ""distance"", ""pca__n_components"": 32, ""scale__method"": ""robust""}",none,robust,32,6,manhattan,"{""clean__method"": ""none"", ""model__metric"": ""manhattan"", ""model__n_neighbors"": 6, ""model__weights"": ""distance"", ""pca__n_components"": 32, ""scale__method"": ""robust""}",stage3_local_cv,0.76875,0.004952903189039716,0.0,3.7010000000000005,5
stage3_434,stage3_seed_0,"{""clean__method"": ""tomek"", ""model__metric"": ""euclidean"", ""model__n_neighbors"": 3, ""model__weights"": ""distance"", ""pca__n_components"": 44, ""scale__method"": ""standard""}",tomek,standard,44,3,euclidean,"{""clean__method"": ""tomek"", ""model__metric"": ""euclidean"", ""model__n_neighbors"": 3, ""model__weights"": ""distance"", ""pca__n_components"": 44, ""scale__method"": ""standard""}",stage3_local_cv,0.76875,0.0036012150727219912,160.0,4.415,5
stage3_314,stage3_seed_0,"{""clean__method"": ""none"", ""model__metric"": ""euclidean"", ""model__n_neighbors"": 3, ""model__weights"": ""distance"", ""pca__n_components"": 44, ""scale__method"": ""standard""}",none,standard,44,3,euclidean,"{""clean__method"": ""none"", ""model__metric"": ""euclidean"", ""model__n_neighbors"": 3, ""model__weights"": ""distance"", ""pca__n_components"": 44, ""scale__method"": ""standard""}",stage3_local_cv,0.768625,0.005083674851915689,0.0,0.9810000000000001,5
stage3_543,stage3_seed_1,"{""clean__method"": ""lof_0.05"", ""model__metric"": ""manhattan"", ""model__n_neighbors"": 3, ""model__weights"": ""distance"", ""pca__n_components"": 36, ""scale__method"": ""robust""}",lof_0.05,robust,36,3,manhattan,"{""clean__method"": ""lof_0.05"", ""model__metric"": ""manhattan"", ""model__n_neighbors"": 3, ""model__weights"": ""distance"", ""pca__n_components"": 36, ""scale__method"": ""robust""}",stage3_local_cv,0.768625,0.011370191291266842,320.0,6.606999999999999,5
stage3_615,stage3_seed_1,"{""clean__method"": ""none"", ""model__metric"": ""manhattan"", ""model__n_neighbors"": 3, ""model__weights"": ""distance"", ""pca__n_components"": 36, ""scale__method"": ""standard""}",none,standard,36,3,manhattan,"{""clean__method"": ""none"", ""model__metric"": ""manhattan"", ""model__n_neighbors"": 3, ""model__weights"": ""distance"", ""pca__n_components"": 36, ""scale__method"": ""standard""}",stage3_local_cv,0.7686249999999999,0.007367581014145678,0.0,3.116,5
stage3_452,stage3_seed_0,"{""clean__method"": ""tomek"", ""model__metric"": ""euclidean"", ""model__n_neighbors"": 6, ""model__weights"": ""distance"", ""pca__n_components"": 48, ""scale__method"": ""standard""}",tomek,standard,48,6,euclidean,"{""clean__method"": ""tomek"", ""model__metric"": ""euclidean"", ""model__n_neighbors"": 6, ""model__weights"": ""distance"", ""pca__n_components"": 48, ""scale__method"": ""standard""}",stage3_local_cv,0.7686249999999999,0.006607287643201264,160.0,4.334,5
stage3_290,stage3_seed_0,"{""clean__method"": ""none"", ""model__metric"": ""euclidean"", ""model__n_neighbors"": 3, ""model__weights"": ""distance"", ""pca__n_components"": 56, ""scale__method"": ""robust""}",none,robust,56,3,euclidean,"{""clean__method"": ""none"", ""model__metric"": ""euclidean"", ""model__n_neighbors"": 3, ""model__weights"": ""distance"", ""pca__n_components"": 56, ""scale__method"": ""robust""}",stage3_local_cv,0.7685000000000001,0.0050559371040391704,0.0,1.2750000000000001,5
stage3_215,stage3_seed_0,"{""clean__method"": ""lof_0.05"", ""model__metric"": ""manhattan"", ""model__n_neighbors"": 8, ""model__weights"": ""distance"", ""pca__n_components"": 48, ""scale__method"": ""standard""}",lof_0.05,standard,48,8,manhattan,"{""clean__method"": ""lof_0.05"", ""model__metric"": ""manhattan"", ""model__n_neighbors"": 8, ""model__weights"": ""distance"", ""pca__n_components"": 48, ""scale__method"": ""standard""}",stage3_local_cv,0.7685000000000001,0.011093353866166885,320.0,7.404999999999999,5
stage3_383,stage3_seed_0,"{""clean__method"": ""tomek"", ""model__metric"": ""manhattan"", ""model__n_neighbors"": 8, ""model__weights"": ""distance"", ""pca__n_components"": 44, ""scale__method"": ""robust""}",tomek,robust,44,8,manhattan,"{""clean__method"": ""tomek"", ""model__metric"": ""manhattan"", ""model__n_neighbors"": 8, ""model__weights"": ""distance"", ""pca__n_components"": 44, ""scale__method"": ""robust""}",stage3_local_cv,0.7685,0.007121709766622054,160.0,8.626,5
stage3_779,stage3_seed_3,"{""clean__method"": ""none"", ""model__metric"": ""manhattan"", ""model__n_neighbors"": 8, ""model__weights"": ""distance"", ""pca__n_components"": 60, ""scale__method"": ""standard""}",none,standard,60,8,manhattan,"{""clean__method"": ""none"", ""model__metric"": ""manhattan"", ""model__n_neighbors"": 8, ""model__weights"": ""distance"", ""pca__n_components"": 60, ""scale__method"": ""standard""}",stage3_local_cv,0.768375,0.006784633372555958,0.0,5.574,5
stage3_624,stage3_seed_2,"{""clean__method"": ""tomek"", ""model__metric"": ""euclidean"", ""model__n_neighbors"": 2, ""model__weights"": ""distance"", ""pca__n_components"": 36, ""scale__method"": ""robust""}",tomek,robust,36,2,euclidean,"{""clean__method"": ""tomek"", ""model__metric"": ""euclidean"", ""model__n_neighbors"": 2, ""model__weights"": ""distance"", ""pca__n_components"": 36, ""scale__method"": ""robust""}",stage3_local_cv,0.768375,0.0055000000000000136,160.0,5.54,5
stage3_735,stage3_seed_3,"{""clean__method"": ""lof_0.05"", ""model__metric"": ""manhattan"", ""model__n_neighbors"": 3, ""model__weights"": ""distance"", ""pca__n_components"": 64, ""scale__method"": ""standard""}",lof_0.05,standard,64,3,manhattan,"{""clean__method"": ""lof_0.05"", ""model__metric"": ""manhattan"", ""model__n_neighbors"": 3, ""model__weights"": ""distance"", ""pca__n_components"": 64, ""scale__method"": ""standard""}",stage3_local_cv,0.76825,0.0070200605410494854,320.0,7.298,5
stage3_620,stage3_seed_1,"{""clean__method"": ""none"", ""model__metric"": ""euclidean"", ""model__n_neighbors"": 6, ""model__weights"": ""distance"", ""pca__n_components"": 36, ""scale__method"": ""standard""}",none,standard,36,6,euclidean,"{""clean__method"": ""none"", ""model__metric"": ""euclidean"", ""model__n_neighbors"": 6, ""model__weights"": ""distance"", ""pca__n_components"": 36, ""scale__method"": ""standard""}",stage3_local_cv,0.7681250000000001,0.006098155458825252,0.0,1.062,5
stage3_431,stage3_seed_0,"{""clean__method"": ""tomek"", ""model__metric"": ""manhattan"", ""model__n_neighbors"": 8, ""model__weights"": ""distance"", ""pca__n_components"": 40, ""scale__method"": ""standard""}",tomek,standard,40,8,manhattan,"{""clean__method"": ""tomek"", ""model__metric"": ""manhattan"", ""model__n_neighbors"": 8, ""model__weights"": ""distance"", ""pca__n_components"": 40, ""scale__method"": ""standard""}",stage3_local_cv,0.7681250000000001,0.008215838362577508,160.0,7.113,5
stage3_419,stage3_seed_0,"{""clean__method"": ""tomek"", ""model__metric"": ""manhattan"", ""model__n_neighbors"": 8, ""model__weights"": ""distance"", ""pca__n_components"": 56, ""scale__method"": ""robust""}",tomek,robust,56,8,manhattan,"{""clean__method"": ""tomek"", ""model__metric"": ""manhattan"", ""model__n_neighbors"": 8, ""model__weights"": ""distance"", ""pca__n_components"": 56, ""scale__method"": ""robust""}",stage3_local_cv,0.7681250000000001,0.004921254921257361,160.0,9.473,5
stage3_636,stage3_seed_2,"{""clean__method"": ""tomek"", ""model__metric"": ""euclidean"", ""model__n_neighbors"": 2, ""model__weights"": ""distance"", ""pca__n_components"": 36, ""scale__method"": ""standard""}",tomek,standard,36,2,euclidean,"{""clean__method"": ""tomek"", ""model__metric"": ""euclidean"", ""model__n_neighbors"": 2, ""model__weights"": ""distance"", ""pca__n_components"": 36, ""scale__method"": ""standard""}",stage3_local_cv,0.768125,0.004524240267713478,160.0,4.298,5
stage3_759,stage3_seed_3,"{""clean__method"": ""none"", ""model__metric"": ""manhattan"", ""model__n_neighbors"": 3, ""model__weights"": ""distance"", ""pca__n_components"": 64, ""scale__method"": ""robust""}",none,robust,64,3,manhattan,"{""clean__method"": ""none"", ""model__metric"": ""manhattan"", ""model__n_neighbors"": 3, ""model__weights"": ""distance"", ""pca__n_components"": 64, ""scale__method"": ""robust""}",stage3_local_cv,0.768,0.00850918621255875,0.0,5.566000000000001,5
stage3_455,stage3_seed_0,"{""clean__method"": ""tomek"", ""model__metric"": ""manhattan"", ""model__n_neighbors"": 8, ""model__weights"": ""distance"", ""pca__n_components"": 48, ""scale__method"": ""standard""}",tomek,standard,48,8,manhattan,"{""clean__method"": ""tomek"", ""model__metric"": ""manhattan"", ""model__n_neighbors"": 8, ""model__weights"": ""distance"", ""pca__n_components"": 48, ""scale__method"": ""standard""}",stage3_local_cv,0.768,0.0022499999999999977,160.0,8.402000000000001,5
stage3_588,stage3_seed_1,"{""clean__method"": ""none"", ""model__metric"": ""euclidean"", ""model__n_neighbors"": 2, ""model__weights"": ""distance"", ""pca__n_components"": 36, ""scale__method"": ""robust""}",none,robust,36,2,euclidean,"{""clean__method"": ""none"", ""model__metric"": ""euclidean"", ""model__n_neighbors"": 2, ""model__weights"": ""distance"", ""pca__n_components"": 36, ""scale__method"": ""robust""}",stage3_local_cv,0.767875,0.007495832175282479,0.0,1.221,5
stage3_659,stage3_seed_3,"{""clean__method"": ""lof_0.03"", ""model__metric"": ""manhattan"", ""model__n_neighbors"": 8, ""model__weights"": ""distance"", ""pca__n_components"": 60, ""scale__method"": ""robust""}",lof_0.03,robust,60,8,manhattan,"{""clean__method"": ""lof_0.03"", ""model__metric"": ""manhattan"", ""model__n_neighbors"": 8, ""model__weights"": ""distance"", ""pca__n_components"": 60, ""scale__method"": ""robust""}",stage3_local_cv,0.767875,0.008116341540373941,192.0,8.893,5
stage3_074,stage3_seed_0,"{""clean__method"": ""lof_0.03"", ""model__metric"": ""euclidean"", ""model__n_neighbors"": 3, ""model__weights"": ""distance"", ""pca__n_components"": 44, ""scale__method"": ""standard""}",lof_0.03,standard,44,3,euclidean,"{""clean__method"": ""lof_0.03"", ""model__metric"": ""euclidean"", ""model__n_neighbors"": 3, ""model__weights"": ""distance"", ""pca__n_components"": 44, ""scale__method"": ""standard""}",stage3_local_cv,0.7678749999999999,0.0020766559657295187,192.0,2.949,5
stage3_605,stage3_seed_1,"{""clean__method"": ""none"", ""model__metric"": ""manhattan"", ""model__n_neighbors"": 4, ""model__weights"": ""distance"", ""pca__n_components"": 32, ""scale__method"": ""standard""}",none,standard,32,4,manhattan,"{""clean__method"": ""none"", ""model__metric"": ""manhattan"", ""model__n_neighbors"": 4, ""model__weights"": ""distance"", ""pca__n_components"": 32, ""scale__method"": ""standard""}",stage3_local_cv,0.76775,0.006405563987659473,0.0,2.947,5
stage3_226,stage3_seed_0,"{""clean__method"": ""lof_0.05"", ""model__metric"": ""euclidean"", ""model__n_neighbors"": 8, ""model__weights"": ""distance"", ""pca__n_components"": 52, ""scale__method"": ""standard""}",lof_0.05,standard,52,8,euclidean,"{""clean__method"": ""lof_0.05"", ""model__metric"": ""euclidean"", ""model__n_neighbors"": 8, ""model__weights"": ""distance"", ""pca__n_components"": 52, ""scale__method"": ""standard""}",stage3_local_cv,0.76775,0.007154544010627087,320.0,4.143,5
stage3_338,stage3_seed_0,"{""clean__method"": ""none"", ""model__metric"": ""euclidean"", ""model__n_neighbors"": 3, ""model__weights"": ""distance"", ""pca__n_components"": 52, ""scale__method"": ""standard""}",none,standard,52,3,euclidean,"{""clean__method"": ""none"", ""model__metric"": ""euclidean"", ""model__n_neighbors"": 3, ""model__weights"": ""distance"", ""pca__n_components"": 52, ""scale__method"": ""standard""}",stage3_local_cv,0.767625,0.007130480348475825,0.0,1.197,5
stage3_298,stage3_seed_0,"{""clean__method"": ""none"", ""model__metric"": ""euclidean"", ""model__n_neighbors"": 8, ""model__weights"": ""distance"", ""pca__n_components"": 56, ""scale__method"": ""robust""}",none,robust,56,8,euclidean,"{""clean__method"": ""none"", ""model__metric"": ""euclidean"", ""model__n_neighbors"": 8, ""model__weights"": ""distance"", ""pca__n_components"": 56, ""scale__method"": ""robust""}",stage3_local_cv,0.767625,0.005099019513592781,0.0,1.481,5
stage3_609,stage3_seed_1,"{""clean__method"": ""none"", ""model__metric"": ""manhattan"", ""model__n_neighbors"": 6, ""model__weights"": ""distance"", ""pca__n_components"": 32, ""scale__method"": ""standard""}",none,standard,32,6,manhattan,"{""clean__method"": ""none"", ""model__metric"": ""manhattan"", ""model__n_neighbors"": 6, ""model__weights"": ""distance"", ""pca__n_components"": 32, ""scale__method"": ""standard""}",stage3_local_cv,0.767625,0.004391042017562589,0.0,2.858,5
stage3_398,stage3_seed_0,"{""clean__method"": ""tomek"", ""model__metric"": ""euclidean"", ""model__n_neighbors"": 3, ""model__weights"": ""distance"", ""pca__n_components"": 52, ""scale__method"": ""robust""}",tomek,robust,52,3,euclidean,"{""clean__method"": ""tomek"", ""model__metric"": ""euclidean"", ""model__n_neighbors"": 3, ""model__weights"": ""distance"", ""pca__n_components"": 52, ""scale__method"": ""robust""}",stage3_local_cv,0.767625,0.007388758353065817,160.0,6.257,5
stage3_014,stage3_seed_0,"{""clean__method"": ""lof_0.03"", ""model__metric"": ""euclidean"", ""model__n_neighbors"": 3, ""model__weights"": ""distance"", ""pca__n_components"": 44, ""scale__method"": ""robust""}",lof_0.03,robust,44,3,euclidean,"{""clean__method"": ""lof_0.03"", ""model__metric"": ""euclidean"", ""model__n_neighbors"": 3, ""model__weights"": ""distance"", ""pca__n_components"": 44, ""scale__method"": ""robust""}",stage3_local_cv,0.767625,0.0018285923547909793,192.0,3.9240000000000004,5
stage3_612,stage3_seed_1,"{""clean__method"": ""none"", ""model__metric"": ""euclidean"", ""model__n_neighbors"": 2, ""model__weights"": ""distance"", ""pca__n_components"": 36, ""scale__method"": ""standard""}",none,standard,36,2,euclidean,"{""clean__method"": ""none"", ""model__metric"": ""euclidean"", ""model__n_neighbors"": 2, ""model__weights"": ""distance"", ""pca__n_components"": 36, ""scale__method"": ""standard""}",stage3_local_cv,0.7675,0.006649718039135212,0.0,0.8280000000000001,5
stage3_423,stage3_seed_0,"{""clean__method"": ""tomek"", ""model__metric"": ""manhattan"", ""model__n_neighbors"": 3, ""model__weights"": ""distance"", ""pca__n_components"": 40, ""scale__method"": ""standard""}",tomek,standard,40,3,manhattan,"{""clean__method"": ""tomek"", ""model__metric"": ""manhattan"", ""model__n_neighbors"": 3, ""model__weights"": ""distance"", ""pca__n_components"": 40, ""scale__method"": ""standard""}",stage3_local_cv,0.7674999999999998,0.009074345706440765,160.0,7.998000000000001,5
stage3_358,stage3_seed_0,"{""clean__method"": ""none"", ""model__metric"": ""euclidean"", ""model__n_neighbors"": 8, ""model__weights"": ""distance"", ""pca__n_components"": 56, ""scale__method"": ""standard""}",none,standard,56,8,euclidean,"{""clean__method"": ""none"", ""model__metric"": ""euclidean"", ""model__n_neighbors"": 8, ""model__weights"": ""distance"", ""pca__n_components"": 56, ""scale__method"": ""standard""}",stage3_local_cv,0.767375,0.004301162633521304,0.0,1.4509999999999998,5
stage3_596,stage3_seed_1,"{""clean__method"": ""none"", ""model__metric"": ""euclidean"", ""model__n_neighbors"": 6, ""model__weights"": ""distance"", ""pca__n_components"": 36, ""scale__method"": ""robust""}",none,robust,36,6,euclidean,"{""clean__method"": ""none"", ""model__metric"": ""euclidean"", ""model__n_neighbors"": 6, ""model__weights"": ""distance"", ""pca__n_components"": 36, ""scale__method"": ""robust""}",stage3_local_cv,0.767375,0.006654415827103072,0.0,1.4859999999999998,5
stage3_707,stage3_seed_3,"{""clean__method"": ""lof_0.05"", ""model__metric"": ""manhattan"", ""model__n_neighbors"": 8, ""model__weights"": ""distance"", ""pca__n_components"": 60, ""scale__method"": ""robust""}",lof_0.05,robust,60,8,manhattan,"{""clean__method"": ""lof_0.05"", ""model__metric"": ""manhattan"", ""model__n_neighbors"": 8, ""model__weights"": ""distance"", ""pca__n_components"": 60, ""scale__method"": ""robust""}",stage3_local_cv,0.767375,0.005539629951540113,320.0,7.327,5
stage3_651,stage3_seed_3,"{""clean__method"": ""lof_0.03"", ""model__metric"": ""manhattan"", ""model__n_neighbors"": 3, ""model__weights"": ""distance"", ""pca__n_components"": 60, ""scale__method"": ""robust""}",lof_0.03,robust,60,3,manhattan,"{""clean__method"": ""lof_0.03"", ""model__metric"": ""manhattan"", ""model__n_neighbors"": 3, ""model__weights"": ""distance"", ""pca__n_components"": 60, ""scale__method"": ""robust""}",stage3_local_cv,0.7673749999999999,0.009693747985170652,192.0,8.274000000000001,5
stage3_326,stage3_seed_0,"{""clean__method"": ""none"", ""model__metric"": ""euclidean"", ""model__n_neighbors"": 3, ""model__weights"": ""distance"", ""pca__n_components"": 48, ""scale__method"": ""standard""}",none,standard,48,3,euclidean,"{""clean__method"": ""none"", ""model__metric"": ""euclidean"", ""model__n_neighbors"": 3, ""model__weights"": ""distance"", ""pca__n_components"": 48, ""scale__method"": ""standard""}",stage3_local_cv,0.76725,0.0057771100041456745,0.0,0.8330000000000001,5
stage3_623,stage3_seed_1,"{""clean__method"": ""none"", ""model__metric"": ""manhattan"", ""model__n_neighbors"": 8, ""model__weights"": ""distance"", ""pca__n_components"": 36, ""scale__method"": ""standard""}",none,standard,36,8,manhattan,"{""clean__method"": ""none"", ""model__metric"": ""manhattan"", ""model__n_neighbors"": 8, ""model__weights"": ""distance"", ""pca__n_components"": 36, ""scale__method"": ""standard""}",stage3_local_cv,0.76725,0.005147815070493479,0.0,4.2780000000000005,5
stage3_392,stage3_seed_0,"{""clean__method"": ""tomek"", ""model__metric"": ""euclidean"", ""model__n_neighbors"": 6, ""model__weights"": ""distance"", ""pca__n_components"": 48, ""scale__method"": ""robust""}",tomek,robust,48,6,euclidean,"{""clean__method"": ""tomek"", ""model__metric"": ""euclidean"", ""model__n_neighbors"": 6, ""model__weights"": ""distance"", ""pca__n_components"": 48, ""scale__method"": ""robust""}",stage3_local_cv,0.76725,0.0060930288034769685,160.0,4.837,5
stage3_098,stage3_seed_0,"{""clean__method"": ""lof_0.03"", ""model__metric"": ""euclidean"", ""model__n_neighbors"": 3, ""model__weights"": ""distance"", ""pca__n_components"": 52, ""scale__method"": ""standard""}",lof_0.03,standard,52,3,euclidean,"{""clean__method"": ""lof_0.03"", ""model__metric"": ""euclidean"", ""model__n_neighbors"": 3, ""model__weights"": ""distance"", ""pca__n_components"": 52, ""scale__method"": ""standard""}",stage3_local_cv,0.76725,0.0041193142633210115,192.0,3.3069999999999995,5
stage3_118,stage3_seed_0,"{""clean__method"": ""lof_0.03"", ""model__metric"": ""euclidean"", ""model__n_neighbors"": 8, ""model__weights"": ""distance"", ""pca__n_components"": 56, ""scale__method"": ""standard""}",lof_0.03,standard,56,8,euclidean,"{""clean__method"": ""lof_0.03"", ""model__metric"": ""euclidean"", ""model__n_neighbors"": 8, ""model__weights"": ""distance"", ""pca__n_components"": 56, ""scale__method"": ""standard""}",stage3_local_cv,0.76725,0.006232475431158971,192.0,4.170999999999999,5
stage3_730,stage3_seed_3,"{""clean__method"": ""lof_0.05"", ""model__metric"": ""euclidean"", ""model__n_neighbors"": 8, ""model__weights"": ""distance"", ""pca__n_components"": 60, ""scale__method"": ""standard""}",lof_0.05,standard,60,8,euclidean,"{""clean__method"": ""lof_0.05"", ""model__metric"": ""euclidean"", ""model__n_neighbors"": 8, ""model__weights"": ""distance"", ""pca__n_components"": 60, ""scale__method"": ""standard""}",stage3_local_cv,0.76725,0.006761564168149264,320.0,2.9970000000000003,5
stage3_254,stage3_seed_0,"{""clean__method"": ""none"", ""model__metric"": ""euclidean"", ""model__n_neighbors"": 3, ""model__weights"": ""distance"", ""pca__n_components"": 44, ""scale__method"": ""robust""}",none,robust,44,3,euclidean,"{""clean__method"": ""none"", ""model__metric"": ""euclidean"", ""model__n_neighbors"": 3, ""model__weights"": ""distance"", ""pca__n_components"": 44, ""scale__method"": ""robust""}",stage3_local_cv,0.7672499999999999,0.005009366227378489,0.0,1.2389999999999999,5
stage3_581,stage3_seed_1,"{""clean__method"": ""none"", ""model__metric"": ""manhattan"", ""model__n_neighbors"": 4, ""model__weights"": ""distance"", ""pca__n_components"": 32, ""scale__method"": ""robust""}",none,robust,32,4,manhattan,"{""clean__method"": ""none"", ""model__metric"": ""manhattan"", ""model__n_neighbors"": 4, ""model__weights"": ""distance"", ""pca__n_components"": 32, ""scale__method"": ""robust""}",stage3_local_cv,0.767125,0.007990228407248463,0.0,3.671,5
stage3_627,stage3_seed_2,"{""clean__method"": ""tomek"", ""model__metric"": ""manhattan"", ""model__n_neighbors"": 3, ""model__weights"": ""distance"", ""pca__n_components"": 36, ""scale__method"": ""robust""}",tomek,robust,36,3,manhattan,"{""clean__method"": ""tomek"", ""model__metric"": ""manhattan"", ""model__n_neighbors"": 3, ""model__weights"": ""distance"", ""pca__n_components"": 36, ""scale__method"": ""robust""}",stage3_local_cv,0.767125,0.005162969107015842,160.0,7.101,5
stage3_058,stage3_seed_0,"{""clean__method"": ""lof_0.03"", ""model__metric"": ""euclidean"", ""model__n_neighbors"": 8, ""model__weights"": ""distance"", ""pca__n_components"": 56, ""scale__method"": ""robust""}",lof_0.03,robust,56,8,euclidean,"{""clean__method"": ""lof_0.03"", ""model__metric"": ""euclidean"", ""model__n_neighbors"": 8, ""model__weights"": ""distance"", ""pca__n_components"": 56, ""scale__method"": ""robust""}",stage3_local_cv,0.767125,0.006830538046157126,192.0,3.754,5
stage3_110,stage3_seed_0,"{""clean__method"": ""lof_0.03"", ""model__metric"": ""euclidean"", ""model__n_neighbors"": 3, ""model__weights"": ""distance"", ""pca__n_components"": 56, ""scale__method"": ""standard""}",lof_0.03,standard,56,3,euclidean,"{""clean__method"": ""lof_0.03"", ""model__metric"": ""euclidean"", ""model__n_neighbors"": 3, ""model__weights"": ""distance"", ""pca__n_components"": 56, ""scale__method"": ""standard""}",stage3_local_cv,0.7671249999999998,0.005356071321407149,192.0,2.955,5
stage3_682,stage3_seed_3,"{""clean__method"": ""lof_0.03"", ""model__metric"": ""euclidean"", ""model__n_neighbors"": 8, ""model__weights"": ""distance"", ""pca__n_components"": 60, ""scale__method"": ""standard""}",lof_0.03,standard,60,8,euclidean,"{""clean__method"": ""lof_0.03"", ""model__metric"": ""euclidean"", ""model__n_neighbors"": 8, ""model__weights"": ""distance"", ""pca__n_components"": 60, ""scale__method"": ""standard""}",stage3_local_cv,0.7670000000000001,0.00696419413859206,192.0,3.091,5
stage3_350,stage3_seed_0,"{""clean__method"": ""none"", ""model__metric"": ""euclidean"", ""model__n_neighbors"": 3, ""model__weights"": ""distance"", ""pca__n_components"": 56, ""scale__method"": ""standard""}",none,standard,56,3,euclidean,"{""clean__method"": ""none"", ""model__metric"": ""euclidean"", ""model__n_neighbors"": 3, ""model__weights"": ""distance"", ""pca__n_components"": 56, ""scale__method"": ""standard""}",stage3_local_cv,0.767,0.005747281966286327,0.0,0.9180000000000001,5
stage3_038,stage3_seed_0,"{""clean__method"": ""lof_0.03"", ""model__metric"": ""euclidean"", ""model__n_neighbors"": 3, ""model__weights"": ""distance"", ""pca__n_components"": 52, ""scale__method"": ""robust""}",lof_0.03,robust,52,3,euclidean,"{""clean__method"": ""lof_0.03"", ""model__metric"": ""euclidean"", ""model__n_neighbors"": 3, ""model__weights"": ""distance"", ""pca__n_components"": 52, ""scale__method"": ""robust""}",stage3_local_cv,0.7669999999999999,0.0044440972086577804,192.0,3.8070000000000004,5
stage3_446,stage3_seed_0,"{""clean__method"": ""tomek"", ""model__metric"": ""euclidean"", ""model__n_neighbors"": 3, ""model__weights"": ""distance"", ""pca__n_components"": 48, ""scale__method"": ""standard""}",tomek,standard,48,3,euclidean,"{""clean__method"": ""tomek"", ""model__metric"": ""euclidean"", ""model__n_neighbors"": 3, ""model__weights"": ""distance"", ""pca__n_components"": 48, ""scale__method"": ""standard""}",stage3_local_cv,0.7668750000000001,0.005199158585771354,160.0,5.513999999999999,5
stage3_663,stage3_seed_3,"{""clean__method"": ""lof_0.03"", ""model__metric"": ""manhattan"", ""model__n_neighbors"": 3, ""model__weights"": ""distance"", ""pca__n_components"": 64, ""scale__method"": ""robust""}",lof_0.03,robust,64,3,manhattan,"{""clean__method"": ""lof_0.03"", ""model__metric"": ""manhattan"", ""model__n_neighbors"": 3, ""model__weights"": ""distance"", ""pca__n_components"": 64, ""scale__method"": ""robust""}",stage3_local_cv,0.766875,0.008996527107723277,192.0,7.2700000000000005,5
stage3_238,stage3_seed_0,"{""clean__method"": ""lof_0.05"", ""model__metric"": ""euclidean"", ""model__n_neighbors"": 8, ""model__weights"": ""distance"", ""pca__n_components"": 56, ""scale__method"": ""standard""}",lof_0.05,standard,56,8,euclidean,"{""clean__method"": ""lof_0.05"", ""model__metric"": ""euclidean"", ""model__n_neighbors"": 8, ""model__weights"": ""distance"", ""pca__n_components"": 56, ""scale__method"": ""standard""}",stage3_local_cv,0.766875,0.005902859476558799,320.0,3.607,5
stage3_286,stage3_seed_0,"{""clean__method"": ""none"", ""model__metric"": ""euclidean"", ""model__n_neighbors"": 8, ""model__weights"": ""distance"", ""pca__n_components"": 52, ""scale__method"": ""robust""}",none,robust,52,8,euclidean,"{""clean__method"": ""none"", ""model__metric"": ""euclidean"", ""model__n_neighbors"": 8, ""model__weights"": ""distance"", ""pca__n_components"": 52, ""scale__method"": ""robust""}",stage3_local_cv,0.76675,0.006724488828156368,0.0,1.367,5
stage3_687,stage3_seed_3,"{""clean__method"": ""lof_0.03"", ""model__metric"": ""manhattan"", ""model__n_neighbors"": 3, ""model__weights"": ""distance"", ""pca__n_components"": 64, ""scale__method"": ""standard""}",lof_0.03,standard,64,3,manhattan,"{""clean__method"": ""lof_0.03"", ""model__metric"": ""manhattan"", ""model__n_neighbors"": 3, ""model__weights"": ""distance"", ""pca__n_components"": 64, ""scale__method"": ""standard""}",stage3_local_cv,0.76675,0.010150431025330905,192.0,7.449,5
stage3_134,stage3_seed_0,"{""clean__method"": ""lof_0.05"", ""model__metric"": ""euclidean"", ""model__n_neighbors"": 3, ""model__weights"": ""distance"", ""pca__n_components"": 44, ""scale__method"": ""robust""}",lof_0.05,robust,44,3,euclidean,"{""clean__method"": ""lof_0.05"", ""model__metric"": ""euclidean"", ""model__n_neighbors"": 3, ""model__weights"": ""distance"", ""pca__n_components"": 44, ""scale__method"": ""robust""}",stage3_local_cv,0.76675,0.002942150573984931,320.0,3.64,5
stage3_706,stage3_seed_3,"{""clean__method"": ""lof_0.05"", ""model__metric"": ""euclidean"", ""model__n_neighbors"": 8, ""model__weights"": ""distance"", ""pca__n_components"": 60, ""scale__method"": ""robust""}",lof_0.05,robust,60,8,euclidean,"{""clean__method"": ""lof_0.05"", ""model__metric"": ""euclidean"", ""model__n_neighbors"": 8, ""model__weights"": ""distance"", ""pca__n_components"": 60, ""scale__method"": ""robust""}",stage3_local_cv,0.76675,0.007638308058726094,320.0,3.733,5
stage3_082,stage3_seed_0,"{""clean__method"": ""lof_0.03"", ""model__metric"": ""euclidean"", ""model__n_neighbors"": 8, ""model__weights"": ""distance"", ""pca__n_components"": 44, ""scale__method"": ""standard""}",lof_0.03,standard,44,8,euclidean,"{""clean__method"": ""lof_0.03"", ""model__metric"": ""euclidean"", ""model__n_neighbors"": 8, ""model__weights"": ""distance"", ""pca__n_components"": 44, ""scale__method"": ""standard""}",stage3_local_cv,0.7666250000000001,0.011051018052650172,192.0,3.915,5
stage3_239,stage3_seed_0,"{""clean__method"": ""lof_0.05"", ""model__metric"": ""manhattan"", ""model__n_neighbors"": 8, ""model__weights"": ""distance"", ""pca__n_components"": 56, ""scale__method"": ""standard""}",lof_0.05,standard,56,8,manhattan,"{""clean__method"": ""lof_0.05"", ""model__metric"": ""manhattan"", ""model__n_neighbors"": 8, ""model__weights"": ""distance"", ""pca__n_components"": 56, ""scale__method"": ""standard""}",stage3_local_cv,0.766625,0.010706306552681911,320.0,6.523,5
stage3_386,stage3_seed_0,"{""clean__method"": ""tomek"", ""model__metric"": ""euclidean"", ""model__n_neighbors"": 3, ""model__weights"": ""distance"", ""pca__n_components"": 48, ""scale__method"": ""robust""}",tomek,robust,48,3,euclidean,"{""clean__method"": ""tomek"", ""model__metric"": ""euclidean"", ""model__n_neighbors"": 3, ""model__weights"": ""distance"", ""pca__n_components"": 48, ""scale__method"": ""robust""}",stage3_local_cv,0.7665,0.006819090848492921,160.0,4.766,5
stage3_154,stage3_seed_0,"{""clean__method"": ""lof_0.05"", ""model__metric"": ""euclidean"", ""model__n_neighbors"": 8, ""model__weights"": ""distance"", ""pca__n_components"": 48, ""scale__method"": ""robust""}",lof_0.05,robust,48,8,euclidean,"{""clean__method"": ""lof_0.05"", ""model__metric"": ""euclidean"", ""model__n_neighbors"": 8, ""model__weights"": ""distance"", ""pca__n_components"": 48, ""scale__method"": ""robust""}",stage3_local_cv,0.7665,0.007931346039607672,320.0,3.265,5
stage3_046,stage3_seed_0,"{""clean__method"": ""lof_0.03"", ""model__metric"": ""euclidean"", ""model__n_neighbors"": 8, ""model__weights"": ""distance"", ""pca__n_components"": 52, ""scale__method"": ""robust""}",lof_0.03,robust,52,8,euclidean,"{""clean__method"": ""lof_0.03"", ""model__metric"": ""euclidean"", ""model__n_neighbors"": 8, ""model__weights"": ""distance"", ""pca__n_components"": 52, ""scale__method"": ""robust""}",stage3_local_cv,0.766375,0.007556040629853686,192.0,3.6529999999999996,5
stage3_537,stage3_seed_1,"{""clean__method"": ""lof_0.05"", ""model__metric"": ""manhattan"", ""model__n_neighbors"": 6, ""model__weights"": ""distance"", ""pca__n_components"": 32, ""scale__method"": ""robust""}",lof_0.05,robust,32,6,manhattan,"{""clean__method"": ""lof_0.05"", ""model__metric"": ""manhattan"", ""model__n_neighbors"": 6, ""model__weights"": ""distance"", ""pca__n_components"": 32, ""scale__method"": ""robust""}",stage3_local_cv,0.766375,0.007719698828322281,320.0,5.405,5
stage3_374,stage3_seed_0,"{""clean__method"": ""tomek"", ""model__metric"": ""euclidean"", ""model__n_neighbors"": 3, ""model__weights"": ""distance"", ""pca__n_components"": 44, ""scale__method"": ""robust""}",tomek,robust,44,3,euclidean,"{""clean__method"": ""tomek"", ""model__metric"": ""euclidean"", ""model__n_neighbors"": 3, ""model__weights"": ""distance"", ""pca__n_components"": 44, ""scale__method"": ""robust""}",stage3_local_cv,0.7663749999999999,0.0038810436740650115,160.0,6.329000000000001,5
stage3_031,stage3_seed_0,"{""clean__method"": ""lof_0.03"", ""model__metric"": ""manhattan"", ""model__n_neighbors"": 5, ""model__weights"": ""distance"", ""pca__n_components"": 48, ""scale__method"": ""robust""}",lof_0.03,robust,48,5,manhattan,"{""clean__method"": ""lof_0.03"", ""model__metric"": ""manhattan"", ""model__n_neighbors"": 5, ""model__weights"": ""distance"", ""pca__n_components"": 48, ""scale__method"": ""robust""}",stage3_local_cv,0.76625,0.009642030387838427,192.0,6.83,5
stage3_130,stage3_seed_0,"{""clean__method"": ""lof_0.05"", ""model__metric"": ""euclidean"", ""model__n_neighbors"": 8, ""model__weights"": ""distance"", ""pca__n_components"": 40, ""scale__method"": ""robust""}",lof_0.05,robust,40,8,euclidean,"{""clean__method"": ""lof_0.05"", ""model__metric"": ""euclidean"", ""model__n_neighbors"": 8, ""model__weights"": ""distance"", ""pca__n_components"": 40, ""scale__method"": ""robust""}",stage3_local_cv,0.76625,0.01139490017507831,320.0,3.66,5
stage3_266,stage3_seed_0,"{""clean__method"": ""none"", ""model__metric"": ""euclidean"", ""model__n_neighbors"": 3, ""model__weights"": ""distance"", ""pca__n_components"": 48, ""scale__method"": ""robust""}",none,robust,48,3,euclidean,"{""clean__method"": ""none"", ""model__metric"": ""euclidean"", ""model__n_neighbors"": 3, ""model__weights"": ""distance"", ""pca__n_components"": 48, ""scale__method"": ""robust""}",stage3_local_cv,0.7661250000000001,0.005279678020485746,0.0,1.276,5
stage3_050,stage3_seed_0,"{""clean__method"": ""lof_0.03"", ""model__metric"": ""euclidean"", ""model__n_neighbors"": 3, ""model__weights"": ""distance"", ""pca__n_components"": 56, ""scale__method"": ""robust""}",lof_0.03,robust,56,3,euclidean,"{""clean__method"": ""lof_0.03"", ""model__metric"": ""euclidean"", ""model__n_neighbors"": 3, ""model__weights"": ""distance"", ""pca__n_components"": 56, ""scale__method"": ""robust""}",stage3_local_cv,0.7661250000000001,0.005665134596812337,192.0,4.2219999999999995,5
stage3_410,stage3_seed_0,"{""clean__method"": ""tomek"", ""model__metric"": ""euclidean"", ""model__n_neighbors"": 3, ""model__weights"": ""distance"", ""pca__n_components"": 56, ""scale__method"": ""robust""}",tomek,robust,56,3,euclidean,"{""clean__method"": ""tomek"", ""model__metric"": ""euclidean"", ""model__n_neighbors"": 3, ""model__weights"": ""distance"", ""pca__n_components"": 56, ""scale__method"": ""robust""}",stage3_local_cv,0.766125,0.005881645178009299,160.0,5.624,5
stage3_022,stage3_seed_0,"{""clean__method"": ""lof_0.03"", ""model__metric"": ""euclidean"", ""model__n_neighbors"": 8, ""model__weights"": ""distance"", ""pca__n_components"": 44, ""scale__method"": ""robust""}",lof_0.03,robust,44,8,euclidean,"{""clean__method"": ""lof_0.03"", ""model__metric"": ""euclidean"", ""model__n_neighbors"": 8, ""model__weights"": ""distance"", ""pca__n_components"": 44, ""scale__method"": ""robust""}",stage3_local_cv,0.766125,0.010557876206889326,192.0,3.649,5
stage3_214,stage3_seed_0,"{""clean__method"": ""lof_0.05"", ""model__metric"": ""euclidean"", ""model__n_neighbors"": 8, ""model__weights"": ""distance"", ""pca__n_components"": 48, ""scale__method"": ""standard""}",lof_0.05,standard,48,8,euclidean,"{""clean__method"": ""lof_0.05"", ""model__metric"": ""euclidean"", ""model__n_neighbors"": 8, ""model__weights"": ""distance"", ""pca__n_components"": 48, ""scale__method"": ""standard""}",stage3_local_cv,0.766125,0.007628073151196173,320.0,3.081,5
stage3_178,stage3_seed_0,"{""clean__method"": ""lof_0.05"", ""model__metric"": ""euclidean"", ""model__n_neighbors"": 8, ""model__weights"": ""distance"", ""pca__n_components"": 56, ""scale__method"": ""robust""}",lof_0.05,robust,56,8,euclidean,"{""clean__method"": ""lof_0.05"", ""model__metric"": ""euclidean"", ""model__n_neighbors"": 8, ""model__weights"": ""distance"", ""pca__n_components"": 56, ""scale__method"": ""robust""}",stage3_local_cv,0.766125,0.0063294944505860725,320.0,3.746,5
stage3_158,stage3_seed_0,"{""clean__method"": ""lof_0.05"", ""model__metric"": ""euclidean"", ""model__n_neighbors"": 3, ""model__weights"": ""distance"", ""pca__n_components"": 52, ""scale__method"": ""robust""}",lof_0.05,robust,52,3,euclidean,"{""clean__method"": ""lof_0.05"", ""model__metric"": ""euclidean"", ""model__n_neighbors"": 3, ""model__weights"": ""distance"", ""pca__n_components"": 52, ""scale__method"": ""robust""}",stage3_local_cv,0.766125,0.00853668553948197,320.0,3.9830000000000005,5
stage3_778,stage3_seed_3,"{""clean__method"": ""none"", ""model__metric"": ""euclidean"", ""model__n_neighbors"": 8, ""model__weights"": ""distance"", ""pca__n_components"": 60, ""scale__method"": ""standard""}",none,standard,60,8,euclidean,"{""clean__method"": ""none"", ""model__metric"": ""euclidean"", ""model__n_neighbors"": 8, ""model__weights"": ""distance"", ""pca__n_components"": 60, ""scale__method"": ""standard""}",stage3_local_cv,0.766,0.005193144519460244,0.0,1.466,5
stage3_194,stage3_seed_0,"{""clean__method"": ""lof_0.05"", ""model__metric"": ""euclidean"", ""model__n_neighbors"": 3, ""model__weights"": ""distance"", ""pca__n_components"": 44, ""scale__method"": ""standard""}",lof_0.05,standard,44,3,euclidean,"{""clean__method"": ""lof_0.05"", ""model__metric"": ""euclidean"", ""model__n_neighbors"": 3, ""model__weights"": ""distance"", ""pca__n_components"": 44, ""scale__method"": ""standard""}",stage3_local_cv,0.766,0.0019202864369671111,320.0,3.267,5
stage3_658,stage3_seed_3,"{""clean__method"": ""lof_0.03"", ""model__metric"": ""euclidean"", ""model__n_neighbors"": 8, ""model__weights"": ""distance"", ""pca__n_components"": 60, ""scale__method"": ""robust""}",lof_0.03,robust,60,8,euclidean,"{""clean__method"": ""lof_0.03"", ""model__metric"": ""euclidean"", ""model__n_neighbors"": 8, ""model__weights"": ""distance"", ""pca__n_components"": 60, ""scale__method"": ""robust""}",stage3_local_cv,0.7658750000000001,0.006691879407162072,192.0,3.749,5
stage3_515,stage3_seed_1,"{""clean__method"": ""lof_0.03"", ""model__metric"": ""manhattan"", ""model__n_neighbors"": 8, ""model__weights"": ""distance"", ""pca__n_components"": 32, ""scale__method"": ""standard""}",lof_0.03,standard,32,8,manhattan,"{""clean__method"": ""lof_0.03"", ""model__metric"": ""manhattan"", ""model__n_neighbors"": 8, ""model__weights"": ""distance"", ""pca__n_components"": 32, ""scale__method"": ""standard""}",stage3_local_cv,0.765875,0.0018791620472966147,192.0,5.157,5
stage3_202,stage3_seed_0,"{""clean__method"": ""lof_0.05"", ""model__metric"": ""euclidean"", ""model__n_neighbors"": 8, ""model__weights"": ""distance"", ""pca__n_components"": 44, ""scale__method"": ""standard""}",lof_0.05,standard,44,8,euclidean,"{""clean__method"": ""lof_0.05"", ""model__metric"": ""euclidean"", ""model__n_neighbors"": 8, ""model__weights"": ""distance"", ""pca__n_components"": 44, ""scale__method"": ""standard""}",stage3_local_cv,0.765875,0.010357666242933309,320.0,3.38,5
stage3_274,stage3_seed_0,"{""clean__method"": ""none"", ""model__metric"": ""euclidean"", ""model__n_neighbors"": 8, ""model__weights"": ""distance"", ""pca__n_components"": 48, ""scale__method"": ""robust""}",none,robust,48,8,euclidean,"{""clean__method"": ""none"", ""model__metric"": ""euclidean"", ""model__n_neighbors"": 8, ""model__weights"": ""distance"", ""pca__n_components"": 48, ""scale__method"": ""robust""}",stage3_local_cv,0.76575,0.006654415827103097,0.0,1.27,5
stage3_683,stage3_seed_3,"{""clean__method"": ""lof_0.03"", ""model__metric"": ""manhattan"", ""model__n_neighbors"": 8, ""model__weights"": ""distance"", ""pca__n_components"": 60, ""scale__method"": ""standard""}",lof_0.03,standard,60,8,manhattan,"{""clean__method"": ""lof_0.03"", ""model__metric"": ""manhattan"", ""model__n_neighbors"": 8, ""model__weights"": ""distance"", ""pca__n_components"": 60, ""scale__method"": ""standard""}",stage3_local_cv,0.76575,0.00704228301050164,192.0,6.813000000000001,5
stage3_170,stage3_seed_0,"{""clean__method"": ""lof_0.05"", ""model__metric"": ""euclidean"", ""model__n_neighbors"": 3, ""model__weights"": ""distance"", ""pca__n_components"": 56, ""scale__method"": ""robust""}",lof_0.05,robust,56,3,euclidean,"{""clean__method"": ""lof_0.05"", ""model__metric"": ""euclidean"", ""model__n_neighbors"": 3, ""model__weights"": ""distance"", ""pca__n_components"": 56, ""scale__method"": ""robust""}",stage3_local_cv,0.7657499999999999,0.0058148516748064965,320.0,3.753,5
stage3_671,stage3_seed_3,"{""clean__method"": ""lof_0.03"", ""model__metric"": ""manhattan"", ""model__n_neighbors"": 8, ""model__weights"": ""distance"", ""pca__n_components"": 64, ""scale__method"": ""robust""}",lof_0.03,robust,64,8,manhattan,"{""clean__method"": ""lof_0.03"", ""model__metric"": ""manhattan"", ""model__n_neighbors"": 8, ""model__weights"": ""distance"", ""pca__n_components"": 64, ""scale__method"": ""robust""}",stage3_local_cv,0.765625,0.008705242673240073,192.0,8.038,5
stage3_218,stage3_seed_0,"{""clean__method"": ""lof_0.05"", ""model__metric"": ""euclidean"", ""model__n_neighbors"": 3, ""model__weights"": ""distance"", ""pca__n_components"": 52, ""scale__method"": ""standard""}",lof_0.05,standard,52,3,euclidean,"{""clean__method"": ""lof_0.05"", ""model__metric"": ""euclidean"", ""model__n_neighbors"": 3, ""model__weights"": ""distance"", ""pca__n_components"": 52, ""scale__method"": ""standard""}",stage3_local_cv,0.765625,0.006673173907519583,320.0,2.9659999999999997,5
stage3_166,stage3_seed_0,"{""clean__method"": ""lof_0.05"", ""model__metric"": ""euclidean"", ""model__n_neighbors"": 8, ""model__weights"": ""distance"", ""pca__n_components"": 52, ""scale__method"": ""robust""}",lof_0.05,robust,52,8,euclidean,"{""clean__method"": ""lof_0.05"", ""model__metric"": ""euclidean"", ""model__n_neighbors"": 8, ""model__weights"": ""distance"", ""pca__n_components"": 52, ""scale__method"": ""robust""}",stage3_local_cv,0.7656249999999999,0.006336895927818282,320.0,3.5149999999999997,5
stage3_346,stage3_seed_0,"{""clean__method"": ""none"", ""model__metric"": ""euclidean"", ""model__n_neighbors"": 8, ""model__weights"": ""distance"", ""pca__n_components"": 52, ""scale__method"": ""standard""}",none,standard,52,8,euclidean,"{""clean__method"": ""none"", ""model__metric"": ""euclidean"", ""model__n_neighbors"": 8, ""model__weights"": ""distance"", ""pca__n_components"": 52, ""scale__method"": ""standard""}",stage3_local_cv,0.7655000000000001,0.004227883631321919,0.0,0.915,5
stage3_639,stage3_seed_2,"{""clean__method"": ""tomek"", ""model__metric"": ""manhattan"", ""model__n_neighbors"": 3, ""model__weights"": ""distance"", ""pca__n_components"": 36, ""scale__method"": ""standard""}",tomek,standard,36,3,manhattan,"{""clean__method"": ""tomek"", ""model__metric"": ""manhattan"", ""model__n_neighbors"": 3, ""model__weights"": ""distance"", ""pca__n_components"": 36, ""scale__method"": ""standard""}",stage3_local_cv,0.7655000000000001,0.006229967897188542,160.0,7.496,5
stage3_491,stage3_seed_1,"{""clean__method"": ""lof_0.03"", ""model__metric"": ""manhattan"", ""model__n_neighbors"": 8, ""model__weights"": ""distance"", ""pca__n_components"": 32, ""scale__method"": ""robust""}",lof_0.03,robust,32,8,manhattan,"{""clean__method"": ""lof_0.03"", ""model__metric"": ""manhattan"", ""model__n_neighbors"": 8, ""model__weights"": ""distance"", ""pca__n_components"": 32, ""scale__method"": ""robust""}",stage3_local_cv,0.7655000000000001,0.003196677963136098,192.0,5.985,5
stage3_230,stage3_seed_0,"{""clean__method"": ""lof_0.05"", ""model__metric"": ""euclidean"", ""model__n_neighbors"": 3, ""model__weights"": ""distance"", ""pca__n_components"": 56, ""scale__method"": ""standard""}",lof_0.05,standard,56,3,euclidean,"{""clean__method"": ""lof_0.05"", ""model__metric"": ""euclidean"", ""model__n_neighbors"": 3, ""model__weights"": ""distance"", ""pca__n_components"": 56, ""scale__method"": ""standard""}",stage3_local_cv,0.7655000000000001,0.006666145812986687,320.0,2.985,5
stage3_142,stage3_seed_0,"{""clean__method"": ""lof_0.05"", ""model__metric"": ""euclidean"", ""model__n_neighbors"": 8, ""model__weights"": ""distance"", ""pca__n_components"": 44, ""scale__method"": ""robust""}",lof_0.05,robust,44,8,euclidean,"{""clean__method"": ""lof_0.05"", ""model__metric"": ""euclidean"", ""model__n_neighbors"": 8, ""model__weights"": ""distance"", ""pca__n_components"": 44, ""scale__method"": ""robust""}",stage3_local_cv,0.7655000000000001,0.011349559462816171,320.0,3.6390000000000007,5
stage3_563,stage3_seed_1,"{""clean__method"": ""lof_0.05"", ""model__metric"": ""manhattan"", ""model__n_neighbors"": 8, ""model__weights"": ""distance"", ""pca__n_components"": 32, ""scale__method"": ""standard""}",lof_0.05,standard,32,8,manhattan,"{""clean__method"": ""lof_0.05"", ""model__metric"": ""manhattan"", ""model__n_neighbors"": 8, ""model__weights"": ""distance"", ""pca__n_components"": 32, ""scale__method"": ""standard""}",stage3_local_cv,0.7655000000000001,0.004633438248212627,320.0,4.803,5
stage3_250,stage3_seed_0,"{""clean__method"": ""none"", ""model__metric"": ""euclidean"", ""model__n_neighbors"": 8, ""model__weights"": ""distance"", ""pca__n_components"": 40, ""scale__method"": ""robust""}",none,robust,40,8,euclidean,"{""clean__method"": ""none"", ""model__metric"": ""euclidean"", ""model__n_neighbors"": 8, ""model__weights"": ""distance"", ""pca__n_components"": 40, ""scale__method"": ""robust""}",stage3_local_cv,0.7655,0.012389511693363883,0.0,1.286,5
stage3_310,stage3_seed_0,"{""clean__method"": ""none"", ""model__metric"": ""euclidean"", ""model__n_neighbors"": 8, ""model__weights"": ""distance"", ""pca__n_components"": 40, ""scale__method"": ""standard""}",none,standard,40,8,euclidean,"{""clean__method"": ""none"", ""model__metric"": ""euclidean"", ""model__n_neighbors"": 8, ""model__weights"": ""distance"", ""pca__n_components"": 40, ""scale__method"": ""standard""}",stage3_local_cv,0.76525,0.012200153687556538,0.0,0.855,5
stage3_334,stage3_seed_0,"{""clean__method"": ""none"", ""model__metric"": ""euclidean"", ""model__n_neighbors"": 8, ""model__weights"": ""distance"", ""pca__n_components"": 48, ""scale__method"": ""standard""}",none,standard,48,8,euclidean,"{""clean__method"": ""none"", ""model__metric"": ""euclidean"", ""model__n_neighbors"": 8, ""model__weights"": ""distance"", ""pca__n_components"": 48, ""scale__method"": ""standard""}",stage3_local_cv,0.76525,0.005923997805536394,0.0,1.6229999999999998,5
stage3_644,stage3_seed_2,"{""clean__method"": ""tomek"", ""model__metric"": ""euclidean"", ""model__n_neighbors"": 6, ""model__weights"": ""distance"", ""pca__n_components"": 36, ""scale__method"": ""standard""}",tomek,standard,36,6,euclidean,"{""clean__method"": ""tomek"", ""model__metric"": ""euclidean"", ""model__n_neighbors"": 6, ""model__weights"": ""distance"", ""pca__n_components"": 36, ""scale__method"": ""standard""}",stage3_local_cv,0.76525,0.005804093383121954,160.0,4.441,5
stage3_086,stage3_seed_0,"{""clean__method"": ""lof_0.03"", ""model__metric"": ""euclidean"", ""model__n_neighbors"": 3, ""model__weights"": ""distance"", ""pca__n_components"": 48, ""scale__method"": ""standard""}",lof_0.03,standard,48,3,euclidean,"{""clean__method"": ""lof_0.03"", ""model__metric"": ""euclidean"", ""model__n_neighbors"": 3, ""model__weights"": ""distance"", ""pca__n_components"": 48, ""scale__method"": ""standard""}",stage3_local_cv,0.765125,0.004799088455113093,192.0,3.285,5
stage3_302,stage3_seed_0,"{""clean__method"": ""none"", ""model__metric"": ""euclidean"", ""model__n_neighbors"": 3, ""model__weights"": ""distance"", ""pca__n_components"": 40, ""scale__method"": ""standard""}",none,standard,40,3,euclidean,"{""clean__method"": ""none"", ""model__metric"": ""euclidean"", ""model__n_neighbors"": 3, ""model__weights"": ""distance"", ""pca__n_components"": 40, ""scale__method"": ""standard""}",stage3_local_cv,0.7651249999999999,0.009424038412485387,0.0,0.8600000000000001,5
stage3_242,stage3_seed_0,"{""clean__method"": ""none"", ""model__metric"": ""euclidean"", ""model__n_neighbors"": 3, ""model__weights"": ""distance"", ""pca__n_components"": 40, ""scale__method"": ""robust""}",none,robust,40,3,euclidean,"{""clean__method"": ""none"", ""model__metric"": ""euclidean"", ""model__n_neighbors"": 3, ""model__weights"": ""distance"", ""pca__n_components"": 40, ""scale__method"": ""robust""}",stage3_local_cv,0.7651249999999999,0.00863676733506234,0.0,1.226,5
stage3_767,stage3_seed_3,"{""clean__method"": ""none"", ""model__metric"": ""manhattan"", ""model__n_neighbors"": 8, ""model__weights"": ""distance"", ""pca__n_components"": 64, ""scale__method"": ""robust""}",none,robust,64,8,manhattan,"{""clean__method"": ""none"", ""model__metric"": ""manhattan"", ""model__n_neighbors"": 8, ""model__weights"": ""distance"", ""pca__n_components"": 64, ""scale__method"": ""robust""}",stage3_local_cv,0.7651249999999999,0.009282039107868473,0.0,5.596,5
stage3_139,stage3_seed_0,"{""clean__method"": ""lof_0.05"", ""model__metric"": ""manhattan"", ""model__n_neighbors"": 5, ""model__weights"": ""distance"", ""pca__n_components"": 44, ""scale__method"": ""robust""}",lof_0.05,robust,44,5,manhattan,"{""clean__method"": ""lof_0.05"", ""model__metric"": ""manhattan"", ""model__n_neighbors"": 5, ""model__weights"": ""distance"", ""pca__n_components"": 44, ""scale__method"": ""robust""}",stage3_local_cv,0.7651249999999999,0.004444097208657804,320.0,6.255000000000001,5
stage3_470,stage3_seed_0,"{""clean__method"": ""tomek"", ""model__metric"": ""euclidean"", ""model__n_neighbors"": 3, ""model__weights"": ""distance"", ""pca__n_components"": 56, ""scale__method"": ""standard""}",tomek,standard,56,3,euclidean,"{""clean__method"": ""tomek"", ""model__metric"": ""euclidean"", ""model__n_neighbors"": 3, ""model__weights"": ""distance"", ""pca__n_components"": 56, ""scale__method"": ""standard""}",stage3_local_cv,0.765,0.006471089552772383,160.0,4.548,5
stage3_467,stage3_seed_0,"{""clean__method"": ""tomek"", ""model__metric"": ""manhattan"", ""model__n_neighbors"": 8, ""model__weights"": ""distance"", ""pca__n_components"": 52, ""scale__method"": ""standard""}",tomek,standard,52,8,manhattan,"{""clean__method"": ""tomek"", ""model__metric"": ""manhattan"", ""model__n_neighbors"": 8, ""model__weights"": ""distance"", ""pca__n_components"": 52, ""scale__method"": ""standard""}",stage3_local_cv,0.765,0.004401704215414728,160.0,9.289000000000001,5
stage3_106,stage3_seed_0,"{""clean__method"": ""lof_0.03"", ""model__metric"": ""euclidean"", ""model__n_neighbors"": 8, ""model__weights"": ""distance"", ""pca__n_components"": 52, ""scale__method"": ""standard""}",lof_0.03,standard,52,8,euclidean,"{""clean__method"": ""lof_0.03"", ""model__metric"": ""euclidean"", ""model__n_neighbors"": 8, ""model__weights"": ""distance"", ""pca__n_components"": 52, ""scale__method"": ""standard""}",stage3_local_cv,0.7648750000000001,0.00713048034847584,192.0,4.039,5
stage3_754,stage3_seed_3,"{""clean__method"": ""none"", ""model__metric"": ""euclidean"", ""model__n_neighbors"": 8, ""model__weights"": ""distance"", ""pca__n_components"": 60, ""scale__method"": ""robust""}",none,robust,60,8,euclidean,"{""clean__method"": ""none"", ""model__metric"": ""euclidean"", ""model__n_neighbors"": 8, ""model__weights"": ""distance"", ""pca__n_components"": 60, ""scale__method"": ""robust""}",stage3_local_cv,0.764875,0.0056651345968123205,0.0,1.3319999999999999,5
stage3_547,stage3_seed_1,"{""clean__method"": ""lof_0.05"", ""model__metric"": ""manhattan"", ""model__n_neighbors"": 5, ""model__weights"": ""distance"", ""pca__n_components"": 36, ""scale__method"": ""robust""}",lof_0.05,robust,36,5,manhattan,"{""clean__method"": ""lof_0.05"", ""model__metric"": ""manhattan"", ""model__n_neighbors"": 5, ""model__weights"": ""distance"", ""pca__n_components"": 36, ""scale__method"": ""robust""}",stage3_local_cv,0.764875,0.0047335240571904,320.0,6.414999999999999,5
stage3_094,stage3_seed_0,"{""clean__method"": ""lof_0.03"", ""model__metric"": ""euclidean"", ""model__n_neighbors"": 8, ""model__weights"": ""distance"", ""pca__n_components"": 48, ""scale__method"": ""standard""}",lof_0.03,standard,48,8,euclidean,"{""clean__method"": ""lof_0.03"", ""model__metric"": ""euclidean"", ""model__n_neighbors"": 8, ""model__weights"": ""distance"", ""pca__n_components"": 48, ""scale__method"": ""standard""}",stage3_local_cv,0.76475,0.00767096799628314,192.0,4.125,5
stage3_190,stage3_seed_0,"{""clean__method"": ""lof_0.05"", ""model__metric"": ""euclidean"", ""model__n_neighbors"": 8, ""model__weights"": ""distance"", ""pca__n_components"": 40, ""scale__method"": ""standard""}",lof_0.05,standard,40,8,euclidean,"{""clean__method"": ""lof_0.05"", ""model__metric"": ""euclidean"", ""model__n_neighbors"": 8, ""model__weights"": ""distance"", ""pca__n_components"": 40, ""scale__method"": ""standard""}",stage3_local_cv,0.76475,0.010655104410563061,320.0,3.495,5
stage3_553,stage3_seed_1,"{""clean__method"": ""lof_0.05"", ""model__metric"": ""manhattan"", ""model__n_neighbors"": 2, ""model__weights"": ""distance"", ""pca__n_components"": 32, ""scale__method"": ""standard""}",lof_0.05,standard,32,2,manhattan,"{""clean__method"": ""lof_0.05"", ""model__metric"": ""manhattan"", ""model__n_neighbors"": 2, ""model__weights"": ""distance"", ""pca__n_components"": 32, ""scale__method"": ""standard""}",stage3_local_cv,0.76475,0.004081206929328617,320.0,5.667,5
stage3_791,stage3_seed_3,"{""clean__method"": ""none"", ""model__metric"": ""manhattan"", ""model__n_neighbors"": 8, ""model__weights"": ""distance"", ""pca__n_components"": 64, ""scale__method"": ""standard""}",none,standard,64,8,manhattan,"{""clean__method"": ""none"", ""model__metric"": ""manhattan"", ""model__n_neighbors"": 8, ""model__weights"": ""distance"", ""pca__n_components"": 64, ""scale__method"": ""standard""}",stage3_local_cv,0.764625,0.004447611718664281,0.0,5.49,5
stage3_782,stage3_seed_3,"{""clean__method"": ""none"", ""model__metric"": ""euclidean"", ""model__n_neighbors"": 3, ""model__weights"": ""distance"", ""pca__n_components"": 64, ""scale__method"": ""standard""}",none,standard,64,3,euclidean,"{""clean__method"": ""none"", ""model__metric"": ""euclidean"", ""model__n_neighbors"": 3, ""model__weights"": ""distance"", ""pca__n_components"": 64, ""scale__method"": ""standard""}",stage3_local_cv,0.7646249999999999,0.002973844313342604,0.0,1.0450000000000002,5
stage3_632,stage3_seed_2,"{""clean__method"": ""tomek"", ""model__metric"": ""euclidean"", ""model__n_neighbors"": 6, ""model__weights"": ""distance"", ""pca__n_components"": 36, ""scale__method"": ""robust""}",tomek,robust,36,6,euclidean,"{""clean__method"": ""tomek"", ""model__metric"": ""euclidean"", ""model__n_neighbors"": 6, ""model__weights"": ""distance"", ""pca__n_components"": 36, ""scale__method"": ""robust""}",stage3_local_cv,0.7646249999999999,0.006002603601771466,160.0,6.003,5
stage3_371,stage3_seed_0,"{""clean__method"": ""tomek"", ""model__metric"": ""manhattan"", ""model__n_neighbors"": 8, ""model__weights"": ""distance"", ""pca__n_components"": 40, ""scale__method"": ""robust""}",tomek,robust,40,8,manhattan,"{""clean__method"": ""tomek"", ""model__metric"": ""manhattan"", ""model__n_neighbors"": 8, ""model__weights"": ""distance"", ""pca__n_components"": 40, ""scale__method"": ""robust""}",stage3_local_cv,0.7646249999999999,0.007872023246916906,160.0,7.996,5
stage3_662,stage3_seed_3,"{""clean__method"": ""lof_0.03"", ""model__metric"": ""euclidean"", ""model__n_neighbors"": 3, ""model__weights"": ""distance"", ""pca__n_components"": 64, ""scale__method"": ""robust""}",lof_0.03,robust,64,3,euclidean,"{""clean__method"": ""lof_0.03"", ""model__metric"": ""euclidean"", ""model__n_neighbors"": 3, ""model__weights"": ""distance"", ""pca__n_components"": 64, ""scale__method"": ""robust""}",stage3_local_cv,0.7646249999999999,0.005499999999999993,192.0,3.359,5
stage3_758,stage3_seed_3,"{""clean__method"": ""none"", ""model__metric"": ""euclidean"", ""model__n_neighbors"": 3, ""model__weights"": ""distance"", ""pca__n_components"": 64, ""scale__method"": ""robust""}",none,robust,64,3,euclidean,"{""clean__method"": ""none"", ""model__metric"": ""euclidean"", ""model__n_neighbors"": 3, ""model__weights"": ""distance"", ""pca__n_components"": 64, ""scale__method"": ""robust""}",stage3_local_cv,0.7645000000000001,0.0034323825544364996,0.0,1.369,5
stage3_262,stage3_seed_0,"{""clean__method"": ""none"", ""model__metric"": ""euclidean"", ""model__n_neighbors"": 8, ""model__weights"": ""distance"", ""pca__n_components"": 44, ""scale__method"": ""robust""}",none,robust,44,8,euclidean,"{""clean__method"": ""none"", ""model__metric"": ""euclidean"", ""model__n_neighbors"": 8, ""model__weights"": ""distance"", ""pca__n_components"": 44, ""scale__method"": ""robust""}",stage3_local_cv,0.7645000000000001,0.007086518891529193,0.0,1.52,5
stage3_026,stage3_seed_0,"{""clean__method"": ""lof_0.03"", ""model__metric"": ""euclidean"", ""model__n_neighbors"": 3, ""model__weights"": ""distance"", ""pca__n_components"": 48, ""scale__method"": ""robust""}",lof_0.03,robust,48,3,euclidean,"{""clean__method"": ""lof_0.03"", ""model__metric"": ""euclidean"", ""model__n_neighbors"": 3, ""model__weights"": ""distance"", ""pca__n_components"": 48, ""scale__method"": ""robust""}",stage3_local_cv,0.7645000000000001,0.00491172067609712,192.0,3.7439999999999998,5
stage3_532,stage3_seed_1,"{""clean__method"": ""lof_0.05"", ""model__metric"": ""euclidean"", ""model__n_neighbors"": 4, ""model__weights"": ""distance"", ""pca__n_components"": 32, ""scale__method"": ""robust""}",lof_0.05,robust,32,4,euclidean,"{""clean__method"": ""lof_0.05"", ""model__metric"": ""euclidean"", ""model__n_neighbors"": 4, ""model__weights"": ""distance"", ""pca__n_components"": 32, ""scale__method"": ""robust""}",stage3_local_cv,0.7645000000000001,0.009382497002397601,320.0,4.1259999999999994,5
stage3_199,stage3_seed_0,"{""clean__method"": ""lof_0.05"", ""model__metric"": ""manhattan"", ""model__n_neighbors"": 5, ""model__weights"": ""distance"", ""pca__n_components"": 44, ""scale__method"": ""standard""}",lof_0.05,standard,44,5,manhattan,"{""clean__method"": ""lof_0.05"", ""model__metric"": ""manhattan"", ""model__n_neighbors"": 5, ""model__weights"": ""distance"", ""pca__n_components"": 44, ""scale__method"": ""standard""}",stage3_local_cv,0.7645000000000001,0.00782024615980852,320.0,6.841,5
stage3_556,stage3_seed_1,"{""clean__method"": ""lof_0.05"", ""model__metric"": ""euclidean"", ""model__n_neighbors"": 4, ""model__weights"": ""distance"", ""pca__n_components"": 32, ""scale__method"": ""standard""}",lof_0.05,standard,32,4,euclidean,"{""clean__method"": ""lof_0.05"", ""model__metric"": ""euclidean"", ""model__n_neighbors"": 4, ""model__weights"": ""distance"", ""pca__n_components"": 32, ""scale__method"": ""standard""}",stage3_local_cv,0.7645,0.009789982124600641,320.0,3.0549999999999997,5
stage3_647,stage3_seed_2,"{""clean__method"": ""tomek"", ""model__metric"": ""manhattan"", ""model__n_neighbors"": 8, ""model__weights"": ""distance"", ""pca__n_components"": 36, ""scale__method"": ""standard""}",tomek,standard,36,8,manhattan,"{""clean__method"": ""tomek"", ""model__metric"": ""manhattan"", ""model__n_neighbors"": 8, ""model__weights"": ""distance"", ""pca__n_components"": 36, ""scale__method"": ""standard""}",stage3_local_cv,0.764375,0.006777720855862965,160.0,7.193,5
stage3_034,stage3_seed_0,"{""clean__method"": ""lof_0.03"", ""model__metric"": ""euclidean"", ""model__n_neighbors"": 8, ""model__weights"": ""distance"", ""pca__n_components"": 48, ""scale__method"": ""robust""}",lof_0.03,robust,48,8,euclidean,"{""clean__method"": ""lof_0.03"", ""model__metric"": ""euclidean"", ""model__n_neighbors"": 8, ""model__weights"": ""distance"", ""pca__n_components"": 48, ""scale__method"": ""robust""}",stage3_local_cv,0.764375,0.00690335063574204,192.0,3.8489999999999998,5
stage3_670,stage3_seed_3,"{""clean__method"": ""lof_0.03"", ""model__metric"": ""euclidean"", ""model__n_neighbors"": 8, ""model__weights"": ""distance"", ""pca__n_components"": 64, ""scale__method"": ""robust""}",lof_0.03,robust,64,8,euclidean,"{""clean__method"": ""lof_0.03"", ""model__metric"": ""euclidean"", ""model__n_neighbors"": 8, ""model__weights"": ""distance"", ""pca__n_components"": 64, ""scale__method"": ""robust""}",stage3_local_cv,0.764375,0.007447734554883112,192.0,3.916,5
stage3_505,stage3_seed_1,"{""clean__method"": ""lof_0.03"", ""model__metric"": ""manhattan"", ""model__n_neighbors"": 2, ""model__weights"": ""distance"", ""pca__n_components"": 32, ""scale__method"": ""standard""}",lof_0.03,standard,32,2,manhattan,"{""clean__method"": ""lof_0.03"", ""model__metric"": ""manhattan"", ""model__n_neighbors"": 2, ""model__weights"": ""distance"", ""pca__n_components"": 32, ""scale__method"": ""standard""}",stage3_local_cv,0.764375,0.005347312409051865,192.0,5.252,5
stage3_731,stage3_seed_3,"{""clean__method"": ""lof_0.05"", ""model__metric"": ""manhattan"", ""model__n_neighbors"": 8, ""model__weights"": ""distance"", ""pca__n_components"": 60, ""scale__method"": ""standard""}",lof_0.05,standard,60,8,manhattan,"{""clean__method"": ""lof_0.05"", ""model__metric"": ""manhattan"", ""model__n_neighbors"": 8, ""model__weights"": ""distance"", ""pca__n_components"": 60, ""scale__method"": ""standard""}",stage3_local_cv,0.7642500000000001,0.004426482802406447,320.0,6.654999999999999,5
stage3_422,stage3_seed_0,"{""clean__method"": ""tomek"", ""model__metric"": ""euclidean"", ""model__n_neighbors"": 3, ""model__weights"": ""distance"", ""pca__n_components"": 40, ""scale__method"": ""standard""}",tomek,standard,40,3,euclidean,"{""clean__method"": ""tomek"", ""model__metric"": ""euclidean"", ""model__n_neighbors"": 3, ""model__weights"": ""distance"", ""pca__n_components"": 40, ""scale__method"": ""standard""}",stage3_local_cv,0.76425,0.00757669123034587,160.0,4.513,5
stage3_206,stage3_seed_0,"{""clean__method"": ""lof_0.05"", ""model__metric"": ""euclidean"", ""model__n_neighbors"": 3, ""model__weights"": ""distance"", ""pca__n_components"": 48, ""scale__method"": ""standard""}",lof_0.05,standard,48,3,euclidean,"{""clean__method"": ""lof_0.05"", ""model__metric"": ""euclidean"", ""model__n_neighbors"": 3, ""model__weights"": ""distance"", ""pca__n_components"": 48, ""scale__method"": ""standard""}",stage3_local_cv,0.76425,0.005468660713556832,320.0,2.938,5
stage3_742,stage3_seed_3,"{""clean__method"": ""lof_0.05"", ""model__metric"": ""euclidean"", ""model__n_neighbors"": 8, ""model__weights"": ""distance"", ""pca__n_components"": 64, ""scale__method"": ""standard""}",lof_0.05,standard,64,8,euclidean,"{""clean__method"": ""lof_0.05"", ""model__metric"": ""euclidean"", ""model__n_neighbors"": 8, ""model__weights"": ""distance"", ""pca__n_components"": 64, ""scale__method"": ""standard""}",stage3_local_cv,0.76425,0.0035443617196894155,320.0,3.8810000000000002,5
stage3_331,stage3_seed_0,"{""clean__method"": ""none"", ""model__metric"": ""manhattan"", ""model__n_neighbors"": 5, ""model__weights"": ""distance"", ""pca__n_components"": 48, ""scale__method"": ""standard""}",none,standard,48,5,manhattan,"{""clean__method"": ""none"", ""model__metric"": ""manhattan"", ""model__n_neighbors"": 5, ""model__weights"": ""distance"", ""pca__n_components"": 48, ""scale__method"": ""standard""}",stage3_local_cv,0.764125,0.010205696938475116,0.0,4.311,5
stage3_574,stage3_seed_1,"{""clean__method"": ""lof_0.05"", ""model__metric"": ""euclidean"", ""model__n_neighbors"": 8, ""model__weights"": ""distance"", ""pca__n_components"": 36, ""scale__method"": ""standard""}",lof_0.05,standard,36,8,euclidean,"{""clean__method"": ""lof_0.05"", ""model__metric"": ""euclidean"", ""model__n_neighbors"": 8, ""model__weights"": ""distance"", ""pca__n_components"": 36, ""scale__method"": ""standard""}",stage3_local_cv,0.764125,0.008728545125048061,320.0,2.9179999999999997,5
stage3_718,stage3_seed_3,"{""clean__method"": ""lof_0.05"", ""model__metric"": ""euclidean"", ""model__n_neighbors"": 8, ""model__weights"": ""distance"", ""pca__n_components"": 64, ""scale__method"": ""robust""}",lof_0.05,robust,64,8,euclidean,"{""clean__method"": ""lof_0.05"", ""model__metric"": ""euclidean"", ""model__n_neighbors"": 8, ""model__weights"": ""distance"", ""pca__n_components"": 64, ""scale__method"": ""robust""}",stage3_local_cv,0.764125,0.004412340648680685,320.0,4.4350000000000005,5
stage3_322,stage3_seed_0,"{""clean__method"": ""none"", ""model__metric"": ""euclidean"", ""model__n_neighbors"": 8, ""model__weights"": ""distance"", ""pca__n_components"": 44, ""scale__method"": ""standard""}",none,standard,44,8,euclidean,"{""clean__method"": ""none"", ""model__metric"": ""euclidean"", ""model__n_neighbors"": 8, ""model__weights"": ""distance"", ""pca__n_components"": 44, ""scale__method"": ""standard""}",stage3_local_cv,0.7641249999999999,0.007832225098910253,0.0,0.9950000000000001,5
stage3_479,stage3_seed_0,"{""clean__method"": ""tomek"", ""model__metric"": ""manhattan"", ""model__n_neighbors"": 8, ""model__weights"": ""distance"", ""pca__n_components"": 56, ""scale__method"": ""standard""}",tomek,standard,56,8,manhattan,"{""clean__method"": ""tomek"", ""model__metric"": ""manhattan"", ""model__n_neighbors"": 8, ""model__weights"": ""distance"", ""pca__n_components"": 56, ""scale__method"": ""standard""}",stage3_local_cv,0.7641249999999999,0.0035044614422190205,160.0,8.407,5
stage3_694,stage3_seed_3,"{""clean__method"": ""lof_0.03"", ""model__metric"": ""euclidean"", ""model__n_neighbors"": 8, ""model__weights"": ""distance"", ""pca__n_components"": 64, ""scale__method"": ""standard""}",lof_0.03,standard,64,8,euclidean,"{""clean__method"": ""lof_0.03"", ""model__metric"": ""euclidean"", ""model__n_neighbors"": 8, ""model__weights"": ""distance"", ""pca__n_components"": 64, ""scale__method"": ""standard""}",stage3_local_cv,0.764,0.007230577431989793,192.0,3.0860000000000003,5
stage3_070,stage3_seed_0,"{""clean__method"": ""lof_0.03"", ""model__metric"": ""euclidean"", ""model__n_neighbors"": 8, ""model__weights"": ""distance"", ""pca__n_components"": 40, ""scale__method"": ""standard""}",lof_0.03,standard,40,8,euclidean,"{""clean__method"": ""lof_0.03"", ""model__metric"": ""euclidean"", ""model__n_neighbors"": 8, ""model__weights"": ""distance"", ""pca__n_components"": 40, ""scale__method"": ""standard""}",stage3_local_cv,0.764,0.011783197783284464,192.0,3.194,5
stage3_091,stage3_seed_0,"{""clean__method"": ""lof_0.03"", ""model__metric"": ""manhattan"", ""model__n_neighbors"": 5, ""model__weights"": ""distance"", ""pca__n_components"": 48, ""scale__method"": ""standard""}",lof_0.03,standard,48,5,manhattan,"{""clean__method"": ""lof_0.03"", ""model__metric"": ""manhattan"", ""model__n_neighbors"": 5, ""model__weights"": ""distance"", ""pca__n_components"": 48, ""scale__method"": ""standard""}",stage3_local_cv,0.764,0.00835351722330181,192.0,6.289000000000001,5
stage3_163,stage3_seed_0,"{""clean__method"": ""lof_0.05"", ""model__metric"": ""manhattan"", ""model__n_neighbors"": 5, ""model__weights"": ""distance"", ""pca__n_components"": 52, ""scale__method"": ""robust""}",lof_0.05,robust,52,5,manhattan,"{""clean__method"": ""lof_0.05"", ""model__metric"": ""manhattan"", ""model__n_neighbors"": 5, ""model__weights"": ""distance"", ""pca__n_components"": 52, ""scale__method"": ""robust""}",stage3_local_cv,0.764,0.005626388717463458,320.0,6.9399999999999995,5
stage3_127,stage3_seed_0,"{""clean__method"": ""lof_0.05"", ""model__metric"": ""manhattan"", ""model__n_neighbors"": 5, ""model__weights"": ""distance"", ""pca__n_components"": 40, ""scale__method"": ""robust""}",lof_0.05,robust,40,5,manhattan,"{""clean__method"": ""lof_0.05"", ""model__metric"": ""manhattan"", ""model__n_neighbors"": 5, ""model__weights"": ""distance"", ""pca__n_components"": 40, ""scale__method"": ""robust""}",stage3_local_cv,0.764,0.008808731463723912,320.0,7.703999999999999,5
stage3_686,stage3_seed_3,"{""clean__method"": ""lof_0.03"", ""model__metric"": ""euclidean"", ""model__n_neighbors"": 3, ""model__weights"": ""distance"", ""pca__n_components"": 64, ""scale__method"": ""standard""}",lof_0.03,standard,64,3,euclidean,"{""clean__method"": ""lof_0.03"", ""model__metric"": ""euclidean"", ""model__n_neighbors"": 3, ""model__weights"": ""distance"", ""pca__n_components"": 64, ""scale__method"": ""standard""}",stage3_local_cv,0.763875,0.006997767501139217,192.0,3.6109999999999998,5
stage3_550,stage3_seed_1,"{""clean__method"": ""lof_0.05"", ""model__metric"": ""euclidean"", ""model__n_neighbors"": 8, ""model__weights"": ""distance"", ""pca__n_components"": 36, ""scale__method"": ""robust""}",lof_0.05,robust,36,8,euclidean,"{""clean__method"": ""lof_0.05"", ""model__metric"": ""euclidean"", ""model__n_neighbors"": 8, ""model__weights"": ""distance"", ""pca__n_components"": 36, ""scale__method"": ""robust""}",stage3_local_cv,0.763875,0.009332403227465038,320.0,3.261,5
stage3_746,stage3_seed_3,"{""clean__method"": ""none"", ""model__metric"": ""euclidean"", ""model__n_neighbors"": 3, ""model__weights"": ""distance"", ""pca__n_components"": 60, ""scale__method"": ""robust""}",none,robust,60,3,euclidean,"{""clean__method"": ""none"", ""model__metric"": ""euclidean"", ""model__n_neighbors"": 3, ""model__weights"": ""distance"", ""pca__n_components"": 60, ""scale__method"": ""robust""}",stage3_local_cv,0.76375,0.002404423007708913,0.0,1.932,5
stage3_362,stage3_seed_0,"{""clean__method"": ""tomek"", ""model__metric"": ""euclidean"", ""model__n_neighbors"": 3, ""model__weights"": ""distance"", ""pca__n_components"": 40, ""scale__method"": ""robust""}",tomek,robust,40,3,euclidean,"{""clean__method"": ""tomek"", ""model__metric"": ""euclidean"", ""model__n_neighbors"": 3, ""model__weights"": ""distance"", ""pca__n_components"": 40, ""scale__method"": ""robust""}",stage3_local_cv,0.76375,0.007885905147793776,160.0,5.419,5
stage3_539,stage3_seed_1,"{""clean__method"": ""lof_0.05"", ""model__metric"": ""manhattan"", ""model__n_neighbors"": 8, ""model__weights"": ""distance"", ""pca__n_components"": 32, ""scale__method"": ""robust""}",lof_0.05,robust,32,8,manhattan,"{""clean__method"": ""lof_0.05"", ""model__metric"": ""manhattan"", ""model__n_neighbors"": 8, ""model__weights"": ""distance"", ""pca__n_components"": 32, ""scale__method"": ""robust""}",stage3_local_cv,0.76375,0.0033071891388307055,320.0,5.278,5
stage3_508,stage3_seed_1,"{""clean__method"": ""lof_0.03"", ""model__metric"": ""euclidean"", ""model__n_neighbors"": 4, ""model__weights"": ""distance"", ""pca__n_components"": 32, ""scale__method"": ""standard""}",lof_0.03,standard,32,4,euclidean,"{""clean__method"": ""lof_0.03"", ""model__metric"": ""euclidean"", ""model__n_neighbors"": 4, ""model__weights"": ""distance"", ""pca__n_components"": 32, ""scale__method"": ""standard""}",stage3_local_cv,0.7637499999999999,0.010368220676663853,192.0,3.8019999999999996,5
stage3_571,stage3_seed_1,"{""clean__method"": ""lof_0.05"", ""model__metric"": ""manhattan"", ""model__n_neighbors"": 5, ""model__weights"": ""distance"", ""pca__n_components"": 36, ""scale__method"": ""standard""}",lof_0.05,standard,36,5,manhattan,"{""clean__method"": ""lof_0.05"", ""model__metric"": ""manhattan"", ""model__n_neighbors"": 5, ""model__weights"": ""distance"", ""pca__n_components"": 36, ""scale__method"": ""standard""}",stage3_local_cv,0.7637499999999999,0.002931509849889633,320.0,5.543,5
stage3_443,stage3_seed_0,"{""clean__method"": ""tomek"", ""model__metric"": ""manhattan"", ""model__n_neighbors"": 8, ""model__weights"": ""distance"", ""pca__n_components"": 44, ""scale__method"": ""standard""}",tomek,standard,44,8,manhattan,"{""clean__method"": ""tomek"", ""model__metric"": ""manhattan"", ""model__n_neighbors"": 8, ""model__weights"": ""distance"", ""pca__n_components"": 44, ""scale__method"": ""standard""}",stage3_local_cv,0.763625,0.009171968163922068,160.0,7.123,5
stage3_710,stage3_seed_3,"{""clean__method"": ""lof_0.05"", ""model__metric"": ""euclidean"", ""model__n_neighbors"": 3, ""model__weights"": ""distance"", ""pca__n_components"": 64, ""scale__method"": ""robust""}",lof_0.05,robust,64,3,euclidean,"{""clean__method"": ""lof_0.05"", ""model__metric"": ""euclidean"", ""model__n_neighbors"": 3, ""model__weights"": ""distance"", ""pca__n_components"": 64, ""scale__method"": ""robust""}",stage3_local_cv,0.763625,0.004782781617427255,320.0,3.4430000000000005,5
stage3_002,stage3_seed_0,"{""clean__method"": ""lof_0.03"", ""model__metric"": ""euclidean"", ""model__n_neighbors"": 3, ""model__weights"": ""distance"", ""pca__n_components"": 40, ""scale__method"": ""robust""}",lof_0.03,robust,40,3,euclidean,"{""clean__method"": ""lof_0.03"", ""model__metric"": ""euclidean"", ""model__n_neighbors"": 3, ""model__weights"": ""distance"", ""pca__n_components"": 40, ""scale__method"": ""robust""}",stage3_local_cv,0.7635000000000001,0.0063565910675455525,192.0,3.832,5
stage3_766,stage3_seed_3,"{""clean__method"": ""none"", ""model__metric"": ""euclidean"", ""model__n_neighbors"": 8, ""model__weights"": ""distance"", ""pca__n_components"": 64, ""scale__method"": ""robust""}",none,robust,64,8,euclidean,"{""clean__method"": ""none"", ""model__metric"": ""euclidean"", ""model__n_neighbors"": 8, ""model__weights"": ""distance"", ""pca__n_components"": 64, ""scale__method"": ""robust""}",stage3_local_cv,0.7635,0.007401435671543749,0.0,1.7080000000000002,5
stage3_466,stage3_seed_0,"{""clean__method"": ""tomek"", ""model__metric"": ""euclidean"", ""model__n_neighbors"": 8, ""model__weights"": ""distance"", ""pca__n_components"": 52, ""scale__method"": ""standard""}",tomek,standard,52,8,euclidean,"{""clean__method"": ""tomek"", ""model__metric"": ""euclidean"", ""model__n_neighbors"": 8, ""model__weights"": ""distance"", ""pca__n_components"": 52, ""scale__method"": ""standard""}",stage3_local_cv,0.7635,0.005976516543940945,160.0,4.416,5
stage3_635,stage3_seed_2,"{""clean__method"": ""tomek"", ""model__metric"": ""manhattan"", ""model__n_neighbors"": 8, ""model__weights"": ""distance"", ""pca__n_components"": 36, ""scale__method"": ""robust""}",tomek,robust,36,8,manhattan,"{""clean__method"": ""tomek"", ""model__metric"": ""manhattan"", ""model__n_neighbors"": 8, ""model__weights"": ""distance"", ""pca__n_components"": 36, ""scale__method"": ""robust""}",stage3_local_cv,0.7635,0.0017499999999999961,160.0,7.061999999999999,5
stage3_010,stage3_seed_0,"{""clean__method"": ""lof_0.03"", ""model__metric"": ""euclidean"", ""model__n_neighbors"": 8, ""model__weights"": ""distance"", ""pca__n_components"": 40, ""scale__method"": ""robust""}",lof_0.03,robust,40,8,euclidean,"{""clean__method"": ""lof_0.03"", ""model__metric"": ""euclidean"", ""model__n_neighbors"": 8, ""model__weights"": ""distance"", ""pca__n_components"": 40, ""scale__method"": ""robust""}",stage3_local_cv,0.7635,0.012206555615733711,192.0,3.907,5
stage3_146,stage3_seed_0,"{""clean__method"": ""lof_0.05"", ""model__metric"": ""euclidean"", ""model__n_neighbors"": 3, ""model__weights"": ""distance"", ""pca__n_components"": 48, ""scale__method"": ""robust""}",lof_0.05,robust,48,3,euclidean,"{""clean__method"": ""lof_0.05"", ""model__metric"": ""euclidean"", ""model__n_neighbors"": 3, ""model__weights"": ""distance"", ""pca__n_components"": 48, ""scale__method"": ""robust""}",stage3_local_cv,0.763375,0.0044123406486806915,320.0,3.712,5
stage3_319,stage3_seed_0,"{""clean__method"": ""none"", ""model__metric"": ""manhattan"", ""model__n_neighbors"": 5, ""model__weights"": ""distance"", ""pca__n_components"": 44, ""scale__method"": ""standard""}",none,standard,44,5,manhattan,"{""clean__method"": ""none"", ""model__metric"": ""manhattan"", ""model__n_neighbors"": 5, ""model__weights"": ""distance"", ""pca__n_components"": 44, ""scale__method"": ""standard""}",stage3_local_cv,0.76325,0.006463841736923957,0.0,3.8899999999999997,5
stage3_151,stage3_seed_0,"{""clean__method"": ""lof_0.05"", ""model__metric"": ""manhattan"", ""model__n_neighbors"": 5, ""model__weights"": ""distance"", ""pca__n_components"": 48, ""scale__method"": ""robust""}",lof_0.05,robust,48,5,manhattan,"{""clean__method"": ""lof_0.05"", ""model__metric"": ""manhattan"", ""model__n_neighbors"": 5, ""model__weights"": ""distance"", ""pca__n_components"": 48, ""scale__method"": ""robust""}",stage3_local_cv,0.7631249999999999,0.007093130479555552,320.0,6.775999999999999,5
stage3_526,stage3_seed_1,"{""clean__method"": ""lof_0.03"", ""model__metric"": ""euclidean"", ""model__n_neighbors"": 8, ""model__weights"": ""distance"", ""pca__n_components"": 36, ""scale__method"": ""standard""}",lof_0.03,standard,36,8,euclidean,"{""clean__method"": ""lof_0.03"", ""model__metric"": ""euclidean"", ""model__n_neighbors"": 8, ""model__weights"": ""distance"", ""pca__n_components"": 36, ""scale__method"": ""standard""}",stage3_local_cv,0.7630000000000001,0.010675614736398109,192.0,3.383,5
stage3_499,stage3_seed_1,"{""clean__method"": ""lof_0.03"", ""model__metric"": ""manhattan"", ""model__n_neighbors"": 5, ""model__weights"": ""distance"", ""pca__n_components"": 36, ""scale__method"": ""robust""}",lof_0.03,robust,36,5,manhattan,"{""clean__method"": ""lof_0.03"", ""model__metric"": ""manhattan"", ""model__n_neighbors"": 5, ""model__weights"": ""distance"", ""pca__n_components"": 36, ""scale__method"": ""robust""}",stage3_local_cv,0.7630000000000001,0.00524999999999997,192.0,5.457,5
stage3_007,stage3_seed_0,"{""clean__method"": ""lof_0.03"", ""model__metric"": ""manhattan"", ""model__n_neighbors"": 5, ""model__weights"": ""distance"", ""pca__n_components"": 40, ""scale__method"": ""robust""}",lof_0.03,robust,40,5,manhattan,"{""clean__method"": ""lof_0.03"", ""model__metric"": ""manhattan"", ""model__n_neighbors"": 5, ""model__weights"": ""distance"", ""pca__n_components"": 40, ""scale__method"": ""robust""}",stage3_local_cv,0.762875,0.009105286925737139,192.0,6.608,5
stage3_650,stage3_seed_3,"{""clean__method"": ""lof_0.03"", ""model__metric"": ""euclidean"", ""model__n_neighbors"": 3, ""model__weights"": ""distance"", ""pca__n_components"": 60, ""scale__method"": ""robust""}",lof_0.03,robust,60,3,euclidean,"{""clean__method"": ""lof_0.03"", ""model__metric"": ""euclidean"", ""model__n_neighbors"": 3, ""model__weights"": ""distance"", ""pca__n_components"": 60, ""scale__method"": ""robust""}",stage3_local_cv,0.76275,0.0052529753473626725,192.0,4.215,5
stage3_523,stage3_seed_1,"{""clean__method"": ""lof_0.03"", ""model__metric"": ""manhattan"", ""model__n_neighbors"": 5, ""model__weights"": ""distance"", ""pca__n_components"": 36, ""scale__method"": ""standard""}",lof_0.03,standard,36,5,manhattan,"{""clean__method"": ""lof_0.03"", ""model__metric"": ""manhattan"", ""model__n_neighbors"": 5, ""model__weights"": ""distance"", ""pca__n_components"": 36, ""scale__method"": ""standard""}",stage3_local_cv,0.7627499999999999,0.007516648189186474,192.0,5.289000000000001,5
stage3_484,stage3_seed_1,"{""clean__method"": ""lof_0.03"", ""model__metric"": ""euclidean"", ""model__n_neighbors"": 4, ""model__weights"": ""distance"", ""pca__n_components"": 32, ""scale__method"": ""robust""}",lof_0.03,robust,32,4,euclidean,"{""clean__method"": ""lof_0.03"", ""model__metric"": ""euclidean"", ""model__n_neighbors"": 4, ""model__weights"": ""distance"", ""pca__n_components"": 32, ""scale__method"": ""robust""}",stage3_local_cv,0.7626250000000001,0.010196506754766575,192.0,3.2260000000000004,5
stage3_734,stage3_seed_3,"{""clean__method"": ""lof_0.05"", ""model__metric"": ""euclidean"", ""model__n_neighbors"": 3, ""model__weights"": ""distance"", ""pca__n_components"": 64, ""scale__method"": ""standard""}",lof_0.05,standard,64,3,euclidean,"{""clean__method"": ""lof_0.05"", ""model__metric"": ""euclidean"", ""model__n_neighbors"": 3, ""model__weights"": ""distance"", ""pca__n_components"": 64, ""scale__method"": ""standard""}",stage3_local_cv,0.762625,0.005129571132170798,320.0,3.007,5
stage3_182,stage3_seed_0,"{""clean__method"": ""lof_0.05"", ""model__metric"": ""euclidean"", ""model__n_neighbors"": 3, ""model__weights"": ""distance"", ""pca__n_components"": 40, ""scale__method"": ""standard""}",lof_0.05,standard,40,3,euclidean,"{""clean__method"": ""lof_0.05"", ""model__metric"": ""euclidean"", ""model__n_neighbors"": 3, ""model__weights"": ""distance"", ""pca__n_components"": 40, ""scale__method"": ""standard""}",stage3_local_cv,0.7625000000000001,0.007234898064243869,320.0,3.247,5
stage3_622,stage3_seed_1,"{""clean__method"": ""none"", ""model__metric"": ""euclidean"", ""model__n_neighbors"": 8, ""model__weights"": ""distance"", ""pca__n_components"": 36, ""scale__method"": ""standard""}",none,standard,36,8,euclidean,"{""clean__method"": ""none"", ""model__metric"": ""euclidean"", ""model__n_neighbors"": 8, ""model__weights"": ""distance"", ""pca__n_components"": 36, ""scale__method"": ""standard""}",stage3_local_cv,0.7625,0.00872317316118397,0.0,1.044,5
stage3_122,stage3_seed_0,"{""clean__method"": ""lof_0.05"", ""model__metric"": ""euclidean"", ""model__n_neighbors"": 3, ""model__weights"": ""distance"", ""pca__n_components"": 40, ""scale__method"": ""robust""}",lof_0.05,robust,40,3,euclidean,"{""clean__method"": ""lof_0.05"", ""model__metric"": ""euclidean"", ""model__n_neighbors"": 3, ""model__weights"": ""distance"", ""pca__n_components"": 40, ""scale__method"": ""robust""}",stage3_local_cv,0.7625,0.0071698151998499885,320.0,3.3289999999999997,5
stage3_187,stage3_seed_0,"{""clean__method"": ""lof_0.05"", ""model__metric"": ""manhattan"", ""model__n_neighbors"": 5, ""model__weights"": ""distance"", ""pca__n_components"": 40, ""scale__method"": ""standard""}",lof_0.05,standard,40,5,manhattan,"{""clean__method"": ""lof_0.05"", ""model__metric"": ""manhattan"", ""model__n_neighbors"": 5, ""model__weights"": ""distance"", ""pca__n_components"": 40, ""scale__method"": ""standard""}",stage3_local_cv,0.7625,0.009228014412645856,320.0,6.302,5
stage3_454,stage3_seed_0,"{""clean__method"": ""tomek"", ""model__metric"": ""euclidean"", ""model__n_neighbors"": 8, ""model__weights"": ""distance"", ""pca__n_components"": 48, ""scale__method"": ""standard""}",tomek,standard,48,8,euclidean,"{""clean__method"": ""tomek"", ""model__metric"": ""euclidean"", ""model__n_neighbors"": 8, ""model__weights"": ""distance"", ""pca__n_components"": 48, ""scale__method"": ""standard""}",stage3_local_cv,0.7622500000000001,0.007327175444876431,160.0,6.132000000000001,5
stage3_103,stage3_seed_0,"{""clean__method"": ""lof_0.03"", ""model__metric"": ""manhattan"", ""model__n_neighbors"": 5, ""model__weights"": ""distance"", ""pca__n_components"": 52, ""scale__method"": ""standard""}",lof_0.03,standard,52,5,manhattan,"{""clean__method"": ""lof_0.03"", ""model__metric"": ""manhattan"", ""model__n_neighbors"": 5, ""model__weights"": ""distance"", ""pca__n_components"": 52, ""scale__method"": ""standard""}",stage3_local_cv,0.7622500000000001,0.005910795208768426,192.0,6.298,5
stage3_770,stage3_seed_3,"{""clean__method"": ""none"", ""model__metric"": ""euclidean"", ""model__n_neighbors"": 3, ""model__weights"": ""distance"", ""pca__n_components"": 60, ""scale__method"": ""standard""}",none,standard,60,3,euclidean,"{""clean__method"": ""none"", ""model__metric"": ""euclidean"", ""model__n_neighbors"": 3, ""model__weights"": ""distance"", ""pca__n_components"": 60, ""scale__method"": ""standard""}",stage3_local_cv,0.76225,0.0028668362352949083,0.0,1.1139999999999999,5
stage3_478,stage3_seed_0,"{""clean__method"": ""tomek"", ""model__metric"": ""euclidean"", ""model__n_neighbors"": 8, ""model__weights"": ""distance"", ""pca__n_components"": 56, ""scale__method"": ""standard""}",tomek,standard,56,8,euclidean,"{""clean__method"": ""tomek"", ""model__metric"": ""euclidean"", ""model__n_neighbors"": 8, ""model__weights"": ""distance"", ""pca__n_components"": 56, ""scale__method"": ""standard""}",stage3_local_cv,0.76225,0.003984344362627308,160.0,4.426,5
stage3_674,stage3_seed_3,"{""clean__method"": ""lof_0.03"", ""model__metric"": ""euclidean"", ""model__n_neighbors"": 3, ""model__weights"": ""distance"", ""pca__n_components"": 60, ""scale__method"": ""standard""}",lof_0.03,standard,60,3,euclidean,"{""clean__method"": ""lof_0.03"", ""model__metric"": ""euclidean"", ""model__n_neighbors"": 3, ""model__weights"": ""distance"", ""pca__n_components"": 60, ""scale__method"": ""standard""}",stage3_local_cv,0.76225,0.00465362761724655,192.0,3.139,5
stage3_595,stage3_seed_1,"{""clean__method"": ""none"", ""model__metric"": ""manhattan"", ""model__n_neighbors"": 5, ""model__weights"": ""distance"", ""pca__n_components"": 36, ""scale__method"": ""robust""}",none,robust,36,5,manhattan,"{""clean__method"": ""none"", ""model__metric"": ""manhattan"", ""model__n_neighbors"": 5, ""model__weights"": ""distance"", ""pca__n_components"": 36, ""scale__method"": ""robust""}",stage3_local_cv,0.762125,0.008259464268340897,0.0,3.787,5
stage3_418,stage3_seed_0,"{""clean__method"": ""tomek"", ""model__metric"": ""euclidean"", ""model__n_neighbors"": 8, ""model__weights"": ""distance"", ""pca__n_components"": 56, ""scale__method"": ""robust""}",tomek,robust,56,8,euclidean,"{""clean__method"": ""tomek"", ""model__metric"": ""euclidean"", ""model__n_neighbors"": 8, ""model__weights"": ""distance"", ""pca__n_components"": 56, ""scale__method"": ""robust""}",stage3_local_cv,0.7621249999999999,0.00579061741095022,160.0,5.3100000000000005,5
stage3_502,stage3_seed_1,"{""clean__method"": ""lof_0.03"", ""model__metric"": ""euclidean"", ""model__n_neighbors"": 8, ""model__weights"": ""distance"", ""pca__n_components"": 36, ""scale__method"": ""robust""}",lof_0.03,robust,36,8,euclidean,"{""clean__method"": ""lof_0.03"", ""model__metric"": ""euclidean"", ""model__n_neighbors"": 8, ""model__weights"": ""distance"", ""pca__n_components"": 36, ""scale__method"": ""robust""}",stage3_local_cv,0.7621249999999999,0.010105691465703899,192.0,3.681,5
stage3_580,stage3_seed_1,"{""clean__method"": ""none"", ""model__metric"": ""euclidean"", ""model__n_neighbors"": 4, ""model__weights"": ""distance"", ""pca__n_components"": 32, ""scale__method"": ""robust""}",none,robust,32,4,euclidean,"{""clean__method"": ""none"", ""model__metric"": ""euclidean"", ""model__n_neighbors"": 4, ""model__weights"": ""distance"", ""pca__n_components"": 32, ""scale__method"": ""robust""}",stage3_local_cv,0.762,0.008973920547898796,0.0,1.758,5
stage3_019,stage3_seed_0,"{""clean__method"": ""lof_0.03"", ""model__metric"": ""manhattan"", ""model__n_neighbors"": 5, ""model__weights"": ""distance"", ""pca__n_components"": 44, ""scale__method"": ""robust""}",lof_0.03,robust,44,5,manhattan,"{""clean__method"": ""lof_0.03"", ""model__metric"": ""manhattan"", ""model__n_neighbors"": 5, ""model__weights"": ""distance"", ""pca__n_components"": 44, ""scale__method"": ""robust""}",stage3_local_cv,0.7619999999999999,0.010682930309610754,192.0,6.314,5
stage3_062,stage3_seed_0,"{""clean__method"": ""lof_0.03"", ""model__metric"": ""euclidean"", ""model__n_neighbors"": 3, ""model__weights"": ""distance"", ""pca__n_components"": 40, ""scale__method"": ""standard""}",lof_0.03,standard,40,3,euclidean,"{""clean__method"": ""lof_0.03"", ""model__metric"": ""euclidean"", ""model__n_neighbors"": 3, ""model__weights"": ""distance"", ""pca__n_components"": 40, ""scale__method"": ""standard""}",stage3_local_cv,0.7618750000000001,0.007048936089935832,192.0,2.875,5
stage3_406,stage3_seed_0,"{""clean__method"": ""tomek"", ""model__metric"": ""euclidean"", ""model__n_neighbors"": 8, ""model__weights"": ""distance"", ""pca__n_components"": 52, ""scale__method"": ""robust""}",tomek,robust,52,8,euclidean,"{""clean__method"": ""tomek"", ""model__metric"": ""euclidean"", ""model__n_neighbors"": 8, ""model__weights"": ""distance"", ""pca__n_components"": 52, ""scale__method"": ""robust""}",stage3_local_cv,0.761875,0.005659615711335877,160.0,5.98,5
stage3_604,stage3_seed_1,"{""clean__method"": ""none"", ""model__metric"": ""euclidean"", ""model__n_neighbors"": 4, ""model__weights"": ""distance"", ""pca__n_components"": 32, ""scale__method"": ""standard""}",none,standard,32,4,euclidean,"{""clean__method"": ""none"", ""model__metric"": ""euclidean"", ""model__n_neighbors"": 4, ""model__weights"": ""distance"", ""pca__n_components"": 32, ""scale__method"": ""standard""}",stage3_local_cv,0.7618749999999999,0.009005206827163947,0.0,0.937,5
stage3_442,stage3_seed_0,"{""clean__method"": ""tomek"", ""model__metric"": ""euclidean"", ""model__n_neighbors"": 8, ""model__weights"": ""distance"", ""pca__n_components"": 44, ""scale__method"": ""standard""}",tomek,standard,44,8,euclidean,"{""clean__method"": ""tomek"", ""model__metric"": ""euclidean"", ""model__n_neighbors"": 8, ""model__weights"": ""distance"", ""pca__n_components"": 44, ""scale__method"": ""standard""}",stage3_local_cv,0.76175,0.011134125470821665,160.0,4.7589999999999995,5
stage3_790,stage3_seed_3,"{""clean__method"": ""none"", ""model__metric"": ""euclidean"", ""model__n_neighbors"": 8, ""model__weights"": ""distance"", ""pca__n_components"": 64, ""scale__method"": ""standard""}",none,standard,64,8,euclidean,"{""clean__method"": ""none"", ""model__metric"": ""euclidean"", ""model__n_neighbors"": 8, ""model__weights"": ""distance"", ""pca__n_components"": 64, ""scale__method"": ""standard""}",stage3_local_cv,0.7617499999999999,0.006793839120850601,0.0,0.913,5
stage3_598,stage3_seed_1,"{""clean__method"": ""none"", ""model__metric"": ""euclidean"", ""model__n_neighbors"": 8, ""model__weights"": ""distance"", ""pca__n_components"": 36, ""scale__method"": ""robust""}",none,robust,36,8,euclidean,"{""clean__method"": ""none"", ""model__metric"": ""euclidean"", ""model__n_neighbors"": 8, ""model__weights"": ""distance"", ""pca__n_components"": 36, ""scale__method"": ""robust""}",stage3_local_cv,0.761625,0.007970649283464937,0.0,1.59,5
stage3_536,stage3_seed_1,"{""clean__method"": ""lof_0.05"", ""model__metric"": ""euclidean"", ""model__n_neighbors"": 6, ""model__weights"": ""distance"", ""pca__n_components"": 32, ""scale__method"": ""robust""}",lof_0.05,robust,32,6,euclidean,"{""clean__method"": ""lof_0.05"", ""model__metric"": ""euclidean"", ""model__n_neighbors"": 6, ""model__weights"": ""distance"", ""pca__n_components"": 32, ""scale__method"": ""robust""}",stage3_local_cv,0.761625,0.010410331406828533,320.0,3.8110000000000004,5
stage3_529,stage3_seed_1,"{""clean__method"": ""lof_0.05"", ""model__metric"": ""manhattan"", ""model__n_neighbors"": 2, ""model__weights"": ""distance"", ""pca__n_components"": 32, ""scale__method"": ""robust""}",lof_0.05,robust,32,2,manhattan,"{""clean__method"": ""lof_0.05"", ""model__metric"": ""manhattan"", ""model__n_neighbors"": 2, ""model__weights"": ""distance"", ""pca__n_components"": 32, ""scale__method"": ""robust""}",stage3_local_cv,0.7615000000000001,0.0043945989578117505,320.0,6.538,5
stage3_175,stage3_seed_0,"{""clean__method"": ""lof_0.05"", ""model__metric"": ""manhattan"", ""model__n_neighbors"": 5, ""model__weights"": ""distance"", ""pca__n_components"": 56, ""scale__method"": ""robust""}",lof_0.05,robust,56,5,manhattan,"{""clean__method"": ""lof_0.05"", ""model__metric"": ""manhattan"", ""model__n_neighbors"": 5, ""model__weights"": ""distance"", ""pca__n_components"": 56, ""scale__method"": ""robust""}",stage3_local_cv,0.7615000000000001,0.010220995548379798,320.0,7.418000000000001,5
stage3_560,stage3_seed_1,"{""clean__method"": ""lof_0.05"", ""model__metric"": ""euclidean"", ""model__n_neighbors"": 6, ""model__weights"": ""distance"", ""pca__n_components"": 32, ""scale__method"": ""standard""}",lof_0.05,standard,32,6,euclidean,"{""clean__method"": ""lof_0.05"", ""model__metric"": ""euclidean"", ""model__n_neighbors"": 6, ""model__weights"": ""distance"", ""pca__n_components"": 32, ""scale__method"": ""standard""}",stage3_local_cv,0.761375,0.010378764377323527,320.0,2.869,5
stage3_695,stage3_seed_3,"{""clean__method"": ""lof_0.03"", ""model__metric"": ""manhattan"", ""model__n_neighbors"": 8, ""model__weights"": ""distance"", ""pca__n_components"": 64, ""scale__method"": ""standard""}",lof_0.03,standard,64,8,manhattan,"{""clean__method"": ""lof_0.03"", ""model__metric"": ""manhattan"", ""model__n_neighbors"": 8, ""model__weights"": ""distance"", ""pca__n_components"": 64, ""scale__method"": ""standard""}",stage3_local_cv,0.76125,0.002304886114323251,192.0,7.092,5
stage3_079,stage3_seed_0,"{""clean__method"": ""lof_0.03"", ""model__metric"": ""manhattan"", ""model__n_neighbors"": 5, ""model__weights"": ""distance"", ""pca__n_components"": 44, ""scale__method"": ""standard""}",lof_0.03,standard,44,5,manhattan,"{""clean__method"": ""lof_0.03"", ""model__metric"": ""manhattan"", ""model__n_neighbors"": 5, ""model__weights"": ""distance"", ""pca__n_components"": 44, ""scale__method"": ""standard""}",stage3_local_cv,0.761125,0.007097534783289206,192.0,6.183,5
stage3_719,stage3_seed_3,"{""clean__method"": ""lof_0.05"", ""model__metric"": ""manhattan"", ""model__n_neighbors"": 8, ""model__weights"": ""distance"", ""pca__n_components"": 64, ""scale__method"": ""robust""}",lof_0.05,robust,64,8,manhattan,"{""clean__method"": ""lof_0.05"", ""model__metric"": ""manhattan"", ""model__n_neighbors"": 8, ""model__weights"": ""distance"", ""pca__n_components"": 64, ""scale__method"": ""robust""}",stage3_local_cv,0.761125,0.011127106542133947,320.0,7.7780000000000005,5
stage3_626,stage3_seed_2,"{""clean__method"": ""tomek"", ""model__metric"": ""euclidean"", ""model__n_neighbors"": 3, ""model__weights"": ""distance"", ""pca__n_components"": 36, ""scale__method"": ""robust""}",tomek,robust,36,3,euclidean,"{""clean__method"": ""tomek"", ""model__metric"": ""euclidean"", ""model__n_neighbors"": 3, ""model__weights"": ""distance"", ""pca__n_components"": 36, ""scale__method"": ""robust""}",stage3_local_cv,0.761,0.005009366227378491,160.0,4.697,5
stage3_698,stage3_seed_3,"{""clean__method"": ""lof_0.05"", ""model__metric"": ""euclidean"", ""model__n_neighbors"": 3, ""model__weights"": ""distance"", ""pca__n_components"": 60, ""scale__method"": ""robust""}",lof_0.05,robust,60,3,euclidean,"{""clean__method"": ""lof_0.05"", ""model__metric"": ""euclidean"", ""model__n_neighbors"": 3, ""model__weights"": ""distance"", ""pca__n_components"": 60, ""scale__method"": ""robust""}",stage3_local_cv,0.7609999999999999,0.004358898943540669,320.0,5.162000000000001,5
stage3_382,stage3_seed_0,"{""clean__method"": ""tomek"", ""model__metric"": ""euclidean"", ""model__n_neighbors"": 8, ""model__weights"": ""distance"", ""pca__n_components"": 44, ""scale__method"": ""robust""}",tomek,robust,44,8,euclidean,"{""clean__method"": ""tomek"", ""model__metric"": ""euclidean"", ""model__n_neighbors"": 8, ""model__weights"": ""distance"", ""pca__n_components"": 44, ""scale__method"": ""robust""}",stage3_local_cv,0.7608750000000001,0.008192984804086992,160.0,6.9590000000000005,5
stage3_722,stage3_seed_3,"{""clean__method"": ""lof_0.05"", ""model__metric"": ""euclidean"", ""model__n_neighbors"": 3, ""model__weights"": ""distance"", ""pca__n_components"": 60, ""scale__method"": ""standard""}",lof_0.05,standard,60,3,euclidean,"{""clean__method"": ""lof_0.05"", ""model__metric"": ""euclidean"", ""model__n_neighbors"": 3, ""model__weights"": ""distance"", ""pca__n_components"": 60, ""scale__method"": ""standard""}",stage3_local_cv,0.7608750000000001,0.003803781013675736,320.0,3.4930000000000003,5
stage3_343,stage3_seed_0,"{""clean__method"": ""none"", ""model__metric"": ""manhattan"", ""model__n_neighbors"": 5, ""model__weights"": ""distance"", ""pca__n_components"": 52, ""scale__method"": ""standard""}",none,standard,52,5,manhattan,"{""clean__method"": ""none"", ""model__metric"": ""manhattan"", ""model__n_neighbors"": 5, ""model__weights"": ""distance"", ""pca__n_components"": 52, ""scale__method"": ""standard""}",stage3_local_cv,0.7608749999999999,0.008068069781552445,0.0,4.162,5
stage3_271,stage3_seed_0,"{""clean__method"": ""none"", ""model__metric"": ""manhattan"", ""model__n_neighbors"": 5, ""model__weights"": ""distance"", ""pca__n_components"": 48, ""scale__method"": ""robust""}",none,robust,48,5,manhattan,"{""clean__method"": ""none"", ""model__metric"": ""manhattan"", ""model__n_neighbors"": 5, ""model__weights"": ""distance"", ""pca__n_components"": 48, ""scale__method"": ""robust""}",stage3_local_cv,0.76075,0.0067708012819754325,0.0,4.264,5
stage3_370,stage3_seed_0,"{""clean__method"": ""tomek"", ""model__metric"": ""euclidean"", ""model__n_neighbors"": 8, ""model__weights"": ""distance"", ""pca__n_components"": 40, ""scale__method"": ""robust""}",tomek,robust,40,8,euclidean,"{""clean__method"": ""tomek"", ""model__metric"": ""euclidean"", ""model__n_neighbors"": 8, ""model__weights"": ""distance"", ""pca__n_components"": 40, ""scale__method"": ""robust""}",stage3_local_cv,0.76075,0.0118281972421836,160.0,5.051,5
stage3_542,stage3_seed_1,"{""clean__method"": ""lof_0.05"", ""model__metric"": ""euclidean"", ""model__n_neighbors"": 3, ""model__weights"": ""distance"", ""pca__n_components"": 36, ""scale__method"": ""robust""}",lof_0.05,robust,36,3,euclidean,"{""clean__method"": ""lof_0.05"", ""model__metric"": ""euclidean"", ""model__n_neighbors"": 3, ""model__weights"": ""distance"", ""pca__n_components"": 36, ""scale__method"": ""robust""}",stage3_local_cv,0.76075,0.0066072876432012335,320.0,3.979,5
stage3_223,stage3_seed_0,"{""clean__method"": ""lof_0.05"", ""model__metric"": ""manhattan"", ""model__n_neighbors"": 5, ""model__weights"": ""distance"", ""pca__n_components"": 52, ""scale__method"": ""standard""}",lof_0.05,standard,52,5,manhattan,"{""clean__method"": ""lof_0.05"", ""model__metric"": ""manhattan"", ""model__n_neighbors"": 5, ""model__weights"": ""distance"", ""pca__n_components"": 52, ""scale__method"": ""standard""}",stage3_local_cv,0.760625,0.008338540040078966,320.0,6.806,5
stage3_566,stage3_seed_1,"{""clean__method"": ""lof_0.05"", ""model__metric"": ""euclidean"", ""model__n_neighbors"": 3, ""model__weights"": ""distance"", ""pca__n_components"": 36, ""scale__method"": ""standard""}",lof_0.05,standard,36,3,euclidean,"{""clean__method"": ""lof_0.05"", ""model__metric"": ""euclidean"", ""model__n_neighbors"": 3, ""model__weights"": ""distance"", ""pca__n_components"": 36, ""scale__method"": ""standard""}",stage3_local_cv,0.7606249999999999,0.0058094750193111305,320.0,3.814,5
stage3_067,stage3_seed_0,"{""clean__method"": ""lof_0.03"", ""model__metric"": ""manhattan"", ""model__n_neighbors"": 5, ""model__weights"": ""distance"", ""pca__n_components"": 40, ""scale__method"": ""standard""}",lof_0.03,standard,40,5,manhattan,"{""clean__method"": ""lof_0.03"", ""model__metric"": ""manhattan"", ""model__n_neighbors"": 5, ""model__weights"": ""distance"", ""pca__n_components"": 40, ""scale__method"": ""standard""}",stage3_local_cv,0.760375,0.004978076937934968,192.0,5.895999999999999,5
stage3_430,stage3_seed_0,"{""clean__method"": ""tomek"", ""model__metric"": ""euclidean"", ""model__n_neighbors"": 8, ""model__weights"": ""distance"", ""pca__n_components"": 40, ""scale__method"": ""standard""}",tomek,standard,40,8,euclidean,"{""clean__method"": ""tomek"", ""model__metric"": ""euclidean"", ""model__n_neighbors"": 8, ""model__weights"": ""distance"", ""pca__n_components"": 40, ""scale__method"": ""standard""}",stage3_local_cv,0.7602500000000001,0.01038779331715838,160.0,4.326,5
stage3_494,stage3_seed_1,"{""clean__method"": ""lof_0.03"", ""model__metric"": ""euclidean"", ""model__n_neighbors"": 3, ""model__weights"": ""distance"", ""pca__n_components"": 36, ""scale__method"": ""robust""}",lof_0.03,robust,36,3,euclidean,"{""clean__method"": ""lof_0.03"", ""model__metric"": ""euclidean"", ""model__n_neighbors"": 3, ""model__weights"": ""distance"", ""pca__n_components"": 36, ""scale__method"": ""robust""}",stage3_local_cv,0.760125,0.004337337893224343,192.0,3.319,5
stage3_259,stage3_seed_0,"{""clean__method"": ""none"", ""model__metric"": ""manhattan"", ""model__n_neighbors"": 5, ""model__weights"": ""distance"", ""pca__n_components"": 44, ""scale__method"": ""robust""}",none,robust,44,5,manhattan,"{""clean__method"": ""none"", ""model__metric"": ""manhattan"", ""model__n_neighbors"": 5, ""model__weights"": ""distance"", ""pca__n_components"": 44, ""scale__method"": ""robust""}",stage3_local_cv,0.759875,0.007514569182594606,0.0,4.109,5
stage3_043,stage3_seed_0,"{""clean__method"": ""lof_0.03"", ""model__metric"": ""manhattan"", ""model__n_neighbors"": 5, ""model__weights"": ""distance"", ""pca__n_components"": 52, ""scale__method"": ""robust""}",lof_0.03,robust,52,5,manhattan,"{""clean__method"": ""lof_0.03"", ""model__metric"": ""manhattan"", ""model__n_neighbors"": 5, ""model__weights"": ""distance"", ""pca__n_components"": 52, ""scale__method"": ""robust""}",stage3_local_cv,0.7598749999999999,0.0123832043510555,192.0,7.492,5
stage3_247,stage3_seed_0,"{""clean__method"": ""none"", ""model__metric"": ""manhattan"", ""model__n_neighbors"": 5, ""model__weights"": ""distance"", ""pca__n_components"": 40, ""scale__method"": ""robust""}",none,robust,40,5,manhattan,"{""clean__method"": ""none"", ""model__metric"": ""manhattan"", ""model__n_neighbors"": 5, ""model__weights"": ""distance"", ""pca__n_components"": 40, ""scale__method"": ""robust""}",stage3_local_cv,0.75975,0.008409444095777084,0.0,6.058,5
stage3_211,stage3_seed_0,"{""clean__method"": ""lof_0.05"", ""model__metric"": ""manhattan"", ""model__n_neighbors"": 5, ""model__weights"": ""distance"", ""pca__n_components"": 48, ""scale__method"": ""standard""}",lof_0.05,standard,48,5,manhattan,"{""clean__method"": ""lof_0.05"", ""model__metric"": ""manhattan"", ""model__n_neighbors"": 5, ""model__weights"": ""distance"", ""pca__n_components"": 48, ""scale__method"": ""standard""}",stage3_local_cv,0.75975,0.009630680142129118,320.0,6.541,5
stage3_590,stage3_seed_1,"{""clean__method"": ""none"", ""model__metric"": ""euclidean"", ""model__n_neighbors"": 3, ""model__weights"": ""distance"", ""pca__n_components"": 36, ""scale__method"": ""robust""}",none,robust,36,3,euclidean,"{""clean__method"": ""none"", ""model__metric"": ""euclidean"", ""model__n_neighbors"": 3, ""model__weights"": ""distance"", ""pca__n_components"": 36, ""scale__method"": ""robust""}",stage3_local_cv,0.759625,0.0062324754311589604,0.0,1.226,5
stage3_518,stage3_seed_1,"{""clean__method"": ""lof_0.03"", ""model__metric"": ""euclidean"", ""model__n_neighbors"": 3, ""model__weights"": ""distance"", ""pca__n_components"": 36, ""scale__method"": ""standard""}",lof_0.03,standard,36,3,euclidean,"{""clean__method"": ""lof_0.03"", ""model__metric"": ""euclidean"", ""model__n_neighbors"": 3, ""model__weights"": ""distance"", ""pca__n_components"": 36, ""scale__method"": ""standard""}",stage3_local_cv,0.759625,0.0034141250709369404,192.0,3.089,5
stage3_538,stage3_seed_1,"{""clean__method"": ""lof_0.05"", ""model__metric"": ""euclidean"", ""model__n_neighbors"": 8, ""model__weights"": ""distance"", ""pca__n_components"": 32, ""scale__method"": ""robust""}",lof_0.05,robust,32,8,euclidean,"{""clean__method"": ""lof_0.05"", ""model__metric"": ""euclidean"", ""model__n_neighbors"": 8, ""model__weights"": ""distance"", ""pca__n_components"": 32, ""scale__method"": ""robust""}",stage3_local_cv,0.759625,0.013599172768959132,320.0,3.2119999999999997,5
stage3_703,stage3_seed_3,"{""clean__method"": ""lof_0.05"", ""model__metric"": ""manhattan"", ""model__n_neighbors"": 5, ""model__weights"": ""distance"", ""pca__n_components"": 60, ""scale__method"": ""robust""}",lof_0.05,robust,60,5,manhattan,"{""clean__method"": ""lof_0.05"", ""model__metric"": ""manhattan"", ""model__n_neighbors"": 5, ""model__weights"": ""distance"", ""pca__n_components"": 60, ""scale__method"": ""robust""}",stage3_local_cv,0.759625,0.007782191208136695,320.0,6.929,5
stage3_638,stage3_seed_2,"{""clean__method"": ""tomek"", ""model__metric"": ""euclidean"", ""model__n_neighbors"": 3, ""model__weights"": ""distance"", ""pca__n_components"": 36, ""scale__method"": ""standard""}",tomek,standard,36,3,euclidean,"{""clean__method"": ""tomek"", ""model__metric"": ""euclidean"", ""model__n_neighbors"": 3, ""model__weights"": ""distance"", ""pca__n_components"": 36, ""scale__method"": ""standard""}",stage3_local_cv,0.7595000000000001,0.005665134596812334,160.0,4.838,5
stage3_488,stage3_seed_1,"{""clean__method"": ""lof_0.03"", ""model__metric"": ""euclidean"", ""model__n_neighbors"": 6, ""model__weights"": ""distance"", ""pca__n_components"": 32, ""scale__method"": ""robust""}",lof_0.03,robust,32,6,euclidean,"{""clean__method"": ""lof_0.03"", ""model__metric"": ""euclidean"", ""model__n_neighbors"": 6, ""model__weights"": ""distance"", ""pca__n_components"": 32, ""scale__method"": ""robust""}",stage3_local_cv,0.7595000000000001,0.010849827187563886,192.0,3.2409999999999997,5
stage3_577,stage3_seed_1,"{""clean__method"": ""none"", ""model__metric"": ""manhattan"", ""model__n_neighbors"": 2, ""model__weights"": ""distance"", ""pca__n_components"": 32, ""scale__method"": ""robust""}",none,robust,32,2,manhattan,"{""clean__method"": ""none"", ""model__metric"": ""manhattan"", ""model__n_neighbors"": 2, ""model__weights"": ""distance"", ""pca__n_components"": 32, ""scale__method"": ""robust""}",stage3_local_cv,0.7595,0.00329298496807987,0.0,3.504,5
stage3_481,stage3_seed_1,"{""clean__method"": ""lof_0.03"", ""model__metric"": ""manhattan"", ""model__n_neighbors"": 2, ""model__weights"": ""distance"", ""pca__n_components"": 32, ""scale__method"": ""robust""}",lof_0.03,robust,32,2,manhattan,"{""clean__method"": ""lof_0.03"", ""model__metric"": ""manhattan"", ""model__n_neighbors"": 2, ""model__weights"": ""distance"", ""pca__n_components"": 32, ""scale__method"": ""robust""}",stage3_local_cv,0.759375,0.0021650635094610953,192.0,6.175000000000001,5
stage3_562,stage3_seed_1,"{""clean__method"": ""lof_0.05"", ""model__metric"": ""euclidean"", ""model__n_neighbors"": 8, ""model__weights"": ""distance"", ""pca__n_components"": 32, ""scale__method"": ""standard""}",lof_0.05,standard,32,8,euclidean,"{""clean__method"": ""lof_0.05"", ""model__metric"": ""euclidean"", ""model__n_neighbors"": 8, ""model__weights"": ""distance"", ""pca__n_components"": 32, ""scale__method"": ""standard""}",stage3_local_cv,0.759375,0.012759800155174847,320.0,2.9309999999999996,5
stage3_587,stage3_seed_1,"{""clean__method"": ""none"", ""model__metric"": ""manhattan"", ""model__n_neighbors"": 8, ""model__weights"": ""distance"", ""pca__n_components"": 32, ""scale__method"": ""robust""}",none,robust,32,8,manhattan,"{""clean__method"": ""none"", ""model__metric"": ""manhattan"", ""model__n_neighbors"": 8, ""model__weights"": ""distance"", ""pca__n_components"": 32, ""scale__method"": ""robust""}",stage3_local_cv,0.75925,0.0025433737436720023,0.0,3.365,5
stage3_611,stage3_seed_1,"{""clean__method"": ""none"", ""model__metric"": ""manhattan"", ""model__n_neighbors"": 8, ""model__weights"": ""distance"", ""pca__n_components"": 32, ""scale__method"": ""standard""}",none,standard,32,8,manhattan,"{""clean__method"": ""none"", ""model__metric"": ""manhattan"", ""model__n_neighbors"": 8, ""model__weights"": ""distance"", ""pca__n_components"": 32, ""scale__method"": ""standard""}",stage3_local_cv,0.759125,0.0063072379057714165,0.0,2.8589999999999995,5
stage3_646,stage3_seed_2,"{""clean__method"": ""tomek"", ""model__metric"": ""euclidean"", ""model__n_neighbors"": 8, ""model__weights"": ""distance"", ""pca__n_components"": 36, ""scale__method"": ""standard""}",tomek,standard,36,8,euclidean,"{""clean__method"": ""tomek"", ""model__metric"": ""euclidean"", ""model__n_neighbors"": 8, ""model__weights"": ""distance"", ""pca__n_components"": 36, ""scale__method"": ""standard""}",stage3_local_cv,0.759,0.007589054618330257,160.0,4.312,5
stage3_614,stage3_seed_1,"{""clean__method"": ""none"", ""model__metric"": ""euclidean"", ""model__n_neighbors"": 3, ""model__weights"": ""distance"", ""pca__n_components"": 36, ""scale__method"": ""standard""}",none,standard,36,3,euclidean,"{""clean__method"": ""none"", ""model__metric"": ""euclidean"", ""model__n_neighbors"": 3, ""model__weights"": ""distance"", ""pca__n_components"": 36, ""scale__method"": ""standard""}",stage3_local_cv,0.758875,0.005986965007414008,0.0,0.834,5
stage3_115,stage3_seed_0,"{""clean__method"": ""lof_0.03"", ""model__metric"": ""manhattan"", ""model__n_neighbors"": 5, ""model__weights"": ""distance"", ""pca__n_components"": 56, ""scale__method"": ""standard""}",lof_0.03,standard,56,5,manhattan,"{""clean__method"": ""lof_0.03"", ""model__metric"": ""manhattan"", ""model__n_neighbors"": 5, ""model__weights"": ""distance"", ""pca__n_components"": 56, ""scale__method"": ""standard""}",stage3_local_cv,0.75875,0.005714564725331218,192.0,6.359,5
stage3_394,stage3_seed_0,"{""clean__method"": ""tomek"", ""model__metric"": ""euclidean"", ""model__n_neighbors"": 8, ""model__weights"": ""distance"", ""pca__n_components"": 48, ""scale__method"": ""robust""}",tomek,robust,48,8,euclidean,"{""clean__method"": ""tomek"", ""model__metric"": ""euclidean"", ""model__n_neighbors"": 8, ""model__weights"": ""distance"", ""pca__n_components"": 48, ""scale__method"": ""robust""}",stage3_local_cv,0.758625,0.00711951543294908,160.0,4.711,5
stage3_514,stage3_seed_1,"{""clean__method"": ""lof_0.03"", ""model__metric"": ""euclidean"", ""model__n_neighbors"": 8, ""model__weights"": ""distance"", ""pca__n_components"": 32, ""scale__method"": ""standard""}",lof_0.03,standard,32,8,euclidean,"{""clean__method"": ""lof_0.03"", ""model__metric"": ""euclidean"", ""model__n_neighbors"": 8, ""model__weights"": ""distance"", ""pca__n_components"": 32, ""scale__method"": ""standard""}",stage3_local_cv,0.758625,0.01208304597359459,192.0,3.5060000000000002,5
stage3_222,stage3_seed_0,"{""clean__method"": ""lof_0.05"", ""model__metric"": ""euclidean"", ""model__n_neighbors"": 5, ""model__weights"": ""distance"", ""pca__n_components"": 52, ""scale__method"": ""standard""}",lof_0.05,standard,52,5,euclidean,"{""clean__method"": ""lof_0.05"", ""model__metric"": ""euclidean"", ""model__n_neighbors"": 5, ""model__weights"": ""distance"", ""pca__n_components"": 52, ""scale__method"": ""standard""}",stage3_local_cv,0.758625,0.00666614581298668,320.0,3.648,5
stage3_512,stage3_seed_1,"{""clean__method"": ""lof_0.03"", ""model__metric"": ""euclidean"", ""model__n_neighbors"": 6, ""model__weights"": ""distance"", ""pca__n_components"": 32, ""scale__method"": ""standard""}",lof_0.03,standard,32,6,euclidean,"{""clean__method"": ""lof_0.03"", ""model__metric"": ""euclidean"", ""model__n_neighbors"": 6, ""model__weights"": ""distance"", ""pca__n_components"": 32, ""scale__method"": ""standard""}",stage3_local_cv,0.758375,0.011008519428152008,192.0,2.8969999999999994,5
stage3_555,stage3_seed_1,"{""clean__method"": ""lof_0.05"", ""model__metric"": ""manhattan"", ""model__n_neighbors"": 3, ""model__weights"": ""distance"", ""pca__n_components"": 32, ""scale__method"": ""standard""}",lof_0.05,standard,32,3,manhattan,"{""clean__method"": ""lof_0.05"", ""model__metric"": ""manhattan"", ""model__n_neighbors"": 3, ""model__weights"": ""distance"", ""pca__n_components"": 32, ""scale__method"": ""standard""}",stage3_local_cv,0.758375,0.007485402460789907,320.0,5.807,5
stage3_055,stage3_seed_0,"{""clean__method"": ""lof_0.03"", ""model__metric"": ""manhattan"", ""model__n_neighbors"": 5, ""model__weights"": ""distance"", ""pca__n_components"": 56, ""scale__method"": ""robust""}",lof_0.03,robust,56,5,manhattan,"{""clean__method"": ""lof_0.03"", ""model__metric"": ""manhattan"", ""model__n_neighbors"": 5, ""model__weights"": ""distance"", ""pca__n_components"": 56, ""scale__method"": ""robust""}",stage3_local_cv,0.7582500000000001,0.008672874379350843,192.0,7.369999999999999,5
stage3_655,stage3_seed_3,"{""clean__method"": ""lof_0.03"", ""model__metric"": ""manhattan"", ""model__n_neighbors"": 5, ""model__weights"": ""distance"", ""pca__n_components"": 60, ""scale__method"": ""robust""}",lof_0.03,robust,60,5,manhattan,"{""clean__method"": ""lof_0.03"", ""model__metric"": ""manhattan"", ""model__n_neighbors"": 5, ""model__weights"": ""distance"", ""pca__n_components"": 60, ""scale__method"": ""robust""}",stage3_local_cv,0.75825,0.004799088455113126,192.0,7.06,5
stage3_162,stage3_seed_0,"{""clean__method"": ""lof_0.05"", ""model__metric"": ""euclidean"", ""model__n_neighbors"": 5, ""model__weights"": ""distance"", ""pca__n_components"": 52, ""scale__method"": ""robust""}",lof_0.05,robust,52,5,euclidean,"{""clean__method"": ""lof_0.05"", ""model__metric"": ""euclidean"", ""model__n_neighbors"": 5, ""model__weights"": ""distance"", ""pca__n_components"": 52, ""scale__method"": ""robust""}",stage3_local_cv,0.7581249999999999,0.006287388169979662,320.0,3.3689999999999998,5
stage3_608,stage3_seed_1,"{""clean__method"": ""none"", ""model__metric"": ""euclidean"", ""model__n_neighbors"": 6, ""model__weights"": ""distance"", ""pca__n_components"": 32, ""scale__method"": ""standard""}",none,standard,32,6,euclidean,"{""clean__method"": ""none"", ""model__metric"": ""euclidean"", ""model__n_neighbors"": 6, ""model__weights"": ""distance"", ""pca__n_components"": 32, ""scale__method"": ""standard""}",stage3_local_cv,0.75775,0.00794119008713429,0.0,0.796,5
stage3_634,stage3_seed_2,"{""clean__method"": ""tomek"", ""model__metric"": ""euclidean"", ""model__n_neighbors"": 8, ""model__weights"": ""distance"", ""pca__n_components"": 36, ""scale__method"": ""robust""}",tomek,robust,36,8,euclidean,"{""clean__method"": ""tomek"", ""model__metric"": ""euclidean"", ""model__n_neighbors"": 8, ""model__weights"": ""distance"", ""pca__n_components"": 36, ""scale__method"": ""robust""}",stage3_local_cv,0.75775,0.007691310031457564,160.0,4.715,5
stage3_610,stage3_seed_1,"{""clean__method"": ""none"", ""model__metric"": ""euclidean"", ""model__n_neighbors"": 8, ""model__weights"": ""distance"", ""pca__n_components"": 32, ""scale__method"": ""standard""}",none,standard,32,8,euclidean,"{""clean__method"": ""none"", ""model__metric"": ""euclidean"", ""model__n_neighbors"": 8, ""model__weights"": ""distance"", ""pca__n_components"": 32, ""scale__method"": ""standard""}",stage3_local_cv,0.7575000000000001,0.012524975049875348,0.0,0.784,5
stage3_584,stage3_seed_1,"{""clean__method"": ""none"", ""model__metric"": ""euclidean"", ""model__n_neighbors"": 6, ""model__weights"": ""distance"", ""pca__n_components"": 32, ""scale__method"": ""robust""}",none,robust,32,6,euclidean,"{""clean__method"": ""none"", ""model__metric"": ""euclidean"", ""model__n_neighbors"": 6, ""model__weights"": ""distance"", ""pca__n_components"": 32, ""scale__method"": ""robust""}",stage3_local_cv,0.7575,0.008310385069297316,0.0,1.386,5
stage3_483,stage3_seed_1,"{""clean__method"": ""lof_0.03"", ""model__metric"": ""manhattan"", ""model__n_neighbors"": 3, ""model__weights"": ""distance"", ""pca__n_components"": 32, ""scale__method"": ""robust""}",lof_0.03,robust,32,3,manhattan,"{""clean__method"": ""lof_0.03"", ""model__metric"": ""manhattan"", ""model__n_neighbors"": 3, ""model__weights"": ""distance"", ""pca__n_components"": 32, ""scale__method"": ""robust""}",stage3_local_cv,0.757375,0.007399324293474359,192.0,5.2059999999999995,5
stage3_235,stage3_seed_0,"{""clean__method"": ""lof_0.05"", ""model__metric"": ""manhattan"", ""model__n_neighbors"": 5, ""model__weights"": ""distance"", ""pca__n_components"": 56, ""scale__method"": ""standard""}",lof_0.05,standard,56,5,manhattan,"{""clean__method"": ""lof_0.05"", ""model__metric"": ""manhattan"", ""model__n_neighbors"": 5, ""model__weights"": ""distance"", ""pca__n_components"": 56, ""scale__method"": ""standard""}",stage3_local_cv,0.757375,0.005159941860137575,320.0,6.993,5
stage3_355,stage3_seed_0,"{""clean__method"": ""none"", ""model__metric"": ""manhattan"", ""model__n_neighbors"": 5, ""model__weights"": ""distance"", ""pca__n_components"": 56, ""scale__method"": ""standard""}",none,standard,56,5,manhattan,"{""clean__method"": ""none"", ""model__metric"": ""manhattan"", ""model__n_neighbors"": 5, ""model__weights"": ""distance"", ""pca__n_components"": 56, ""scale__method"": ""standard""}",stage3_local_cv,0.7572500000000001,0.0035925269657999877,0.0,4.909,5
stage3_294,stage3_seed_0,"{""clean__method"": ""none"", ""model__metric"": ""euclidean"", ""model__n_neighbors"": 5, ""model__weights"": ""distance"", ""pca__n_components"": 56, ""scale__method"": ""robust""}",none,robust,56,5,euclidean,"{""clean__method"": ""none"", ""model__metric"": ""euclidean"", ""model__n_neighbors"": 5, ""model__weights"": ""distance"", ""pca__n_components"": 56, ""scale__method"": ""robust""}",stage3_local_cv,0.75725,0.0024558603380485542,0.0,1.9900000000000002,5
stage3_619,stage3_seed_1,"{""clean__method"": ""none"", ""model__metric"": ""manhattan"", ""model__n_neighbors"": 5, ""model__weights"": ""distance"", ""pca__n_components"": 36, ""scale__method"": ""standard""}",none,standard,36,5,manhattan,"{""clean__method"": ""none"", ""model__metric"": ""manhattan"", ""model__n_neighbors"": 5, ""model__weights"": ""distance"", ""pca__n_components"": 36, ""scale__method"": ""standard""}",stage3_local_cv,0.75725,0.006796138609534098,0.0,3.6849999999999996,5
stage3_174,stage3_seed_0,"{""clean__method"": ""lof_0.05"", ""model__metric"": ""euclidean"", ""model__n_neighbors"": 5, ""model__weights"": ""distance"", ""pca__n_components"": 56, ""scale__method"": ""robust""}",lof_0.05,robust,56,5,euclidean,"{""clean__method"": ""lof_0.05"", ""model__metric"": ""euclidean"", ""model__n_neighbors"": 5, ""model__weights"": ""distance"", ""pca__n_components"": 56, ""scale__method"": ""robust""}",stage3_local_cv,0.75725,0.00534146515480539,320.0,3.916,5
stage3_439,stage3_seed_0,"{""clean__method"": ""tomek"", ""model__metric"": ""manhattan"", ""model__n_neighbors"": 5, ""model__weights"": ""distance"", ""pca__n_components"": 44, ""scale__method"": ""standard""}",tomek,standard,44,5,manhattan,"{""clean__method"": ""tomek"", ""model__metric"": ""manhattan"", ""model__n_neighbors"": 5, ""model__weights"": ""distance"", ""pca__n_components"": 44, ""scale__method"": ""standard""}",stage3_local_cv,0.757125,0.0065263887411033126,160.0,7.112,5
stage3_666,stage3_seed_3,"{""clean__method"": ""lof_0.03"", ""model__metric"": ""euclidean"", ""model__n_neighbors"": 5, ""model__weights"": ""distance"", ""pca__n_components"": 64, ""scale__method"": ""robust""}",lof_0.03,robust,64,5,euclidean,"{""clean__method"": ""lof_0.03"", ""model__metric"": ""euclidean"", ""model__n_neighbors"": 5, ""model__weights"": ""distance"", ""pca__n_components"": 64, ""scale__method"": ""robust""}",stage3_local_cv,0.757125,0.005777110004145661,192.0,4.051,5
stage3_354,stage3_seed_0,"{""clean__method"": ""none"", ""model__metric"": ""euclidean"", ""model__n_neighbors"": 5, ""model__weights"": ""distance"", ""pca__n_components"": 56, ""scale__method"": ""standard""}",none,standard,56,5,euclidean,"{""clean__method"": ""none"", ""model__metric"": ""euclidean"", ""model__n_neighbors"": 5, ""model__weights"": ""distance"", ""pca__n_components"": 56, ""scale__method"": ""standard""}",stage3_local_cv,0.757,0.0018285923547909852,0.0,0.99,5
stage3_490,stage3_seed_1,"{""clean__method"": ""lof_0.03"", ""model__metric"": ""euclidean"", ""model__n_neighbors"": 8, ""model__weights"": ""distance"", ""pca__n_components"": 32, ""scale__method"": ""robust""}",lof_0.03,robust,32,8,euclidean,"{""clean__method"": ""lof_0.03"", ""model__metric"": ""euclidean"", ""model__n_neighbors"": 8, ""model__weights"": ""distance"", ""pca__n_components"": 32, ""scale__method"": ""robust""}",stage3_local_cv,0.7569999999999999,0.011808365678619561,192.0,3.454,5
stage3_738,stage3_seed_3,"{""clean__method"": ""lof_0.05"", ""model__metric"": ""euclidean"", ""model__n_neighbors"": 5, ""model__weights"": ""distance"", ""pca__n_components"": 64, ""scale__method"": ""standard""}",lof_0.05,standard,64,5,euclidean,"{""clean__method"": ""lof_0.05"", ""model__metric"": ""euclidean"", ""model__n_neighbors"": 5, ""model__weights"": ""distance"", ""pca__n_components"": 64, ""scale__method"": ""standard""}",stage3_local_cv,0.7569999999999999,0.005706356105256651,320.0,3.7,5
stage3_054,stage3_seed_0,"{""clean__method"": ""lof_0.03"", ""model__metric"": ""euclidean"", ""model__n_neighbors"": 5, ""model__weights"": ""distance"", ""pca__n_components"": 56, ""scale__method"": ""robust""}",lof_0.03,robust,56,5,euclidean,"{""clean__method"": ""lof_0.03"", ""model__metric"": ""euclidean"", ""model__n_neighbors"": 5, ""model__weights"": ""distance"", ""pca__n_components"": 56, ""scale__method"": ""robust""}",stage3_local_cv,0.756875,0.005332682251925404,192.0,3.496,5
stage3_307,stage3_seed_0,"{""clean__method"": ""none"", ""model__metric"": ""manhattan"", ""model__n_neighbors"": 5, ""model__weights"": ""distance"", ""pca__n_components"": 40, ""scale__method"": ""standard""}",none,standard,40,5,manhattan,"{""clean__method"": ""none"", ""model__metric"": ""manhattan"", ""model__n_neighbors"": 5, ""model__weights"": ""distance"", ""pca__n_components"": 40, ""scale__method"": ""standard""}",stage3_local_cv,0.75675,0.007899762654662468,0.0,3.417,5
stage3_531,stage3_seed_1,"{""clean__method"": ""lof_0.05"", ""model__metric"": ""manhattan"", ""model__n_neighbors"": 3, ""model__weights"": ""distance"", ""pca__n_components"": 32, ""scale__method"": ""robust""}",lof_0.05,robust,32,3,manhattan,"{""clean__method"": ""lof_0.05"", ""model__metric"": ""manhattan"", ""model__n_neighbors"": 3, ""model__weights"": ""distance"", ""pca__n_components"": 32, ""scale__method"": ""robust""}",stage3_local_cv,0.7566250000000001,0.005884301147969895,320.0,6.2509999999999994,5
stage3_330,stage3_seed_0,"{""clean__method"": ""none"", ""model__metric"": ""euclidean"", ""model__n_neighbors"": 5, ""model__weights"": ""distance"", ""pca__n_components"": 48, ""scale__method"": ""standard""}",none,standard,48,5,euclidean,"{""clean__method"": ""none"", ""model__metric"": ""euclidean"", ""model__n_neighbors"": 5, ""model__weights"": ""distance"", ""pca__n_components"": 48, ""scale__method"": ""standard""}",stage3_local_cv,0.756625,0.0052231456039440564,0.0,0.9299999999999998,5
stage3_210,stage3_seed_0,"{""clean__method"": ""lof_0.05"", ""model__metric"": ""euclidean"", ""model__n_neighbors"": 5, ""model__weights"": ""distance"", ""pca__n_components"": 48, ""scale__method"": ""standard""}",lof_0.05,standard,48,5,euclidean,"{""clean__method"": ""lof_0.05"", ""model__metric"": ""euclidean"", ""model__n_neighbors"": 5, ""model__weights"": ""distance"", ""pca__n_components"": 48, ""scale__method"": ""standard""}",stage3_local_cv,0.756625,0.005923997805536413,320.0,4.0600000000000005,5
stage3_559,stage3_seed_1,"{""clean__method"": ""lof_0.05"", ""model__metric"": ""manhattan"", ""model__n_neighbors"": 5, ""model__weights"": ""distance"", ""pca__n_components"": 32, ""scale__method"": ""standard""}",lof_0.05,standard,32,5,manhattan,"{""clean__method"": ""lof_0.05"", ""model__metric"": ""manhattan"", ""model__n_neighbors"": 5, ""model__weights"": ""distance"", ""pca__n_components"": 32, ""scale__method"": ""standard""}",stage3_local_cv,0.756625,0.004818583816849105,320.0,5.288,5
stage3_379,stage3_seed_0,"{""clean__method"": ""tomek"", ""model__metric"": ""manhattan"", ""model__n_neighbors"": 5, ""model__weights"": ""distance"", ""pca__n_components"": 44, ""scale__method"": ""robust""}",tomek,robust,44,5,manhattan,"{""clean__method"": ""tomek"", ""model__metric"": ""manhattan"", ""model__n_neighbors"": 5, ""model__weights"": ""distance"", ""pca__n_components"": 44, ""scale__method"": ""robust""}",stage3_local_cv,0.7565,0.00957372706943329,160.0,8.642999999999999,5
stage3_042,stage3_seed_0,"{""clean__method"": ""lof_0.03"", ""model__metric"": ""euclidean"", ""model__n_neighbors"": 5, ""model__weights"": ""distance"", ""pca__n_components"": 52, ""scale__method"": ""robust""}",lof_0.03,robust,52,5,euclidean,"{""clean__method"": ""lof_0.03"", ""model__metric"": ""euclidean"", ""model__n_neighbors"": 5, ""model__weights"": ""distance"", ""pca__n_components"": 52, ""scale__method"": ""robust""}",stage3_local_cv,0.7565,0.005282636652278845,192.0,3.542,5
stage3_714,stage3_seed_3,"{""clean__method"": ""lof_0.05"", ""model__metric"": ""euclidean"", ""model__n_neighbors"": 5, ""model__weights"": ""distance"", ""pca__n_components"": 64, ""scale__method"": ""robust""}",lof_0.05,robust,64,5,euclidean,"{""clean__method"": ""lof_0.05"", ""model__metric"": ""euclidean"", ""model__n_neighbors"": 5, ""model__weights"": ""distance"", ""pca__n_components"": 64, ""scale__method"": ""robust""}",stage3_local_cv,0.7565,0.0057090936233346185,320.0,3.3770000000000007,5
stage3_690,stage3_seed_3,"{""clean__method"": ""lof_0.03"", ""model__metric"": ""euclidean"", ""model__n_neighbors"": 5, ""model__weights"": ""distance"", ""pca__n_components"": 64, ""scale__method"": ""standard""}",lof_0.03,standard,64,5,euclidean,"{""clean__method"": ""lof_0.03"", ""model__metric"": ""euclidean"", ""model__n_neighbors"": 5, ""model__weights"": ""distance"", ""pca__n_components"": 64, ""scale__method"": ""standard""}",stage3_local_cv,0.756375,0.005440013786747265,192.0,3.2939999999999996,5
stage3_511,stage3_seed_1,"{""clean__method"": ""lof_0.03"", ""model__metric"": ""manhattan"", ""model__n_neighbors"": 5, ""model__weights"": ""distance"", ""pca__n_components"": 32, ""scale__method"": ""standard""}",lof_0.03,standard,32,5,manhattan,"{""clean__method"": ""lof_0.03"", ""model__metric"": ""manhattan"", ""model__n_neighbors"": 5, ""model__weights"": ""distance"", ""pca__n_components"": 32, ""scale__method"": ""standard""}",stage3_local_cv,0.756375,0.004282960424752939,192.0,4.906,5
stage3_487,stage3_seed_1,"{""clean__method"": ""lof_0.03"", ""model__metric"": ""manhattan"", ""model__n_neighbors"": 5, ""model__weights"": ""distance"", ""pca__n_components"": 32, ""scale__method"": ""robust""}",lof_0.03,robust,32,5,manhattan,"{""clean__method"": ""lof_0.03"", ""model__metric"": ""manhattan"", ""model__n_neighbors"": 5, ""model__weights"": ""distance"", ""pca__n_components"": 32, ""scale__method"": ""robust""}",stage3_local_cv,0.756375,0.004633438248212689,192.0,5.696999999999999,5
stage3_702,stage3_seed_3,"{""clean__method"": ""lof_0.05"", ""model__metric"": ""euclidean"", ""model__n_neighbors"": 5, ""model__weights"": ""distance"", ""pca__n_components"": 60, ""scale__method"": ""robust""}",lof_0.05,robust,60,5,euclidean,"{""clean__method"": ""lof_0.05"", ""model__metric"": ""euclidean"", ""model__n_neighbors"": 5, ""model__weights"": ""distance"", ""pca__n_components"": 60, ""scale__method"": ""robust""}",stage3_local_cv,0.756375,0.0049592086062193235,320.0,3.7300000000000004,5
stage3_415,stage3_seed_0,"{""clean__method"": ""tomek"", ""model__metric"": ""manhattan"", ""model__n_neighbors"": 5, ""model__weights"": ""distance"", ""pca__n_components"": 56, ""scale__method"": ""robust""}",tomek,robust,56,5,manhattan,"{""clean__method"": ""tomek"", ""model__metric"": ""manhattan"", ""model__n_neighbors"": 5, ""model__weights"": ""distance"", ""pca__n_components"": 56, ""scale__method"": ""robust""}",stage3_local_cv,0.75625,0.0032834813841408966,160.0,9.2,5
stage3_403,stage3_seed_0,"{""clean__method"": ""tomek"", ""model__metric"": ""manhattan"", ""model__n_neighbors"": 5, ""model__weights"": ""distance"", ""pca__n_components"": 52, ""scale__method"": ""robust""}",tomek,robust,52,5,manhattan,"{""clean__method"": ""tomek"", ""model__metric"": ""manhattan"", ""model__n_neighbors"": 5, ""model__weights"": ""distance"", ""pca__n_components"": 52, ""scale__method"": ""robust""}",stage3_local_cv,0.756125,0.007430931973850893,160.0,8.333,5
stage3_090,stage3_seed_0,"{""clean__method"": ""lof_0.03"", ""model__metric"": ""euclidean"", ""model__n_neighbors"": 5, ""model__weights"": ""distance"", ""pca__n_components"": 48, ""scale__method"": ""standard""}",lof_0.03,standard,48,5,euclidean,"{""clean__method"": ""lof_0.03"", ""model__metric"": ""euclidean"", ""model__n_neighbors"": 5, ""model__weights"": ""distance"", ""pca__n_components"": 48, ""scale__method"": ""standard""}",stage3_local_cv,0.756125,0.004227883631321934,192.0,3.3059999999999996,5
stage3_150,stage3_seed_0,"{""clean__method"": ""lof_0.05"", ""model__metric"": ""euclidean"", ""model__n_neighbors"": 5, ""model__weights"": ""distance"", ""pca__n_components"": 48, ""scale__method"": ""robust""}",lof_0.05,robust,48,5,euclidean,"{""clean__method"": ""lof_0.05"", ""model__metric"": ""euclidean"", ""model__n_neighbors"": 5, ""model__weights"": ""distance"", ""pca__n_components"": 48, ""scale__method"": ""robust""}",stage3_local_cv,0.756125,0.004766418991234432,320.0,4.054,5
stage3_234,stage3_seed_0,"{""clean__method"": ""lof_0.05"", ""model__metric"": ""euclidean"", ""model__n_neighbors"": 5, ""model__weights"": ""distance"", ""pca__n_components"": 56, ""scale__method"": ""standard""}",lof_0.05,standard,56,5,euclidean,"{""clean__method"": ""lof_0.05"", ""model__metric"": ""euclidean"", ""model__n_neighbors"": 5, ""model__weights"": ""distance"", ""pca__n_components"": 56, ""scale__method"": ""standard""}",stage3_local_cv,0.756125,0.0054686607135568275,320.0,4.525,5
stage3_726,stage3_seed_3,"{""clean__method"": ""lof_0.05"", ""model__metric"": ""euclidean"", ""model__n_neighbors"": 5, ""model__weights"": ""distance"", ""pca__n_components"": 60, ""scale__method"": ""standard""}",lof_0.05,standard,60,5,euclidean,"{""clean__method"": ""lof_0.05"", ""model__metric"": ""euclidean"", ""model__n_neighbors"": 5, ""model__weights"": ""distance"", ""pca__n_components"": 60, ""scale__method"": ""standard""}",stage3_local_cv,0.756,0.006002603601771501,320.0,3.2569999999999997,5
stage3_102,stage3_seed_0,"{""clean__method"": ""lof_0.03"", ""model__metric"": ""euclidean"", ""model__n_neighbors"": 5, ""model__weights"": ""distance"", ""pca__n_components"": 52, ""scale__method"": ""standard""}",lof_0.03,standard,52,5,euclidean,"{""clean__method"": ""lof_0.03"", ""model__metric"": ""euclidean"", ""model__n_neighbors"": 5, ""model__weights"": ""distance"", ""pca__n_components"": 52, ""scale__method"": ""standard""}",stage3_local_cv,0.7558750000000001,0.005147815070493491,192.0,3.3569999999999998,5
stage3_601,stage3_seed_1,"{""clean__method"": ""none"", ""model__metric"": ""manhattan"", ""model__n_neighbors"": 2, ""model__weights"": ""distance"", ""pca__n_components"": 32, ""scale__method"": ""standard""}",none,standard,32,2,manhattan,"{""clean__method"": ""none"", ""model__metric"": ""manhattan"", ""model__n_neighbors"": 2, ""model__weights"": ""distance"", ""pca__n_components"": 32, ""scale__method"": ""standard""}",stage3_local_cv,0.755875,0.004194490433890636,0.0,3.735,5
stage3_774,stage3_seed_3,"{""clean__method"": ""none"", ""model__metric"": ""euclidean"", ""model__n_neighbors"": 5, ""model__weights"": ""distance"", ""pca__n_components"": 60, ""scale__method"": ""standard""}",none,standard,60,5,euclidean,"{""clean__method"": ""none"", ""model__metric"": ""euclidean"", ""model__n_neighbors"": 5, ""model__weights"": ""distance"", ""pca__n_components"": 60, ""scale__method"": ""standard""}",stage3_local_cv,0.75575,0.0030465144017384964,0.0,0.938,5
stage3_114,stage3_seed_0,"{""clean__method"": ""lof_0.03"", ""model__metric"": ""euclidean"", ""model__n_neighbors"": 5, ""model__weights"": ""distance"", ""pca__n_components"": 56, ""scale__method"": ""standard""}",lof_0.03,standard,56,5,euclidean,"{""clean__method"": ""lof_0.03"", ""model__metric"": ""euclidean"", ""model__n_neighbors"": 5, ""model__weights"": ""distance"", ""pca__n_components"": 56, ""scale__method"": ""standard""}",stage3_local_cv,0.75575,0.005425633603552686,192.0,3.016,5
stage3_750,stage3_seed_3,"{""clean__method"": ""none"", ""model__metric"": ""euclidean"", ""model__n_neighbors"": 5, ""model__weights"": ""distance"", ""pca__n_components"": 60, ""scale__method"": ""robust""}",none,robust,60,5,euclidean,"{""clean__method"": ""none"", ""model__metric"": ""euclidean"", ""model__n_neighbors"": 5, ""model__weights"": ""distance"", ""pca__n_components"": 60, ""scale__method"": ""robust""}",stage3_local_cv,0.755625,0.004609772228646464,0.0,2.049,5
stage3_463,stage3_seed_0,"{""clean__method"": ""tomek"", ""model__metric"": ""manhattan"", ""model__n_neighbors"": 5, ""model__weights"": ""distance"", ""pca__n_components"": 52, ""scale__method"": ""standard""}",tomek,standard,52,5,manhattan,"{""clean__method"": ""tomek"", ""model__metric"": ""manhattan"", ""model__n_neighbors"": 5, ""model__weights"": ""distance"", ""pca__n_components"": 52, ""scale__method"": ""standard""}",stage3_local_cv,0.755625,0.007572565615430474,160.0,9.241,5
stage3_751,stage3_seed_3,"{""clean__method"": ""none"", ""model__metric"": ""manhattan"", ""model__n_neighbors"": 5, ""model__weights"": ""distance"", ""pca__n_components"": 60, ""scale__method"": ""robust""}",none,robust,60,5,manhattan,"{""clean__method"": ""none"", ""model__metric"": ""manhattan"", ""model__n_neighbors"": 5, ""model__weights"": ""distance"", ""pca__n_components"": 60, ""scale__method"": ""robust""}",stage3_local_cv,0.7555,0.00839828851612043,0.0,5.615,5
stage3_282,stage3_seed_0,"{""clean__method"": ""none"", ""model__metric"": ""euclidean"", ""model__n_neighbors"": 5, ""model__weights"": ""distance"", ""pca__n_components"": 52, ""scale__method"": ""robust""}",none,robust,52,5,euclidean,"{""clean__method"": ""none"", ""model__metric"": ""euclidean"", ""model__n_neighbors"": 5, ""model__weights"": ""distance"", ""pca__n_components"": 52, ""scale__method"": ""robust""}",stage3_local_cv,0.7553750000000001,0.001794087511800911,0.0,1.2469999999999999,5
stage3_786,stage3_seed_3,"{""clean__method"": ""none"", ""model__metric"": ""euclidean"", ""model__n_neighbors"": 5, ""model__weights"": ""distance"", ""pca__n_components"": 64, ""scale__method"": ""standard""}",none,standard,64,5,euclidean,"{""clean__method"": ""none"", ""model__metric"": ""euclidean"", ""model__n_neighbors"": 5, ""model__weights"": ""distance"", ""pca__n_components"": 64, ""scale__method"": ""standard""}",stage3_local_cv,0.7551250000000002,0.0022844583603121257,0.0,0.9630000000000001,5
stage3_198,stage3_seed_0,"{""clean__method"": ""lof_0.05"", ""model__metric"": ""euclidean"", ""model__n_neighbors"": 5, ""model__weights"": ""distance"", ""pca__n_components"": 44, ""scale__method"": ""standard""}",lof_0.05,standard,44,5,euclidean,"{""clean__method"": ""lof_0.05"", ""model__metric"": ""euclidean"", ""model__n_neighbors"": 5, ""model__weights"": ""distance"", ""pca__n_components"": 44, ""scale__method"": ""standard""}",stage3_local_cv,0.7551249999999999,0.008481597726843667,320.0,3.553,5
stage3_579,stage3_seed_1,"{""clean__method"": ""none"", ""model__metric"": ""manhattan"", ""model__n_neighbors"": 3, ""model__weights"": ""distance"", ""pca__n_components"": 32, ""scale__method"": ""robust""}",none,robust,32,3,manhattan,"{""clean__method"": ""none"", ""model__metric"": ""manhattan"", ""model__n_neighbors"": 3, ""model__weights"": ""distance"", ""pca__n_components"": 32, ""scale__method"": ""robust""}",stage3_local_cv,0.755,0.007945124291035366,0.0,4.77,5
stage3_586,stage3_seed_1,"{""clean__method"": ""none"", ""model__metric"": ""euclidean"", ""model__n_neighbors"": 8, ""model__weights"": ""distance"", ""pca__n_components"": 32, ""scale__method"": ""robust""}",none,robust,32,8,euclidean,"{""clean__method"": ""none"", ""model__metric"": ""euclidean"", ""model__n_neighbors"": 8, ""model__weights"": ""distance"", ""pca__n_components"": 32, ""scale__method"": ""robust""}",stage3_local_cv,0.754875,0.010950171231537879,0.0,1.283,5
stage3_451,stage3_seed_0,"{""clean__method"": ""tomek"", ""model__metric"": ""manhattan"", ""model__n_neighbors"": 5, ""model__weights"": ""distance"", ""pca__n_components"": 48, ""scale__method"": ""standard""}",tomek,standard,48,5,manhattan,"{""clean__method"": ""tomek"", ""model__metric"": ""manhattan"", ""model__n_neighbors"": 5, ""model__weights"": ""distance"", ""pca__n_components"": 48, ""scale__method"": ""standard""}",stage3_local_cv,0.754875,0.0046670386756486005,160.0,7.82,5
stage3_743,stage3_seed_3,"{""clean__method"": ""lof_0.05"", ""model__metric"": ""manhattan"", ""model__n_neighbors"": 8, ""model__weights"": ""distance"", ""pca__n_components"": 64, ""scale__method"": ""standard""}",lof_0.05,standard,64,8,manhattan,"{""clean__method"": ""lof_0.05"", ""model__metric"": ""manhattan"", ""model__n_neighbors"": 8, ""model__weights"": ""distance"", ""pca__n_components"": 64, ""scale__method"": ""standard""}",stage3_local_cv,0.754875,0.0028339460121886754,320.0,7.115,5
stage3_762,stage3_seed_3,"{""clean__method"": ""none"", ""model__metric"": ""euclidean"", ""model__n_neighbors"": 5, ""model__weights"": ""distance"", ""pca__n_components"": 64, ""scale__method"": ""robust""}",none,robust,64,5,euclidean,"{""clean__method"": ""none"", ""model__metric"": ""euclidean"", ""model__n_neighbors"": 5, ""model__weights"": ""distance"", ""pca__n_components"": 64, ""scale__method"": ""robust""}",stage3_local_cv,0.75475,0.0043409388385463234,0.0,1.4809999999999999,5
stage3_654,stage3_seed_3,"{""clean__method"": ""lof_0.03"", ""model__metric"": ""euclidean"", ""model__n_neighbors"": 5, ""model__weights"": ""distance"", ""pca__n_components"": 60, ""scale__method"": ""robust""}",lof_0.03,robust,60,5,euclidean,"{""clean__method"": ""lof_0.03"", ""model__metric"": ""euclidean"", ""model__n_neighbors"": 5, ""model__weights"": ""distance"", ""pca__n_components"": 60, ""scale__method"": ""robust""}",stage3_local_cv,0.7547499999999999,0.0028668362352949357,192.0,3.3770000000000007,5
stage3_528,stage3_seed_1,"{""clean__method"": ""lof_0.05"", ""model__metric"": ""euclidean"", ""model__n_neighbors"": 2, ""model__weights"": ""distance"", ""pca__n_components"": 32, ""scale__method"": ""robust""}",lof_0.05,robust,32,2,euclidean,"{""clean__method"": ""lof_0.05"", ""model__metric"": ""euclidean"", ""model__n_neighbors"": 2, ""model__weights"": ""distance"", ""pca__n_components"": 32, ""scale__method"": ""robust""}",stage3_local_cv,0.7546250000000001,0.008501838036565991,320.0,4.008,5
stage3_391,stage3_seed_0,"{""clean__method"": ""tomek"", ""model__metric"": ""manhattan"", ""model__n_neighbors"": 5, ""model__weights"": ""distance"", ""pca__n_components"": 48, ""scale__method"": ""robust""}",tomek,robust,48,5,manhattan,"{""clean__method"": ""tomek"", ""model__metric"": ""manhattan"", ""model__n_neighbors"": 5, ""model__weights"": ""distance"", ""pca__n_components"": 48, ""scale__method"": ""robust""}",stage3_local_cv,0.754625,0.008773183572683287,160.0,9.491,5
stage3_126,stage3_seed_0,"{""clean__method"": ""lof_0.05"", ""model__metric"": ""euclidean"", ""model__n_neighbors"": 5, ""model__weights"": ""distance"", ""pca__n_components"": 40, ""scale__method"": ""robust""}",lof_0.05,robust,40,5,euclidean,"{""clean__method"": ""lof_0.05"", ""model__metric"": ""euclidean"", ""model__n_neighbors"": 5, ""model__weights"": ""distance"", ""pca__n_components"": 40, ""scale__method"": ""robust""}",stage3_local_cv,0.754625,0.008058380730643074,320.0,3.6160000000000005,5
stage3_678,stage3_seed_3,"{""clean__method"": ""lof_0.03"", ""model__metric"": ""euclidean"", ""model__n_neighbors"": 5, ""model__weights"": ""distance"", ""pca__n_components"": 60, ""scale__method"": ""standard""}",lof_0.03,standard,60,5,euclidean,"{""clean__method"": ""lof_0.03"", ""model__metric"": ""euclidean"", ""model__n_neighbors"": 5, ""model__weights"": ""distance"", ""pca__n_components"": 60, ""scale__method"": ""standard""}",stage3_local_cv,0.7545000000000001,0.003046514401738489,192.0,3.4959999999999996,5
stage3_507,stage3_seed_1,"{""clean__method"": ""lof_0.03"", ""model__metric"": ""manhattan"", ""model__n_neighbors"": 3, ""model__weights"": ""distance"", ""pca__n_components"": 32, ""scale__method"": ""standard""}",lof_0.03,standard,32,3,manhattan,"{""clean__method"": ""lof_0.03"", ""model__metric"": ""manhattan"", ""model__n_neighbors"": 3, ""model__weights"": ""distance"", ""pca__n_components"": 32, ""scale__method"": ""standard""}",stage3_local_cv,0.7545,0.00874464121619635,192.0,4.963,5
stage3_283,stage3_seed_0,"{""clean__method"": ""none"", ""model__metric"": ""manhattan"", ""model__n_neighbors"": 5, ""model__weights"": ""distance"", ""pca__n_components"": 52, ""scale__method"": ""robust""}",none,robust,52,5,manhattan,"{""clean__method"": ""none"", ""model__metric"": ""manhattan"", ""model__n_neighbors"": 5, ""model__weights"": ""distance"", ""pca__n_components"": 52, ""scale__method"": ""robust""}",stage3_local_cv,0.754375,0.00924493104355031,0.0,4.936,5
stage3_186,stage3_seed_0,"{""clean__method"": ""lof_0.05"", ""model__metric"": ""euclidean"", ""model__n_neighbors"": 5, ""model__weights"": ""distance"", ""pca__n_components"": 40, ""scale__method"": ""standard""}",lof_0.05,standard,40,5,euclidean,"{""clean__method"": ""lof_0.05"", ""model__metric"": ""euclidean"", ""model__n_neighbors"": 5, ""model__weights"": ""distance"", ""pca__n_components"": 40, ""scale__method"": ""standard""}",stage3_local_cv,0.754375,0.005153882032022047,320.0,3.6879999999999997,5
stage3_603,stage3_seed_1,"{""clean__method"": ""none"", ""model__metric"": ""manhattan"", ""model__n_neighbors"": 3, ""model__weights"": ""distance"", ""pca__n_components"": 32, ""scale__method"": ""standard""}",none,standard,32,3,manhattan,"{""clean__method"": ""none"", ""model__metric"": ""manhattan"", ""model__n_neighbors"": 3, ""model__weights"": ""distance"", ""pca__n_components"": 32, ""scale__method"": ""standard""}",stage3_local_cv,0.7543749999999999,0.007613721166420511,0.0,3.604,5
stage3_078,stage3_seed_0,"{""clean__method"": ""lof_0.03"", ""model__metric"": ""euclidean"", ""model__n_neighbors"": 5, ""model__weights"": ""distance"", ""pca__n_components"": 44, ""scale__method"": ""standard""}",lof_0.03,standard,44,5,euclidean,"{""clean__method"": ""lof_0.03"", ""model__metric"": ""euclidean"", ""model__n_neighbors"": 5, ""model__weights"": ""distance"", ""pca__n_components"": 44, ""scale__method"": ""standard""}",stage3_local_cv,0.7542500000000001,0.00593453873523461,192.0,3.524,5
stage3_552,stage3_seed_1,"{""clean__method"": ""lof_0.05"", ""model__metric"": ""euclidean"", ""model__n_neighbors"": 2, ""model__weights"": ""distance"", ""pca__n_components"": 32, ""scale__method"": ""standard""}",lof_0.05,standard,32,2,euclidean,"{""clean__method"": ""lof_0.05"", ""model__metric"": ""euclidean"", ""model__n_neighbors"": 2, ""model__weights"": ""distance"", ""pca__n_components"": 32, ""scale__method"": ""standard""}",stage3_local_cv,0.7542500000000001,0.007739912790206354,320.0,3.921,5
stage3_504,stage3_seed_1,"{""clean__method"": ""lof_0.03"", ""model__metric"": ""euclidean"", ""model__n_neighbors"": 2, ""model__weights"": ""distance"", ""pca__n_components"": 32, ""scale__method"": ""standard""}",lof_0.03,standard,32,2,euclidean,"{""clean__method"": ""lof_0.03"", ""model__metric"": ""euclidean"", ""model__n_neighbors"": 2, ""model__weights"": ""distance"", ""pca__n_components"": 32, ""scale__method"": ""standard""}",stage3_local_cv,0.7541249999999999,0.0071980900244439745,192.0,3.5479999999999996,5
stage3_727,stage3_seed_3,"{""clean__method"": ""lof_0.05"", ""model__metric"": ""manhattan"", ""model__n_neighbors"": 5, ""model__weights"": ""distance"", ""pca__n_components"": 60, ""scale__method"": ""standard""}",lof_0.05,standard,60,5,manhattan,"{""clean__method"": ""lof_0.05"", ""model__metric"": ""manhattan"", ""model__n_neighbors"": 5, ""model__weights"": ""distance"", ""pca__n_components"": 60, ""scale__method"": ""standard""}",stage3_local_cv,0.7541249999999999,0.006054440519156184,320.0,7.634,5
stage3_270,stage3_seed_0,"{""clean__method"": ""none"", ""model__metric"": ""euclidean"", ""model__n_neighbors"": 5, ""model__weights"": ""distance"", ""pca__n_components"": 48, ""scale__method"": ""robust""}",none,robust,48,5,euclidean,"{""clean__method"": ""none"", ""model__metric"": ""euclidean"", ""model__n_neighbors"": 5, ""model__weights"": ""distance"", ""pca__n_components"": 48, ""scale__method"": ""robust""}",stage3_local_cv,0.754,0.004636809247747832,0.0,1.2389999999999999,5
stage3_775,stage3_seed_3,"{""clean__method"": ""none"", ""model__metric"": ""manhattan"", ""model__n_neighbors"": 5, ""model__weights"": ""distance"", ""pca__n_components"": 60, ""scale__method"": ""standard""}",none,standard,60,5,manhattan,"{""clean__method"": ""none"", ""model__metric"": ""manhattan"", ""model__n_neighbors"": 5, ""model__weights"": ""distance"", ""pca__n_components"": 60, ""scale__method"": ""standard""}",stage3_local_cv,0.754,0.0034141250709369122,0.0,5.0360000000000005,5
stage3_030,stage3_seed_0,"{""clean__method"": ""lof_0.03"", ""model__metric"": ""euclidean"", ""model__n_neighbors"": 5, ""model__weights"": ""distance"", ""pca__n_components"": 48, ""scale__method"": ""robust""}",lof_0.03,robust,48,5,euclidean,"{""clean__method"": ""lof_0.03"", ""model__metric"": ""euclidean"", ""model__n_neighbors"": 5, ""model__weights"": ""distance"", ""pca__n_components"": 48, ""scale__method"": ""robust""}",stage3_local_cv,0.7539999999999999,0.0039843443626273,192.0,3.792,5
stage3_474,stage3_seed_0,"{""clean__method"": ""tomek"", ""model__metric"": ""euclidean"", ""model__n_neighbors"": 5, ""model__weights"": ""distance"", ""pca__n_components"": 56, ""scale__method"": ""standard""}",tomek,standard,56,5,euclidean,"{""clean__method"": ""tomek"", ""model__metric"": ""euclidean"", ""model__n_neighbors"": 5, ""model__weights"": ""distance"", ""pca__n_components"": 56, ""scale__method"": ""standard""}",stage3_local_cv,0.7538750000000001,0.004172079817069655,160.0,4.407,5
stage3_138,stage3_seed_0,"{""clean__method"": ""lof_0.05"", ""model__metric"": ""euclidean"", ""model__n_neighbors"": 5, ""model__weights"": ""distance"", ""pca__n_components"": 44, ""scale__method"": ""robust""}",lof_0.05,robust,44,5,euclidean,"{""clean__method"": ""lof_0.05"", ""model__metric"": ""euclidean"", ""model__n_neighbors"": 5, ""model__weights"": ""distance"", ""pca__n_components"": 44, ""scale__method"": ""robust""}",stage3_local_cv,0.7537499999999999,0.008987839006123773,320.0,4.168,5
stage3_535,stage3_seed_1,"{""clean__method"": ""lof_0.05"", ""model__metric"": ""manhattan"", ""model__n_neighbors"": 5, ""model__weights"": ""distance"", ""pca__n_components"": 32, ""scale__method"": ""robust""}",lof_0.05,robust,32,5,manhattan,"{""clean__method"": ""lof_0.05"", ""model__metric"": ""manhattan"", ""model__n_neighbors"": 5, ""model__weights"": ""distance"", ""pca__n_components"": 32, ""scale__method"": ""robust""}",stage3_local_cv,0.7537499999999999,0.0036012150727219566,320.0,5.398999999999999,5
stage3_402,stage3_seed_0,"{""clean__method"": ""tomek"", ""model__metric"": ""euclidean"", ""model__n_neighbors"": 5, ""model__weights"": ""distance"", ""pca__n_components"": 52, ""scale__method"": ""robust""}",tomek,robust,52,5,euclidean,"{""clean__method"": ""tomek"", ""model__metric"": ""euclidean"", ""model__n_neighbors"": 5, ""model__weights"": ""distance"", ""pca__n_components"": 52, ""scale__method"": ""robust""}",stage3_local_cv,0.7536250000000001,0.0032210246816812894,160.0,5.0920000000000005,5
stage3_414,stage3_seed_0,"{""clean__method"": ""tomek"", ""model__metric"": ""euclidean"", ""model__n_neighbors"": 5, ""model__weights"": ""distance"", ""pca__n_components"": 56, ""scale__method"": ""robust""}",tomek,robust,56,5,euclidean,"{""clean__method"": ""tomek"", ""model__metric"": ""euclidean"", ""model__n_neighbors"": 5, ""model__weights"": ""distance"", ""pca__n_components"": 56, ""scale__method"": ""robust""}",stage3_local_cv,0.7536250000000001,0.005052845732851947,160.0,5.680999999999999,5
stage3_643,stage3_seed_2,"{""clean__method"": ""tomek"", ""model__metric"": ""manhattan"", ""model__n_neighbors"": 5, ""model__weights"": ""distance"", ""pca__n_components"": 36, ""scale__method"": ""standard""}",tomek,standard,36,5,manhattan,"{""clean__method"": ""tomek"", ""model__metric"": ""manhattan"", ""model__n_neighbors"": 5, ""model__weights"": ""distance"", ""pca__n_components"": 36, ""scale__method"": ""standard""}",stage3_local_cv,0.753625,0.0018708286933869737,160.0,6.602,5
stage3_427,stage3_seed_0,"{""clean__method"": ""tomek"", ""model__metric"": ""manhattan"", ""model__n_neighbors"": 5, ""model__weights"": ""distance"", ""pca__n_components"": 40, ""scale__method"": ""standard""}",tomek,standard,40,5,manhattan,"{""clean__method"": ""tomek"", ""model__metric"": ""manhattan"", ""model__n_neighbors"": 5, ""model__weights"": ""distance"", ""pca__n_components"": 40, ""scale__method"": ""standard""}",stage3_local_cv,0.753625,0.007689278249614817,160.0,8.03,5
stage3_480,stage3_seed_1,"{""clean__method"": ""lof_0.03"", ""model__metric"": ""euclidean"", ""model__n_neighbors"": 2, ""model__weights"": ""distance"", ""pca__n_components"": 32, ""scale__method"": ""robust""}",lof_0.03,robust,32,2,euclidean,"{""clean__method"": ""lof_0.03"", ""model__metric"": ""euclidean"", ""model__n_neighbors"": 2, ""model__weights"": ""distance"", ""pca__n_components"": 32, ""scale__method"": ""robust""}",stage3_local_cv,0.7536249999999999,0.007441438033068596,192.0,4.3839999999999995,5
stage3_342,stage3_seed_0,"{""clean__method"": ""none"", ""model__metric"": ""euclidean"", ""model__n_neighbors"": 5, ""model__weights"": ""distance"", ""pca__n_components"": 52, ""scale__method"": ""standard""}",none,standard,52,5,euclidean,"{""clean__method"": ""none"", ""model__metric"": ""euclidean"", ""model__n_neighbors"": 5, ""model__weights"": ""distance"", ""pca__n_components"": 52, ""scale__method"": ""standard""}",stage3_local_cv,0.7535000000000001,0.0005000000000000337,0.0,0.913,5
stage3_631,stage3_seed_2,"{""clean__method"": ""tomek"", ""model__metric"": ""manhattan"", ""model__n_neighbors"": 5, ""model__weights"": ""distance"", ""pca__n_components"": 36, ""scale__method"": ""robust""}",tomek,robust,36,5,manhattan,"{""clean__method"": ""tomek"", ""model__metric"": ""manhattan"", ""model__n_neighbors"": 5, ""model__weights"": ""distance"", ""pca__n_components"": 36, ""scale__method"": ""robust""}",stage3_local_cv,0.7535000000000001,0.007822243923581019,160.0,8.682,5
stage3_066,stage3_seed_0,"{""clean__method"": ""lof_0.03"", ""model__metric"": ""euclidean"", ""model__n_neighbors"": 5, ""model__weights"": ""distance"", ""pca__n_components"": 40, ""scale__method"": ""standard""}",lof_0.03,standard,40,5,euclidean,"{""clean__method"": ""lof_0.03"", ""model__metric"": ""euclidean"", ""model__n_neighbors"": 5, ""model__weights"": ""distance"", ""pca__n_components"": 40, ""scale__method"": ""standard""}",stage3_local_cv,0.7535000000000001,0.005282636652278858,192.0,3.2909999999999995,5
stage3_018,stage3_seed_0,"{""clean__method"": ""lof_0.03"", ""model__metric"": ""euclidean"", ""model__n_neighbors"": 5, ""model__weights"": ""distance"", ""pca__n_components"": 44, ""scale__method"": ""robust""}",lof_0.03,robust,44,5,euclidean,"{""clean__method"": ""lof_0.03"", ""model__metric"": ""euclidean"", ""model__n_neighbors"": 5, ""model__weights"": ""distance"", ""pca__n_components"": 44, ""scale__method"": ""robust""}",stage3_local_cv,0.7535000000000001,0.007772145778354906,192.0,3.7399999999999998,5
stage3_295,stage3_seed_0,"{""clean__method"": ""none"", ""model__metric"": ""manhattan"", ""model__n_neighbors"": 5, ""model__weights"": ""distance"", ""pca__n_components"": 56, ""scale__method"": ""robust""}",none,robust,56,5,manhattan,"{""clean__method"": ""none"", ""model__metric"": ""manhattan"", ""model__n_neighbors"": 5, ""model__weights"": ""distance"", ""pca__n_components"": 56, ""scale__method"": ""robust""}",stage3_local_cv,0.7533749999999999,0.0064541653217128,0.0,5.993,5
stage3_462,stage3_seed_0,"{""clean__method"": ""tomek"", ""model__metric"": ""euclidean"", ""model__n_neighbors"": 5, ""model__weights"": ""distance"", ""pca__n_components"": 52, ""scale__method"": ""standard""}",tomek,standard,52,5,euclidean,"{""clean__method"": ""tomek"", ""model__metric"": ""euclidean"", ""model__n_neighbors"": 5, ""model__weights"": ""distance"", ""pca__n_components"": 52, ""scale__method"": ""standard""}",stage3_local_cv,0.753125,0.0024366985862022406,160.0,5.548,5
stage3_475,stage3_seed_0,"{""clean__method"": ""tomek"", ""model__metric"": ""manhattan"", ""model__n_neighbors"": 5, ""model__weights"": ""distance"", ""pca__n_components"": 56, ""scale__method"": ""standard""}",tomek,standard,56,5,manhattan,"{""clean__method"": ""tomek"", ""model__metric"": ""manhattan"", ""model__n_neighbors"": 5, ""model__weights"": ""distance"", ""pca__n_components"": 56, ""scale__method"": ""standard""}",stage3_local_cv,0.75275,0.0021866069605669908,160.0,8.345,5
stage3_306,stage3_seed_0,"{""clean__method"": ""none"", ""model__metric"": ""euclidean"", ""model__n_neighbors"": 5, ""model__weights"": ""distance"", ""pca__n_components"": 40, ""scale__method"": ""standard""}",none,standard,40,5,euclidean,"{""clean__method"": ""none"", ""model__metric"": ""euclidean"", ""model__n_neighbors"": 5, ""model__weights"": ""distance"", ""pca__n_components"": 40, ""scale__method"": ""standard""}",stage3_local_cv,0.7526250000000001,0.006141559248269122,0.0,0.863,5
stage3_763,stage3_seed_3,"{""clean__method"": ""none"", ""model__metric"": ""manhattan"", ""model__n_neighbors"": 5, ""model__weights"": ""distance"", ""pca__n_components"": 64, ""scale__method"": ""robust""}",none,robust,64,5,manhattan,"{""clean__method"": ""none"", ""model__metric"": ""manhattan"", ""model__n_neighbors"": 5, ""model__weights"": ""distance"", ""pca__n_components"": 64, ""scale__method"": ""robust""}",stage3_local_cv,0.752625,0.008104782538723657,0.0,6.196,5
stage3_600,stage3_seed_1,"{""clean__method"": ""none"", ""model__metric"": ""euclidean"", ""model__n_neighbors"": 2, ""model__weights"": ""distance"", ""pca__n_components"": 32, ""scale__method"": ""standard""}",none,standard,32,2,euclidean,"{""clean__method"": ""none"", ""model__metric"": ""euclidean"", ""model__n_neighbors"": 2, ""model__weights"": ""distance"", ""pca__n_components"": 32, ""scale__method"": ""standard""}",stage3_local_cv,0.7525000000000001,0.010007809450624072,0.0,0.9400000000000001,5
stage3_006,stage3_seed_0,"{""clean__method"": ""lof_0.03"", ""model__metric"": ""euclidean"", ""model__n_neighbors"": 5, ""model__weights"": ""distance"", ""pca__n_components"": 40, ""scale__method"": ""robust""}",lof_0.03,robust,40,5,euclidean,"{""clean__method"": ""lof_0.03"", ""model__metric"": ""euclidean"", ""model__n_neighbors"": 5, ""model__weights"": ""distance"", ""pca__n_components"": 40, ""scale__method"": ""robust""}",stage3_local_cv,0.7525,0.0073207752321731686,192.0,3.2860000000000005,5
stage3_546,stage3_seed_1,"{""clean__method"": ""lof_0.05"", ""model__metric"": ""euclidean"", ""model__n_neighbors"": 5, ""model__weights"": ""distance"", ""pca__n_components"": 36, ""scale__method"": ""robust""}",lof_0.05,robust,36,5,euclidean,"{""clean__method"": ""lof_0.05"", ""model__metric"": ""euclidean"", ""model__n_neighbors"": 5, ""model__weights"": ""distance"", ""pca__n_components"": 36, ""scale__method"": ""robust""}",stage3_local_cv,0.7522499999999999,0.0084834397504786,320.0,3.441,5
stage3_576,stage3_seed_1,"{""clean__method"": ""none"", ""model__metric"": ""euclidean"", ""model__n_neighbors"": 2, ""model__weights"": ""distance"", ""pca__n_components"": 32, ""scale__method"": ""robust""}",none,robust,32,2,euclidean,"{""clean__method"": ""none"", ""model__metric"": ""euclidean"", ""model__n_neighbors"": 2, ""model__weights"": ""distance"", ""pca__n_components"": 32, ""scale__method"": ""robust""}",stage3_local_cv,0.7518750000000001,0.008052561704203194,0.0,1.17,5
stage3_318,stage3_seed_0,"{""clean__method"": ""none"", ""model__metric"": ""euclidean"", ""model__n_neighbors"": 5, ""model__weights"": ""distance"", ""pca__n_components"": 44, ""scale__method"": ""standard""}",none,standard,44,5,euclidean,"{""clean__method"": ""none"", ""model__metric"": ""euclidean"", ""model__n_neighbors"": 5, ""model__weights"": ""distance"", ""pca__n_components"": 44, ""scale__method"": ""standard""}",stage3_local_cv,0.751625,0.009027735042633881,0.0,0.929,5
stage3_246,stage3_seed_0,"{""clean__method"": ""none"", ""model__metric"": ""euclidean"", ""model__n_neighbors"": 5, ""model__weights"": ""distance"", ""pca__n_components"": 40, ""scale__method"": ""robust""}",none,robust,40,5,euclidean,"{""clean__method"": ""none"", ""model__metric"": ""euclidean"", ""model__n_neighbors"": 5, ""model__weights"": ""distance"", ""pca__n_components"": 40, ""scale__method"": ""robust""}",stage3_local_cv,0.751625,0.006232475431158933,0.0,1.963,5
stage3_258,stage3_seed_0,"{""clean__method"": ""none"", ""model__metric"": ""euclidean"", ""model__n_neighbors"": 5, ""model__weights"": ""distance"", ""pca__n_components"": 44, ""scale__method"": ""robust""}",none,robust,44,5,euclidean,"{""clean__method"": ""none"", ""model__metric"": ""euclidean"", ""model__n_neighbors"": 5, ""model__weights"": ""distance"", ""pca__n_components"": 44, ""scale__method"": ""robust""}",stage3_local_cv,0.751375,0.008609587678861275,0.0,1.2770000000000001,5
stage3_739,stage3_seed_3,"{""clean__method"": ""lof_0.05"", ""model__metric"": ""manhattan"", ""model__n_neighbors"": 5, ""model__weights"": ""distance"", ""pca__n_components"": 64, ""scale__method"": ""standard""}",lof_0.05,standard,64,5,manhattan,"{""clean__method"": ""lof_0.05"", ""model__metric"": ""manhattan"", ""model__n_neighbors"": 5, ""model__weights"": ""distance"", ""pca__n_components"": 64, ""scale__method"": ""standard""}",stage3_local_cv,0.7512500000000001,0.008514693182963216,320.0,8.246,5
stage3_583,stage3_seed_1,"{""clean__method"": ""none"", ""model__metric"": ""manhattan"", ""model__n_neighbors"": 5, ""model__weights"": ""distance"", ""pca__n_components"": 32, ""scale__method"": ""robust""}",none,robust,32,5,manhattan,"{""clean__method"": ""none"", ""model__metric"": ""manhattan"", ""model__n_neighbors"": 5, ""model__weights"": ""distance"", ""pca__n_components"": 32, ""scale__method"": ""robust""}",stage3_local_cv,0.751125,0.006204836822995439,0.0,3.602,5
stage3_570,stage3_seed_1,"{""clean__method"": ""lof_0.05"", ""model__metric"": ""euclidean"", ""model__n_neighbors"": 5, ""model__weights"": ""distance"", ""pca__n_components"": 36, ""scale__method"": ""standard""}",lof_0.05,standard,36,5,euclidean,"{""clean__method"": ""lof_0.05"", ""model__metric"": ""euclidean"", ""model__n_neighbors"": 5, ""model__weights"": ""distance"", ""pca__n_components"": 36, ""scale__method"": ""standard""}",stage3_local_cv,0.751125,0.005747281966286328,320.0,3.269,5
stage3_530,stage3_seed_1,"{""clean__method"": ""lof_0.05"", ""model__metric"": ""euclidean"", ""model__n_neighbors"": 3, ""model__weights"": ""distance"", ""pca__n_components"": 32, ""scale__method"": ""robust""}",lof_0.05,robust,32,3,euclidean,"{""clean__method"": ""lof_0.05"", ""model__metric"": ""euclidean"", ""model__n_neighbors"": 3, ""model__weights"": ""distance"", ""pca__n_components"": 32, ""scale__method"": ""robust""}",stage3_local_cv,0.751125,0.01063896141547659,320.0,3.3160000000000003,5
stage3_450,stage3_seed_0,"{""clean__method"": ""tomek"", ""model__metric"": ""euclidean"", ""model__n_neighbors"": 5, ""model__weights"": ""distance"", ""pca__n_components"": 48, ""scale__method"": ""standard""}",tomek,standard,48,5,euclidean,"{""clean__method"": ""tomek"", ""model__metric"": ""euclidean"", ""model__n_neighbors"": 5, ""model__weights"": ""distance"", ""pca__n_components"": 48, ""scale__method"": ""standard""}",stage3_local_cv,0.751,0.00286683623529492,160.0,5.47,5
stage3_367,stage3_seed_0,"{""clean__method"": ""tomek"", ""model__metric"": ""manhattan"", ""model__n_neighbors"": 5, ""model__weights"": ""distance"", ""pca__n_components"": 40, ""scale__method"": ""robust""}",tomek,robust,40,5,manhattan,"{""clean__method"": ""tomek"", ""model__metric"": ""manhattan"", ""model__n_neighbors"": 5, ""model__weights"": ""distance"", ""pca__n_components"": 40, ""scale__method"": ""robust""}",stage3_local_cv,0.751,0.006429910574805866,160.0,7.859,5
stage3_787,stage3_seed_3,"{""clean__method"": ""none"", ""model__metric"": ""manhattan"", ""model__n_neighbors"": 5, ""model__weights"": ""distance"", ""pca__n_components"": 64, ""scale__method"": ""standard""}",none,standard,64,5,manhattan,"{""clean__method"": ""none"", ""model__metric"": ""manhattan"", ""model__n_neighbors"": 5, ""model__weights"": ""distance"", ""pca__n_components"": 64, ""scale__method"": ""standard""}",stage3_local_cv,0.7507499999999999,0.004863769114585918,0.0,5.3180000000000005,5
stage3_498,stage3_seed_1,"{""clean__method"": ""lof_0.03"", ""model__metric"": ""euclidean"", ""model__n_neighbors"": 5, ""model__weights"": ""distance"", ""pca__n_components"": 36, ""scale__method"": ""robust""}",lof_0.03,robust,36,5,euclidean,"{""clean__method"": ""lof_0.03"", ""model__metric"": ""euclidean"", ""model__n_neighbors"": 5, ""model__weights"": ""distance"", ""pca__n_components"": 36, ""scale__method"": ""robust""}",stage3_local_cv,0.750625,0.008758924020677435,192.0,3.7460000000000004,5
stage3_554,stage3_seed_1,"{""clean__method"": ""lof_0.05"", ""model__metric"": ""euclidean"", ""model__n_neighbors"": 3, ""model__weights"": ""distance"", ""pca__n_components"": 32, ""scale__method"": ""standard""}",lof_0.05,standard,32,3,euclidean,"{""clean__method"": ""lof_0.05"", ""model__metric"": ""euclidean"", ""model__n_neighbors"": 3, ""model__weights"": ""distance"", ""pca__n_components"": 32, ""scale__method"": ""standard""}",stage3_local_cv,0.7505000000000001,0.009612816964865187,320.0,3.245,5
stage3_715,stage3_seed_3,"{""clean__method"": ""lof_0.05"", ""model__metric"": ""manhattan"", ""model__n_neighbors"": 5, ""model__weights"": ""distance"", ""pca__n_components"": 64, ""scale__method"": ""robust""}",lof_0.05,robust,64,5,manhattan,"{""clean__method"": ""lof_0.05"", ""model__metric"": ""manhattan"", ""model__n_neighbors"": 5, ""model__weights"": ""distance"", ""pca__n_components"": 64, ""scale__method"": ""robust""}",stage3_local_cv,0.750375,0.005370637764735198,320.0,7.992,5
stage3_426,stage3_seed_0,"{""clean__method"": ""tomek"", ""model__metric"": ""euclidean"", ""model__n_neighbors"": 5, ""model__weights"": ""distance"", ""pca__n_components"": 40, ""scale__method"": ""standard""}",tomek,standard,40,5,euclidean,"{""clean__method"": ""tomek"", ""model__metric"": ""euclidean"", ""model__n_neighbors"": 5, ""model__weights"": ""distance"", ""pca__n_components"": 40, ""scale__method"": ""standard""}",stage3_local_cv,0.75025,0.006514407110397681,160.0,4.941000000000001,5
stage3_618,stage3_seed_1,"{""clean__method"": ""none"", ""model__metric"": ""euclidean"", ""model__n_neighbors"": 5, ""model__weights"": ""distance"", ""pca__n_components"": 36, ""scale__method"": ""standard""}",none,standard,36,5,euclidean,"{""clean__method"": ""none"", ""model__metric"": ""euclidean"", ""model__n_neighbors"": 5, ""model__weights"": ""distance"", ""pca__n_components"": 36, ""scale__method"": ""standard""}",stage3_local_cv,0.750125,0.00972593183196345,0.0,1.0779999999999998,5
stage3_522,stage3_seed_1,"{""clean__method"": ""lof_0.03"", ""model__metric"": ""euclidean"", ""model__n_neighbors"": 5, ""model__weights"": ""distance"", ""pca__n_components"": 36, ""scale__method"": ""standard""}",lof_0.03,standard,36,5,euclidean,"{""clean__method"": ""lof_0.03"", ""model__metric"": ""euclidean"", ""model__n_neighbors"": 5, ""model__weights"": ""distance"", ""pca__n_components"": 36, ""scale__method"": ""standard""}",stage3_local_cv,0.7498750000000001,0.007119515432949055,192.0,2.959,5
stage3_378,stage3_seed_0,"{""clean__method"": ""tomek"", ""model__metric"": ""euclidean"", ""model__n_neighbors"": 5, ""model__weights"": ""distance"", ""pca__n_components"": 44, ""scale__method"": ""robust""}",tomek,robust,44,5,euclidean,"{""clean__method"": ""tomek"", ""model__metric"": ""euclidean"", ""model__n_neighbors"": 5, ""model__weights"": ""distance"", ""pca__n_components"": 44, ""scale__method"": ""robust""}",stage3_local_cv,0.7495,0.006242495494591859,160.0,4.753,5
stage3_390,stage3_seed_0,"{""clean__method"": ""tomek"", ""model__metric"": ""euclidean"", ""model__n_neighbors"": 5, ""model__weights"": ""distance"", ""pca__n_components"": 48, ""scale__method"": ""robust""}",tomek,robust,48,5,euclidean,"{""clean__method"": ""tomek"", ""model__metric"": ""euclidean"", ""model__n_neighbors"": 5, ""model__weights"": ""distance"", ""pca__n_components"": 48, ""scale__method"": ""robust""}",stage3_local_cv,0.749375,0.003972562145517689,160.0,5.746,5
stage3_594,stage3_seed_1,"{""clean__method"": ""none"", ""model__metric"": ""euclidean"", ""model__n_neighbors"": 5, ""model__weights"": ""distance"", ""pca__n_components"": 36, ""scale__method"": ""robust""}",none,robust,36,5,euclidean,"{""clean__method"": ""none"", ""model__metric"": ""euclidean"", ""model__n_neighbors"": 5, ""model__weights"": ""distance"", ""pca__n_components"": 36, ""scale__method"": ""robust""}",stage3_local_cv,0.749,0.008048680016002608,0.0,1.2269999999999999,5
stage3_366,stage3_seed_0,"{""clean__method"": ""tomek"", ""model__metric"": ""euclidean"", ""model__n_neighbors"": 5, ""model__weights"": ""distance"", ""pca__n_components"": 40, ""scale__method"": ""robust""}",tomek,robust,40,5,euclidean,"{""clean__method"": ""tomek"", ""model__metric"": ""euclidean"", ""model__n_neighbors"": 5, ""model__weights"": ""distance"", ""pca__n_components"": 40, ""scale__method"": ""robust""}",stage3_local_cv,0.749,0.0063319625709569605,160.0,5.322,5
stage3_438,stage3_seed_0,"{""clean__method"": ""tomek"", ""model__metric"": ""euclidean"", ""model__n_neighbors"": 5, ""model__weights"": ""distance"", ""pca__n_components"": 44, ""scale__method"": ""standard""}",tomek,standard,44,5,euclidean,"{""clean__method"": ""tomek"", ""model__metric"": ""euclidean"", ""model__n_neighbors"": 5, ""model__weights"": ""distance"", ""pca__n_components"": 44, ""scale__method"": ""standard""}",stage3_local_cv,0.7489999999999999,0.004720301897124805,160.0,4.635999999999999,5
stage3_642,stage3_seed_2,"{""clean__method"": ""tomek"", ""model__metric"": ""euclidean"", ""model__n_neighbors"": 5, ""model__weights"": ""distance"", ""pca__n_components"": 36, ""scale__method"": ""standard""}",tomek,standard,36,5,euclidean,"{""clean__method"": ""tomek"", ""model__metric"": ""euclidean"", ""model__n_neighbors"": 5, ""model__weights"": ""distance"", ""pca__n_components"": 36, ""scale__method"": ""standard""}",stage3_local_cv,0.748375,0.009250000000000008,160.0,4.766,5
stage3_506,stage3_seed_1,"{""clean__method"": ""lof_0.03"", ""model__metric"": ""euclidean"", ""model__n_neighbors"": 3, ""model__weights"": ""distance"", ""pca__n_components"": 32, ""scale__method"": ""standard""}",lof_0.03,standard,32,3,euclidean,"{""clean__method"": ""lof_0.03"", ""model__metric"": ""euclidean"", ""model__n_neighbors"": 3, ""model__weights"": ""distance"", ""pca__n_components"": 32, ""scale__method"": ""standard""}",stage3_local_cv,0.748125,0.008091276166341121,192.0,2.872,5
stage3_691,stage3_seed_3,"{""clean__method"": ""lof_0.03"", ""model__metric"": ""manhattan"", ""model__n_neighbors"": 5, ""model__weights"": ""distance"", ""pca__n_components"": 64, ""scale__method"": ""standard""}",lof_0.03,standard,64,5,manhattan,"{""clean__method"": ""lof_0.03"", ""model__metric"": ""manhattan"", ""model__n_neighbors"": 5, ""model__weights"": ""distance"", ""pca__n_components"": 64, ""scale__method"": ""standard""}",stage3_local_cv,0.748,0.004319288135792739,192.0,7.821999999999999,5
stage3_482,stage3_seed_1,"{""clean__method"": ""lof_0.03"", ""model__metric"": ""euclidean"", ""model__n_neighbors"": 3, ""model__weights"": ""distance"", ""pca__n_components"": 32, ""scale__method"": ""robust""}",lof_0.03,robust,32,3,euclidean,"{""clean__method"": ""lof_0.03"", ""model__metric"": ""euclidean"", ""model__n_neighbors"": 3, ""model__weights"": ""distance"", ""pca__n_components"": 32, ""scale__method"": ""robust""}",stage3_local_cv,0.7474999999999999,0.00993730345717592,192.0,3.2750000000000004,5
stage3_667,stage3_seed_3,"{""clean__method"": ""lof_0.03"", ""model__metric"": ""manhattan"", ""model__n_neighbors"": 5, ""model__weights"": ""distance"", ""pca__n_components"": 64, ""scale__method"": ""robust""}",lof_0.03,robust,64,5,manhattan,"{""clean__method"": ""lof_0.03"", ""model__metric"": ""manhattan"", ""model__n_neighbors"": 5, ""model__weights"": ""distance"", ""pca__n_components"": 64, ""scale__method"": ""robust""}",stage3_local_cv,0.747,0.007760074097584375,192.0,7.854,5
stage3_630,stage3_seed_2,"{""clean__method"": ""tomek"", ""model__metric"": ""euclidean"", ""model__n_neighbors"": 5, ""model__weights"": ""distance"", ""pca__n_components"": 36, ""scale__method"": ""robust""}",tomek,robust,36,5,euclidean,"{""clean__method"": ""tomek"", ""model__metric"": ""euclidean"", ""model__n_neighbors"": 5, ""model__weights"": ""distance"", ""pca__n_components"": 36, ""scale__method"": ""robust""}",stage3_local_cv,0.7466250000000001,0.008719590013297661,160.0,5.885,5
stage3_679,stage3_seed_3,"{""clean__method"": ""lof_0.03"", ""model__metric"": ""manhattan"", ""model__n_neighbors"": 5, ""model__weights"": ""distance"", ""pca__n_components"": 60, ""scale__method"": ""standard""}",lof_0.03,standard,60,5,manhattan,"{""clean__method"": ""lof_0.03"", ""model__metric"": ""manhattan"", ""model__n_neighbors"": 5, ""model__weights"": ""distance"", ""pca__n_components"": 60, ""scale__method"": ""standard""}",stage3_local_cv,0.746375,0.0020691181696558627,192.0,9.132,5
stage3_607,stage3_seed_1,"{""clean__method"": ""none"", ""model__metric"": ""manhattan"", ""model__n_neighbors"": 5, ""model__weights"": ""distance"", ""pca__n_components"": 32, ""scale__method"": ""standard""}",none,standard,32,5,manhattan,"{""clean__method"": ""none"", ""model__metric"": ""manhattan"", ""model__n_neighbors"": 5, ""model__weights"": ""distance"", ""pca__n_components"": 32, ""scale__method"": ""standard""}",stage3_local_cv,0.7463749999999999,0.009758009530636868,0.0,2.822,5
stage3_578,stage3_seed_1,"{""clean__method"": ""none"", ""model__metric"": ""euclidean"", ""model__n_neighbors"": 3, ""model__weights"": ""distance"", ""pca__n_components"": 32, ""scale__method"": ""robust""}",none,robust,32,3,euclidean,"{""clean__method"": ""none"", ""model__metric"": ""euclidean"", ""model__n_neighbors"": 3, ""model__weights"": ""distance"", ""pca__n_components"": 32, ""scale__method"": ""robust""}",stage3_local_cv,0.7457499999999999,0.010978672506273246,0.0,1.8690000000000002,5
stage3_602,stage3_seed_1,"{""clean__method"": ""none"", ""model__metric"": ""euclidean"", ""model__n_neighbors"": 3, ""model__weights"": ""distance"", ""pca__n_components"": 32, ""scale__method"": ""standard""}",none,standard,32,3,euclidean,"{""clean__method"": ""none"", ""model__metric"": ""euclidean"", ""model__n_neighbors"": 3, ""model__weights"": ""distance"", ""pca__n_components"": 32, ""scale__method"": ""standard""}",stage3_local_cv,0.744,0.008620469824783311,0.0,0.821,5
stage3_534,stage3_seed_1,"{""clean__method"": ""lof_0.05"", ""model__metric"": ""euclidean"", ""model__n_neighbors"": 5, ""model__weights"": ""distance"", ""pca__n_components"": 32, ""scale__method"": ""robust""}",lof_0.05,robust,32,5,euclidean,"{""clean__method"": ""lof_0.05"", ""model__metric"": ""euclidean"", ""model__n_neighbors"": 5, ""model__weights"": ""distance"", ""pca__n_components"": 32, ""scale__method"": ""robust""}",stage3_local_cv,0.74375,0.00741619848709567,320.0,3.3200000000000003,5
stage3_558,stage3_seed_1,"{""clean__method"": ""lof_0.05"", ""model__metric"": ""euclidean"", ""model__n_neighbors"": 5, ""model__weights"": ""distance"", ""pca__n_components"": 32, ""scale__method"": ""standard""}",lof_0.05,standard,32,5,euclidean,"{""clean__method"": ""lof_0.05"", ""model__metric"": ""euclidean"", ""model__n_neighbors"": 5, ""model__weights"": ""distance"", ""pca__n_components"": 32, ""scale__method"": ""standard""}",stage3_local_cv,0.743,0.007689278249614865,320.0,3.2449999999999997,5
stage3_582,stage3_seed_1,"{""clean__method"": ""none"", ""model__metric"": ""euclidean"", ""model__n_neighbors"": 5, ""model__weights"": ""distance"", ""pca__n_components"": 32, ""scale__method"": ""robust""}",none,robust,32,5,euclidean,"{""clean__method"": ""none"", ""model__metric"": ""euclidean"", ""model__n_neighbors"": 5, ""model__weights"": ""distance"", ""pca__n_components"": 32, ""scale__method"": ""robust""}",stage3_local_cv,0.742375,0.006317139384246652,0.0,1.335,5
stage3_486,stage3_seed_1,"{""clean__method"": ""lof_0.03"", ""model__metric"": ""euclidean"", ""model__n_neighbors"": 5, ""model__weights"": ""distance"", ""pca__n_components"": 32, ""scale__method"": ""robust""}",lof_0.03,robust,32,5,euclidean,"{""clean__method"": ""lof_0.03"", ""model__metric"": ""euclidean"", ""model__n_neighbors"": 5, ""model__weights"": ""distance"", ""pca__n_components"": 32, ""scale__method"": ""robust""}",stage3_local_cv,0.741625,0.00768114574786861,192.0,4.47,5
stage3_606,stage3_seed_1,"{""clean__method"": ""none"", ""model__metric"": ""euclidean"", ""model__n_neighbors"": 5, ""model__weights"": ""distance"", ""pca__n_components"": 32, ""scale__method"": ""standard""}",none,standard,32,5,euclidean,"{""clean__method"": ""none"", ""model__metric"": ""euclidean"", ""model__n_neighbors"": 5, ""model__weights"": ""distance"", ""pca__n_components"": 32, ""scale__method"": ""standard""}",stage3_local_cv,0.7404999999999999,0.0070200605410494785,0.0,0.773,5
stage3_510,stage3_seed_1,"{""clean__method"": ""lof_0.03"", ""model__metric"": ""euclidean"", ""model__n_neighbors"": 5, ""model__weights"": ""distance"", ""pca__n_components"": 32, ""scale__method"": ""standard""}",lof_0.03,standard,32,5,euclidean,"{""clean__method"": ""lof_0.03"", ""model__metric"": ""euclidean"", ""model__n_neighbors"": 5, ""model__weights"": ""distance"", ""pca__n_components"": 32, ""scale__method"": ""standard""}",stage3_local_cv,0.74025,0.005804093383121941,192.0,3.0629999999999997,5
