id,y_true,prob_1,pred,source_model
1,0,0.34199467,0,challenge_10_signal_features_colab_ultra
2,1,0.93675303,1,challenge_10_signal_features_colab_ultra
3,1,0.98081446,1,challenge_10_signal_features_colab_ultra
4,1,0.9809367,1,challenge_10_signal_features_colab_ultra
5,1,0.9890472,1,challenge_10_signal_features_colab_ultra
6,0,0.053079806,0,challenge_10_signal_features_colab_ultra
7,0,0.0007762269,0,challenge_10_signal_features_colab_ultra
8,1,0.40820938,0,challenge_10_signal_features_colab_ultra
9,1,0.99688065,1,challenge_10_signal_features_colab_ultra
10,0,0.83482987,1,challenge_10_signal_features_colab_ultra
11,0,0.022077316,0,challenge_10_signal_features_colab_ultra
12,1,0.9972672,1,challenge_10_signal_features_colab_ultra
13,1,0.8559754,1,challenge_10_signal_features_colab_ultra
14,1,0.99999774,1,challenge_10_signal_features_colab_ultra
15,1,0.9653984,1,challenge_10_signal_features_colab_ultra
16,0,0.3669286,0,challenge_10_signal_features_colab_ultra
17,1,0.17342721,0,challenge_10_signal_features_colab_ultra
18,0,0.84207803,1,challenge_10_signal_features_colab_ultra
19,1,0.36411682,0,challenge_10_signal_features_colab_ultra
20,0,0.0020766684,0,challenge_10_signal_features_colab_ultra
21,0,0.027058648,0,challenge_10_signal_features_colab_ultra
22,1,0.9920251,1,challenge_10_signal_features_colab_ultra
23,0,0.15802196,0,challenge_10_signal_features_colab_ultra
24,1,0.9117146,1,challenge_10_signal_features_colab_ultra
25,0,0.7474153,1,challenge_10_signal_features_colab_ultra
26,1,0.8365134,1,challenge_10_signal_features_colab_ultra
27,0,0.10377511,0,challenge_10_signal_features_colab_ultra
28,1,0.98121417,1,challenge_10_signal_features_colab_ultra
29,0,0.037312657,0,challenge_10_signal_features_colab_ultra
30,1,0.9999991,1,challenge_10_signal_features_colab_ultra
31,1,0.86931235,1,challenge_10_signal_features_colab_ultra
32,1,0.9074342,1,challenge_10_signal_features_colab_ultra
33,1,0.40195656,0,challenge_10_signal_features_colab_ultra
34,1,0.6584583,1,challenge_10_signal_features_colab_ultra
35,1,0.99531597,1,challenge_10_signal_features_colab_ultra
36,1,0.9965287,1,challenge_10_signal_features_colab_ultra
37,1,0.5109611,1,challenge_10_signal_features_colab_ultra
38,0,0.0053876163,0,challenge_10_signal_features_colab_ultra
39,1,0.98753333,1,challenge_10_signal_features_colab_ultra
40,1,0.8832347,1,challenge_10_signal_features_colab_ultra
41,1,0.99998677,1,challenge_10_signal_features_colab_ultra
42,0,0.0012138757,0,challenge_10_signal_features_colab_ultra
43,0,0.22795008,0,challenge_10_signal_features_colab_ultra
44,1,0.9334686,1,challenge_10_signal_features_colab_ultra
45,0,0.1667571,0,challenge_10_signal_features_colab_ultra
46,0,0.00031017125,0,challenge_10_signal_features_colab_ultra
47,1,0.9732049,1,challenge_10_signal_features_colab_ultra
48,0,4.2950345e-05,0,challenge_10_signal_features_colab_ultra
49,0,9.5927935e-06,0,challenge_10_signal_features_colab_ultra
50,0,1.2299276e-07,0,challenge_10_signal_features_colab_ultra
51,1,0.99371237,1,challenge_10_signal_features_colab_ultra
52,1,0.9727531,1,challenge_10_signal_features_colab_ultra
53,1,0.9677606,1,challenge_10_signal_features_colab_ultra
54,0,0.0014793162,0,challenge_10_signal_features_colab_ultra
55,1,0.987235,1,challenge_10_signal_features_colab_ultra
56,0,0.00024024572,0,challenge_10_signal_features_colab_ultra
57,0,0.00020371059,0,challenge_10_signal_features_colab_ultra
58,0,5.039006e-05,0,challenge_10_signal_features_colab_ultra
59,0,0.13094766,0,challenge_10_signal_features_colab_ultra
60,1,0.97447914,1,challenge_10_signal_features_colab_ultra
61,0,0.0017298778,0,challenge_10_signal_features_colab_ultra
62,0,0.00017226186,0,challenge_10_signal_features_colab_ultra
63,1,0.9591019,1,challenge_10_signal_features_colab_ultra
64,0,0.88470685,1,challenge_10_signal_features_colab_ultra
65,1,0.37472734,0,challenge_10_signal_features_colab_ultra
66,0,0.0046381177,0,challenge_10_signal_features_colab_ultra
67,1,0.9085437,1,challenge_10_signal_features_colab_ultra
68,0,0.0005351651,0,challenge_10_signal_features_colab_ultra
69,0,0.017446129,0,challenge_10_signal_features_colab_ultra
70,1,0.9900328,1,challenge_10_signal_features_colab_ultra
71,0,0.1262537,0,challenge_10_signal_features_colab_ultra
72,0,0.059679784,0,challenge_10_signal_features_colab_ultra
73,1,0.97719425,1,challenge_10_signal_features_colab_ultra
74,1,0.99999845,1,challenge_10_signal_features_colab_ultra
75,0,0.0013739525,0,challenge_10_signal_features_colab_ultra
76,0,0.024223525,0,challenge_10_signal_features_colab_ultra
77,1,0.99613124,1,challenge_10_signal_features_colab_ultra
78,0,0.00030105145,0,challenge_10_signal_features_colab_ultra
79,0,7.039966e-05,0,challenge_10_signal_features_colab_ultra
80,1,0.98954093,1,challenge_10_signal_features_colab_ultra
81,0,0.7546389,1,challenge_10_signal_features_colab_ultra
82,0,4.102688e-05,0,challenge_10_signal_features_colab_ultra
83,0,0.029876838,0,challenge_10_signal_features_colab_ultra
84,0,0.00041876745,0,challenge_10_signal_features_colab_ultra
85,1,0.9968225,1,challenge_10_signal_features_colab_ultra
86,0,0.002696981,0,challenge_10_signal_features_colab_ultra
87,0,3.7087198e-06,0,challenge_10_signal_features_colab_ultra
88,1,0.97598946,1,challenge_10_signal_features_colab_ultra
89,1,0.98633856,1,challenge_10_signal_features_colab_ultra
90,0,7.157541e-05,0,challenge_10_signal_features_colab_ultra
91,1,0.6227774,1,challenge_10_signal_features_colab_ultra
92,0,0.036560517,0,challenge_10_signal_features_colab_ultra
93,0,0.0049787965,0,challenge_10_signal_features_colab_ultra
94,0,0.0132174585,0,challenge_10_signal_features_colab_ultra
95,0,0.15227407,0,challenge_10_signal_features_colab_ultra
96,0,0.02563927,0,challenge_10_signal_features_colab_ultra
97,0,0.26782924,0,challenge_10_signal_features_colab_ultra
98,1,0.99999976,1,challenge_10_signal_features_colab_ultra
99,0,0.09059494,0,challenge_10_signal_features_colab_ultra
100,1,0.9650612,1,challenge_10_signal_features_colab_ultra
101,0,0.0047875433,0,challenge_10_signal_features_colab_ultra
102,0,0.01561541,0,challenge_10_signal_features_colab_ultra
103,0,0.0035928504,0,challenge_10_signal_features_colab_ultra
104,1,0.9968193,1,challenge_10_signal_features_colab_ultra
105,1,0.8800612,1,challenge_10_signal_features_colab_ultra
106,1,0.9801098,1,challenge_10_signal_features_colab_ultra
107,0,9.6102136e-05,0,challenge_10_signal_features_colab_ultra
108,0,0.0021582344,0,challenge_10_signal_features_colab_ultra
109,1,0.9390844,1,challenge_10_signal_features_colab_ultra
110,0,0.00012558427,0,challenge_10_signal_features_colab_ultra
111,0,0.0002759293,0,challenge_10_signal_features_colab_ultra
112,0,0.0001621644,0,challenge_10_signal_features_colab_ultra
113,0,0.014492164,0,challenge_10_signal_features_colab_ultra
114,1,0.8403524,1,challenge_10_signal_features_colab_ultra
115,1,0.8014861,1,challenge_10_signal_features_colab_ultra
116,0,0.00034627633,0,challenge_10_signal_features_colab_ultra
117,1,0.99290955,1,challenge_10_signal_features_colab_ultra
118,1,0.9999874,1,challenge_10_signal_features_colab_ultra
119,0,0.0010424064,0,challenge_10_signal_features_colab_ultra
120,0,0.0063506584,0,challenge_10_signal_features_colab_ultra
121,0,0.118706375,0,challenge_10_signal_features_colab_ultra
122,0,0.66320664,1,challenge_10_signal_features_colab_ultra
123,1,0.99999887,1,challenge_10_signal_features_colab_ultra
124,0,0.0016717701,0,challenge_10_signal_features_colab_ultra
125,0,6.315763e-05,0,challenge_10_signal_features_colab_ultra
126,0,0.080264166,0,challenge_10_signal_features_colab_ultra
127,1,0.99269956,1,challenge_10_signal_features_colab_ultra
128,0,0.20694065,0,challenge_10_signal_features_colab_ultra
129,0,0.00044916247,0,challenge_10_signal_features_colab_ultra
130,1,0.73289347,1,challenge_10_signal_features_colab_ultra
131,1,0.9930467,1,challenge_10_signal_features_colab_ultra
132,0,0.0018007434,0,challenge_10_signal_features_colab_ultra
133,0,3.0222163e-05,0,challenge_10_signal_features_colab_ultra
134,0,0.056290586,0,challenge_10_signal_features_colab_ultra
135,1,1.0,1,challenge_10_signal_features_colab_ultra
136,0,0.101906426,0,challenge_10_signal_features_colab_ultra
137,1,0.9999887,1,challenge_10_signal_features_colab_ultra
138,0,0.0016667789,0,challenge_10_signal_features_colab_ultra
139,0,0.0003458007,0,challenge_10_signal_features_colab_ultra
140,1,0.99999964,1,challenge_10_signal_features_colab_ultra
141,1,0.99998856,1,challenge_10_signal_features_colab_ultra
142,0,0.18866704,0,challenge_10_signal_features_colab_ultra
143,0,0.00011032457,0,challenge_10_signal_features_colab_ultra
144,1,0.99999285,1,challenge_10_signal_features_colab_ultra
145,0,0.005415342,0,challenge_10_signal_features_colab_ultra
146,0,0.89021385,1,challenge_10_signal_features_colab_ultra
147,1,0.98478824,1,challenge_10_signal_features_colab_ultra
148,0,1.132387e-05,0,challenge_10_signal_features_colab_ultra
149,1,0.98477024,1,challenge_10_signal_features_colab_ultra
150,1,0.9933969,1,challenge_10_signal_features_colab_ultra
151,1,0.9880547,1,challenge_10_signal_features_colab_ultra
152,0,0.007834662,0,challenge_10_signal_features_colab_ultra
153,0,0.26354715,0,challenge_10_signal_features_colab_ultra
154,0,0.03188334,0,challenge_10_signal_features_colab_ultra
155,0,0.0062396624,0,challenge_10_signal_features_colab_ultra
156,0,0.35302836,0,challenge_10_signal_features_colab_ultra
157,1,0.97845435,1,challenge_10_signal_features_colab_ultra
158,1,0.8215136,1,challenge_10_signal_features_colab_ultra
159,0,4.056182e-05,0,challenge_10_signal_features_colab_ultra
160,0,0.38137415,0,challenge_10_signal_features_colab_ultra
161,1,0.99999905,1,challenge_10_signal_features_colab_ultra
162,1,0.9949297,1,challenge_10_signal_features_colab_ultra
163,1,0.99391377,1,challenge_10_signal_features_colab_ultra
164,1,0.9751988,1,challenge_10_signal_features_colab_ultra
165,1,0.997291,1,challenge_10_signal_features_colab_ultra
166,1,0.99726003,1,challenge_10_signal_features_colab_ultra
167,0,0.03545957,0,challenge_10_signal_features_colab_ultra
168,0,0.036058683,0,challenge_10_signal_features_colab_ultra
169,0,0.0037577786,0,challenge_10_signal_features_colab_ultra
170,1,0.99998856,1,challenge_10_signal_features_colab_ultra
171,1,0.9999841,1,challenge_10_signal_features_colab_ultra
172,0,0.014042406,0,challenge_10_signal_features_colab_ultra
173,1,0.9999895,1,challenge_10_signal_features_colab_ultra
174,0,0.00017709796,0,challenge_10_signal_features_colab_ultra
175,1,0.9915164,1,challenge_10_signal_features_colab_ultra
176,0,0.0023451557,0,challenge_10_signal_features_colab_ultra
177,1,0.9544649,1,challenge_10_signal_features_colab_ultra
178,1,0.9494147,1,challenge_10_signal_features_colab_ultra
179,0,0.004266026,0,challenge_10_signal_features_colab_ultra
180,0,0.043237753,0,challenge_10_signal_features_colab_ultra
181,0,0.0014626118,0,challenge_10_signal_features_colab_ultra
182,0,0.019679205,0,challenge_10_signal_features_colab_ultra
183,1,0.061967563,0,challenge_10_signal_features_colab_ultra
184,0,0.00032728224,0,challenge_10_signal_features_colab_ultra
185,0,1.571262e-07,0,challenge_10_signal_features_colab_ultra
186,0,0.01752272,0,challenge_10_signal_features_colab_ultra
187,0,9.294157e-07,0,challenge_10_signal_features_colab_ultra
188,0,0.95366275,1,challenge_10_signal_features_colab_ultra
189,1,0.28863952,0,challenge_10_signal_features_colab_ultra
190,0,0.0032068277,0,challenge_10_signal_features_colab_ultra
191,0,3.0956986e-07,0,challenge_10_signal_features_colab_ultra
192,1,0.9973297,1,challenge_10_signal_features_colab_ultra
193,0,0.00013527407,0,challenge_10_signal_features_colab_ultra
194,0,0.008187622,0,challenge_10_signal_features_colab_ultra
195,0,9.880605e-07,0,challenge_10_signal_features_colab_ultra
196,1,0.9242795,1,challenge_10_signal_features_colab_ultra
197,1,0.98120975,1,challenge_10_signal_features_colab_ultra
198,1,0.97089684,1,challenge_10_signal_features_colab_ultra
199,0,7.771522e-06,0,challenge_10_signal_features_colab_ultra
200,0,8.904596e-05,0,challenge_10_signal_features_colab_ultra
201,0,0.00037485317,0,challenge_10_signal_features_colab_ultra
202,1,0.7203966,1,challenge_10_signal_features_colab_ultra
203,1,0.9973771,1,challenge_10_signal_features_colab_ultra
204,0,0.00017210327,0,challenge_10_signal_features_colab_ultra
205,1,0.9446244,1,challenge_10_signal_features_colab_ultra
206,0,0.013943295,0,challenge_10_signal_features_colab_ultra
207,1,0.7895466,1,challenge_10_signal_features_colab_ultra
208,0,1.5447218e-05,0,challenge_10_signal_features_colab_ultra
209,0,0.06993055,0,challenge_10_signal_features_colab_ultra
210,0,0.0012156143,0,challenge_10_signal_features_colab_ultra
211,0,0.015910132,0,challenge_10_signal_features_colab_ultra
212,1,0.9144953,1,challenge_10_signal_features_colab_ultra
213,0,0.22474916,0,challenge_10_signal_features_colab_ultra
214,1,0.5292309,1,challenge_10_signal_features_colab_ultra
215,0,0.034925003,0,challenge_10_signal_features_colab_ultra
216,1,0.99998707,1,challenge_10_signal_features_colab_ultra
217,1,0.9956139,1,challenge_10_signal_features_colab_ultra
218,0,0.18715653,0,challenge_10_signal_features_colab_ultra
219,0,0.0004955827,0,challenge_10_signal_features_colab_ultra
220,1,0.9833244,1,challenge_10_signal_features_colab_ultra
221,0,0.27176774,0,challenge_10_signal_features_colab_ultra
222,1,0.957363,1,challenge_10_signal_features_colab_ultra
223,1,0.99288577,1,challenge_10_signal_features_colab_ultra
224,1,0.95008874,1,challenge_10_signal_features_colab_ultra
225,1,0.9999991,1,challenge_10_signal_features_colab_ultra
226,0,1.5788337e-05,0,challenge_10_signal_features_colab_ultra
227,1,0.97557294,1,challenge_10_signal_features_colab_ultra
228,0,0.00010181062,0,challenge_10_signal_features_colab_ultra
229,1,0.7786044,1,challenge_10_signal_features_colab_ultra
230,1,0.996365,1,challenge_10_signal_features_colab_ultra
231,1,0.9475931,1,challenge_10_signal_features_colab_ultra
232,1,0.9833612,1,challenge_10_signal_features_colab_ultra
233,0,0.6714294,1,challenge_10_signal_features_colab_ultra
234,1,0.9663403,1,challenge_10_signal_features_colab_ultra
235,0,0.2785084,0,challenge_10_signal_features_colab_ultra
236,0,0.03528481,0,challenge_10_signal_features_colab_ultra
237,0,0.00048442918,0,challenge_10_signal_features_colab_ultra
238,1,0.9999948,1,challenge_10_signal_features_colab_ultra
239,1,0.9888738,1,challenge_10_signal_features_colab_ultra
240,0,0.006671487,0,challenge_10_signal_features_colab_ultra
241,1,0.5,1,challenge_10_signal_features_colab_ultra
242,1,0.9962283,1,challenge_10_signal_features_colab_ultra
243,1,0.99999994,1,challenge_10_signal_features_colab_ultra
244,1,0.91113746,1,challenge_10_signal_features_colab_ultra
245,0,0.0015200477,0,challenge_10_signal_features_colab_ultra
246,1,0.993939,1,challenge_10_signal_features_colab_ultra
247,1,0.97919035,1,challenge_10_signal_features_colab_ultra
248,0,0.00010361473,0,challenge_10_signal_features_colab_ultra
249,1,0.9945979,1,challenge_10_signal_features_colab_ultra
250,0,6.1407804e-06,0,challenge_10_signal_features_colab_ultra
251,1,0.9925353,1,challenge_10_signal_features_colab_ultra
252,1,0.9999891,1,challenge_10_signal_features_colab_ultra
253,1,0.9959654,1,challenge_10_signal_features_colab_ultra
254,0,0.0817273,0,challenge_10_signal_features_colab_ultra
255,0,0.00040357836,0,challenge_10_signal_features_colab_ultra
256,0,0.6635246,1,challenge_10_signal_features_colab_ultra
257,1,0.9918917,1,challenge_10_signal_features_colab_ultra
258,1,0.9999943,1,challenge_10_signal_features_colab_ultra
259,1,0.9999989,1,challenge_10_signal_features_colab_ultra
260,1,0.9395121,1,challenge_10_signal_features_colab_ultra
261,1,0.9999857,1,challenge_10_signal_features_colab_ultra
262,0,0.00051190687,0,challenge_10_signal_features_colab_ultra
263,1,0.9999953,1,challenge_10_signal_features_colab_ultra
264,0,0.6021923,1,challenge_10_signal_features_colab_ultra
265,0,0.00045486938,0,challenge_10_signal_features_colab_ultra
266,1,0.07732745,0,challenge_10_signal_features_colab_ultra
267,1,0.73916674,1,challenge_10_signal_features_colab_ultra
268,0,0.000598714,0,challenge_10_signal_features_colab_ultra
269,1,0.99998295,1,challenge_10_signal_features_colab_ultra
270,1,0.9999975,1,challenge_10_signal_features_colab_ultra
271,0,0.00010842741,0,challenge_10_signal_features_colab_ultra
272,0,0.42847225,0,challenge_10_signal_features_colab_ultra
273,1,0.9418998,1,challenge_10_signal_features_colab_ultra
274,0,0.25601324,0,challenge_10_signal_features_colab_ultra
275,0,0.48642075,0,challenge_10_signal_features_colab_ultra
276,0,0.061422784,0,challenge_10_signal_features_colab_ultra
277,1,0.13099311,0,challenge_10_signal_features_colab_ultra
278,1,0.3021175,0,challenge_10_signal_features_colab_ultra
279,0,0.0045336033,0,challenge_10_signal_features_colab_ultra
280,1,0.9918634,1,challenge_10_signal_features_colab_ultra
281,1,0.999997,1,challenge_10_signal_features_colab_ultra
282,0,5.0232582e-05,0,challenge_10_signal_features_colab_ultra
283,0,0.0002736946,0,challenge_10_signal_features_colab_ultra
284,0,0.12108974,0,challenge_10_signal_features_colab_ultra
285,1,0.99999046,1,challenge_10_signal_features_colab_ultra
286,0,0.0002743156,0,challenge_10_signal_features_colab_ultra
287,0,0.11005598,0,challenge_10_signal_features_colab_ultra
288,1,0.9999852,1,challenge_10_signal_features_colab_ultra
289,0,0.52508056,1,challenge_10_signal_features_colab_ultra
290,0,0.018456113,0,challenge_10_signal_features_colab_ultra
291,0,0.0048391623,0,challenge_10_signal_features_colab_ultra
292,0,0.036375448,0,challenge_10_signal_features_colab_ultra
293,1,0.9999949,1,challenge_10_signal_features_colab_ultra
294,0,4.7737783e-05,0,challenge_10_signal_features_colab_ultra
295,0,0.01440453,0,challenge_10_signal_features_colab_ultra
296,0,7.365012e-05,0,challenge_10_signal_features_colab_ultra
297,1,0.49441126,0,challenge_10_signal_features_colab_ultra
298,1,0.9999998,1,challenge_10_signal_features_colab_ultra
299,0,0.005426316,0,challenge_10_signal_features_colab_ultra
300,1,0.9960694,1,challenge_10_signal_features_colab_ultra
301,0,0.0015543064,0,challenge_10_signal_features_colab_ultra
302,1,0.98028696,1,challenge_10_signal_features_colab_ultra
303,0,0.041689076,0,challenge_10_signal_features_colab_ultra
304,0,0.0022685414,0,challenge_10_signal_features_colab_ultra
305,0,0.04510162,0,challenge_10_signal_features_colab_ultra
306,0,0.48161408,0,challenge_10_signal_features_colab_ultra
307,0,0.83216363,1,challenge_10_signal_features_colab_ultra
308,0,3.3051332e-05,0,challenge_10_signal_features_colab_ultra
309,1,0.12722503,0,challenge_10_signal_features_colab_ultra
310,1,0.9957968,1,challenge_10_signal_features_colab_ultra
311,1,0.99509645,1,challenge_10_signal_features_colab_ultra
312,1,0.97339296,1,challenge_10_signal_features_colab_ultra
313,0,0.8522033,1,challenge_10_signal_features_colab_ultra
314,0,0.003360095,0,challenge_10_signal_features_colab_ultra
315,0,0.00014950636,0,challenge_10_signal_features_colab_ultra
316,1,0.99999917,1,challenge_10_signal_features_colab_ultra
317,0,4.443263e-05,0,challenge_10_signal_features_colab_ultra
318,1,0.999983,1,challenge_10_signal_features_colab_ultra
319,0,0.7684686,1,challenge_10_signal_features_colab_ultra
320,0,0.0003503997,0,challenge_10_signal_features_colab_ultra
321,1,0.39530802,0,challenge_10_signal_features_colab_ultra
322,1,0.9999997,1,challenge_10_signal_features_colab_ultra
323,0,0.00065008097,0,challenge_10_signal_features_colab_ultra
324,1,0.9999877,1,challenge_10_signal_features_colab_ultra
325,1,0.99999106,1,challenge_10_signal_features_colab_ultra
326,1,0.996536,1,challenge_10_signal_features_colab_ultra
327,0,8.6340835e-05,0,challenge_10_signal_features_colab_ultra
328,1,0.9999999,1,challenge_10_signal_features_colab_ultra
329,1,0.7530839,1,challenge_10_signal_features_colab_ultra
330,0,0.006313328,0,challenge_10_signal_features_colab_ultra
331,0,0.045395974,0,challenge_10_signal_features_colab_ultra
332,1,0.96144533,1,challenge_10_signal_features_colab_ultra
333,1,0.9737444,1,challenge_10_signal_features_colab_ultra
334,1,0.99999726,1,challenge_10_signal_features_colab_ultra
335,1,0.943302,1,challenge_10_signal_features_colab_ultra
336,1,0.94704914,1,challenge_10_signal_features_colab_ultra
337,0,0.35750037,0,challenge_10_signal_features_colab_ultra
338,1,0.8964522,1,challenge_10_signal_features_colab_ultra
339,0,0.0014874777,0,challenge_10_signal_features_colab_ultra
340,1,0.98248446,1,challenge_10_signal_features_colab_ultra
341,0,9.859317e-06,0,challenge_10_signal_features_colab_ultra
342,1,0.9999999,1,challenge_10_signal_features_colab_ultra
343,0,0.3928082,0,challenge_10_signal_features_colab_ultra
344,0,1.1685459e-06,0,challenge_10_signal_features_colab_ultra
345,0,0.12062874,0,challenge_10_signal_features_colab_ultra
346,0,0.032584503,0,challenge_10_signal_features_colab_ultra
347,0,0.006991244,0,challenge_10_signal_features_colab_ultra
348,0,6.424702e-05,0,challenge_10_signal_features_colab_ultra
349,1,0.99071914,1,challenge_10_signal_features_colab_ultra
350,1,0.9999997,1,challenge_10_signal_features_colab_ultra
351,0,2.3185472e-05,0,challenge_10_signal_features_colab_ultra
352,0,0.057169445,0,challenge_10_signal_features_colab_ultra
353,0,0.014817118,0,challenge_10_signal_features_colab_ultra
354,0,0.02725319,0,challenge_10_signal_features_colab_ultra
355,1,0.9951769,1,challenge_10_signal_features_colab_ultra
356,0,0.1905334,0,challenge_10_signal_features_colab_ultra
357,0,4.2055403e-06,0,challenge_10_signal_features_colab_ultra
358,0,1.8813816e-05,0,challenge_10_signal_features_colab_ultra
359,1,0.99603695,1,challenge_10_signal_features_colab_ultra
360,0,0.19320808,0,challenge_10_signal_features_colab_ultra
361,0,0.7571089,1,challenge_10_signal_features_colab_ultra
362,0,0.0325911,0,challenge_10_signal_features_colab_ultra
363,0,3.6008994e-05,0,challenge_10_signal_features_colab_ultra
364,0,0.8198358,1,challenge_10_signal_features_colab_ultra
365,0,0.017441865,0,challenge_10_signal_features_colab_ultra
366,0,0.09785653,0,challenge_10_signal_features_colab_ultra
367,0,0.21911187,0,challenge_10_signal_features_colab_ultra
368,1,0.70279455,1,challenge_10_signal_features_colab_ultra
369,1,0.9928812,1,challenge_10_signal_features_colab_ultra
370,1,0.9683467,1,challenge_10_signal_features_colab_ultra
371,1,0.9954373,1,challenge_10_signal_features_colab_ultra
372,1,0.99373055,1,challenge_10_signal_features_colab_ultra
373,1,0.99496585,1,challenge_10_signal_features_colab_ultra
374,0,0.00025379055,0,challenge_10_signal_features_colab_ultra
375,1,0.87564117,1,challenge_10_signal_features_colab_ultra
376,1,0.99999684,1,challenge_10_signal_features_colab_ultra
377,1,0.9999839,1,challenge_10_signal_features_colab_ultra
378,0,0.0002574092,0,challenge_10_signal_features_colab_ultra
379,0,0.46116725,0,challenge_10_signal_features_colab_ultra
380,1,0.9999847,1,challenge_10_signal_features_colab_ultra
381,1,0.9999999,1,challenge_10_signal_features_colab_ultra
382,0,0.00092381047,0,challenge_10_signal_features_colab_ultra
383,0,4.33056e-06,0,challenge_10_signal_features_colab_ultra
384,1,0.96204513,1,challenge_10_signal_features_colab_ultra
385,1,0.9839164,1,challenge_10_signal_features_colab_ultra
386,0,0.014277547,0,challenge_10_signal_features_colab_ultra
387,1,0.99999887,1,challenge_10_signal_features_colab_ultra
388,0,0.0017477159,0,challenge_10_signal_features_colab_ultra
389,1,0.8079909,1,challenge_10_signal_features_colab_ultra
390,1,0.9165015,1,challenge_10_signal_features_colab_ultra
391,0,0.00016051484,0,challenge_10_signal_features_colab_ultra
392,1,0.9894899,1,challenge_10_signal_features_colab_ultra
393,0,0.00047026883,0,challenge_10_signal_features_colab_ultra
394,1,0.9999876,1,challenge_10_signal_features_colab_ultra
395,0,0.036904808,0,challenge_10_signal_features_colab_ultra
396,1,0.96312594,1,challenge_10_signal_features_colab_ultra
397,1,0.27642798,0,challenge_10_signal_features_colab_ultra
398,0,0.9307505,1,challenge_10_signal_features_colab_ultra
399,0,0.02270128,0,challenge_10_signal_features_colab_ultra
400,1,0.9801369,1,challenge_10_signal_features_colab_ultra
401,1,0.9999987,1,challenge_10_signal_features_colab_ultra
402,0,0.003211349,0,challenge_10_signal_features_colab_ultra
403,0,3.5620276e-05,0,challenge_10_signal_features_colab_ultra
404,0,0.0071780025,0,challenge_10_signal_features_colab_ultra
405,1,0.988683,1,challenge_10_signal_features_colab_ultra
406,0,0.58471364,1,challenge_10_signal_features_colab_ultra
407,1,0.9999821,1,challenge_10_signal_features_colab_ultra
408,1,0.98623675,1,challenge_10_signal_features_colab_ultra
409,1,0.890327,1,challenge_10_signal_features_colab_ultra
410,0,0.017255276,0,challenge_10_signal_features_colab_ultra
411,0,2.371989e-05,0,challenge_10_signal_features_colab_ultra
412,1,0.99999624,1,challenge_10_signal_features_colab_ultra
413,1,0.9625787,1,challenge_10_signal_features_colab_ultra
414,1,0.9806823,1,challenge_10_signal_features_colab_ultra
415,1,0.85889256,1,challenge_10_signal_features_colab_ultra
416,0,0.0019150084,0,challenge_10_signal_features_colab_ultra
417,0,0.0040131174,0,challenge_10_signal_features_colab_ultra
418,0,0.012811898,0,challenge_10_signal_features_colab_ultra
419,0,0.021429973,0,challenge_10_signal_features_colab_ultra
420,1,0.9967452,1,challenge_10_signal_features_colab_ultra
421,1,0.98572797,1,challenge_10_signal_features_colab_ultra
422,1,0.5067686,1,challenge_10_signal_features_colab_ultra
423,1,0.9999983,1,challenge_10_signal_features_colab_ultra
424,0,4.7389444e-06,0,challenge_10_signal_features_colab_ultra
425,0,2.4146088e-06,0,challenge_10_signal_features_colab_ultra
426,1,0.98642874,1,challenge_10_signal_features_colab_ultra
427,1,0.99999994,1,challenge_10_signal_features_colab_ultra
428,1,0.91475564,1,challenge_10_signal_features_colab_ultra
429,0,0.14177638,0,challenge_10_signal_features_colab_ultra
430,0,0.002332414,0,challenge_10_signal_features_colab_ultra
431,1,0.8973283,1,challenge_10_signal_features_colab_ultra
432,1,0.9687941,1,challenge_10_signal_features_colab_ultra
433,1,0.99391353,1,challenge_10_signal_features_colab_ultra
434,1,0.6724115,1,challenge_10_signal_features_colab_ultra
435,1,0.98908585,1,challenge_10_signal_features_colab_ultra
436,1,0.9812134,1,challenge_10_signal_features_colab_ultra
437,0,0.0002547537,0,challenge_10_signal_features_colab_ultra
438,1,0.9011589,1,challenge_10_signal_features_colab_ultra
439,0,0.018514983,0,challenge_10_signal_features_colab_ultra
440,0,0.15073182,0,challenge_10_signal_features_colab_ultra
441,1,0.982934,1,challenge_10_signal_features_colab_ultra
442,1,0.9910222,1,challenge_10_signal_features_colab_ultra
443,1,0.9971387,1,challenge_10_signal_features_colab_ultra
444,0,0.00063590874,0,challenge_10_signal_features_colab_ultra
445,0,2.942357e-05,0,challenge_10_signal_features_colab_ultra
446,1,0.98734987,1,challenge_10_signal_features_colab_ultra
447,0,0.0016030045,0,challenge_10_signal_features_colab_ultra
448,1,0.9012412,1,challenge_10_signal_features_colab_ultra
449,1,0.97528726,1,challenge_10_signal_features_colab_ultra
450,1,0.9138167,1,challenge_10_signal_features_colab_ultra
451,0,0.039633386,0,challenge_10_signal_features_colab_ultra
452,0,0.06170198,0,challenge_10_signal_features_colab_ultra
453,0,5.3362455e-06,0,challenge_10_signal_features_colab_ultra
454,1,0.9974533,1,challenge_10_signal_features_colab_ultra
455,0,0.35428303,0,challenge_10_signal_features_colab_ultra
456,1,0.6476416,1,challenge_10_signal_features_colab_ultra
457,1,0.9999992,1,challenge_10_signal_features_colab_ultra
458,1,0.9935242,1,challenge_10_signal_features_colab_ultra
459,1,0.11329595,0,challenge_10_signal_features_colab_ultra
460,0,8.7073e-05,0,challenge_10_signal_features_colab_ultra
461,0,0.0017980284,0,challenge_10_signal_features_colab_ultra
462,0,0.014658979,0,challenge_10_signal_features_colab_ultra
463,1,0.99357307,1,challenge_10_signal_features_colab_ultra
464,1,0.8424907,1,challenge_10_signal_features_colab_ultra
465,0,0.7132201,1,challenge_10_signal_features_colab_ultra
466,1,0.86714065,1,challenge_10_signal_features_colab_ultra
467,1,0.9546792,1,challenge_10_signal_features_colab_ultra
468,0,0.46341375,0,challenge_10_signal_features_colab_ultra
469,1,0.9523599,1,challenge_10_signal_features_colab_ultra
470,1,0.9678856,1,challenge_10_signal_features_colab_ultra
471,0,0.0017302451,0,challenge_10_signal_features_colab_ultra
472,0,0.06110754,0,challenge_10_signal_features_colab_ultra
473,0,0.00011652625,0,challenge_10_signal_features_colab_ultra
474,1,0.993116,1,challenge_10_signal_features_colab_ultra
475,1,0.7325258,1,challenge_10_signal_features_colab_ultra
476,1,0.9999982,1,challenge_10_signal_features_colab_ultra
477,0,0.0020803171,0,challenge_10_signal_features_colab_ultra
478,1,0.9765604,1,challenge_10_signal_features_colab_ultra
479,0,7.0379715e-06,0,challenge_10_signal_features_colab_ultra
480,0,0.05731889,0,challenge_10_signal_features_colab_ultra
481,1,0.99999994,1,challenge_10_signal_features_colab_ultra
482,0,8.978601e-06,0,challenge_10_signal_features_colab_ultra
483,0,0.006584566,0,challenge_10_signal_features_colab_ultra
484,1,1.0,1,challenge_10_signal_features_colab_ultra
485,1,0.99999654,1,challenge_10_signal_features_colab_ultra
486,0,0.0041902005,0,challenge_10_signal_features_colab_ultra
487,1,0.9999998,1,challenge_10_signal_features_colab_ultra
488,1,0.9918744,1,challenge_10_signal_features_colab_ultra
489,0,0.12220863,0,challenge_10_signal_features_colab_ultra
490,0,0.12692995,0,challenge_10_signal_features_colab_ultra
491,0,0.6154367,1,challenge_10_signal_features_colab_ultra
492,1,0.9999995,1,challenge_10_signal_features_colab_ultra
493,0,0.0054477123,0,challenge_10_signal_features_colab_ultra
494,0,0.058611535,0,challenge_10_signal_features_colab_ultra
495,0,0.010628629,0,challenge_10_signal_features_colab_ultra
496,0,0.5113637,1,challenge_10_signal_features_colab_ultra
497,1,0.9999999,1,challenge_10_signal_features_colab_ultra
498,1,0.99999994,1,challenge_10_signal_features_colab_ultra
499,1,0.9969088,1,challenge_10_signal_features_colab_ultra
500,0,0.002379913,0,challenge_10_signal_features_colab_ultra
501,0,0.0017044644,0,challenge_10_signal_features_colab_ultra
502,1,0.9554891,1,challenge_10_signal_features_colab_ultra
503,1,0.9742465,1,challenge_10_signal_features_colab_ultra
504,1,0.9778496,1,challenge_10_signal_features_colab_ultra
505,0,0.00053399714,0,challenge_10_signal_features_colab_ultra
506,1,0.9892972,1,challenge_10_signal_features_colab_ultra
507,1,0.99999756,1,challenge_10_signal_features_colab_ultra
508,0,0.67896676,1,challenge_10_signal_features_colab_ultra
509,0,0.053248055,0,challenge_10_signal_features_colab_ultra
510,0,0.0003363162,0,challenge_10_signal_features_colab_ultra
511,0,1.0361579e-05,0,challenge_10_signal_features_colab_ultra
512,0,0.0014923386,0,challenge_10_signal_features_colab_ultra
513,1,0.06011953,0,challenge_10_signal_features_colab_ultra
514,1,0.987929,1,challenge_10_signal_features_colab_ultra
515,0,0.002017505,0,challenge_10_signal_features_colab_ultra
516,0,0.001444712,0,challenge_10_signal_features_colab_ultra
517,1,0.9067615,1,challenge_10_signal_features_colab_ultra
518,1,0.7618261,1,challenge_10_signal_features_colab_ultra
519,0,0.047867846,0,challenge_10_signal_features_colab_ultra
520,1,0.999981,1,challenge_10_signal_features_colab_ultra
521,0,0.011493041,0,challenge_10_signal_features_colab_ultra
522,1,0.97574335,1,challenge_10_signal_features_colab_ultra
523,0,0.00015395384,0,challenge_10_signal_features_colab_ultra
524,1,0.9957488,1,challenge_10_signal_features_colab_ultra
525,0,0.0040037124,0,challenge_10_signal_features_colab_ultra
526,0,3.2291522e-05,0,challenge_10_signal_features_colab_ultra
527,1,0.92545265,1,challenge_10_signal_features_colab_ultra
528,1,0.9934586,1,challenge_10_signal_features_colab_ultra
529,1,0.7850969,1,challenge_10_signal_features_colab_ultra
530,0,1.5752386e-05,0,challenge_10_signal_features_colab_ultra
531,0,0.00040468323,0,challenge_10_signal_features_colab_ultra
532,1,0.99456877,1,challenge_10_signal_features_colab_ultra
533,0,0.010569186,0,challenge_10_signal_features_colab_ultra
534,0,0.93828666,1,challenge_10_signal_features_colab_ultra
535,0,0.42400306,0,challenge_10_signal_features_colab_ultra
536,1,0.98785895,1,challenge_10_signal_features_colab_ultra
537,1,0.9999908,1,challenge_10_signal_features_colab_ultra
538,1,0.9812537,1,challenge_10_signal_features_colab_ultra
539,0,0.00018612242,0,challenge_10_signal_features_colab_ultra
540,0,0.00041572997,0,challenge_10_signal_features_colab_ultra
541,0,1.716216e-07,0,challenge_10_signal_features_colab_ultra
542,1,0.9999995,1,challenge_10_signal_features_colab_ultra
543,1,0.9967249,1,challenge_10_signal_features_colab_ultra
544,1,0.9913076,1,challenge_10_signal_features_colab_ultra
545,0,1.590773e-05,0,challenge_10_signal_features_colab_ultra
546,1,0.9961594,1,challenge_10_signal_features_colab_ultra
547,0,3.0313708e-05,0,challenge_10_signal_features_colab_ultra
548,1,0.996827,1,challenge_10_signal_features_colab_ultra
549,1,0.87094235,1,challenge_10_signal_features_colab_ultra
550,1,0.9874834,1,challenge_10_signal_features_colab_ultra
551,0,0.00022059129,0,challenge_10_signal_features_colab_ultra
552,1,0.9999867,1,challenge_10_signal_features_colab_ultra
553,1,0.9999954,1,challenge_10_signal_features_colab_ultra
554,1,0.97962594,1,challenge_10_signal_features_colab_ultra
555,1,0.9999989,1,challenge_10_signal_features_colab_ultra
556,1,0.94863063,1,challenge_10_signal_features_colab_ultra
557,0,0.034420323,0,challenge_10_signal_features_colab_ultra
558,1,0.89016736,1,challenge_10_signal_features_colab_ultra
559,0,0.95831156,1,challenge_10_signal_features_colab_ultra
560,0,0.010431769,0,challenge_10_signal_features_colab_ultra
561,0,4.122646e-05,0,challenge_10_signal_features_colab_ultra
562,0,0.00010225691,0,challenge_10_signal_features_colab_ultra
563,0,0.011129335,0,challenge_10_signal_features_colab_ultra
564,0,0.016890995,0,challenge_10_signal_features_colab_ultra
565,1,0.99999446,1,challenge_10_signal_features_colab_ultra
566,0,0.0023437669,0,challenge_10_signal_features_colab_ultra
567,0,2.5273277e-05,0,challenge_10_signal_features_colab_ultra
568,0,0.00014712311,0,challenge_10_signal_features_colab_ultra
569,0,1.2799617e-06,0,challenge_10_signal_features_colab_ultra
570,0,0.019570367,0,challenge_10_signal_features_colab_ultra
571,0,0.004074923,0,challenge_10_signal_features_colab_ultra
572,1,0.99999756,1,challenge_10_signal_features_colab_ultra
573,1,0.99584687,1,challenge_10_signal_features_colab_ultra
574,1,0.9959799,1,challenge_10_signal_features_colab_ultra
575,1,1.0,1,challenge_10_signal_features_colab_ultra
576,1,0.9999991,1,challenge_10_signal_features_colab_ultra
577,1,0.99699897,1,challenge_10_signal_features_colab_ultra
578,0,0.021424059,0,challenge_10_signal_features_colab_ultra
579,0,0.019910669,0,challenge_10_signal_features_colab_ultra
580,0,0.00021888998,0,challenge_10_signal_features_colab_ultra
581,1,0.9999897,1,challenge_10_signal_features_colab_ultra
582,0,0.0004056967,0,challenge_10_signal_features_colab_ultra
583,1,0.99381036,1,challenge_10_signal_features_colab_ultra
584,1,0.99744856,1,challenge_10_signal_features_colab_ultra
585,1,0.0743693,0,challenge_10_signal_features_colab_ultra
586,1,0.9999998,1,challenge_10_signal_features_colab_ultra
587,0,0.00030663473,0,challenge_10_signal_features_colab_ultra
588,0,0.00023044604,0,challenge_10_signal_features_colab_ultra
589,1,0.99334884,1,challenge_10_signal_features_colab_ultra
590,1,0.99517435,1,challenge_10_signal_features_colab_ultra
591,0,0.027865492,0,challenge_10_signal_features_colab_ultra
592,1,0.9999859,1,challenge_10_signal_features_colab_ultra
593,0,0.016580306,0,challenge_10_signal_features_colab_ultra
594,0,0.00023154377,0,challenge_10_signal_features_colab_ultra
595,0,0.028765077,0,challenge_10_signal_features_colab_ultra
596,1,0.98117656,1,challenge_10_signal_features_colab_ultra
597,0,2.3167362e-05,0,challenge_10_signal_features_colab_ultra
598,0,0.22920349,0,challenge_10_signal_features_colab_ultra
599,1,0.9828136,1,challenge_10_signal_features_colab_ultra
600,1,0.99450195,1,challenge_10_signal_features_colab_ultra
601,0,0.00080904097,0,challenge_10_signal_features_colab_ultra
602,0,3.4804518e-06,0,challenge_10_signal_features_colab_ultra
603,1,0.99746025,1,challenge_10_signal_features_colab_ultra
604,1,0.94684094,1,challenge_10_signal_features_colab_ultra
605,0,0.0010205936,0,challenge_10_signal_features_colab_ultra
606,1,0.34042892,0,challenge_10_signal_features_colab_ultra
607,0,0.00010434772,0,challenge_10_signal_features_colab_ultra
608,1,0.69669956,1,challenge_10_signal_features_colab_ultra
609,1,0.9957002,1,challenge_10_signal_features_colab_ultra
610,0,0.01054367,0,challenge_10_signal_features_colab_ultra
611,0,0.0007938404,0,challenge_10_signal_features_colab_ultra
612,1,0.99999964,1,challenge_10_signal_features_colab_ultra
613,0,0.06834575,0,challenge_10_signal_features_colab_ultra
614,0,0.035642557,0,challenge_10_signal_features_colab_ultra
615,1,0.975135,1,challenge_10_signal_features_colab_ultra
616,1,0.9906582,1,challenge_10_signal_features_colab_ultra
617,1,0.05347977,0,challenge_10_signal_features_colab_ultra
618,1,0.99999976,1,challenge_10_signal_features_colab_ultra
619,0,0.0009880165,0,challenge_10_signal_features_colab_ultra
620,0,0.0562693,0,challenge_10_signal_features_colab_ultra
621,0,1.0000001e-07,0,challenge_10_signal_features_colab_ultra
622,0,0.012313514,0,challenge_10_signal_features_colab_ultra
623,0,0.029326968,0,challenge_10_signal_features_colab_ultra
624,1,0.9025484,1,challenge_10_signal_features_colab_ultra
625,1,0.99205166,1,challenge_10_signal_features_colab_ultra
626,0,0.00016198124,0,challenge_10_signal_features_colab_ultra
627,1,0.9999938,1,challenge_10_signal_features_colab_ultra
628,1,0.99999535,1,challenge_10_signal_features_colab_ultra
629,1,0.9495251,1,challenge_10_signal_features_colab_ultra
630,0,0.7242227,1,challenge_10_signal_features_colab_ultra
631,1,0.9726652,1,challenge_10_signal_features_colab_ultra
632,1,0.9675813,1,challenge_10_signal_features_colab_ultra
633,1,0.99336874,1,challenge_10_signal_features_colab_ultra
634,0,0.0002560007,0,challenge_10_signal_features_colab_ultra
635,1,0.9666552,1,challenge_10_signal_features_colab_ultra
636,1,0.84064364,1,challenge_10_signal_features_colab_ultra
637,1,0.8332807,1,challenge_10_signal_features_colab_ultra
638,1,0.9046706,1,challenge_10_signal_features_colab_ultra
639,1,0.35087216,0,challenge_10_signal_features_colab_ultra
640,1,0.9902937,1,challenge_10_signal_features_colab_ultra
641,1,0.94594663,1,challenge_10_signal_features_colab_ultra
642,1,0.94580084,1,challenge_10_signal_features_colab_ultra
643,1,0.9959923,1,challenge_10_signal_features_colab_ultra
644,1,0.96374863,1,challenge_10_signal_features_colab_ultra
645,1,0.9850879,1,challenge_10_signal_features_colab_ultra
646,0,1.0000001e-07,0,challenge_10_signal_features_colab_ultra
647,1,0.9614543,1,challenge_10_signal_features_colab_ultra
648,0,0.00015246937,0,challenge_10_signal_features_colab_ultra
649,1,0.9505512,1,challenge_10_signal_features_colab_ultra
650,0,0.011048654,0,challenge_10_signal_features_colab_ultra
651,1,0.9960262,1,challenge_10_signal_features_colab_ultra
652,1,0.9053019,1,challenge_10_signal_features_colab_ultra
653,0,0.04285545,0,challenge_10_signal_features_colab_ultra
654,0,7.661836e-05,0,challenge_10_signal_features_colab_ultra
655,0,0.0012109104,0,challenge_10_signal_features_colab_ultra
656,1,0.9837675,1,challenge_10_signal_features_colab_ultra
657,0,0.00013693601,0,challenge_10_signal_features_colab_ultra
658,0,5.4314173e-06,0,challenge_10_signal_features_colab_ultra
659,0,0.02216096,0,challenge_10_signal_features_colab_ultra
660,0,0.006067933,0,challenge_10_signal_features_colab_ultra
661,0,0.0064177555,0,challenge_10_signal_features_colab_ultra
662,1,0.9999934,1,challenge_10_signal_features_colab_ultra
663,0,6.120438e-06,0,challenge_10_signal_features_colab_ultra
664,0,0.81546926,1,challenge_10_signal_features_colab_ultra
665,0,0.038191535,0,challenge_10_signal_features_colab_ultra
666,1,0.999984,1,challenge_10_signal_features_colab_ultra
667,0,0.00041180995,0,challenge_10_signal_features_colab_ultra
668,0,2.1516016e-05,0,challenge_10_signal_features_colab_ultra
669,0,0.36379865,0,challenge_10_signal_features_colab_ultra
670,0,0.007315035,0,challenge_10_signal_features_colab_ultra
671,0,1.8950918e-06,0,challenge_10_signal_features_colab_ultra
672,0,0.0035826382,0,challenge_10_signal_features_colab_ultra
673,1,0.8522654,1,challenge_10_signal_features_colab_ultra
674,0,0.96347505,1,challenge_10_signal_features_colab_ultra
675,1,0.91503453,1,challenge_10_signal_features_colab_ultra
676,1,0.9928228,1,challenge_10_signal_features_colab_ultra
677,1,0.99203366,1,challenge_10_signal_features_colab_ultra
678,0,0.0767655,0,challenge_10_signal_features_colab_ultra
679,0,5.2416664e-05,0,challenge_10_signal_features_colab_ultra
680,0,0.12668146,0,challenge_10_signal_features_colab_ultra
681,0,0.5,1,challenge_10_signal_features_colab_ultra
682,0,0.000594107,0,challenge_10_signal_features_colab_ultra
683,1,0.99999934,1,challenge_10_signal_features_colab_ultra
684,0,0.0016683417,0,challenge_10_signal_features_colab_ultra
685,1,0.9877278,1,challenge_10_signal_features_colab_ultra
686,0,0.9022186,1,challenge_10_signal_features_colab_ultra
687,0,0.14744504,0,challenge_10_signal_features_colab_ultra
688,1,0.93651,1,challenge_10_signal_features_colab_ultra
689,1,0.9934626,1,challenge_10_signal_features_colab_ultra
690,1,0.9197093,1,challenge_10_signal_features_colab_ultra
691,1,0.97989523,1,challenge_10_signal_features_colab_ultra
692,0,0.0016474677,0,challenge_10_signal_features_colab_ultra
693,1,0.9651797,1,challenge_10_signal_features_colab_ultra
694,0,4.5879082e-05,0,challenge_10_signal_features_colab_ultra
695,0,0.08859774,0,challenge_10_signal_features_colab_ultra
696,1,0.30379897,0,challenge_10_signal_features_colab_ultra
697,0,0.023134781,0,challenge_10_signal_features_colab_ultra
698,0,0.028312443,0,challenge_10_signal_features_colab_ultra
699,0,0.016247462,0,challenge_10_signal_features_colab_ultra
700,1,0.95408964,1,challenge_10_signal_features_colab_ultra
701,1,0.9099115,1,challenge_10_signal_features_colab_ultra
702,1,0.8172577,1,challenge_10_signal_features_colab_ultra
703,0,0.00019483306,0,challenge_10_signal_features_colab_ultra
704,1,0.9278552,1,challenge_10_signal_features_colab_ultra
705,1,0.9999959,1,challenge_10_signal_features_colab_ultra
706,0,0.0022561993,0,challenge_10_signal_features_colab_ultra
707,0,0.004130124,0,challenge_10_signal_features_colab_ultra
708,0,0.061338156,0,challenge_10_signal_features_colab_ultra
709,0,0.0286606,0,challenge_10_signal_features_colab_ultra
710,1,0.80575204,1,challenge_10_signal_features_colab_ultra
711,1,0.9867833,1,challenge_10_signal_features_colab_ultra
712,1,0.98762095,1,challenge_10_signal_features_colab_ultra
713,0,0.0002271104,0,challenge_10_signal_features_colab_ultra
714,1,0.99999994,1,challenge_10_signal_features_colab_ultra
715,1,0.8472551,1,challenge_10_signal_features_colab_ultra
716,1,0.99375945,1,challenge_10_signal_features_colab_ultra
717,0,0.3386929,0,challenge_10_signal_features_colab_ultra
718,1,0.99999684,1,challenge_10_signal_features_colab_ultra
719,0,1.0000001e-07,0,challenge_10_signal_features_colab_ultra
720,0,0.0047818455,0,challenge_10_signal_features_colab_ultra
721,1,0.9875973,1,challenge_10_signal_features_colab_ultra
722,0,3.2985434e-05,0,challenge_10_signal_features_colab_ultra
723,1,0.15780368,0,challenge_10_signal_features_colab_ultra
724,0,0.34288388,0,challenge_10_signal_features_colab_ultra
725,1,0.9999995,1,challenge_10_signal_features_colab_ultra
726,0,0.038435005,0,challenge_10_signal_features_colab_ultra
727,1,0.8552969,1,challenge_10_signal_features_colab_ultra
728,0,0.00028402626,0,challenge_10_signal_features_colab_ultra
729,1,0.99999845,1,challenge_10_signal_features_colab_ultra
730,0,0.14276035,0,challenge_10_signal_features_colab_ultra
731,1,0.99999946,1,challenge_10_signal_features_colab_ultra
732,0,0.00010842553,0,challenge_10_signal_features_colab_ultra
733,0,0.015208974,0,challenge_10_signal_features_colab_ultra
734,0,6.9428716e-06,0,challenge_10_signal_features_colab_ultra
735,1,0.8861714,1,challenge_10_signal_features_colab_ultra
736,0,0.0019119403,0,challenge_10_signal_features_colab_ultra
737,1,0.97310996,1,challenge_10_signal_features_colab_ultra
738,1,0.81040025,1,challenge_10_signal_features_colab_ultra
739,1,0.99142706,1,challenge_10_signal_features_colab_ultra
740,0,0.547539,1,challenge_10_signal_features_colab_ultra
741,1,0.99475104,1,challenge_10_signal_features_colab_ultra
742,1,0.99364305,1,challenge_10_signal_features_colab_ultra
743,0,0.0031368616,0,challenge_10_signal_features_colab_ultra
744,1,0.09932322,0,challenge_10_signal_features_colab_ultra
745,1,0.999998,1,challenge_10_signal_features_colab_ultra
746,0,0.31733197,0,challenge_10_signal_features_colab_ultra
747,1,0.9999974,1,challenge_10_signal_features_colab_ultra
748,1,0.9823699,1,challenge_10_signal_features_colab_ultra
749,0,0.019507611,0,challenge_10_signal_features_colab_ultra
750,1,0.9820209,1,challenge_10_signal_features_colab_ultra
751,1,0.33962312,0,challenge_10_signal_features_colab_ultra
752,0,1.0000001e-07,0,challenge_10_signal_features_colab_ultra
753,0,7.9691126e-05,0,challenge_10_signal_features_colab_ultra
754,0,2.5074374e-05,0,challenge_10_signal_features_colab_ultra
755,1,0.9808075,1,challenge_10_signal_features_colab_ultra
756,0,0.7110195,1,challenge_10_signal_features_colab_ultra
757,0,0.0045027514,0,challenge_10_signal_features_colab_ultra
758,0,0.00057917763,0,challenge_10_signal_features_colab_ultra
759,0,0.0029971306,0,challenge_10_signal_features_colab_ultra
760,1,0.99999994,1,challenge_10_signal_features_colab_ultra
761,0,0.08103433,0,challenge_10_signal_features_colab_ultra
762,1,0.99998987,1,challenge_10_signal_features_colab_ultra
763,0,0.00557557,0,challenge_10_signal_features_colab_ultra
764,1,0.99999994,1,challenge_10_signal_features_colab_ultra
765,1,0.99427193,1,challenge_10_signal_features_colab_ultra
766,0,0.06726835,0,challenge_10_signal_features_colab_ultra
767,0,0.0014701989,0,challenge_10_signal_features_colab_ultra
768,1,0.4613827,0,challenge_10_signal_features_colab_ultra
769,1,0.9957893,1,challenge_10_signal_features_colab_ultra
770,0,0.00012070712,0,challenge_10_signal_features_colab_ultra
771,1,0.9955216,1,challenge_10_signal_features_colab_ultra
772,1,0.9964947,1,challenge_10_signal_features_colab_ultra
773,1,0.9999966,1,challenge_10_signal_features_colab_ultra
774,1,0.99999577,1,challenge_10_signal_features_colab_ultra
775,1,1.0,1,challenge_10_signal_features_colab_ultra
776,1,0.9999916,1,challenge_10_signal_features_colab_ultra
777,1,0.70712453,1,challenge_10_signal_features_colab_ultra
778,0,0.00034226585,0,challenge_10_signal_features_colab_ultra
779,1,0.99119544,1,challenge_10_signal_features_colab_ultra
780,1,0.96561223,1,challenge_10_signal_features_colab_ultra
781,0,0.0047586244,0,challenge_10_signal_features_colab_ultra
782,1,0.98686767,1,challenge_10_signal_features_colab_ultra
783,0,0.00059871,0,challenge_10_signal_features_colab_ultra
784,0,0.043538045,0,challenge_10_signal_features_colab_ultra
785,1,0.27077347,0,challenge_10_signal_features_colab_ultra
786,0,0.110186346,0,challenge_10_signal_features_colab_ultra
787,1,0.99999934,1,challenge_10_signal_features_colab_ultra
788,1,0.9836862,1,challenge_10_signal_features_colab_ultra
789,1,0.9781534,1,challenge_10_signal_features_colab_ultra
790,0,0.00028708717,0,challenge_10_signal_features_colab_ultra
791,1,0.9741841,1,challenge_10_signal_features_colab_ultra
792,1,0.9951439,1,challenge_10_signal_features_colab_ultra
793,1,0.6069952,1,challenge_10_signal_features_colab_ultra
794,0,0.106446184,0,challenge_10_signal_features_colab_ultra
795,1,0.7498594,1,challenge_10_signal_features_colab_ultra
796,1,0.9837031,1,challenge_10_signal_features_colab_ultra
797,0,0.002511863,0,challenge_10_signal_features_colab_ultra
798,0,0.40756714,0,challenge_10_signal_features_colab_ultra
799,1,0.98128176,1,challenge_10_signal_features_colab_ultra
800,0,0.004384689,0,challenge_10_signal_features_colab_ultra
801,0,0.00091957836,0,challenge_10_signal_features_colab_ultra
802,0,0.0107086925,0,challenge_10_signal_features_colab_ultra
803,1,0.99999875,1,challenge_10_signal_features_colab_ultra
804,0,0.012975326,0,challenge_10_signal_features_colab_ultra
805,1,0.9854998,1,challenge_10_signal_features_colab_ultra
806,1,0.99998313,1,challenge_10_signal_features_colab_ultra
807,1,0.99655724,1,challenge_10_signal_features_colab_ultra
808,1,0.9954603,1,challenge_10_signal_features_colab_ultra
809,0,0.001009272,0,challenge_10_signal_features_colab_ultra
810,0,0.01748627,0,challenge_10_signal_features_colab_ultra
811,1,0.5487655,1,challenge_10_signal_features_colab_ultra
812,0,5.809398e-07,0,challenge_10_signal_features_colab_ultra
813,1,0.96639055,1,challenge_10_signal_features_colab_ultra
814,0,0.7197543,1,challenge_10_signal_features_colab_ultra
815,1,0.9966144,1,challenge_10_signal_features_colab_ultra
816,1,0.80494434,1,challenge_10_signal_features_colab_ultra
817,0,0.0034763697,0,challenge_10_signal_features_colab_ultra
818,0,3.8369446e-05,0,challenge_10_signal_features_colab_ultra
819,0,0.00043100936,0,challenge_10_signal_features_colab_ultra
820,1,0.99998933,1,challenge_10_signal_features_colab_ultra
821,0,0.10253415,0,challenge_10_signal_features_colab_ultra
822,0,2.135509e-05,0,challenge_10_signal_features_colab_ultra
823,1,0.99201584,1,challenge_10_signal_features_colab_ultra
824,1,0.8145173,1,challenge_10_signal_features_colab_ultra
825,0,0.00057992234,0,challenge_10_signal_features_colab_ultra
826,0,0.28218627,0,challenge_10_signal_features_colab_ultra
827,0,0.6466709,1,challenge_10_signal_features_colab_ultra
828,1,0.9875696,1,challenge_10_signal_features_colab_ultra
829,0,0.001669688,0,challenge_10_signal_features_colab_ultra
830,1,0.9941554,1,challenge_10_signal_features_colab_ultra
831,0,0.012856268,0,challenge_10_signal_features_colab_ultra
832,1,0.99672973,1,challenge_10_signal_features_colab_ultra
833,1,0.99279696,1,challenge_10_signal_features_colab_ultra
834,1,0.9999995,1,challenge_10_signal_features_colab_ultra
835,0,0.0011280824,0,challenge_10_signal_features_colab_ultra
836,1,0.9437854,1,challenge_10_signal_features_colab_ultra
837,1,0.999994,1,challenge_10_signal_features_colab_ultra
838,1,0.9999966,1,challenge_10_signal_features_colab_ultra
839,0,1.0148118e-05,0,challenge_10_signal_features_colab_ultra
840,0,0.031115403,0,challenge_10_signal_features_colab_ultra
841,1,0.9948461,1,challenge_10_signal_features_colab_ultra
842,0,0.0058727455,0,challenge_10_signal_features_colab_ultra
843,0,3.360267e-05,0,challenge_10_signal_features_colab_ultra
844,0,0.15132734,0,challenge_10_signal_features_colab_ultra
845,1,0.5973205,1,challenge_10_signal_features_colab_ultra
846,1,0.8641944,1,challenge_10_signal_features_colab_ultra
847,0,0.0016200236,0,challenge_10_signal_features_colab_ultra
848,0,0.009133525,0,challenge_10_signal_features_colab_ultra
849,1,0.92979175,1,challenge_10_signal_features_colab_ultra
850,1,0.9354921,1,challenge_10_signal_features_colab_ultra
851,1,0.9552303,1,challenge_10_signal_features_colab_ultra
852,1,0.8711793,1,challenge_10_signal_features_colab_ultra
853,1,0.99999964,1,challenge_10_signal_features_colab_ultra
854,1,0.99999857,1,challenge_10_signal_features_colab_ultra
855,0,0.0051873266,0,challenge_10_signal_features_colab_ultra
856,1,0.9999999,1,challenge_10_signal_features_colab_ultra
857,1,0.99999887,1,challenge_10_signal_features_colab_ultra
858,0,3.9292482e-07,0,challenge_10_signal_features_colab_ultra
859,1,0.996979,1,challenge_10_signal_features_colab_ultra
860,0,0.00031795018,0,challenge_10_signal_features_colab_ultra
861,0,0.00081420265,0,challenge_10_signal_features_colab_ultra
862,1,0.99269444,1,challenge_10_signal_features_colab_ultra
863,0,0.00039487547,0,challenge_10_signal_features_colab_ultra
864,1,0.99998635,1,challenge_10_signal_features_colab_ultra
865,1,0.9064684,1,challenge_10_signal_features_colab_ultra
866,0,5.8611655e-05,0,challenge_10_signal_features_colab_ultra
867,1,0.99999577,1,challenge_10_signal_features_colab_ultra
868,0,8.179614e-05,0,challenge_10_signal_features_colab_ultra
869,0,0.0003893458,0,challenge_10_signal_features_colab_ultra
870,1,0.990568,1,challenge_10_signal_features_colab_ultra
871,0,0.0025554833,0,challenge_10_signal_features_colab_ultra
872,1,0.9999989,1,challenge_10_signal_features_colab_ultra
873,0,4.407627e-05,0,challenge_10_signal_features_colab_ultra
874,0,0.040169775,0,challenge_10_signal_features_colab_ultra
875,1,0.9968845,1,challenge_10_signal_features_colab_ultra
876,0,0.035815455,0,challenge_10_signal_features_colab_ultra
877,0,0.0008342027,0,challenge_10_signal_features_colab_ultra
878,1,0.94443613,1,challenge_10_signal_features_colab_ultra
879,1,0.9952236,1,challenge_10_signal_features_colab_ultra
880,0,1.9326442e-05,0,challenge_10_signal_features_colab_ultra
881,0,0.0012014388,0,challenge_10_signal_features_colab_ultra
882,1,0.9999965,1,challenge_10_signal_features_colab_ultra
883,0,0.13154435,0,challenge_10_signal_features_colab_ultra
884,1,0.9883885,1,challenge_10_signal_features_colab_ultra
885,1,0.99998397,1,challenge_10_signal_features_colab_ultra
886,1,0.99999976,1,challenge_10_signal_features_colab_ultra
887,1,0.9537158,1,challenge_10_signal_features_colab_ultra
888,0,0.37821606,0,challenge_10_signal_features_colab_ultra
889,1,0.99424964,1,challenge_10_signal_features_colab_ultra
890,0,0.0003174906,0,challenge_10_signal_features_colab_ultra
891,1,0.98112917,1,challenge_10_signal_features_colab_ultra
892,0,0.0015663913,0,challenge_10_signal_features_colab_ultra
893,0,0.00012556126,0,challenge_10_signal_features_colab_ultra
894,0,0.014551571,0,challenge_10_signal_features_colab_ultra
895,0,0.0048770015,0,challenge_10_signal_features_colab_ultra
896,0,0.007323677,0,challenge_10_signal_features_colab_ultra
897,0,0.0007338211,0,challenge_10_signal_features_colab_ultra
898,1,0.99615437,1,challenge_10_signal_features_colab_ultra
899,1,0.993935,1,challenge_10_signal_features_colab_ultra
900,1,0.9999978,1,challenge_10_signal_features_colab_ultra
901,0,0.3841964,0,challenge_10_signal_features_colab_ultra
902,1,0.9325064,1,challenge_10_signal_features_colab_ultra
903,1,0.9644234,1,challenge_10_signal_features_colab_ultra
904,0,2.5215277e-06,0,challenge_10_signal_features_colab_ultra
905,1,0.9173526,1,challenge_10_signal_features_colab_ultra
906,1,0.9961728,1,challenge_10_signal_features_colab_ultra
907,0,4.1977155e-06,0,challenge_10_signal_features_colab_ultra
908,1,0.99298114,1,challenge_10_signal_features_colab_ultra
909,1,0.9711943,1,challenge_10_signal_features_colab_ultra
910,1,0.99291855,1,challenge_10_signal_features_colab_ultra
911,0,0.04423355,0,challenge_10_signal_features_colab_ultra
912,1,0.9763215,1,challenge_10_signal_features_colab_ultra
913,0,0.8800425,1,challenge_10_signal_features_colab_ultra
914,1,0.9462764,1,challenge_10_signal_features_colab_ultra
915,0,0.14599544,0,challenge_10_signal_features_colab_ultra
916,0,0.0021977562,0,challenge_10_signal_features_colab_ultra
917,1,0.97364885,1,challenge_10_signal_features_colab_ultra
918,1,0.9172966,1,challenge_10_signal_features_colab_ultra
919,0,0.00014254582,0,challenge_10_signal_features_colab_ultra
920,1,0.9162609,1,challenge_10_signal_features_colab_ultra
921,0,0.010768788,0,challenge_10_signal_features_colab_ultra
922,0,0.00014740319,0,challenge_10_signal_features_colab_ultra
923,0,0.001297955,0,challenge_10_signal_features_colab_ultra
924,0,0.0008238399,0,challenge_10_signal_features_colab_ultra
925,0,0.00013966643,0,challenge_10_signal_features_colab_ultra
926,0,0.018200876,0,challenge_10_signal_features_colab_ultra
927,0,0.3684947,0,challenge_10_signal_features_colab_ultra
928,0,0.0013985113,0,challenge_10_signal_features_colab_ultra
929,0,0.85929304,1,challenge_10_signal_features_colab_ultra
930,1,0.9971807,1,challenge_10_signal_features_colab_ultra
931,0,0.07879758,0,challenge_10_signal_features_colab_ultra
932,1,0.9999885,1,challenge_10_signal_features_colab_ultra
933,0,6.528236e-05,0,challenge_10_signal_features_colab_ultra
934,0,1.0000001e-07,0,challenge_10_signal_features_colab_ultra
935,1,0.9611508,1,challenge_10_signal_features_colab_ultra
936,0,0.00033030048,0,challenge_10_signal_features_colab_ultra
937,0,3.9025646e-05,0,challenge_10_signal_features_colab_ultra
938,1,0.9999971,1,challenge_10_signal_features_colab_ultra
939,0,0.4224166,0,challenge_10_signal_features_colab_ultra
940,1,0.64586514,1,challenge_10_signal_features_colab_ultra
941,1,0.99999404,1,challenge_10_signal_features_colab_ultra
942,0,0.056805734,0,challenge_10_signal_features_colab_ultra
943,0,0.00014582182,0,challenge_10_signal_features_colab_ultra
944,0,0.0033522854,0,challenge_10_signal_features_colab_ultra
945,1,0.98102534,1,challenge_10_signal_features_colab_ultra
946,1,0.9935395,1,challenge_10_signal_features_colab_ultra
947,1,0.9852709,1,challenge_10_signal_features_colab_ultra
948,0,0.9257564,1,challenge_10_signal_features_colab_ultra
949,1,0.9887469,1,challenge_10_signal_features_colab_ultra
950,0,0.00068462087,0,challenge_10_signal_features_colab_ultra
951,1,0.97874403,1,challenge_10_signal_features_colab_ultra
952,1,0.9999997,1,challenge_10_signal_features_colab_ultra
953,0,0.62092376,1,challenge_10_signal_features_colab_ultra
954,0,0.0017545384,0,challenge_10_signal_features_colab_ultra
955,0,0.012576105,0,challenge_10_signal_features_colab_ultra
956,1,0.9492593,1,challenge_10_signal_features_colab_ultra
957,1,0.99505323,1,challenge_10_signal_features_colab_ultra
958,1,0.9999978,1,challenge_10_signal_features_colab_ultra
959,0,0.11145994,0,challenge_10_signal_features_colab_ultra
960,0,0.8350257,1,challenge_10_signal_features_colab_ultra
961,1,0.9999834,1,challenge_10_signal_features_colab_ultra
962,0,1.9135867e-05,0,challenge_10_signal_features_colab_ultra
963,0,0.4552933,0,challenge_10_signal_features_colab_ultra
964,0,2.4710345e-05,0,challenge_10_signal_features_colab_ultra
965,0,0.0011403195,0,challenge_10_signal_features_colab_ultra
966,0,1.0000001e-07,0,challenge_10_signal_features_colab_ultra
967,1,0.9999879,1,challenge_10_signal_features_colab_ultra
968,1,0.96124345,1,challenge_10_signal_features_colab_ultra
969,1,0.0086987335,0,challenge_10_signal_features_colab_ultra
970,0,0.0016435528,0,challenge_10_signal_features_colab_ultra
971,1,0.9999981,1,challenge_10_signal_features_colab_ultra
972,1,0.9132636,1,challenge_10_signal_features_colab_ultra
973,0,0.0014800066,0,challenge_10_signal_features_colab_ultra
974,0,0.5,1,challenge_10_signal_features_colab_ultra
975,0,0.009810622,0,challenge_10_signal_features_colab_ultra
976,1,0.8444746,1,challenge_10_signal_features_colab_ultra
977,0,0.0013654707,0,challenge_10_signal_features_colab_ultra
978,1,0.89340144,1,challenge_10_signal_features_colab_ultra
979,0,0.01609986,0,challenge_10_signal_features_colab_ultra
980,1,0.9684817,1,challenge_10_signal_features_colab_ultra
981,0,0.42365116,0,challenge_10_signal_features_colab_ultra
982,0,0.008979258,0,challenge_10_signal_features_colab_ultra
983,0,0.002121345,0,challenge_10_signal_features_colab_ultra
984,0,0.7998067,1,challenge_10_signal_features_colab_ultra
985,0,0.20607096,0,challenge_10_signal_features_colab_ultra
986,1,0.9999947,1,challenge_10_signal_features_colab_ultra
987,0,0.005161581,0,challenge_10_signal_features_colab_ultra
988,0,0.0011250499,0,challenge_10_signal_features_colab_ultra
989,1,0.9892375,1,challenge_10_signal_features_colab_ultra
990,0,0.021698661,0,challenge_10_signal_features_colab_ultra
991,0,0.0012655434,0,challenge_10_signal_features_colab_ultra
992,1,0.9999993,1,challenge_10_signal_features_colab_ultra
993,0,0.002267541,0,challenge_10_signal_features_colab_ultra
994,0,0.14395463,0,challenge_10_signal_features_colab_ultra
995,1,0.9809411,1,challenge_10_signal_features_colab_ultra
996,1,0.99521387,1,challenge_10_signal_features_colab_ultra
997,1,0.99715173,1,challenge_10_signal_features_colab_ultra
998,1,0.999999,1,challenge_10_signal_features_colab_ultra
999,0,0.00031122705,0,challenge_10_signal_features_colab_ultra
1000,1,0.9881908,1,challenge_10_signal_features_colab_ultra
1001,1,0.9972236,1,challenge_10_signal_features_colab_ultra
1002,0,0.023398336,0,challenge_10_signal_features_colab_ultra
1003,0,0.101688504,0,challenge_10_signal_features_colab_ultra
1004,1,0.944789,1,challenge_10_signal_features_colab_ultra
1005,1,0.919837,1,challenge_10_signal_features_colab_ultra
1006,1,0.9955493,1,challenge_10_signal_features_colab_ultra
1007,1,0.37619248,0,challenge_10_signal_features_colab_ultra
1008,1,0.9935129,1,challenge_10_signal_features_colab_ultra
1009,0,0.01676849,0,challenge_10_signal_features_colab_ultra
1010,0,7.315998e-05,0,challenge_10_signal_features_colab_ultra
1011,0,0.39198965,0,challenge_10_signal_features_colab_ultra
1012,1,0.9868215,1,challenge_10_signal_features_colab_ultra
1013,1,0.028120715,0,challenge_10_signal_features_colab_ultra
1014,1,0.9999995,1,challenge_10_signal_features_colab_ultra
1015,0,0.062989905,0,challenge_10_signal_features_colab_ultra
1016,0,0.0023277826,0,challenge_10_signal_features_colab_ultra
1017,0,0.00015082909,0,challenge_10_signal_features_colab_ultra
1018,0,0.0015521882,0,challenge_10_signal_features_colab_ultra
1019,0,1.792507e-06,0,challenge_10_signal_features_colab_ultra
1020,0,6.603157e-05,0,challenge_10_signal_features_colab_ultra
1021,0,0.00015841375,0,challenge_10_signal_features_colab_ultra
1022,0,0.0017197971,0,challenge_10_signal_features_colab_ultra
1023,0,2.9532643e-05,0,challenge_10_signal_features_colab_ultra
1024,1,0.9969406,1,challenge_10_signal_features_colab_ultra
1025,1,0.99999505,1,challenge_10_signal_features_colab_ultra
1026,1,0.953147,1,challenge_10_signal_features_colab_ultra
1027,1,0.995169,1,challenge_10_signal_features_colab_ultra
1028,1,0.9953668,1,challenge_10_signal_features_colab_ultra
1029,0,0.014269509,0,challenge_10_signal_features_colab_ultra
1030,1,0.9947298,1,challenge_10_signal_features_colab_ultra
1031,0,0.0003023094,0,challenge_10_signal_features_colab_ultra
1032,1,0.8974656,1,challenge_10_signal_features_colab_ultra
1033,0,0.00052652135,0,challenge_10_signal_features_colab_ultra
1034,0,1.635181e-05,0,challenge_10_signal_features_colab_ultra
1035,0,0.1689532,0,challenge_10_signal_features_colab_ultra
1036,1,0.9866025,1,challenge_10_signal_features_colab_ultra
1037,0,0.83359075,1,challenge_10_signal_features_colab_ultra
1038,0,0.0034329076,0,challenge_10_signal_features_colab_ultra
1039,0,0.02430623,0,challenge_10_signal_features_colab_ultra
1040,0,0.0018969366,0,challenge_10_signal_features_colab_ultra
1041,1,0.98044413,1,challenge_10_signal_features_colab_ultra
1042,0,4.5210618e-05,0,challenge_10_signal_features_colab_ultra
1043,0,0.5208587,1,challenge_10_signal_features_colab_ultra
1044,0,1.4513265e-05,0,challenge_10_signal_features_colab_ultra
1045,0,0.010597959,0,challenge_10_signal_features_colab_ultra
1046,0,1.7681794e-05,0,challenge_10_signal_features_colab_ultra
1047,0,0.0034306534,0,challenge_10_signal_features_colab_ultra
1048,1,0.95351255,1,challenge_10_signal_features_colab_ultra
1049,0,0.0006613747,0,challenge_10_signal_features_colab_ultra
1050,1,0.99999994,1,challenge_10_signal_features_colab_ultra
1051,0,0.00012605889,0,challenge_10_signal_features_colab_ultra
1052,1,0.9999995,1,challenge_10_signal_features_colab_ultra
1053,0,0.0051565114,0,challenge_10_signal_features_colab_ultra
1054,0,0.029183675,0,challenge_10_signal_features_colab_ultra
1055,0,0.14095803,0,challenge_10_signal_features_colab_ultra
1056,1,0.96973854,1,challenge_10_signal_features_colab_ultra
1057,0,0.000102816455,0,challenge_10_signal_features_colab_ultra
1058,0,0.007318006,0,challenge_10_signal_features_colab_ultra
1059,0,0.00030819187,0,challenge_10_signal_features_colab_ultra
1060,0,0.004423019,0,challenge_10_signal_features_colab_ultra
1061,1,0.9999963,1,challenge_10_signal_features_colab_ultra
1062,1,0.8658769,1,challenge_10_signal_features_colab_ultra
1063,0,0.003407128,0,challenge_10_signal_features_colab_ultra
1064,0,1.8639952e-05,0,challenge_10_signal_features_colab_ultra
1065,0,0.12401122,0,challenge_10_signal_features_colab_ultra
1066,1,0.9786508,1,challenge_10_signal_features_colab_ultra
1067,0,0.030948432,0,challenge_10_signal_features_colab_ultra
1068,0,0.037986062,0,challenge_10_signal_features_colab_ultra
1069,1,0.9999993,1,challenge_10_signal_features_colab_ultra
1070,0,2.909694e-05,0,challenge_10_signal_features_colab_ultra
1071,0,0.13249873,0,challenge_10_signal_features_colab_ultra
1072,1,0.99999213,1,challenge_10_signal_features_colab_ultra
1073,1,0.9920023,1,challenge_10_signal_features_colab_ultra
1074,0,6.7980385e-05,0,challenge_10_signal_features_colab_ultra
1075,1,0.9974059,1,challenge_10_signal_features_colab_ultra
1076,0,0.57238936,1,challenge_10_signal_features_colab_ultra
1077,0,0.00071420864,0,challenge_10_signal_features_colab_ultra
1078,0,0.00044185773,0,challenge_10_signal_features_colab_ultra
1079,0,0.16629817,0,challenge_10_signal_features_colab_ultra
1080,0,0.00016101,0,challenge_10_signal_features_colab_ultra
1081,1,0.99339986,1,challenge_10_signal_features_colab_ultra
1082,1,0.99999684,1,challenge_10_signal_features_colab_ultra
1083,0,6.410232e-05,0,challenge_10_signal_features_colab_ultra
1084,1,0.99999505,1,challenge_10_signal_features_colab_ultra
1085,0,0.8716888,1,challenge_10_signal_features_colab_ultra
1086,0,0.00019576907,0,challenge_10_signal_features_colab_ultra
1087,1,0.9306324,1,challenge_10_signal_features_colab_ultra
1088,0,0.008688848,0,challenge_10_signal_features_colab_ultra
1089,0,2.399834e-07,0,challenge_10_signal_features_colab_ultra
1090,0,0.0021003818,0,challenge_10_signal_features_colab_ultra
1091,1,0.9999998,1,challenge_10_signal_features_colab_ultra
1092,0,0.06758488,0,challenge_10_signal_features_colab_ultra
1093,0,0.01086299,0,challenge_10_signal_features_colab_ultra
1094,1,0.997294,1,challenge_10_signal_features_colab_ultra
1095,1,0.93408394,1,challenge_10_signal_features_colab_ultra
1096,1,0.99998933,1,challenge_10_signal_features_colab_ultra
1097,1,0.9999953,1,challenge_10_signal_features_colab_ultra
1098,0,0.4383451,0,challenge_10_signal_features_colab_ultra
1099,0,0.0011392,0,challenge_10_signal_features_colab_ultra
1100,0,0.009722626,0,challenge_10_signal_features_colab_ultra
1101,1,0.90333134,1,challenge_10_signal_features_colab_ultra
1102,0,0.0056282547,0,challenge_10_signal_features_colab_ultra
1103,1,0.99347836,1,challenge_10_signal_features_colab_ultra
1104,1,0.99999875,1,challenge_10_signal_features_colab_ultra
1105,0,0.007199181,0,challenge_10_signal_features_colab_ultra
1106,1,0.99999017,1,challenge_10_signal_features_colab_ultra
1107,1,0.51816,1,challenge_10_signal_features_colab_ultra
1108,0,0.00025214185,0,challenge_10_signal_features_colab_ultra
1109,0,0.00010199931,0,challenge_10_signal_features_colab_ultra
1110,0,0.6262843,1,challenge_10_signal_features_colab_ultra
1111,1,0.99745727,1,challenge_10_signal_features_colab_ultra
1112,0,0.0063473787,0,challenge_10_signal_features_colab_ultra
1113,0,0.2607046,0,challenge_10_signal_features_colab_ultra
1114,0,7.191863e-05,0,challenge_10_signal_features_colab_ultra
1115,0,0.0003713168,0,challenge_10_signal_features_colab_ultra
1116,0,0.00017006336,0,challenge_10_signal_features_colab_ultra
1117,0,0.948165,1,challenge_10_signal_features_colab_ultra
1118,1,0.9999937,1,challenge_10_signal_features_colab_ultra
1119,0,2.2375617e-07,0,challenge_10_signal_features_colab_ultra
1120,1,0.9999998,1,challenge_10_signal_features_colab_ultra
1121,0,0.00014465445,0,challenge_10_signal_features_colab_ultra
1122,1,0.9972664,1,challenge_10_signal_features_colab_ultra
1123,0,0.029245794,0,challenge_10_signal_features_colab_ultra
1124,1,0.28186262,0,challenge_10_signal_features_colab_ultra
1125,0,0.009674727,0,challenge_10_signal_features_colab_ultra
1126,1,0.8114611,1,challenge_10_signal_features_colab_ultra
1127,0,0.009637489,0,challenge_10_signal_features_colab_ultra
1128,1,0.99998635,1,challenge_10_signal_features_colab_ultra
1129,1,0.99999297,1,challenge_10_signal_features_colab_ultra
1130,0,0.1824827,0,challenge_10_signal_features_colab_ultra
1131,0,1.0000001e-07,0,challenge_10_signal_features_colab_ultra
1132,1,0.99999785,1,challenge_10_signal_features_colab_ultra
1133,0,0.7106345,1,challenge_10_signal_features_colab_ultra
1134,1,0.6437243,1,challenge_10_signal_features_colab_ultra
1135,1,0.9883216,1,challenge_10_signal_features_colab_ultra
1136,1,0.99999195,1,challenge_10_signal_features_colab_ultra
1137,0,0.053485498,0,challenge_10_signal_features_colab_ultra
1138,0,0.22097042,0,challenge_10_signal_features_colab_ultra
1139,1,0.99723125,1,challenge_10_signal_features_colab_ultra
1140,1,0.9999885,1,challenge_10_signal_features_colab_ultra
1141,1,0.9942869,1,challenge_10_signal_features_colab_ultra
1142,0,0.99662024,1,challenge_10_signal_features_colab_ultra
1143,0,0.012125034,0,challenge_10_signal_features_colab_ultra
1144,1,0.99459136,1,challenge_10_signal_features_colab_ultra
1145,0,0.055022504,0,challenge_10_signal_features_colab_ultra
1146,0,0.00022624774,0,challenge_10_signal_features_colab_ultra
1147,0,0.0070767775,0,challenge_10_signal_features_colab_ultra
1148,0,0.0037013276,0,challenge_10_signal_features_colab_ultra
1149,0,0.00012783693,0,challenge_10_signal_features_colab_ultra
1150,0,4.8575623e-07,0,challenge_10_signal_features_colab_ultra
1151,0,0.030366855,0,challenge_10_signal_features_colab_ultra
1152,1,0.9972396,1,challenge_10_signal_features_colab_ultra
1153,1,0.9128743,1,challenge_10_signal_features_colab_ultra
1154,1,0.9897348,1,challenge_10_signal_features_colab_ultra
1155,0,0.5657683,1,challenge_10_signal_features_colab_ultra
1156,1,0.996806,1,challenge_10_signal_features_colab_ultra
1157,1,0.9946282,1,challenge_10_signal_features_colab_ultra
1158,0,0.00023098606,0,challenge_10_signal_features_colab_ultra
1159,1,0.9142131,1,challenge_10_signal_features_colab_ultra
1160,0,0.28154492,0,challenge_10_signal_features_colab_ultra
1161,1,0.9928413,1,challenge_10_signal_features_colab_ultra
1162,1,0.69582444,1,challenge_10_signal_features_colab_ultra
1163,1,0.9966252,1,challenge_10_signal_features_colab_ultra
1164,0,1.4573534e-07,0,challenge_10_signal_features_colab_ultra
1165,1,0.9999993,1,challenge_10_signal_features_colab_ultra
1166,1,0.99645215,1,challenge_10_signal_features_colab_ultra
1167,1,0.96277446,1,challenge_10_signal_features_colab_ultra
1168,1,0.9999908,1,challenge_10_signal_features_colab_ultra
1169,1,0.9440065,1,challenge_10_signal_features_colab_ultra
1170,0,0.00066142064,0,challenge_10_signal_features_colab_ultra
1171,0,0.19390868,0,challenge_10_signal_features_colab_ultra
1172,0,2.8307486e-06,0,challenge_10_signal_features_colab_ultra
1173,1,0.99999726,1,challenge_10_signal_features_colab_ultra
1174,0,0.9479589,1,challenge_10_signal_features_colab_ultra
1175,1,0.49149647,0,challenge_10_signal_features_colab_ultra
1176,0,0.003078496,0,challenge_10_signal_features_colab_ultra
1177,1,0.9999972,1,challenge_10_signal_features_colab_ultra
1178,0,0.21264309,0,challenge_10_signal_features_colab_ultra
1179,1,0.9605398,1,challenge_10_signal_features_colab_ultra
1180,1,0.9898608,1,challenge_10_signal_features_colab_ultra
1181,0,0.00024784004,0,challenge_10_signal_features_colab_ultra
1182,0,0.89130205,1,challenge_10_signal_features_colab_ultra
1183,1,0.6748862,1,challenge_10_signal_features_colab_ultra
1184,1,0.97591895,1,challenge_10_signal_features_colab_ultra
1185,0,0.012824164,0,challenge_10_signal_features_colab_ultra
1186,1,0.9966779,1,challenge_10_signal_features_colab_ultra
1187,0,0.0034144963,0,challenge_10_signal_features_colab_ultra
1188,1,0.9876935,1,challenge_10_signal_features_colab_ultra
1189,1,0.9575634,1,challenge_10_signal_features_colab_ultra
1190,1,0.46187517,0,challenge_10_signal_features_colab_ultra
1191,0,0.002442651,0,challenge_10_signal_features_colab_ultra
1192,1,0.48608583,0,challenge_10_signal_features_colab_ultra
1193,0,0.053457197,0,challenge_10_signal_features_colab_ultra
1194,1,0.79564387,1,challenge_10_signal_features_colab_ultra
1195,1,0.999987,1,challenge_10_signal_features_colab_ultra
1196,0,0.025114216,0,challenge_10_signal_features_colab_ultra
1197,1,0.9829053,1,challenge_10_signal_features_colab_ultra
1198,1,0.97168386,1,challenge_10_signal_features_colab_ultra
1199,1,0.9999955,1,challenge_10_signal_features_colab_ultra
1200,0,0.01186836,0,challenge_10_signal_features_colab_ultra
1201,1,0.9707493,1,challenge_10_signal_features_colab_ultra
1202,1,0.996188,1,challenge_10_signal_features_colab_ultra
1203,0,0.09626713,0,challenge_10_signal_features_colab_ultra
1204,1,0.999995,1,challenge_10_signal_features_colab_ultra
1205,0,1.8261724e-05,0,challenge_10_signal_features_colab_ultra
1206,1,0.9999996,1,challenge_10_signal_features_colab_ultra
1207,1,0.9672502,1,challenge_10_signal_features_colab_ultra
1208,0,0.001432307,0,challenge_10_signal_features_colab_ultra
1209,0,1.28548145e-05,0,challenge_10_signal_features_colab_ultra
1210,1,0.9655324,1,challenge_10_signal_features_colab_ultra
1211,1,0.986084,1,challenge_10_signal_features_colab_ultra
1212,0,0.012587979,0,challenge_10_signal_features_colab_ultra
1213,1,0.9935717,1,challenge_10_signal_features_colab_ultra
1214,0,0.016190704,0,challenge_10_signal_features_colab_ultra
1215,1,0.72942734,1,challenge_10_signal_features_colab_ultra
1216,0,0.091829926,0,challenge_10_signal_features_colab_ultra
1217,0,4.8080474e-05,0,challenge_10_signal_features_colab_ultra
1218,1,0.98780423,1,challenge_10_signal_features_colab_ultra
1219,1,0.97932816,1,challenge_10_signal_features_colab_ultra
1220,0,0.00026736618,0,challenge_10_signal_features_colab_ultra
1221,0,0.0022198951,0,challenge_10_signal_features_colab_ultra
1222,1,0.99637914,1,challenge_10_signal_features_colab_ultra
1223,1,0.9956906,1,challenge_10_signal_features_colab_ultra
1224,0,0.30631092,0,challenge_10_signal_features_colab_ultra
1225,0,0.0026714485,0,challenge_10_signal_features_colab_ultra
1226,1,0.55482954,1,challenge_10_signal_features_colab_ultra
1227,0,2.8209504e-06,0,challenge_10_signal_features_colab_ultra
1228,0,0.0007242767,0,challenge_10_signal_features_colab_ultra
1229,0,1.9819379e-06,0,challenge_10_signal_features_colab_ultra
1230,1,0.99395025,1,challenge_10_signal_features_colab_ultra
1231,1,0.95199376,1,challenge_10_signal_features_colab_ultra
1232,1,0.029470962,0,challenge_10_signal_features_colab_ultra
1233,1,0.9638675,1,challenge_10_signal_features_colab_ultra
1234,1,0.9999908,1,challenge_10_signal_features_colab_ultra
1235,0,0.0051024375,0,challenge_10_signal_features_colab_ultra
1236,0,0.00034075722,0,challenge_10_signal_features_colab_ultra
1237,1,0.9999988,1,challenge_10_signal_features_colab_ultra
1238,0,0.010730753,0,challenge_10_signal_features_colab_ultra
1239,1,0.56632483,1,challenge_10_signal_features_colab_ultra
1240,1,0.7591423,1,challenge_10_signal_features_colab_ultra
1241,1,0.9999999,1,challenge_10_signal_features_colab_ultra
1242,0,0.0028358623,0,challenge_10_signal_features_colab_ultra
1243,1,0.9675985,1,challenge_10_signal_features_colab_ultra
1244,0,0.0054177702,0,challenge_10_signal_features_colab_ultra
1245,1,0.9836421,1,challenge_10_signal_features_colab_ultra
1246,1,0.9882063,1,challenge_10_signal_features_colab_ultra
1247,1,0.28218642,0,challenge_10_signal_features_colab_ultra
1248,1,0.9999997,1,challenge_10_signal_features_colab_ultra
1249,1,0.99503595,1,challenge_10_signal_features_colab_ultra
1250,1,0.34488094,0,challenge_10_signal_features_colab_ultra
1251,1,0.99423045,1,challenge_10_signal_features_colab_ultra
1252,1,0.3989115,0,challenge_10_signal_features_colab_ultra
1253,0,0.7253246,1,challenge_10_signal_features_colab_ultra
1254,1,0.87794787,1,challenge_10_signal_features_colab_ultra
1255,0,0.0016866253,0,challenge_10_signal_features_colab_ultra
1256,1,0.99999917,1,challenge_10_signal_features_colab_ultra
1257,0,0.0009315632,0,challenge_10_signal_features_colab_ultra
1258,0,0.017486447,0,challenge_10_signal_features_colab_ultra
1259,0,0.023016982,0,challenge_10_signal_features_colab_ultra
1260,1,0.9342481,1,challenge_10_signal_features_colab_ultra
1261,1,0.92768914,1,challenge_10_signal_features_colab_ultra
1262,0,0.032845724,0,challenge_10_signal_features_colab_ultra
1263,0,0.000779474,0,challenge_10_signal_features_colab_ultra
1264,0,0.00025012554,0,challenge_10_signal_features_colab_ultra
1265,1,0.99436474,1,challenge_10_signal_features_colab_ultra
1266,1,0.9459457,1,challenge_10_signal_features_colab_ultra
1267,0,0.00010952232,0,challenge_10_signal_features_colab_ultra
1268,0,0.0039981976,0,challenge_10_signal_features_colab_ultra
1269,0,0.0009303243,0,challenge_10_signal_features_colab_ultra
1270,0,0.63710463,1,challenge_10_signal_features_colab_ultra
1271,1,0.99027705,1,challenge_10_signal_features_colab_ultra
1272,0,0.0002729939,0,challenge_10_signal_features_colab_ultra
1273,1,0.8879561,1,challenge_10_signal_features_colab_ultra
1274,0,0.037366416,0,challenge_10_signal_features_colab_ultra
1275,1,0.3209128,0,challenge_10_signal_features_colab_ultra
1276,0,0.0069430512,0,challenge_10_signal_features_colab_ultra
1277,0,0.055940185,0,challenge_10_signal_features_colab_ultra
1278,1,0.99698764,1,challenge_10_signal_features_colab_ultra
1279,0,0.0031824177,0,challenge_10_signal_features_colab_ultra
1280,0,0.19511926,0,challenge_10_signal_features_colab_ultra
1281,0,0.006040638,0,challenge_10_signal_features_colab_ultra
1282,1,1.0,1,challenge_10_signal_features_colab_ultra
1283,1,0.999999,1,challenge_10_signal_features_colab_ultra
1284,0,0.1610777,0,challenge_10_signal_features_colab_ultra
1285,0,5.251616e-05,0,challenge_10_signal_features_colab_ultra
1286,0,0.2508861,0,challenge_10_signal_features_colab_ultra
1287,1,0.9973887,1,challenge_10_signal_features_colab_ultra
1288,0,8.417293e-05,0,challenge_10_signal_features_colab_ultra
1289,0,0.009703077,0,challenge_10_signal_features_colab_ultra
1290,0,0.036018115,0,challenge_10_signal_features_colab_ultra
1291,0,5.0475865e-07,0,challenge_10_signal_features_colab_ultra
1292,0,0.00014411299,0,challenge_10_signal_features_colab_ultra
1293,1,0.9282847,1,challenge_10_signal_features_colab_ultra
1294,1,0.095558256,0,challenge_10_signal_features_colab_ultra
1295,0,0.13438493,0,challenge_10_signal_features_colab_ultra
1296,0,0.02851285,0,challenge_10_signal_features_colab_ultra
1297,1,0.99999535,1,challenge_10_signal_features_colab_ultra
1298,0,8.644921e-05,0,challenge_10_signal_features_colab_ultra
1299,0,1.5331187e-07,0,challenge_10_signal_features_colab_ultra
1300,0,6.416332e-05,0,challenge_10_signal_features_colab_ultra
1301,1,0.9684806,1,challenge_10_signal_features_colab_ultra
1302,0,0.18978705,0,challenge_10_signal_features_colab_ultra
1303,0,0.0027865192,0,challenge_10_signal_features_colab_ultra
1304,0,0.039408404,0,challenge_10_signal_features_colab_ultra
1305,1,0.9654786,1,challenge_10_signal_features_colab_ultra
1306,0,0.0034311926,0,challenge_10_signal_features_colab_ultra
1307,0,0.00014271696,0,challenge_10_signal_features_colab_ultra
1308,0,0.0011670132,0,challenge_10_signal_features_colab_ultra
1309,0,0.19990537,0,challenge_10_signal_features_colab_ultra
1310,0,0.0629696,0,challenge_10_signal_features_colab_ultra
1311,1,0.9947128,1,challenge_10_signal_features_colab_ultra
1312,1,0.9762014,1,challenge_10_signal_features_colab_ultra
1313,1,0.9422885,1,challenge_10_signal_features_colab_ultra
1314,0,0.0010325989,0,challenge_10_signal_features_colab_ultra
1315,0,5.412898e-05,0,challenge_10_signal_features_colab_ultra
1316,1,0.6839081,1,challenge_10_signal_features_colab_ultra
1317,1,0.986771,1,challenge_10_signal_features_colab_ultra
1318,0,0.00037802907,0,challenge_10_signal_features_colab_ultra
1319,0,0.40227333,0,challenge_10_signal_features_colab_ultra
1320,1,0.9965537,1,challenge_10_signal_features_colab_ultra
1321,1,0.984524,1,challenge_10_signal_features_colab_ultra
1322,1,0.98416674,1,challenge_10_signal_features_colab_ultra
1323,0,0.0043164315,0,challenge_10_signal_features_colab_ultra
1324,1,0.9999993,1,challenge_10_signal_features_colab_ultra
1325,0,0.0147340065,0,challenge_10_signal_features_colab_ultra
1326,0,0.72894126,1,challenge_10_signal_features_colab_ultra
1327,1,0.99385875,1,challenge_10_signal_features_colab_ultra
1328,0,6.818861e-07,0,challenge_10_signal_features_colab_ultra
1329,0,0.04257622,0,challenge_10_signal_features_colab_ultra
1330,1,0.99459386,1,challenge_10_signal_features_colab_ultra
1331,0,0.1216087,0,challenge_10_signal_features_colab_ultra
1332,1,0.98393387,1,challenge_10_signal_features_colab_ultra
1333,1,0.941167,1,challenge_10_signal_features_colab_ultra
1334,1,0.98177946,1,challenge_10_signal_features_colab_ultra
1335,1,0.9949175,1,challenge_10_signal_features_colab_ultra
1336,1,1.0,1,challenge_10_signal_features_colab_ultra
1337,0,0.023107545,0,challenge_10_signal_features_colab_ultra
1338,0,0.0244392,0,challenge_10_signal_features_colab_ultra
1339,1,0.97277904,1,challenge_10_signal_features_colab_ultra
1340,0,0.003111491,0,challenge_10_signal_features_colab_ultra
1341,1,0.9999999,1,challenge_10_signal_features_colab_ultra
1342,0,1.519237e-05,0,challenge_10_signal_features_colab_ultra
1343,1,0.994956,1,challenge_10_signal_features_colab_ultra
1344,0,0.031941723,0,challenge_10_signal_features_colab_ultra
1345,0,0.0003733437,0,challenge_10_signal_features_colab_ultra
1346,1,0.99609035,1,challenge_10_signal_features_colab_ultra
1347,0,0.0011417621,0,challenge_10_signal_features_colab_ultra
1348,1,0.9278649,1,challenge_10_signal_features_colab_ultra
1349,0,0.00018269542,0,challenge_10_signal_features_colab_ultra
1350,1,0.9999989,1,challenge_10_signal_features_colab_ultra
1351,1,0.99287766,1,challenge_10_signal_features_colab_ultra
1352,1,0.9999964,1,challenge_10_signal_features_colab_ultra
1353,1,0.94452536,1,challenge_10_signal_features_colab_ultra
1354,1,0.9999885,1,challenge_10_signal_features_colab_ultra
1355,1,0.9793699,1,challenge_10_signal_features_colab_ultra
1356,0,0.00021529829,0,challenge_10_signal_features_colab_ultra
1357,0,1.0000001e-07,0,challenge_10_signal_features_colab_ultra
1358,1,0.7788935,1,challenge_10_signal_features_colab_ultra
1359,0,0.19640616,0,challenge_10_signal_features_colab_ultra
1360,1,0.99098516,1,challenge_10_signal_features_colab_ultra
1361,1,0.99999946,1,challenge_10_signal_features_colab_ultra
1362,0,0.3979479,0,challenge_10_signal_features_colab_ultra
1363,1,0.90184456,1,challenge_10_signal_features_colab_ultra
1364,1,0.99999654,1,challenge_10_signal_features_colab_ultra
1365,1,0.9945017,1,challenge_10_signal_features_colab_ultra
1366,0,0.000860969,0,challenge_10_signal_features_colab_ultra
1367,0,0.0003342195,0,challenge_10_signal_features_colab_ultra
1368,1,0.8551188,1,challenge_10_signal_features_colab_ultra
1369,1,0.9999995,1,challenge_10_signal_features_colab_ultra
1370,1,0.9969199,1,challenge_10_signal_features_colab_ultra
1371,0,0.043441158,0,challenge_10_signal_features_colab_ultra
1372,1,0.9999974,1,challenge_10_signal_features_colab_ultra
1373,1,0.69523376,1,challenge_10_signal_features_colab_ultra
1374,1,0.99999815,1,challenge_10_signal_features_colab_ultra
1375,0,0.102768384,0,challenge_10_signal_features_colab_ultra
1376,1,0.99225885,1,challenge_10_signal_features_colab_ultra
1377,0,0.10767143,0,challenge_10_signal_features_colab_ultra
1378,0,0.004499502,0,challenge_10_signal_features_colab_ultra
1379,0,0.014492216,0,challenge_10_signal_features_colab_ultra
1380,1,1.0,1,challenge_10_signal_features_colab_ultra
1381,1,0.9902528,1,challenge_10_signal_features_colab_ultra
1382,0,0.8848393,1,challenge_10_signal_features_colab_ultra
1383,1,0.99999183,1,challenge_10_signal_features_colab_ultra
1384,0,0.0007510254,0,challenge_10_signal_features_colab_ultra
1385,1,0.6455321,1,challenge_10_signal_features_colab_ultra
1386,0,1.6029188e-07,0,challenge_10_signal_features_colab_ultra
1387,1,0.99999976,1,challenge_10_signal_features_colab_ultra
1388,1,0.9999999,1,challenge_10_signal_features_colab_ultra
1389,1,0.99402905,1,challenge_10_signal_features_colab_ultra
1390,0,0.0015200921,0,challenge_10_signal_features_colab_ultra
1391,1,0.9973992,1,challenge_10_signal_features_colab_ultra
1392,0,0.019868108,0,challenge_10_signal_features_colab_ultra
1393,1,0.9999843,1,challenge_10_signal_features_colab_ultra
1394,0,0.0003993908,0,challenge_10_signal_features_colab_ultra
1395,1,0.9999983,1,challenge_10_signal_features_colab_ultra
1396,0,0.0038793522,0,challenge_10_signal_features_colab_ultra
1397,1,0.99999887,1,challenge_10_signal_features_colab_ultra
1398,0,0.04352316,0,challenge_10_signal_features_colab_ultra
1399,1,0.9999988,1,challenge_10_signal_features_colab_ultra
1400,0,0.7225473,1,challenge_10_signal_features_colab_ultra
1401,1,0.9999944,1,challenge_10_signal_features_colab_ultra
1402,1,0.99642366,1,challenge_10_signal_features_colab_ultra
1403,0,0.93060046,1,challenge_10_signal_features_colab_ultra
1404,1,0.92932427,1,challenge_10_signal_features_colab_ultra
1405,1,0.9920954,1,challenge_10_signal_features_colab_ultra
1406,0,0.0008744145,0,challenge_10_signal_features_colab_ultra
1407,0,0.043674693,0,challenge_10_signal_features_colab_ultra
1408,0,0.00019238166,0,challenge_10_signal_features_colab_ultra
1409,0,0.00152175,0,challenge_10_signal_features_colab_ultra
1410,1,0.7838407,1,challenge_10_signal_features_colab_ultra
1411,1,0.31928378,0,challenge_10_signal_features_colab_ultra
1412,1,0.99413896,1,challenge_10_signal_features_colab_ultra
1413,0,0.0071724895,0,challenge_10_signal_features_colab_ultra
1414,0,0.060144022,0,challenge_10_signal_features_colab_ultra
1415,0,0.10452296,0,challenge_10_signal_features_colab_ultra
1416,0,0.0038640902,0,challenge_10_signal_features_colab_ultra
1417,0,0.37137645,0,challenge_10_signal_features_colab_ultra
1418,1,0.78493613,1,challenge_10_signal_features_colab_ultra
1419,1,0.984211,1,challenge_10_signal_features_colab_ultra
1420,1,0.999998,1,challenge_10_signal_features_colab_ultra
1421,1,0.99999696,1,challenge_10_signal_features_colab_ultra
1422,0,0.00038591155,0,challenge_10_signal_features_colab_ultra
1423,1,0.97701186,1,challenge_10_signal_features_colab_ultra
1424,1,0.9999978,1,challenge_10_signal_features_colab_ultra
1425,0,0.006343231,0,challenge_10_signal_features_colab_ultra
1426,0,0.0005798958,0,challenge_10_signal_features_colab_ultra
1427,1,0.93269414,1,challenge_10_signal_features_colab_ultra
1428,0,0.46622568,0,challenge_10_signal_features_colab_ultra
1429,0,0.032460965,0,challenge_10_signal_features_colab_ultra
1430,1,0.8607943,1,challenge_10_signal_features_colab_ultra
1431,1,0.9999951,1,challenge_10_signal_features_colab_ultra
1432,1,0.68808836,1,challenge_10_signal_features_colab_ultra
1433,1,0.9999979,1,challenge_10_signal_features_colab_ultra
1434,1,0.9999874,1,challenge_10_signal_features_colab_ultra
1435,1,0.54519296,1,challenge_10_signal_features_colab_ultra
1436,1,0.98950464,1,challenge_10_signal_features_colab_ultra
1437,1,0.96745867,1,challenge_10_signal_features_colab_ultra
1438,0,0.0066547403,0,challenge_10_signal_features_colab_ultra
1439,0,2.2899228e-05,0,challenge_10_signal_features_colab_ultra
1440,0,0.13533881,0,challenge_10_signal_features_colab_ultra
1441,0,0.06089472,0,challenge_10_signal_features_colab_ultra
1442,1,0.34192932,0,challenge_10_signal_features_colab_ultra
1443,0,0.0029944766,0,challenge_10_signal_features_colab_ultra
1444,1,0.30527955,0,challenge_10_signal_features_colab_ultra
1445,1,0.93455416,1,challenge_10_signal_features_colab_ultra
1446,0,0.50646675,1,challenge_10_signal_features_colab_ultra
1447,0,0.0008906314,0,challenge_10_signal_features_colab_ultra
1448,1,0.9999978,1,challenge_10_signal_features_colab_ultra
1449,1,0.9927925,1,challenge_10_signal_features_colab_ultra
1450,1,0.9999999,1,challenge_10_signal_features_colab_ultra
1451,1,0.9170892,1,challenge_10_signal_features_colab_ultra
1452,0,0.8397932,1,challenge_10_signal_features_colab_ultra
1453,1,0.94921607,1,challenge_10_signal_features_colab_ultra
1454,0,0.078340545,0,challenge_10_signal_features_colab_ultra
1455,1,0.9930347,1,challenge_10_signal_features_colab_ultra
1456,0,0.00511938,0,challenge_10_signal_features_colab_ultra
1457,0,0.13923433,0,challenge_10_signal_features_colab_ultra
1458,1,0.9951597,1,challenge_10_signal_features_colab_ultra
1459,1,0.91143674,1,challenge_10_signal_features_colab_ultra
1460,0,0.1750899,0,challenge_10_signal_features_colab_ultra
1461,1,0.65415996,1,challenge_10_signal_features_colab_ultra
1462,0,5.1290945e-06,0,challenge_10_signal_features_colab_ultra
1463,0,0.017621886,0,challenge_10_signal_features_colab_ultra
1464,0,1.405875e-05,0,challenge_10_signal_features_colab_ultra
1465,0,0.08064619,0,challenge_10_signal_features_colab_ultra
1466,0,0.16956091,0,challenge_10_signal_features_colab_ultra
1467,1,0.99555576,1,challenge_10_signal_features_colab_ultra
1468,0,0.003774795,0,challenge_10_signal_features_colab_ultra
1469,0,0.0007378104,0,challenge_10_signal_features_colab_ultra
1470,0,0.0144739505,0,challenge_10_signal_features_colab_ultra
1471,1,0.4653809,0,challenge_10_signal_features_colab_ultra
1472,0,0.058698665,0,challenge_10_signal_features_colab_ultra
1473,0,0.00017572052,0,challenge_10_signal_features_colab_ultra
1474,0,7.002089e-06,0,challenge_10_signal_features_colab_ultra
1475,1,0.99999976,1,challenge_10_signal_features_colab_ultra
1476,0,0.9666451,1,challenge_10_signal_features_colab_ultra
1477,0,2.2529328e-05,0,challenge_10_signal_features_colab_ultra
1478,0,0.004361451,0,challenge_10_signal_features_colab_ultra
1479,1,0.9180354,1,challenge_10_signal_features_colab_ultra
1480,0,0.008240339,0,challenge_10_signal_features_colab_ultra
1481,1,0.99999994,1,challenge_10_signal_features_colab_ultra
1482,1,0.99121183,1,challenge_10_signal_features_colab_ultra
1483,1,0.9863461,1,challenge_10_signal_features_colab_ultra
1484,0,0.008057007,0,challenge_10_signal_features_colab_ultra
1485,1,0.5074933,1,challenge_10_signal_features_colab_ultra
1486,0,8.939858e-06,0,challenge_10_signal_features_colab_ultra
1487,0,0.008303256,0,challenge_10_signal_features_colab_ultra
1488,1,0.9892385,1,challenge_10_signal_features_colab_ultra
1489,1,0.20069775,0,challenge_10_signal_features_colab_ultra
1490,0,3.095289e-05,0,challenge_10_signal_features_colab_ultra
1491,0,0.006311802,0,challenge_10_signal_features_colab_ultra
1492,1,0.20084004,0,challenge_10_signal_features_colab_ultra
1493,1,0.99998164,1,challenge_10_signal_features_colab_ultra
1494,0,0.111039326,0,challenge_10_signal_features_colab_ultra
1495,1,0.9999994,1,challenge_10_signal_features_colab_ultra
1496,1,0.98239577,1,challenge_10_signal_features_colab_ultra
1497,0,0.0007073745,0,challenge_10_signal_features_colab_ultra
1498,0,0.009108913,0,challenge_10_signal_features_colab_ultra
1499,1,0.1605793,0,challenge_10_signal_features_colab_ultra
1500,1,0.95597434,1,challenge_10_signal_features_colab_ultra
1501,0,0.21823736,0,challenge_10_signal_features_colab_ultra
1502,1,0.9999987,1,challenge_10_signal_features_colab_ultra
1503,1,0.9828542,1,challenge_10_signal_features_colab_ultra
1504,0,0.45198894,0,challenge_10_signal_features_colab_ultra
1505,1,0.42901585,0,challenge_10_signal_features_colab_ultra
1506,0,0.011218938,0,challenge_10_signal_features_colab_ultra
1507,1,0.9943168,1,challenge_10_signal_features_colab_ultra
1508,0,0.08719936,0,challenge_10_signal_features_colab_ultra
1509,1,0.9481358,1,challenge_10_signal_features_colab_ultra
1510,0,0.0006190897,0,challenge_10_signal_features_colab_ultra
1511,1,0.9972393,1,challenge_10_signal_features_colab_ultra
1512,0,0.0023421545,0,challenge_10_signal_features_colab_ultra
1513,1,0.9963579,1,challenge_10_signal_features_colab_ultra
1514,1,0.9999985,1,challenge_10_signal_features_colab_ultra
1515,0,0.0003248492,0,challenge_10_signal_features_colab_ultra
1516,1,0.9935255,1,challenge_10_signal_features_colab_ultra
1517,1,0.9967495,1,challenge_10_signal_features_colab_ultra
1518,0,0.02836087,0,challenge_10_signal_features_colab_ultra
1519,1,0.9730177,1,challenge_10_signal_features_colab_ultra
1520,1,0.999998,1,challenge_10_signal_features_colab_ultra
1521,1,0.99999464,1,challenge_10_signal_features_colab_ultra
1522,0,0.041958142,0,challenge_10_signal_features_colab_ultra
1523,0,0.6174414,1,challenge_10_signal_features_colab_ultra
1524,0,0.007726201,0,challenge_10_signal_features_colab_ultra
1525,0,0.41170922,0,challenge_10_signal_features_colab_ultra
1526,0,0.0071264915,0,challenge_10_signal_features_colab_ultra
1527,1,0.9854492,1,challenge_10_signal_features_colab_ultra
1528,0,0.0071973763,0,challenge_10_signal_features_colab_ultra
1529,1,0.9999992,1,challenge_10_signal_features_colab_ultra
1530,0,2.4006342e-06,0,challenge_10_signal_features_colab_ultra
1531,0,0.030593127,0,challenge_10_signal_features_colab_ultra
1532,0,0.03960009,0,challenge_10_signal_features_colab_ultra
1533,0,0.0035455753,0,challenge_10_signal_features_colab_ultra
1534,1,0.8041107,1,challenge_10_signal_features_colab_ultra
1535,0,0.48232427,0,challenge_10_signal_features_colab_ultra
1536,1,0.44370663,0,challenge_10_signal_features_colab_ultra
1537,1,0.9533433,1,challenge_10_signal_features_colab_ultra
1538,0,0.00026541832,0,challenge_10_signal_features_colab_ultra
1539,0,0.0018478634,0,challenge_10_signal_features_colab_ultra
1540,1,0.9230916,1,challenge_10_signal_features_colab_ultra
1541,0,0.060377046,0,challenge_10_signal_features_colab_ultra
1542,1,0.93660766,1,challenge_10_signal_features_colab_ultra
1543,1,0.6235036,1,challenge_10_signal_features_colab_ultra
1544,1,0.9970693,1,challenge_10_signal_features_colab_ultra
1545,0,0.007896065,0,challenge_10_signal_features_colab_ultra
1546,1,0.97865635,1,challenge_10_signal_features_colab_ultra
1547,0,0.005516353,0,challenge_10_signal_features_colab_ultra
1548,0,0.13616066,0,challenge_10_signal_features_colab_ultra
1549,1,0.99999756,1,challenge_10_signal_features_colab_ultra
1550,0,0.0018763272,0,challenge_10_signal_features_colab_ultra
1551,0,0.013813318,0,challenge_10_signal_features_colab_ultra
1552,0,0.036012277,0,challenge_10_signal_features_colab_ultra
1553,0,0.028596042,0,challenge_10_signal_features_colab_ultra
1554,1,0.99730664,1,challenge_10_signal_features_colab_ultra
1555,0,0.3293837,0,challenge_10_signal_features_colab_ultra
1556,0,0.68583316,1,challenge_10_signal_features_colab_ultra
1557,1,0.9808331,1,challenge_10_signal_features_colab_ultra
1558,0,5.2584784e-07,0,challenge_10_signal_features_colab_ultra
1559,0,0.37958637,0,challenge_10_signal_features_colab_ultra
1560,1,0.9973668,1,challenge_10_signal_features_colab_ultra
1561,0,2.0119867e-06,0,challenge_10_signal_features_colab_ultra
1562,0,0.123887405,0,challenge_10_signal_features_colab_ultra
1563,0,1.0770357e-06,0,challenge_10_signal_features_colab_ultra
1564,1,0.9884256,1,challenge_10_signal_features_colab_ultra
1565,0,0.022828128,0,challenge_10_signal_features_colab_ultra
1566,0,0.00020305434,0,challenge_10_signal_features_colab_ultra
1567,1,0.9938543,1,challenge_10_signal_features_colab_ultra
1568,1,0.96505326,1,challenge_10_signal_features_colab_ultra
1569,1,0.99999964,1,challenge_10_signal_features_colab_ultra
1570,0,0.21426947,0,challenge_10_signal_features_colab_ultra
1571,0,0.00015585907,0,challenge_10_signal_features_colab_ultra
1572,0,3.2412464e-07,0,challenge_10_signal_features_colab_ultra
1573,1,0.9872941,1,challenge_10_signal_features_colab_ultra
1574,1,0.99999815,1,challenge_10_signal_features_colab_ultra
1575,1,0.8975688,1,challenge_10_signal_features_colab_ultra
1576,0,8.8832e-05,0,challenge_10_signal_features_colab_ultra
1577,1,0.8920893,1,challenge_10_signal_features_colab_ultra
1578,0,0.038950045,0,challenge_10_signal_features_colab_ultra
1579,0,0.0011475012,0,challenge_10_signal_features_colab_ultra
1580,0,0.007839778,0,challenge_10_signal_features_colab_ultra
1581,1,0.8422183,1,challenge_10_signal_features_colab_ultra
1582,0,0.002645686,0,challenge_10_signal_features_colab_ultra
1583,0,0.0779114,0,challenge_10_signal_features_colab_ultra
1584,0,2.549825e-05,0,challenge_10_signal_features_colab_ultra
1585,1,0.9952613,1,challenge_10_signal_features_colab_ultra
1586,1,0.9496375,1,challenge_10_signal_features_colab_ultra
1587,0,0.9132985,1,challenge_10_signal_features_colab_ultra
1588,0,1.9725929e-05,0,challenge_10_signal_features_colab_ultra
1589,0,0.00023929447,0,challenge_10_signal_features_colab_ultra
1590,1,0.9699974,1,challenge_10_signal_features_colab_ultra
1591,0,0.00057286146,0,challenge_10_signal_features_colab_ultra
1592,1,0.98524296,1,challenge_10_signal_features_colab_ultra
1593,0,0.033932503,0,challenge_10_signal_features_colab_ultra
1594,0,0.0027133424,0,challenge_10_signal_features_colab_ultra
1595,0,0.0009385909,0,challenge_10_signal_features_colab_ultra
1596,0,0.00027844144,0,challenge_10_signal_features_colab_ultra
1597,0,0.12257157,0,challenge_10_signal_features_colab_ultra
1598,1,0.9332835,1,challenge_10_signal_features_colab_ultra
1599,1,0.95807993,1,challenge_10_signal_features_colab_ultra
1600,1,0.9413113,1,challenge_10_signal_features_colab_ultra
1601,0,6.7693014e-07,0,challenge_10_signal_features_colab_ultra
1602,1,0.026448404,0,challenge_10_signal_features_colab_ultra
1603,0,0.025389602,0,challenge_10_signal_features_colab_ultra
1604,0,0.060341593,0,challenge_10_signal_features_colab_ultra
1605,1,0.54726434,1,challenge_10_signal_features_colab_ultra
1606,1,0.8810341,1,challenge_10_signal_features_colab_ultra
1607,1,0.99337345,1,challenge_10_signal_features_colab_ultra
1608,0,0.0072163916,0,challenge_10_signal_features_colab_ultra
1609,1,0.64469874,1,challenge_10_signal_features_colab_ultra
1610,1,0.9727069,1,challenge_10_signal_features_colab_ultra
1611,1,0.5316984,1,challenge_10_signal_features_colab_ultra
1612,1,0.9862431,1,challenge_10_signal_features_colab_ultra
1613,1,0.9967978,1,challenge_10_signal_features_colab_ultra
1614,0,0.013056023,0,challenge_10_signal_features_colab_ultra
1615,0,0.08953621,0,challenge_10_signal_features_colab_ultra
1616,0,0.9816489,1,challenge_10_signal_features_colab_ultra
1617,1,0.99999803,1,challenge_10_signal_features_colab_ultra
1618,1,0.99999994,1,challenge_10_signal_features_colab_ultra
1619,1,0.9061231,1,challenge_10_signal_features_colab_ultra
1620,0,0.0028475253,0,challenge_10_signal_features_colab_ultra
1621,1,0.9974163,1,challenge_10_signal_features_colab_ultra
1622,1,0.9105854,1,challenge_10_signal_features_colab_ultra
1623,0,2.6712767e-05,0,challenge_10_signal_features_colab_ultra
1624,0,5.694053e-06,0,challenge_10_signal_features_colab_ultra
1625,0,0.007998967,0,challenge_10_signal_features_colab_ultra
1626,0,0.0055620205,0,challenge_10_signal_features_colab_ultra
1627,1,0.99999815,1,challenge_10_signal_features_colab_ultra
1628,1,0.9579485,1,challenge_10_signal_features_colab_ultra
1629,0,0.00013373024,0,challenge_10_signal_features_colab_ultra
1630,1,0.9999959,1,challenge_10_signal_features_colab_ultra
1631,0,0.00013784647,0,challenge_10_signal_features_colab_ultra
1632,0,4.3132124e-05,0,challenge_10_signal_features_colab_ultra
1633,1,0.99694407,1,challenge_10_signal_features_colab_ultra
1634,0,0.18504527,0,challenge_10_signal_features_colab_ultra
1635,1,0.99998647,1,challenge_10_signal_features_colab_ultra
1636,0,0.00040640958,0,challenge_10_signal_features_colab_ultra
1637,0,0.00026297284,0,challenge_10_signal_features_colab_ultra
1638,1,0.8208417,1,challenge_10_signal_features_colab_ultra
1639,1,0.9846271,1,challenge_10_signal_features_colab_ultra
1640,1,1.0,1,challenge_10_signal_features_colab_ultra
1641,1,0.9691362,1,challenge_10_signal_features_colab_ultra
1642,1,0.95547074,1,challenge_10_signal_features_colab_ultra
1643,1,0.3326844,0,challenge_10_signal_features_colab_ultra
1644,0,1.3931735e-05,0,challenge_10_signal_features_colab_ultra
1645,1,0.9874958,1,challenge_10_signal_features_colab_ultra
1646,0,0.003215486,0,challenge_10_signal_features_colab_ultra
1647,1,0.99491554,1,challenge_10_signal_features_colab_ultra
1648,1,0.99999774,1,challenge_10_signal_features_colab_ultra
1649,0,0.010807781,0,challenge_10_signal_features_colab_ultra
1650,0,0.01234129,0,challenge_10_signal_features_colab_ultra
1651,0,0.002804775,0,challenge_10_signal_features_colab_ultra
1652,1,0.9737815,1,challenge_10_signal_features_colab_ultra
1653,0,0.14559607,0,challenge_10_signal_features_colab_ultra
1654,1,0.9161064,1,challenge_10_signal_features_colab_ultra
1655,1,0.9872746,1,challenge_10_signal_features_colab_ultra
1656,1,0.99019384,1,challenge_10_signal_features_colab_ultra
1657,1,0.99003327,1,challenge_10_signal_features_colab_ultra
1658,1,0.9348442,1,challenge_10_signal_features_colab_ultra
1659,0,0.0015136702,0,challenge_10_signal_features_colab_ultra
1660,0,0.0049398784,0,challenge_10_signal_features_colab_ultra
1661,1,0.9687724,1,challenge_10_signal_features_colab_ultra
1662,1,0.9999981,1,challenge_10_signal_features_colab_ultra
1663,1,0.99999964,1,challenge_10_signal_features_colab_ultra
1664,0,0.39012873,0,challenge_10_signal_features_colab_ultra
1665,1,0.9967981,1,challenge_10_signal_features_colab_ultra
1666,1,0.99467134,1,challenge_10_signal_features_colab_ultra
1667,0,0.012614331,0,challenge_10_signal_features_colab_ultra
1668,1,0.9754392,1,challenge_10_signal_features_colab_ultra
1669,1,0.9999826,1,challenge_10_signal_features_colab_ultra
1670,0,0.021330925,0,challenge_10_signal_features_colab_ultra
1671,0,0.22895767,0,challenge_10_signal_features_colab_ultra
1672,0,0.018536992,0,challenge_10_signal_features_colab_ultra
1673,1,0.9877983,1,challenge_10_signal_features_colab_ultra
1674,0,0.031214524,0,challenge_10_signal_features_colab_ultra
1675,0,0.0020218135,0,challenge_10_signal_features_colab_ultra
1676,1,0.996996,1,challenge_10_signal_features_colab_ultra
1677,0,0.018969912,0,challenge_10_signal_features_colab_ultra
1678,0,0.006523564,0,challenge_10_signal_features_colab_ultra
1679,1,0.9999899,1,challenge_10_signal_features_colab_ultra
1680,0,0.00041455004,0,challenge_10_signal_features_colab_ultra
1681,0,0.0021451428,0,challenge_10_signal_features_colab_ultra
1682,0,1.6912771e-06,0,challenge_10_signal_features_colab_ultra
1683,0,0.013441253,0,challenge_10_signal_features_colab_ultra
1684,0,0.009781628,0,challenge_10_signal_features_colab_ultra
1685,1,0.99437904,1,challenge_10_signal_features_colab_ultra
1686,0,0.0015985155,0,challenge_10_signal_features_colab_ultra
1687,0,8.9564695e-05,0,challenge_10_signal_features_colab_ultra
1688,0,3.2103322e-05,0,challenge_10_signal_features_colab_ultra
1689,1,0.62867033,1,challenge_10_signal_features_colab_ultra
1690,1,0.99347925,1,challenge_10_signal_features_colab_ultra
1691,0,1.0428944e-06,0,challenge_10_signal_features_colab_ultra
1692,1,0.9783974,1,challenge_10_signal_features_colab_ultra
1693,1,0.9999859,1,challenge_10_signal_features_colab_ultra
1694,1,0.8670546,1,challenge_10_signal_features_colab_ultra
1695,0,0.004196803,0,challenge_10_signal_features_colab_ultra
1696,1,0.9697876,1,challenge_10_signal_features_colab_ultra
1697,0,0.03213438,0,challenge_10_signal_features_colab_ultra
1698,0,0.0003028529,0,challenge_10_signal_features_colab_ultra
1699,0,2.2573859e-05,0,challenge_10_signal_features_colab_ultra
1700,1,0.9999936,1,challenge_10_signal_features_colab_ultra
1701,1,0.9952202,1,challenge_10_signal_features_colab_ultra
1702,0,0.026201732,0,challenge_10_signal_features_colab_ultra
1703,0,4.2411877e-05,0,challenge_10_signal_features_colab_ultra
1704,0,0.00054872903,0,challenge_10_signal_features_colab_ultra
1705,1,0.99999994,1,challenge_10_signal_features_colab_ultra
1706,0,9.386096e-05,0,challenge_10_signal_features_colab_ultra
1707,0,0.71045595,1,challenge_10_signal_features_colab_ultra
1708,1,0.3605381,0,challenge_10_signal_features_colab_ultra
1709,0,0.0064808982,0,challenge_10_signal_features_colab_ultra
1710,0,0.0003224408,0,challenge_10_signal_features_colab_ultra
1711,1,0.99999934,1,challenge_10_signal_features_colab_ultra
1712,0,0.00017051824,0,challenge_10_signal_features_colab_ultra
1713,1,0.99999464,1,challenge_10_signal_features_colab_ultra
1714,1,0.95193386,1,challenge_10_signal_features_colab_ultra
1715,0,0.05517436,0,challenge_10_signal_features_colab_ultra
1716,0,4.537084e-06,0,challenge_10_signal_features_colab_ultra
1717,0,0.2621983,0,challenge_10_signal_features_colab_ultra
1718,1,0.99999285,1,challenge_10_signal_features_colab_ultra
1719,0,0.00022090678,0,challenge_10_signal_features_colab_ultra
1720,0,0.2181414,0,challenge_10_signal_features_colab_ultra
1721,0,0.010142196,0,challenge_10_signal_features_colab_ultra
1722,0,0.37398854,0,challenge_10_signal_features_colab_ultra
1723,0,0.036888473,0,challenge_10_signal_features_colab_ultra
1724,0,2.1158809e-05,0,challenge_10_signal_features_colab_ultra
1725,0,0.0013691179,0,challenge_10_signal_features_colab_ultra
1726,1,0.99999416,1,challenge_10_signal_features_colab_ultra
1727,1,0.9999863,1,challenge_10_signal_features_colab_ultra
1728,0,0.10151596,0,challenge_10_signal_features_colab_ultra
1729,1,0.9003612,1,challenge_10_signal_features_colab_ultra
1730,0,4.988641e-05,0,challenge_10_signal_features_colab_ultra
1731,1,0.8953528,1,challenge_10_signal_features_colab_ultra
1732,0,0.061988864,0,challenge_10_signal_features_colab_ultra
1733,1,0.9999887,1,challenge_10_signal_features_colab_ultra
1734,0,0.00021097499,0,challenge_10_signal_features_colab_ultra
1735,1,0.98908514,1,challenge_10_signal_features_colab_ultra
1736,0,0.0007539005,0,challenge_10_signal_features_colab_ultra
1737,1,0.9999973,1,challenge_10_signal_features_colab_ultra
1738,0,0.017225347,0,challenge_10_signal_features_colab_ultra
1739,1,0.99998724,1,challenge_10_signal_features_colab_ultra
1740,1,0.9831885,1,challenge_10_signal_features_colab_ultra
1741,0,0.0017752349,0,challenge_10_signal_features_colab_ultra
1742,1,0.99421453,1,challenge_10_signal_features_colab_ultra
1743,0,9.537431e-07,0,challenge_10_signal_features_colab_ultra
1744,1,0.99999774,1,challenge_10_signal_features_colab_ultra
1745,0,0.048121657,0,challenge_10_signal_features_colab_ultra
1746,0,2.3962015e-05,0,challenge_10_signal_features_colab_ultra
1747,0,0.00016888921,0,challenge_10_signal_features_colab_ultra
1748,0,0.069326095,0,challenge_10_signal_features_colab_ultra
1749,0,0.06891319,0,challenge_10_signal_features_colab_ultra
1750,1,0.993133,1,challenge_10_signal_features_colab_ultra
1751,1,0.9152874,1,challenge_10_signal_features_colab_ultra
1752,0,0.31797972,0,challenge_10_signal_features_colab_ultra
1753,0,0.0001517034,0,challenge_10_signal_features_colab_ultra
1754,1,0.9999926,1,challenge_10_signal_features_colab_ultra
1755,1,0.99999684,1,challenge_10_signal_features_colab_ultra
1756,1,0.9999831,1,challenge_10_signal_features_colab_ultra
1757,0,0.00031435682,0,challenge_10_signal_features_colab_ultra
1758,1,0.99681526,1,challenge_10_signal_features_colab_ultra
1759,1,0.9708164,1,challenge_10_signal_features_colab_ultra
1760,0,0.04566696,0,challenge_10_signal_features_colab_ultra
1761,0,0.0029132392,0,challenge_10_signal_features_colab_ultra
1762,1,0.9959303,1,challenge_10_signal_features_colab_ultra
1763,0,8.380998e-05,0,challenge_10_signal_features_colab_ultra
1764,1,0.9461107,1,challenge_10_signal_features_colab_ultra
1765,1,0.98284954,1,challenge_10_signal_features_colab_ultra
1766,1,0.9970745,1,challenge_10_signal_features_colab_ultra
1767,1,0.9287197,1,challenge_10_signal_features_colab_ultra
1768,0,6.838817e-05,0,challenge_10_signal_features_colab_ultra
1769,0,0.06399779,0,challenge_10_signal_features_colab_ultra
1770,0,0.0010939691,0,challenge_10_signal_features_colab_ultra
1771,0,0.37834165,0,challenge_10_signal_features_colab_ultra
1772,1,0.9965059,1,challenge_10_signal_features_colab_ultra
1773,1,0.99415565,1,challenge_10_signal_features_colab_ultra
1774,1,0.9839978,1,challenge_10_signal_features_colab_ultra
1775,0,0.001031681,0,challenge_10_signal_features_colab_ultra
1776,0,0.027711276,0,challenge_10_signal_features_colab_ultra
1777,1,0.98008263,1,challenge_10_signal_features_colab_ultra
1778,1,0.99999684,1,challenge_10_signal_features_colab_ultra
1779,0,0.0007945323,0,challenge_10_signal_features_colab_ultra
1780,1,0.9999996,1,challenge_10_signal_features_colab_ultra
1781,0,0.38523847,0,challenge_10_signal_features_colab_ultra
1782,1,0.99998814,1,challenge_10_signal_features_colab_ultra
1783,0,0.0013547124,0,challenge_10_signal_features_colab_ultra
1784,1,0.96363986,1,challenge_10_signal_features_colab_ultra
1785,0,0.0064830123,0,challenge_10_signal_features_colab_ultra
1786,1,0.8235269,1,challenge_10_signal_features_colab_ultra
1787,0,0.018529287,0,challenge_10_signal_features_colab_ultra
1788,0,0.00055767846,0,challenge_10_signal_features_colab_ultra
1789,0,0.77465755,1,challenge_10_signal_features_colab_ultra
1790,0,0.050321355,0,challenge_10_signal_features_colab_ultra
1791,1,0.994272,1,challenge_10_signal_features_colab_ultra
1792,0,0.019053487,0,challenge_10_signal_features_colab_ultra
1793,0,0.011520029,0,challenge_10_signal_features_colab_ultra
1794,1,0.9999921,1,challenge_10_signal_features_colab_ultra
1795,0,0.00099642,0,challenge_10_signal_features_colab_ultra
1796,1,0.92496717,1,challenge_10_signal_features_colab_ultra
1797,0,0.039005868,0,challenge_10_signal_features_colab_ultra
1798,1,1.0,1,challenge_10_signal_features_colab_ultra
1799,0,0.0031993676,0,challenge_10_signal_features_colab_ultra
1800,1,0.95861053,1,challenge_10_signal_features_colab_ultra
1801,1,0.95405275,1,challenge_10_signal_features_colab_ultra
1802,1,0.9916634,1,challenge_10_signal_features_colab_ultra
1803,1,0.83214515,1,challenge_10_signal_features_colab_ultra
1804,1,0.98737186,1,challenge_10_signal_features_colab_ultra
1805,1,0.39630416,0,challenge_10_signal_features_colab_ultra
1806,0,0.5321778,1,challenge_10_signal_features_colab_ultra
1807,1,0.9471138,1,challenge_10_signal_features_colab_ultra
1808,0,0.19585545,0,challenge_10_signal_features_colab_ultra
1809,0,1.7196015e-05,0,challenge_10_signal_features_colab_ultra
1810,1,0.9999857,1,challenge_10_signal_features_colab_ultra
1811,1,0.996738,1,challenge_10_signal_features_colab_ultra
1812,0,0.47256508,0,challenge_10_signal_features_colab_ultra
1813,0,0.02437576,0,challenge_10_signal_features_colab_ultra
1814,1,0.99999917,1,challenge_10_signal_features_colab_ultra
1815,1,1.0,1,challenge_10_signal_features_colab_ultra
1816,0,0.0003862145,0,challenge_10_signal_features_colab_ultra
1817,0,0.0067001935,0,challenge_10_signal_features_colab_ultra
1818,1,0.99712056,1,challenge_10_signal_features_colab_ultra
1819,1,0.9801897,1,challenge_10_signal_features_colab_ultra
1820,0,0.0067282114,0,challenge_10_signal_features_colab_ultra
1821,1,0.9999951,1,challenge_10_signal_features_colab_ultra
1822,1,0.9910155,1,challenge_10_signal_features_colab_ultra
1823,0,4.0379286e-06,0,challenge_10_signal_features_colab_ultra
1824,1,0.9941536,1,challenge_10_signal_features_colab_ultra
1825,1,0.9999975,1,challenge_10_signal_features_colab_ultra
1826,1,0.5,1,challenge_10_signal_features_colab_ultra
1827,1,0.87111574,1,challenge_10_signal_features_colab_ultra
1828,1,0.9999869,1,challenge_10_signal_features_colab_ultra
1829,1,1.0,1,challenge_10_signal_features_colab_ultra
1830,1,0.99998635,1,challenge_10_signal_features_colab_ultra
1831,1,0.99999803,1,challenge_10_signal_features_colab_ultra
1832,0,0.9193801,1,challenge_10_signal_features_colab_ultra
1833,0,0.009757438,0,challenge_10_signal_features_colab_ultra
1834,0,0.00026231274,0,challenge_10_signal_features_colab_ultra
1835,1,0.97101206,1,challenge_10_signal_features_colab_ultra
1836,0,0.21974301,0,challenge_10_signal_features_colab_ultra
1837,0,0.0058678705,0,challenge_10_signal_features_colab_ultra
1838,0,0.9151373,1,challenge_10_signal_features_colab_ultra
1839,1,0.9517883,1,challenge_10_signal_features_colab_ultra
1840,1,0.9952877,1,challenge_10_signal_features_colab_ultra
1841,0,0.1930841,0,challenge_10_signal_features_colab_ultra
1842,1,0.9969396,1,challenge_10_signal_features_colab_ultra
1843,0,7.1361537e-06,0,challenge_10_signal_features_colab_ultra
1844,0,1.7384322e-05,0,challenge_10_signal_features_colab_ultra
1845,0,1.9739904e-05,0,challenge_10_signal_features_colab_ultra
1846,0,3.6262554e-05,0,challenge_10_signal_features_colab_ultra
1847,1,0.72878504,1,challenge_10_signal_features_colab_ultra
1848,0,0.0012438665,0,challenge_10_signal_features_colab_ultra
1849,0,0.0006301194,0,challenge_10_signal_features_colab_ultra
1850,1,0.9974172,1,challenge_10_signal_features_colab_ultra
1851,1,0.9854563,1,challenge_10_signal_features_colab_ultra
1852,1,0.99999064,1,challenge_10_signal_features_colab_ultra
1853,0,0.68149024,1,challenge_10_signal_features_colab_ultra
1854,0,0.000447658,0,challenge_10_signal_features_colab_ultra
1855,1,0.99648094,1,challenge_10_signal_features_colab_ultra
1856,1,0.9964638,1,challenge_10_signal_features_colab_ultra
1857,1,0.99999374,1,challenge_10_signal_features_colab_ultra
1858,0,0.0022261504,0,challenge_10_signal_features_colab_ultra
1859,0,0.0026014224,0,challenge_10_signal_features_colab_ultra
1860,0,0.05954215,0,challenge_10_signal_features_colab_ultra
1861,1,0.9999994,1,challenge_10_signal_features_colab_ultra
1862,1,0.9632707,1,challenge_10_signal_features_colab_ultra
1863,0,0.00016748048,0,challenge_10_signal_features_colab_ultra
1864,0,0.00549918,0,challenge_10_signal_features_colab_ultra
1865,1,0.6477429,1,challenge_10_signal_features_colab_ultra
1866,1,0.99336046,1,challenge_10_signal_features_colab_ultra
1867,0,0.1734762,0,challenge_10_signal_features_colab_ultra
1868,0,0.02624655,0,challenge_10_signal_features_colab_ultra
1869,0,0.0016561964,0,challenge_10_signal_features_colab_ultra
1870,0,0.8119667,1,challenge_10_signal_features_colab_ultra
1871,1,0.70571595,1,challenge_10_signal_features_colab_ultra
1872,1,0.99999,1,challenge_10_signal_features_colab_ultra
1873,0,0.00036954987,0,challenge_10_signal_features_colab_ultra
1874,0,0.15925086,0,challenge_10_signal_features_colab_ultra
1875,0,0.00021449821,0,challenge_10_signal_features_colab_ultra
1876,1,0.95296234,1,challenge_10_signal_features_colab_ultra
1877,1,0.98444974,1,challenge_10_signal_features_colab_ultra
1878,1,0.9999903,1,challenge_10_signal_features_colab_ultra
1879,1,0.9905849,1,challenge_10_signal_features_colab_ultra
1880,1,0.98371994,1,challenge_10_signal_features_colab_ultra
1881,1,0.99558747,1,challenge_10_signal_features_colab_ultra
1882,0,1.1397548e-05,0,challenge_10_signal_features_colab_ultra
1883,1,0.92671716,1,challenge_10_signal_features_colab_ultra
1884,0,0.0017151338,0,challenge_10_signal_features_colab_ultra
1885,1,0.9999821,1,challenge_10_signal_features_colab_ultra
1886,1,0.99468035,1,challenge_10_signal_features_colab_ultra
1887,0,0.0052565457,0,challenge_10_signal_features_colab_ultra
1888,0,0.00016444341,0,challenge_10_signal_features_colab_ultra
1889,0,9.884228e-06,0,challenge_10_signal_features_colab_ultra
1890,1,0.99999845,1,challenge_10_signal_features_colab_ultra
1891,1,0.86927456,1,challenge_10_signal_features_colab_ultra
1892,0,0.0018312075,0,challenge_10_signal_features_colab_ultra
1893,1,0.9248845,1,challenge_10_signal_features_colab_ultra
1894,1,0.9999985,1,challenge_10_signal_features_colab_ultra
1895,1,0.99387455,1,challenge_10_signal_features_colab_ultra
1896,0,0.0021338172,0,challenge_10_signal_features_colab_ultra
1897,0,0.001842886,0,challenge_10_signal_features_colab_ultra
1898,1,0.0074041504,0,challenge_10_signal_features_colab_ultra
1899,0,0.1147011,0,challenge_10_signal_features_colab_ultra
1900,0,0.011644492,0,challenge_10_signal_features_colab_ultra
1901,0,0.0025216362,0,challenge_10_signal_features_colab_ultra
1902,1,0.8602473,1,challenge_10_signal_features_colab_ultra
1903,1,0.7293715,1,challenge_10_signal_features_colab_ultra
1904,0,0.05666375,0,challenge_10_signal_features_colab_ultra
1905,0,0.0007946166,0,challenge_10_signal_features_colab_ultra
1906,1,0.97564507,1,challenge_10_signal_features_colab_ultra
1907,0,0.0063995775,0,challenge_10_signal_features_colab_ultra
1908,1,0.81602067,1,challenge_10_signal_features_colab_ultra
1909,0,0.0225285,0,challenge_10_signal_features_colab_ultra
1910,1,0.9877585,1,challenge_10_signal_features_colab_ultra
1911,1,0.9845833,1,challenge_10_signal_features_colab_ultra
1912,0,0.0056911786,0,challenge_10_signal_features_colab_ultra
1913,0,0.0004847915,0,challenge_10_signal_features_colab_ultra
1914,1,0.9999974,1,challenge_10_signal_features_colab_ultra
1915,0,0.10888258,0,challenge_10_signal_features_colab_ultra
1916,1,0.9736956,1,challenge_10_signal_features_colab_ultra
1917,0,0.0009576883,0,challenge_10_signal_features_colab_ultra
1918,0,0.00081515673,0,challenge_10_signal_features_colab_ultra
1919,1,0.9999988,1,challenge_10_signal_features_colab_ultra
1920,1,0.9999966,1,challenge_10_signal_features_colab_ultra
1921,0,0.015558755,0,challenge_10_signal_features_colab_ultra
1922,0,0.0005060048,0,challenge_10_signal_features_colab_ultra
1923,1,0.99999976,1,challenge_10_signal_features_colab_ultra
1924,0,0.3626907,0,challenge_10_signal_features_colab_ultra
1925,1,0.98964095,1,challenge_10_signal_features_colab_ultra
1926,1,0.98375326,1,challenge_10_signal_features_colab_ultra
1927,1,0.9885982,1,challenge_10_signal_features_colab_ultra
1928,0,0.00012659542,0,challenge_10_signal_features_colab_ultra
1929,0,0.0046386914,0,challenge_10_signal_features_colab_ultra
1930,0,6.652309e-05,0,challenge_10_signal_features_colab_ultra
1931,1,0.93304455,1,challenge_10_signal_features_colab_ultra
1932,0,0.0002828142,0,challenge_10_signal_features_colab_ultra
1933,0,0.20761907,0,challenge_10_signal_features_colab_ultra
1934,1,0.9973531,1,challenge_10_signal_features_colab_ultra
1935,0,0.00929772,0,challenge_10_signal_features_colab_ultra
1936,1,0.9999914,1,challenge_10_signal_features_colab_ultra
1937,0,0.04923802,0,challenge_10_signal_features_colab_ultra
1938,1,0.9003203,1,challenge_10_signal_features_colab_ultra
1939,1,0.9738638,1,challenge_10_signal_features_colab_ultra
1940,1,0.99998987,1,challenge_10_signal_features_colab_ultra
1941,1,0.9906127,1,challenge_10_signal_features_colab_ultra
1942,1,0.99366087,1,challenge_10_signal_features_colab_ultra
1943,0,0.020291705,0,challenge_10_signal_features_colab_ultra
1944,0,0.023456667,0,challenge_10_signal_features_colab_ultra
1945,1,0.9791511,1,challenge_10_signal_features_colab_ultra
1946,0,0.002183491,0,challenge_10_signal_features_colab_ultra
1947,0,0.0012038797,0,challenge_10_signal_features_colab_ultra
1948,0,0.062111255,0,challenge_10_signal_features_colab_ultra
1949,0,0.021586215,0,challenge_10_signal_features_colab_ultra
1950,0,0.0072415993,0,challenge_10_signal_features_colab_ultra
1951,1,0.99402326,1,challenge_10_signal_features_colab_ultra
1952,0,0.00450203,0,challenge_10_signal_features_colab_ultra
1953,1,0.8520657,1,challenge_10_signal_features_colab_ultra
1954,1,0.99730444,1,challenge_10_signal_features_colab_ultra
1955,0,0.0013885809,0,challenge_10_signal_features_colab_ultra
1956,1,0.94570124,1,challenge_10_signal_features_colab_ultra
1957,1,0.986972,1,challenge_10_signal_features_colab_ultra
1958,0,8.009779e-07,0,challenge_10_signal_features_colab_ultra
1959,1,0.9744265,1,challenge_10_signal_features_colab_ultra
1960,0,0.011009282,0,challenge_10_signal_features_colab_ultra
1961,1,0.9944764,1,challenge_10_signal_features_colab_ultra
1962,1,0.9999993,1,challenge_10_signal_features_colab_ultra
1963,1,0.9999945,1,challenge_10_signal_features_colab_ultra
1964,0,6.819343e-05,0,challenge_10_signal_features_colab_ultra
1965,1,0.96154237,1,challenge_10_signal_features_colab_ultra
1966,1,0.931036,1,challenge_10_signal_features_colab_ultra
1967,1,0.93886256,1,challenge_10_signal_features_colab_ultra
1968,1,0.9699929,1,challenge_10_signal_features_colab_ultra
1969,1,0.93937963,1,challenge_10_signal_features_colab_ultra
1970,0,0.66613775,1,challenge_10_signal_features_colab_ultra
1971,0,0.2476651,0,challenge_10_signal_features_colab_ultra
1972,1,0.9275947,1,challenge_10_signal_features_colab_ultra
1973,1,0.94784003,1,challenge_10_signal_features_colab_ultra
1974,0,2.4828173e-06,0,challenge_10_signal_features_colab_ultra
1975,0,9.482477e-06,0,challenge_10_signal_features_colab_ultra
1976,0,0.001971277,0,challenge_10_signal_features_colab_ultra
1977,0,0.0738832,0,challenge_10_signal_features_colab_ultra
1978,1,0.1340193,0,challenge_10_signal_features_colab_ultra
1979,1,0.86240256,1,challenge_10_signal_features_colab_ultra
1980,1,0.13166773,0,challenge_10_signal_features_colab_ultra
1981,0,0.20881286,0,challenge_10_signal_features_colab_ultra
1982,0,0.00212203,0,challenge_10_signal_features_colab_ultra
1983,1,0.98895955,1,challenge_10_signal_features_colab_ultra
1984,1,0.8752309,1,challenge_10_signal_features_colab_ultra
1985,1,0.7029198,1,challenge_10_signal_features_colab_ultra
1986,1,0.853763,1,challenge_10_signal_features_colab_ultra
1987,1,0.99133724,1,challenge_10_signal_features_colab_ultra
1988,1,0.9999846,1,challenge_10_signal_features_colab_ultra
1989,1,0.97290725,1,challenge_10_signal_features_colab_ultra
1990,0,0.0059116078,0,challenge_10_signal_features_colab_ultra
1991,1,0.58816195,1,challenge_10_signal_features_colab_ultra
1992,0,1.4868891e-07,0,challenge_10_signal_features_colab_ultra
1993,0,0.27308115,0,challenge_10_signal_features_colab_ultra
1994,0,0.008841121,0,challenge_10_signal_features_colab_ultra
1995,1,0.9723803,1,challenge_10_signal_features_colab_ultra
1996,0,4.412043e-06,0,challenge_10_signal_features_colab_ultra
1997,0,0.7328225,1,challenge_10_signal_features_colab_ultra
1998,0,0.00047483388,0,challenge_10_signal_features_colab_ultra
1999,1,0.9960972,1,challenge_10_signal_features_colab_ultra
2000,0,0.20220624,0,challenge_10_signal_features_colab_ultra
2001,1,0.9966967,1,challenge_10_signal_features_colab_ultra
2002,0,0.0029986494,0,challenge_10_signal_features_colab_ultra
2003,1,0.9711021,1,challenge_10_signal_features_colab_ultra
2004,0,0.0008412849,0,challenge_10_signal_features_colab_ultra
2005,0,0.00082426635,0,challenge_10_signal_features_colab_ultra
2006,0,0.0037334145,0,challenge_10_signal_features_colab_ultra
2007,1,0.9909628,1,challenge_10_signal_features_colab_ultra
2008,1,0.99999976,1,challenge_10_signal_features_colab_ultra
2009,0,0.22811694,0,challenge_10_signal_features_colab_ultra
2010,0,0.21176212,0,challenge_10_signal_features_colab_ultra
2011,1,0.9918453,1,challenge_10_signal_features_colab_ultra
2012,1,0.7871054,1,challenge_10_signal_features_colab_ultra
2013,1,0.9999939,1,challenge_10_signal_features_colab_ultra
2014,1,0.9808526,1,challenge_10_signal_features_colab_ultra
2015,1,0.974575,1,challenge_10_signal_features_colab_ultra
2016,0,6.1869454e-05,0,challenge_10_signal_features_colab_ultra
2017,0,0.033652235,0,challenge_10_signal_features_colab_ultra
2018,1,0.4812108,0,challenge_10_signal_features_colab_ultra
2019,1,0.99053586,1,challenge_10_signal_features_colab_ultra
2020,0,0.079501316,0,challenge_10_signal_features_colab_ultra
2021,1,0.9842044,1,challenge_10_signal_features_colab_ultra
2022,1,0.7817796,1,challenge_10_signal_features_colab_ultra
2023,1,0.9715075,1,challenge_10_signal_features_colab_ultra
2024,0,0.006259064,0,challenge_10_signal_features_colab_ultra
2025,1,0.9961717,1,challenge_10_signal_features_colab_ultra
2026,1,0.9999949,1,challenge_10_signal_features_colab_ultra
2027,0,0.051275913,0,challenge_10_signal_features_colab_ultra
2028,1,0.9893144,1,challenge_10_signal_features_colab_ultra
2029,0,0.00081997144,0,challenge_10_signal_features_colab_ultra
2030,0,8.642174e-06,0,challenge_10_signal_features_colab_ultra
2031,1,0.99999845,1,challenge_10_signal_features_colab_ultra
2032,1,0.99999726,1,challenge_10_signal_features_colab_ultra
2033,0,0.19368397,0,challenge_10_signal_features_colab_ultra
2034,1,0.95981747,1,challenge_10_signal_features_colab_ultra
2035,0,0.010914802,0,challenge_10_signal_features_colab_ultra
2036,0,0.2015058,0,challenge_10_signal_features_colab_ultra
2037,1,0.8429235,1,challenge_10_signal_features_colab_ultra
2038,1,0.99999934,1,challenge_10_signal_features_colab_ultra
2039,0,0.054017566,0,challenge_10_signal_features_colab_ultra
2040,0,0.01997064,0,challenge_10_signal_features_colab_ultra
2041,1,0.99999994,1,challenge_10_signal_features_colab_ultra
2042,1,0.9784236,1,challenge_10_signal_features_colab_ultra
2043,0,0.17301106,0,challenge_10_signal_features_colab_ultra
2044,1,0.9937816,1,challenge_10_signal_features_colab_ultra
2045,1,0.9861503,1,challenge_10_signal_features_colab_ultra
2046,1,0.9999994,1,challenge_10_signal_features_colab_ultra
2047,1,0.8504082,1,challenge_10_signal_features_colab_ultra
2048,0,0.00028384873,0,challenge_10_signal_features_colab_ultra
2049,1,0.9999967,1,challenge_10_signal_features_colab_ultra
2050,1,0.9935788,1,challenge_10_signal_features_colab_ultra
2051,0,0.31327975,0,challenge_10_signal_features_colab_ultra
2052,0,1.0473372e-06,0,challenge_10_signal_features_colab_ultra
2053,0,0.0003469911,0,challenge_10_signal_features_colab_ultra
2054,1,0.98381084,1,challenge_10_signal_features_colab_ultra
2055,1,0.99734807,1,challenge_10_signal_features_colab_ultra
2056,1,0.59225154,1,challenge_10_signal_features_colab_ultra
2057,0,0.00029960726,0,challenge_10_signal_features_colab_ultra
2058,1,0.99710774,1,challenge_10_signal_features_colab_ultra
2059,1,0.68067724,1,challenge_10_signal_features_colab_ultra
2060,0,0.12910633,0,challenge_10_signal_features_colab_ultra
2061,0,3.4495258e-07,0,challenge_10_signal_features_colab_ultra
2062,0,0.019592004,0,challenge_10_signal_features_colab_ultra
2063,1,0.9999999,1,challenge_10_signal_features_colab_ultra
2064,1,0.91928875,1,challenge_10_signal_features_colab_ultra
2065,0,0.9236183,1,challenge_10_signal_features_colab_ultra
2066,0,0.01077693,0,challenge_10_signal_features_colab_ultra
2067,1,0.9670242,1,challenge_10_signal_features_colab_ultra
2068,1,0.2263365,0,challenge_10_signal_features_colab_ultra
2069,1,0.9911973,1,challenge_10_signal_features_colab_ultra
2070,0,2.9543415e-05,0,challenge_10_signal_features_colab_ultra
2071,1,0.60967684,1,challenge_10_signal_features_colab_ultra
2072,1,0.9999991,1,challenge_10_signal_features_colab_ultra
2073,1,0.9999984,1,challenge_10_signal_features_colab_ultra
2074,1,0.99999803,1,challenge_10_signal_features_colab_ultra
2075,0,0.012180331,0,challenge_10_signal_features_colab_ultra
2076,1,0.9877726,1,challenge_10_signal_features_colab_ultra
2077,1,0.9999817,1,challenge_10_signal_features_colab_ultra
2078,1,0.77468646,1,challenge_10_signal_features_colab_ultra
2079,0,0.011281971,0,challenge_10_signal_features_colab_ultra
2080,0,0.038343176,0,challenge_10_signal_features_colab_ultra
2081,0,0.010904303,0,challenge_10_signal_features_colab_ultra
2082,1,0.8590817,1,challenge_10_signal_features_colab_ultra
2083,1,0.9755465,1,challenge_10_signal_features_colab_ultra
2084,0,0.90155447,1,challenge_10_signal_features_colab_ultra
2085,0,0.00032391562,0,challenge_10_signal_features_colab_ultra
2086,0,0.026464742,0,challenge_10_signal_features_colab_ultra
2087,0,0.0059845974,0,challenge_10_signal_features_colab_ultra
2088,1,0.9891559,1,challenge_10_signal_features_colab_ultra
2089,1,0.97120506,1,challenge_10_signal_features_colab_ultra
2090,1,0.93741554,1,challenge_10_signal_features_colab_ultra
2091,0,0.10284997,0,challenge_10_signal_features_colab_ultra
2092,1,0.9999992,1,challenge_10_signal_features_colab_ultra
2093,1,0.9793972,1,challenge_10_signal_features_colab_ultra
2094,0,3.0964445e-06,0,challenge_10_signal_features_colab_ultra
2095,0,0.004024726,0,challenge_10_signal_features_colab_ultra
2096,1,0.8659346,1,challenge_10_signal_features_colab_ultra
2097,0,0.00014588144,0,challenge_10_signal_features_colab_ultra
2098,0,0.17639261,0,challenge_10_signal_features_colab_ultra
2099,1,0.9999914,1,challenge_10_signal_features_colab_ultra
2100,1,0.99999976,1,challenge_10_signal_features_colab_ultra
2101,1,0.99515676,1,challenge_10_signal_features_colab_ultra
2102,1,0.99718666,1,challenge_10_signal_features_colab_ultra
2103,0,0.0003403743,0,challenge_10_signal_features_colab_ultra
2104,0,0.015855817,0,challenge_10_signal_features_colab_ultra
2105,1,0.9923029,1,challenge_10_signal_features_colab_ultra
2106,1,0.97543234,1,challenge_10_signal_features_colab_ultra
2107,1,0.999998,1,challenge_10_signal_features_colab_ultra
2108,0,0.059782453,0,challenge_10_signal_features_colab_ultra
2109,1,0.9375295,1,challenge_10_signal_features_colab_ultra
2110,0,0.0619157,0,challenge_10_signal_features_colab_ultra
2111,0,0.037508417,0,challenge_10_signal_features_colab_ultra
2112,0,0.21056226,0,challenge_10_signal_features_colab_ultra
2113,1,0.9954392,1,challenge_10_signal_features_colab_ultra
2114,0,5.571754e-05,0,challenge_10_signal_features_colab_ultra
2115,1,0.97883755,1,challenge_10_signal_features_colab_ultra
2116,0,0.003093341,0,challenge_10_signal_features_colab_ultra
2117,1,0.99999994,1,challenge_10_signal_features_colab_ultra
2118,1,0.98069906,1,challenge_10_signal_features_colab_ultra
2119,0,2.9899162e-05,0,challenge_10_signal_features_colab_ultra
2120,0,0.12891933,0,challenge_10_signal_features_colab_ultra
2121,0,0.0008973472,0,challenge_10_signal_features_colab_ultra
2122,0,2.6709902e-06,0,challenge_10_signal_features_colab_ultra
2123,1,0.9906849,1,challenge_10_signal_features_colab_ultra
2124,1,0.997194,1,challenge_10_signal_features_colab_ultra
2125,0,0.004001384,0,challenge_10_signal_features_colab_ultra
2126,1,0.9999993,1,challenge_10_signal_features_colab_ultra
2127,1,0.93356603,1,challenge_10_signal_features_colab_ultra
2128,0,0.97127277,1,challenge_10_signal_features_colab_ultra
2129,0,0.08861377,0,challenge_10_signal_features_colab_ultra
2130,0,0.0002702307,0,challenge_10_signal_features_colab_ultra
2131,0,0.09045276,0,challenge_10_signal_features_colab_ultra
2132,1,0.9999999,1,challenge_10_signal_features_colab_ultra
2133,1,0.9540235,1,challenge_10_signal_features_colab_ultra
2134,0,0.13967304,0,challenge_10_signal_features_colab_ultra
2135,0,0.0034190568,0,challenge_10_signal_features_colab_ultra
2136,0,0.017574094,0,challenge_10_signal_features_colab_ultra
2137,0,0.08403712,0,challenge_10_signal_features_colab_ultra
2138,0,0.093931034,0,challenge_10_signal_features_colab_ultra
2139,0,0.0016295105,0,challenge_10_signal_features_colab_ultra
2140,0,0.00053178053,0,challenge_10_signal_features_colab_ultra
2141,1,0.91396374,1,challenge_10_signal_features_colab_ultra
2142,0,0.00013496046,0,challenge_10_signal_features_colab_ultra
2143,0,7.575506e-05,0,challenge_10_signal_features_colab_ultra
2144,1,0.8974411,1,challenge_10_signal_features_colab_ultra
2145,0,0.0063600056,0,challenge_10_signal_features_colab_ultra
2146,1,0.66006,1,challenge_10_signal_features_colab_ultra
2147,0,6.7427114e-05,0,challenge_10_signal_features_colab_ultra
2148,0,0.046131987,0,challenge_10_signal_features_colab_ultra
2149,1,0.8070404,1,challenge_10_signal_features_colab_ultra
2150,0,0.0071363826,0,challenge_10_signal_features_colab_ultra
2151,1,0.9243202,1,challenge_10_signal_features_colab_ultra
2152,0,0.28931323,0,challenge_10_signal_features_colab_ultra
2153,1,0.51088995,1,challenge_10_signal_features_colab_ultra
2154,0,0.009019685,0,challenge_10_signal_features_colab_ultra
2155,0,0.39631167,0,challenge_10_signal_features_colab_ultra
2156,0,0.034804694,0,challenge_10_signal_features_colab_ultra
2157,1,1.0,1,challenge_10_signal_features_colab_ultra
2158,0,0.00021007861,0,challenge_10_signal_features_colab_ultra
2159,0,5.507576e-05,0,challenge_10_signal_features_colab_ultra
2160,1,0.99999577,1,challenge_10_signal_features_colab_ultra
2161,1,0.87023026,1,challenge_10_signal_features_colab_ultra
2162,1,0.37862933,0,challenge_10_signal_features_colab_ultra
2163,0,0.0003539469,0,challenge_10_signal_features_colab_ultra
2164,0,2.1804515e-05,0,challenge_10_signal_features_colab_ultra
2165,0,0.079419576,0,challenge_10_signal_features_colab_ultra
2166,0,0.037166364,0,challenge_10_signal_features_colab_ultra
2167,0,8.976401e-05,0,challenge_10_signal_features_colab_ultra
2168,0,0.017334606,0,challenge_10_signal_features_colab_ultra
2169,0,0.0011054517,0,challenge_10_signal_features_colab_ultra
2170,0,0.060541194,0,challenge_10_signal_features_colab_ultra
2171,0,0.002321115,0,challenge_10_signal_features_colab_ultra
2172,0,0.035628397,0,challenge_10_signal_features_colab_ultra
2173,0,0.03017093,0,challenge_10_signal_features_colab_ultra
2174,0,0.35843763,0,challenge_10_signal_features_colab_ultra
2175,1,0.94659615,1,challenge_10_signal_features_colab_ultra
2176,0,0.0003740242,0,challenge_10_signal_features_colab_ultra
2177,1,0.9963419,1,challenge_10_signal_features_colab_ultra
2178,1,0.99655443,1,challenge_10_signal_features_colab_ultra
2179,1,0.98543686,1,challenge_10_signal_features_colab_ultra
2180,0,0.03424709,0,challenge_10_signal_features_colab_ultra
2181,1,0.996359,1,challenge_10_signal_features_colab_ultra
2182,1,0.99999785,1,challenge_10_signal_features_colab_ultra
2183,1,0.9999974,1,challenge_10_signal_features_colab_ultra
2184,0,0.16096182,0,challenge_10_signal_features_colab_ultra
2185,1,0.9557843,1,challenge_10_signal_features_colab_ultra
2186,1,0.9999978,1,challenge_10_signal_features_colab_ultra
2187,0,0.0021337129,0,challenge_10_signal_features_colab_ultra
2188,0,0.57281554,1,challenge_10_signal_features_colab_ultra
2189,0,0.0012341267,0,challenge_10_signal_features_colab_ultra
2190,1,0.7756847,1,challenge_10_signal_features_colab_ultra
2191,1,0.98277825,1,challenge_10_signal_features_colab_ultra
2192,1,0.9170917,1,challenge_10_signal_features_colab_ultra
2193,0,0.003116873,0,challenge_10_signal_features_colab_ultra
2194,1,0.96633357,1,challenge_10_signal_features_colab_ultra
2195,0,0.00041423368,0,challenge_10_signal_features_colab_ultra
2196,0,0.02039982,0,challenge_10_signal_features_colab_ultra
2197,1,0.91330063,1,challenge_10_signal_features_colab_ultra
2198,1,0.9904445,1,challenge_10_signal_features_colab_ultra
2199,1,0.9918465,1,challenge_10_signal_features_colab_ultra
2200,0,0.11694537,0,challenge_10_signal_features_colab_ultra
2201,0,0.035563737,0,challenge_10_signal_features_colab_ultra
2202,0,0.000833801,0,challenge_10_signal_features_colab_ultra
2203,0,0.008994986,0,challenge_10_signal_features_colab_ultra
2204,0,0.0006984942,0,challenge_10_signal_features_colab_ultra
2205,0,0.58845514,1,challenge_10_signal_features_colab_ultra
2206,0,0.0046539735,0,challenge_10_signal_features_colab_ultra
2207,0,0.10873212,0,challenge_10_signal_features_colab_ultra
2208,0,0.0016936676,0,challenge_10_signal_features_colab_ultra
2209,0,0.0006244163,0,challenge_10_signal_features_colab_ultra
2210,1,0.9862432,1,challenge_10_signal_features_colab_ultra
2211,0,0.1652726,0,challenge_10_signal_features_colab_ultra
2212,0,0.008136337,0,challenge_10_signal_features_colab_ultra
2213,1,0.9882717,1,challenge_10_signal_features_colab_ultra
2214,0,0.016531507,0,challenge_10_signal_features_colab_ultra
2215,0,4.373822e-07,0,challenge_10_signal_features_colab_ultra
2216,0,0.0006670136,0,challenge_10_signal_features_colab_ultra
2217,1,0.9562293,1,challenge_10_signal_features_colab_ultra
2218,1,0.96465075,1,challenge_10_signal_features_colab_ultra
2219,1,0.99423844,1,challenge_10_signal_features_colab_ultra
2220,1,0.71265334,1,challenge_10_signal_features_colab_ultra
2221,0,0.16240898,0,challenge_10_signal_features_colab_ultra
2222,0,0.21296908,0,challenge_10_signal_features_colab_ultra
2223,1,0.99206203,1,challenge_10_signal_features_colab_ultra
2224,0,0.0047687385,0,challenge_10_signal_features_colab_ultra
2225,0,3.734321e-06,0,challenge_10_signal_features_colab_ultra
2226,0,0.38418362,0,challenge_10_signal_features_colab_ultra
2227,0,0.05494134,0,challenge_10_signal_features_colab_ultra
2228,1,0.9932299,1,challenge_10_signal_features_colab_ultra
2229,1,0.9999999,1,challenge_10_signal_features_colab_ultra
2230,1,0.94971514,1,challenge_10_signal_features_colab_ultra
2231,1,0.9999902,1,challenge_10_signal_features_colab_ultra
2232,0,0.18421471,0,challenge_10_signal_features_colab_ultra
2233,0,9.274789e-06,0,challenge_10_signal_features_colab_ultra
2234,0,0.0006021858,0,challenge_10_signal_features_colab_ultra
2235,1,0.9909821,1,challenge_10_signal_features_colab_ultra
2236,1,0.92599016,1,challenge_10_signal_features_colab_ultra
2237,1,0.89519495,1,challenge_10_signal_features_colab_ultra
2238,0,0.08630075,0,challenge_10_signal_features_colab_ultra
2239,0,0.93213105,1,challenge_10_signal_features_colab_ultra
2240,0,0.030914703,0,challenge_10_signal_features_colab_ultra
2241,1,0.74439067,1,challenge_10_signal_features_colab_ultra
2242,0,0.2318492,0,challenge_10_signal_features_colab_ultra
2243,0,0.00786162,0,challenge_10_signal_features_colab_ultra
2244,1,0.99598753,1,challenge_10_signal_features_colab_ultra
2245,0,0.02204267,0,challenge_10_signal_features_colab_ultra
2246,0,0.17355579,0,challenge_10_signal_features_colab_ultra
2247,0,0.011336222,0,challenge_10_signal_features_colab_ultra
2248,1,0.9928521,1,challenge_10_signal_features_colab_ultra
2249,0,0.1077346,0,challenge_10_signal_features_colab_ultra
2250,0,1.0000001e-07,0,challenge_10_signal_features_colab_ultra
2251,1,0.9928539,1,challenge_10_signal_features_colab_ultra
2252,1,0.99041885,1,challenge_10_signal_features_colab_ultra
2253,1,0.999998,1,challenge_10_signal_features_colab_ultra
2254,0,0.0009585923,0,challenge_10_signal_features_colab_ultra
2255,1,0.13716702,0,challenge_10_signal_features_colab_ultra
2256,0,0.007883291,0,challenge_10_signal_features_colab_ultra
2257,0,0.0016377702,0,challenge_10_signal_features_colab_ultra
2258,0,6.166669e-06,0,challenge_10_signal_features_colab_ultra
2259,1,0.9689515,1,challenge_10_signal_features_colab_ultra
2260,1,0.99661684,1,challenge_10_signal_features_colab_ultra
2261,0,0.0029073104,0,challenge_10_signal_features_colab_ultra
2262,0,0.0021114992,0,challenge_10_signal_features_colab_ultra
2263,0,0.19308494,0,challenge_10_signal_features_colab_ultra
2264,1,0.99999785,1,challenge_10_signal_features_colab_ultra
2265,0,0.04202386,0,challenge_10_signal_features_colab_ultra
2266,0,0.112324014,0,challenge_10_signal_features_colab_ultra
2267,1,0.05082483,0,challenge_10_signal_features_colab_ultra
2268,0,0.0042539514,0,challenge_10_signal_features_colab_ultra
2269,1,0.82337976,1,challenge_10_signal_features_colab_ultra
2270,0,0.0016587402,0,challenge_10_signal_features_colab_ultra
2271,1,0.999994,1,challenge_10_signal_features_colab_ultra
2272,0,0.0018763655,0,challenge_10_signal_features_colab_ultra
2273,1,0.99704766,1,challenge_10_signal_features_colab_ultra
2274,1,0.9929335,1,challenge_10_signal_features_colab_ultra
2275,1,0.938006,1,challenge_10_signal_features_colab_ultra
2276,0,0.0167925,0,challenge_10_signal_features_colab_ultra
2277,0,8.0639177e-07,0,challenge_10_signal_features_colab_ultra
2278,0,0.00019220318,0,challenge_10_signal_features_colab_ultra
2279,0,0.00011671518,0,challenge_10_signal_features_colab_ultra
2280,0,0.054490764,0,challenge_10_signal_features_colab_ultra
2281,1,0.8987055,1,challenge_10_signal_features_colab_ultra
2282,1,0.9756389,1,challenge_10_signal_features_colab_ultra
2283,1,0.98985845,1,challenge_10_signal_features_colab_ultra
2284,1,0.67930526,1,challenge_10_signal_features_colab_ultra
2285,1,0.9746436,1,challenge_10_signal_features_colab_ultra
2286,0,0.0021204618,0,challenge_10_signal_features_colab_ultra
2287,0,1.0228821e-06,0,challenge_10_signal_features_colab_ultra
2288,1,0.9999992,1,challenge_10_signal_features_colab_ultra
2289,0,0.0036307038,0,challenge_10_signal_features_colab_ultra
2290,1,0.9934716,1,challenge_10_signal_features_colab_ultra
2291,0,0.9515256,1,challenge_10_signal_features_colab_ultra
2292,0,3.7267469e-06,0,challenge_10_signal_features_colab_ultra
2293,0,0.046390552,0,challenge_10_signal_features_colab_ultra
2294,1,0.99604523,1,challenge_10_signal_features_colab_ultra
2295,0,0.000706027,0,challenge_10_signal_features_colab_ultra
2296,1,0.963998,1,challenge_10_signal_features_colab_ultra
2297,1,0.9947519,1,challenge_10_signal_features_colab_ultra
2298,0,0.00023659243,0,challenge_10_signal_features_colab_ultra
2299,1,0.9999992,1,challenge_10_signal_features_colab_ultra
2300,0,0.0033582377,0,challenge_10_signal_features_colab_ultra
2301,1,0.99578995,1,challenge_10_signal_features_colab_ultra
2302,1,0.97597134,1,challenge_10_signal_features_colab_ultra
2303,1,0.7141521,1,challenge_10_signal_features_colab_ultra
2304,0,3.9556444e-06,0,challenge_10_signal_features_colab_ultra
2305,0,0.16125675,0,challenge_10_signal_features_colab_ultra
2306,0,5.7674213e-05,0,challenge_10_signal_features_colab_ultra
2307,0,0.00029328468,0,challenge_10_signal_features_colab_ultra
2308,0,0.012130304,0,challenge_10_signal_features_colab_ultra
2309,0,0.042493943,0,challenge_10_signal_features_colab_ultra
2310,1,0.97868556,1,challenge_10_signal_features_colab_ultra
2311,1,0.9682114,1,challenge_10_signal_features_colab_ultra
2312,0,0.0062995115,0,challenge_10_signal_features_colab_ultra
2313,0,0.007807235,0,challenge_10_signal_features_colab_ultra
2314,1,1.0,1,challenge_10_signal_features_colab_ultra
2315,1,0.9999999,1,challenge_10_signal_features_colab_ultra
2316,0,0.0053820284,0,challenge_10_signal_features_colab_ultra
2317,1,0.99999154,1,challenge_10_signal_features_colab_ultra
2318,0,0.013265591,0,challenge_10_signal_features_colab_ultra
2319,1,0.97747046,1,challenge_10_signal_features_colab_ultra
2320,1,0.82845443,1,challenge_10_signal_features_colab_ultra
2321,0,0.47686833,0,challenge_10_signal_features_colab_ultra
2322,1,0.99472255,1,challenge_10_signal_features_colab_ultra
2323,1,0.9658267,1,challenge_10_signal_features_colab_ultra
2324,1,0.9773543,1,challenge_10_signal_features_colab_ultra
2325,1,0.7253591,1,challenge_10_signal_features_colab_ultra
2326,1,0.99999803,1,challenge_10_signal_features_colab_ultra
2327,1,0.9887186,1,challenge_10_signal_features_colab_ultra
2328,0,0.0020853833,0,challenge_10_signal_features_colab_ultra
2329,1,0.98982614,1,challenge_10_signal_features_colab_ultra
2330,1,0.99999994,1,challenge_10_signal_features_colab_ultra
2331,0,0.00047378993,0,challenge_10_signal_features_colab_ultra
2332,0,0.31430298,0,challenge_10_signal_features_colab_ultra
2333,0,0.014364322,0,challenge_10_signal_features_colab_ultra
2334,1,0.99999285,1,challenge_10_signal_features_colab_ultra
2335,0,0.04982931,0,challenge_10_signal_features_colab_ultra
2336,1,0.9798296,1,challenge_10_signal_features_colab_ultra
2337,1,0.3356311,0,challenge_10_signal_features_colab_ultra
2338,1,0.9504808,1,challenge_10_signal_features_colab_ultra
2339,0,0.4816863,0,challenge_10_signal_features_colab_ultra
2340,0,0.023260884,0,challenge_10_signal_features_colab_ultra
2341,0,0.00018881883,0,challenge_10_signal_features_colab_ultra
2342,1,0.7924646,1,challenge_10_signal_features_colab_ultra
2343,1,0.43539956,0,challenge_10_signal_features_colab_ultra
2344,1,0.99551743,1,challenge_10_signal_features_colab_ultra
2345,0,0.37350947,0,challenge_10_signal_features_colab_ultra
2346,0,0.012366839,0,challenge_10_signal_features_colab_ultra
2347,1,0.9999852,1,challenge_10_signal_features_colab_ultra
2348,1,0.9999998,1,challenge_10_signal_features_colab_ultra
2349,1,0.9900663,1,challenge_10_signal_features_colab_ultra
2350,1,0.99317384,1,challenge_10_signal_features_colab_ultra
2351,1,0.8125841,1,challenge_10_signal_features_colab_ultra
2352,1,0.9969495,1,challenge_10_signal_features_colab_ultra
2353,0,0.030530412,0,challenge_10_signal_features_colab_ultra
2354,1,0.9927826,1,challenge_10_signal_features_colab_ultra
2355,0,7.585595e-05,0,challenge_10_signal_features_colab_ultra
2356,1,0.9999997,1,challenge_10_signal_features_colab_ultra
2357,1,0.9662422,1,challenge_10_signal_features_colab_ultra
2358,1,0.9972603,1,challenge_10_signal_features_colab_ultra
2359,0,0.030554436,0,challenge_10_signal_features_colab_ultra
2360,1,0.99999774,1,challenge_10_signal_features_colab_ultra
2361,0,0.006277428,0,challenge_10_signal_features_colab_ultra
2362,0,0.0014930441,0,challenge_10_signal_features_colab_ultra
2363,1,0.9933233,1,challenge_10_signal_features_colab_ultra
2364,0,5.652142e-05,0,challenge_10_signal_features_colab_ultra
2365,0,5.37795e-05,0,challenge_10_signal_features_colab_ultra
2366,1,0.9943694,1,challenge_10_signal_features_colab_ultra
2367,0,5.1536364e-05,0,challenge_10_signal_features_colab_ultra
2368,0,5.686073e-05,0,challenge_10_signal_features_colab_ultra
2369,0,0.0008824204,0,challenge_10_signal_features_colab_ultra
2370,0,0.00025624884,0,challenge_10_signal_features_colab_ultra
2371,0,3.8903518e-06,0,challenge_10_signal_features_colab_ultra
2372,1,0.8086285,1,challenge_10_signal_features_colab_ultra
2373,0,0.28486806,0,challenge_10_signal_features_colab_ultra
2374,1,0.9999931,1,challenge_10_signal_features_colab_ultra
2375,0,1.3412829e-07,0,challenge_10_signal_features_colab_ultra
2376,1,1.0,1,challenge_10_signal_features_colab_ultra
2377,0,1.7056072e-06,0,challenge_10_signal_features_colab_ultra
2378,0,0.006087877,0,challenge_10_signal_features_colab_ultra
2379,1,0.7484854,1,challenge_10_signal_features_colab_ultra
2380,0,0.00015274042,0,challenge_10_signal_features_colab_ultra
2381,0,0.051192693,0,challenge_10_signal_features_colab_ultra
2382,0,9.064505e-05,0,challenge_10_signal_features_colab_ultra
2383,0,0.009482415,0,challenge_10_signal_features_colab_ultra
2384,1,0.9916353,1,challenge_10_signal_features_colab_ultra
2385,0,0.24274702,0,challenge_10_signal_features_colab_ultra
2386,1,0.99051017,1,challenge_10_signal_features_colab_ultra
2387,0,7.1860915e-05,0,challenge_10_signal_features_colab_ultra
2388,0,0.058496874,0,challenge_10_signal_features_colab_ultra
2389,1,0.9999895,1,challenge_10_signal_features_colab_ultra
2390,1,0.83079594,1,challenge_10_signal_features_colab_ultra
2391,0,0.02082948,0,challenge_10_signal_features_colab_ultra
2392,0,0.00021763012,0,challenge_10_signal_features_colab_ultra
2393,1,0.9670474,1,challenge_10_signal_features_colab_ultra
2394,0,0.34505865,0,challenge_10_signal_features_colab_ultra
2395,0,0.35008648,0,challenge_10_signal_features_colab_ultra
2396,1,0.79233444,1,challenge_10_signal_features_colab_ultra
2397,0,9.526156e-07,0,challenge_10_signal_features_colab_ultra
2398,1,0.9999997,1,challenge_10_signal_features_colab_ultra
2399,1,0.9972209,1,challenge_10_signal_features_colab_ultra
2400,0,0.0055545587,0,challenge_10_signal_features_colab_ultra
2401,0,0.016323559,0,challenge_10_signal_features_colab_ultra
2402,1,0.98839265,1,challenge_10_signal_features_colab_ultra
2403,0,6.197195e-05,0,challenge_10_signal_features_colab_ultra
2404,0,3.3813445e-05,0,challenge_10_signal_features_colab_ultra
2405,0,0.08413828,0,challenge_10_signal_features_colab_ultra
2406,1,0.46754184,0,challenge_10_signal_features_colab_ultra
2407,1,0.9959155,1,challenge_10_signal_features_colab_ultra
2408,0,4.2363827e-05,0,challenge_10_signal_features_colab_ultra
2409,1,0.9970406,1,challenge_10_signal_features_colab_ultra
2410,1,0.8573622,1,challenge_10_signal_features_colab_ultra
2411,1,0.85599685,1,challenge_10_signal_features_colab_ultra
2412,0,0.06899236,0,challenge_10_signal_features_colab_ultra
2413,0,0.00020545216,0,challenge_10_signal_features_colab_ultra
2414,1,0.9969461,1,challenge_10_signal_features_colab_ultra
2415,0,0.013654882,0,challenge_10_signal_features_colab_ultra
2416,0,0.00038069565,0,challenge_10_signal_features_colab_ultra
2417,1,0.47245032,0,challenge_10_signal_features_colab_ultra
2418,1,0.04668322,0,challenge_10_signal_features_colab_ultra
2419,0,0.0028033766,0,challenge_10_signal_features_colab_ultra
2420,0,0.019226333,0,challenge_10_signal_features_colab_ultra
2421,1,0.9622621,1,challenge_10_signal_features_colab_ultra
2422,1,0.9999999,1,challenge_10_signal_features_colab_ultra
2423,1,0.99999946,1,challenge_10_signal_features_colab_ultra
2424,0,0.018366812,0,challenge_10_signal_features_colab_ultra
2425,1,0.9869735,1,challenge_10_signal_features_colab_ultra
2426,0,0.022784775,0,challenge_10_signal_features_colab_ultra
2427,0,0.002669033,0,challenge_10_signal_features_colab_ultra
2428,0,0.14056514,0,challenge_10_signal_features_colab_ultra
2429,0,0.67857546,1,challenge_10_signal_features_colab_ultra
2430,1,0.98319036,1,challenge_10_signal_features_colab_ultra
2431,0,2.277843e-05,0,challenge_10_signal_features_colab_ultra
2432,0,0.011865228,0,challenge_10_signal_features_colab_ultra
2433,0,0.012786095,0,challenge_10_signal_features_colab_ultra
2434,0,0.011044626,0,challenge_10_signal_features_colab_ultra
2435,1,0.76763976,1,challenge_10_signal_features_colab_ultra
2436,1,0.9906459,1,challenge_10_signal_features_colab_ultra
2437,1,0.93181723,1,challenge_10_signal_features_colab_ultra
2438,1,0.98425144,1,challenge_10_signal_features_colab_ultra
2439,1,0.6543915,1,challenge_10_signal_features_colab_ultra
2440,1,0.99131113,1,challenge_10_signal_features_colab_ultra
2441,1,0.9881539,1,challenge_10_signal_features_colab_ultra
2442,0,6.0887396e-05,0,challenge_10_signal_features_colab_ultra
2443,1,0.99999946,1,challenge_10_signal_features_colab_ultra
2444,0,0.00073219236,0,challenge_10_signal_features_colab_ultra
2445,1,0.9999997,1,challenge_10_signal_features_colab_ultra
2446,0,0.027939409,0,challenge_10_signal_features_colab_ultra
2447,0,0.0053750616,0,challenge_10_signal_features_colab_ultra
2448,1,0.9907293,1,challenge_10_signal_features_colab_ultra
2449,0,0.00026962906,0,challenge_10_signal_features_colab_ultra
2450,0,0.00012502908,0,challenge_10_signal_features_colab_ultra
2451,1,0.9999989,1,challenge_10_signal_features_colab_ultra
2452,1,0.9959967,1,challenge_10_signal_features_colab_ultra
2453,1,0.99998236,1,challenge_10_signal_features_colab_ultra
2454,1,0.99999917,1,challenge_10_signal_features_colab_ultra
2455,1,0.72238845,1,challenge_10_signal_features_colab_ultra
2456,0,5.0846233e-05,0,challenge_10_signal_features_colab_ultra
2457,0,0.0048684273,0,challenge_10_signal_features_colab_ultra
2458,1,0.9999874,1,challenge_10_signal_features_colab_ultra
2459,0,0.00031719633,0,challenge_10_signal_features_colab_ultra
2460,1,0.9999969,1,challenge_10_signal_features_colab_ultra
2461,1,0.9945196,1,challenge_10_signal_features_colab_ultra
2462,0,0.00043665638,0,challenge_10_signal_features_colab_ultra
2463,1,0.98706526,1,challenge_10_signal_features_colab_ultra
2464,0,0.034802474,0,challenge_10_signal_features_colab_ultra
2465,1,0.93946594,1,challenge_10_signal_features_colab_ultra
2466,0,0.0006248189,0,challenge_10_signal_features_colab_ultra
2467,1,0.6566737,1,challenge_10_signal_features_colab_ultra
2468,0,0.045770045,0,challenge_10_signal_features_colab_ultra
2469,0,0.19416796,0,challenge_10_signal_features_colab_ultra
2470,1,0.9308029,1,challenge_10_signal_features_colab_ultra
2471,0,0.025335276,0,challenge_10_signal_features_colab_ultra
2472,0,0.002408332,0,challenge_10_signal_features_colab_ultra
2473,1,0.99999714,1,challenge_10_signal_features_colab_ultra
2474,0,0.020278346,0,challenge_10_signal_features_colab_ultra
2475,0,0.67986524,1,challenge_10_signal_features_colab_ultra
2476,0,9.1874004e-05,0,challenge_10_signal_features_colab_ultra
2477,1,0.70451635,1,challenge_10_signal_features_colab_ultra
2478,0,0.018803664,0,challenge_10_signal_features_colab_ultra
2479,1,0.79973775,1,challenge_10_signal_features_colab_ultra
2480,0,0.054811195,0,challenge_10_signal_features_colab_ultra
2481,1,0.9827775,1,challenge_10_signal_features_colab_ultra
2482,1,0.24525018,0,challenge_10_signal_features_colab_ultra
2483,1,0.75728184,1,challenge_10_signal_features_colab_ultra
2484,1,0.93841827,1,challenge_10_signal_features_colab_ultra
2485,1,0.99999666,1,challenge_10_signal_features_colab_ultra
2486,1,0.9999998,1,challenge_10_signal_features_colab_ultra
2487,0,0.059703175,0,challenge_10_signal_features_colab_ultra
2488,1,0.6518388,1,challenge_10_signal_features_colab_ultra
2489,0,0.03059099,0,challenge_10_signal_features_colab_ultra
2490,0,0.00016715695,0,challenge_10_signal_features_colab_ultra
2491,0,0.1571185,0,challenge_10_signal_features_colab_ultra
2492,0,0.022172283,0,challenge_10_signal_features_colab_ultra
2493,1,0.84850734,1,challenge_10_signal_features_colab_ultra
2494,0,0.0035076626,0,challenge_10_signal_features_colab_ultra
2495,1,0.9937421,1,challenge_10_signal_features_colab_ultra
2496,0,0.05667438,0,challenge_10_signal_features_colab_ultra
2497,0,1.5918944e-05,0,challenge_10_signal_features_colab_ultra
2498,1,0.99999636,1,challenge_10_signal_features_colab_ultra
2499,0,0.17614968,0,challenge_10_signal_features_colab_ultra
2500,0,0.00010506553,0,challenge_10_signal_features_colab_ultra
2501,1,0.98926,1,challenge_10_signal_features_colab_ultra
2502,1,0.76773185,1,challenge_10_signal_features_colab_ultra
2503,1,0.99999195,1,challenge_10_signal_features_colab_ultra
2504,1,0.9925175,1,challenge_10_signal_features_colab_ultra
2505,1,0.7745053,1,challenge_10_signal_features_colab_ultra
2506,0,0.0013409589,0,challenge_10_signal_features_colab_ultra
2507,1,0.9959504,1,challenge_10_signal_features_colab_ultra
2508,0,7.195081e-05,0,challenge_10_signal_features_colab_ultra
2509,0,0.2803915,0,challenge_10_signal_features_colab_ultra
2510,1,0.9812392,1,challenge_10_signal_features_colab_ultra
2511,0,0.16661665,0,challenge_10_signal_features_colab_ultra
2512,1,0.99999976,1,challenge_10_signal_features_colab_ultra
2513,1,0.573375,1,challenge_10_signal_features_colab_ultra
2514,1,0.913149,1,challenge_10_signal_features_colab_ultra
2515,1,0.99516845,1,challenge_10_signal_features_colab_ultra
2516,0,0.08896612,0,challenge_10_signal_features_colab_ultra
2517,1,0.6638399,1,challenge_10_signal_features_colab_ultra
2518,0,0.3817098,0,challenge_10_signal_features_colab_ultra
2519,1,0.9781002,1,challenge_10_signal_features_colab_ultra
2520,1,0.99999845,1,challenge_10_signal_features_colab_ultra
2521,1,0.99999154,1,challenge_10_signal_features_colab_ultra
2522,1,0.877377,1,challenge_10_signal_features_colab_ultra
2523,1,0.9960897,1,challenge_10_signal_features_colab_ultra
2524,0,0.00042811432,0,challenge_10_signal_features_colab_ultra
2525,1,0.8785102,1,challenge_10_signal_features_colab_ultra
2526,1,0.9191159,1,challenge_10_signal_features_colab_ultra
2527,0,0.0008208209,0,challenge_10_signal_features_colab_ultra
2528,0,0.00017744335,0,challenge_10_signal_features_colab_ultra
2529,1,0.81805265,1,challenge_10_signal_features_colab_ultra
2530,0,6.873362e-05,0,challenge_10_signal_features_colab_ultra
2531,1,0.996825,1,challenge_10_signal_features_colab_ultra
2532,1,0.9735603,1,challenge_10_signal_features_colab_ultra
2533,1,0.9999887,1,challenge_10_signal_features_colab_ultra
2534,0,0.0011862505,0,challenge_10_signal_features_colab_ultra
2535,0,3.0487738e-06,0,challenge_10_signal_features_colab_ultra
2536,1,0.9552873,1,challenge_10_signal_features_colab_ultra
2537,1,0.99999976,1,challenge_10_signal_features_colab_ultra
2538,0,0.03041412,0,challenge_10_signal_features_colab_ultra
2539,0,5.03346e-07,0,challenge_10_signal_features_colab_ultra
2540,0,0.024294779,0,challenge_10_signal_features_colab_ultra
2541,0,0.31983423,0,challenge_10_signal_features_colab_ultra
2542,0,7.6152987e-06,0,challenge_10_signal_features_colab_ultra
2543,0,0.00058385154,0,challenge_10_signal_features_colab_ultra
2544,0,0.0017102248,0,challenge_10_signal_features_colab_ultra
2545,1,0.97553027,1,challenge_10_signal_features_colab_ultra
2546,1,0.9307622,1,challenge_10_signal_features_colab_ultra
2547,1,0.9233523,1,challenge_10_signal_features_colab_ultra
2548,0,0.07781048,0,challenge_10_signal_features_colab_ultra
2549,1,0.99145913,1,challenge_10_signal_features_colab_ultra
2550,1,0.19822383,0,challenge_10_signal_features_colab_ultra
2551,0,4.0140053e-06,0,challenge_10_signal_features_colab_ultra
2552,0,0.08580901,0,challenge_10_signal_features_colab_ultra
2553,1,0.9418649,1,challenge_10_signal_features_colab_ultra
2554,1,0.9999997,1,challenge_10_signal_features_colab_ultra
2555,1,0.99466974,1,challenge_10_signal_features_colab_ultra
2556,1,0.99653,1,challenge_10_signal_features_colab_ultra
2557,1,0.99713594,1,challenge_10_signal_features_colab_ultra
2558,1,0.9560766,1,challenge_10_signal_features_colab_ultra
2559,1,0.07160253,0,challenge_10_signal_features_colab_ultra
2560,1,0.9322357,1,challenge_10_signal_features_colab_ultra
2561,0,0.00038217608,0,challenge_10_signal_features_colab_ultra
2562,1,0.960089,1,challenge_10_signal_features_colab_ultra
2563,1,0.99623615,1,challenge_10_signal_features_colab_ultra
2564,1,0.99022454,1,challenge_10_signal_features_colab_ultra
2565,1,0.91105026,1,challenge_10_signal_features_colab_ultra
2566,0,0.009266561,0,challenge_10_signal_features_colab_ultra
2567,1,0.6265552,1,challenge_10_signal_features_colab_ultra
2568,1,0.68595576,1,challenge_10_signal_features_colab_ultra
2569,0,0.07563311,0,challenge_10_signal_features_colab_ultra
2570,0,1.0000001e-07,0,challenge_10_signal_features_colab_ultra
2571,1,0.96730316,1,challenge_10_signal_features_colab_ultra
2572,1,0.98306936,1,challenge_10_signal_features_colab_ultra
2573,1,0.052134566,0,challenge_10_signal_features_colab_ultra
2574,0,0.007241135,0,challenge_10_signal_features_colab_ultra
2575,0,0.46641588,0,challenge_10_signal_features_colab_ultra
2576,0,0.00013648401,0,challenge_10_signal_features_colab_ultra
2577,1,0.9941664,1,challenge_10_signal_features_colab_ultra
2578,0,0.00028097755,0,challenge_10_signal_features_colab_ultra
2579,1,0.768823,1,challenge_10_signal_features_colab_ultra
2580,0,0.00023754437,0,challenge_10_signal_features_colab_ultra
2581,1,0.108301245,0,challenge_10_signal_features_colab_ultra
2582,0,0.00014024583,0,challenge_10_signal_features_colab_ultra
2583,1,0.90493184,1,challenge_10_signal_features_colab_ultra
2584,1,0.9999994,1,challenge_10_signal_features_colab_ultra
2585,1,0.97798723,1,challenge_10_signal_features_colab_ultra
2586,1,0.8933206,1,challenge_10_signal_features_colab_ultra
2587,0,0.2056778,0,challenge_10_signal_features_colab_ultra
2588,1,0.99627167,1,challenge_10_signal_features_colab_ultra
2589,1,0.7275888,1,challenge_10_signal_features_colab_ultra
2590,0,0.00022331886,0,challenge_10_signal_features_colab_ultra
2591,0,0.040733486,0,challenge_10_signal_features_colab_ultra
2592,1,0.999993,1,challenge_10_signal_features_colab_ultra
2593,1,0.9898517,1,challenge_10_signal_features_colab_ultra
2594,0,0.006174631,0,challenge_10_signal_features_colab_ultra
2595,0,0.03063325,0,challenge_10_signal_features_colab_ultra
2596,1,0.99999434,1,challenge_10_signal_features_colab_ultra
2597,1,0.99999505,1,challenge_10_signal_features_colab_ultra
2598,1,0.94603723,1,challenge_10_signal_features_colab_ultra
2599,0,0.0011031103,0,challenge_10_signal_features_colab_ultra
2600,1,0.99448484,1,challenge_10_signal_features_colab_ultra
2601,1,0.99998677,1,challenge_10_signal_features_colab_ultra
2602,0,0.0014370992,0,challenge_10_signal_features_colab_ultra
2603,0,0.0011024617,0,challenge_10_signal_features_colab_ultra
2604,0,0.164052,0,challenge_10_signal_features_colab_ultra
2605,1,0.9568217,1,challenge_10_signal_features_colab_ultra
2606,1,0.9968423,1,challenge_10_signal_features_colab_ultra
2607,1,0.99467975,1,challenge_10_signal_features_colab_ultra
2608,0,0.00032338494,0,challenge_10_signal_features_colab_ultra
2609,0,0.8320581,1,challenge_10_signal_features_colab_ultra
2610,0,0.00018321777,0,challenge_10_signal_features_colab_ultra
2611,0,0.0042715454,0,challenge_10_signal_features_colab_ultra
2612,1,0.9999857,1,challenge_10_signal_features_colab_ultra
2613,1,0.99613434,1,challenge_10_signal_features_colab_ultra
2614,1,0.9908988,1,challenge_10_signal_features_colab_ultra
2615,0,0.00040020334,0,challenge_10_signal_features_colab_ultra
2616,0,0.0152525185,0,challenge_10_signal_features_colab_ultra
2617,1,0.9215985,1,challenge_10_signal_features_colab_ultra
2618,0,0.013613363,0,challenge_10_signal_features_colab_ultra
2619,1,0.9999976,1,challenge_10_signal_features_colab_ultra
2620,1,0.9902681,1,challenge_10_signal_features_colab_ultra
2621,0,0.13667578,0,challenge_10_signal_features_colab_ultra
2622,0,4.6614266e-05,0,challenge_10_signal_features_colab_ultra
2623,0,0.00024928656,0,challenge_10_signal_features_colab_ultra
2624,1,0.9560346,1,challenge_10_signal_features_colab_ultra
2625,0,0.040140785,0,challenge_10_signal_features_colab_ultra
2626,1,0.9824315,1,challenge_10_signal_features_colab_ultra
2627,0,0.0015633707,0,challenge_10_signal_features_colab_ultra
2628,0,0.00083347637,0,challenge_10_signal_features_colab_ultra
2629,1,0.9872983,1,challenge_10_signal_features_colab_ultra
2630,1,0.9617636,1,challenge_10_signal_features_colab_ultra
2631,0,0.042626213,0,challenge_10_signal_features_colab_ultra
2632,0,0.049030665,0,challenge_10_signal_features_colab_ultra
2633,0,5.282834e-07,0,challenge_10_signal_features_colab_ultra
2634,0,0.0058185565,0,challenge_10_signal_features_colab_ultra
2635,0,2.022977e-05,0,challenge_10_signal_features_colab_ultra
2636,0,0.0692112,0,challenge_10_signal_features_colab_ultra
2637,0,0.013235476,0,challenge_10_signal_features_colab_ultra
2638,1,0.90862983,1,challenge_10_signal_features_colab_ultra
2639,1,0.99550945,1,challenge_10_signal_features_colab_ultra
2640,1,0.9999932,1,challenge_10_signal_features_colab_ultra
2641,0,0.0007957491,0,challenge_10_signal_features_colab_ultra
2642,0,0.036890227,0,challenge_10_signal_features_colab_ultra
2643,0,0.007070235,0,challenge_10_signal_features_colab_ultra
2644,1,0.99998605,1,challenge_10_signal_features_colab_ultra
2645,0,0.033062667,0,challenge_10_signal_features_colab_ultra
2646,1,0.9472742,1,challenge_10_signal_features_colab_ultra
2647,0,0.00034853548,0,challenge_10_signal_features_colab_ultra
2648,1,1.0,1,challenge_10_signal_features_colab_ultra
2649,0,0.5887844,1,challenge_10_signal_features_colab_ultra
2650,0,0.06043201,0,challenge_10_signal_features_colab_ultra
2651,0,0.0009670765,0,challenge_10_signal_features_colab_ultra
2652,1,0.999998,1,challenge_10_signal_features_colab_ultra
2653,1,0.84210086,1,challenge_10_signal_features_colab_ultra
2654,0,0.015918609,0,challenge_10_signal_features_colab_ultra
2655,0,2.9259252e-05,0,challenge_10_signal_features_colab_ultra
2656,1,0.9861025,1,challenge_10_signal_features_colab_ultra
2657,0,0.0019576862,0,challenge_10_signal_features_colab_ultra
2658,0,0.03859661,0,challenge_10_signal_features_colab_ultra
2659,1,0.9290303,1,challenge_10_signal_features_colab_ultra
2660,0,0.00017666278,0,challenge_10_signal_features_colab_ultra
2661,1,0.6502357,1,challenge_10_signal_features_colab_ultra
2662,1,0.98819596,1,challenge_10_signal_features_colab_ultra
2663,1,0.97342914,1,challenge_10_signal_features_colab_ultra
2664,1,0.99999213,1,challenge_10_signal_features_colab_ultra
2665,1,0.9882101,1,challenge_10_signal_features_colab_ultra
2666,1,0.67216134,1,challenge_10_signal_features_colab_ultra
2667,0,0.010041461,0,challenge_10_signal_features_colab_ultra
2668,1,0.9999951,1,challenge_10_signal_features_colab_ultra
2669,1,0.9999997,1,challenge_10_signal_features_colab_ultra
2670,1,0.9761379,1,challenge_10_signal_features_colab_ultra
2671,0,0.021623941,0,challenge_10_signal_features_colab_ultra
2672,0,6.605352e-05,0,challenge_10_signal_features_colab_ultra
2673,1,0.99999696,1,challenge_10_signal_features_colab_ultra
2674,0,0.045745347,0,challenge_10_signal_features_colab_ultra
2675,1,0.82938486,1,challenge_10_signal_features_colab_ultra
2676,1,0.99319094,1,challenge_10_signal_features_colab_ultra
2677,1,0.60782933,1,challenge_10_signal_features_colab_ultra
2678,1,0.9965932,1,challenge_10_signal_features_colab_ultra
2679,0,0.0032331687,0,challenge_10_signal_features_colab_ultra
2680,0,0.011869932,0,challenge_10_signal_features_colab_ultra
2681,0,8.0971666e-05,0,challenge_10_signal_features_colab_ultra
2682,0,0.0029566095,0,challenge_10_signal_features_colab_ultra
2683,1,0.9999999,1,challenge_10_signal_features_colab_ultra
2684,0,0.0028450675,0,challenge_10_signal_features_colab_ultra
2685,1,0.9809077,1,challenge_10_signal_features_colab_ultra
2686,0,1.7395014e-05,0,challenge_10_signal_features_colab_ultra
2687,0,0.020580465,0,challenge_10_signal_features_colab_ultra
2688,1,0.9999919,1,challenge_10_signal_features_colab_ultra
2689,0,0.008050172,0,challenge_10_signal_features_colab_ultra
2690,1,0.9999981,1,challenge_10_signal_features_colab_ultra
2691,1,0.8335506,1,challenge_10_signal_features_colab_ultra
2692,1,0.9151372,1,challenge_10_signal_features_colab_ultra
2693,0,0.030199721,0,challenge_10_signal_features_colab_ultra
2694,1,0.9950349,1,challenge_10_signal_features_colab_ultra
2695,0,0.18352176,0,challenge_10_signal_features_colab_ultra
2696,0,0.7562733,1,challenge_10_signal_features_colab_ultra
2697,0,0.0030159175,0,challenge_10_signal_features_colab_ultra
2698,0,0.116626665,0,challenge_10_signal_features_colab_ultra
2699,1,0.999996,1,challenge_10_signal_features_colab_ultra
2700,1,0.93207866,1,challenge_10_signal_features_colab_ultra
2701,0,0.0007422273,0,challenge_10_signal_features_colab_ultra
2702,0,0.057857014,0,challenge_10_signal_features_colab_ultra
2703,0,0.003208837,0,challenge_10_signal_features_colab_ultra
2704,0,0.0001048918,0,challenge_10_signal_features_colab_ultra
2705,1,0.86368245,1,challenge_10_signal_features_colab_ultra
2706,1,0.9862461,1,challenge_10_signal_features_colab_ultra
2707,1,0.99707806,1,challenge_10_signal_features_colab_ultra
2708,0,0.001205535,0,challenge_10_signal_features_colab_ultra
2709,0,0.0048778774,0,challenge_10_signal_features_colab_ultra
2710,0,0.90276265,1,challenge_10_signal_features_colab_ultra
2711,0,0.001645404,0,challenge_10_signal_features_colab_ultra
2712,0,0.008700679,0,challenge_10_signal_features_colab_ultra
2713,0,0.0015230096,0,challenge_10_signal_features_colab_ultra
2714,0,0.00858718,0,challenge_10_signal_features_colab_ultra
2715,0,0.08929784,0,challenge_10_signal_features_colab_ultra
2716,1,0.68199015,1,challenge_10_signal_features_colab_ultra
2717,0,0.010091069,0,challenge_10_signal_features_colab_ultra
2718,1,0.9583802,1,challenge_10_signal_features_colab_ultra
2719,0,0.0010592992,0,challenge_10_signal_features_colab_ultra
2720,0,0.0005705091,0,challenge_10_signal_features_colab_ultra
2721,0,0.00025995332,0,challenge_10_signal_features_colab_ultra
2722,0,0.06030803,0,challenge_10_signal_features_colab_ultra
2723,1,0.76324415,1,challenge_10_signal_features_colab_ultra
2724,0,0.023633167,0,challenge_10_signal_features_colab_ultra
2725,0,3.3196837e-05,0,challenge_10_signal_features_colab_ultra
2726,1,0.98221207,1,challenge_10_signal_features_colab_ultra
2727,0,0.025721394,0,challenge_10_signal_features_colab_ultra
2728,0,0.058085933,0,challenge_10_signal_features_colab_ultra
2729,0,0.0011756273,0,challenge_10_signal_features_colab_ultra
2730,0,0.11967369,0,challenge_10_signal_features_colab_ultra
2731,0,0.0007860706,0,challenge_10_signal_features_colab_ultra
2732,0,0.00038537793,0,challenge_10_signal_features_colab_ultra
2733,1,1.0,1,challenge_10_signal_features_colab_ultra
2734,1,0.19258225,0,challenge_10_signal_features_colab_ultra
2735,1,0.8127837,1,challenge_10_signal_features_colab_ultra
2736,1,0.97001743,1,challenge_10_signal_features_colab_ultra
2737,1,0.3911383,0,challenge_10_signal_features_colab_ultra
2738,1,0.962403,1,challenge_10_signal_features_colab_ultra
2739,1,0.9871035,1,challenge_10_signal_features_colab_ultra
2740,1,1.0,1,challenge_10_signal_features_colab_ultra
2741,1,0.96596885,1,challenge_10_signal_features_colab_ultra
2742,0,0.46945125,0,challenge_10_signal_features_colab_ultra
2743,1,0.9703856,1,challenge_10_signal_features_colab_ultra
2744,0,0.92278737,1,challenge_10_signal_features_colab_ultra
2745,1,0.94333416,1,challenge_10_signal_features_colab_ultra
2746,1,0.9999826,1,challenge_10_signal_features_colab_ultra
2747,1,0.999997,1,challenge_10_signal_features_colab_ultra
2748,0,0.00898224,0,challenge_10_signal_features_colab_ultra
2749,0,0.01306385,0,challenge_10_signal_features_colab_ultra
2750,1,0.979202,1,challenge_10_signal_features_colab_ultra
2751,0,0.03984043,0,challenge_10_signal_features_colab_ultra
2752,0,0.06157803,0,challenge_10_signal_features_colab_ultra
2753,0,0.0016106789,0,challenge_10_signal_features_colab_ultra
2754,1,0.92655706,1,challenge_10_signal_features_colab_ultra
2755,0,0.038493812,0,challenge_10_signal_features_colab_ultra
2756,0,0.009056591,0,challenge_10_signal_features_colab_ultra
2757,0,0.18665364,0,challenge_10_signal_features_colab_ultra
2758,1,0.98536456,1,challenge_10_signal_features_colab_ultra
2759,0,0.014375953,0,challenge_10_signal_features_colab_ultra
2760,0,0.00010715749,0,challenge_10_signal_features_colab_ultra
2761,1,0.99226856,1,challenge_10_signal_features_colab_ultra
2762,0,0.029915301,0,challenge_10_signal_features_colab_ultra
2763,1,0.99999404,1,challenge_10_signal_features_colab_ultra
2764,1,0.9999928,1,challenge_10_signal_features_colab_ultra
2765,0,1.9333484e-05,0,challenge_10_signal_features_colab_ultra
2766,1,0.99999994,1,challenge_10_signal_features_colab_ultra
2767,1,0.6558538,1,challenge_10_signal_features_colab_ultra
2768,1,0.9879923,1,challenge_10_signal_features_colab_ultra
2769,1,0.92146844,1,challenge_10_signal_features_colab_ultra
2770,1,0.99999964,1,challenge_10_signal_features_colab_ultra
2771,1,0.9999996,1,challenge_10_signal_features_colab_ultra
2772,1,0.9999995,1,challenge_10_signal_features_colab_ultra
2773,0,0.0030491517,0,challenge_10_signal_features_colab_ultra
2774,0,1.1845799e-06,0,challenge_10_signal_features_colab_ultra
2775,0,0.0021607277,0,challenge_10_signal_features_colab_ultra
2776,0,0.8492846,1,challenge_10_signal_features_colab_ultra
2777,1,0.9999997,1,challenge_10_signal_features_colab_ultra
2778,1,0.86776,1,challenge_10_signal_features_colab_ultra
2779,0,8.5148386e-05,0,challenge_10_signal_features_colab_ultra
2780,1,0.9999934,1,challenge_10_signal_features_colab_ultra
2781,1,0.9930333,1,challenge_10_signal_features_colab_ultra
2782,1,0.7422486,1,challenge_10_signal_features_colab_ultra
2783,1,0.9951971,1,challenge_10_signal_features_colab_ultra
2784,1,0.98278177,1,challenge_10_signal_features_colab_ultra
2785,0,0.11906824,0,challenge_10_signal_features_colab_ultra
2786,1,0.9999992,1,challenge_10_signal_features_colab_ultra
2787,1,0.95893615,1,challenge_10_signal_features_colab_ultra
2788,1,0.8655522,1,challenge_10_signal_features_colab_ultra
2789,0,6.5914645e-07,0,challenge_10_signal_features_colab_ultra
2790,0,0.022714244,0,challenge_10_signal_features_colab_ultra
2791,0,0.003865428,0,challenge_10_signal_features_colab_ultra
2792,1,0.98893243,1,challenge_10_signal_features_colab_ultra
2793,1,0.9999985,1,challenge_10_signal_features_colab_ultra
2794,0,0.018830495,0,challenge_10_signal_features_colab_ultra
2795,1,0.99367994,1,challenge_10_signal_features_colab_ultra
2796,0,0.008101314,0,challenge_10_signal_features_colab_ultra
2797,1,0.16138881,0,challenge_10_signal_features_colab_ultra
2798,1,0.97933096,1,challenge_10_signal_features_colab_ultra
2799,0,0.003492994,0,challenge_10_signal_features_colab_ultra
2800,0,0.00017358409,0,challenge_10_signal_features_colab_ultra
2801,1,0.9951874,1,challenge_10_signal_features_colab_ultra
2802,1,0.99998295,1,challenge_10_signal_features_colab_ultra
2803,1,0.99999994,1,challenge_10_signal_features_colab_ultra
2804,0,1.0000001e-07,0,challenge_10_signal_features_colab_ultra
2805,1,0.9833934,1,challenge_10_signal_features_colab_ultra
2806,0,0.00151487,0,challenge_10_signal_features_colab_ultra
2807,0,0.0018227206,0,challenge_10_signal_features_colab_ultra
2808,0,0.006366119,0,challenge_10_signal_features_colab_ultra
2809,0,0.38616338,0,challenge_10_signal_features_colab_ultra
2810,1,0.9751618,1,challenge_10_signal_features_colab_ultra
2811,1,0.99999887,1,challenge_10_signal_features_colab_ultra
2812,0,0.014442089,0,challenge_10_signal_features_colab_ultra
2813,0,0.0024415548,0,challenge_10_signal_features_colab_ultra
2814,1,0.9572142,1,challenge_10_signal_features_colab_ultra
2815,1,0.9945459,1,challenge_10_signal_features_colab_ultra
2816,0,0.12753253,0,challenge_10_signal_features_colab_ultra
2817,0,0.00025481777,0,challenge_10_signal_features_colab_ultra
2818,0,0.02668009,0,challenge_10_signal_features_colab_ultra
2819,1,0.97895163,1,challenge_10_signal_features_colab_ultra
2820,0,4.583725e-06,0,challenge_10_signal_features_colab_ultra
2821,0,0.06095727,0,challenge_10_signal_features_colab_ultra
2822,1,0.78496665,1,challenge_10_signal_features_colab_ultra
2823,0,0.0059995316,0,challenge_10_signal_features_colab_ultra
2824,0,4.349945e-06,0,challenge_10_signal_features_colab_ultra
2825,1,0.99624646,1,challenge_10_signal_features_colab_ultra
2826,0,0.00070478494,0,challenge_10_signal_features_colab_ultra
2827,0,0.030255402,0,challenge_10_signal_features_colab_ultra
2828,0,0.07602921,0,challenge_10_signal_features_colab_ultra
2829,0,0.0011904442,0,challenge_10_signal_features_colab_ultra
2830,1,0.99366367,1,challenge_10_signal_features_colab_ultra
2831,0,2.1285634e-05,0,challenge_10_signal_features_colab_ultra
2832,1,0.97564244,1,challenge_10_signal_features_colab_ultra
2833,1,0.9999877,1,challenge_10_signal_features_colab_ultra
2834,0,0.025246145,0,challenge_10_signal_features_colab_ultra
2835,0,0.080770984,0,challenge_10_signal_features_colab_ultra
2836,0,0.0002392762,0,challenge_10_signal_features_colab_ultra
2837,0,0.017791932,0,challenge_10_signal_features_colab_ultra
2838,0,0.025168234,0,challenge_10_signal_features_colab_ultra
2839,1,0.9593711,1,challenge_10_signal_features_colab_ultra
2840,1,0.9999879,1,challenge_10_signal_features_colab_ultra
2841,0,0.0022801664,0,challenge_10_signal_features_colab_ultra
2842,1,0.9761083,1,challenge_10_signal_features_colab_ultra
2843,1,0.7228617,1,challenge_10_signal_features_colab_ultra
2844,1,0.24183935,0,challenge_10_signal_features_colab_ultra
2845,0,2.6259083e-06,0,challenge_10_signal_features_colab_ultra
2846,1,0.88192374,1,challenge_10_signal_features_colab_ultra
2847,0,3.1094318e-05,0,challenge_10_signal_features_colab_ultra
2848,1,0.9901702,1,challenge_10_signal_features_colab_ultra
2849,0,0.15980814,0,challenge_10_signal_features_colab_ultra
2850,1,0.9999889,1,challenge_10_signal_features_colab_ultra
2851,1,0.98588985,1,challenge_10_signal_features_colab_ultra
2852,0,0.0054150694,0,challenge_10_signal_features_colab_ultra
2853,1,0.84738594,1,challenge_10_signal_features_colab_ultra
2854,0,0.48072588,0,challenge_10_signal_features_colab_ultra
2855,0,0.00020358455,0,challenge_10_signal_features_colab_ultra
2856,1,0.9927394,1,challenge_10_signal_features_colab_ultra
2857,1,0.9880245,1,challenge_10_signal_features_colab_ultra
2858,1,0.99405384,1,challenge_10_signal_features_colab_ultra
2859,1,1.0,1,challenge_10_signal_features_colab_ultra
2860,1,0.9765891,1,challenge_10_signal_features_colab_ultra
2861,1,0.9999999,1,challenge_10_signal_features_colab_ultra
2862,1,0.9901713,1,challenge_10_signal_features_colab_ultra
2863,0,4.1646806e-05,0,challenge_10_signal_features_colab_ultra
2864,1,0.29890415,0,challenge_10_signal_features_colab_ultra
2865,1,0.9909196,1,challenge_10_signal_features_colab_ultra
2866,0,0.034775455,0,challenge_10_signal_features_colab_ultra
2867,1,0.9212519,1,challenge_10_signal_features_colab_ultra
2868,0,0.0014020042,0,challenge_10_signal_features_colab_ultra
2869,0,0.12347978,0,challenge_10_signal_features_colab_ultra
2870,0,0.00073807966,0,challenge_10_signal_features_colab_ultra
2871,1,0.98346514,1,challenge_10_signal_features_colab_ultra
2872,1,0.9912756,1,challenge_10_signal_features_colab_ultra
2873,0,8.386062e-07,0,challenge_10_signal_features_colab_ultra
2874,0,0.21895373,0,challenge_10_signal_features_colab_ultra
2875,1,0.9999973,1,challenge_10_signal_features_colab_ultra
2876,0,0.00017778424,0,challenge_10_signal_features_colab_ultra
2877,0,0.035171993,0,challenge_10_signal_features_colab_ultra
2878,1,0.85346955,1,challenge_10_signal_features_colab_ultra
2879,0,0.010074781,0,challenge_10_signal_features_colab_ultra
2880,1,0.9958082,1,challenge_10_signal_features_colab_ultra
2881,0,1.0000001e-07,0,challenge_10_signal_features_colab_ultra
2882,0,3.629982e-05,0,challenge_10_signal_features_colab_ultra
2883,1,0.9999993,1,challenge_10_signal_features_colab_ultra
2884,1,0.9999856,1,challenge_10_signal_features_colab_ultra
2885,0,0.05253518,0,challenge_10_signal_features_colab_ultra
2886,1,0.9953131,1,challenge_10_signal_features_colab_ultra
2887,1,0.9737636,1,challenge_10_signal_features_colab_ultra
2888,1,0.99999934,1,challenge_10_signal_features_colab_ultra
2889,1,0.25510406,0,challenge_10_signal_features_colab_ultra
2890,1,0.951943,1,challenge_10_signal_features_colab_ultra
2891,1,0.9945882,1,challenge_10_signal_features_colab_ultra
2892,1,0.9999878,1,challenge_10_signal_features_colab_ultra
2893,0,0.011628909,0,challenge_10_signal_features_colab_ultra
2894,1,0.9953985,1,challenge_10_signal_features_colab_ultra
2895,1,0.61103433,1,challenge_10_signal_features_colab_ultra
2896,0,0.041888654,0,challenge_10_signal_features_colab_ultra
2897,1,0.9946629,1,challenge_10_signal_features_colab_ultra
2898,0,0.38167924,0,challenge_10_signal_features_colab_ultra
2899,1,0.9414659,1,challenge_10_signal_features_colab_ultra
2900,1,0.99998266,1,challenge_10_signal_features_colab_ultra
2901,1,0.9343243,1,challenge_10_signal_features_colab_ultra
2902,0,0.0028021985,0,challenge_10_signal_features_colab_ultra
2903,0,0.0024195297,0,challenge_10_signal_features_colab_ultra
2904,0,0.722835,1,challenge_10_signal_features_colab_ultra
2905,0,0.0023854487,0,challenge_10_signal_features_colab_ultra
2906,0,0.00010653244,0,challenge_10_signal_features_colab_ultra
2907,1,0.14014111,0,challenge_10_signal_features_colab_ultra
2908,1,0.9999938,1,challenge_10_signal_features_colab_ultra
2909,0,7.587795e-07,0,challenge_10_signal_features_colab_ultra
2910,0,1.914351e-07,0,challenge_10_signal_features_colab_ultra
2911,0,0.016470056,0,challenge_10_signal_features_colab_ultra
2912,1,0.27926007,0,challenge_10_signal_features_colab_ultra
2913,0,0.005943939,0,challenge_10_signal_features_colab_ultra
2914,0,0.055457328,0,challenge_10_signal_features_colab_ultra
2915,1,0.014084675,0,challenge_10_signal_features_colab_ultra
2916,1,0.98890465,1,challenge_10_signal_features_colab_ultra
2917,0,0.00010415221,0,challenge_10_signal_features_colab_ultra
2918,1,0.99999934,1,challenge_10_signal_features_colab_ultra
2919,0,0.0063462676,0,challenge_10_signal_features_colab_ultra
2920,1,0.9999908,1,challenge_10_signal_features_colab_ultra
2921,1,0.9999934,1,challenge_10_signal_features_colab_ultra
2922,0,0.62707436,1,challenge_10_signal_features_colab_ultra
2923,0,0.84935373,1,challenge_10_signal_features_colab_ultra
2924,1,0.99999714,1,challenge_10_signal_features_colab_ultra
2925,1,0.99999994,1,challenge_10_signal_features_colab_ultra
2926,1,0.9921123,1,challenge_10_signal_features_colab_ultra
2927,0,0.006141182,0,challenge_10_signal_features_colab_ultra
2928,0,0.016429028,0,challenge_10_signal_features_colab_ultra
2929,1,0.17053434,0,challenge_10_signal_features_colab_ultra
2930,1,0.95754987,1,challenge_10_signal_features_colab_ultra
2931,1,0.9897057,1,challenge_10_signal_features_colab_ultra
2932,0,0.006755676,0,challenge_10_signal_features_colab_ultra
2933,0,1.2007527e-05,0,challenge_10_signal_features_colab_ultra
2934,0,0.015964149,0,challenge_10_signal_features_colab_ultra
2935,0,0.00016610994,0,challenge_10_signal_features_colab_ultra
2936,1,0.99211776,1,challenge_10_signal_features_colab_ultra
2937,0,0.0048274756,0,challenge_10_signal_features_colab_ultra
2938,0,0.00089665636,0,challenge_10_signal_features_colab_ultra
2939,0,0.018324414,0,challenge_10_signal_features_colab_ultra
2940,0,1.7203067e-05,0,challenge_10_signal_features_colab_ultra
2941,0,0.240585,0,challenge_10_signal_features_colab_ultra
2942,0,0.0019628,0,challenge_10_signal_features_colab_ultra
2943,1,0.7063034,1,challenge_10_signal_features_colab_ultra
2944,0,0.017357167,0,challenge_10_signal_features_colab_ultra
2945,1,0.9886695,1,challenge_10_signal_features_colab_ultra
2946,1,0.99172163,1,challenge_10_signal_features_colab_ultra
2947,0,0.029854156,0,challenge_10_signal_features_colab_ultra
2948,0,0.0036274265,0,challenge_10_signal_features_colab_ultra
2949,0,0.003952257,0,challenge_10_signal_features_colab_ultra
2950,1,0.9999873,1,challenge_10_signal_features_colab_ultra
2951,1,0.9153897,1,challenge_10_signal_features_colab_ultra
2952,1,0.99999976,1,challenge_10_signal_features_colab_ultra
2953,0,0.0018547551,0,challenge_10_signal_features_colab_ultra
2954,0,1.2166932e-06,0,challenge_10_signal_features_colab_ultra
2955,1,0.99693525,1,challenge_10_signal_features_colab_ultra
2956,1,0.99999994,1,challenge_10_signal_features_colab_ultra
2957,0,0.0069559114,0,challenge_10_signal_features_colab_ultra
2958,0,0.0016546181,0,challenge_10_signal_features_colab_ultra
2959,0,0.8439765,1,challenge_10_signal_features_colab_ultra
2960,0,0.004623367,0,challenge_10_signal_features_colab_ultra
2961,0,0.06834109,0,challenge_10_signal_features_colab_ultra
2962,1,0.9443825,1,challenge_10_signal_features_colab_ultra
2963,1,0.9720911,1,challenge_10_signal_features_colab_ultra
2964,1,0.99069816,1,challenge_10_signal_features_colab_ultra
2965,0,0.0016440854,0,challenge_10_signal_features_colab_ultra
2966,0,0.009519977,0,challenge_10_signal_features_colab_ultra
2967,1,0.99186647,1,challenge_10_signal_features_colab_ultra
2968,1,0.99998343,1,challenge_10_signal_features_colab_ultra
2969,1,0.9939406,1,challenge_10_signal_features_colab_ultra
2970,1,0.88144404,1,challenge_10_signal_features_colab_ultra
2971,1,0.54361755,1,challenge_10_signal_features_colab_ultra
2972,1,0.4612143,0,challenge_10_signal_features_colab_ultra
2973,0,0.00014074001,0,challenge_10_signal_features_colab_ultra
2974,1,0.9646108,1,challenge_10_signal_features_colab_ultra
2975,1,0.981483,1,challenge_10_signal_features_colab_ultra
2976,0,0.5622518,1,challenge_10_signal_features_colab_ultra
2977,0,0.0034980024,0,challenge_10_signal_features_colab_ultra
2978,0,0.5509087,1,challenge_10_signal_features_colab_ultra
2979,0,0.09908203,0,challenge_10_signal_features_colab_ultra
2980,0,0.07494879,0,challenge_10_signal_features_colab_ultra
2981,0,0.013423786,0,challenge_10_signal_features_colab_ultra
2982,1,0.9941515,1,challenge_10_signal_features_colab_ultra
2983,1,0.9961243,1,challenge_10_signal_features_colab_ultra
2984,1,0.9203575,1,challenge_10_signal_features_colab_ultra
2985,1,0.9967486,1,challenge_10_signal_features_colab_ultra
2986,1,0.99999684,1,challenge_10_signal_features_colab_ultra
2987,0,0.4525261,0,challenge_10_signal_features_colab_ultra
2988,1,0.99999934,1,challenge_10_signal_features_colab_ultra
2989,0,2.7763087e-06,0,challenge_10_signal_features_colab_ultra
2990,0,0.0033897825,0,challenge_10_signal_features_colab_ultra
2991,1,0.8256723,1,challenge_10_signal_features_colab_ultra
2992,0,7.735113e-05,0,challenge_10_signal_features_colab_ultra
2993,0,0.006229809,0,challenge_10_signal_features_colab_ultra
2994,0,0.011519245,0,challenge_10_signal_features_colab_ultra
2995,0,0.0011306899,0,challenge_10_signal_features_colab_ultra
2996,1,0.92543274,1,challenge_10_signal_features_colab_ultra
2997,0,0.00016814862,0,challenge_10_signal_features_colab_ultra
2998,1,0.99999887,1,challenge_10_signal_features_colab_ultra
2999,0,0.36372226,0,challenge_10_signal_features_colab_ultra
3000,0,0.10663462,0,challenge_10_signal_features_colab_ultra
3001,0,0.06050616,0,challenge_10_signal_features_colab_ultra
3002,0,0.00023928653,0,challenge_10_signal_features_colab_ultra
3003,0,0.020719046,0,challenge_10_signal_features_colab_ultra
3004,0,0.0017563504,0,challenge_10_signal_features_colab_ultra
3005,0,1.3890185e-06,0,challenge_10_signal_features_colab_ultra
3006,0,6.5810455e-05,0,challenge_10_signal_features_colab_ultra
3007,1,0.99730253,1,challenge_10_signal_features_colab_ultra
3008,1,0.9999967,1,challenge_10_signal_features_colab_ultra
3009,1,0.98726845,1,challenge_10_signal_features_colab_ultra
3010,0,0.28225765,0,challenge_10_signal_features_colab_ultra
3011,0,0.079232246,0,challenge_10_signal_features_colab_ultra
3012,1,0.9857253,1,challenge_10_signal_features_colab_ultra
3013,0,0.0011856175,0,challenge_10_signal_features_colab_ultra
3014,0,0.0019996052,0,challenge_10_signal_features_colab_ultra
3015,0,0.287806,0,challenge_10_signal_features_colab_ultra
3016,1,0.9999867,1,challenge_10_signal_features_colab_ultra
3017,0,0.005881171,0,challenge_10_signal_features_colab_ultra
3018,1,0.99413455,1,challenge_10_signal_features_colab_ultra
3019,0,0.016822869,0,challenge_10_signal_features_colab_ultra
3020,0,0.0012762066,0,challenge_10_signal_features_colab_ultra
3021,1,0.9966222,1,challenge_10_signal_features_colab_ultra
3022,1,0.99999285,1,challenge_10_signal_features_colab_ultra
3023,1,0.9619213,1,challenge_10_signal_features_colab_ultra
3024,0,0.020107402,0,challenge_10_signal_features_colab_ultra
3025,1,0.98741275,1,challenge_10_signal_features_colab_ultra
3026,0,0.0036991013,0,challenge_10_signal_features_colab_ultra
3027,0,0.4693498,0,challenge_10_signal_features_colab_ultra
3028,1,0.9959137,1,challenge_10_signal_features_colab_ultra
3029,0,0.001251163,0,challenge_10_signal_features_colab_ultra
3030,0,0.111098416,0,challenge_10_signal_features_colab_ultra
3031,1,0.9971767,1,challenge_10_signal_features_colab_ultra
3032,1,0.9149919,1,challenge_10_signal_features_colab_ultra
3033,0,9.4436546e-05,0,challenge_10_signal_features_colab_ultra
3034,0,0.026229257,0,challenge_10_signal_features_colab_ultra
3035,0,5.019162e-05,0,challenge_10_signal_features_colab_ultra
3036,1,0.89056826,1,challenge_10_signal_features_colab_ultra
3037,1,0.9523494,1,challenge_10_signal_features_colab_ultra
3038,1,0.87009656,1,challenge_10_signal_features_colab_ultra
3039,1,0.99068105,1,challenge_10_signal_features_colab_ultra
3040,1,0.95280945,1,challenge_10_signal_features_colab_ultra
3041,1,0.9882554,1,challenge_10_signal_features_colab_ultra
3042,1,0.9919054,1,challenge_10_signal_features_colab_ultra
3043,0,0.0011655135,0,challenge_10_signal_features_colab_ultra
3044,1,0.9950791,1,challenge_10_signal_features_colab_ultra
3045,1,0.9724738,1,challenge_10_signal_features_colab_ultra
3046,0,0.7613002,1,challenge_10_signal_features_colab_ultra
3047,1,0.9810725,1,challenge_10_signal_features_colab_ultra
3048,1,0.931882,1,challenge_10_signal_features_colab_ultra
3049,0,5.5326745e-05,0,challenge_10_signal_features_colab_ultra
3050,1,0.74143785,1,challenge_10_signal_features_colab_ultra
3051,1,0.99165475,1,challenge_10_signal_features_colab_ultra
3052,0,0.27803558,0,challenge_10_signal_features_colab_ultra
3053,1,0.19735578,0,challenge_10_signal_features_colab_ultra
3054,0,0.10003196,0,challenge_10_signal_features_colab_ultra
3055,1,0.96871597,1,challenge_10_signal_features_colab_ultra
3056,1,0.8710261,1,challenge_10_signal_features_colab_ultra
3057,1,0.9863294,1,challenge_10_signal_features_colab_ultra
3058,1,0.98961085,1,challenge_10_signal_features_colab_ultra
3059,1,0.96543455,1,challenge_10_signal_features_colab_ultra
3060,1,1.0,1,challenge_10_signal_features_colab_ultra
3061,0,0.8197517,1,challenge_10_signal_features_colab_ultra
3062,0,0.0007679817,0,challenge_10_signal_features_colab_ultra
3063,0,9.610574e-05,0,challenge_10_signal_features_colab_ultra
3064,0,0.087258495,0,challenge_10_signal_features_colab_ultra
3065,0,0.037069622,0,challenge_10_signal_features_colab_ultra
3066,1,0.8036033,1,challenge_10_signal_features_colab_ultra
3067,1,0.9932541,1,challenge_10_signal_features_colab_ultra
3068,1,0.982986,1,challenge_10_signal_features_colab_ultra
3069,0,0.0007465721,0,challenge_10_signal_features_colab_ultra
3070,1,0.99324554,1,challenge_10_signal_features_colab_ultra
3071,1,0.9966849,1,challenge_10_signal_features_colab_ultra
3072,0,0.007748653,0,challenge_10_signal_features_colab_ultra
3073,1,0.7771038,1,challenge_10_signal_features_colab_ultra
3074,0,0.00034721347,0,challenge_10_signal_features_colab_ultra
3075,0,0.0014527069,0,challenge_10_signal_features_colab_ultra
3076,0,0.007818521,0,challenge_10_signal_features_colab_ultra
3077,0,0.00039560933,0,challenge_10_signal_features_colab_ultra
3078,1,0.99470204,1,challenge_10_signal_features_colab_ultra
3079,1,0.9999999,1,challenge_10_signal_features_colab_ultra
3080,0,6.351013e-05,0,challenge_10_signal_features_colab_ultra
3081,1,0.9999993,1,challenge_10_signal_features_colab_ultra
3082,0,0.337493,0,challenge_10_signal_features_colab_ultra
3083,1,0.7381041,1,challenge_10_signal_features_colab_ultra
3084,1,0.20003955,0,challenge_10_signal_features_colab_ultra
3085,0,0.0091089895,0,challenge_10_signal_features_colab_ultra
3086,1,0.99667156,1,challenge_10_signal_features_colab_ultra
3087,0,0.0008881401,0,challenge_10_signal_features_colab_ultra
3088,0,0.010707889,0,challenge_10_signal_features_colab_ultra
3089,0,0.0067304973,0,challenge_10_signal_features_colab_ultra
3090,1,0.76282865,1,challenge_10_signal_features_colab_ultra
3091,0,0.006440637,0,challenge_10_signal_features_colab_ultra
3092,0,0.032917425,0,challenge_10_signal_features_colab_ultra
3093,0,0.12178579,0,challenge_10_signal_features_colab_ultra
3094,0,0.00052192586,0,challenge_10_signal_features_colab_ultra
3095,0,0.7779152,1,challenge_10_signal_features_colab_ultra
3096,0,0.69826716,1,challenge_10_signal_features_colab_ultra
3097,0,0.17464773,0,challenge_10_signal_features_colab_ultra
3098,0,0.011007492,0,challenge_10_signal_features_colab_ultra
3099,1,0.9416349,1,challenge_10_signal_features_colab_ultra
3100,0,0.00017584547,0,challenge_10_signal_features_colab_ultra
3101,0,0.00651445,0,challenge_10_signal_features_colab_ultra
3102,1,0.9885596,1,challenge_10_signal_features_colab_ultra
3103,1,0.9905912,1,challenge_10_signal_features_colab_ultra
3104,0,0.14470659,0,challenge_10_signal_features_colab_ultra
3105,0,0.009798486,0,challenge_10_signal_features_colab_ultra
3106,0,0.026202522,0,challenge_10_signal_features_colab_ultra
3107,1,0.9999965,1,challenge_10_signal_features_colab_ultra
3108,0,0.0024462894,0,challenge_10_signal_features_colab_ultra
3109,1,0.9874004,1,challenge_10_signal_features_colab_ultra
3110,0,0.00016382037,0,challenge_10_signal_features_colab_ultra
3111,1,0.99998945,1,challenge_10_signal_features_colab_ultra
3112,1,0.6194621,1,challenge_10_signal_features_colab_ultra
3113,0,3.9435432e-05,0,challenge_10_signal_features_colab_ultra
3114,0,0.09417624,0,challenge_10_signal_features_colab_ultra
3115,1,0.72795254,1,challenge_10_signal_features_colab_ultra
3116,1,0.57151157,1,challenge_10_signal_features_colab_ultra
3117,0,0.041895088,0,challenge_10_signal_features_colab_ultra
3118,0,0.16288385,0,challenge_10_signal_features_colab_ultra
3119,0,7.515908e-06,0,challenge_10_signal_features_colab_ultra
3120,0,0.0008380567,0,challenge_10_signal_features_colab_ultra
3121,1,0.99998856,1,challenge_10_signal_features_colab_ultra
3122,1,0.9944399,1,challenge_10_signal_features_colab_ultra
3123,0,0.5550021,1,challenge_10_signal_features_colab_ultra
3124,1,0.99999964,1,challenge_10_signal_features_colab_ultra
3125,0,0.00023939456,0,challenge_10_signal_features_colab_ultra
3126,1,0.9810223,1,challenge_10_signal_features_colab_ultra
3127,1,0.9457878,1,challenge_10_signal_features_colab_ultra
3128,0,0.027847715,0,challenge_10_signal_features_colab_ultra
3129,0,0.004832434,0,challenge_10_signal_features_colab_ultra
3130,0,0.014004019,0,challenge_10_signal_features_colab_ultra
3131,1,0.80626404,1,challenge_10_signal_features_colab_ultra
3132,1,0.8559606,1,challenge_10_signal_features_colab_ultra
3133,0,0.11686363,0,challenge_10_signal_features_colab_ultra
3134,0,0.9720943,1,challenge_10_signal_features_colab_ultra
3135,1,0.9928213,1,challenge_10_signal_features_colab_ultra
3136,0,0.0014482299,0,challenge_10_signal_features_colab_ultra
3137,1,0.99482775,1,challenge_10_signal_features_colab_ultra
3138,1,0.99999857,1,challenge_10_signal_features_colab_ultra
3139,1,0.90886056,1,challenge_10_signal_features_colab_ultra
3140,0,0.0004959096,0,challenge_10_signal_features_colab_ultra
3141,1,0.08330618,0,challenge_10_signal_features_colab_ultra
3142,1,0.97974396,1,challenge_10_signal_features_colab_ultra
3143,1,0.958478,1,challenge_10_signal_features_colab_ultra
3144,0,0.9364179,1,challenge_10_signal_features_colab_ultra
3145,1,0.9915081,1,challenge_10_signal_features_colab_ultra
3146,0,6.391071e-06,0,challenge_10_signal_features_colab_ultra
3147,0,0.122348264,0,challenge_10_signal_features_colab_ultra
3148,0,0.00014079043,0,challenge_10_signal_features_colab_ultra
3149,1,0.9106129,1,challenge_10_signal_features_colab_ultra
3150,0,0.24239674,0,challenge_10_signal_features_colab_ultra
3151,0,0.023367317,0,challenge_10_signal_features_colab_ultra
3152,1,0.19732726,0,challenge_10_signal_features_colab_ultra
3153,0,0.0983264,0,challenge_10_signal_features_colab_ultra
3154,1,0.9954074,1,challenge_10_signal_features_colab_ultra
3155,1,0.8525323,1,challenge_10_signal_features_colab_ultra
3156,1,0.9999995,1,challenge_10_signal_features_colab_ultra
3157,1,1.0,1,challenge_10_signal_features_colab_ultra
3158,0,0.0013548791,0,challenge_10_signal_features_colab_ultra
3159,0,0.0049758223,0,challenge_10_signal_features_colab_ultra
3160,1,0.94422054,1,challenge_10_signal_features_colab_ultra
3161,0,0.012273809,0,challenge_10_signal_features_colab_ultra
3162,0,2.9623272e-05,0,challenge_10_signal_features_colab_ultra
3163,1,0.9764425,1,challenge_10_signal_features_colab_ultra
3164,0,0.5407256,1,challenge_10_signal_features_colab_ultra
3165,0,0.31383458,0,challenge_10_signal_features_colab_ultra
3166,1,0.9958201,1,challenge_10_signal_features_colab_ultra
3167,1,0.99999905,1,challenge_10_signal_features_colab_ultra
3168,0,0.0017820286,0,challenge_10_signal_features_colab_ultra
3169,1,0.9872379,1,challenge_10_signal_features_colab_ultra
3170,1,0.9914872,1,challenge_10_signal_features_colab_ultra
3171,0,0.00013608621,0,challenge_10_signal_features_colab_ultra
3172,0,0.16790918,0,challenge_10_signal_features_colab_ultra
3173,1,0.99501336,1,challenge_10_signal_features_colab_ultra
3174,0,0.0011406369,0,challenge_10_signal_features_colab_ultra
3175,0,0.02254172,0,challenge_10_signal_features_colab_ultra
3176,0,0.101529285,0,challenge_10_signal_features_colab_ultra
3177,1,0.981517,1,challenge_10_signal_features_colab_ultra
3178,0,0.0023456293,0,challenge_10_signal_features_colab_ultra
3179,0,0.0036302926,0,challenge_10_signal_features_colab_ultra
3180,0,1.0986841e-05,0,challenge_10_signal_features_colab_ultra
3181,1,0.98926365,1,challenge_10_signal_features_colab_ultra
3182,1,0.9898179,1,challenge_10_signal_features_colab_ultra
3183,1,0.99998814,1,challenge_10_signal_features_colab_ultra
3184,1,0.98368454,1,challenge_10_signal_features_colab_ultra
3185,1,0.99999946,1,challenge_10_signal_features_colab_ultra
3186,0,0.008056981,0,challenge_10_signal_features_colab_ultra
3187,0,0.00018108674,0,challenge_10_signal_features_colab_ultra
3188,1,0.99459547,1,challenge_10_signal_features_colab_ultra
3189,0,0.34079763,0,challenge_10_signal_features_colab_ultra
3190,0,8.295764e-05,0,challenge_10_signal_features_colab_ultra
3191,1,0.9426922,1,challenge_10_signal_features_colab_ultra
3192,1,0.975028,1,challenge_10_signal_features_colab_ultra
3193,1,0.99495703,1,challenge_10_signal_features_colab_ultra
3194,1,0.99567086,1,challenge_10_signal_features_colab_ultra
3195,1,0.98963755,1,challenge_10_signal_features_colab_ultra
3196,0,0.014265304,0,challenge_10_signal_features_colab_ultra
3197,1,0.9764332,1,challenge_10_signal_features_colab_ultra
3198,1,0.9698573,1,challenge_10_signal_features_colab_ultra
3199,0,0.0003287593,0,challenge_10_signal_features_colab_ultra
3200,1,0.97854286,1,challenge_10_signal_features_colab_ultra
3201,0,0.0012662223,0,challenge_10_signal_features_colab_ultra
3202,1,0.98533577,1,challenge_10_signal_features_colab_ultra
3203,1,0.9940996,1,challenge_10_signal_features_colab_ultra
3204,1,0.67675275,1,challenge_10_signal_features_colab_ultra
3205,1,0.98867226,1,challenge_10_signal_features_colab_ultra
3206,1,0.889712,1,challenge_10_signal_features_colab_ultra
3207,0,0.24341437,0,challenge_10_signal_features_colab_ultra
3208,1,0.99125904,1,challenge_10_signal_features_colab_ultra
3209,1,0.999999,1,challenge_10_signal_features_colab_ultra
3210,0,0.031672455,0,challenge_10_signal_features_colab_ultra
3211,1,0.994424,1,challenge_10_signal_features_colab_ultra
3212,1,0.83420223,1,challenge_10_signal_features_colab_ultra
3213,1,0.9411041,1,challenge_10_signal_features_colab_ultra
3214,0,0.14175756,0,challenge_10_signal_features_colab_ultra
3215,1,0.9999981,1,challenge_10_signal_features_colab_ultra
3216,1,0.8777915,1,challenge_10_signal_features_colab_ultra
3217,0,0.03381782,0,challenge_10_signal_features_colab_ultra
3218,0,0.0007986948,0,challenge_10_signal_features_colab_ultra
3219,1,0.9999814,1,challenge_10_signal_features_colab_ultra
3220,1,0.9917464,1,challenge_10_signal_features_colab_ultra
3221,0,0.00044061142,0,challenge_10_signal_features_colab_ultra
3222,0,5.416906e-07,0,challenge_10_signal_features_colab_ultra
3223,0,0.002149617,0,challenge_10_signal_features_colab_ultra
3224,1,0.91724414,1,challenge_10_signal_features_colab_ultra
3225,1,0.97145677,1,challenge_10_signal_features_colab_ultra
3226,1,0.9745018,1,challenge_10_signal_features_colab_ultra
3227,0,0.00017918779,0,challenge_10_signal_features_colab_ultra
3228,1,0.9788139,1,challenge_10_signal_features_colab_ultra
3229,0,0.0020477779,0,challenge_10_signal_features_colab_ultra
3230,0,0.094983704,0,challenge_10_signal_features_colab_ultra
3231,1,0.98554736,1,challenge_10_signal_features_colab_ultra
3232,1,0.9286899,1,challenge_10_signal_features_colab_ultra
3233,1,0.97207,1,challenge_10_signal_features_colab_ultra
3234,1,0.98874146,1,challenge_10_signal_features_colab_ultra
3235,1,0.99418956,1,challenge_10_signal_features_colab_ultra
3236,0,0.03170908,0,challenge_10_signal_features_colab_ultra
3237,0,0.048063796,0,challenge_10_signal_features_colab_ultra
3238,1,0.9719183,1,challenge_10_signal_features_colab_ultra
3239,1,0.89966834,1,challenge_10_signal_features_colab_ultra
3240,1,0.99999905,1,challenge_10_signal_features_colab_ultra
3241,1,0.999985,1,challenge_10_signal_features_colab_ultra
3242,1,0.99999547,1,challenge_10_signal_features_colab_ultra
3243,0,0.07582836,0,challenge_10_signal_features_colab_ultra
3244,0,2.5176449e-05,0,challenge_10_signal_features_colab_ultra
3245,1,0.9708678,1,challenge_10_signal_features_colab_ultra
3246,0,0.47584745,0,challenge_10_signal_features_colab_ultra
3247,1,0.82483006,1,challenge_10_signal_features_colab_ultra
3248,0,1.2239449e-05,0,challenge_10_signal_features_colab_ultra
3249,1,0.84237653,1,challenge_10_signal_features_colab_ultra
3250,0,0.061128173,0,challenge_10_signal_features_colab_ultra
3251,1,0.9943207,1,challenge_10_signal_features_colab_ultra
3252,1,0.97227126,1,challenge_10_signal_features_colab_ultra
3253,1,0.99292874,1,challenge_10_signal_features_colab_ultra
3254,1,0.99705374,1,challenge_10_signal_features_colab_ultra
3255,0,0.008883868,0,challenge_10_signal_features_colab_ultra
3256,1,0.9181052,1,challenge_10_signal_features_colab_ultra
3257,0,0.0017022098,0,challenge_10_signal_features_colab_ultra
3258,0,3.506818e-05,0,challenge_10_signal_features_colab_ultra
3259,0,0.0022425572,0,challenge_10_signal_features_colab_ultra
3260,0,0.0009191106,0,challenge_10_signal_features_colab_ultra
3261,0,0.23323433,0,challenge_10_signal_features_colab_ultra
3262,0,0.13398446,0,challenge_10_signal_features_colab_ultra
3263,0,0.0022479054,0,challenge_10_signal_features_colab_ultra
3264,0,0.0065571507,0,challenge_10_signal_features_colab_ultra
3265,1,1.0,1,challenge_10_signal_features_colab_ultra
3266,0,0.028440129,0,challenge_10_signal_features_colab_ultra
3267,1,0.60327554,1,challenge_10_signal_features_colab_ultra
3268,0,1.8201165e-07,0,challenge_10_signal_features_colab_ultra
3269,1,0.98502165,1,challenge_10_signal_features_colab_ultra
3270,1,0.99999785,1,challenge_10_signal_features_colab_ultra
3271,1,0.9939618,1,challenge_10_signal_features_colab_ultra
3272,1,0.04350383,0,challenge_10_signal_features_colab_ultra
3273,0,0.0034654322,0,challenge_10_signal_features_colab_ultra
3274,1,0.9961698,1,challenge_10_signal_features_colab_ultra
3275,0,0.018745247,0,challenge_10_signal_features_colab_ultra
3276,0,0.014191447,0,challenge_10_signal_features_colab_ultra
3277,1,0.8839685,1,challenge_10_signal_features_colab_ultra
3278,1,0.9881992,1,challenge_10_signal_features_colab_ultra
3279,0,2.1718059e-05,0,challenge_10_signal_features_colab_ultra
3280,1,0.9186756,1,challenge_10_signal_features_colab_ultra
3281,1,0.99743587,1,challenge_10_signal_features_colab_ultra
3282,1,0.97294176,1,challenge_10_signal_features_colab_ultra
3283,1,0.9879763,1,challenge_10_signal_features_colab_ultra
3284,0,0.010504972,0,challenge_10_signal_features_colab_ultra
3285,1,0.9943596,1,challenge_10_signal_features_colab_ultra
3286,1,0.97567695,1,challenge_10_signal_features_colab_ultra
3287,1,0.74321413,1,challenge_10_signal_features_colab_ultra
3288,1,0.99999994,1,challenge_10_signal_features_colab_ultra
3289,1,0.9962109,1,challenge_10_signal_features_colab_ultra
3290,1,0.9090731,1,challenge_10_signal_features_colab_ultra
3291,0,0.0071072616,0,challenge_10_signal_features_colab_ultra
3292,0,6.1371495e-05,0,challenge_10_signal_features_colab_ultra
3293,0,0.00014538679,0,challenge_10_signal_features_colab_ultra
3294,1,0.5704213,1,challenge_10_signal_features_colab_ultra
3295,0,0.9148674,1,challenge_10_signal_features_colab_ultra
3296,1,0.95521784,1,challenge_10_signal_features_colab_ultra
3297,0,0.00026361935,0,challenge_10_signal_features_colab_ultra
3298,1,0.99999994,1,challenge_10_signal_features_colab_ultra
3299,0,0.00041708443,0,challenge_10_signal_features_colab_ultra
3300,0,0.98112994,1,challenge_10_signal_features_colab_ultra
3301,1,1.0,1,challenge_10_signal_features_colab_ultra
3302,1,0.9970451,1,challenge_10_signal_features_colab_ultra
3303,0,0.1151258,0,challenge_10_signal_features_colab_ultra
3304,0,0.024545401,0,challenge_10_signal_features_colab_ultra
3305,0,0.003609841,0,challenge_10_signal_features_colab_ultra
3306,0,0.0015859501,0,challenge_10_signal_features_colab_ultra
3307,0,0.06885564,0,challenge_10_signal_features_colab_ultra
3308,1,0.9999983,1,challenge_10_signal_features_colab_ultra
3309,1,0.9964269,1,challenge_10_signal_features_colab_ultra
3310,0,1.3521634e-06,0,challenge_10_signal_features_colab_ultra
3311,1,0.98620075,1,challenge_10_signal_features_colab_ultra
3312,0,0.00056824577,0,challenge_10_signal_features_colab_ultra
3313,1,0.99729985,1,challenge_10_signal_features_colab_ultra
3314,0,0.00044966818,0,challenge_10_signal_features_colab_ultra
3315,1,0.9999997,1,challenge_10_signal_features_colab_ultra
3316,0,0.27943003,0,challenge_10_signal_features_colab_ultra
3317,0,0.00038433156,0,challenge_10_signal_features_colab_ultra
3318,0,0.05115772,0,challenge_10_signal_features_colab_ultra
3319,1,0.9933893,1,challenge_10_signal_features_colab_ultra
3320,0,0.07728378,0,challenge_10_signal_features_colab_ultra
3321,1,0.98828554,1,challenge_10_signal_features_colab_ultra
3322,1,0.980004,1,challenge_10_signal_features_colab_ultra
3323,1,0.99252117,1,challenge_10_signal_features_colab_ultra
3324,0,0.0011185099,0,challenge_10_signal_features_colab_ultra
3325,0,3.9501592e-05,0,challenge_10_signal_features_colab_ultra
3326,1,0.9999897,1,challenge_10_signal_features_colab_ultra
3327,0,0.006943204,0,challenge_10_signal_features_colab_ultra
3328,0,0.00011156731,0,challenge_10_signal_features_colab_ultra
3329,1,0.9412995,1,challenge_10_signal_features_colab_ultra
3330,1,0.9927659,1,challenge_10_signal_features_colab_ultra
3331,0,0.83904505,1,challenge_10_signal_features_colab_ultra
3332,0,0.011414014,0,challenge_10_signal_features_colab_ultra
3333,1,0.9999934,1,challenge_10_signal_features_colab_ultra
3334,0,0.030085163,0,challenge_10_signal_features_colab_ultra
3335,1,0.9524342,1,challenge_10_signal_features_colab_ultra
3336,0,0.8774809,1,challenge_10_signal_features_colab_ultra
3337,0,0.16819377,0,challenge_10_signal_features_colab_ultra
3338,1,0.9945596,1,challenge_10_signal_features_colab_ultra
3339,0,0.001671315,0,challenge_10_signal_features_colab_ultra
3340,0,1.0182259e-06,0,challenge_10_signal_features_colab_ultra
3341,0,0.68555295,1,challenge_10_signal_features_colab_ultra
3342,0,0.28393683,0,challenge_10_signal_features_colab_ultra
3343,1,0.9999969,1,challenge_10_signal_features_colab_ultra
3344,0,0.0880039,0,challenge_10_signal_features_colab_ultra
3345,1,0.9876609,1,challenge_10_signal_features_colab_ultra
3346,1,0.9999985,1,challenge_10_signal_features_colab_ultra
3347,0,3.3546062e-06,0,challenge_10_signal_features_colab_ultra
3348,1,0.9999839,1,challenge_10_signal_features_colab_ultra
3349,0,0.040456243,0,challenge_10_signal_features_colab_ultra
3350,0,2.2584984e-06,0,challenge_10_signal_features_colab_ultra
3351,0,1.0000001e-07,0,challenge_10_signal_features_colab_ultra
3352,0,0.07015973,0,challenge_10_signal_features_colab_ultra
3353,0,0.0003751248,0,challenge_10_signal_features_colab_ultra
3354,1,0.9787946,1,challenge_10_signal_features_colab_ultra
3355,1,0.9999917,1,challenge_10_signal_features_colab_ultra
3356,0,0.061108153,0,challenge_10_signal_features_colab_ultra
3357,1,0.99999815,1,challenge_10_signal_features_colab_ultra
3358,1,0.9999944,1,challenge_10_signal_features_colab_ultra
3359,1,0.4722544,0,challenge_10_signal_features_colab_ultra
3360,0,0.006062523,0,challenge_10_signal_features_colab_ultra
3361,1,0.99565953,1,challenge_10_signal_features_colab_ultra
3362,0,0.021152811,0,challenge_10_signal_features_colab_ultra
3363,1,0.9940735,1,challenge_10_signal_features_colab_ultra
3364,1,0.99999905,1,challenge_10_signal_features_colab_ultra
3365,1,0.99419624,1,challenge_10_signal_features_colab_ultra
3366,0,6.6739485e-05,0,challenge_10_signal_features_colab_ultra
3367,1,0.2755692,0,challenge_10_signal_features_colab_ultra
3368,1,0.996581,1,challenge_10_signal_features_colab_ultra
3369,0,1.0973261e-05,0,challenge_10_signal_features_colab_ultra
3370,1,0.9947121,1,challenge_10_signal_features_colab_ultra
3371,0,0.0010059639,0,challenge_10_signal_features_colab_ultra
3372,0,0.006286566,0,challenge_10_signal_features_colab_ultra
3373,0,8.430633e-06,0,challenge_10_signal_features_colab_ultra
3374,0,0.0009504275,0,challenge_10_signal_features_colab_ultra
3375,0,1.2700134e-05,0,challenge_10_signal_features_colab_ultra
3376,1,0.9999859,1,challenge_10_signal_features_colab_ultra
3377,1,0.9999974,1,challenge_10_signal_features_colab_ultra
3378,1,0.9999972,1,challenge_10_signal_features_colab_ultra
3379,0,0.0011519456,0,challenge_10_signal_features_colab_ultra
3380,0,0.1435477,0,challenge_10_signal_features_colab_ultra
3381,1,0.9866525,1,challenge_10_signal_features_colab_ultra
3382,0,0.00038015304,0,challenge_10_signal_features_colab_ultra
3383,0,0.03588127,0,challenge_10_signal_features_colab_ultra
3384,1,0.9999931,1,challenge_10_signal_features_colab_ultra
3385,0,0.06546385,0,challenge_10_signal_features_colab_ultra
3386,0,0.44194013,0,challenge_10_signal_features_colab_ultra
3387,0,3.7938753e-06,0,challenge_10_signal_features_colab_ultra
3388,0,0.7818778,1,challenge_10_signal_features_colab_ultra
3389,0,0.1956788,0,challenge_10_signal_features_colab_ultra
3390,1,0.9999988,1,challenge_10_signal_features_colab_ultra
3391,0,0.0074609304,0,challenge_10_signal_features_colab_ultra
3392,0,0.00021666038,0,challenge_10_signal_features_colab_ultra
3393,0,0.3502777,0,challenge_10_signal_features_colab_ultra
3394,1,0.8313953,1,challenge_10_signal_features_colab_ultra
3395,1,0.99999577,1,challenge_10_signal_features_colab_ultra
3396,0,0.13146588,0,challenge_10_signal_features_colab_ultra
3397,1,0.9999983,1,challenge_10_signal_features_colab_ultra
3398,0,0.0009828843,0,challenge_10_signal_features_colab_ultra
3399,1,0.86605555,1,challenge_10_signal_features_colab_ultra
3400,0,0.018650405,0,challenge_10_signal_features_colab_ultra
3401,1,0.99217767,1,challenge_10_signal_features_colab_ultra
3402,0,0.021829829,0,challenge_10_signal_features_colab_ultra
3403,1,0.97851443,1,challenge_10_signal_features_colab_ultra
3404,1,0.89925313,1,challenge_10_signal_features_colab_ultra
3405,0,2.5166032e-06,0,challenge_10_signal_features_colab_ultra
3406,0,0.0010166398,0,challenge_10_signal_features_colab_ultra
3407,0,0.0005397829,0,challenge_10_signal_features_colab_ultra
3408,0,1.8983528e-05,0,challenge_10_signal_features_colab_ultra
3409,1,0.9662818,1,challenge_10_signal_features_colab_ultra
3410,0,1.0603448e-05,0,challenge_10_signal_features_colab_ultra
3411,1,0.98692864,1,challenge_10_signal_features_colab_ultra
3412,0,0.043588445,0,challenge_10_signal_features_colab_ultra
3413,1,0.9663396,1,challenge_10_signal_features_colab_ultra
3414,1,0.9867758,1,challenge_10_signal_features_colab_ultra
3415,1,0.9999943,1,challenge_10_signal_features_colab_ultra
3416,0,0.015652198,0,challenge_10_signal_features_colab_ultra
3417,0,0.008153581,0,challenge_10_signal_features_colab_ultra
3418,0,0.00010114447,0,challenge_10_signal_features_colab_ultra
3419,0,0.009193053,0,challenge_10_signal_features_colab_ultra
3420,0,1.9046496e-07,0,challenge_10_signal_features_colab_ultra
3421,1,0.17523167,0,challenge_10_signal_features_colab_ultra
3422,1,0.94452655,1,challenge_10_signal_features_colab_ultra
3423,0,0.07123062,0,challenge_10_signal_features_colab_ultra
3424,1,0.9999947,1,challenge_10_signal_features_colab_ultra
3425,0,0.0248553,0,challenge_10_signal_features_colab_ultra
3426,0,0.00014602423,0,challenge_10_signal_features_colab_ultra
3427,0,0.61342376,1,challenge_10_signal_features_colab_ultra
3428,1,0.9416739,1,challenge_10_signal_features_colab_ultra
3429,1,0.99999976,1,challenge_10_signal_features_colab_ultra
3430,0,0.15452273,0,challenge_10_signal_features_colab_ultra
3431,0,0.0005770098,0,challenge_10_signal_features_colab_ultra
3432,0,7.4643474e-05,0,challenge_10_signal_features_colab_ultra
3433,0,2.5577114e-05,0,challenge_10_signal_features_colab_ultra
3434,0,0.018556664,0,challenge_10_signal_features_colab_ultra
3435,0,0.008586841,0,challenge_10_signal_features_colab_ultra
3436,0,0.006143769,0,challenge_10_signal_features_colab_ultra
3437,0,0.018767603,0,challenge_10_signal_features_colab_ultra
3438,1,0.81501424,1,challenge_10_signal_features_colab_ultra
3439,0,0.03652503,0,challenge_10_signal_features_colab_ultra
3440,1,0.99697477,1,challenge_10_signal_features_colab_ultra
3441,0,0.10388459,0,challenge_10_signal_features_colab_ultra
3442,0,0.010399673,0,challenge_10_signal_features_colab_ultra
3443,0,0.7550265,1,challenge_10_signal_features_colab_ultra
3444,1,0.9999995,1,challenge_10_signal_features_colab_ultra
3445,0,0.00010508872,0,challenge_10_signal_features_colab_ultra
3446,1,0.5148691,1,challenge_10_signal_features_colab_ultra
3447,1,0.9999842,1,challenge_10_signal_features_colab_ultra
3448,1,0.9999996,1,challenge_10_signal_features_colab_ultra
3449,0,0.012269017,0,challenge_10_signal_features_colab_ultra
3450,0,0.0033091335,0,challenge_10_signal_features_colab_ultra
3451,0,0.0005716465,0,challenge_10_signal_features_colab_ultra
3452,1,0.9825417,1,challenge_10_signal_features_colab_ultra
3453,1,0.98003423,1,challenge_10_signal_features_colab_ultra
3454,1,0.9911225,1,challenge_10_signal_features_colab_ultra
3455,1,0.99023575,1,challenge_10_signal_features_colab_ultra
3456,0,0.35922828,0,challenge_10_signal_features_colab_ultra
3457,1,0.9999968,1,challenge_10_signal_features_colab_ultra
3458,1,0.9999893,1,challenge_10_signal_features_colab_ultra
3459,0,6.812861e-05,0,challenge_10_signal_features_colab_ultra
3460,1,0.54556704,1,challenge_10_signal_features_colab_ultra
3461,1,0.98081654,1,challenge_10_signal_features_colab_ultra
3462,0,0.20018706,0,challenge_10_signal_features_colab_ultra
3463,1,0.9967091,1,challenge_10_signal_features_colab_ultra
3464,1,0.96198654,1,challenge_10_signal_features_colab_ultra
3465,0,3.2308662e-06,0,challenge_10_signal_features_colab_ultra
3466,1,0.99999946,1,challenge_10_signal_features_colab_ultra
3467,1,0.9219364,1,challenge_10_signal_features_colab_ultra
3468,1,0.9999996,1,challenge_10_signal_features_colab_ultra
3469,0,0.00050084613,0,challenge_10_signal_features_colab_ultra
3470,1,0.99999964,1,challenge_10_signal_features_colab_ultra
3471,0,0.0026264729,0,challenge_10_signal_features_colab_ultra
3472,0,0.007970486,0,challenge_10_signal_features_colab_ultra
3473,1,0.9999935,1,challenge_10_signal_features_colab_ultra
3474,0,0.93349284,1,challenge_10_signal_features_colab_ultra
3475,1,0.9923603,1,challenge_10_signal_features_colab_ultra
3476,1,0.9999945,1,challenge_10_signal_features_colab_ultra
3477,0,0.8236312,1,challenge_10_signal_features_colab_ultra
3478,0,0.049596574,0,challenge_10_signal_features_colab_ultra
3479,1,0.9957012,1,challenge_10_signal_features_colab_ultra
3480,0,0.00031119827,0,challenge_10_signal_features_colab_ultra
3481,0,3.8566806e-05,0,challenge_10_signal_features_colab_ultra
3482,1,0.99999946,1,challenge_10_signal_features_colab_ultra
3483,0,0.00011946555,0,challenge_10_signal_features_colab_ultra
3484,1,0.98388803,1,challenge_10_signal_features_colab_ultra
3485,1,0.98291093,1,challenge_10_signal_features_colab_ultra
3486,0,3.3508783e-05,0,challenge_10_signal_features_colab_ultra
3487,0,0.2633886,0,challenge_10_signal_features_colab_ultra
3488,0,0.0033771568,0,challenge_10_signal_features_colab_ultra
3489,0,3.3787528e-05,0,challenge_10_signal_features_colab_ultra
3490,1,0.9932173,1,challenge_10_signal_features_colab_ultra
3491,1,0.56151664,1,challenge_10_signal_features_colab_ultra
3492,1,0.20714776,0,challenge_10_signal_features_colab_ultra
3493,1,0.98138016,1,challenge_10_signal_features_colab_ultra
3494,0,0.00028234193,0,challenge_10_signal_features_colab_ultra
3495,0,1.0000001e-07,0,challenge_10_signal_features_colab_ultra
3496,1,0.9961412,1,challenge_10_signal_features_colab_ultra
3497,0,1.306827e-06,0,challenge_10_signal_features_colab_ultra
3498,1,0.98278654,1,challenge_10_signal_features_colab_ultra
3499,0,1.0000001e-07,0,challenge_10_signal_features_colab_ultra
3500,0,0.0020108714,0,challenge_10_signal_features_colab_ultra
3501,0,0.018137513,0,challenge_10_signal_features_colab_ultra
3502,0,0.22522411,0,challenge_10_signal_features_colab_ultra
3503,0,0.0048413407,0,challenge_10_signal_features_colab_ultra
3504,1,0.9737869,1,challenge_10_signal_features_colab_ultra
3505,0,0.00038744713,0,challenge_10_signal_features_colab_ultra
3506,1,0.84933996,1,challenge_10_signal_features_colab_ultra
3507,1,0.9958528,1,challenge_10_signal_features_colab_ultra
3508,1,0.99515975,1,challenge_10_signal_features_colab_ultra
3509,1,0.99115354,1,challenge_10_signal_features_colab_ultra
3510,1,0.8882861,1,challenge_10_signal_features_colab_ultra
3511,1,0.9913317,1,challenge_10_signal_features_colab_ultra
3512,1,0.9999987,1,challenge_10_signal_features_colab_ultra
3513,1,0.87241316,1,challenge_10_signal_features_colab_ultra
3514,0,0.631614,1,challenge_10_signal_features_colab_ultra
3515,1,0.9999939,1,challenge_10_signal_features_colab_ultra
3516,1,0.9937278,1,challenge_10_signal_features_colab_ultra
3517,1,0.99998605,1,challenge_10_signal_features_colab_ultra
3518,0,0.00138507,0,challenge_10_signal_features_colab_ultra
3519,0,0.5,1,challenge_10_signal_features_colab_ultra
3520,1,0.99016535,1,challenge_10_signal_features_colab_ultra
3521,1,0.9951569,1,challenge_10_signal_features_colab_ultra
3522,0,0.06588242,0,challenge_10_signal_features_colab_ultra
3523,1,0.9095882,1,challenge_10_signal_features_colab_ultra
3524,1,0.9370798,1,challenge_10_signal_features_colab_ultra
3525,1,0.9950356,1,challenge_10_signal_features_colab_ultra
3526,0,0.01424187,0,challenge_10_signal_features_colab_ultra
3527,0,0.06585926,0,challenge_10_signal_features_colab_ultra
3528,0,0.00018837831,0,challenge_10_signal_features_colab_ultra
3529,0,0.1835961,0,challenge_10_signal_features_colab_ultra
3530,0,0.0037700238,0,challenge_10_signal_features_colab_ultra
3531,0,0.001899448,0,challenge_10_signal_features_colab_ultra
3532,1,0.9698272,1,challenge_10_signal_features_colab_ultra
3533,1,0.9965789,1,challenge_10_signal_features_colab_ultra
3534,0,0.10481068,0,challenge_10_signal_features_colab_ultra
3535,0,0.029730955,0,challenge_10_signal_features_colab_ultra
3536,1,0.9865604,1,challenge_10_signal_features_colab_ultra
3537,1,0.99999994,1,challenge_10_signal_features_colab_ultra
3538,0,0.97587186,1,challenge_10_signal_features_colab_ultra
3539,0,0.004771521,0,challenge_10_signal_features_colab_ultra
3540,0,0.7602497,1,challenge_10_signal_features_colab_ultra
3541,1,0.9836138,1,challenge_10_signal_features_colab_ultra
3542,1,0.99999917,1,challenge_10_signal_features_colab_ultra
3543,1,0.9999812,1,challenge_10_signal_features_colab_ultra
3544,0,0.7379995,1,challenge_10_signal_features_colab_ultra
3545,0,0.0026685,0,challenge_10_signal_features_colab_ultra
3546,1,0.995275,1,challenge_10_signal_features_colab_ultra
3547,0,0.001772707,0,challenge_10_signal_features_colab_ultra
3548,0,0.31847268,0,challenge_10_signal_features_colab_ultra
3549,1,0.9999993,1,challenge_10_signal_features_colab_ultra
3550,0,1.4405549e-05,0,challenge_10_signal_features_colab_ultra
3551,0,0.030365529,0,challenge_10_signal_features_colab_ultra
3552,0,0.016144989,0,challenge_10_signal_features_colab_ultra
3553,0,0.002583966,0,challenge_10_signal_features_colab_ultra
3554,1,0.88323003,1,challenge_10_signal_features_colab_ultra
3555,0,0.17033494,0,challenge_10_signal_features_colab_ultra
3556,0,0.83601147,1,challenge_10_signal_features_colab_ultra
3557,0,0.0008658798,0,challenge_10_signal_features_colab_ultra
3558,1,0.9840984,1,challenge_10_signal_features_colab_ultra
3559,1,0.4445421,0,challenge_10_signal_features_colab_ultra
3560,1,0.99999434,1,challenge_10_signal_features_colab_ultra
3561,1,0.9479587,1,challenge_10_signal_features_colab_ultra
3562,0,0.0013488478,0,challenge_10_signal_features_colab_ultra
3563,1,0.62203604,1,challenge_10_signal_features_colab_ultra
3564,0,0.020919895,0,challenge_10_signal_features_colab_ultra
3565,0,0.8232527,1,challenge_10_signal_features_colab_ultra
3566,0,0.00022191397,0,challenge_10_signal_features_colab_ultra
3567,1,0.99458355,1,challenge_10_signal_features_colab_ultra
3568,1,0.64485335,1,challenge_10_signal_features_colab_ultra
3569,1,0.9999985,1,challenge_10_signal_features_colab_ultra
3570,0,0.0018773483,0,challenge_10_signal_features_colab_ultra
3571,1,0.9999968,1,challenge_10_signal_features_colab_ultra
3572,1,0.99999034,1,challenge_10_signal_features_colab_ultra
3573,0,0.0028850029,0,challenge_10_signal_features_colab_ultra
3574,1,0.91550875,1,challenge_10_signal_features_colab_ultra
3575,0,0.00025378366,0,challenge_10_signal_features_colab_ultra
3576,0,0.0009764835,0,challenge_10_signal_features_colab_ultra
3577,1,0.981414,1,challenge_10_signal_features_colab_ultra
3578,0,0.10662192,0,challenge_10_signal_features_colab_ultra
3579,1,0.8701775,1,challenge_10_signal_features_colab_ultra
3580,0,0.28434572,0,challenge_10_signal_features_colab_ultra
3581,1,0.99998486,1,challenge_10_signal_features_colab_ultra
3582,0,0.0030937283,0,challenge_10_signal_features_colab_ultra
3583,1,0.9999834,1,challenge_10_signal_features_colab_ultra
3584,0,0.008126861,0,challenge_10_signal_features_colab_ultra
3585,1,0.99999803,1,challenge_10_signal_features_colab_ultra
3586,1,0.9954842,1,challenge_10_signal_features_colab_ultra
3587,1,0.9999965,1,challenge_10_signal_features_colab_ultra
3588,1,0.9809546,1,challenge_10_signal_features_colab_ultra
3589,1,0.9999971,1,challenge_10_signal_features_colab_ultra
3590,0,0.0036325273,0,challenge_10_signal_features_colab_ultra
3591,1,0.99376696,1,challenge_10_signal_features_colab_ultra
3592,0,9.441326e-05,0,challenge_10_signal_features_colab_ultra
3593,1,0.99998844,1,challenge_10_signal_features_colab_ultra
3594,0,0.004343937,0,challenge_10_signal_features_colab_ultra
3595,1,0.99656755,1,challenge_10_signal_features_colab_ultra
3596,1,0.9641253,1,challenge_10_signal_features_colab_ultra
3597,1,0.9999986,1,challenge_10_signal_features_colab_ultra
3598,1,0.9968074,1,challenge_10_signal_features_colab_ultra
3599,0,6.6863504e-05,0,challenge_10_signal_features_colab_ultra
3600,1,0.9999988,1,challenge_10_signal_features_colab_ultra
3601,0,0.0093609225,0,challenge_10_signal_features_colab_ultra
3602,0,0.072019406,0,challenge_10_signal_features_colab_ultra
3603,1,0.99572366,1,challenge_10_signal_features_colab_ultra
3604,0,0.000526015,0,challenge_10_signal_features_colab_ultra
3605,1,0.99999595,1,challenge_10_signal_features_colab_ultra
3606,0,0.92966616,1,challenge_10_signal_features_colab_ultra
3607,1,0.8191306,1,challenge_10_signal_features_colab_ultra
3608,1,0.99671644,1,challenge_10_signal_features_colab_ultra
3609,1,0.9999927,1,challenge_10_signal_features_colab_ultra
3610,0,0.0006637657,0,challenge_10_signal_features_colab_ultra
3611,0,1.0000001e-07,0,challenge_10_signal_features_colab_ultra
3612,1,0.9999972,1,challenge_10_signal_features_colab_ultra
3613,0,0.0017751788,0,challenge_10_signal_features_colab_ultra
3614,0,0.0031552163,0,challenge_10_signal_features_colab_ultra
3615,0,0.0008659472,0,challenge_10_signal_features_colab_ultra
3616,1,0.99998766,1,challenge_10_signal_features_colab_ultra
3617,1,0.9999994,1,challenge_10_signal_features_colab_ultra
3618,0,7.642619e-07,0,challenge_10_signal_features_colab_ultra
3619,0,0.908035,1,challenge_10_signal_features_colab_ultra
3620,1,0.9519645,1,challenge_10_signal_features_colab_ultra
3621,1,0.9999989,1,challenge_10_signal_features_colab_ultra
3622,1,0.91902417,1,challenge_10_signal_features_colab_ultra
3623,0,0.010540889,0,challenge_10_signal_features_colab_ultra
3624,0,0.0012467762,0,challenge_10_signal_features_colab_ultra
3625,0,5.5349375e-07,0,challenge_10_signal_features_colab_ultra
3626,1,0.95860255,1,challenge_10_signal_features_colab_ultra
3627,0,0.002406236,0,challenge_10_signal_features_colab_ultra
3628,0,4.842699e-06,0,challenge_10_signal_features_colab_ultra
3629,0,0.0044764057,0,challenge_10_signal_features_colab_ultra
3630,1,0.98856413,1,challenge_10_signal_features_colab_ultra
3631,1,0.9999958,1,challenge_10_signal_features_colab_ultra
3632,0,0.0002181304,0,challenge_10_signal_features_colab_ultra
3633,1,0.5730369,1,challenge_10_signal_features_colab_ultra
3634,1,0.9854833,1,challenge_10_signal_features_colab_ultra
3635,1,0.9929977,1,challenge_10_signal_features_colab_ultra
3636,1,0.999984,1,challenge_10_signal_features_colab_ultra
3637,0,0.7757754,1,challenge_10_signal_features_colab_ultra
3638,1,0.99999833,1,challenge_10_signal_features_colab_ultra
3639,1,0.571766,1,challenge_10_signal_features_colab_ultra
3640,0,0.0010225378,0,challenge_10_signal_features_colab_ultra
3641,0,0.0019660934,0,challenge_10_signal_features_colab_ultra
3642,1,0.99999994,1,challenge_10_signal_features_colab_ultra
3643,0,9.037431e-06,0,challenge_10_signal_features_colab_ultra
3644,1,0.99675083,1,challenge_10_signal_features_colab_ultra
3645,1,0.7094174,1,challenge_10_signal_features_colab_ultra
3646,0,0.02775948,0,challenge_10_signal_features_colab_ultra
3647,0,0.0025039085,0,challenge_10_signal_features_colab_ultra
3648,0,0.2559707,0,challenge_10_signal_features_colab_ultra
3649,0,1.8403114e-05,0,challenge_10_signal_features_colab_ultra
3650,1,0.9999874,1,challenge_10_signal_features_colab_ultra
3651,1,0.9874508,1,challenge_10_signal_features_colab_ultra
3652,0,0.019831786,0,challenge_10_signal_features_colab_ultra
3653,0,0.7338246,1,challenge_10_signal_features_colab_ultra
3654,0,0.0032805647,0,challenge_10_signal_features_colab_ultra
3655,1,0.20597388,0,challenge_10_signal_features_colab_ultra
3656,1,0.9999993,1,challenge_10_signal_features_colab_ultra
3657,1,0.9999963,1,challenge_10_signal_features_colab_ultra
3658,0,0.0027118288,0,challenge_10_signal_features_colab_ultra
3659,1,0.98422635,1,challenge_10_signal_features_colab_ultra
3660,0,0.73773915,1,challenge_10_signal_features_colab_ultra
3661,0,0.6268174,1,challenge_10_signal_features_colab_ultra
3662,1,0.40762517,0,challenge_10_signal_features_colab_ultra
3663,0,0.0027972152,0,challenge_10_signal_features_colab_ultra
3664,1,0.9784827,1,challenge_10_signal_features_colab_ultra
3665,1,0.83177197,1,challenge_10_signal_features_colab_ultra
3666,1,0.9705502,1,challenge_10_signal_features_colab_ultra
3667,1,0.99695265,1,challenge_10_signal_features_colab_ultra
3668,1,0.8402556,1,challenge_10_signal_features_colab_ultra
3669,0,0.0095924465,0,challenge_10_signal_features_colab_ultra
3670,1,0.8628333,1,challenge_10_signal_features_colab_ultra
3671,1,0.86092895,1,challenge_10_signal_features_colab_ultra
3672,1,0.9999911,1,challenge_10_signal_features_colab_ultra
3673,1,0.009753487,0,challenge_10_signal_features_colab_ultra
3674,1,0.9827314,1,challenge_10_signal_features_colab_ultra
3675,0,0.7962122,1,challenge_10_signal_features_colab_ultra
3676,0,0.0010992894,0,challenge_10_signal_features_colab_ultra
3677,1,0.99999946,1,challenge_10_signal_features_colab_ultra
3678,1,0.9298082,1,challenge_10_signal_features_colab_ultra
3679,0,0.013262098,0,challenge_10_signal_features_colab_ultra
3680,0,0.0005545197,0,challenge_10_signal_features_colab_ultra
3681,1,0.9745601,1,challenge_10_signal_features_colab_ultra
3682,1,0.99999964,1,challenge_10_signal_features_colab_ultra
3683,1,0.9999858,1,challenge_10_signal_features_colab_ultra
3684,0,0.008830461,0,challenge_10_signal_features_colab_ultra
3685,0,0.0022335385,0,challenge_10_signal_features_colab_ultra
3686,1,0.9999824,1,challenge_10_signal_features_colab_ultra
3687,0,6.92084e-07,0,challenge_10_signal_features_colab_ultra
3688,1,0.9999994,1,challenge_10_signal_features_colab_ultra
3689,0,0.00011686096,0,challenge_10_signal_features_colab_ultra
3690,0,0.010822891,0,challenge_10_signal_features_colab_ultra
3691,1,0.9935575,1,challenge_10_signal_features_colab_ultra
3692,0,0.0066341595,0,challenge_10_signal_features_colab_ultra
3693,1,0.81737435,1,challenge_10_signal_features_colab_ultra
3694,1,0.93311554,1,challenge_10_signal_features_colab_ultra
3695,0,3.9553794e-05,0,challenge_10_signal_features_colab_ultra
3696,1,0.98825836,1,challenge_10_signal_features_colab_ultra
3697,1,0.9999997,1,challenge_10_signal_features_colab_ultra
3698,1,1.0,1,challenge_10_signal_features_colab_ultra
3699,1,0.9418241,1,challenge_10_signal_features_colab_ultra
3700,1,0.99999934,1,challenge_10_signal_features_colab_ultra
3701,1,0.9672245,1,challenge_10_signal_features_colab_ultra
3702,0,0.0008681661,0,challenge_10_signal_features_colab_ultra
3703,0,0.10424054,0,challenge_10_signal_features_colab_ultra
3704,0,0.038390692,0,challenge_10_signal_features_colab_ultra
3705,0,0.053888865,0,challenge_10_signal_features_colab_ultra
3706,1,0.90542823,1,challenge_10_signal_features_colab_ultra
3707,0,0.18859835,0,challenge_10_signal_features_colab_ultra
3708,1,0.9955903,1,challenge_10_signal_features_colab_ultra
3709,0,0.08766737,0,challenge_10_signal_features_colab_ultra
3710,1,0.99645907,1,challenge_10_signal_features_colab_ultra
3711,1,0.84427506,1,challenge_10_signal_features_colab_ultra
3712,0,8.9310464e-07,0,challenge_10_signal_features_colab_ultra
3713,1,0.9819434,1,challenge_10_signal_features_colab_ultra
3714,1,0.99999905,1,challenge_10_signal_features_colab_ultra
3715,0,0.003028361,0,challenge_10_signal_features_colab_ultra
3716,1,0.9999892,1,challenge_10_signal_features_colab_ultra
3717,0,0.7468493,1,challenge_10_signal_features_colab_ultra
3718,1,0.99533606,1,challenge_10_signal_features_colab_ultra
3719,0,0.033787407,0,challenge_10_signal_features_colab_ultra
3720,0,0.00050703227,0,challenge_10_signal_features_colab_ultra
3721,1,0.8939692,1,challenge_10_signal_features_colab_ultra
3722,1,0.67293113,1,challenge_10_signal_features_colab_ultra
3723,0,0.0035483695,0,challenge_10_signal_features_colab_ultra
3724,0,0.07099881,0,challenge_10_signal_features_colab_ultra
3725,0,0.037601907,0,challenge_10_signal_features_colab_ultra
3726,1,0.8985151,1,challenge_10_signal_features_colab_ultra
3727,0,0.00023430114,0,challenge_10_signal_features_colab_ultra
3728,1,0.9999992,1,challenge_10_signal_features_colab_ultra
3729,0,0.0075714,0,challenge_10_signal_features_colab_ultra
3730,0,0.19865192,0,challenge_10_signal_features_colab_ultra
3731,1,0.9958854,1,challenge_10_signal_features_colab_ultra
3732,1,0.9999961,1,challenge_10_signal_features_colab_ultra
3733,1,0.99999803,1,challenge_10_signal_features_colab_ultra
3734,1,0.9973757,1,challenge_10_signal_features_colab_ultra
3735,0,4.9579696e-05,0,challenge_10_signal_features_colab_ultra
3736,1,0.9999877,1,challenge_10_signal_features_colab_ultra
3737,0,0.295214,0,challenge_10_signal_features_colab_ultra
3738,1,0.9834058,1,challenge_10_signal_features_colab_ultra
3739,1,0.997374,1,challenge_10_signal_features_colab_ultra
3740,0,0.00944757,0,challenge_10_signal_features_colab_ultra
3741,1,0.99999887,1,challenge_10_signal_features_colab_ultra
3742,1,0.9090958,1,challenge_10_signal_features_colab_ultra
3743,1,0.9999941,1,challenge_10_signal_features_colab_ultra
3744,1,0.8068547,1,challenge_10_signal_features_colab_ultra
3745,0,0.37697384,0,challenge_10_signal_features_colab_ultra
3746,1,0.98583364,1,challenge_10_signal_features_colab_ultra
3747,0,0.0033725335,0,challenge_10_signal_features_colab_ultra
3748,0,1.0715259e-05,0,challenge_10_signal_features_colab_ultra
3749,0,0.0014934143,0,challenge_10_signal_features_colab_ultra
3750,1,0.9592798,1,challenge_10_signal_features_colab_ultra
3751,1,0.9970666,1,challenge_10_signal_features_colab_ultra
3752,0,1.3916989e-06,0,challenge_10_signal_features_colab_ultra
3753,1,0.8320558,1,challenge_10_signal_features_colab_ultra
3754,0,0.022819506,0,challenge_10_signal_features_colab_ultra
3755,1,0.99999934,1,challenge_10_signal_features_colab_ultra
3756,1,0.96535695,1,challenge_10_signal_features_colab_ultra
3757,0,0.13633868,0,challenge_10_signal_features_colab_ultra
3758,0,0.00019787608,0,challenge_10_signal_features_colab_ultra
3759,0,0.3058137,0,challenge_10_signal_features_colab_ultra
3760,1,0.99999976,1,challenge_10_signal_features_colab_ultra
3761,1,0.9999974,1,challenge_10_signal_features_colab_ultra
3762,1,0.9092095,1,challenge_10_signal_features_colab_ultra
3763,1,0.99998295,1,challenge_10_signal_features_colab_ultra
3764,0,0.000103372564,0,challenge_10_signal_features_colab_ultra
3765,0,1.9193581e-05,0,challenge_10_signal_features_colab_ultra
3766,0,0.00012737921,0,challenge_10_signal_features_colab_ultra
3767,0,0.00048431216,0,challenge_10_signal_features_colab_ultra
3768,1,0.03868435,0,challenge_10_signal_features_colab_ultra
3769,0,0.0013537774,0,challenge_10_signal_features_colab_ultra
3770,0,0.01163729,0,challenge_10_signal_features_colab_ultra
3771,1,0.9947904,1,challenge_10_signal_features_colab_ultra
3772,0,1.0000001e-07,0,challenge_10_signal_features_colab_ultra
3773,1,0.94541544,1,challenge_10_signal_features_colab_ultra
3774,1,0.9234875,1,challenge_10_signal_features_colab_ultra
3775,0,0.026709491,0,challenge_10_signal_features_colab_ultra
3776,1,0.92582774,1,challenge_10_signal_features_colab_ultra
3777,1,0.9888795,1,challenge_10_signal_features_colab_ultra
3778,0,0.00052659726,0,challenge_10_signal_features_colab_ultra
3779,0,0.0025947485,0,challenge_10_signal_features_colab_ultra
3780,1,0.9999826,1,challenge_10_signal_features_colab_ultra
3781,0,0.010918742,0,challenge_10_signal_features_colab_ultra
3782,1,0.85525626,1,challenge_10_signal_features_colab_ultra
3783,1,0.99999386,1,challenge_10_signal_features_colab_ultra
3784,1,0.9955465,1,challenge_10_signal_features_colab_ultra
3785,0,0.030658824,0,challenge_10_signal_features_colab_ultra
3786,1,0.9951372,1,challenge_10_signal_features_colab_ultra
3787,0,0.027588602,0,challenge_10_signal_features_colab_ultra
3788,1,0.9880141,1,challenge_10_signal_features_colab_ultra
3789,0,0.00022665494,0,challenge_10_signal_features_colab_ultra
3790,0,6.2266685e-05,0,challenge_10_signal_features_colab_ultra
3791,1,0.99557716,1,challenge_10_signal_features_colab_ultra
3792,0,0.0040144995,0,challenge_10_signal_features_colab_ultra
3793,0,0.58593154,1,challenge_10_signal_features_colab_ultra
3794,0,0.9456838,1,challenge_10_signal_features_colab_ultra
3795,0,0.03659421,0,challenge_10_signal_features_colab_ultra
3796,0,0.015060447,0,challenge_10_signal_features_colab_ultra
3797,1,0.9879625,1,challenge_10_signal_features_colab_ultra
3798,0,0.0025958822,0,challenge_10_signal_features_colab_ultra
3799,1,0.9593514,1,challenge_10_signal_features_colab_ultra
3800,0,0.00065559795,0,challenge_10_signal_features_colab_ultra
3801,1,0.8953897,1,challenge_10_signal_features_colab_ultra
3802,1,0.88538295,1,challenge_10_signal_features_colab_ultra
3803,0,0.03876867,0,challenge_10_signal_features_colab_ultra
3804,1,0.99119663,1,challenge_10_signal_features_colab_ultra
3805,0,0.00034557586,0,challenge_10_signal_features_colab_ultra
3806,0,0.0014436026,0,challenge_10_signal_features_colab_ultra
3807,1,0.99552137,1,challenge_10_signal_features_colab_ultra
3808,0,0.0010568101,0,challenge_10_signal_features_colab_ultra
3809,0,0.0042021773,0,challenge_10_signal_features_colab_ultra
3810,0,0.000256615,0,challenge_10_signal_features_colab_ultra
3811,0,0.0059528584,0,challenge_10_signal_features_colab_ultra
3812,0,0.23798482,0,challenge_10_signal_features_colab_ultra
3813,0,0.036044173,0,challenge_10_signal_features_colab_ultra
3814,1,0.969396,1,challenge_10_signal_features_colab_ultra
3815,1,0.9725851,1,challenge_10_signal_features_colab_ultra
3816,0,0.28905946,0,challenge_10_signal_features_colab_ultra
3817,0,1.0000001e-07,0,challenge_10_signal_features_colab_ultra
3818,0,0.0021274916,0,challenge_10_signal_features_colab_ultra
3819,0,0.00013664456,0,challenge_10_signal_features_colab_ultra
3820,1,0.98566204,1,challenge_10_signal_features_colab_ultra
3821,1,0.9958752,1,challenge_10_signal_features_colab_ultra
3822,0,0.0030780851,0,challenge_10_signal_features_colab_ultra
3823,1,0.99520075,1,challenge_10_signal_features_colab_ultra
3824,0,0.0021937487,0,challenge_10_signal_features_colab_ultra
3825,1,0.5620197,1,challenge_10_signal_features_colab_ultra
3826,0,0.00051620655,0,challenge_10_signal_features_colab_ultra
3827,0,0.41879272,0,challenge_10_signal_features_colab_ultra
3828,1,0.9888317,1,challenge_10_signal_features_colab_ultra
3829,0,0.0007325535,0,challenge_10_signal_features_colab_ultra
3830,1,0.9563388,1,challenge_10_signal_features_colab_ultra
3831,0,8.0834434e-05,0,challenge_10_signal_features_colab_ultra
3832,0,0.00014087214,0,challenge_10_signal_features_colab_ultra
3833,1,0.97537297,1,challenge_10_signal_features_colab_ultra
3834,1,0.9947658,1,challenge_10_signal_features_colab_ultra
3835,0,0.43946287,0,challenge_10_signal_features_colab_ultra
3836,0,0.00022102323,0,challenge_10_signal_features_colab_ultra
3837,1,0.99740326,1,challenge_10_signal_features_colab_ultra
3838,1,0.8905589,1,challenge_10_signal_features_colab_ultra
3839,1,0.9859796,1,challenge_10_signal_features_colab_ultra
3840,0,0.0013853936,0,challenge_10_signal_features_colab_ultra
3841,0,0.008253933,0,challenge_10_signal_features_colab_ultra
3842,0,0.00046628612,0,challenge_10_signal_features_colab_ultra
3843,1,0.010214261,0,challenge_10_signal_features_colab_ultra
3844,0,0.011445222,0,challenge_10_signal_features_colab_ultra
3845,1,0.9999994,1,challenge_10_signal_features_colab_ultra
3846,0,0.00035842098,0,challenge_10_signal_features_colab_ultra
3847,1,0.99708015,1,challenge_10_signal_features_colab_ultra
3848,0,3.6898884e-06,0,challenge_10_signal_features_colab_ultra
3849,0,0.0007497604,0,challenge_10_signal_features_colab_ultra
3850,1,0.9914866,1,challenge_10_signal_features_colab_ultra
3851,0,7.3283525e-05,0,challenge_10_signal_features_colab_ultra
3852,1,0.94157046,1,challenge_10_signal_features_colab_ultra
3853,1,0.70302343,1,challenge_10_signal_features_colab_ultra
3854,1,0.9999997,1,challenge_10_signal_features_colab_ultra
3855,1,0.9765941,1,challenge_10_signal_features_colab_ultra
3856,0,9.648197e-07,0,challenge_10_signal_features_colab_ultra
3857,0,0.19305518,0,challenge_10_signal_features_colab_ultra
3858,1,0.99999845,1,challenge_10_signal_features_colab_ultra
3859,0,0.0007160333,0,challenge_10_signal_features_colab_ultra
3860,0,0.010587025,0,challenge_10_signal_features_colab_ultra
3861,0,0.0025906807,0,challenge_10_signal_features_colab_ultra
3862,1,0.8816494,1,challenge_10_signal_features_colab_ultra
3863,1,0.9964177,1,challenge_10_signal_features_colab_ultra
3864,1,0.9926603,1,challenge_10_signal_features_colab_ultra
3865,0,0.0039813537,0,challenge_10_signal_features_colab_ultra
3866,0,0.08505588,0,challenge_10_signal_features_colab_ultra
3867,0,1.0000001e-07,0,challenge_10_signal_features_colab_ultra
3868,1,0.9936026,1,challenge_10_signal_features_colab_ultra
3869,1,0.8660513,1,challenge_10_signal_features_colab_ultra
3870,0,0.0038180575,0,challenge_10_signal_features_colab_ultra
3871,1,0.23223357,0,challenge_10_signal_features_colab_ultra
3872,0,0.0104654925,0,challenge_10_signal_features_colab_ultra
3873,1,0.9951121,1,challenge_10_signal_features_colab_ultra
3874,1,0.9999932,1,challenge_10_signal_features_colab_ultra
3875,0,0.00016726159,0,challenge_10_signal_features_colab_ultra
3876,0,0.00019432286,0,challenge_10_signal_features_colab_ultra
3877,0,0.00020822271,0,challenge_10_signal_features_colab_ultra
3878,0,0.042939737,0,challenge_10_signal_features_colab_ultra
3879,1,0.7889406,1,challenge_10_signal_features_colab_ultra
3880,0,0.009236537,0,challenge_10_signal_features_colab_ultra
3881,0,0.21239334,0,challenge_10_signal_features_colab_ultra
3882,1,0.99215657,1,challenge_10_signal_features_colab_ultra
3883,0,0.42157188,0,challenge_10_signal_features_colab_ultra
3884,0,0.00039943846,0,challenge_10_signal_features_colab_ultra
3885,0,0.2345762,0,challenge_10_signal_features_colab_ultra
3886,0,0.090497725,0,challenge_10_signal_features_colab_ultra
3887,0,0.0006025041,0,challenge_10_signal_features_colab_ultra
3888,0,6.505528e-05,0,challenge_10_signal_features_colab_ultra
3889,1,0.9904215,1,challenge_10_signal_features_colab_ultra
3890,1,0.8809469,1,challenge_10_signal_features_colab_ultra
3891,1,0.9401109,1,challenge_10_signal_features_colab_ultra
3892,0,0.041403864,0,challenge_10_signal_features_colab_ultra
3893,1,0.5460783,1,challenge_10_signal_features_colab_ultra
3894,0,0.0028376519,0,challenge_10_signal_features_colab_ultra
3895,1,0.90475005,1,challenge_10_signal_features_colab_ultra
3896,1,0.9313795,1,challenge_10_signal_features_colab_ultra
3897,1,0.99704355,1,challenge_10_signal_features_colab_ultra
3898,1,0.9806988,1,challenge_10_signal_features_colab_ultra
3899,1,0.99632865,1,challenge_10_signal_features_colab_ultra
3900,0,0.00016086148,0,challenge_10_signal_features_colab_ultra
3901,1,0.9496062,1,challenge_10_signal_features_colab_ultra
3902,1,0.99999976,1,challenge_10_signal_features_colab_ultra
3903,1,0.40743327,0,challenge_10_signal_features_colab_ultra
3904,0,0.009891252,0,challenge_10_signal_features_colab_ultra
3905,1,0.9927448,1,challenge_10_signal_features_colab_ultra
3906,1,0.99999994,1,challenge_10_signal_features_colab_ultra
3907,0,0.058340754,0,challenge_10_signal_features_colab_ultra
3908,1,0.9999945,1,challenge_10_signal_features_colab_ultra
3909,1,0.9952847,1,challenge_10_signal_features_colab_ultra
3910,0,0.41730356,0,challenge_10_signal_features_colab_ultra
3911,1,0.7978745,1,challenge_10_signal_features_colab_ultra
3912,1,0.9907887,1,challenge_10_signal_features_colab_ultra
3913,0,0.0001500307,0,challenge_10_signal_features_colab_ultra
3914,1,0.99702483,1,challenge_10_signal_features_colab_ultra
3915,0,8.89564e-07,0,challenge_10_signal_features_colab_ultra
3916,1,0.89298093,1,challenge_10_signal_features_colab_ultra
3917,0,0.023188531,0,challenge_10_signal_features_colab_ultra
3918,1,0.9999925,1,challenge_10_signal_features_colab_ultra
3919,1,0.99204534,1,challenge_10_signal_features_colab_ultra
3920,1,0.99999815,1,challenge_10_signal_features_colab_ultra
3921,0,0.0002147897,0,challenge_10_signal_features_colab_ultra
3922,1,0.9968559,1,challenge_10_signal_features_colab_ultra
3923,0,0.0062357886,0,challenge_10_signal_features_colab_ultra
3924,1,0.9999934,1,challenge_10_signal_features_colab_ultra
3925,0,0.03529839,0,challenge_10_signal_features_colab_ultra
3926,1,0.995306,1,challenge_10_signal_features_colab_ultra
3927,0,0.000119956756,0,challenge_10_signal_features_colab_ultra
3928,1,0.038253974,0,challenge_10_signal_features_colab_ultra
3929,0,0.7068554,1,challenge_10_signal_features_colab_ultra
3930,1,0.99486035,1,challenge_10_signal_features_colab_ultra
3931,1,0.80300546,1,challenge_10_signal_features_colab_ultra
3932,0,1.0810598e-05,0,challenge_10_signal_features_colab_ultra
3933,0,0.004974391,0,challenge_10_signal_features_colab_ultra
3934,0,0.51188326,1,challenge_10_signal_features_colab_ultra
3935,1,0.99519646,1,challenge_10_signal_features_colab_ultra
3936,0,0.002029674,0,challenge_10_signal_features_colab_ultra
3937,1,0.63320625,1,challenge_10_signal_features_colab_ultra
3938,0,8.919888e-05,0,challenge_10_signal_features_colab_ultra
3939,1,0.99537146,1,challenge_10_signal_features_colab_ultra
3940,0,0.0005811843,0,challenge_10_signal_features_colab_ultra
3941,0,1.4660345e-06,0,challenge_10_signal_features_colab_ultra
3942,0,0.010362175,0,challenge_10_signal_features_colab_ultra
3943,1,0.9999999,1,challenge_10_signal_features_colab_ultra
3944,1,0.9867434,1,challenge_10_signal_features_colab_ultra
3945,0,0.17603053,0,challenge_10_signal_features_colab_ultra
3946,0,0.0035841775,0,challenge_10_signal_features_colab_ultra
3947,1,0.98724,1,challenge_10_signal_features_colab_ultra
3948,0,0.21493168,0,challenge_10_signal_features_colab_ultra
3949,1,0.9630327,1,challenge_10_signal_features_colab_ultra
3950,1,0.9999993,1,challenge_10_signal_features_colab_ultra
3951,0,0.00018762992,0,challenge_10_signal_features_colab_ultra
3952,1,0.9999984,1,challenge_10_signal_features_colab_ultra
3953,1,0.99655807,1,challenge_10_signal_features_colab_ultra
3954,0,0.05780798,0,challenge_10_signal_features_colab_ultra
3955,0,0.15132904,0,challenge_10_signal_features_colab_ultra
3956,0,0.0013035482,0,challenge_10_signal_features_colab_ultra
3957,1,0.99024254,1,challenge_10_signal_features_colab_ultra
3958,1,0.97729254,1,challenge_10_signal_features_colab_ultra
3959,0,0.037760712,0,challenge_10_signal_features_colab_ultra
3960,0,0.09301224,0,challenge_10_signal_features_colab_ultra
3961,1,0.9819266,1,challenge_10_signal_features_colab_ultra
3962,1,0.9923628,1,challenge_10_signal_features_colab_ultra
3963,1,0.9966393,1,challenge_10_signal_features_colab_ultra
3964,0,0.027491994,0,challenge_10_signal_features_colab_ultra
3965,1,0.99998647,1,challenge_10_signal_features_colab_ultra
3966,1,0.99999267,1,challenge_10_signal_features_colab_ultra
3967,0,1.0000001e-07,0,challenge_10_signal_features_colab_ultra
3968,0,0.0057686283,0,challenge_10_signal_features_colab_ultra
3969,0,0.11715554,0,challenge_10_signal_features_colab_ultra
3970,1,0.9486582,1,challenge_10_signal_features_colab_ultra
3971,1,0.99465287,1,challenge_10_signal_features_colab_ultra
3972,1,0.99040014,1,challenge_10_signal_features_colab_ultra
3973,1,0.9554867,1,challenge_10_signal_features_colab_ultra
3974,0,0.0055153873,0,challenge_10_signal_features_colab_ultra
3975,1,0.8376926,1,challenge_10_signal_features_colab_ultra
3976,0,0.0051583634,0,challenge_10_signal_features_colab_ultra
3977,1,0.99604934,1,challenge_10_signal_features_colab_ultra
3978,1,0.999999,1,challenge_10_signal_features_colab_ultra
3979,0,0.019549329,0,challenge_10_signal_features_colab_ultra
3980,1,0.99999726,1,challenge_10_signal_features_colab_ultra
3981,0,0.0010892595,0,challenge_10_signal_features_colab_ultra
3982,0,0.18037103,0,challenge_10_signal_features_colab_ultra
3983,0,0.5760512,1,challenge_10_signal_features_colab_ultra
3984,1,0.9999843,1,challenge_10_signal_features_colab_ultra
3985,0,0.0018217277,0,challenge_10_signal_features_colab_ultra
3986,0,0.31688905,0,challenge_10_signal_features_colab_ultra
3987,0,0.029436793,0,challenge_10_signal_features_colab_ultra
3988,1,0.99157995,1,challenge_10_signal_features_colab_ultra
3989,0,0.09395206,0,challenge_10_signal_features_colab_ultra
3990,1,0.99340564,1,challenge_10_signal_features_colab_ultra
3991,1,0.9752561,1,challenge_10_signal_features_colab_ultra
3992,0,0.42965335,0,challenge_10_signal_features_colab_ultra
3993,0,0.055017006,0,challenge_10_signal_features_colab_ultra
3994,1,0.047680713,0,challenge_10_signal_features_colab_ultra
3995,1,0.99999803,1,challenge_10_signal_features_colab_ultra
3996,0,0.19322354,0,challenge_10_signal_features_colab_ultra
3997,0,0.0050813947,0,challenge_10_signal_features_colab_ultra
3998,0,0.29556865,0,challenge_10_signal_features_colab_ultra
3999,1,0.9999982,1,challenge_10_signal_features_colab_ultra
4000,0,0.0002015234,0,challenge_10_signal_features_colab_ultra
4001,1,0.9792453,1,challenge_10_signal_features_colab_ultra
4002,0,0.0028285969,0,challenge_10_signal_features_colab_ultra
4003,1,0.99289984,1,challenge_10_signal_features_colab_ultra
4004,0,0.43579566,0,challenge_10_signal_features_colab_ultra
4005,1,0.9999986,1,challenge_10_signal_features_colab_ultra
4006,0,6.2978847e-06,0,challenge_10_signal_features_colab_ultra
4007,1,0.9942932,1,challenge_10_signal_features_colab_ultra
4008,0,1.134341e-06,0,challenge_10_signal_features_colab_ultra
4009,1,0.97129744,1,challenge_10_signal_features_colab_ultra
4010,0,0.00011547668,0,challenge_10_signal_features_colab_ultra
4011,0,0.10970215,0,challenge_10_signal_features_colab_ultra
4012,1,0.9335602,1,challenge_10_signal_features_colab_ultra
4013,0,5.7623292e-05,0,challenge_10_signal_features_colab_ultra
4014,1,0.99999094,1,challenge_10_signal_features_colab_ultra
4015,0,9.00507e-06,0,challenge_10_signal_features_colab_ultra
4016,1,1.0,1,challenge_10_signal_features_colab_ultra
4017,1,0.9882742,1,challenge_10_signal_features_colab_ultra
4018,1,0.6917709,1,challenge_10_signal_features_colab_ultra
4019,1,0.98195183,1,challenge_10_signal_features_colab_ultra
4020,1,0.99312025,1,challenge_10_signal_features_colab_ultra
4021,0,0.23822111,0,challenge_10_signal_features_colab_ultra
4022,0,0.009016821,0,challenge_10_signal_features_colab_ultra
4023,0,0.0030455496,0,challenge_10_signal_features_colab_ultra
4024,1,0.37858564,0,challenge_10_signal_features_colab_ultra
4025,1,0.9999999,1,challenge_10_signal_features_colab_ultra
4026,1,0.9999815,1,challenge_10_signal_features_colab_ultra
4027,1,0.99617165,1,challenge_10_signal_features_colab_ultra
4028,0,0.060165204,0,challenge_10_signal_features_colab_ultra
4029,1,0.9926997,1,challenge_10_signal_features_colab_ultra
4030,1,0.9999994,1,challenge_10_signal_features_colab_ultra
4031,1,0.99999386,1,challenge_10_signal_features_colab_ultra
4032,1,0.9639085,1,challenge_10_signal_features_colab_ultra
4033,1,0.7873267,1,challenge_10_signal_features_colab_ultra
4034,1,0.94941354,1,challenge_10_signal_features_colab_ultra
4035,1,0.8225282,1,challenge_10_signal_features_colab_ultra
4036,0,0.0006568143,0,challenge_10_signal_features_colab_ultra
4037,0,0.0130622685,0,challenge_10_signal_features_colab_ultra
4038,0,0.006556899,0,challenge_10_signal_features_colab_ultra
4039,0,4.6680518e-05,0,challenge_10_signal_features_colab_ultra
4040,0,0.23403476,0,challenge_10_signal_features_colab_ultra
4041,0,0.43352163,0,challenge_10_signal_features_colab_ultra
4042,0,0.13270372,0,challenge_10_signal_features_colab_ultra
4043,1,0.8048574,1,challenge_10_signal_features_colab_ultra
4044,0,0.00016302927,0,challenge_10_signal_features_colab_ultra
4045,1,0.99732924,1,challenge_10_signal_features_colab_ultra
4046,1,0.99999875,1,challenge_10_signal_features_colab_ultra
4047,0,0.0023858754,0,challenge_10_signal_features_colab_ultra
4048,0,0.006000297,0,challenge_10_signal_features_colab_ultra
4049,0,0.06200536,0,challenge_10_signal_features_colab_ultra
4050,1,0.995051,1,challenge_10_signal_features_colab_ultra
4051,1,0.9594815,1,challenge_10_signal_features_colab_ultra
4052,0,0.30682164,0,challenge_10_signal_features_colab_ultra
4053,1,0.9944334,1,challenge_10_signal_features_colab_ultra
4054,0,0.0047382414,0,challenge_10_signal_features_colab_ultra
4055,0,0.22935411,0,challenge_10_signal_features_colab_ultra
4056,0,0.0022206106,0,challenge_10_signal_features_colab_ultra
4057,1,0.9799423,1,challenge_10_signal_features_colab_ultra
4058,0,0.5883154,1,challenge_10_signal_features_colab_ultra
4059,0,0.09710978,0,challenge_10_signal_features_colab_ultra
4060,0,0.73292816,1,challenge_10_signal_features_colab_ultra
4061,0,0.025955632,0,challenge_10_signal_features_colab_ultra
4062,0,0.60958374,1,challenge_10_signal_features_colab_ultra
4063,0,7.0381964e-07,0,challenge_10_signal_features_colab_ultra
4064,0,0.0024197497,0,challenge_10_signal_features_colab_ultra
4065,1,0.98982984,1,challenge_10_signal_features_colab_ultra
4066,1,0.7054112,1,challenge_10_signal_features_colab_ultra
4067,1,0.9166366,1,challenge_10_signal_features_colab_ultra
4068,0,0.29609093,0,challenge_10_signal_features_colab_ultra
4069,0,0.3450791,0,challenge_10_signal_features_colab_ultra
4070,0,0.0021113856,0,challenge_10_signal_features_colab_ultra
4071,0,0.00018515644,0,challenge_10_signal_features_colab_ultra
4072,1,0.9656778,1,challenge_10_signal_features_colab_ultra
4073,0,0.00018436684,0,challenge_10_signal_features_colab_ultra
4074,1,0.7125982,1,challenge_10_signal_features_colab_ultra
4075,1,0.99998975,1,challenge_10_signal_features_colab_ultra
4076,0,0.010940811,0,challenge_10_signal_features_colab_ultra
4077,0,0.0008437603,0,challenge_10_signal_features_colab_ultra
4078,0,0.016417474,0,challenge_10_signal_features_colab_ultra
4079,0,0.0012219107,0,challenge_10_signal_features_colab_ultra
4080,0,0.43448532,0,challenge_10_signal_features_colab_ultra
4081,0,0.0010990899,0,challenge_10_signal_features_colab_ultra
4082,1,0.9104103,1,challenge_10_signal_features_colab_ultra
4083,0,3.8919366e-06,0,challenge_10_signal_features_colab_ultra
4084,1,0.730768,1,challenge_10_signal_features_colab_ultra
4085,0,0.008048477,0,challenge_10_signal_features_colab_ultra
4086,0,0.021279782,0,challenge_10_signal_features_colab_ultra
4087,1,0.99999845,1,challenge_10_signal_features_colab_ultra
4088,1,0.9999962,1,challenge_10_signal_features_colab_ultra
4089,1,0.9400619,1,challenge_10_signal_features_colab_ultra
4090,1,0.99676204,1,challenge_10_signal_features_colab_ultra
4091,0,0.0036805125,0,challenge_10_signal_features_colab_ultra
4092,0,0.0009960986,0,challenge_10_signal_features_colab_ultra
4093,1,1.0,1,challenge_10_signal_features_colab_ultra
4094,1,0.9966225,1,challenge_10_signal_features_colab_ultra
4095,1,0.9862769,1,challenge_10_signal_features_colab_ultra
4096,0,0.0028620744,0,challenge_10_signal_features_colab_ultra
4097,1,0.99482375,1,challenge_10_signal_features_colab_ultra
4098,0,0.0014409455,0,challenge_10_signal_features_colab_ultra
4099,0,0.21279138,0,challenge_10_signal_features_colab_ultra
4100,1,0.9999989,1,challenge_10_signal_features_colab_ultra
4101,0,0.00647547,0,challenge_10_signal_features_colab_ultra
4102,0,0.009164312,0,challenge_10_signal_features_colab_ultra
4103,1,0.98937774,1,challenge_10_signal_features_colab_ultra
4104,1,0.9939574,1,challenge_10_signal_features_colab_ultra
4105,0,0.048820075,0,challenge_10_signal_features_colab_ultra
4106,0,0.07883898,0,challenge_10_signal_features_colab_ultra
4107,0,0.44769377,0,challenge_10_signal_features_colab_ultra
4108,0,0.004362062,0,challenge_10_signal_features_colab_ultra
4109,1,0.8308451,1,challenge_10_signal_features_colab_ultra
4110,0,0.013084998,0,challenge_10_signal_features_colab_ultra
4111,0,1.0000001e-07,0,challenge_10_signal_features_colab_ultra
4112,1,0.982193,1,challenge_10_signal_features_colab_ultra
4113,1,0.9999999,1,challenge_10_signal_features_colab_ultra
4114,0,0.009900809,0,challenge_10_signal_features_colab_ultra
4115,0,0.17178062,0,challenge_10_signal_features_colab_ultra
4116,1,0.79222697,1,challenge_10_signal_features_colab_ultra
4117,0,0.14333193,0,challenge_10_signal_features_colab_ultra
4118,0,0.00020024354,0,challenge_10_signal_features_colab_ultra
4119,0,0.00019447735,0,challenge_10_signal_features_colab_ultra
4120,0,0.9455219,1,challenge_10_signal_features_colab_ultra
4121,0,0.00011518363,0,challenge_10_signal_features_colab_ultra
4122,1,0.99998754,1,challenge_10_signal_features_colab_ultra
4123,0,0.0034979617,0,challenge_10_signal_features_colab_ultra
4124,0,0.0007868991,0,challenge_10_signal_features_colab_ultra
4125,1,0.9878688,1,challenge_10_signal_features_colab_ultra
4126,1,0.98845315,1,challenge_10_signal_features_colab_ultra
4127,0,9.347493e-07,0,challenge_10_signal_features_colab_ultra
4128,1,0.9292154,1,challenge_10_signal_features_colab_ultra
4129,0,0.13273053,0,challenge_10_signal_features_colab_ultra
4130,0,0.34494436,0,challenge_10_signal_features_colab_ultra
4131,0,0.007039523,0,challenge_10_signal_features_colab_ultra
4132,1,0.91099,1,challenge_10_signal_features_colab_ultra
4133,0,0.00010115073,0,challenge_10_signal_features_colab_ultra
4134,0,0.005646482,0,challenge_10_signal_features_colab_ultra
4135,1,0.98722386,1,challenge_10_signal_features_colab_ultra
4136,1,0.6078629,1,challenge_10_signal_features_colab_ultra
4137,0,0.01216342,0,challenge_10_signal_features_colab_ultra
4138,1,0.9831451,1,challenge_10_signal_features_colab_ultra
4139,0,3.8420494e-06,0,challenge_10_signal_features_colab_ultra
4140,1,0.9818861,1,challenge_10_signal_features_colab_ultra
4141,0,0.00017755183,0,challenge_10_signal_features_colab_ultra
4142,1,0.17223777,0,challenge_10_signal_features_colab_ultra
4143,0,0.0013967677,0,challenge_10_signal_features_colab_ultra
4144,1,0.959291,1,challenge_10_signal_features_colab_ultra
4145,0,0.96897876,1,challenge_10_signal_features_colab_ultra
4146,1,0.99999934,1,challenge_10_signal_features_colab_ultra
4147,1,0.9938076,1,challenge_10_signal_features_colab_ultra
4148,1,0.9999976,1,challenge_10_signal_features_colab_ultra
4149,0,2.7791077e-05,0,challenge_10_signal_features_colab_ultra
4150,0,0.0011366542,0,challenge_10_signal_features_colab_ultra
4151,0,4.483325e-05,0,challenge_10_signal_features_colab_ultra
4152,1,0.9929783,1,challenge_10_signal_features_colab_ultra
4153,0,0.00091025385,0,challenge_10_signal_features_colab_ultra
4154,0,0.016253714,0,challenge_10_signal_features_colab_ultra
4155,0,4.644086e-05,0,challenge_10_signal_features_colab_ultra
4156,1,0.8235577,1,challenge_10_signal_features_colab_ultra
4157,0,0.001353795,0,challenge_10_signal_features_colab_ultra
4158,1,0.99656165,1,challenge_10_signal_features_colab_ultra
4159,1,0.99999934,1,challenge_10_signal_features_colab_ultra
4160,0,0.39165777,0,challenge_10_signal_features_colab_ultra
4161,0,3.811864e-05,0,challenge_10_signal_features_colab_ultra
4162,0,0.02596524,0,challenge_10_signal_features_colab_ultra
4163,1,0.98980117,1,challenge_10_signal_features_colab_ultra
4164,1,0.5316956,1,challenge_10_signal_features_colab_ultra
4165,1,0.5706266,1,challenge_10_signal_features_colab_ultra
4166,0,0.0038712574,0,challenge_10_signal_features_colab_ultra
4167,1,0.6959348,1,challenge_10_signal_features_colab_ultra
4168,1,0.96382254,1,challenge_10_signal_features_colab_ultra
4169,0,8.1052334e-05,0,challenge_10_signal_features_colab_ultra
4170,0,0.0005054239,0,challenge_10_signal_features_colab_ultra
4171,1,0.8668908,1,challenge_10_signal_features_colab_ultra
4172,0,8.390673e-05,0,challenge_10_signal_features_colab_ultra
4173,1,0.9585474,1,challenge_10_signal_features_colab_ultra
4174,1,0.99706477,1,challenge_10_signal_features_colab_ultra
4175,0,7.744502e-05,0,challenge_10_signal_features_colab_ultra
4176,0,1.9548675e-06,0,challenge_10_signal_features_colab_ultra
4177,0,0.0037105747,0,challenge_10_signal_features_colab_ultra
4178,0,0.0029593613,0,challenge_10_signal_features_colab_ultra
4179,0,0.62195677,1,challenge_10_signal_features_colab_ultra
4180,0,0.029642837,0,challenge_10_signal_features_colab_ultra
4181,0,0.00035965262,0,challenge_10_signal_features_colab_ultra
4182,1,0.99629086,1,challenge_10_signal_features_colab_ultra
4183,1,0.98014086,1,challenge_10_signal_features_colab_ultra
4184,1,0.9905876,1,challenge_10_signal_features_colab_ultra
4185,1,0.97403324,1,challenge_10_signal_features_colab_ultra
4186,1,0.89824396,1,challenge_10_signal_features_colab_ultra
4187,0,0.0003047077,0,challenge_10_signal_features_colab_ultra
4188,0,0.4678998,0,challenge_10_signal_features_colab_ultra
4189,0,7.80529e-05,0,challenge_10_signal_features_colab_ultra
4190,0,0.11609685,0,challenge_10_signal_features_colab_ultra
4191,0,0.00072092644,0,challenge_10_signal_features_colab_ultra
4192,0,0.00015848581,0,challenge_10_signal_features_colab_ultra
4193,0,0.002362247,0,challenge_10_signal_features_colab_ultra
4194,0,5.639805e-05,0,challenge_10_signal_features_colab_ultra
4195,1,0.24241836,0,challenge_10_signal_features_colab_ultra
4196,0,0.63394886,1,challenge_10_signal_features_colab_ultra
4197,1,0.99999976,1,challenge_10_signal_features_colab_ultra
4198,1,0.99372685,1,challenge_10_signal_features_colab_ultra
4199,0,0.00028171024,0,challenge_10_signal_features_colab_ultra
4200,0,0.0003472631,0,challenge_10_signal_features_colab_ultra
4201,1,0.80942166,1,challenge_10_signal_features_colab_ultra
4202,1,0.9747653,1,challenge_10_signal_features_colab_ultra
4203,0,0.12473368,0,challenge_10_signal_features_colab_ultra
4204,0,0.22383237,0,challenge_10_signal_features_colab_ultra
4205,0,0.00010171206,0,challenge_10_signal_features_colab_ultra
4206,1,0.8494487,1,challenge_10_signal_features_colab_ultra
4207,1,0.91171783,1,challenge_10_signal_features_colab_ultra
4208,1,0.96652365,1,challenge_10_signal_features_colab_ultra
4209,0,0.1189029,0,challenge_10_signal_features_colab_ultra
4210,1,0.9416234,1,challenge_10_signal_features_colab_ultra
4211,0,2.8868995e-05,0,challenge_10_signal_features_colab_ultra
4212,0,0.80156016,1,challenge_10_signal_features_colab_ultra
4213,1,0.9957167,1,challenge_10_signal_features_colab_ultra
4214,0,0.28658867,0,challenge_10_signal_features_colab_ultra
4215,1,0.20636432,0,challenge_10_signal_features_colab_ultra
4216,0,0.0008852361,0,challenge_10_signal_features_colab_ultra
4217,0,0.035749625,0,challenge_10_signal_features_colab_ultra
4218,1,0.9971183,1,challenge_10_signal_features_colab_ultra
4219,0,0.000823905,0,challenge_10_signal_features_colab_ultra
4220,1,0.9958369,1,challenge_10_signal_features_colab_ultra
4221,0,5.1815325e-05,0,challenge_10_signal_features_colab_ultra
4222,0,0.00019283929,0,challenge_10_signal_features_colab_ultra
4223,1,0.98086333,1,challenge_10_signal_features_colab_ultra
4224,0,0.4720031,0,challenge_10_signal_features_colab_ultra
4225,0,0.00013456169,0,challenge_10_signal_features_colab_ultra
4226,1,0.9999999,1,challenge_10_signal_features_colab_ultra
4227,0,8.7803965e-05,0,challenge_10_signal_features_colab_ultra
4228,0,0.08626793,0,challenge_10_signal_features_colab_ultra
4229,0,0.018561265,0,challenge_10_signal_features_colab_ultra
4230,0,0.9453053,1,challenge_10_signal_features_colab_ultra
4231,1,0.8198098,1,challenge_10_signal_features_colab_ultra
4232,1,0.9839443,1,challenge_10_signal_features_colab_ultra
4233,0,0.6197774,1,challenge_10_signal_features_colab_ultra
4234,0,0.0039236033,0,challenge_10_signal_features_colab_ultra
4235,1,0.9749712,1,challenge_10_signal_features_colab_ultra
4236,0,9.093491e-05,0,challenge_10_signal_features_colab_ultra
4237,0,0.00030498346,0,challenge_10_signal_features_colab_ultra
4238,1,0.99551314,1,challenge_10_signal_features_colab_ultra
4239,0,1.0000001e-07,0,challenge_10_signal_features_colab_ultra
4240,1,0.84684795,1,challenge_10_signal_features_colab_ultra
4241,1,0.80355626,1,challenge_10_signal_features_colab_ultra
4242,1,0.9999938,1,challenge_10_signal_features_colab_ultra
4243,1,0.24204125,0,challenge_10_signal_features_colab_ultra
4244,0,2.0440789e-06,0,challenge_10_signal_features_colab_ultra
4245,0,0.031069953,0,challenge_10_signal_features_colab_ultra
4246,0,0.0013060977,0,challenge_10_signal_features_colab_ultra
4247,1,0.9357818,1,challenge_10_signal_features_colab_ultra
4248,0,1.883953e-06,0,challenge_10_signal_features_colab_ultra
4249,0,0.006266201,0,challenge_10_signal_features_colab_ultra
4250,1,0.99155617,1,challenge_10_signal_features_colab_ultra
4251,1,0.8460474,1,challenge_10_signal_features_colab_ultra
4252,0,0.019360423,0,challenge_10_signal_features_colab_ultra
4253,0,0.0075196372,0,challenge_10_signal_features_colab_ultra
4254,0,0.035671063,0,challenge_10_signal_features_colab_ultra
4255,0,0.036121275,0,challenge_10_signal_features_colab_ultra
4256,1,0.63417894,1,challenge_10_signal_features_colab_ultra
4257,1,0.9844004,1,challenge_10_signal_features_colab_ultra
4258,1,0.87105453,1,challenge_10_signal_features_colab_ultra
4259,0,0.0037922417,0,challenge_10_signal_features_colab_ultra
4260,1,0.9936539,1,challenge_10_signal_features_colab_ultra
4261,0,0.17734717,0,challenge_10_signal_features_colab_ultra
4262,1,0.9999995,1,challenge_10_signal_features_colab_ultra
4263,0,0.011795145,0,challenge_10_signal_features_colab_ultra
4264,0,0.032144126,0,challenge_10_signal_features_colab_ultra
4265,1,0.99172217,1,challenge_10_signal_features_colab_ultra
4266,0,0.0001616321,0,challenge_10_signal_features_colab_ultra
4267,0,0.015265778,0,challenge_10_signal_features_colab_ultra
4268,0,0.360487,0,challenge_10_signal_features_colab_ultra
4269,0,0.030464394,0,challenge_10_signal_features_colab_ultra
4270,1,0.8585161,1,challenge_10_signal_features_colab_ultra
4271,1,0.9958895,1,challenge_10_signal_features_colab_ultra
4272,0,0.00012733173,0,challenge_10_signal_features_colab_ultra
4273,0,0.03584153,0,challenge_10_signal_features_colab_ultra
4274,1,0.85486037,1,challenge_10_signal_features_colab_ultra
4275,1,0.99479985,1,challenge_10_signal_features_colab_ultra
4276,1,0.52900404,1,challenge_10_signal_features_colab_ultra
4277,1,0.9974662,1,challenge_10_signal_features_colab_ultra
4278,1,0.9999978,1,challenge_10_signal_features_colab_ultra
4279,0,0.00084912573,0,challenge_10_signal_features_colab_ultra
4280,0,0.0005509613,0,challenge_10_signal_features_colab_ultra
4281,1,0.9973591,1,challenge_10_signal_features_colab_ultra
4282,1,0.9969628,1,challenge_10_signal_features_colab_ultra
4283,0,0.7075416,1,challenge_10_signal_features_colab_ultra
4284,1,0.7977668,1,challenge_10_signal_features_colab_ultra
4285,0,0.09662643,0,challenge_10_signal_features_colab_ultra
4286,1,0.9999987,1,challenge_10_signal_features_colab_ultra
4287,0,0.8729174,1,challenge_10_signal_features_colab_ultra
4288,1,0.039995868,0,challenge_10_signal_features_colab_ultra
4289,0,0.00011873815,0,challenge_10_signal_features_colab_ultra
4290,0,0.029666306,0,challenge_10_signal_features_colab_ultra
4291,0,2.7068807e-05,0,challenge_10_signal_features_colab_ultra
4292,1,0.99999034,1,challenge_10_signal_features_colab_ultra
4293,1,0.9534273,1,challenge_10_signal_features_colab_ultra
4294,1,0.9965902,1,challenge_10_signal_features_colab_ultra
4295,1,0.9614769,1,challenge_10_signal_features_colab_ultra
4296,1,0.99144214,1,challenge_10_signal_features_colab_ultra
4297,0,0.281302,0,challenge_10_signal_features_colab_ultra
4298,1,0.9796703,1,challenge_10_signal_features_colab_ultra
4299,1,0.9888767,1,challenge_10_signal_features_colab_ultra
4300,1,0.9925756,1,challenge_10_signal_features_colab_ultra
4301,1,0.99718416,1,challenge_10_signal_features_colab_ultra
4302,1,0.99654156,1,challenge_10_signal_features_colab_ultra
4303,1,0.08413848,0,challenge_10_signal_features_colab_ultra
4304,1,0.979051,1,challenge_10_signal_features_colab_ultra
4305,0,0.23992497,0,challenge_10_signal_features_colab_ultra
4306,0,0.55582756,1,challenge_10_signal_features_colab_ultra
4307,1,0.986478,1,challenge_10_signal_features_colab_ultra
4308,0,0.000120901386,0,challenge_10_signal_features_colab_ultra
4309,1,0.9965468,1,challenge_10_signal_features_colab_ultra
4310,0,0.002381155,0,challenge_10_signal_features_colab_ultra
4311,0,0.0034642508,0,challenge_10_signal_features_colab_ultra
4312,1,0.97670275,1,challenge_10_signal_features_colab_ultra
4313,1,0.9411054,1,challenge_10_signal_features_colab_ultra
4314,1,0.9999937,1,challenge_10_signal_features_colab_ultra
4315,0,0.0038713275,0,challenge_10_signal_features_colab_ultra
4316,1,0.99998426,1,challenge_10_signal_features_colab_ultra
4317,1,0.97469044,1,challenge_10_signal_features_colab_ultra
4318,1,0.9432406,1,challenge_10_signal_features_colab_ultra
4319,1,0.96192557,1,challenge_10_signal_features_colab_ultra
4320,0,0.099275135,0,challenge_10_signal_features_colab_ultra
4321,0,1.5280675e-05,0,challenge_10_signal_features_colab_ultra
4322,0,0.00050727616,0,challenge_10_signal_features_colab_ultra
4323,1,0.99998766,1,challenge_10_signal_features_colab_ultra
4324,1,0.9999902,1,challenge_10_signal_features_colab_ultra
4325,0,0.54143107,1,challenge_10_signal_features_colab_ultra
4326,1,0.9999955,1,challenge_10_signal_features_colab_ultra
4327,0,0.0012645727,0,challenge_10_signal_features_colab_ultra
4328,1,0.9999997,1,challenge_10_signal_features_colab_ultra
4329,1,0.9999913,1,challenge_10_signal_features_colab_ultra
4330,1,0.9970929,1,challenge_10_signal_features_colab_ultra
4331,1,0.999999,1,challenge_10_signal_features_colab_ultra
4332,0,0.45417184,0,challenge_10_signal_features_colab_ultra
4333,0,0.0059135407,0,challenge_10_signal_features_colab_ultra
4334,1,0.9616509,1,challenge_10_signal_features_colab_ultra
4335,0,0.00015037875,0,challenge_10_signal_features_colab_ultra
4336,1,0.9999998,1,challenge_10_signal_features_colab_ultra
4337,1,0.99999994,1,challenge_10_signal_features_colab_ultra
4338,1,0.9947351,1,challenge_10_signal_features_colab_ultra
4339,0,0.0015848788,0,challenge_10_signal_features_colab_ultra
4340,1,0.5262379,1,challenge_10_signal_features_colab_ultra
4341,0,0.009896472,0,challenge_10_signal_features_colab_ultra
4342,0,0.42527807,0,challenge_10_signal_features_colab_ultra
4343,1,0.9968031,1,challenge_10_signal_features_colab_ultra
4344,0,0.012683543,0,challenge_10_signal_features_colab_ultra
4345,1,0.99999934,1,challenge_10_signal_features_colab_ultra
4346,1,0.29778633,0,challenge_10_signal_features_colab_ultra
4347,0,0.87294906,1,challenge_10_signal_features_colab_ultra
4348,0,0.0026374178,0,challenge_10_signal_features_colab_ultra
4349,0,0.0045417864,0,challenge_10_signal_features_colab_ultra
4350,0,0.00017252308,0,challenge_10_signal_features_colab_ultra
4351,0,2.8017737e-07,0,challenge_10_signal_features_colab_ultra
4352,0,0.5526217,1,challenge_10_signal_features_colab_ultra
4353,0,0.65066665,1,challenge_10_signal_features_colab_ultra
4354,1,0.96752155,1,challenge_10_signal_features_colab_ultra
4355,0,2.6531065e-06,0,challenge_10_signal_features_colab_ultra
4356,0,6.684038e-05,0,challenge_10_signal_features_colab_ultra
4357,1,0.99599063,1,challenge_10_signal_features_colab_ultra
4358,0,0.44153103,0,challenge_10_signal_features_colab_ultra
4359,0,0.026950823,0,challenge_10_signal_features_colab_ultra
4360,0,0.00036605366,0,challenge_10_signal_features_colab_ultra
4361,0,7.4133995e-06,0,challenge_10_signal_features_colab_ultra
4362,0,0.2203156,0,challenge_10_signal_features_colab_ultra
4363,0,0.00020767069,0,challenge_10_signal_features_colab_ultra
4364,1,0.99174863,1,challenge_10_signal_features_colab_ultra
4365,1,0.96893513,1,challenge_10_signal_features_colab_ultra
4366,0,0.052183084,0,challenge_10_signal_features_colab_ultra
4367,1,0.99999976,1,challenge_10_signal_features_colab_ultra
4368,1,0.28769442,0,challenge_10_signal_features_colab_ultra
4369,1,0.9999929,1,challenge_10_signal_features_colab_ultra
4370,1,0.9974111,1,challenge_10_signal_features_colab_ultra
4371,0,0.0012792054,0,challenge_10_signal_features_colab_ultra
4372,1,0.9933889,1,challenge_10_signal_features_colab_ultra
4373,1,0.98223877,1,challenge_10_signal_features_colab_ultra
4374,0,0.000345428,0,challenge_10_signal_features_colab_ultra
4375,1,0.964993,1,challenge_10_signal_features_colab_ultra
4376,0,0.00019986363,0,challenge_10_signal_features_colab_ultra
4377,0,0.028694443,0,challenge_10_signal_features_colab_ultra
4378,0,0.022047661,0,challenge_10_signal_features_colab_ultra
4379,0,0.02493482,0,challenge_10_signal_features_colab_ultra
4380,0,0.93115276,1,challenge_10_signal_features_colab_ultra
4381,1,0.9999879,1,challenge_10_signal_features_colab_ultra
4382,1,0.99713224,1,challenge_10_signal_features_colab_ultra
4383,1,0.9955199,1,challenge_10_signal_features_colab_ultra
4384,0,0.0419246,0,challenge_10_signal_features_colab_ultra
4385,1,0.94599783,1,challenge_10_signal_features_colab_ultra
4386,0,0.045950763,0,challenge_10_signal_features_colab_ultra
4387,0,0.00042721975,0,challenge_10_signal_features_colab_ultra
4388,1,0.9746227,1,challenge_10_signal_features_colab_ultra
4389,1,0.99999124,1,challenge_10_signal_features_colab_ultra
4390,1,0.9531058,1,challenge_10_signal_features_colab_ultra
4391,0,0.9194949,1,challenge_10_signal_features_colab_ultra
4392,1,0.7487803,1,challenge_10_signal_features_colab_ultra
4393,1,0.9836879,1,challenge_10_signal_features_colab_ultra
4394,0,0.01850429,0,challenge_10_signal_features_colab_ultra
4395,1,0.6615681,1,challenge_10_signal_features_colab_ultra
4396,1,0.99592507,1,challenge_10_signal_features_colab_ultra
4397,1,0.9959499,1,challenge_10_signal_features_colab_ultra
4398,1,0.9999968,1,challenge_10_signal_features_colab_ultra
4399,0,0.0007493067,0,challenge_10_signal_features_colab_ultra
4400,0,0.0014211105,0,challenge_10_signal_features_colab_ultra
4401,0,0.0077762846,0,challenge_10_signal_features_colab_ultra
4402,0,8.238556e-05,0,challenge_10_signal_features_colab_ultra
4403,1,0.99999607,1,challenge_10_signal_features_colab_ultra
4404,0,0.064390786,0,challenge_10_signal_features_colab_ultra
4405,0,1.22044175e-05,0,challenge_10_signal_features_colab_ultra
4406,0,0.0003481899,0,challenge_10_signal_features_colab_ultra
4407,0,0.0006501117,0,challenge_10_signal_features_colab_ultra
4408,1,0.87004083,1,challenge_10_signal_features_colab_ultra
4409,0,0.0010546591,0,challenge_10_signal_features_colab_ultra
4410,0,0.00088053936,0,challenge_10_signal_features_colab_ultra
4411,1,0.9876877,1,challenge_10_signal_features_colab_ultra
4412,1,0.69116795,1,challenge_10_signal_features_colab_ultra
4413,0,0.00019497666,0,challenge_10_signal_features_colab_ultra
4414,0,0.034738597,0,challenge_10_signal_features_colab_ultra
4415,0,7.9215264e-05,0,challenge_10_signal_features_colab_ultra
4416,1,0.99461424,1,challenge_10_signal_features_colab_ultra
4417,1,0.81444323,1,challenge_10_signal_features_colab_ultra
4418,0,0.0017712524,0,challenge_10_signal_features_colab_ultra
4419,0,0.2129475,0,challenge_10_signal_features_colab_ultra
4420,1,0.94012636,1,challenge_10_signal_features_colab_ultra
4421,1,0.99541765,1,challenge_10_signal_features_colab_ultra
4422,0,0.02863005,0,challenge_10_signal_features_colab_ultra
4423,0,0.0021179668,0,challenge_10_signal_features_colab_ultra
4424,0,0.00013602612,0,challenge_10_signal_features_colab_ultra
4425,0,0.7353294,1,challenge_10_signal_features_colab_ultra
4426,0,0.00016765815,0,challenge_10_signal_features_colab_ultra
4427,1,0.92803407,1,challenge_10_signal_features_colab_ultra
4428,0,0.02004704,0,challenge_10_signal_features_colab_ultra
4429,0,0.0049037575,0,challenge_10_signal_features_colab_ultra
4430,0,0.00071113586,0,challenge_10_signal_features_colab_ultra
4431,0,0.02142503,0,challenge_10_signal_features_colab_ultra
4432,0,0.99194115,1,challenge_10_signal_features_colab_ultra
4433,1,0.9999996,1,challenge_10_signal_features_colab_ultra
4434,1,0.999994,1,challenge_10_signal_features_colab_ultra
4435,1,0.73729163,1,challenge_10_signal_features_colab_ultra
4436,0,0.042654816,0,challenge_10_signal_features_colab_ultra
4437,0,4.577138e-05,0,challenge_10_signal_features_colab_ultra
4438,0,4.3943983e-05,0,challenge_10_signal_features_colab_ultra
4439,0,7.0833565e-05,0,challenge_10_signal_features_colab_ultra
4440,1,0.8830856,1,challenge_10_signal_features_colab_ultra
4441,1,0.9878881,1,challenge_10_signal_features_colab_ultra
4442,0,0.00023111505,0,challenge_10_signal_features_colab_ultra
4443,1,0.9776042,1,challenge_10_signal_features_colab_ultra
4444,0,0.0048220847,0,challenge_10_signal_features_colab_ultra
4445,0,0.0005799373,0,challenge_10_signal_features_colab_ultra
4446,1,0.7942794,1,challenge_10_signal_features_colab_ultra
4447,0,5.1549296e-06,0,challenge_10_signal_features_colab_ultra
4448,0,0.024849415,0,challenge_10_signal_features_colab_ultra
4449,1,0.8216176,1,challenge_10_signal_features_colab_ultra
4450,1,0.2449625,0,challenge_10_signal_features_colab_ultra
4451,1,0.99132985,1,challenge_10_signal_features_colab_ultra
4452,1,0.9999905,1,challenge_10_signal_features_colab_ultra
4453,0,0.000106412575,0,challenge_10_signal_features_colab_ultra
4454,1,0.0013483216,0,challenge_10_signal_features_colab_ultra
4455,0,0.00020376309,0,challenge_10_signal_features_colab_ultra
4456,1,0.99320287,1,challenge_10_signal_features_colab_ultra
4457,1,0.944761,1,challenge_10_signal_features_colab_ultra
4458,1,0.9653808,1,challenge_10_signal_features_colab_ultra
4459,0,0.006810441,0,challenge_10_signal_features_colab_ultra
4460,0,0.0008426053,0,challenge_10_signal_features_colab_ultra
4461,1,0.99999577,1,challenge_10_signal_features_colab_ultra
4462,1,0.9794369,1,challenge_10_signal_features_colab_ultra
4463,1,0.9050001,1,challenge_10_signal_features_colab_ultra
4464,1,0.9929579,1,challenge_10_signal_features_colab_ultra
4465,1,0.90334475,1,challenge_10_signal_features_colab_ultra
4466,1,0.7028455,1,challenge_10_signal_features_colab_ultra
4467,0,0.49331215,0,challenge_10_signal_features_colab_ultra
4468,1,0.9932475,1,challenge_10_signal_features_colab_ultra
4469,0,0.058517866,0,challenge_10_signal_features_colab_ultra
4470,1,0.99999315,1,challenge_10_signal_features_colab_ultra
4471,1,0.9855311,1,challenge_10_signal_features_colab_ultra
4472,1,0.42023897,0,challenge_10_signal_features_colab_ultra
4473,1,0.9999999,1,challenge_10_signal_features_colab_ultra
4474,0,0.00094427867,0,challenge_10_signal_features_colab_ultra
4475,0,0.78810376,1,challenge_10_signal_features_colab_ultra
4476,1,0.99603146,1,challenge_10_signal_features_colab_ultra
4477,0,0.0034453701,0,challenge_10_signal_features_colab_ultra
4478,1,0.5,1,challenge_10_signal_features_colab_ultra
4479,0,6.7223614e-06,0,challenge_10_signal_features_colab_ultra
4480,1,0.999984,1,challenge_10_signal_features_colab_ultra
4481,0,0.7795881,1,challenge_10_signal_features_colab_ultra
4482,0,0.0037787838,0,challenge_10_signal_features_colab_ultra
4483,0,2.4982755e-05,0,challenge_10_signal_features_colab_ultra
4484,1,0.86383665,1,challenge_10_signal_features_colab_ultra
4485,0,0.013275891,0,challenge_10_signal_features_colab_ultra
4486,1,0.9967952,1,challenge_10_signal_features_colab_ultra
4487,1,0.99676657,1,challenge_10_signal_features_colab_ultra
4488,1,0.99744695,1,challenge_10_signal_features_colab_ultra
4489,1,0.8893476,1,challenge_10_signal_features_colab_ultra
4490,1,0.99999994,1,challenge_10_signal_features_colab_ultra
4491,0,0.019721042,0,challenge_10_signal_features_colab_ultra
4492,0,0.0611081,0,challenge_10_signal_features_colab_ultra
4493,0,0.00088772824,0,challenge_10_signal_features_colab_ultra
4494,0,9.418639e-05,0,challenge_10_signal_features_colab_ultra
4495,1,0.95480907,1,challenge_10_signal_features_colab_ultra
4496,0,0.00092150364,0,challenge_10_signal_features_colab_ultra
4497,1,0.5569525,1,challenge_10_signal_features_colab_ultra
4498,1,0.024852676,0,challenge_10_signal_features_colab_ultra
4499,1,0.7483786,1,challenge_10_signal_features_colab_ultra
4500,1,0.46349114,0,challenge_10_signal_features_colab_ultra
4501,1,0.4024679,0,challenge_10_signal_features_colab_ultra
4502,1,0.9999998,1,challenge_10_signal_features_colab_ultra
4503,0,0.00013013872,0,challenge_10_signal_features_colab_ultra
4504,1,0.99048334,1,challenge_10_signal_features_colab_ultra
4505,1,0.8550619,1,challenge_10_signal_features_colab_ultra
4506,0,0.0013739475,0,challenge_10_signal_features_colab_ultra
4507,1,0.9999912,1,challenge_10_signal_features_colab_ultra
4508,1,0.94343495,1,challenge_10_signal_features_colab_ultra
4509,0,0.20325635,0,challenge_10_signal_features_colab_ultra
4510,0,8.718713e-05,0,challenge_10_signal_features_colab_ultra
4511,1,0.87840927,1,challenge_10_signal_features_colab_ultra
4512,0,5.981644e-06,0,challenge_10_signal_features_colab_ultra
4513,1,0.9797015,1,challenge_10_signal_features_colab_ultra
4514,1,1.0,1,challenge_10_signal_features_colab_ultra
4515,0,0.04052239,0,challenge_10_signal_features_colab_ultra
4516,1,0.996829,1,challenge_10_signal_features_colab_ultra
4517,1,0.8826696,1,challenge_10_signal_features_colab_ultra
4518,1,0.85426265,1,challenge_10_signal_features_colab_ultra
4519,0,0.00021282875,0,challenge_10_signal_features_colab_ultra
4520,1,0.99999917,1,challenge_10_signal_features_colab_ultra
4521,1,0.99999857,1,challenge_10_signal_features_colab_ultra
4522,0,6.460506e-05,0,challenge_10_signal_features_colab_ultra
4523,1,0.9889305,1,challenge_10_signal_features_colab_ultra
4524,0,0.10702864,0,challenge_10_signal_features_colab_ultra
4525,1,0.99230564,1,challenge_10_signal_features_colab_ultra
4526,0,0.2741466,0,challenge_10_signal_features_colab_ultra
4527,1,0.9787149,1,challenge_10_signal_features_colab_ultra
4528,1,0.9721965,1,challenge_10_signal_features_colab_ultra
4529,1,0.9921135,1,challenge_10_signal_features_colab_ultra
4530,0,6.7660454e-05,0,challenge_10_signal_features_colab_ultra
4531,1,0.9957802,1,challenge_10_signal_features_colab_ultra
4532,1,0.9794446,1,challenge_10_signal_features_colab_ultra
4533,1,0.9953902,1,challenge_10_signal_features_colab_ultra
4534,1,0.98708534,1,challenge_10_signal_features_colab_ultra
4535,0,6.1311934e-05,0,challenge_10_signal_features_colab_ultra
4536,1,0.99999595,1,challenge_10_signal_features_colab_ultra
4537,0,0.93150747,1,challenge_10_signal_features_colab_ultra
4538,0,0.12539291,0,challenge_10_signal_features_colab_ultra
4539,0,0.7894137,1,challenge_10_signal_features_colab_ultra
4540,1,0.9999869,1,challenge_10_signal_features_colab_ultra
4541,1,0.90850717,1,challenge_10_signal_features_colab_ultra
4542,1,0.9999851,1,challenge_10_signal_features_colab_ultra
4543,1,0.995672,1,challenge_10_signal_features_colab_ultra
4544,1,0.99469537,1,challenge_10_signal_features_colab_ultra
4545,0,0.07417796,0,challenge_10_signal_features_colab_ultra
4546,1,0.9846899,1,challenge_10_signal_features_colab_ultra
4547,0,0.0107105635,0,challenge_10_signal_features_colab_ultra
4548,1,0.8596288,1,challenge_10_signal_features_colab_ultra
4549,1,0.9925179,1,challenge_10_signal_features_colab_ultra
4550,1,0.1754963,0,challenge_10_signal_features_colab_ultra
4551,1,0.844644,1,challenge_10_signal_features_colab_ultra
4552,1,0.99999994,1,challenge_10_signal_features_colab_ultra
4553,1,0.9951867,1,challenge_10_signal_features_colab_ultra
4554,0,0.0028209249,0,challenge_10_signal_features_colab_ultra
4555,0,0.22613753,0,challenge_10_signal_features_colab_ultra
4556,1,0.9999982,1,challenge_10_signal_features_colab_ultra
4557,0,0.007030485,0,challenge_10_signal_features_colab_ultra
4558,0,0.5075283,1,challenge_10_signal_features_colab_ultra
4559,0,0.00010907657,0,challenge_10_signal_features_colab_ultra
4560,0,1.9049417e-05,0,challenge_10_signal_features_colab_ultra
4561,0,0.020121984,0,challenge_10_signal_features_colab_ultra
4562,1,0.9504068,1,challenge_10_signal_features_colab_ultra
4563,0,2.7871218e-07,0,challenge_10_signal_features_colab_ultra
4564,0,0.0002482072,0,challenge_10_signal_features_colab_ultra
4565,1,0.9893045,1,challenge_10_signal_features_colab_ultra
4566,0,2.5804989e-06,0,challenge_10_signal_features_colab_ultra
4567,0,0.02695892,0,challenge_10_signal_features_colab_ultra
4568,1,0.9999971,1,challenge_10_signal_features_colab_ultra
4569,1,0.99160415,1,challenge_10_signal_features_colab_ultra
4570,0,0.0013074625,0,challenge_10_signal_features_colab_ultra
4571,1,0.9514156,1,challenge_10_signal_features_colab_ultra
4572,1,0.9999999,1,challenge_10_signal_features_colab_ultra
4573,1,0.9999897,1,challenge_10_signal_features_colab_ultra
4574,0,0.47689515,0,challenge_10_signal_features_colab_ultra
4575,0,0.24719079,0,challenge_10_signal_features_colab_ultra
4576,1,0.99999905,1,challenge_10_signal_features_colab_ultra
4577,0,0.10588695,0,challenge_10_signal_features_colab_ultra
4578,0,0.31305802,0,challenge_10_signal_features_colab_ultra
4579,0,0.0004161246,0,challenge_10_signal_features_colab_ultra
4580,1,0.99118674,1,challenge_10_signal_features_colab_ultra
4581,1,0.8570821,1,challenge_10_signal_features_colab_ultra
4582,1,0.74926996,1,challenge_10_signal_features_colab_ultra
4583,1,0.9904786,1,challenge_10_signal_features_colab_ultra
4584,0,8.673786e-06,0,challenge_10_signal_features_colab_ultra
4585,1,0.8945901,1,challenge_10_signal_features_colab_ultra
4586,0,0.0025648605,0,challenge_10_signal_features_colab_ultra
4587,0,2.3315002e-05,0,challenge_10_signal_features_colab_ultra
4588,1,0.6307129,1,challenge_10_signal_features_colab_ultra
4589,0,0.042999454,0,challenge_10_signal_features_colab_ultra
4590,1,0.91230106,1,challenge_10_signal_features_colab_ultra
4591,0,0.6306729,1,challenge_10_signal_features_colab_ultra
4592,1,0.9868106,1,challenge_10_signal_features_colab_ultra
4593,0,0.0012831939,0,challenge_10_signal_features_colab_ultra
4594,0,0.01422708,0,challenge_10_signal_features_colab_ultra
4595,1,0.9999996,1,challenge_10_signal_features_colab_ultra
4596,1,0.99998283,1,challenge_10_signal_features_colab_ultra
4597,0,0.0055670342,0,challenge_10_signal_features_colab_ultra
4598,1,0.97443765,1,challenge_10_signal_features_colab_ultra
4599,0,0.000788905,0,challenge_10_signal_features_colab_ultra
4600,0,0.07846814,0,challenge_10_signal_features_colab_ultra
4601,0,9.14558e-05,0,challenge_10_signal_features_colab_ultra
4602,1,0.9942054,1,challenge_10_signal_features_colab_ultra
4603,0,0.94172925,1,challenge_10_signal_features_colab_ultra
4604,1,0.9999995,1,challenge_10_signal_features_colab_ultra
4605,0,0.011528076,0,challenge_10_signal_features_colab_ultra
4606,0,0.028603965,0,challenge_10_signal_features_colab_ultra
4607,0,0.000587538,0,challenge_10_signal_features_colab_ultra
4608,1,0.993789,1,challenge_10_signal_features_colab_ultra
4609,0,0.045059554,0,challenge_10_signal_features_colab_ultra
4610,0,1.6341806e-05,0,challenge_10_signal_features_colab_ultra
4611,1,0.999996,1,challenge_10_signal_features_colab_ultra
4612,0,0.009972364,0,challenge_10_signal_features_colab_ultra
4613,0,0.099250935,0,challenge_10_signal_features_colab_ultra
4614,1,1.0,1,challenge_10_signal_features_colab_ultra
4615,0,0.0020296301,0,challenge_10_signal_features_colab_ultra
4616,1,0.994263,1,challenge_10_signal_features_colab_ultra
4617,1,0.9936806,1,challenge_10_signal_features_colab_ultra
4618,0,0.025136638,0,challenge_10_signal_features_colab_ultra
4619,1,0.9999986,1,challenge_10_signal_features_colab_ultra
4620,1,0.667598,1,challenge_10_signal_features_colab_ultra
4621,1,1.0,1,challenge_10_signal_features_colab_ultra
4622,0,0.8174963,1,challenge_10_signal_features_colab_ultra
4623,1,0.99999505,1,challenge_10_signal_features_colab_ultra
4624,1,0.9021878,1,challenge_10_signal_features_colab_ultra
4625,1,0.97432905,1,challenge_10_signal_features_colab_ultra
4626,1,0.9790334,1,challenge_10_signal_features_colab_ultra
4627,1,0.9999986,1,challenge_10_signal_features_colab_ultra
4628,0,0.060147483,0,challenge_10_signal_features_colab_ultra
4629,0,1.6432323e-05,0,challenge_10_signal_features_colab_ultra
4630,1,0.36112237,0,challenge_10_signal_features_colab_ultra
4631,1,0.8885349,1,challenge_10_signal_features_colab_ultra
4632,0,0.0018578925,0,challenge_10_signal_features_colab_ultra
4633,1,0.9907537,1,challenge_10_signal_features_colab_ultra
4634,0,0.0069000428,0,challenge_10_signal_features_colab_ultra
4635,1,0.9925751,1,challenge_10_signal_features_colab_ultra
4636,1,0.9770709,1,challenge_10_signal_features_colab_ultra
4637,0,3.591824e-05,0,challenge_10_signal_features_colab_ultra
4638,0,0.37220797,0,challenge_10_signal_features_colab_ultra
4639,1,0.9999996,1,challenge_10_signal_features_colab_ultra
4640,0,0.00872619,0,challenge_10_signal_features_colab_ultra
4641,0,0.24749754,0,challenge_10_signal_features_colab_ultra
4642,1,0.9905618,1,challenge_10_signal_features_colab_ultra
4643,1,0.9999997,1,challenge_10_signal_features_colab_ultra
4644,1,0.968707,1,challenge_10_signal_features_colab_ultra
4645,1,0.96778095,1,challenge_10_signal_features_colab_ultra
4646,1,0.99999964,1,challenge_10_signal_features_colab_ultra
4647,0,0.00015760415,0,challenge_10_signal_features_colab_ultra
4648,1,0.97679555,1,challenge_10_signal_features_colab_ultra
4649,0,0.00069110445,0,challenge_10_signal_features_colab_ultra
4650,0,0.24611288,0,challenge_10_signal_features_colab_ultra
4651,1,0.9124076,1,challenge_10_signal_features_colab_ultra
4652,0,0.2189227,0,challenge_10_signal_features_colab_ultra
4653,1,0.9999917,1,challenge_10_signal_features_colab_ultra
4654,0,0.00695891,0,challenge_10_signal_features_colab_ultra
4655,0,0.023527576,0,challenge_10_signal_features_colab_ultra
4656,0,0.0065554995,0,challenge_10_signal_features_colab_ultra
4657,0,0.0024006863,0,challenge_10_signal_features_colab_ultra
4658,1,0.9999963,1,challenge_10_signal_features_colab_ultra
4659,0,0.001103619,0,challenge_10_signal_features_colab_ultra
4660,1,0.95717454,1,challenge_10_signal_features_colab_ultra
4661,0,4.5756897e-05,0,challenge_10_signal_features_colab_ultra
4662,0,7.1875875e-06,0,challenge_10_signal_features_colab_ultra
4663,0,0.002010084,0,challenge_10_signal_features_colab_ultra
4664,1,0.8762957,1,challenge_10_signal_features_colab_ultra
4665,1,0.9738633,1,challenge_10_signal_features_colab_ultra
4666,1,0.9312537,1,challenge_10_signal_features_colab_ultra
4667,0,0.043946758,0,challenge_10_signal_features_colab_ultra
4668,1,0.999999,1,challenge_10_signal_features_colab_ultra
4669,1,0.90366966,1,challenge_10_signal_features_colab_ultra
4670,1,0.97590387,1,challenge_10_signal_features_colab_ultra
4671,1,0.8845275,1,challenge_10_signal_features_colab_ultra
4672,1,1.0,1,challenge_10_signal_features_colab_ultra
4673,0,2.4969424e-05,0,challenge_10_signal_features_colab_ultra
4674,0,0.008101618,0,challenge_10_signal_features_colab_ultra
4675,1,0.9999831,1,challenge_10_signal_features_colab_ultra
4676,1,0.18888435,0,challenge_10_signal_features_colab_ultra
4677,1,0.99999803,1,challenge_10_signal_features_colab_ultra
4678,1,0.991716,1,challenge_10_signal_features_colab_ultra
4679,0,0.0013801218,0,challenge_10_signal_features_colab_ultra
4680,1,0.9773384,1,challenge_10_signal_features_colab_ultra
4681,1,0.99417174,1,challenge_10_signal_features_colab_ultra
4682,1,0.9964869,1,challenge_10_signal_features_colab_ultra
4683,1,0.9999924,1,challenge_10_signal_features_colab_ultra
4684,1,0.9879387,1,challenge_10_signal_features_colab_ultra
4685,1,0.90686184,1,challenge_10_signal_features_colab_ultra
4686,1,0.9921593,1,challenge_10_signal_features_colab_ultra
4687,1,0.99339116,1,challenge_10_signal_features_colab_ultra
4688,0,6.660824e-07,0,challenge_10_signal_features_colab_ultra
4689,0,0.31731144,0,challenge_10_signal_features_colab_ultra
4690,1,0.9999937,1,challenge_10_signal_features_colab_ultra
4691,0,0.1606447,0,challenge_10_signal_features_colab_ultra
4692,0,0.00014739807,0,challenge_10_signal_features_colab_ultra
4693,1,0.99717957,1,challenge_10_signal_features_colab_ultra
4694,0,0.002299498,0,challenge_10_signal_features_colab_ultra
4695,0,0.038592417,0,challenge_10_signal_features_colab_ultra
4696,1,0.9843464,1,challenge_10_signal_features_colab_ultra
4697,1,0.3024549,0,challenge_10_signal_features_colab_ultra
4698,0,0.00036483287,0,challenge_10_signal_features_colab_ultra
4699,0,0.033204794,0,challenge_10_signal_features_colab_ultra
4700,1,0.9999893,1,challenge_10_signal_features_colab_ultra
4701,1,0.9999995,1,challenge_10_signal_features_colab_ultra
4702,0,0.0026742765,0,challenge_10_signal_features_colab_ultra
4703,1,0.97521174,1,challenge_10_signal_features_colab_ultra
4704,1,0.9329433,1,challenge_10_signal_features_colab_ultra
4705,0,0.41921645,0,challenge_10_signal_features_colab_ultra
4706,1,0.99999785,1,challenge_10_signal_features_colab_ultra
4707,1,0.70860493,1,challenge_10_signal_features_colab_ultra
4708,1,0.9999888,1,challenge_10_signal_features_colab_ultra
4709,1,0.9999901,1,challenge_10_signal_features_colab_ultra
4710,0,0.0008075495,0,challenge_10_signal_features_colab_ultra
4711,0,0.047340147,0,challenge_10_signal_features_colab_ultra
4712,1,0.9999998,1,challenge_10_signal_features_colab_ultra
4713,0,4.43579e-07,0,challenge_10_signal_features_colab_ultra
4714,1,0.98883146,1,challenge_10_signal_features_colab_ultra
4715,0,0.02077951,0,challenge_10_signal_features_colab_ultra
4716,0,0.0016580835,0,challenge_10_signal_features_colab_ultra
4717,0,0.00038990998,0,challenge_10_signal_features_colab_ultra
4718,1,0.99535406,1,challenge_10_signal_features_colab_ultra
4719,1,0.9932079,1,challenge_10_signal_features_colab_ultra
4720,1,0.9777865,1,challenge_10_signal_features_colab_ultra
4721,1,0.99017316,1,challenge_10_signal_features_colab_ultra
4722,1,0.99999267,1,challenge_10_signal_features_colab_ultra
4723,0,0.01978622,0,challenge_10_signal_features_colab_ultra
4724,0,0.021933574,0,challenge_10_signal_features_colab_ultra
4725,0,0.03130115,0,challenge_10_signal_features_colab_ultra
4726,1,0.9928726,1,challenge_10_signal_features_colab_ultra
4727,1,0.9960941,1,challenge_10_signal_features_colab_ultra
4728,0,0.15006295,0,challenge_10_signal_features_colab_ultra
4729,1,0.98569703,1,challenge_10_signal_features_colab_ultra
4730,1,0.9883292,1,challenge_10_signal_features_colab_ultra
4731,1,0.99999976,1,challenge_10_signal_features_colab_ultra
4732,0,0.18532868,0,challenge_10_signal_features_colab_ultra
4733,1,0.94271845,1,challenge_10_signal_features_colab_ultra
4734,1,0.99999946,1,challenge_10_signal_features_colab_ultra
4735,0,0.011346654,0,challenge_10_signal_features_colab_ultra
4736,1,0.9943893,1,challenge_10_signal_features_colab_ultra
4737,1,1.0,1,challenge_10_signal_features_colab_ultra
4738,1,0.9916453,1,challenge_10_signal_features_colab_ultra
4739,1,0.2713981,0,challenge_10_signal_features_colab_ultra
4740,1,0.8416639,1,challenge_10_signal_features_colab_ultra
4741,0,0.0015617295,0,challenge_10_signal_features_colab_ultra
4742,0,0.0028226343,0,challenge_10_signal_features_colab_ultra
4743,1,0.9999993,1,challenge_10_signal_features_colab_ultra
4744,0,0.060490873,0,challenge_10_signal_features_colab_ultra
4745,0,0.018503577,0,challenge_10_signal_features_colab_ultra
4746,0,0.0018845374,0,challenge_10_signal_features_colab_ultra
4747,1,0.5,1,challenge_10_signal_features_colab_ultra
4748,0,0.020801993,0,challenge_10_signal_features_colab_ultra
4749,0,1.8095265e-07,0,challenge_10_signal_features_colab_ultra
4750,1,0.9706137,1,challenge_10_signal_features_colab_ultra
4751,1,0.9999971,1,challenge_10_signal_features_colab_ultra
4752,0,0.054703653,0,challenge_10_signal_features_colab_ultra
4753,1,0.025414918,0,challenge_10_signal_features_colab_ultra
4754,0,0.0016242446,0,challenge_10_signal_features_colab_ultra
4755,0,0.09171982,0,challenge_10_signal_features_colab_ultra
4756,0,0.025682487,0,challenge_10_signal_features_colab_ultra
4757,1,0.9999841,1,challenge_10_signal_features_colab_ultra
4758,0,0.00038634363,0,challenge_10_signal_features_colab_ultra
4759,0,0.00016097768,0,challenge_10_signal_features_colab_ultra
4760,0,0.10001533,0,challenge_10_signal_features_colab_ultra
4761,1,0.99129534,1,challenge_10_signal_features_colab_ultra
4762,1,0.98006827,1,challenge_10_signal_features_colab_ultra
4763,1,0.24246265,0,challenge_10_signal_features_colab_ultra
4764,1,0.9999994,1,challenge_10_signal_features_colab_ultra
4765,0,6.2618026e-05,0,challenge_10_signal_features_colab_ultra
4766,0,0.20773447,0,challenge_10_signal_features_colab_ultra
4767,1,0.99999696,1,challenge_10_signal_features_colab_ultra
4768,1,0.7166374,1,challenge_10_signal_features_colab_ultra
4769,1,0.9472918,1,challenge_10_signal_features_colab_ultra
4770,1,0.93671215,1,challenge_10_signal_features_colab_ultra
4771,0,0.010577105,0,challenge_10_signal_features_colab_ultra
4772,1,0.99999344,1,challenge_10_signal_features_colab_ultra
4773,1,0.789003,1,challenge_10_signal_features_colab_ultra
4774,1,0.07048473,0,challenge_10_signal_features_colab_ultra
4775,1,0.98165524,1,challenge_10_signal_features_colab_ultra
4776,0,0.0008698419,0,challenge_10_signal_features_colab_ultra
4777,0,0.5728663,1,challenge_10_signal_features_colab_ultra
4778,0,0.0006876754,0,challenge_10_signal_features_colab_ultra
4779,0,0.0002238414,0,challenge_10_signal_features_colab_ultra
4780,0,0.08263288,0,challenge_10_signal_features_colab_ultra
4781,0,0.08088359,0,challenge_10_signal_features_colab_ultra
4782,1,0.9999965,1,challenge_10_signal_features_colab_ultra
4783,1,0.95974034,1,challenge_10_signal_features_colab_ultra
4784,1,0.9999936,1,challenge_10_signal_features_colab_ultra
4785,0,0.024287045,0,challenge_10_signal_features_colab_ultra
4786,0,6.3308355e-05,0,challenge_10_signal_features_colab_ultra
4787,0,0.57096404,1,challenge_10_signal_features_colab_ultra
4788,0,2.1414467e-06,0,challenge_10_signal_features_colab_ultra
4789,1,0.9827027,1,challenge_10_signal_features_colab_ultra
4790,1,0.97550255,1,challenge_10_signal_features_colab_ultra
4791,1,0.9941202,1,challenge_10_signal_features_colab_ultra
4792,1,0.9999997,1,challenge_10_signal_features_colab_ultra
4793,1,0.61875105,1,challenge_10_signal_features_colab_ultra
4794,0,4.604925e-05,0,challenge_10_signal_features_colab_ultra
4795,0,0.080081396,0,challenge_10_signal_features_colab_ultra
4796,1,0.9316247,1,challenge_10_signal_features_colab_ultra
4797,1,0.8973782,1,challenge_10_signal_features_colab_ultra
4798,1,0.9999998,1,challenge_10_signal_features_colab_ultra
4799,0,0.030880256,0,challenge_10_signal_features_colab_ultra
4800,0,1.3071724e-05,0,challenge_10_signal_features_colab_ultra
4801,0,0.0005069446,0,challenge_10_signal_features_colab_ultra
4802,1,0.8836928,1,challenge_10_signal_features_colab_ultra
4803,1,0.48082554,0,challenge_10_signal_features_colab_ultra
4804,0,1.6712598e-05,0,challenge_10_signal_features_colab_ultra
4805,0,0.0008032281,0,challenge_10_signal_features_colab_ultra
4806,1,0.9874905,1,challenge_10_signal_features_colab_ultra
4807,1,0.993359,1,challenge_10_signal_features_colab_ultra
4808,1,0.9874553,1,challenge_10_signal_features_colab_ultra
4809,0,0.40996647,0,challenge_10_signal_features_colab_ultra
4810,0,0.010433949,0,challenge_10_signal_features_colab_ultra
4811,0,1.009409e-07,0,challenge_10_signal_features_colab_ultra
4812,0,0.00057837483,0,challenge_10_signal_features_colab_ultra
4813,1,0.95394313,1,challenge_10_signal_features_colab_ultra
4814,1,0.9435151,1,challenge_10_signal_features_colab_ultra
4815,1,0.97840863,1,challenge_10_signal_features_colab_ultra
4816,0,0.0046454254,0,challenge_10_signal_features_colab_ultra
4817,0,0.0012529382,0,challenge_10_signal_features_colab_ultra
4818,1,0.99999815,1,challenge_10_signal_features_colab_ultra
4819,0,0.0037112255,0,challenge_10_signal_features_colab_ultra
4820,1,0.99999994,1,challenge_10_signal_features_colab_ultra
4821,1,0.9659602,1,challenge_10_signal_features_colab_ultra
4822,0,6.638197e-05,0,challenge_10_signal_features_colab_ultra
4823,0,0.0002261343,0,challenge_10_signal_features_colab_ultra
4824,1,0.9999999,1,challenge_10_signal_features_colab_ultra
4825,0,0.027733708,0,challenge_10_signal_features_colab_ultra
4826,0,0.00062598917,0,challenge_10_signal_features_colab_ultra
4827,0,0.21467622,0,challenge_10_signal_features_colab_ultra
4828,1,0.9943547,1,challenge_10_signal_features_colab_ultra
4829,0,1.6777325e-05,0,challenge_10_signal_features_colab_ultra
4830,1,0.9815496,1,challenge_10_signal_features_colab_ultra
4831,1,0.9970758,1,challenge_10_signal_features_colab_ultra
4832,1,0.97232425,1,challenge_10_signal_features_colab_ultra
4833,0,0.0145896515,0,challenge_10_signal_features_colab_ultra
4834,0,0.88202953,1,challenge_10_signal_features_colab_ultra
4835,1,0.80001265,1,challenge_10_signal_features_colab_ultra
4836,1,0.97569144,1,challenge_10_signal_features_colab_ultra
4837,1,0.5943679,1,challenge_10_signal_features_colab_ultra
4838,0,0.21238442,0,challenge_10_signal_features_colab_ultra
4839,1,0.98226565,1,challenge_10_signal_features_colab_ultra
4840,1,0.1398936,0,challenge_10_signal_features_colab_ultra
4841,0,0.69957274,1,challenge_10_signal_features_colab_ultra
4842,0,0.00063461723,0,challenge_10_signal_features_colab_ultra
4843,0,0.13626765,0,challenge_10_signal_features_colab_ultra
4844,0,0.0013028313,0,challenge_10_signal_features_colab_ultra
4845,1,0.64033043,1,challenge_10_signal_features_colab_ultra
4846,1,0.99999297,1,challenge_10_signal_features_colab_ultra
4847,1,0.8083288,1,challenge_10_signal_features_colab_ultra
4848,1,0.13901827,0,challenge_10_signal_features_colab_ultra
4849,0,0.00038128236,0,challenge_10_signal_features_colab_ultra
4850,1,0.9999997,1,challenge_10_signal_features_colab_ultra
4851,1,0.9835525,1,challenge_10_signal_features_colab_ultra
4852,0,0.00017422378,0,challenge_10_signal_features_colab_ultra
4853,0,0.0003303788,0,challenge_10_signal_features_colab_ultra
4854,0,0.02307498,0,challenge_10_signal_features_colab_ultra
4855,0,0.00030332844,0,challenge_10_signal_features_colab_ultra
4856,0,0.16267118,0,challenge_10_signal_features_colab_ultra
4857,0,1.3696819e-05,0,challenge_10_signal_features_colab_ultra
4858,0,0.16615926,0,challenge_10_signal_features_colab_ultra
4859,1,0.99199647,1,challenge_10_signal_features_colab_ultra
4860,1,0.99617386,1,challenge_10_signal_features_colab_ultra
4861,0,0.00016527661,0,challenge_10_signal_features_colab_ultra
4862,0,0.6128274,1,challenge_10_signal_features_colab_ultra
4863,1,0.99999994,1,challenge_10_signal_features_colab_ultra
4864,1,0.99999624,1,challenge_10_signal_features_colab_ultra
4865,0,0.006555291,0,challenge_10_signal_features_colab_ultra
4866,0,0.08437632,0,challenge_10_signal_features_colab_ultra
4867,1,0.9929853,1,challenge_10_signal_features_colab_ultra
4868,1,0.9964877,1,challenge_10_signal_features_colab_ultra
4869,1,0.9153857,1,challenge_10_signal_features_colab_ultra
4870,1,0.9936263,1,challenge_10_signal_features_colab_ultra
4871,0,0.009168131,0,challenge_10_signal_features_colab_ultra
4872,0,0.0009897571,0,challenge_10_signal_features_colab_ultra
4873,0,0.0005017292,0,challenge_10_signal_features_colab_ultra
4874,1,0.99999106,1,challenge_10_signal_features_colab_ultra
4875,0,0.4820453,0,challenge_10_signal_features_colab_ultra
4876,1,0.97917086,1,challenge_10_signal_features_colab_ultra
4877,1,0.9845979,1,challenge_10_signal_features_colab_ultra
4878,0,0.0017604987,0,challenge_10_signal_features_colab_ultra
4879,0,0.76562977,1,challenge_10_signal_features_colab_ultra
4880,0,0.42794612,0,challenge_10_signal_features_colab_ultra
4881,1,0.98018295,1,challenge_10_signal_features_colab_ultra
4882,1,0.98061204,1,challenge_10_signal_features_colab_ultra
4883,1,0.96089095,1,challenge_10_signal_features_colab_ultra
4884,1,0.99999446,1,challenge_10_signal_features_colab_ultra
4885,1,0.9999861,1,challenge_10_signal_features_colab_ultra
4886,1,0.981646,1,challenge_10_signal_features_colab_ultra
4887,1,0.99194676,1,challenge_10_signal_features_colab_ultra
4888,0,9.8261786e-05,0,challenge_10_signal_features_colab_ultra
4889,0,0.010988967,0,challenge_10_signal_features_colab_ultra
4890,1,0.99382186,1,challenge_10_signal_features_colab_ultra
4891,1,0.036043134,0,challenge_10_signal_features_colab_ultra
4892,0,0.035166167,0,challenge_10_signal_features_colab_ultra
4893,0,5.7520912e-05,0,challenge_10_signal_features_colab_ultra
4894,0,0.00010245447,0,challenge_10_signal_features_colab_ultra
4895,1,0.98920625,1,challenge_10_signal_features_colab_ultra
4896,1,0.6451064,1,challenge_10_signal_features_colab_ultra
4897,1,0.9967275,1,challenge_10_signal_features_colab_ultra
4898,0,0.2975746,0,challenge_10_signal_features_colab_ultra
4899,0,0.004054691,0,challenge_10_signal_features_colab_ultra
4900,1,0.99999875,1,challenge_10_signal_features_colab_ultra
4901,1,0.99998224,1,challenge_10_signal_features_colab_ultra
4902,0,0.0033730287,0,challenge_10_signal_features_colab_ultra
4903,1,0.6077408,1,challenge_10_signal_features_colab_ultra
4904,0,0.0005140739,0,challenge_10_signal_features_colab_ultra
4905,1,0.9700856,1,challenge_10_signal_features_colab_ultra
4906,1,0.99630076,1,challenge_10_signal_features_colab_ultra
4907,0,3.4809657e-06,0,challenge_10_signal_features_colab_ultra
4908,0,0.018341582,0,challenge_10_signal_features_colab_ultra
4909,0,0.007625694,0,challenge_10_signal_features_colab_ultra
4910,0,0.0025536146,0,challenge_10_signal_features_colab_ultra
4911,1,0.9655655,1,challenge_10_signal_features_colab_ultra
4912,0,0.004069499,0,challenge_10_signal_features_colab_ultra
4913,0,0.013429626,0,challenge_10_signal_features_colab_ultra
4914,0,0.014359784,0,challenge_10_signal_features_colab_ultra
4915,1,0.9972281,1,challenge_10_signal_features_colab_ultra
4916,0,0.0042509967,0,challenge_10_signal_features_colab_ultra
4917,1,0.997156,1,challenge_10_signal_features_colab_ultra
4918,0,0.008808839,0,challenge_10_signal_features_colab_ultra
4919,0,0.00014420875,0,challenge_10_signal_features_colab_ultra
4920,1,0.99179447,1,challenge_10_signal_features_colab_ultra
4921,1,0.9999999,1,challenge_10_signal_features_colab_ultra
4922,1,0.9903808,1,challenge_10_signal_features_colab_ultra
4923,0,0.029236715,0,challenge_10_signal_features_colab_ultra
4924,1,0.9973973,1,challenge_10_signal_features_colab_ultra
4925,1,0.96905637,1,challenge_10_signal_features_colab_ultra
4926,0,6.2701447e-06,0,challenge_10_signal_features_colab_ultra
4927,1,0.99587226,1,challenge_10_signal_features_colab_ultra
4928,0,7.0161645e-06,0,challenge_10_signal_features_colab_ultra
4929,1,0.9999956,1,challenge_10_signal_features_colab_ultra
4930,0,6.57235e-05,0,challenge_10_signal_features_colab_ultra
4931,0,0.21386468,0,challenge_10_signal_features_colab_ultra
4932,0,0.00010905985,0,challenge_10_signal_features_colab_ultra
4933,0,0.011953571,0,challenge_10_signal_features_colab_ultra
4934,1,0.8972783,1,challenge_10_signal_features_colab_ultra
4935,0,0.030041253,0,challenge_10_signal_features_colab_ultra
4936,1,0.9999998,1,challenge_10_signal_features_colab_ultra
4937,1,0.64648443,1,challenge_10_signal_features_colab_ultra
4938,1,0.99999964,1,challenge_10_signal_features_colab_ultra
4939,1,0.8704129,1,challenge_10_signal_features_colab_ultra
4940,1,0.9806835,1,challenge_10_signal_features_colab_ultra
4941,0,0.00019479156,0,challenge_10_signal_features_colab_ultra
4942,0,5.036419e-05,0,challenge_10_signal_features_colab_ultra
4943,0,0.08529395,0,challenge_10_signal_features_colab_ultra
4944,1,0.9999983,1,challenge_10_signal_features_colab_ultra
4945,1,0.99999887,1,challenge_10_signal_features_colab_ultra
4946,0,0.002136019,0,challenge_10_signal_features_colab_ultra
4947,1,0.99998575,1,challenge_10_signal_features_colab_ultra
4948,0,0.5,1,challenge_10_signal_features_colab_ultra
4949,1,0.9956413,1,challenge_10_signal_features_colab_ultra
4950,0,0.0093250945,0,challenge_10_signal_features_colab_ultra
4951,0,0.07827012,0,challenge_10_signal_features_colab_ultra
4952,1,0.9874406,1,challenge_10_signal_features_colab_ultra
4953,0,7.1435113e-07,0,challenge_10_signal_features_colab_ultra
4954,1,0.90422463,1,challenge_10_signal_features_colab_ultra
4955,1,0.9814658,1,challenge_10_signal_features_colab_ultra
4956,1,0.62803644,1,challenge_10_signal_features_colab_ultra
4957,1,0.9771383,1,challenge_10_signal_features_colab_ultra
4958,0,0.030724881,0,challenge_10_signal_features_colab_ultra
4959,0,0.005084879,0,challenge_10_signal_features_colab_ultra
4960,1,0.9895777,1,challenge_10_signal_features_colab_ultra
4961,1,0.97069573,1,challenge_10_signal_features_colab_ultra
4962,1,0.99998677,1,challenge_10_signal_features_colab_ultra
4963,1,0.8605599,1,challenge_10_signal_features_colab_ultra
4964,1,0.486182,0,challenge_10_signal_features_colab_ultra
4965,1,0.99999726,1,challenge_10_signal_features_colab_ultra
4966,0,0.0003964869,0,challenge_10_signal_features_colab_ultra
4967,1,0.9968416,1,challenge_10_signal_features_colab_ultra
4968,1,0.99306387,1,challenge_10_signal_features_colab_ultra
4969,0,3.468144e-05,0,challenge_10_signal_features_colab_ultra
4970,1,0.99998325,1,challenge_10_signal_features_colab_ultra
4971,0,0.00013116107,0,challenge_10_signal_features_colab_ultra
4972,1,0.99998534,1,challenge_10_signal_features_colab_ultra
4973,1,0.99999917,1,challenge_10_signal_features_colab_ultra
4974,0,0.28227583,0,challenge_10_signal_features_colab_ultra
4975,1,0.9503391,1,challenge_10_signal_features_colab_ultra
4976,1,0.99048656,1,challenge_10_signal_features_colab_ultra
4977,1,0.92885846,1,challenge_10_signal_features_colab_ultra
4978,0,0.73227984,1,challenge_10_signal_features_colab_ultra
4979,0,0.16170596,0,challenge_10_signal_features_colab_ultra
4980,0,0.0035553833,0,challenge_10_signal_features_colab_ultra
4981,0,0.93743545,1,challenge_10_signal_features_colab_ultra
4982,0,0.376955,0,challenge_10_signal_features_colab_ultra
4983,1,0.9999989,1,challenge_10_signal_features_colab_ultra
4984,1,0.9755281,1,challenge_10_signal_features_colab_ultra
4985,1,0.97605807,1,challenge_10_signal_features_colab_ultra
4986,1,0.9767835,1,challenge_10_signal_features_colab_ultra
4987,0,0.06053702,0,challenge_10_signal_features_colab_ultra
4988,1,0.996915,1,challenge_10_signal_features_colab_ultra
4989,0,3.238572e-05,0,challenge_10_signal_features_colab_ultra
4990,1,0.99999756,1,challenge_10_signal_features_colab_ultra
4991,1,0.9301499,1,challenge_10_signal_features_colab_ultra
4992,0,7.632833e-05,0,challenge_10_signal_features_colab_ultra
4993,1,0.96231407,1,challenge_10_signal_features_colab_ultra
4994,0,0.0010848914,0,challenge_10_signal_features_colab_ultra
4995,1,0.98901695,1,challenge_10_signal_features_colab_ultra
4996,0,0.006937272,0,challenge_10_signal_features_colab_ultra
4997,0,0.046521444,0,challenge_10_signal_features_colab_ultra
4998,1,0.96634364,1,challenge_10_signal_features_colab_ultra
4999,1,0.9457583,1,challenge_10_signal_features_colab_ultra
5000,1,0.96169,1,challenge_10_signal_features_colab_ultra
5001,1,0.999999,1,challenge_10_signal_features_colab_ultra
5002,1,0.9999853,1,challenge_10_signal_features_colab_ultra
5003,1,0.022080837,0,challenge_10_signal_features_colab_ultra
5004,1,0.9999935,1,challenge_10_signal_features_colab_ultra
5005,0,0.17691676,0,challenge_10_signal_features_colab_ultra
5006,0,0.0016798056,0,challenge_10_signal_features_colab_ultra
5007,0,0.00020658546,0,challenge_10_signal_features_colab_ultra
5008,1,0.9999968,1,challenge_10_signal_features_colab_ultra
5009,0,0.011873722,0,challenge_10_signal_features_colab_ultra
5010,1,0.99682766,1,challenge_10_signal_features_colab_ultra
5011,0,0.0001915395,0,challenge_10_signal_features_colab_ultra
5012,0,0.02274939,0,challenge_10_signal_features_colab_ultra
5013,1,0.98397803,1,challenge_10_signal_features_colab_ultra
5014,1,0.99999386,1,challenge_10_signal_features_colab_ultra
5015,1,0.99599546,1,challenge_10_signal_features_colab_ultra
5016,1,0.87242717,1,challenge_10_signal_features_colab_ultra
5017,0,0.042150777,0,challenge_10_signal_features_colab_ultra
5018,1,0.9441683,1,challenge_10_signal_features_colab_ultra
5019,1,0.98258275,1,challenge_10_signal_features_colab_ultra
5020,0,0.02915611,0,challenge_10_signal_features_colab_ultra
5021,1,0.9945628,1,challenge_10_signal_features_colab_ultra
5022,0,1.1300823e-05,0,challenge_10_signal_features_colab_ultra
5023,0,5.4333435e-05,0,challenge_10_signal_features_colab_ultra
5024,1,0.9999813,1,challenge_10_signal_features_colab_ultra
5025,1,1.0,1,challenge_10_signal_features_colab_ultra
5026,1,0.97810733,1,challenge_10_signal_features_colab_ultra
5027,1,0.033460315,0,challenge_10_signal_features_colab_ultra
5028,0,0.029758453,0,challenge_10_signal_features_colab_ultra
5029,0,0.37380537,0,challenge_10_signal_features_colab_ultra
5030,0,0.59265,1,challenge_10_signal_features_colab_ultra
5031,0,0.63625336,1,challenge_10_signal_features_colab_ultra
5032,0,6.0905913e-05,0,challenge_10_signal_features_colab_ultra
5033,1,0.9958556,1,challenge_10_signal_features_colab_ultra
5034,0,0.01553992,0,challenge_10_signal_features_colab_ultra
5035,1,0.9948744,1,challenge_10_signal_features_colab_ultra
5036,0,0.010505991,0,challenge_10_signal_features_colab_ultra
5037,0,0.009036481,0,challenge_10_signal_features_colab_ultra
5038,1,0.9999836,1,challenge_10_signal_features_colab_ultra
5039,1,0.9999824,1,challenge_10_signal_features_colab_ultra
5040,1,0.9999967,1,challenge_10_signal_features_colab_ultra
5041,0,0.028555755,0,challenge_10_signal_features_colab_ultra
5042,0,0.12072905,0,challenge_10_signal_features_colab_ultra
5043,0,0.0058825007,0,challenge_10_signal_features_colab_ultra
5044,1,0.9999972,1,challenge_10_signal_features_colab_ultra
5045,0,0.0020934313,0,challenge_10_signal_features_colab_ultra
5046,1,0.974004,1,challenge_10_signal_features_colab_ultra
5047,1,0.45561573,0,challenge_10_signal_features_colab_ultra
5048,1,0.9691436,1,challenge_10_signal_features_colab_ultra
5049,1,1.0,1,challenge_10_signal_features_colab_ultra
5050,0,0.039398413,0,challenge_10_signal_features_colab_ultra
5051,1,0.99999404,1,challenge_10_signal_features_colab_ultra
5052,1,0.52401745,1,challenge_10_signal_features_colab_ultra
5053,1,0.9600171,1,challenge_10_signal_features_colab_ultra
5054,1,0.9854796,1,challenge_10_signal_features_colab_ultra
5055,1,0.9934001,1,challenge_10_signal_features_colab_ultra
5056,1,0.93736476,1,challenge_10_signal_features_colab_ultra
5057,0,0.032049306,0,challenge_10_signal_features_colab_ultra
5058,0,0.012944983,0,challenge_10_signal_features_colab_ultra
5059,1,0.98211426,1,challenge_10_signal_features_colab_ultra
5060,1,0.9651612,1,challenge_10_signal_features_colab_ultra
5061,1,0.99999976,1,challenge_10_signal_features_colab_ultra
5062,0,0.007876142,0,challenge_10_signal_features_colab_ultra
5063,0,0.00033956196,0,challenge_10_signal_features_colab_ultra
5064,0,6.428655e-05,0,challenge_10_signal_features_colab_ultra
5065,1,0.5750461,1,challenge_10_signal_features_colab_ultra
5066,1,0.9999979,1,challenge_10_signal_features_colab_ultra
5067,1,0.999989,1,challenge_10_signal_features_colab_ultra
5068,1,0.9854319,1,challenge_10_signal_features_colab_ultra
5069,1,0.99717844,1,challenge_10_signal_features_colab_ultra
5070,1,0.999998,1,challenge_10_signal_features_colab_ultra
5071,1,0.9937753,1,challenge_10_signal_features_colab_ultra
5072,0,4.315187e-06,0,challenge_10_signal_features_colab_ultra
5073,0,0.060234405,0,challenge_10_signal_features_colab_ultra
5074,1,0.99174297,1,challenge_10_signal_features_colab_ultra
5075,0,0.10033527,0,challenge_10_signal_features_colab_ultra
5076,1,0.99999756,1,challenge_10_signal_features_colab_ultra
5077,1,0.9801949,1,challenge_10_signal_features_colab_ultra
5078,1,0.8249456,1,challenge_10_signal_features_colab_ultra
5079,1,0.99622303,1,challenge_10_signal_features_colab_ultra
5080,1,0.95965457,1,challenge_10_signal_features_colab_ultra
5081,0,0.0146636,0,challenge_10_signal_features_colab_ultra
5082,1,0.97497535,1,challenge_10_signal_features_colab_ultra
5083,0,0.030273028,0,challenge_10_signal_features_colab_ultra
5084,1,0.93638974,1,challenge_10_signal_features_colab_ultra
5085,0,6.0143077e-05,0,challenge_10_signal_features_colab_ultra
5086,1,0.98437935,1,challenge_10_signal_features_colab_ultra
5087,0,0.23484142,0,challenge_10_signal_features_colab_ultra
5088,1,0.6662664,1,challenge_10_signal_features_colab_ultra
5089,1,1.0,1,challenge_10_signal_features_colab_ultra
5090,1,0.65790963,1,challenge_10_signal_features_colab_ultra
5091,0,0.0035958616,0,challenge_10_signal_features_colab_ultra
5092,1,0.483718,0,challenge_10_signal_features_colab_ultra
5093,0,2.2764043e-06,0,challenge_10_signal_features_colab_ultra
5094,1,0.9818905,1,challenge_10_signal_features_colab_ultra
5095,0,0.00024409544,0,challenge_10_signal_features_colab_ultra
5096,0,0.70443314,1,challenge_10_signal_features_colab_ultra
5097,1,0.99999774,1,challenge_10_signal_features_colab_ultra
5098,0,0.0016459033,0,challenge_10_signal_features_colab_ultra
5099,1,0.8362882,1,challenge_10_signal_features_colab_ultra
5100,0,0.06932365,0,challenge_10_signal_features_colab_ultra
5101,1,0.9891481,1,challenge_10_signal_features_colab_ultra
5102,1,0.10920105,0,challenge_10_signal_features_colab_ultra
5103,1,0.22427881,0,challenge_10_signal_features_colab_ultra
5104,1,0.9684125,1,challenge_10_signal_features_colab_ultra
5105,1,0.9999916,1,challenge_10_signal_features_colab_ultra
5106,0,0.2120043,0,challenge_10_signal_features_colab_ultra
5107,0,0.00043449446,0,challenge_10_signal_features_colab_ultra
5108,1,0.9916326,1,challenge_10_signal_features_colab_ultra
5109,0,0.13656674,0,challenge_10_signal_features_colab_ultra
5110,0,0.56324726,1,challenge_10_signal_features_colab_ultra
5111,0,3.4597458e-06,0,challenge_10_signal_features_colab_ultra
5112,0,0.0060230494,0,challenge_10_signal_features_colab_ultra
5113,1,0.5198924,1,challenge_10_signal_features_colab_ultra
5114,0,0.0021311254,0,challenge_10_signal_features_colab_ultra
5115,0,0.0034518482,0,challenge_10_signal_features_colab_ultra
5116,0,0.0036506045,0,challenge_10_signal_features_colab_ultra
5117,1,0.76401216,1,challenge_10_signal_features_colab_ultra
5118,0,4.611719e-06,0,challenge_10_signal_features_colab_ultra
5119,0,0.00032285874,0,challenge_10_signal_features_colab_ultra
5120,0,0.00016921452,0,challenge_10_signal_features_colab_ultra
5121,1,0.9999999,1,challenge_10_signal_features_colab_ultra
5122,0,0.70578265,1,challenge_10_signal_features_colab_ultra
5123,0,0.035116907,0,challenge_10_signal_features_colab_ultra
5124,0,3.8385667e-07,0,challenge_10_signal_features_colab_ultra
5125,0,0.35479438,0,challenge_10_signal_features_colab_ultra
5126,0,1.7132531e-06,0,challenge_10_signal_features_colab_ultra
5127,1,0.71034753,1,challenge_10_signal_features_colab_ultra
5128,1,0.99998975,1,challenge_10_signal_features_colab_ultra
5129,0,0.0014893428,0,challenge_10_signal_features_colab_ultra
5130,1,0.9943758,1,challenge_10_signal_features_colab_ultra
5131,0,0.20683111,0,challenge_10_signal_features_colab_ultra
5132,1,0.9848632,1,challenge_10_signal_features_colab_ultra
5133,0,6.107209e-05,0,challenge_10_signal_features_colab_ultra
5134,1,0.99334586,1,challenge_10_signal_features_colab_ultra
5135,0,0.00075048854,0,challenge_10_signal_features_colab_ultra
5136,1,0.9999997,1,challenge_10_signal_features_colab_ultra
5137,1,0.82673275,1,challenge_10_signal_features_colab_ultra
5138,0,0.17208277,0,challenge_10_signal_features_colab_ultra
5139,0,0.052506052,0,challenge_10_signal_features_colab_ultra
5140,0,0.00028760722,0,challenge_10_signal_features_colab_ultra
5141,1,0.9596851,1,challenge_10_signal_features_colab_ultra
5142,1,0.9999979,1,challenge_10_signal_features_colab_ultra
5143,0,0.0023819827,0,challenge_10_signal_features_colab_ultra
5144,0,0.00037869817,0,challenge_10_signal_features_colab_ultra
5145,1,0.99998236,1,challenge_10_signal_features_colab_ultra
5146,0,0.28985995,0,challenge_10_signal_features_colab_ultra
5147,0,0.011152953,0,challenge_10_signal_features_colab_ultra
5148,0,0.016316213,0,challenge_10_signal_features_colab_ultra
5149,0,0.3278618,0,challenge_10_signal_features_colab_ultra
5150,0,0.002924943,0,challenge_10_signal_features_colab_ultra
5151,0,0.0004456721,0,challenge_10_signal_features_colab_ultra
5152,0,0.0016577037,0,challenge_10_signal_features_colab_ultra
5153,1,0.9894774,1,challenge_10_signal_features_colab_ultra
5154,1,0.9620636,1,challenge_10_signal_features_colab_ultra
5155,1,0.9590028,1,challenge_10_signal_features_colab_ultra
5156,0,0.014457696,0,challenge_10_signal_features_colab_ultra
5157,0,0.17804442,0,challenge_10_signal_features_colab_ultra
5158,0,0.033220544,0,challenge_10_signal_features_colab_ultra
5159,0,0.33258474,0,challenge_10_signal_features_colab_ultra
5160,1,0.8438638,1,challenge_10_signal_features_colab_ultra
5161,0,0.001325387,0,challenge_10_signal_features_colab_ultra
5162,1,0.999992,1,challenge_10_signal_features_colab_ultra
5163,0,0.62437326,1,challenge_10_signal_features_colab_ultra
5164,0,0.012669092,0,challenge_10_signal_features_colab_ultra
5165,1,0.995671,1,challenge_10_signal_features_colab_ultra
5166,0,0.20564951,0,challenge_10_signal_features_colab_ultra
5167,1,0.72182447,1,challenge_10_signal_features_colab_ultra
5168,0,0.039711583,0,challenge_10_signal_features_colab_ultra
5169,1,1.0,1,challenge_10_signal_features_colab_ultra
5170,1,0.9999999,1,challenge_10_signal_features_colab_ultra
5171,1,0.8353633,1,challenge_10_signal_features_colab_ultra
5172,0,0.0002279273,0,challenge_10_signal_features_colab_ultra
5173,0,0.0006891288,0,challenge_10_signal_features_colab_ultra
5174,0,0.0022296014,0,challenge_10_signal_features_colab_ultra
5175,1,0.8898757,1,challenge_10_signal_features_colab_ultra
5176,0,8.579147e-05,0,challenge_10_signal_features_colab_ultra
5177,1,0.9951402,1,challenge_10_signal_features_colab_ultra
5178,1,0.9940878,1,challenge_10_signal_features_colab_ultra
5179,1,0.9929883,1,challenge_10_signal_features_colab_ultra
5180,0,0.0010432018,0,challenge_10_signal_features_colab_ultra
5181,1,0.99999887,1,challenge_10_signal_features_colab_ultra
5182,0,0.0030813455,0,challenge_10_signal_features_colab_ultra
5183,0,1.9457491e-05,0,challenge_10_signal_features_colab_ultra
5184,1,0.9623048,1,challenge_10_signal_features_colab_ultra
5185,0,0.00408408,0,challenge_10_signal_features_colab_ultra
5186,0,0.0034337672,0,challenge_10_signal_features_colab_ultra
5187,1,0.8908127,1,challenge_10_signal_features_colab_ultra
5188,1,0.999993,1,challenge_10_signal_features_colab_ultra
5189,1,0.9999962,1,challenge_10_signal_features_colab_ultra
5190,0,0.00017128432,0,challenge_10_signal_features_colab_ultra
5191,0,0.10486528,0,challenge_10_signal_features_colab_ultra
5192,1,0.71576774,1,challenge_10_signal_features_colab_ultra
5193,0,0.00027413678,0,challenge_10_signal_features_colab_ultra
5194,1,0.9933177,1,challenge_10_signal_features_colab_ultra
5195,1,0.9946515,1,challenge_10_signal_features_colab_ultra
5196,1,0.9967192,1,challenge_10_signal_features_colab_ultra
5197,0,1.1625377e-05,0,challenge_10_signal_features_colab_ultra
5198,1,0.9614959,1,challenge_10_signal_features_colab_ultra
5199,0,0.6760664,1,challenge_10_signal_features_colab_ultra
5200,0,0.00079979456,0,challenge_10_signal_features_colab_ultra
5201,1,0.9947521,1,challenge_10_signal_features_colab_ultra
5202,1,0.9960092,1,challenge_10_signal_features_colab_ultra
5203,0,4.519499e-05,0,challenge_10_signal_features_colab_ultra
5204,1,0.9999939,1,challenge_10_signal_features_colab_ultra
5205,1,0.9946403,1,challenge_10_signal_features_colab_ultra
5206,0,0.1755985,0,challenge_10_signal_features_colab_ultra
5207,1,0.977643,1,challenge_10_signal_features_colab_ultra
5208,0,7.9551575e-07,0,challenge_10_signal_features_colab_ultra
5209,1,0.99644303,1,challenge_10_signal_features_colab_ultra
5210,0,0.103599146,0,challenge_10_signal_features_colab_ultra
5211,0,0.0031853092,0,challenge_10_signal_features_colab_ultra
5212,1,0.9890304,1,challenge_10_signal_features_colab_ultra
5213,1,0.5,1,challenge_10_signal_features_colab_ultra
5214,0,0.00011209373,0,challenge_10_signal_features_colab_ultra
5215,0,1.4409046e-05,0,challenge_10_signal_features_colab_ultra
5216,1,0.98967344,1,challenge_10_signal_features_colab_ultra
5217,0,1.5584174e-05,0,challenge_10_signal_features_colab_ultra
5218,0,0.19360271,0,challenge_10_signal_features_colab_ultra
5219,0,0.0004798552,0,challenge_10_signal_features_colab_ultra
5220,1,0.9999983,1,challenge_10_signal_features_colab_ultra
5221,0,0.000499687,0,challenge_10_signal_features_colab_ultra
5222,0,0.008033672,0,challenge_10_signal_features_colab_ultra
5223,0,0.94657767,1,challenge_10_signal_features_colab_ultra
5224,1,0.99227375,1,challenge_10_signal_features_colab_ultra
5225,0,0.01707719,0,challenge_10_signal_features_colab_ultra
5226,0,0.00194807,0,challenge_10_signal_features_colab_ultra
5227,1,0.9999977,1,challenge_10_signal_features_colab_ultra
5228,0,2.2537557e-05,0,challenge_10_signal_features_colab_ultra
5229,1,0.9968392,1,challenge_10_signal_features_colab_ultra
5230,1,0.99638224,1,challenge_10_signal_features_colab_ultra
5231,0,4.888648e-06,0,challenge_10_signal_features_colab_ultra
5232,0,7.433713e-06,0,challenge_10_signal_features_colab_ultra
5233,1,1.0,1,challenge_10_signal_features_colab_ultra
5234,0,0.002273126,0,challenge_10_signal_features_colab_ultra
5235,0,0.00045321864,0,challenge_10_signal_features_colab_ultra
5236,0,0.6627965,1,challenge_10_signal_features_colab_ultra
5237,1,0.9189639,1,challenge_10_signal_features_colab_ultra
5238,1,0.9971547,1,challenge_10_signal_features_colab_ultra
5239,0,0.35904232,0,challenge_10_signal_features_colab_ultra
5240,1,0.9837632,1,challenge_10_signal_features_colab_ultra
5241,1,0.99440026,1,challenge_10_signal_features_colab_ultra
5242,1,0.9686578,1,challenge_10_signal_features_colab_ultra
5243,1,0.99242157,1,challenge_10_signal_features_colab_ultra
5244,1,0.9039021,1,challenge_10_signal_features_colab_ultra
5245,0,0.82050127,1,challenge_10_signal_features_colab_ultra
5246,0,3.0740452e-07,0,challenge_10_signal_features_colab_ultra
5247,0,0.009194226,0,challenge_10_signal_features_colab_ultra
5248,0,0.00024264512,0,challenge_10_signal_features_colab_ultra
5249,0,0.226402,0,challenge_10_signal_features_colab_ultra
5250,1,0.99999994,1,challenge_10_signal_features_colab_ultra
5251,0,0.0014461124,0,challenge_10_signal_features_colab_ultra
5252,1,0.9899058,1,challenge_10_signal_features_colab_ultra
5253,1,0.99999875,1,challenge_10_signal_features_colab_ultra
5254,0,7.325313e-05,0,challenge_10_signal_features_colab_ultra
5255,0,0.00849364,0,challenge_10_signal_features_colab_ultra
5256,0,0.027753264,0,challenge_10_signal_features_colab_ultra
5257,1,0.9999822,1,challenge_10_signal_features_colab_ultra
5258,1,0.90780157,1,challenge_10_signal_features_colab_ultra
5259,0,0.28648198,0,challenge_10_signal_features_colab_ultra
5260,0,0.030480547,0,challenge_10_signal_features_colab_ultra
5261,1,0.99999994,1,challenge_10_signal_features_colab_ultra
5262,0,0.07415812,0,challenge_10_signal_features_colab_ultra
5263,0,0.60430145,1,challenge_10_signal_features_colab_ultra
5264,1,0.57569635,1,challenge_10_signal_features_colab_ultra
5265,1,0.99600846,1,challenge_10_signal_features_colab_ultra
5266,0,0.08503285,0,challenge_10_signal_features_colab_ultra
5267,0,0.0011857838,0,challenge_10_signal_features_colab_ultra
5268,1,0.98537207,1,challenge_10_signal_features_colab_ultra
5269,1,0.97580147,1,challenge_10_signal_features_colab_ultra
5270,0,0.023538979,0,challenge_10_signal_features_colab_ultra
5271,0,0.00022795104,0,challenge_10_signal_features_colab_ultra
5272,0,0.111092284,0,challenge_10_signal_features_colab_ultra
5273,0,0.00026774613,0,challenge_10_signal_features_colab_ultra
5274,0,0.0006018618,0,challenge_10_signal_features_colab_ultra
5275,0,9.0816284e-05,0,challenge_10_signal_features_colab_ultra
5276,1,0.8474345,1,challenge_10_signal_features_colab_ultra
5277,1,0.9999974,1,challenge_10_signal_features_colab_ultra
5278,0,0.20583999,0,challenge_10_signal_features_colab_ultra
5279,0,0.08650735,0,challenge_10_signal_features_colab_ultra
5280,1,0.20015912,0,challenge_10_signal_features_colab_ultra
5281,1,0.9999992,1,challenge_10_signal_features_colab_ultra
5282,1,0.94576806,1,challenge_10_signal_features_colab_ultra
5283,1,0.22745882,0,challenge_10_signal_features_colab_ultra
5284,0,0.04754366,0,challenge_10_signal_features_colab_ultra
5285,1,0.96515185,1,challenge_10_signal_features_colab_ultra
5286,0,0.0014531423,0,challenge_10_signal_features_colab_ultra
5287,1,0.9910012,1,challenge_10_signal_features_colab_ultra
5288,0,0.0036657103,0,challenge_10_signal_features_colab_ultra
5289,0,4.592343e-05,0,challenge_10_signal_features_colab_ultra
5290,0,0.11107652,0,challenge_10_signal_features_colab_ultra
5291,0,0.0023962487,0,challenge_10_signal_features_colab_ultra
5292,0,0.16402914,0,challenge_10_signal_features_colab_ultra
5293,0,0.00047373923,0,challenge_10_signal_features_colab_ultra
5294,1,0.999991,1,challenge_10_signal_features_colab_ultra
5295,1,0.9915953,1,challenge_10_signal_features_colab_ultra
5296,1,0.9999854,1,challenge_10_signal_features_colab_ultra
5297,0,0.0012916084,0,challenge_10_signal_features_colab_ultra
5298,0,0.00010953095,0,challenge_10_signal_features_colab_ultra
5299,0,9.519956e-06,0,challenge_10_signal_features_colab_ultra
5300,0,0.449191,0,challenge_10_signal_features_colab_ultra
5301,1,0.9885559,1,challenge_10_signal_features_colab_ultra
5302,1,0.9769058,1,challenge_10_signal_features_colab_ultra
5303,0,0.015258957,0,challenge_10_signal_features_colab_ultra
5304,0,0.0055929627,0,challenge_10_signal_features_colab_ultra
5305,1,0.8308242,1,challenge_10_signal_features_colab_ultra
5306,0,0.71413666,1,challenge_10_signal_features_colab_ultra
5307,0,2.7537885e-06,0,challenge_10_signal_features_colab_ultra
5308,0,0.00033481518,0,challenge_10_signal_features_colab_ultra
5309,0,0.05900222,0,challenge_10_signal_features_colab_ultra
5310,0,0.1608208,0,challenge_10_signal_features_colab_ultra
5311,0,0.00022230124,0,challenge_10_signal_features_colab_ultra
5312,1,0.8060061,1,challenge_10_signal_features_colab_ultra
5313,1,0.36296752,0,challenge_10_signal_features_colab_ultra
5314,1,0.9662709,1,challenge_10_signal_features_colab_ultra
5315,1,0.9297707,1,challenge_10_signal_features_colab_ultra
5316,1,0.95649195,1,challenge_10_signal_features_colab_ultra
5317,1,1.0,1,challenge_10_signal_features_colab_ultra
5318,0,0.0019900063,0,challenge_10_signal_features_colab_ultra
5319,0,0.65125215,1,challenge_10_signal_features_colab_ultra
5320,0,0.0023337707,0,challenge_10_signal_features_colab_ultra
5321,1,0.9935811,1,challenge_10_signal_features_colab_ultra
5322,1,0.8991515,1,challenge_10_signal_features_colab_ultra
5323,1,0.9905451,1,challenge_10_signal_features_colab_ultra
5324,0,0.00038282867,0,challenge_10_signal_features_colab_ultra
5325,1,0.9942493,1,challenge_10_signal_features_colab_ultra
5326,1,0.81638736,1,challenge_10_signal_features_colab_ultra
5327,0,0.0023125734,0,challenge_10_signal_features_colab_ultra
5328,0,8.7762686e-07,0,challenge_10_signal_features_colab_ultra
5329,0,0.0002927244,0,challenge_10_signal_features_colab_ultra
5330,1,0.1642834,0,challenge_10_signal_features_colab_ultra
5331,1,0.988004,1,challenge_10_signal_features_colab_ultra
5332,1,0.9909946,1,challenge_10_signal_features_colab_ultra
5333,0,4.575349e-05,0,challenge_10_signal_features_colab_ultra
5334,1,0.999996,1,challenge_10_signal_features_colab_ultra
5335,1,0.9922991,1,challenge_10_signal_features_colab_ultra
5336,1,0.0759674,0,challenge_10_signal_features_colab_ultra
5337,0,0.0011305903,0,challenge_10_signal_features_colab_ultra
5338,1,0.9840046,1,challenge_10_signal_features_colab_ultra
5339,1,0.119427964,0,challenge_10_signal_features_colab_ultra
5340,0,0.19819641,0,challenge_10_signal_features_colab_ultra
5341,0,0.014986673,0,challenge_10_signal_features_colab_ultra
5342,1,0.9964724,1,challenge_10_signal_features_colab_ultra
5343,0,0.6891397,1,challenge_10_signal_features_colab_ultra
5344,1,0.9999877,1,challenge_10_signal_features_colab_ultra
5345,1,0.974722,1,challenge_10_signal_features_colab_ultra
5346,1,0.9910667,1,challenge_10_signal_features_colab_ultra
5347,1,0.99186456,1,challenge_10_signal_features_colab_ultra
5348,1,0.9690859,1,challenge_10_signal_features_colab_ultra
5349,1,0.9968776,1,challenge_10_signal_features_colab_ultra
5350,0,0.06522692,0,challenge_10_signal_features_colab_ultra
5351,1,0.6442438,1,challenge_10_signal_features_colab_ultra
5352,0,3.7819197e-07,0,challenge_10_signal_features_colab_ultra
5353,1,0.98430544,1,challenge_10_signal_features_colab_ultra
5354,0,1.0000001e-07,0,challenge_10_signal_features_colab_ultra
5355,0,0.00060610287,0,challenge_10_signal_features_colab_ultra
5356,0,0.023984732,0,challenge_10_signal_features_colab_ultra
5357,0,0.45536777,0,challenge_10_signal_features_colab_ultra
5358,1,0.90753555,1,challenge_10_signal_features_colab_ultra
5359,0,0.12387632,0,challenge_10_signal_features_colab_ultra
5360,0,0.001351287,0,challenge_10_signal_features_colab_ultra
5361,0,0.7618243,1,challenge_10_signal_features_colab_ultra
5362,0,0.01195755,0,challenge_10_signal_features_colab_ultra
5363,1,0.99623376,1,challenge_10_signal_features_colab_ultra
5364,0,0.0010562692,0,challenge_10_signal_features_colab_ultra
5365,0,0.001127793,0,challenge_10_signal_features_colab_ultra
5366,1,0.9877284,1,challenge_10_signal_features_colab_ultra
5367,0,0.0037249166,0,challenge_10_signal_features_colab_ultra
5368,0,4.274164e-05,0,challenge_10_signal_features_colab_ultra
5369,1,0.9877904,1,challenge_10_signal_features_colab_ultra
5370,1,0.9859663,1,challenge_10_signal_features_colab_ultra
5371,1,0.9474753,1,challenge_10_signal_features_colab_ultra
5372,0,0.21416502,0,challenge_10_signal_features_colab_ultra
5373,0,0.000121257835,0,challenge_10_signal_features_colab_ultra
5374,1,0.3152389,0,challenge_10_signal_features_colab_ultra
5375,0,0.34421334,0,challenge_10_signal_features_colab_ultra
5376,1,0.99999934,1,challenge_10_signal_features_colab_ultra
5377,1,0.90825826,1,challenge_10_signal_features_colab_ultra
5378,1,0.9968616,1,challenge_10_signal_features_colab_ultra
5379,0,0.024492214,0,challenge_10_signal_features_colab_ultra
5380,0,0.0027391384,0,challenge_10_signal_features_colab_ultra
5381,0,0.00014325097,0,challenge_10_signal_features_colab_ultra
5382,0,1.7585478e-05,0,challenge_10_signal_features_colab_ultra
5383,1,0.99554527,1,challenge_10_signal_features_colab_ultra
5384,1,0.8069286,1,challenge_10_signal_features_colab_ultra
5385,1,0.9999998,1,challenge_10_signal_features_colab_ultra
5386,0,0.0047434038,0,challenge_10_signal_features_colab_ultra
5387,1,0.9719788,1,challenge_10_signal_features_colab_ultra
5388,1,0.9954212,1,challenge_10_signal_features_colab_ultra
5389,1,0.99638486,1,challenge_10_signal_features_colab_ultra
5390,1,0.53011864,1,challenge_10_signal_features_colab_ultra
5391,1,0.98280334,1,challenge_10_signal_features_colab_ultra
5392,0,8.204364e-06,0,challenge_10_signal_features_colab_ultra
5393,1,0.9999967,1,challenge_10_signal_features_colab_ultra
5394,1,0.9999854,1,challenge_10_signal_features_colab_ultra
5395,1,0.8984997,1,challenge_10_signal_features_colab_ultra
5396,0,0.008144241,0,challenge_10_signal_features_colab_ultra
5397,0,0.9194701,1,challenge_10_signal_features_colab_ultra
5398,1,0.95581245,1,challenge_10_signal_features_colab_ultra
5399,0,0.0037597446,0,challenge_10_signal_features_colab_ultra
5400,1,0.9973262,1,challenge_10_signal_features_colab_ultra
5401,0,9.998026e-05,0,challenge_10_signal_features_colab_ultra
5402,1,0.95389026,1,challenge_10_signal_features_colab_ultra
5403,0,0.016373532,0,challenge_10_signal_features_colab_ultra
5404,1,0.99999934,1,challenge_10_signal_features_colab_ultra
5405,1,0.99998987,1,challenge_10_signal_features_colab_ultra
5406,0,3.8467338e-06,0,challenge_10_signal_features_colab_ultra
5407,1,0.9917101,1,challenge_10_signal_features_colab_ultra
5408,1,0.94643825,1,challenge_10_signal_features_colab_ultra
5409,0,0.0020317067,0,challenge_10_signal_features_colab_ultra
5410,1,0.5472887,1,challenge_10_signal_features_colab_ultra
5411,0,0.05075453,0,challenge_10_signal_features_colab_ultra
5412,0,0.01845788,0,challenge_10_signal_features_colab_ultra
5413,1,0.9835034,1,challenge_10_signal_features_colab_ultra
5414,1,0.5,1,challenge_10_signal_features_colab_ultra
5415,1,0.99236673,1,challenge_10_signal_features_colab_ultra
5416,1,0.99132234,1,challenge_10_signal_features_colab_ultra
5417,1,0.9999962,1,challenge_10_signal_features_colab_ultra
5418,1,0.99999994,1,challenge_10_signal_features_colab_ultra
5419,0,0.014131835,0,challenge_10_signal_features_colab_ultra
5420,0,1.0000001e-07,0,challenge_10_signal_features_colab_ultra
5421,0,0.0007356803,0,challenge_10_signal_features_colab_ultra
5422,0,0.00083809724,0,challenge_10_signal_features_colab_ultra
5423,0,0.28905934,0,challenge_10_signal_features_colab_ultra
5424,0,0.00017331362,0,challenge_10_signal_features_colab_ultra
5425,1,0.99264556,1,challenge_10_signal_features_colab_ultra
5426,0,0.0005113196,0,challenge_10_signal_features_colab_ultra
5427,1,0.9885909,1,challenge_10_signal_features_colab_ultra
5428,1,0.99702215,1,challenge_10_signal_features_colab_ultra
5429,1,0.99444145,1,challenge_10_signal_features_colab_ultra
5430,0,0.0120066395,0,challenge_10_signal_features_colab_ultra
5431,1,0.9661003,1,challenge_10_signal_features_colab_ultra
5432,0,0.026439045,0,challenge_10_signal_features_colab_ultra
5433,0,0.07180302,0,challenge_10_signal_features_colab_ultra
5434,0,0.017042883,0,challenge_10_signal_features_colab_ultra
5435,0,0.0009761285,0,challenge_10_signal_features_colab_ultra
5436,0,0.08608481,0,challenge_10_signal_features_colab_ultra
5437,0,0.0008807963,0,challenge_10_signal_features_colab_ultra
5438,0,0.13143979,0,challenge_10_signal_features_colab_ultra
5439,1,0.8068338,1,challenge_10_signal_features_colab_ultra
5440,1,0.98838615,1,challenge_10_signal_features_colab_ultra
5441,1,0.99424803,1,challenge_10_signal_features_colab_ultra
5442,0,8.748873e-05,0,challenge_10_signal_features_colab_ultra
5443,1,0.99447846,1,challenge_10_signal_features_colab_ultra
5444,0,0.02986128,0,challenge_10_signal_features_colab_ultra
5445,0,0.010548976,0,challenge_10_signal_features_colab_ultra
5446,1,0.9999992,1,challenge_10_signal_features_colab_ultra
5447,0,0.44125465,0,challenge_10_signal_features_colab_ultra
5448,0,0.47528335,0,challenge_10_signal_features_colab_ultra
5449,0,0.0002826428,0,challenge_10_signal_features_colab_ultra
5450,0,0.059068326,0,challenge_10_signal_features_colab_ultra
5451,1,0.9999998,1,challenge_10_signal_features_colab_ultra
5452,1,0.94870627,1,challenge_10_signal_features_colab_ultra
5453,0,0.023692047,0,challenge_10_signal_features_colab_ultra
5454,0,0.00013239411,0,challenge_10_signal_features_colab_ultra
5455,1,0.9783808,1,challenge_10_signal_features_colab_ultra
5456,1,0.18199174,0,challenge_10_signal_features_colab_ultra
5457,0,0.31717223,0,challenge_10_signal_features_colab_ultra
5458,0,0.00018813601,0,challenge_10_signal_features_colab_ultra
5459,1,0.9999973,1,challenge_10_signal_features_colab_ultra
5460,1,0.99370575,1,challenge_10_signal_features_colab_ultra
5461,0,3.7215956e-05,0,challenge_10_signal_features_colab_ultra
5462,1,0.9999909,1,challenge_10_signal_features_colab_ultra
5463,0,0.045157496,0,challenge_10_signal_features_colab_ultra
5464,0,4.625967e-05,0,challenge_10_signal_features_colab_ultra
5465,0,0.03480172,0,challenge_10_signal_features_colab_ultra
5466,1,0.99173766,1,challenge_10_signal_features_colab_ultra
5467,1,0.69781595,1,challenge_10_signal_features_colab_ultra
5468,0,0.0066834604,0,challenge_10_signal_features_colab_ultra
5469,0,0.08787261,0,challenge_10_signal_features_colab_ultra
5470,1,0.9971722,1,challenge_10_signal_features_colab_ultra
5471,0,0.18061763,0,challenge_10_signal_features_colab_ultra
5472,1,0.9902696,1,challenge_10_signal_features_colab_ultra
5473,1,0.98784524,1,challenge_10_signal_features_colab_ultra
5474,1,0.9909154,1,challenge_10_signal_features_colab_ultra
5475,0,0.92478126,1,challenge_10_signal_features_colab_ultra
5476,1,0.9921092,1,challenge_10_signal_features_colab_ultra
5477,1,0.9999989,1,challenge_10_signal_features_colab_ultra
5478,1,0.9914248,1,challenge_10_signal_features_colab_ultra
5479,1,0.9955966,1,challenge_10_signal_features_colab_ultra
5480,0,1.27916755e-05,0,challenge_10_signal_features_colab_ultra
5481,1,0.9999985,1,challenge_10_signal_features_colab_ultra
5482,0,0.016620755,0,challenge_10_signal_features_colab_ultra
5483,1,0.99419343,1,challenge_10_signal_features_colab_ultra
5484,0,0.017005652,0,challenge_10_signal_features_colab_ultra
5485,1,0.8489683,1,challenge_10_signal_features_colab_ultra
5486,1,0.6322173,1,challenge_10_signal_features_colab_ultra
5487,0,0.014612577,0,challenge_10_signal_features_colab_ultra
5488,0,0.007014695,0,challenge_10_signal_features_colab_ultra
5489,1,0.9444219,1,challenge_10_signal_features_colab_ultra
5490,0,6.4376814e-05,0,challenge_10_signal_features_colab_ultra
5491,0,0.015339075,0,challenge_10_signal_features_colab_ultra
5492,1,0.9936658,1,challenge_10_signal_features_colab_ultra
5493,1,0.871361,1,challenge_10_signal_features_colab_ultra
5494,1,0.9999844,1,challenge_10_signal_features_colab_ultra
5495,1,0.9999895,1,challenge_10_signal_features_colab_ultra
5496,0,6.942425e-07,0,challenge_10_signal_features_colab_ultra
5497,1,0.9999994,1,challenge_10_signal_features_colab_ultra
5498,1,0.95232105,1,challenge_10_signal_features_colab_ultra
5499,1,0.9999828,1,challenge_10_signal_features_colab_ultra
5500,1,0.90297914,1,challenge_10_signal_features_colab_ultra
5501,1,0.9999978,1,challenge_10_signal_features_colab_ultra
5502,1,0.99239784,1,challenge_10_signal_features_colab_ultra
5503,0,0.0006987003,0,challenge_10_signal_features_colab_ultra
5504,0,2.6722944e-06,0,challenge_10_signal_features_colab_ultra
5505,0,0.0003183017,0,challenge_10_signal_features_colab_ultra
5506,0,0.0025533494,0,challenge_10_signal_features_colab_ultra
5507,1,0.88905567,1,challenge_10_signal_features_colab_ultra
5508,1,0.96563756,1,challenge_10_signal_features_colab_ultra
5509,1,0.9941141,1,challenge_10_signal_features_colab_ultra
5510,1,0.9793222,1,challenge_10_signal_features_colab_ultra
5511,1,0.99705315,1,challenge_10_signal_features_colab_ultra
5512,1,0.99599,1,challenge_10_signal_features_colab_ultra
5513,0,0.6699184,1,challenge_10_signal_features_colab_ultra
5514,1,0.119644806,0,challenge_10_signal_features_colab_ultra
5515,1,0.88732636,1,challenge_10_signal_features_colab_ultra
5516,1,0.9999924,1,challenge_10_signal_features_colab_ultra
5517,0,0.0016703573,0,challenge_10_signal_features_colab_ultra
5518,0,3.311231e-05,0,challenge_10_signal_features_colab_ultra
5519,1,0.936719,1,challenge_10_signal_features_colab_ultra
5520,1,0.9593094,1,challenge_10_signal_features_colab_ultra
5521,1,0.9999994,1,challenge_10_signal_features_colab_ultra
5522,0,0.00546589,0,challenge_10_signal_features_colab_ultra
5523,1,0.7185395,1,challenge_10_signal_features_colab_ultra
5524,0,9.1542985e-05,0,challenge_10_signal_features_colab_ultra
5525,1,0.9999918,1,challenge_10_signal_features_colab_ultra
5526,0,5.924144e-07,0,challenge_10_signal_features_colab_ultra
5527,0,7.755237e-05,0,challenge_10_signal_features_colab_ultra
5528,0,0.05068375,0,challenge_10_signal_features_colab_ultra
5529,1,0.99325633,1,challenge_10_signal_features_colab_ultra
5530,0,0.20845224,0,challenge_10_signal_features_colab_ultra
5531,1,0.8102693,1,challenge_10_signal_features_colab_ultra
5532,0,0.020386746,0,challenge_10_signal_features_colab_ultra
5533,0,0.00037940533,0,challenge_10_signal_features_colab_ultra
5534,1,0.71531546,1,challenge_10_signal_features_colab_ultra
5535,0,0.00447063,0,challenge_10_signal_features_colab_ultra
5536,0,8.025379e-05,0,challenge_10_signal_features_colab_ultra
5537,0,1.4713079e-07,0,challenge_10_signal_features_colab_ultra
5538,0,0.87715256,1,challenge_10_signal_features_colab_ultra
5539,1,0.4918785,0,challenge_10_signal_features_colab_ultra
5540,0,0.045050472,0,challenge_10_signal_features_colab_ultra
5541,1,0.98788387,1,challenge_10_signal_features_colab_ultra
5542,0,3.0642663e-05,0,challenge_10_signal_features_colab_ultra
5543,1,0.99342877,1,challenge_10_signal_features_colab_ultra
5544,0,0.13631377,0,challenge_10_signal_features_colab_ultra
5545,0,0.00038800854,0,challenge_10_signal_features_colab_ultra
5546,0,0.00034760186,0,challenge_10_signal_features_colab_ultra
5547,1,0.93386847,1,challenge_10_signal_features_colab_ultra
5548,0,0.015611981,0,challenge_10_signal_features_colab_ultra
5549,0,0.2551272,0,challenge_10_signal_features_colab_ultra
5550,1,0.98132604,1,challenge_10_signal_features_colab_ultra
5551,1,0.65651137,1,challenge_10_signal_features_colab_ultra
5552,1,0.9999877,1,challenge_10_signal_features_colab_ultra
5553,1,0.99612296,1,challenge_10_signal_features_colab_ultra
5554,1,0.9679734,1,challenge_10_signal_features_colab_ultra
5555,1,0.9999988,1,challenge_10_signal_features_colab_ultra
5556,0,0.000766691,0,challenge_10_signal_features_colab_ultra
5557,1,0.98769164,1,challenge_10_signal_features_colab_ultra
5558,1,0.99359053,1,challenge_10_signal_features_colab_ultra
5559,0,4.5401495e-07,0,challenge_10_signal_features_colab_ultra
5560,1,0.96160465,1,challenge_10_signal_features_colab_ultra
5561,0,0.06479302,0,challenge_10_signal_features_colab_ultra
5562,0,0.13529532,0,challenge_10_signal_features_colab_ultra
5563,1,0.99579746,1,challenge_10_signal_features_colab_ultra
5564,0,0.0044923685,0,challenge_10_signal_features_colab_ultra
5565,1,0.9929203,1,challenge_10_signal_features_colab_ultra
5566,1,0.9962459,1,challenge_10_signal_features_colab_ultra
5567,0,0.0009790527,0,challenge_10_signal_features_colab_ultra
5568,1,0.997289,1,challenge_10_signal_features_colab_ultra
5569,0,0.05551631,0,challenge_10_signal_features_colab_ultra
5570,1,0.7133475,1,challenge_10_signal_features_colab_ultra
5571,0,6.011548e-05,0,challenge_10_signal_features_colab_ultra
5572,0,0.0020039708,0,challenge_10_signal_features_colab_ultra
5573,1,0.99999994,1,challenge_10_signal_features_colab_ultra
5574,1,0.9964738,1,challenge_10_signal_features_colab_ultra
5575,0,0.022339616,0,challenge_10_signal_features_colab_ultra
5576,1,1.0,1,challenge_10_signal_features_colab_ultra
5577,1,0.97433424,1,challenge_10_signal_features_colab_ultra
5578,1,0.8590411,1,challenge_10_signal_features_colab_ultra
5579,1,0.9999826,1,challenge_10_signal_features_colab_ultra
5580,1,0.9777067,1,challenge_10_signal_features_colab_ultra
5581,1,0.99525666,1,challenge_10_signal_features_colab_ultra
5582,0,0.6220753,1,challenge_10_signal_features_colab_ultra
5583,1,0.91528064,1,challenge_10_signal_features_colab_ultra
5584,0,0.9534338,1,challenge_10_signal_features_colab_ultra
5585,0,0.0815214,0,challenge_10_signal_features_colab_ultra
5586,1,0.99652964,1,challenge_10_signal_features_colab_ultra
5587,0,0.0005058111,0,challenge_10_signal_features_colab_ultra
5588,1,0.97517216,1,challenge_10_signal_features_colab_ultra
5589,1,0.3463312,0,challenge_10_signal_features_colab_ultra
5590,0,7.4322435e-07,0,challenge_10_signal_features_colab_ultra
5591,1,0.86923057,1,challenge_10_signal_features_colab_ultra
5592,1,0.996617,1,challenge_10_signal_features_colab_ultra
5593,1,0.9903042,1,challenge_10_signal_features_colab_ultra
5594,1,0.9999983,1,challenge_10_signal_features_colab_ultra
5595,1,0.98116565,1,challenge_10_signal_features_colab_ultra
5596,0,0.0018888268,0,challenge_10_signal_features_colab_ultra
5597,0,0.0011123723,0,challenge_10_signal_features_colab_ultra
5598,1,0.9518405,1,challenge_10_signal_features_colab_ultra
5599,0,0.0004971248,0,challenge_10_signal_features_colab_ultra
5600,1,0.9897236,1,challenge_10_signal_features_colab_ultra
5601,1,0.5713054,1,challenge_10_signal_features_colab_ultra
5602,1,0.9229039,1,challenge_10_signal_features_colab_ultra
5603,0,2.449645e-05,0,challenge_10_signal_features_colab_ultra
5604,0,0.013079745,0,challenge_10_signal_features_colab_ultra
5605,1,0.999997,1,challenge_10_signal_features_colab_ultra
5606,0,0.0008897472,0,challenge_10_signal_features_colab_ultra
5607,1,0.38443494,0,challenge_10_signal_features_colab_ultra
5608,0,0.0038036772,0,challenge_10_signal_features_colab_ultra
5609,1,0.999999,1,challenge_10_signal_features_colab_ultra
5610,0,7.2560644e-05,0,challenge_10_signal_features_colab_ultra
5611,0,0.45619977,0,challenge_10_signal_features_colab_ultra
5612,0,0.03921331,0,challenge_10_signal_features_colab_ultra
5613,1,0.9816598,1,challenge_10_signal_features_colab_ultra
5614,0,0.004582588,0,challenge_10_signal_features_colab_ultra
5615,0,6.7538975e-05,0,challenge_10_signal_features_colab_ultra
5616,0,0.00096767873,0,challenge_10_signal_features_colab_ultra
5617,0,0.47227147,0,challenge_10_signal_features_colab_ultra
5618,1,0.90474826,1,challenge_10_signal_features_colab_ultra
5619,1,0.9999999,1,challenge_10_signal_features_colab_ultra
5620,0,0.004320203,0,challenge_10_signal_features_colab_ultra
5621,1,0.9948709,1,challenge_10_signal_features_colab_ultra
5622,1,0.92414314,1,challenge_10_signal_features_colab_ultra
5623,1,1.0,1,challenge_10_signal_features_colab_ultra
5624,1,0.99415,1,challenge_10_signal_features_colab_ultra
5625,0,0.06409462,0,challenge_10_signal_features_colab_ultra
5626,1,0.98046184,1,challenge_10_signal_features_colab_ultra
5627,0,0.25257844,0,challenge_10_signal_features_colab_ultra
5628,0,0.064132765,0,challenge_10_signal_features_colab_ultra
5629,1,0.9999949,1,challenge_10_signal_features_colab_ultra
5630,1,0.9999947,1,challenge_10_signal_features_colab_ultra
5631,1,0.99999994,1,challenge_10_signal_features_colab_ultra
5632,1,0.9999999,1,challenge_10_signal_features_colab_ultra
5633,0,0.9324029,1,challenge_10_signal_features_colab_ultra
5634,1,0.9517627,1,challenge_10_signal_features_colab_ultra
5635,1,0.9749998,1,challenge_10_signal_features_colab_ultra
5636,0,0.021902839,0,challenge_10_signal_features_colab_ultra
5637,1,0.9999948,1,challenge_10_signal_features_colab_ultra
5638,0,0.8708058,1,challenge_10_signal_features_colab_ultra
5639,1,0.8807775,1,challenge_10_signal_features_colab_ultra
5640,0,0.00010760432,0,challenge_10_signal_features_colab_ultra
5641,0,0.00033859143,0,challenge_10_signal_features_colab_ultra
5642,1,0.96705204,1,challenge_10_signal_features_colab_ultra
5643,0,0.0050179115,0,challenge_10_signal_features_colab_ultra
5644,1,0.97550803,1,challenge_10_signal_features_colab_ultra
5645,0,0.21078819,0,challenge_10_signal_features_colab_ultra
5646,0,4.304201e-06,0,challenge_10_signal_features_colab_ultra
5647,1,0.09619496,0,challenge_10_signal_features_colab_ultra
5648,1,0.99572366,1,challenge_10_signal_features_colab_ultra
5649,0,2.6296751e-05,0,challenge_10_signal_features_colab_ultra
5650,0,0.014170649,0,challenge_10_signal_features_colab_ultra
5651,0,0.069939986,0,challenge_10_signal_features_colab_ultra
5652,1,0.99999505,1,challenge_10_signal_features_colab_ultra
5653,1,0.80679053,1,challenge_10_signal_features_colab_ultra
5654,1,0.95686585,1,challenge_10_signal_features_colab_ultra
5655,1,0.7306295,1,challenge_10_signal_features_colab_ultra
5656,1,0.99999017,1,challenge_10_signal_features_colab_ultra
5657,0,0.0016239142,0,challenge_10_signal_features_colab_ultra
5658,1,0.9972929,1,challenge_10_signal_features_colab_ultra
5659,1,0.96034163,1,challenge_10_signal_features_colab_ultra
5660,1,0.8087583,1,challenge_10_signal_features_colab_ultra
5661,1,0.9943064,1,challenge_10_signal_features_colab_ultra
5662,1,0.9288816,1,challenge_10_signal_features_colab_ultra
5663,1,0.1683407,0,challenge_10_signal_features_colab_ultra
5664,0,0.06361086,0,challenge_10_signal_features_colab_ultra
5665,1,0.9471492,1,challenge_10_signal_features_colab_ultra
5666,1,0.92208546,1,challenge_10_signal_features_colab_ultra
5667,0,5.3769974e-05,0,challenge_10_signal_features_colab_ultra
5668,1,0.9999854,1,challenge_10_signal_features_colab_ultra
5669,0,7.428511e-07,0,challenge_10_signal_features_colab_ultra
5670,1,1.0,1,challenge_10_signal_features_colab_ultra
5671,1,0.06248236,0,challenge_10_signal_features_colab_ultra
5672,1,0.996347,1,challenge_10_signal_features_colab_ultra
5673,1,0.88783085,1,challenge_10_signal_features_colab_ultra
5674,0,4.402608e-05,0,challenge_10_signal_features_colab_ultra
5675,1,0.9632493,1,challenge_10_signal_features_colab_ultra
5676,0,0.00010013065,0,challenge_10_signal_features_colab_ultra
5677,1,0.9921347,1,challenge_10_signal_features_colab_ultra
5678,0,0.0500482,0,challenge_10_signal_features_colab_ultra
5679,1,0.9845552,1,challenge_10_signal_features_colab_ultra
5680,1,0.18560101,0,challenge_10_signal_features_colab_ultra
5681,0,0.055197876,0,challenge_10_signal_features_colab_ultra
5682,1,0.9999966,1,challenge_10_signal_features_colab_ultra
5683,1,0.95616406,1,challenge_10_signal_features_colab_ultra
5684,1,0.9999996,1,challenge_10_signal_features_colab_ultra
5685,0,0.0038729217,0,challenge_10_signal_features_colab_ultra
5686,0,0.003532368,0,challenge_10_signal_features_colab_ultra
5687,1,0.88536847,1,challenge_10_signal_features_colab_ultra
5688,0,0.0041231364,0,challenge_10_signal_features_colab_ultra
5689,0,1.4414598e-05,0,challenge_10_signal_features_colab_ultra
5690,0,0.34688273,0,challenge_10_signal_features_colab_ultra
5691,0,0.037638936,0,challenge_10_signal_features_colab_ultra
5692,0,0.0026760162,0,challenge_10_signal_features_colab_ultra
5693,0,0.051723715,0,challenge_10_signal_features_colab_ultra
5694,0,0.0036036025,0,challenge_10_signal_features_colab_ultra
5695,0,0.0026277634,0,challenge_10_signal_features_colab_ultra
5696,1,0.9999956,1,challenge_10_signal_features_colab_ultra
5697,1,0.9999873,1,challenge_10_signal_features_colab_ultra
5698,0,1.0000001e-07,0,challenge_10_signal_features_colab_ultra
5699,0,1.675042e-05,0,challenge_10_signal_features_colab_ultra
5700,0,0.039979026,0,challenge_10_signal_features_colab_ultra
5701,1,0.9999989,1,challenge_10_signal_features_colab_ultra
5702,0,0.10681426,0,challenge_10_signal_features_colab_ultra
5703,1,0.8674605,1,challenge_10_signal_features_colab_ultra
5704,1,0.16786905,0,challenge_10_signal_features_colab_ultra
5705,1,0.9999898,1,challenge_10_signal_features_colab_ultra
5706,1,0.037188977,0,challenge_10_signal_features_colab_ultra
5707,1,0.9814078,1,challenge_10_signal_features_colab_ultra
5708,0,1.6075984e-06,0,challenge_10_signal_features_colab_ultra
5709,1,0.9780706,1,challenge_10_signal_features_colab_ultra
5710,0,4.5120196e-05,0,challenge_10_signal_features_colab_ultra
5711,1,0.9227235,1,challenge_10_signal_features_colab_ultra
5712,0,0.03243087,0,challenge_10_signal_features_colab_ultra
5713,0,0.019320002,0,challenge_10_signal_features_colab_ultra
5714,1,0.91054547,1,challenge_10_signal_features_colab_ultra
5715,1,0.9916833,1,challenge_10_signal_features_colab_ultra
5716,1,0.99999803,1,challenge_10_signal_features_colab_ultra
5717,0,0.013460843,0,challenge_10_signal_features_colab_ultra
5718,0,4.9749222e-05,0,challenge_10_signal_features_colab_ultra
5719,1,0.99999565,1,challenge_10_signal_features_colab_ultra
5720,0,0.0017193349,0,challenge_10_signal_features_colab_ultra
5721,1,0.99692726,1,challenge_10_signal_features_colab_ultra
5722,0,0.020659115,0,challenge_10_signal_features_colab_ultra
5723,1,0.97159064,1,challenge_10_signal_features_colab_ultra
5724,0,0.81566626,1,challenge_10_signal_features_colab_ultra
5725,1,0.99999493,1,challenge_10_signal_features_colab_ultra
5726,1,0.97301805,1,challenge_10_signal_features_colab_ultra
5727,0,0.6789197,1,challenge_10_signal_features_colab_ultra
5728,0,0.016070025,0,challenge_10_signal_features_colab_ultra
5729,1,0.99999934,1,challenge_10_signal_features_colab_ultra
5730,1,0.7160771,1,challenge_10_signal_features_colab_ultra
5731,1,0.4875217,0,challenge_10_signal_features_colab_ultra
5732,0,0.10998981,0,challenge_10_signal_features_colab_ultra
5733,0,2.5748359e-05,0,challenge_10_signal_features_colab_ultra
5734,0,5.54085e-05,0,challenge_10_signal_features_colab_ultra
5735,0,2.950837e-06,0,challenge_10_signal_features_colab_ultra
5736,0,0.017878547,0,challenge_10_signal_features_colab_ultra
5737,1,0.996083,1,challenge_10_signal_features_colab_ultra
5738,0,0.025799716,0,challenge_10_signal_features_colab_ultra
5739,0,0.0003238504,0,challenge_10_signal_features_colab_ultra
5740,1,0.99186164,1,challenge_10_signal_features_colab_ultra
5741,1,0.99676704,1,challenge_10_signal_features_colab_ultra
5742,1,0.5530748,1,challenge_10_signal_features_colab_ultra
5743,0,4.2131454e-05,0,challenge_10_signal_features_colab_ultra
5744,1,0.9999996,1,challenge_10_signal_features_colab_ultra
5745,0,0.01104276,0,challenge_10_signal_features_colab_ultra
5746,0,0.001690557,0,challenge_10_signal_features_colab_ultra
5747,0,0.00019793866,0,challenge_10_signal_features_colab_ultra
5748,1,0.9963595,1,challenge_10_signal_features_colab_ultra
5749,0,1.9562338e-05,0,challenge_10_signal_features_colab_ultra
5750,1,0.99745274,1,challenge_10_signal_features_colab_ultra
5751,1,0.9971553,1,challenge_10_signal_features_colab_ultra
5752,0,0.000327667,0,challenge_10_signal_features_colab_ultra
5753,1,0.48932633,0,challenge_10_signal_features_colab_ultra
5754,1,0.9930117,1,challenge_10_signal_features_colab_ultra
5755,1,0.9952702,1,challenge_10_signal_features_colab_ultra
5756,0,0.001928935,0,challenge_10_signal_features_colab_ultra
5757,0,0.07614444,0,challenge_10_signal_features_colab_ultra
5758,1,0.96666783,1,challenge_10_signal_features_colab_ultra
5759,0,0.5886899,1,challenge_10_signal_features_colab_ultra
5760,0,0.46909475,0,challenge_10_signal_features_colab_ultra
5761,0,0.0001771662,0,challenge_10_signal_features_colab_ultra
5762,0,0.0089550065,0,challenge_10_signal_features_colab_ultra
5763,1,0.9389708,1,challenge_10_signal_features_colab_ultra
5764,0,0.64934945,1,challenge_10_signal_features_colab_ultra
5765,0,0.002166627,0,challenge_10_signal_features_colab_ultra
5766,0,0.016612591,0,challenge_10_signal_features_colab_ultra
5767,1,0.975329,1,challenge_10_signal_features_colab_ultra
5768,1,0.96014905,1,challenge_10_signal_features_colab_ultra
5769,1,0.9878958,1,challenge_10_signal_features_colab_ultra
5770,1,0.99612755,1,challenge_10_signal_features_colab_ultra
5771,0,0.08749913,0,challenge_10_signal_features_colab_ultra
5772,1,0.52424765,1,challenge_10_signal_features_colab_ultra
5773,0,0.031745803,0,challenge_10_signal_features_colab_ultra
5774,0,0.21068132,0,challenge_10_signal_features_colab_ultra
5775,1,0.69149846,1,challenge_10_signal_features_colab_ultra
5776,0,0.3190405,0,challenge_10_signal_features_colab_ultra
5777,1,0.99999547,1,challenge_10_signal_features_colab_ultra
5778,0,0.7582605,1,challenge_10_signal_features_colab_ultra
5779,1,0.9999998,1,challenge_10_signal_features_colab_ultra
5780,1,0.17236154,0,challenge_10_signal_features_colab_ultra
5781,0,4.053731e-05,0,challenge_10_signal_features_colab_ultra
5782,0,0.015046589,0,challenge_10_signal_features_colab_ultra
5783,0,0.006351645,0,challenge_10_signal_features_colab_ultra
5784,1,0.7095108,1,challenge_10_signal_features_colab_ultra
5785,1,0.98101264,1,challenge_10_signal_features_colab_ultra
5786,0,0.00015954286,0,challenge_10_signal_features_colab_ultra
5787,1,0.99999386,1,challenge_10_signal_features_colab_ultra
5788,0,2.6214471e-05,0,challenge_10_signal_features_colab_ultra
5789,0,0.00016730839,0,challenge_10_signal_features_colab_ultra
5790,1,0.93689835,1,challenge_10_signal_features_colab_ultra
5791,1,0.94904995,1,challenge_10_signal_features_colab_ultra
5792,0,2.8269176e-07,0,challenge_10_signal_features_colab_ultra
5793,0,0.004231198,0,challenge_10_signal_features_colab_ultra
5794,0,0.00017362346,0,challenge_10_signal_features_colab_ultra
5795,1,0.9999991,1,challenge_10_signal_features_colab_ultra
5796,1,0.99999994,1,challenge_10_signal_features_colab_ultra
5797,1,0.9965263,1,challenge_10_signal_features_colab_ultra
5798,0,0.0014544204,0,challenge_10_signal_features_colab_ultra
5799,1,0.999996,1,challenge_10_signal_features_colab_ultra
5800,1,0.9202066,1,challenge_10_signal_features_colab_ultra
5801,1,0.98314136,1,challenge_10_signal_features_colab_ultra
5802,1,0.9135167,1,challenge_10_signal_features_colab_ultra
5803,0,0.1319983,0,challenge_10_signal_features_colab_ultra
5804,1,0.9999992,1,challenge_10_signal_features_colab_ultra
5805,1,0.99999976,1,challenge_10_signal_features_colab_ultra
5806,0,0.004036587,0,challenge_10_signal_features_colab_ultra
5807,0,0.019248988,0,challenge_10_signal_features_colab_ultra
5808,1,0.9246928,1,challenge_10_signal_features_colab_ultra
5809,1,0.99473333,1,challenge_10_signal_features_colab_ultra
5810,1,0.9681155,1,challenge_10_signal_features_colab_ultra
5811,0,0.98988086,1,challenge_10_signal_features_colab_ultra
5812,1,0.99999875,1,challenge_10_signal_features_colab_ultra
5813,1,0.95976233,1,challenge_10_signal_features_colab_ultra
5814,0,0.0040711844,0,challenge_10_signal_features_colab_ultra
5815,0,0.0011151724,0,challenge_10_signal_features_colab_ultra
5816,1,0.1382355,0,challenge_10_signal_features_colab_ultra
5817,1,0.9999902,1,challenge_10_signal_features_colab_ultra
5818,0,0.012793831,0,challenge_10_signal_features_colab_ultra
5819,0,0.056240804,0,challenge_10_signal_features_colab_ultra
5820,1,0.99999833,1,challenge_10_signal_features_colab_ultra
5821,0,0.023714066,0,challenge_10_signal_features_colab_ultra
5822,0,0.0723144,0,challenge_10_signal_features_colab_ultra
5823,1,0.9902935,1,challenge_10_signal_features_colab_ultra
5824,1,0.99999297,1,challenge_10_signal_features_colab_ultra
5825,0,0.17948629,0,challenge_10_signal_features_colab_ultra
5826,0,0.003433711,0,challenge_10_signal_features_colab_ultra
5827,1,0.9907502,1,challenge_10_signal_features_colab_ultra
5828,0,0.10402003,0,challenge_10_signal_features_colab_ultra
5829,1,0.99999684,1,challenge_10_signal_features_colab_ultra
5830,1,0.6410436,1,challenge_10_signal_features_colab_ultra
5831,0,0.35102025,0,challenge_10_signal_features_colab_ultra
5832,1,0.9999956,1,challenge_10_signal_features_colab_ultra
5833,1,0.99999946,1,challenge_10_signal_features_colab_ultra
5834,0,0.00022010272,0,challenge_10_signal_features_colab_ultra
5835,1,0.954343,1,challenge_10_signal_features_colab_ultra
5836,0,0.028228454,0,challenge_10_signal_features_colab_ultra
5837,1,1.0,1,challenge_10_signal_features_colab_ultra
5838,0,4.854256e-05,0,challenge_10_signal_features_colab_ultra
5839,1,0.9999891,1,challenge_10_signal_features_colab_ultra
5840,0,0.9487371,1,challenge_10_signal_features_colab_ultra
5841,1,0.8332373,1,challenge_10_signal_features_colab_ultra
5842,0,8.7376175e-05,0,challenge_10_signal_features_colab_ultra
5843,0,0.0067132674,0,challenge_10_signal_features_colab_ultra
5844,1,0.99720615,1,challenge_10_signal_features_colab_ultra
5845,1,0.93837905,1,challenge_10_signal_features_colab_ultra
5846,0,0.00017859945,0,challenge_10_signal_features_colab_ultra
5847,1,0.9132246,1,challenge_10_signal_features_colab_ultra
5848,1,0.880335,1,challenge_10_signal_features_colab_ultra
5849,1,0.9883714,1,challenge_10_signal_features_colab_ultra
5850,0,1.0000001e-07,0,challenge_10_signal_features_colab_ultra
5851,0,0.5471327,1,challenge_10_signal_features_colab_ultra
5852,0,1.0019875e-06,0,challenge_10_signal_features_colab_ultra
5853,1,0.64513814,1,challenge_10_signal_features_colab_ultra
5854,0,1.701717e-05,0,challenge_10_signal_features_colab_ultra
5855,1,0.9691631,1,challenge_10_signal_features_colab_ultra
5856,0,2.8242279e-05,0,challenge_10_signal_features_colab_ultra
5857,0,4.3977293e-06,0,challenge_10_signal_features_colab_ultra
5858,0,0.00041995535,0,challenge_10_signal_features_colab_ultra
5859,1,0.72667336,1,challenge_10_signal_features_colab_ultra
5860,1,0.9937386,1,challenge_10_signal_features_colab_ultra
5861,0,0.0016285019,0,challenge_10_signal_features_colab_ultra
5862,0,0.08674451,0,challenge_10_signal_features_colab_ultra
5863,1,0.9847524,1,challenge_10_signal_features_colab_ultra
5864,1,0.9959266,1,challenge_10_signal_features_colab_ultra
5865,0,0.00010410341,0,challenge_10_signal_features_colab_ultra
5866,0,0.0039243335,0,challenge_10_signal_features_colab_ultra
5867,0,0.0075372537,0,challenge_10_signal_features_colab_ultra
5868,0,0.109988555,0,challenge_10_signal_features_colab_ultra
5869,0,0.034867268,0,challenge_10_signal_features_colab_ultra
5870,1,0.95284283,1,challenge_10_signal_features_colab_ultra
5871,1,0.9999988,1,challenge_10_signal_features_colab_ultra
5872,1,0.42405275,0,challenge_10_signal_features_colab_ultra
5873,1,0.9851453,1,challenge_10_signal_features_colab_ultra
5874,0,0.028447865,0,challenge_10_signal_features_colab_ultra
5875,0,8.742285e-05,0,challenge_10_signal_features_colab_ultra
5876,0,0.6103373,1,challenge_10_signal_features_colab_ultra
5877,0,0.049420178,0,challenge_10_signal_features_colab_ultra
5878,0,0.014732371,0,challenge_10_signal_features_colab_ultra
5879,0,0.006846749,0,challenge_10_signal_features_colab_ultra
5880,0,0.3078627,0,challenge_10_signal_features_colab_ultra
5881,0,5.963563e-05,0,challenge_10_signal_features_colab_ultra
5882,1,0.716173,1,challenge_10_signal_features_colab_ultra
5883,1,0.83211863,1,challenge_10_signal_features_colab_ultra
5884,1,0.99101776,1,challenge_10_signal_features_colab_ultra
5885,0,0.00024570682,0,challenge_10_signal_features_colab_ultra
5886,1,0.913621,1,challenge_10_signal_features_colab_ultra
5887,1,0.9811268,1,challenge_10_signal_features_colab_ultra
5888,0,0.094228655,0,challenge_10_signal_features_colab_ultra
5889,0,0.010928863,0,challenge_10_signal_features_colab_ultra
5890,0,0.00048887084,0,challenge_10_signal_features_colab_ultra
5891,0,4.8462185e-05,0,challenge_10_signal_features_colab_ultra
5892,0,0.60530806,1,challenge_10_signal_features_colab_ultra
5893,1,0.95926404,1,challenge_10_signal_features_colab_ultra
5894,0,0.008169307,0,challenge_10_signal_features_colab_ultra
5895,1,0.97178143,1,challenge_10_signal_features_colab_ultra
5896,1,0.99999875,1,challenge_10_signal_features_colab_ultra
5897,1,0.9999985,1,challenge_10_signal_features_colab_ultra
5898,0,0.10606235,0,challenge_10_signal_features_colab_ultra
5899,0,0.00086836854,0,challenge_10_signal_features_colab_ultra
5900,0,0.0006687909,0,challenge_10_signal_features_colab_ultra
5901,0,0.056497574,0,challenge_10_signal_features_colab_ultra
5902,1,0.9311191,1,challenge_10_signal_features_colab_ultra
5903,1,0.9769282,1,challenge_10_signal_features_colab_ultra
5904,1,0.56661946,1,challenge_10_signal_features_colab_ultra
5905,0,0.33354577,0,challenge_10_signal_features_colab_ultra
5906,0,0.017399507,0,challenge_10_signal_features_colab_ultra
5907,0,0.009901063,0,challenge_10_signal_features_colab_ultra
5908,1,0.99999994,1,challenge_10_signal_features_colab_ultra
5909,1,0.99542457,1,challenge_10_signal_features_colab_ultra
5910,1,0.97545,1,challenge_10_signal_features_colab_ultra
5911,1,0.98321426,1,challenge_10_signal_features_colab_ultra
5912,1,0.9971603,1,challenge_10_signal_features_colab_ultra
5913,0,0.023056863,0,challenge_10_signal_features_colab_ultra
5914,0,0.001272332,0,challenge_10_signal_features_colab_ultra
5915,0,0.00097382924,0,challenge_10_signal_features_colab_ultra
5916,0,3.0522417e-05,0,challenge_10_signal_features_colab_ultra
5917,1,0.9948831,1,challenge_10_signal_features_colab_ultra
5918,0,0.8232172,1,challenge_10_signal_features_colab_ultra
5919,0,2.9750607e-05,0,challenge_10_signal_features_colab_ultra
5920,0,0.0025009161,0,challenge_10_signal_features_colab_ultra
5921,1,0.8928126,1,challenge_10_signal_features_colab_ultra
5922,0,0.0052239425,0,challenge_10_signal_features_colab_ultra
5923,0,2.8969896e-06,0,challenge_10_signal_features_colab_ultra
5924,1,0.9857099,1,challenge_10_signal_features_colab_ultra
5925,1,0.99701434,1,challenge_10_signal_features_colab_ultra
5926,1,0.9999958,1,challenge_10_signal_features_colab_ultra
5927,1,0.9936436,1,challenge_10_signal_features_colab_ultra
5928,1,0.9899737,1,challenge_10_signal_features_colab_ultra
5929,1,0.99112177,1,challenge_10_signal_features_colab_ultra
5930,1,0.9999886,1,challenge_10_signal_features_colab_ultra
5931,1,0.98847765,1,challenge_10_signal_features_colab_ultra
5932,0,0.0027463946,0,challenge_10_signal_features_colab_ultra
5933,0,0.06098224,0,challenge_10_signal_features_colab_ultra
5934,1,0.7947562,1,challenge_10_signal_features_colab_ultra
5935,1,0.92294276,1,challenge_10_signal_features_colab_ultra
5936,0,2.4964372e-06,0,challenge_10_signal_features_colab_ultra
5937,1,0.99999964,1,challenge_10_signal_features_colab_ultra
5938,1,0.33622056,0,challenge_10_signal_features_colab_ultra
5939,1,0.999993,1,challenge_10_signal_features_colab_ultra
5940,0,1.2426445e-05,0,challenge_10_signal_features_colab_ultra
5941,0,0.6217275,1,challenge_10_signal_features_colab_ultra
5942,1,0.9942697,1,challenge_10_signal_features_colab_ultra
5943,0,0.100063026,0,challenge_10_signal_features_colab_ultra
5944,0,4.59114e-06,0,challenge_10_signal_features_colab_ultra
5945,0,0.13063802,0,challenge_10_signal_features_colab_ultra
5946,1,0.9566064,1,challenge_10_signal_features_colab_ultra
5947,1,0.9128593,1,challenge_10_signal_features_colab_ultra
5948,1,0.9999999,1,challenge_10_signal_features_colab_ultra
5949,0,0.15191159,0,challenge_10_signal_features_colab_ultra
5950,1,0.9999977,1,challenge_10_signal_features_colab_ultra
5951,1,0.89604473,1,challenge_10_signal_features_colab_ultra
5952,1,0.9636451,1,challenge_10_signal_features_colab_ultra
5953,1,0.9999995,1,challenge_10_signal_features_colab_ultra
5954,0,0.37674525,0,challenge_10_signal_features_colab_ultra
5955,0,0.015457423,0,challenge_10_signal_features_colab_ultra
5956,0,2.3989576e-05,0,challenge_10_signal_features_colab_ultra
5957,1,0.9448065,1,challenge_10_signal_features_colab_ultra
5958,1,0.992805,1,challenge_10_signal_features_colab_ultra
5959,1,0.9938179,1,challenge_10_signal_features_colab_ultra
5960,0,5.1606152e-05,0,challenge_10_signal_features_colab_ultra
5961,0,0.0013428523,0,challenge_10_signal_features_colab_ultra
5962,1,0.9720327,1,challenge_10_signal_features_colab_ultra
5963,1,0.99399185,1,challenge_10_signal_features_colab_ultra
5964,1,0.99998343,1,challenge_10_signal_features_colab_ultra
5965,0,0.61127955,1,challenge_10_signal_features_colab_ultra
5966,1,0.97323364,1,challenge_10_signal_features_colab_ultra
5967,0,0.0028476038,0,challenge_10_signal_features_colab_ultra
5968,1,0.9964815,1,challenge_10_signal_features_colab_ultra
5969,0,0.5671388,1,challenge_10_signal_features_colab_ultra
5970,0,0.030948734,0,challenge_10_signal_features_colab_ultra
5971,0,0.07276516,0,challenge_10_signal_features_colab_ultra
5972,0,0.0040405383,0,challenge_10_signal_features_colab_ultra
5973,1,0.7071662,1,challenge_10_signal_features_colab_ultra
5974,1,0.9918774,1,challenge_10_signal_features_colab_ultra
5975,1,0.9999933,1,challenge_10_signal_features_colab_ultra
5976,0,0.00082535634,0,challenge_10_signal_features_colab_ultra
5977,1,0.89076287,1,challenge_10_signal_features_colab_ultra
5978,0,0.03640502,0,challenge_10_signal_features_colab_ultra
5979,0,0.25519288,0,challenge_10_signal_features_colab_ultra
5980,1,0.9999979,1,challenge_10_signal_features_colab_ultra
5981,0,0.0008423565,0,challenge_10_signal_features_colab_ultra
5982,0,0.029888812,0,challenge_10_signal_features_colab_ultra
5983,0,0.0054451395,0,challenge_10_signal_features_colab_ultra
5984,0,0.0049638767,0,challenge_10_signal_features_colab_ultra
5985,1,0.9885456,1,challenge_10_signal_features_colab_ultra
5986,1,0.9967255,1,challenge_10_signal_features_colab_ultra
5987,1,0.99580985,1,challenge_10_signal_features_colab_ultra
5988,0,0.0051440876,0,challenge_10_signal_features_colab_ultra
5989,0,0.0050743143,0,challenge_10_signal_features_colab_ultra
5990,0,0.008785002,0,challenge_10_signal_features_colab_ultra
5991,0,0.0012458938,0,challenge_10_signal_features_colab_ultra
5992,0,0.019864537,0,challenge_10_signal_features_colab_ultra
5993,0,0.0029218476,0,challenge_10_signal_features_colab_ultra
5994,0,0.0005636484,0,challenge_10_signal_features_colab_ultra
5995,1,0.9999962,1,challenge_10_signal_features_colab_ultra
5996,0,0.7358026,1,challenge_10_signal_features_colab_ultra
5997,1,0.9698312,1,challenge_10_signal_features_colab_ultra
5998,1,0.9999964,1,challenge_10_signal_features_colab_ultra
5999,0,0.025086002,0,challenge_10_signal_features_colab_ultra
6000,1,0.99570817,1,challenge_10_signal_features_colab_ultra
6001,0,0.018696863,0,challenge_10_signal_features_colab_ultra
6002,1,0.991356,1,challenge_10_signal_features_colab_ultra
6003,1,0.99999195,1,challenge_10_signal_features_colab_ultra
6004,0,0.00151932,0,challenge_10_signal_features_colab_ultra
6005,0,0.009520587,0,challenge_10_signal_features_colab_ultra
6006,0,8.0104246e-07,0,challenge_10_signal_features_colab_ultra
6007,1,0.99999976,1,challenge_10_signal_features_colab_ultra
6008,1,0.9263116,1,challenge_10_signal_features_colab_ultra
6009,0,0.0008316963,0,challenge_10_signal_features_colab_ultra
6010,0,0.0028212182,0,challenge_10_signal_features_colab_ultra
6011,1,0.9800407,1,challenge_10_signal_features_colab_ultra
6012,0,1.18118005e-05,0,challenge_10_signal_features_colab_ultra
6013,1,0.98898494,1,challenge_10_signal_features_colab_ultra
6014,0,2.0778996e-05,0,challenge_10_signal_features_colab_ultra
6015,0,0.113339216,0,challenge_10_signal_features_colab_ultra
6016,0,0.0013167148,0,challenge_10_signal_features_colab_ultra
6017,1,0.9999828,1,challenge_10_signal_features_colab_ultra
6018,0,0.0011346203,0,challenge_10_signal_features_colab_ultra
6019,0,0.00041006587,0,challenge_10_signal_features_colab_ultra
6020,0,0.0074742264,0,challenge_10_signal_features_colab_ultra
6021,1,0.95424306,1,challenge_10_signal_features_colab_ultra
6022,0,0.0003086386,0,challenge_10_signal_features_colab_ultra
6023,1,0.9507394,1,challenge_10_signal_features_colab_ultra
6024,1,0.99485636,1,challenge_10_signal_features_colab_ultra
6025,0,0.024033943,0,challenge_10_signal_features_colab_ultra
6026,1,0.87315977,1,challenge_10_signal_features_colab_ultra
6027,1,0.92136127,1,challenge_10_signal_features_colab_ultra
6028,1,0.9964761,1,challenge_10_signal_features_colab_ultra
6029,0,1.3961122e-05,0,challenge_10_signal_features_colab_ultra
6030,1,0.99999374,1,challenge_10_signal_features_colab_ultra
6031,1,0.93200403,1,challenge_10_signal_features_colab_ultra
6032,1,0.9819331,1,challenge_10_signal_features_colab_ultra
6033,0,0.0031215625,0,challenge_10_signal_features_colab_ultra
6034,1,0.9950087,1,challenge_10_signal_features_colab_ultra
6035,1,0.8771567,1,challenge_10_signal_features_colab_ultra
6036,0,0.060747262,0,challenge_10_signal_features_colab_ultra
6037,1,0.9873276,1,challenge_10_signal_features_colab_ultra
6038,0,0.00013125455,0,challenge_10_signal_features_colab_ultra
6039,0,0.09198104,0,challenge_10_signal_features_colab_ultra
6040,0,0.0018298058,0,challenge_10_signal_features_colab_ultra
6041,0,0.0014521328,0,challenge_10_signal_features_colab_ultra
6042,1,0.74454445,1,challenge_10_signal_features_colab_ultra
6043,0,0.31217372,0,challenge_10_signal_features_colab_ultra
6044,0,0.307737,0,challenge_10_signal_features_colab_ultra
6045,0,0.068125956,0,challenge_10_signal_features_colab_ultra
6046,0,0.03857196,0,challenge_10_signal_features_colab_ultra
6047,0,0.00012921522,0,challenge_10_signal_features_colab_ultra
6048,0,0.0015425949,0,challenge_10_signal_features_colab_ultra
6049,0,0.0014214102,0,challenge_10_signal_features_colab_ultra
6050,1,0.99999475,1,challenge_10_signal_features_colab_ultra
6051,1,0.31491792,0,challenge_10_signal_features_colab_ultra
6052,0,0.0023727613,0,challenge_10_signal_features_colab_ultra
6053,1,0.9999993,1,challenge_10_signal_features_colab_ultra
6054,1,0.8332076,1,challenge_10_signal_features_colab_ultra
6055,1,0.30129912,0,challenge_10_signal_features_colab_ultra
6056,1,0.91768664,1,challenge_10_signal_features_colab_ultra
6057,0,2.131929e-05,0,challenge_10_signal_features_colab_ultra
6058,1,0.94897455,1,challenge_10_signal_features_colab_ultra
6059,1,0.9999871,1,challenge_10_signal_features_colab_ultra
6060,0,0.0003024523,0,challenge_10_signal_features_colab_ultra
6061,1,0.9999826,1,challenge_10_signal_features_colab_ultra
6062,1,0.9136589,1,challenge_10_signal_features_colab_ultra
6063,1,0.9999935,1,challenge_10_signal_features_colab_ultra
6064,0,0.023353364,0,challenge_10_signal_features_colab_ultra
6065,1,0.70844823,1,challenge_10_signal_features_colab_ultra
6066,0,0.20223099,0,challenge_10_signal_features_colab_ultra
6067,1,0.99676883,1,challenge_10_signal_features_colab_ultra
6068,0,0.067997545,0,challenge_10_signal_features_colab_ultra
6069,1,0.9240477,1,challenge_10_signal_features_colab_ultra
6070,1,0.9971839,1,challenge_10_signal_features_colab_ultra
6071,0,0.0041984646,0,challenge_10_signal_features_colab_ultra
6072,1,0.9931259,1,challenge_10_signal_features_colab_ultra
6073,1,0.9970324,1,challenge_10_signal_features_colab_ultra
6074,0,0.00010161149,0,challenge_10_signal_features_colab_ultra
6075,0,0.000107725646,0,challenge_10_signal_features_colab_ultra
6076,0,0.013412356,0,challenge_10_signal_features_colab_ultra
6077,0,0.00034293847,0,challenge_10_signal_features_colab_ultra
6078,1,0.9961699,1,challenge_10_signal_features_colab_ultra
6079,0,0.06747274,0,challenge_10_signal_features_colab_ultra
6080,0,3.847339e-05,0,challenge_10_signal_features_colab_ultra
6081,0,0.00020509982,0,challenge_10_signal_features_colab_ultra
6082,1,0.13653429,0,challenge_10_signal_features_colab_ultra
6083,1,0.9912132,1,challenge_10_signal_features_colab_ultra
6084,1,0.66278,1,challenge_10_signal_features_colab_ultra
6085,0,0.0080564385,0,challenge_10_signal_features_colab_ultra
6086,0,0.025724212,0,challenge_10_signal_features_colab_ultra
6087,0,2.5022682e-05,0,challenge_10_signal_features_colab_ultra
6088,0,0.0026211631,0,challenge_10_signal_features_colab_ultra
6089,1,0.98158205,1,challenge_10_signal_features_colab_ultra
6090,0,2.1735246e-05,0,challenge_10_signal_features_colab_ultra
6091,1,0.8600685,1,challenge_10_signal_features_colab_ultra
6092,0,0.11650375,0,challenge_10_signal_features_colab_ultra
6093,1,0.98985255,1,challenge_10_signal_features_colab_ultra
6094,0,0.0010559874,0,challenge_10_signal_features_colab_ultra
6095,1,0.991024,1,challenge_10_signal_features_colab_ultra
6096,0,0.001421551,0,challenge_10_signal_features_colab_ultra
6097,0,0.06762006,0,challenge_10_signal_features_colab_ultra
6098,1,0.99998903,1,challenge_10_signal_features_colab_ultra
6099,0,0.29829353,0,challenge_10_signal_features_colab_ultra
6100,0,0.0020868382,0,challenge_10_signal_features_colab_ultra
6101,0,0.33126363,0,challenge_10_signal_features_colab_ultra
6102,1,0.99999994,1,challenge_10_signal_features_colab_ultra
6103,1,0.99999666,1,challenge_10_signal_features_colab_ultra
6104,1,0.9948546,1,challenge_10_signal_features_colab_ultra
6105,1,0.98889303,1,challenge_10_signal_features_colab_ultra
6106,0,0.33971062,0,challenge_10_signal_features_colab_ultra
6107,1,0.980894,1,challenge_10_signal_features_colab_ultra
6108,1,0.01772468,0,challenge_10_signal_features_colab_ultra
6109,1,0.9830113,1,challenge_10_signal_features_colab_ultra
6110,1,0.99998313,1,challenge_10_signal_features_colab_ultra
6111,1,0.99999994,1,challenge_10_signal_features_colab_ultra
6112,0,0.0016168432,0,challenge_10_signal_features_colab_ultra
6113,0,0.118688434,0,challenge_10_signal_features_colab_ultra
6114,0,0.0004342679,0,challenge_10_signal_features_colab_ultra
6115,1,0.99998313,1,challenge_10_signal_features_colab_ultra
6116,0,0.0022659663,0,challenge_10_signal_features_colab_ultra
6117,1,0.99999994,1,challenge_10_signal_features_colab_ultra
6118,0,1.0000001e-07,0,challenge_10_signal_features_colab_ultra
6119,0,0.005884524,0,challenge_10_signal_features_colab_ultra
6120,1,0.9263834,1,challenge_10_signal_features_colab_ultra
6121,0,1.7419583e-05,0,challenge_10_signal_features_colab_ultra
6122,1,0.9846995,1,challenge_10_signal_features_colab_ultra
6123,1,0.9016503,1,challenge_10_signal_features_colab_ultra
6124,1,0.9504755,1,challenge_10_signal_features_colab_ultra
6125,1,0.9943478,1,challenge_10_signal_features_colab_ultra
6126,1,0.9848095,1,challenge_10_signal_features_colab_ultra
6127,0,0.0027478358,0,challenge_10_signal_features_colab_ultra
6128,1,0.23429903,0,challenge_10_signal_features_colab_ultra
6129,0,0.007684163,0,challenge_10_signal_features_colab_ultra
6130,0,0.00016583374,0,challenge_10_signal_features_colab_ultra
6131,1,0.92689025,1,challenge_10_signal_features_colab_ultra
6132,0,0.011833138,0,challenge_10_signal_features_colab_ultra
6133,0,0.7215981,1,challenge_10_signal_features_colab_ultra
6134,0,5.4371547e-05,0,challenge_10_signal_features_colab_ultra
6135,0,0.023027426,0,challenge_10_signal_features_colab_ultra
6136,0,6.510296e-05,0,challenge_10_signal_features_colab_ultra
6137,1,1.0,1,challenge_10_signal_features_colab_ultra
6138,1,0.99999994,1,challenge_10_signal_features_colab_ultra
6139,1,0.9999943,1,challenge_10_signal_features_colab_ultra
6140,0,0.00020782238,0,challenge_10_signal_features_colab_ultra
6141,1,0.9946899,1,challenge_10_signal_features_colab_ultra
6142,1,0.9912323,1,challenge_10_signal_features_colab_ultra
6143,0,1.5340248e-06,0,challenge_10_signal_features_colab_ultra
6144,0,0.0032597552,0,challenge_10_signal_features_colab_ultra
6145,1,0.99633425,1,challenge_10_signal_features_colab_ultra
6146,1,0.99999994,1,challenge_10_signal_features_colab_ultra
6147,0,0.45452446,0,challenge_10_signal_features_colab_ultra
6148,1,0.9999957,1,challenge_10_signal_features_colab_ultra
6149,1,0.99999976,1,challenge_10_signal_features_colab_ultra
6150,0,2.2831147e-05,0,challenge_10_signal_features_colab_ultra
6151,0,3.352335e-05,0,challenge_10_signal_features_colab_ultra
6152,1,0.9893172,1,challenge_10_signal_features_colab_ultra
6153,1,0.07213146,0,challenge_10_signal_features_colab_ultra
6154,1,0.93044007,1,challenge_10_signal_features_colab_ultra
6155,1,0.98684937,1,challenge_10_signal_features_colab_ultra
6156,0,0.006714301,0,challenge_10_signal_features_colab_ultra
6157,0,0.009443314,0,challenge_10_signal_features_colab_ultra
6158,1,0.9926656,1,challenge_10_signal_features_colab_ultra
6159,1,0.999997,1,challenge_10_signal_features_colab_ultra
6160,0,5.1561907e-05,0,challenge_10_signal_features_colab_ultra
6161,1,0.9968845,1,challenge_10_signal_features_colab_ultra
6162,0,0.00015362132,0,challenge_10_signal_features_colab_ultra
6163,1,0.9973072,1,challenge_10_signal_features_colab_ultra
6164,0,0.045373965,0,challenge_10_signal_features_colab_ultra
6165,0,0.18691969,0,challenge_10_signal_features_colab_ultra
6166,0,0.003699082,0,challenge_10_signal_features_colab_ultra
6167,1,0.9660917,1,challenge_10_signal_features_colab_ultra
6168,0,0.34124264,0,challenge_10_signal_features_colab_ultra
6169,0,0.0022930806,0,challenge_10_signal_features_colab_ultra
6170,0,0.076864906,0,challenge_10_signal_features_colab_ultra
6171,0,0.103764586,0,challenge_10_signal_features_colab_ultra
6172,1,0.9633551,1,challenge_10_signal_features_colab_ultra
6173,1,0.99999857,1,challenge_10_signal_features_colab_ultra
6174,1,0.9935365,1,challenge_10_signal_features_colab_ultra
6175,1,0.98844683,1,challenge_10_signal_features_colab_ultra
6176,0,0.0030960955,0,challenge_10_signal_features_colab_ultra
6177,0,0.0025959911,0,challenge_10_signal_features_colab_ultra
6178,0,0.74481887,1,challenge_10_signal_features_colab_ultra
6179,0,1.0000001e-07,0,challenge_10_signal_features_colab_ultra
6180,1,0.404773,0,challenge_10_signal_features_colab_ultra
6181,1,0.9850203,1,challenge_10_signal_features_colab_ultra
6182,0,1.4346624e-06,0,challenge_10_signal_features_colab_ultra
6183,0,0.0033354703,0,challenge_10_signal_features_colab_ultra
6184,1,0.97528476,1,challenge_10_signal_features_colab_ultra
6185,1,0.0019332446,0,challenge_10_signal_features_colab_ultra
6186,0,2.8777833e-07,0,challenge_10_signal_features_colab_ultra
6187,1,0.99999994,1,challenge_10_signal_features_colab_ultra
6188,1,0.8589746,1,challenge_10_signal_features_colab_ultra
6189,0,0.0100668585,0,challenge_10_signal_features_colab_ultra
6190,1,0.99230045,1,challenge_10_signal_features_colab_ultra
6191,0,0.2326186,0,challenge_10_signal_features_colab_ultra
6192,1,0.9618735,1,challenge_10_signal_features_colab_ultra
6193,0,0.005809692,0,challenge_10_signal_features_colab_ultra
6194,0,0.00031936704,0,challenge_10_signal_features_colab_ultra
6195,1,0.97976345,1,challenge_10_signal_features_colab_ultra
6196,1,0.9911294,1,challenge_10_signal_features_colab_ultra
6197,0,0.0013737639,0,challenge_10_signal_features_colab_ultra
6198,1,0.99998486,1,challenge_10_signal_features_colab_ultra
6199,0,0.04364939,0,challenge_10_signal_features_colab_ultra
6200,0,0.0008510883,0,challenge_10_signal_features_colab_ultra
6201,1,0.7840171,1,challenge_10_signal_features_colab_ultra
6202,1,0.99270684,1,challenge_10_signal_features_colab_ultra
6203,1,0.97487104,1,challenge_10_signal_features_colab_ultra
6204,0,0.30861095,0,challenge_10_signal_features_colab_ultra
6205,1,0.96878,1,challenge_10_signal_features_colab_ultra
6206,0,0.006544977,0,challenge_10_signal_features_colab_ultra
6207,1,0.98016906,1,challenge_10_signal_features_colab_ultra
6208,0,0.00070867495,0,challenge_10_signal_features_colab_ultra
6209,0,0.5989875,1,challenge_10_signal_features_colab_ultra
6210,1,0.99294543,1,challenge_10_signal_features_colab_ultra
6211,0,9.778814e-05,0,challenge_10_signal_features_colab_ultra
6212,0,9.841754e-06,0,challenge_10_signal_features_colab_ultra
6213,0,1.16942786e-07,0,challenge_10_signal_features_colab_ultra
6214,0,0.0060556447,0,challenge_10_signal_features_colab_ultra
6215,1,1.0,1,challenge_10_signal_features_colab_ultra
6216,0,5.8717607e-05,0,challenge_10_signal_features_colab_ultra
6217,0,0.0056315623,0,challenge_10_signal_features_colab_ultra
6218,1,0.9634539,1,challenge_10_signal_features_colab_ultra
6219,1,0.99546844,1,challenge_10_signal_features_colab_ultra
6220,0,0.0020483148,0,challenge_10_signal_features_colab_ultra
6221,0,0.64982563,1,challenge_10_signal_features_colab_ultra
6222,0,0.00018620267,0,challenge_10_signal_features_colab_ultra
6223,1,0.9938945,1,challenge_10_signal_features_colab_ultra
6224,0,0.7802652,1,challenge_10_signal_features_colab_ultra
6225,0,0.914765,1,challenge_10_signal_features_colab_ultra
6226,1,0.996603,1,challenge_10_signal_features_colab_ultra
6227,0,0.081299305,0,challenge_10_signal_features_colab_ultra
6228,1,0.9177883,1,challenge_10_signal_features_colab_ultra
6229,1,0.9927158,1,challenge_10_signal_features_colab_ultra
6230,0,0.0010599131,0,challenge_10_signal_features_colab_ultra
6231,0,0.020588849,0,challenge_10_signal_features_colab_ultra
6232,0,3.033911e-06,0,challenge_10_signal_features_colab_ultra
6233,0,0.15212932,0,challenge_10_signal_features_colab_ultra
6234,1,0.9809512,1,challenge_10_signal_features_colab_ultra
6235,1,0.910209,1,challenge_10_signal_features_colab_ultra
6236,1,0.985234,1,challenge_10_signal_features_colab_ultra
6237,0,0.06622655,0,challenge_10_signal_features_colab_ultra
6238,0,0.0032042349,0,challenge_10_signal_features_colab_ultra
6239,0,0.0026913104,0,challenge_10_signal_features_colab_ultra
6240,0,0.00014014651,0,challenge_10_signal_features_colab_ultra
6241,0,2.0660195e-06,0,challenge_10_signal_features_colab_ultra
6242,0,0.0017869422,0,challenge_10_signal_features_colab_ultra
6243,0,0.02863143,0,challenge_10_signal_features_colab_ultra
6244,0,0.0002596868,0,challenge_10_signal_features_colab_ultra
6245,1,0.77068937,1,challenge_10_signal_features_colab_ultra
6246,0,2.0348332e-05,0,challenge_10_signal_features_colab_ultra
6247,0,0.047351584,0,challenge_10_signal_features_colab_ultra
6248,0,0.9683561,1,challenge_10_signal_features_colab_ultra
6249,1,0.9999991,1,challenge_10_signal_features_colab_ultra
6250,1,0.9489179,1,challenge_10_signal_features_colab_ultra
6251,1,0.99998236,1,challenge_10_signal_features_colab_ultra
6252,0,0.012388198,0,challenge_10_signal_features_colab_ultra
6253,1,0.999996,1,challenge_10_signal_features_colab_ultra
6254,0,0.0018433934,0,challenge_10_signal_features_colab_ultra
6255,0,0.005227404,0,challenge_10_signal_features_colab_ultra
6256,1,0.99322855,1,challenge_10_signal_features_colab_ultra
6257,0,1.3190424e-05,0,challenge_10_signal_features_colab_ultra
6258,1,0.99114335,1,challenge_10_signal_features_colab_ultra
6259,1,0.9502225,1,challenge_10_signal_features_colab_ultra
6260,1,0.92783535,1,challenge_10_signal_features_colab_ultra
6261,1,0.9999979,1,challenge_10_signal_features_colab_ultra
6262,0,6.2176514e-05,0,challenge_10_signal_features_colab_ultra
6263,0,0.0006944176,0,challenge_10_signal_features_colab_ultra
6264,1,0.99060696,1,challenge_10_signal_features_colab_ultra
6265,0,0.0025818546,0,challenge_10_signal_features_colab_ultra
6266,0,1.0152718e-05,0,challenge_10_signal_features_colab_ultra
6267,0,0.00062234787,0,challenge_10_signal_features_colab_ultra
6268,1,0.9747718,1,challenge_10_signal_features_colab_ultra
6269,0,0.0008716223,0,challenge_10_signal_features_colab_ultra
6270,0,0.023328003,0,challenge_10_signal_features_colab_ultra
6271,1,0.99998385,1,challenge_10_signal_features_colab_ultra
6272,1,0.9803898,1,challenge_10_signal_features_colab_ultra
6273,1,0.9613665,1,challenge_10_signal_features_colab_ultra
6274,1,0.9999878,1,challenge_10_signal_features_colab_ultra
6275,1,0.9272042,1,challenge_10_signal_features_colab_ultra
6276,0,0.006671381,0,challenge_10_signal_features_colab_ultra
6277,0,1.0281769e-05,0,challenge_10_signal_features_colab_ultra
6278,1,0.99389005,1,challenge_10_signal_features_colab_ultra
6279,1,0.71241343,1,challenge_10_signal_features_colab_ultra
6280,0,7.9703495e-05,0,challenge_10_signal_features_colab_ultra
6281,1,0.81688845,1,challenge_10_signal_features_colab_ultra
6282,0,0.0071516414,0,challenge_10_signal_features_colab_ultra
6283,1,0.9479853,1,challenge_10_signal_features_colab_ultra
6284,0,0.016684413,0,challenge_10_signal_features_colab_ultra
6285,0,3.7764155e-05,0,challenge_10_signal_features_colab_ultra
6286,1,0.9888422,1,challenge_10_signal_features_colab_ultra
6287,1,0.976165,1,challenge_10_signal_features_colab_ultra
6288,0,0.0017936019,0,challenge_10_signal_features_colab_ultra
6289,1,0.86973417,1,challenge_10_signal_features_colab_ultra
6290,0,5.2852338e-05,0,challenge_10_signal_features_colab_ultra
6291,1,0.9999956,1,challenge_10_signal_features_colab_ultra
6292,0,0.5,1,challenge_10_signal_features_colab_ultra
6293,0,0.00046173122,0,challenge_10_signal_features_colab_ultra
6294,0,0.011452048,0,challenge_10_signal_features_colab_ultra
6295,1,0.924653,1,challenge_10_signal_features_colab_ultra
6296,0,0.0022292042,0,challenge_10_signal_features_colab_ultra
6297,1,1.0,1,challenge_10_signal_features_colab_ultra
6298,0,3.0473911e-05,0,challenge_10_signal_features_colab_ultra
6299,0,0.7908312,1,challenge_10_signal_features_colab_ultra
6300,1,0.999991,1,challenge_10_signal_features_colab_ultra
6301,0,0.001591866,0,challenge_10_signal_features_colab_ultra
6302,1,1.0,1,challenge_10_signal_features_colab_ultra
6303,1,0.9905716,1,challenge_10_signal_features_colab_ultra
6304,0,0.00424229,0,challenge_10_signal_features_colab_ultra
6305,1,0.9628584,1,challenge_10_signal_features_colab_ultra
6306,1,0.9916434,1,challenge_10_signal_features_colab_ultra
6307,1,1.0,1,challenge_10_signal_features_colab_ultra
6308,0,0.00013590846,0,challenge_10_signal_features_colab_ultra
6309,0,0.054787386,0,challenge_10_signal_features_colab_ultra
6310,0,0.27937418,0,challenge_10_signal_features_colab_ultra
6311,0,0.022288116,0,challenge_10_signal_features_colab_ultra
6312,0,9.1134396e-05,0,challenge_10_signal_features_colab_ultra
6313,1,0.9999987,1,challenge_10_signal_features_colab_ultra
6314,0,0.00090307463,0,challenge_10_signal_features_colab_ultra
6315,1,0.98365813,1,challenge_10_signal_features_colab_ultra
6316,0,0.034780893,0,challenge_10_signal_features_colab_ultra
6317,1,0.9963468,1,challenge_10_signal_features_colab_ultra
6318,1,0.9955497,1,challenge_10_signal_features_colab_ultra
6319,0,0.0038732318,0,challenge_10_signal_features_colab_ultra
6320,1,0.9762382,1,challenge_10_signal_features_colab_ultra
6321,0,0.04370959,0,challenge_10_signal_features_colab_ultra
6322,0,0.00084530696,0,challenge_10_signal_features_colab_ultra
6323,1,0.9999811,1,challenge_10_signal_features_colab_ultra
6324,1,0.9573973,1,challenge_10_signal_features_colab_ultra
6325,1,0.9209126,1,challenge_10_signal_features_colab_ultra
6326,1,0.96306837,1,challenge_10_signal_features_colab_ultra
6327,0,0.004651638,0,challenge_10_signal_features_colab_ultra
6328,1,0.9872853,1,challenge_10_signal_features_colab_ultra
6329,1,0.9999994,1,challenge_10_signal_features_colab_ultra
6330,0,0.0018815132,0,challenge_10_signal_features_colab_ultra
6331,1,0.999999,1,challenge_10_signal_features_colab_ultra
6332,1,0.9999817,1,challenge_10_signal_features_colab_ultra
6333,1,0.98717177,1,challenge_10_signal_features_colab_ultra
6334,1,0.985292,1,challenge_10_signal_features_colab_ultra
6335,0,0.37334776,0,challenge_10_signal_features_colab_ultra
6336,1,0.9999999,1,challenge_10_signal_features_colab_ultra
6337,0,0.03646888,0,challenge_10_signal_features_colab_ultra
6338,0,0.007730663,0,challenge_10_signal_features_colab_ultra
6339,0,0.0068062507,0,challenge_10_signal_features_colab_ultra
6340,0,3.5994613e-05,0,challenge_10_signal_features_colab_ultra
6341,1,0.9084041,1,challenge_10_signal_features_colab_ultra
6342,0,0.13527253,0,challenge_10_signal_features_colab_ultra
6343,1,0.9587437,1,challenge_10_signal_features_colab_ultra
6344,0,0.00013074596,0,challenge_10_signal_features_colab_ultra
6345,0,0.12294979,0,challenge_10_signal_features_colab_ultra
6346,1,0.80711704,1,challenge_10_signal_features_colab_ultra
6347,0,0.9117551,1,challenge_10_signal_features_colab_ultra
6348,0,0.75825334,1,challenge_10_signal_features_colab_ultra
6349,0,0.02944648,0,challenge_10_signal_features_colab_ultra
6350,1,0.98410106,1,challenge_10_signal_features_colab_ultra
6351,0,6.369097e-05,0,challenge_10_signal_features_colab_ultra
6352,1,0.9879881,1,challenge_10_signal_features_colab_ultra
6353,0,0.00021275521,0,challenge_10_signal_features_colab_ultra
6354,1,0.9999998,1,challenge_10_signal_features_colab_ultra
6355,0,0.09337194,0,challenge_10_signal_features_colab_ultra
6356,1,0.9896427,1,challenge_10_signal_features_colab_ultra
6357,1,0.9731278,1,challenge_10_signal_features_colab_ultra
6358,0,0.0040144613,0,challenge_10_signal_features_colab_ultra
6359,0,0.26374102,0,challenge_10_signal_features_colab_ultra
6360,1,0.9950408,1,challenge_10_signal_features_colab_ultra
6361,0,0.35757092,0,challenge_10_signal_features_colab_ultra
6362,0,0.008944484,0,challenge_10_signal_features_colab_ultra
6363,1,0.98382604,1,challenge_10_signal_features_colab_ultra
6364,1,0.9999995,1,challenge_10_signal_features_colab_ultra
6365,0,0.0011323838,0,challenge_10_signal_features_colab_ultra
6366,1,0.9999993,1,challenge_10_signal_features_colab_ultra
6367,0,0.5469356,1,challenge_10_signal_features_colab_ultra
6368,0,0.00085194083,0,challenge_10_signal_features_colab_ultra
6369,0,0.09342773,0,challenge_10_signal_features_colab_ultra
6370,0,0.27183253,0,challenge_10_signal_features_colab_ultra
6371,0,0.09435194,0,challenge_10_signal_features_colab_ultra
6372,1,0.7334684,1,challenge_10_signal_features_colab_ultra
6373,1,0.94398504,1,challenge_10_signal_features_colab_ultra
6374,1,0.7936787,1,challenge_10_signal_features_colab_ultra
6375,1,0.99999696,1,challenge_10_signal_features_colab_ultra
6376,0,0.02122329,0,challenge_10_signal_features_colab_ultra
6377,1,0.9999878,1,challenge_10_signal_features_colab_ultra
6378,1,0.9999956,1,challenge_10_signal_features_colab_ultra
6379,0,0.3876783,0,challenge_10_signal_features_colab_ultra
6380,0,0.0026779692,0,challenge_10_signal_features_colab_ultra
6381,0,0.0022356608,0,challenge_10_signal_features_colab_ultra
6382,0,5.5867065e-05,0,challenge_10_signal_features_colab_ultra
6383,0,0.00080590526,0,challenge_10_signal_features_colab_ultra
6384,0,0.00092703995,0,challenge_10_signal_features_colab_ultra
6385,1,0.957832,1,challenge_10_signal_features_colab_ultra
6386,1,0.96142125,1,challenge_10_signal_features_colab_ultra
6387,0,0.0037840724,0,challenge_10_signal_features_colab_ultra
6388,1,0.98347706,1,challenge_10_signal_features_colab_ultra
6389,1,0.19296639,0,challenge_10_signal_features_colab_ultra
6390,1,0.9930235,1,challenge_10_signal_features_colab_ultra
6391,0,0.04185041,0,challenge_10_signal_features_colab_ultra
6392,0,0.0035869768,0,challenge_10_signal_features_colab_ultra
6393,1,0.9968855,1,challenge_10_signal_features_colab_ultra
6394,0,0.046639476,0,challenge_10_signal_features_colab_ultra
6395,0,0.010068484,0,challenge_10_signal_features_colab_ultra
6396,1,0.91020536,1,challenge_10_signal_features_colab_ultra
6397,0,0.0024529959,0,challenge_10_signal_features_colab_ultra
6398,0,6.7133137e-06,0,challenge_10_signal_features_colab_ultra
6399,0,0.001107782,0,challenge_10_signal_features_colab_ultra
6400,0,0.0043133884,0,challenge_10_signal_features_colab_ultra
6401,1,0.99474996,1,challenge_10_signal_features_colab_ultra
6402,0,0.009785137,0,challenge_10_signal_features_colab_ultra
6403,1,0.9999998,1,challenge_10_signal_features_colab_ultra
6404,1,0.96869045,1,challenge_10_signal_features_colab_ultra
6405,0,0.1317919,0,challenge_10_signal_features_colab_ultra
6406,0,0.00046573728,0,challenge_10_signal_features_colab_ultra
6407,0,0.0013717951,0,challenge_10_signal_features_colab_ultra
6408,0,0.00035794848,0,challenge_10_signal_features_colab_ultra
6409,1,0.99723125,1,challenge_10_signal_features_colab_ultra
6410,1,0.9825507,1,challenge_10_signal_features_colab_ultra
6411,1,0.93649024,1,challenge_10_signal_features_colab_ultra
6412,1,0.2563138,0,challenge_10_signal_features_colab_ultra
6413,0,0.22756432,0,challenge_10_signal_features_colab_ultra
6414,0,0.0007274429,0,challenge_10_signal_features_colab_ultra
6415,1,0.9999914,1,challenge_10_signal_features_colab_ultra
6416,1,0.9954111,1,challenge_10_signal_features_colab_ultra
6417,1,0.51698875,1,challenge_10_signal_features_colab_ultra
6418,0,0.0059254235,0,challenge_10_signal_features_colab_ultra
6419,1,0.96817,1,challenge_10_signal_features_colab_ultra
6420,1,0.8380942,1,challenge_10_signal_features_colab_ultra
6421,0,0.00086580747,0,challenge_10_signal_features_colab_ultra
6422,1,0.95753926,1,challenge_10_signal_features_colab_ultra
6423,1,0.9999958,1,challenge_10_signal_features_colab_ultra
6424,0,0.0046158894,0,challenge_10_signal_features_colab_ultra
6425,1,0.9999886,1,challenge_10_signal_features_colab_ultra
6426,0,1.38924925e-05,0,challenge_10_signal_features_colab_ultra
6427,0,0.0027138367,0,challenge_10_signal_features_colab_ultra
6428,1,0.9999947,1,challenge_10_signal_features_colab_ultra
6429,1,0.99606544,1,challenge_10_signal_features_colab_ultra
6430,0,0.033583097,0,challenge_10_signal_features_colab_ultra
6431,0,6.860516e-05,0,challenge_10_signal_features_colab_ultra
6432,0,2.2170187e-05,0,challenge_10_signal_features_colab_ultra
6433,1,0.9951965,1,challenge_10_signal_features_colab_ultra
6434,1,0.35496888,0,challenge_10_signal_features_colab_ultra
6435,0,0.029756987,0,challenge_10_signal_features_colab_ultra
6436,1,0.9999949,1,challenge_10_signal_features_colab_ultra
6437,0,0.00014050063,0,challenge_10_signal_features_colab_ultra
6438,1,0.27294642,0,challenge_10_signal_features_colab_ultra
6439,0,0.00027027246,0,challenge_10_signal_features_colab_ultra
6440,0,0.0045405664,0,challenge_10_signal_features_colab_ultra
6441,0,0.018552484,0,challenge_10_signal_features_colab_ultra
6442,1,0.9355033,1,challenge_10_signal_features_colab_ultra
6443,1,0.9719112,1,challenge_10_signal_features_colab_ultra
6444,1,0.84828895,1,challenge_10_signal_features_colab_ultra
6445,1,0.9488704,1,challenge_10_signal_features_colab_ultra
6446,1,0.997321,1,challenge_10_signal_features_colab_ultra
6447,1,0.9939156,1,challenge_10_signal_features_colab_ultra
6448,1,0.9536124,1,challenge_10_signal_features_colab_ultra
6449,1,0.9970245,1,challenge_10_signal_features_colab_ultra
6450,0,0.26709697,0,challenge_10_signal_features_colab_ultra
6451,0,0.0003422439,0,challenge_10_signal_features_colab_ultra
6452,1,0.9888503,1,challenge_10_signal_features_colab_ultra
6453,0,0.002764543,0,challenge_10_signal_features_colab_ultra
6454,1,0.9446543,1,challenge_10_signal_features_colab_ultra
6455,0,5.6216084e-07,0,challenge_10_signal_features_colab_ultra
6456,0,0.001134138,0,challenge_10_signal_features_colab_ultra
6457,1,0.99999994,1,challenge_10_signal_features_colab_ultra
6458,1,0.9779009,1,challenge_10_signal_features_colab_ultra
6459,0,0.0024005948,0,challenge_10_signal_features_colab_ultra
6460,1,0.9805127,1,challenge_10_signal_features_colab_ultra
6461,0,0.00014488619,0,challenge_10_signal_features_colab_ultra
6462,0,2.8952325e-05,0,challenge_10_signal_features_colab_ultra
6463,0,0.01131436,0,challenge_10_signal_features_colab_ultra
6464,0,0.025521886,0,challenge_10_signal_features_colab_ultra
6465,0,0.0003739365,0,challenge_10_signal_features_colab_ultra
6466,0,0.00016501186,0,challenge_10_signal_features_colab_ultra
6467,1,0.99407583,1,challenge_10_signal_features_colab_ultra
6468,0,0.00036003572,0,challenge_10_signal_features_colab_ultra
6469,1,0.37351516,0,challenge_10_signal_features_colab_ultra
6470,1,0.99411094,1,challenge_10_signal_features_colab_ultra
6471,1,0.9999899,1,challenge_10_signal_features_colab_ultra
6472,1,0.9589218,1,challenge_10_signal_features_colab_ultra
6473,0,0.001330635,0,challenge_10_signal_features_colab_ultra
6474,1,0.5104833,1,challenge_10_signal_features_colab_ultra
6475,0,3.990693e-06,0,challenge_10_signal_features_colab_ultra
6476,0,0.0005788496,0,challenge_10_signal_features_colab_ultra
6477,1,0.99999845,1,challenge_10_signal_features_colab_ultra
6478,0,0.012268017,0,challenge_10_signal_features_colab_ultra
6479,0,0.00034621655,0,challenge_10_signal_features_colab_ultra
6480,0,1.865649e-05,0,challenge_10_signal_features_colab_ultra
6481,1,0.9919884,1,challenge_10_signal_features_colab_ultra
6482,1,0.9584313,1,challenge_10_signal_features_colab_ultra
6483,0,0.005676657,0,challenge_10_signal_features_colab_ultra
6484,1,0.99574643,1,challenge_10_signal_features_colab_ultra
6485,0,0.12921983,0,challenge_10_signal_features_colab_ultra
6486,0,0.010788917,0,challenge_10_signal_features_colab_ultra
6487,0,1.3541246e-06,0,challenge_10_signal_features_colab_ultra
6488,0,0.0010056313,0,challenge_10_signal_features_colab_ultra
6489,1,0.9885225,1,challenge_10_signal_features_colab_ultra
6490,0,0.14737566,0,challenge_10_signal_features_colab_ultra
6491,1,0.96448505,1,challenge_10_signal_features_colab_ultra
6492,0,0.08758259,0,challenge_10_signal_features_colab_ultra
6493,1,0.9999992,1,challenge_10_signal_features_colab_ultra
6494,0,1.1054971e-05,0,challenge_10_signal_features_colab_ultra
6495,0,0.07454572,0,challenge_10_signal_features_colab_ultra
6496,1,0.89903957,1,challenge_10_signal_features_colab_ultra
6497,1,0.9869543,1,challenge_10_signal_features_colab_ultra
6498,1,0.995986,1,challenge_10_signal_features_colab_ultra
6499,0,0.00066680525,0,challenge_10_signal_features_colab_ultra
6500,1,0.6140239,1,challenge_10_signal_features_colab_ultra
6501,1,0.9999999,1,challenge_10_signal_features_colab_ultra
6502,1,0.8430378,1,challenge_10_signal_features_colab_ultra
6503,1,0.582501,1,challenge_10_signal_features_colab_ultra
6504,0,0.26954415,0,challenge_10_signal_features_colab_ultra
6505,1,0.97055775,1,challenge_10_signal_features_colab_ultra
6506,1,0.99662566,1,challenge_10_signal_features_colab_ultra
6507,0,0.0006143532,0,challenge_10_signal_features_colab_ultra
6508,0,1.7931352e-05,0,challenge_10_signal_features_colab_ultra
6509,1,0.99999624,1,challenge_10_signal_features_colab_ultra
6510,1,0.99999994,1,challenge_10_signal_features_colab_ultra
6511,1,0.99350345,1,challenge_10_signal_features_colab_ultra
6512,0,1.4336263e-05,0,challenge_10_signal_features_colab_ultra
6513,1,0.976348,1,challenge_10_signal_features_colab_ultra
6514,1,0.98461545,1,challenge_10_signal_features_colab_ultra
6515,0,0.070949696,0,challenge_10_signal_features_colab_ultra
6516,0,0.010255009,0,challenge_10_signal_features_colab_ultra
6517,0,1.5773581e-05,0,challenge_10_signal_features_colab_ultra
6518,0,0.0009914921,0,challenge_10_signal_features_colab_ultra
6519,1,0.99999374,1,challenge_10_signal_features_colab_ultra
6520,1,0.9524378,1,challenge_10_signal_features_colab_ultra
6521,1,0.95880234,1,challenge_10_signal_features_colab_ultra
6522,0,0.024580907,0,challenge_10_signal_features_colab_ultra
6523,1,0.999996,1,challenge_10_signal_features_colab_ultra
6524,0,0.0008598729,0,challenge_10_signal_features_colab_ultra
6525,1,0.9761873,1,challenge_10_signal_features_colab_ultra
6526,1,0.98605883,1,challenge_10_signal_features_colab_ultra
6527,0,0.040487625,0,challenge_10_signal_features_colab_ultra
6528,0,0.12222484,0,challenge_10_signal_features_colab_ultra
6529,0,1.488087e-05,0,challenge_10_signal_features_colab_ultra
6530,1,0.98455054,1,challenge_10_signal_features_colab_ultra
6531,0,0.015780224,0,challenge_10_signal_features_colab_ultra
6532,1,0.98889,1,challenge_10_signal_features_colab_ultra
6533,1,0.8372555,1,challenge_10_signal_features_colab_ultra
6534,1,0.9494324,1,challenge_10_signal_features_colab_ultra
6535,0,0.00054303044,0,challenge_10_signal_features_colab_ultra
6536,1,0.99289864,1,challenge_10_signal_features_colab_ultra
6537,1,0.9927514,1,challenge_10_signal_features_colab_ultra
6538,1,0.98893994,1,challenge_10_signal_features_colab_ultra
6539,0,0.11619845,0,challenge_10_signal_features_colab_ultra
6540,1,0.9778094,1,challenge_10_signal_features_colab_ultra
6541,0,0.0049619037,0,challenge_10_signal_features_colab_ultra
6542,1,0.96418387,1,challenge_10_signal_features_colab_ultra
6543,0,0.0055901664,0,challenge_10_signal_features_colab_ultra
6544,1,0.9999924,1,challenge_10_signal_features_colab_ultra
6545,1,0.9932925,1,challenge_10_signal_features_colab_ultra
6546,0,0.66633946,1,challenge_10_signal_features_colab_ultra
6547,1,0.9593268,1,challenge_10_signal_features_colab_ultra
6548,1,0.9962477,1,challenge_10_signal_features_colab_ultra
6549,1,0.9999989,1,challenge_10_signal_features_colab_ultra
6550,1,0.9930135,1,challenge_10_signal_features_colab_ultra
6551,1,0.917525,1,challenge_10_signal_features_colab_ultra
6552,0,0.62703514,1,challenge_10_signal_features_colab_ultra
6553,0,0.00087057176,0,challenge_10_signal_features_colab_ultra
6554,1,0.57095975,1,challenge_10_signal_features_colab_ultra
6555,1,0.976728,1,challenge_10_signal_features_colab_ultra
6556,0,0.018341795,0,challenge_10_signal_features_colab_ultra
6557,0,0.18972251,0,challenge_10_signal_features_colab_ultra
6558,1,0.9999989,1,challenge_10_signal_features_colab_ultra
6559,1,0.99256724,1,challenge_10_signal_features_colab_ultra
6560,0,0.09160043,0,challenge_10_signal_features_colab_ultra
6561,1,0.98607606,1,challenge_10_signal_features_colab_ultra
6562,0,0.06298182,0,challenge_10_signal_features_colab_ultra
6563,1,0.9514037,1,challenge_10_signal_features_colab_ultra
6564,0,0.06840523,0,challenge_10_signal_features_colab_ultra
6565,0,0.40747914,0,challenge_10_signal_features_colab_ultra
6566,0,0.058136724,0,challenge_10_signal_features_colab_ultra
6567,1,0.9789406,1,challenge_10_signal_features_colab_ultra
6568,1,0.9946784,1,challenge_10_signal_features_colab_ultra
6569,1,0.7836705,1,challenge_10_signal_features_colab_ultra
6570,0,0.062822625,0,challenge_10_signal_features_colab_ultra
6571,1,0.9999968,1,challenge_10_signal_features_colab_ultra
6572,0,0.26031277,0,challenge_10_signal_features_colab_ultra
6573,0,0.3399793,0,challenge_10_signal_features_colab_ultra
6574,1,0.9255864,1,challenge_10_signal_features_colab_ultra
6575,0,0.00019508992,0,challenge_10_signal_features_colab_ultra
6576,0,3.9226903e-05,0,challenge_10_signal_features_colab_ultra
6577,0,0.08842688,0,challenge_10_signal_features_colab_ultra
6578,0,0.01670381,0,challenge_10_signal_features_colab_ultra
6579,0,0.00089411944,0,challenge_10_signal_features_colab_ultra
6580,1,0.9968341,1,challenge_10_signal_features_colab_ultra
6581,0,0.0006134475,0,challenge_10_signal_features_colab_ultra
6582,0,6.411521e-05,0,challenge_10_signal_features_colab_ultra
6583,0,0.8673554,1,challenge_10_signal_features_colab_ultra
6584,0,0.00012484204,0,challenge_10_signal_features_colab_ultra
6585,0,0.10892392,0,challenge_10_signal_features_colab_ultra
6586,1,0.1873026,0,challenge_10_signal_features_colab_ultra
6587,1,0.9896045,1,challenge_10_signal_features_colab_ultra
6588,1,0.99237007,1,challenge_10_signal_features_colab_ultra
6589,1,0.9949502,1,challenge_10_signal_features_colab_ultra
6590,1,0.94695514,1,challenge_10_signal_features_colab_ultra
6591,0,0.050844,0,challenge_10_signal_features_colab_ultra
6592,0,0.0010179167,0,challenge_10_signal_features_colab_ultra
6593,0,3.2230742e-05,0,challenge_10_signal_features_colab_ultra
6594,0,5.867473e-05,0,challenge_10_signal_features_colab_ultra
6595,1,0.9999981,1,challenge_10_signal_features_colab_ultra
6596,1,0.99999976,1,challenge_10_signal_features_colab_ultra
6597,0,0.06850415,0,challenge_10_signal_features_colab_ultra
6598,1,0.9999931,1,challenge_10_signal_features_colab_ultra
6599,0,0.019550124,0,challenge_10_signal_features_colab_ultra
6600,0,0.0001891543,0,challenge_10_signal_features_colab_ultra
6601,0,0.019040644,0,challenge_10_signal_features_colab_ultra
6602,1,0.99053574,1,challenge_10_signal_features_colab_ultra
6603,0,0.0013099404,0,challenge_10_signal_features_colab_ultra
6604,0,0.00013850737,0,challenge_10_signal_features_colab_ultra
6605,0,0.0020189674,0,challenge_10_signal_features_colab_ultra
6606,1,0.9775312,1,challenge_10_signal_features_colab_ultra
6607,1,0.9999947,1,challenge_10_signal_features_colab_ultra
6608,1,0.99999666,1,challenge_10_signal_features_colab_ultra
6609,1,0.68779016,1,challenge_10_signal_features_colab_ultra
6610,0,0.0010568111,0,challenge_10_signal_features_colab_ultra
6611,1,1.0,1,challenge_10_signal_features_colab_ultra
6612,1,0.99473524,1,challenge_10_signal_features_colab_ultra
6613,0,0.03255415,0,challenge_10_signal_features_colab_ultra
6614,0,0.65382314,1,challenge_10_signal_features_colab_ultra
6615,1,0.9849084,1,challenge_10_signal_features_colab_ultra
6616,0,0.0996521,0,challenge_10_signal_features_colab_ultra
6617,0,0.00010071455,0,challenge_10_signal_features_colab_ultra
6618,1,0.79205817,1,challenge_10_signal_features_colab_ultra
6619,1,0.97045237,1,challenge_10_signal_features_colab_ultra
6620,1,0.9824144,1,challenge_10_signal_features_colab_ultra
6621,1,0.16513063,0,challenge_10_signal_features_colab_ultra
6622,0,0.049135268,0,challenge_10_signal_features_colab_ultra
6623,1,0.99999315,1,challenge_10_signal_features_colab_ultra
6624,0,0.07827216,0,challenge_10_signal_features_colab_ultra
6625,1,0.74606,1,challenge_10_signal_features_colab_ultra
6626,1,0.9999977,1,challenge_10_signal_features_colab_ultra
6627,0,0.00825959,0,challenge_10_signal_features_colab_ultra
6628,1,0.10181754,0,challenge_10_signal_features_colab_ultra
6629,0,2.3064991e-05,0,challenge_10_signal_features_colab_ultra
6630,1,0.9964054,1,challenge_10_signal_features_colab_ultra
6631,1,0.9999893,1,challenge_10_signal_features_colab_ultra
6632,1,0.9999924,1,challenge_10_signal_features_colab_ultra
6633,1,0.94721675,1,challenge_10_signal_features_colab_ultra
6634,1,0.99999946,1,challenge_10_signal_features_colab_ultra
6635,0,0.009117835,0,challenge_10_signal_features_colab_ultra
6636,0,3.8745848e-06,0,challenge_10_signal_features_colab_ultra
6637,1,0.38450557,0,challenge_10_signal_features_colab_ultra
6638,0,0.026754964,0,challenge_10_signal_features_colab_ultra
6639,1,0.97941446,1,challenge_10_signal_features_colab_ultra
6640,0,0.04181845,0,challenge_10_signal_features_colab_ultra
6641,1,0.03173836,0,challenge_10_signal_features_colab_ultra
6642,1,0.99490243,1,challenge_10_signal_features_colab_ultra
6643,1,0.87546676,1,challenge_10_signal_features_colab_ultra
6644,0,0.043930437,0,challenge_10_signal_features_colab_ultra
6645,1,0.9557586,1,challenge_10_signal_features_colab_ultra
6646,1,0.9999869,1,challenge_10_signal_features_colab_ultra
6647,1,0.99999416,1,challenge_10_signal_features_colab_ultra
6648,1,0.994562,1,challenge_10_signal_features_colab_ultra
6649,1,0.99517065,1,challenge_10_signal_features_colab_ultra
6650,0,0.64762956,1,challenge_10_signal_features_colab_ultra
6651,0,0.0005371203,0,challenge_10_signal_features_colab_ultra
6652,1,0.9831355,1,challenge_10_signal_features_colab_ultra
6653,0,0.003023265,0,challenge_10_signal_features_colab_ultra
6654,1,0.9479313,1,challenge_10_signal_features_colab_ultra
6655,0,0.16034658,0,challenge_10_signal_features_colab_ultra
6656,0,5.386073e-05,0,challenge_10_signal_features_colab_ultra
6657,1,0.9557922,1,challenge_10_signal_features_colab_ultra
6658,0,0.00077057903,0,challenge_10_signal_features_colab_ultra
6659,1,0.9999998,1,challenge_10_signal_features_colab_ultra
6660,0,0.0024381208,0,challenge_10_signal_features_colab_ultra
6661,1,0.9999884,1,challenge_10_signal_features_colab_ultra
6662,1,0.8669492,1,challenge_10_signal_features_colab_ultra
6663,1,0.9295852,1,challenge_10_signal_features_colab_ultra
6664,0,0.8472869,1,challenge_10_signal_features_colab_ultra
6665,0,0.1535782,0,challenge_10_signal_features_colab_ultra
6666,1,0.99547786,1,challenge_10_signal_features_colab_ultra
6667,1,0.99999857,1,challenge_10_signal_features_colab_ultra
6668,0,0.0031541162,0,challenge_10_signal_features_colab_ultra
6669,0,0.16740794,0,challenge_10_signal_features_colab_ultra
6670,1,0.99187505,1,challenge_10_signal_features_colab_ultra
6671,0,0.23240413,0,challenge_10_signal_features_colab_ultra
6672,1,0.9999999,1,challenge_10_signal_features_colab_ultra
6673,0,0.00020374896,0,challenge_10_signal_features_colab_ultra
6674,0,0.002974534,0,challenge_10_signal_features_colab_ultra
6675,1,0.9999972,1,challenge_10_signal_features_colab_ultra
6676,1,0.9999982,1,challenge_10_signal_features_colab_ultra
6677,1,0.9999986,1,challenge_10_signal_features_colab_ultra
6678,1,0.9999999,1,challenge_10_signal_features_colab_ultra
6679,1,0.9999884,1,challenge_10_signal_features_colab_ultra
6680,0,3.2154123e-05,0,challenge_10_signal_features_colab_ultra
6681,1,0.99999994,1,challenge_10_signal_features_colab_ultra
6682,1,0.113764636,0,challenge_10_signal_features_colab_ultra
6683,0,0.0026333625,0,challenge_10_signal_features_colab_ultra
6684,0,0.31657943,0,challenge_10_signal_features_colab_ultra
6685,1,0.9890417,1,challenge_10_signal_features_colab_ultra
6686,0,0.0006879643,0,challenge_10_signal_features_colab_ultra
6687,1,0.9956131,1,challenge_10_signal_features_colab_ultra
6688,1,0.6579779,1,challenge_10_signal_features_colab_ultra
6689,1,0.5269962,1,challenge_10_signal_features_colab_ultra
6690,0,4.745088e-05,0,challenge_10_signal_features_colab_ultra
6691,0,0.2864454,0,challenge_10_signal_features_colab_ultra
6692,0,0.010964303,0,challenge_10_signal_features_colab_ultra
6693,0,0.00759342,0,challenge_10_signal_features_colab_ultra
6694,1,0.99306947,1,challenge_10_signal_features_colab_ultra
6695,0,0.00016521673,0,challenge_10_signal_features_colab_ultra
6696,0,0.03810816,0,challenge_10_signal_features_colab_ultra
6697,0,0.050160192,0,challenge_10_signal_features_colab_ultra
6698,1,0.91724455,1,challenge_10_signal_features_colab_ultra
6699,1,0.9999995,1,challenge_10_signal_features_colab_ultra
6700,1,0.97398525,1,challenge_10_signal_features_colab_ultra
6701,0,0.004699374,0,challenge_10_signal_features_colab_ultra
6702,0,9.355502e-06,0,challenge_10_signal_features_colab_ultra
6703,1,0.9959843,1,challenge_10_signal_features_colab_ultra
6704,0,0.020913083,0,challenge_10_signal_features_colab_ultra
6705,0,0.06319658,0,challenge_10_signal_features_colab_ultra
6706,0,4.0920477e-05,0,challenge_10_signal_features_colab_ultra
6707,0,0.01107214,0,challenge_10_signal_features_colab_ultra
6708,0,0.087426856,0,challenge_10_signal_features_colab_ultra
6709,1,0.99591213,1,challenge_10_signal_features_colab_ultra
6710,0,0.5696184,1,challenge_10_signal_features_colab_ultra
6711,0,0.18123172,0,challenge_10_signal_features_colab_ultra
6712,0,0.057764713,0,challenge_10_signal_features_colab_ultra
6713,1,0.99999946,1,challenge_10_signal_features_colab_ultra
6714,0,0.013307302,0,challenge_10_signal_features_colab_ultra
6715,1,0.9999939,1,challenge_10_signal_features_colab_ultra
6716,0,0.0011211638,0,challenge_10_signal_features_colab_ultra
6717,1,0.9999956,1,challenge_10_signal_features_colab_ultra
6718,0,0.97451794,1,challenge_10_signal_features_colab_ultra
6719,1,0.90856534,1,challenge_10_signal_features_colab_ultra
6720,1,0.9824965,1,challenge_10_signal_features_colab_ultra
6721,0,0.37144768,0,challenge_10_signal_features_colab_ultra
6722,0,0.9293628,1,challenge_10_signal_features_colab_ultra
6723,0,9.579729e-05,0,challenge_10_signal_features_colab_ultra
6724,0,0.00028478118,0,challenge_10_signal_features_colab_ultra
6725,0,0.35311022,0,challenge_10_signal_features_colab_ultra
6726,0,0.21235861,0,challenge_10_signal_features_colab_ultra
6727,0,8.922307e-06,0,challenge_10_signal_features_colab_ultra
6728,0,0.00478774,0,challenge_10_signal_features_colab_ultra
6729,1,0.9999998,1,challenge_10_signal_features_colab_ultra
6730,0,0.6561303,1,challenge_10_signal_features_colab_ultra
6731,1,1.0,1,challenge_10_signal_features_colab_ultra
6732,0,0.00386461,0,challenge_10_signal_features_colab_ultra
6733,1,0.9851748,1,challenge_10_signal_features_colab_ultra
6734,1,0.97726446,1,challenge_10_signal_features_colab_ultra
6735,0,0.28362128,0,challenge_10_signal_features_colab_ultra
6736,1,0.9999985,1,challenge_10_signal_features_colab_ultra
6737,0,0.09379759,0,challenge_10_signal_features_colab_ultra
6738,1,0.65043396,1,challenge_10_signal_features_colab_ultra
6739,1,0.9308711,1,challenge_10_signal_features_colab_ultra
6740,1,1.0,1,challenge_10_signal_features_colab_ultra
6741,1,0.9534259,1,challenge_10_signal_features_colab_ultra
6742,1,0.9999993,1,challenge_10_signal_features_colab_ultra
6743,0,0.0517775,0,challenge_10_signal_features_colab_ultra
6744,0,0.0005764373,0,challenge_10_signal_features_colab_ultra
6745,0,0.0006393149,0,challenge_10_signal_features_colab_ultra
6746,1,0.9821482,1,challenge_10_signal_features_colab_ultra
6747,0,3.4176883e-05,0,challenge_10_signal_features_colab_ultra
6748,0,0.01882306,0,challenge_10_signal_features_colab_ultra
6749,1,0.99603575,1,challenge_10_signal_features_colab_ultra
6750,1,0.4328299,0,challenge_10_signal_features_colab_ultra
6751,1,0.99999213,1,challenge_10_signal_features_colab_ultra
6752,1,0.99999744,1,challenge_10_signal_features_colab_ultra
6753,1,0.99999976,1,challenge_10_signal_features_colab_ultra
6754,0,0.019093808,0,challenge_10_signal_features_colab_ultra
6755,0,0.00056412414,0,challenge_10_signal_features_colab_ultra
6756,0,6.2671854e-05,0,challenge_10_signal_features_colab_ultra
6757,1,0.99669164,1,challenge_10_signal_features_colab_ultra
6758,0,0.00013068301,0,challenge_10_signal_features_colab_ultra
6759,1,0.9966754,1,challenge_10_signal_features_colab_ultra
6760,0,0.0025363204,0,challenge_10_signal_features_colab_ultra
6761,0,0.15168741,0,challenge_10_signal_features_colab_ultra
6762,0,0.08949158,0,challenge_10_signal_features_colab_ultra
6763,1,0.99737734,1,challenge_10_signal_features_colab_ultra
6764,1,0.9670745,1,challenge_10_signal_features_colab_ultra
6765,1,0.86375964,1,challenge_10_signal_features_colab_ultra
6766,1,0.99684155,1,challenge_10_signal_features_colab_ultra
6767,1,0.9999852,1,challenge_10_signal_features_colab_ultra
6768,1,0.99999964,1,challenge_10_signal_features_colab_ultra
6769,1,0.9943898,1,challenge_10_signal_features_colab_ultra
6770,1,0.99999744,1,challenge_10_signal_features_colab_ultra
6771,0,0.121431634,0,challenge_10_signal_features_colab_ultra
6772,0,5.7734018e-05,0,challenge_10_signal_features_colab_ultra
6773,1,0.3898106,0,challenge_10_signal_features_colab_ultra
6774,0,0.0031128607,0,challenge_10_signal_features_colab_ultra
6775,1,0.9900589,1,challenge_10_signal_features_colab_ultra
6776,0,0.00019173358,0,challenge_10_signal_features_colab_ultra
6777,0,0.00923942,0,challenge_10_signal_features_colab_ultra
6778,0,0.0014650234,0,challenge_10_signal_features_colab_ultra
6779,1,0.7632929,1,challenge_10_signal_features_colab_ultra
6780,0,4.5859753e-05,0,challenge_10_signal_features_colab_ultra
6781,1,0.9900374,1,challenge_10_signal_features_colab_ultra
6782,0,0.6891876,1,challenge_10_signal_features_colab_ultra
6783,0,0.36743358,0,challenge_10_signal_features_colab_ultra
6784,1,0.99999917,1,challenge_10_signal_features_colab_ultra
6785,1,0.9610169,1,challenge_10_signal_features_colab_ultra
6786,1,0.9901998,1,challenge_10_signal_features_colab_ultra
6787,0,0.004607369,0,challenge_10_signal_features_colab_ultra
6788,1,1.0,1,challenge_10_signal_features_colab_ultra
6789,1,0.9907887,1,challenge_10_signal_features_colab_ultra
6790,0,0.0016224815,0,challenge_10_signal_features_colab_ultra
6791,1,0.7923256,1,challenge_10_signal_features_colab_ultra
6792,0,0.00091255124,0,challenge_10_signal_features_colab_ultra
6793,0,0.0073686857,0,challenge_10_signal_features_colab_ultra
6794,1,0.85069364,1,challenge_10_signal_features_colab_ultra
6795,0,0.013934896,0,challenge_10_signal_features_colab_ultra
6796,0,0.02276011,0,challenge_10_signal_features_colab_ultra
6797,1,0.99999976,1,challenge_10_signal_features_colab_ultra
6798,1,0.9933238,1,challenge_10_signal_features_colab_ultra
6799,1,0.9999831,1,challenge_10_signal_features_colab_ultra
6800,1,0.10136125,0,challenge_10_signal_features_colab_ultra
6801,0,0.00023043521,0,challenge_10_signal_features_colab_ultra
6802,0,0.066415496,0,challenge_10_signal_features_colab_ultra
6803,1,0.99998385,1,challenge_10_signal_features_colab_ultra
6804,0,0.4633987,0,challenge_10_signal_features_colab_ultra
6805,0,0.000350839,0,challenge_10_signal_features_colab_ultra
6806,1,0.99744284,1,challenge_10_signal_features_colab_ultra
6807,1,0.16055046,0,challenge_10_signal_features_colab_ultra
6808,0,0.016103087,0,challenge_10_signal_features_colab_ultra
6809,1,0.99998456,1,challenge_10_signal_features_colab_ultra
6810,0,5.0073246e-05,0,challenge_10_signal_features_colab_ultra
6811,1,0.5859729,1,challenge_10_signal_features_colab_ultra
6812,0,8.631663e-05,0,challenge_10_signal_features_colab_ultra
6813,1,0.989655,1,challenge_10_signal_features_colab_ultra
6814,0,0.003773259,0,challenge_10_signal_features_colab_ultra
6815,0,0.0007599023,0,challenge_10_signal_features_colab_ultra
6816,1,0.99693936,1,challenge_10_signal_features_colab_ultra
6817,0,5.646131e-06,0,challenge_10_signal_features_colab_ultra
6818,1,0.97294325,1,challenge_10_signal_features_colab_ultra
6819,0,0.00054309826,0,challenge_10_signal_features_colab_ultra
6820,1,0.99200803,1,challenge_10_signal_features_colab_ultra
6821,1,0.16829978,0,challenge_10_signal_features_colab_ultra
6822,1,0.03835909,0,challenge_10_signal_features_colab_ultra
6823,1,0.9999923,1,challenge_10_signal_features_colab_ultra
6824,0,0.39866158,0,challenge_10_signal_features_colab_ultra
6825,1,0.883465,1,challenge_10_signal_features_colab_ultra
6826,1,0.963265,1,challenge_10_signal_features_colab_ultra
6827,0,0.81273377,1,challenge_10_signal_features_colab_ultra
6828,1,0.99697316,1,challenge_10_signal_features_colab_ultra
6829,0,2.2471026e-07,0,challenge_10_signal_features_colab_ultra
6830,0,0.14785358,0,challenge_10_signal_features_colab_ultra
6831,1,0.98736244,1,challenge_10_signal_features_colab_ultra
6832,0,0.0004049045,0,challenge_10_signal_features_colab_ultra
6833,1,0.9834544,1,challenge_10_signal_features_colab_ultra
6834,0,0.010166186,0,challenge_10_signal_features_colab_ultra
6835,0,0.0044833855,0,challenge_10_signal_features_colab_ultra
6836,1,0.8017975,1,challenge_10_signal_features_colab_ultra
6837,1,0.8268134,1,challenge_10_signal_features_colab_ultra
6838,1,0.3136134,0,challenge_10_signal_features_colab_ultra
6839,1,0.39284894,0,challenge_10_signal_features_colab_ultra
6840,0,0.032022983,0,challenge_10_signal_features_colab_ultra
6841,1,0.9886696,1,challenge_10_signal_features_colab_ultra
6842,0,0.010059565,0,challenge_10_signal_features_colab_ultra
6843,0,3.8252966e-07,0,challenge_10_signal_features_colab_ultra
6844,1,0.9475757,1,challenge_10_signal_features_colab_ultra
6845,1,0.99545974,1,challenge_10_signal_features_colab_ultra
6846,0,0.11879533,0,challenge_10_signal_features_colab_ultra
6847,0,0.7650507,1,challenge_10_signal_features_colab_ultra
6848,1,0.93678975,1,challenge_10_signal_features_colab_ultra
6849,0,4.4750916e-05,0,challenge_10_signal_features_colab_ultra
6850,1,0.9999979,1,challenge_10_signal_features_colab_ultra
6851,1,0.996556,1,challenge_10_signal_features_colab_ultra
6852,0,0.00012429284,0,challenge_10_signal_features_colab_ultra
6853,1,0.99744177,1,challenge_10_signal_features_colab_ultra
6854,1,0.92637026,1,challenge_10_signal_features_colab_ultra
6855,0,0.1685063,0,challenge_10_signal_features_colab_ultra
6856,0,3.265201e-05,0,challenge_10_signal_features_colab_ultra
6857,0,0.00372031,0,challenge_10_signal_features_colab_ultra
6858,0,0.02839638,0,challenge_10_signal_features_colab_ultra
6859,1,0.9786083,1,challenge_10_signal_features_colab_ultra
6860,0,0.00095711194,0,challenge_10_signal_features_colab_ultra
6861,1,0.92207104,1,challenge_10_signal_features_colab_ultra
6862,1,0.9778195,1,challenge_10_signal_features_colab_ultra
6863,0,0.00017060073,0,challenge_10_signal_features_colab_ultra
6864,1,0.99999994,1,challenge_10_signal_features_colab_ultra
6865,1,0.9467316,1,challenge_10_signal_features_colab_ultra
6866,1,0.9935529,1,challenge_10_signal_features_colab_ultra
6867,1,0.98855996,1,challenge_10_signal_features_colab_ultra
6868,1,0.85943246,1,challenge_10_signal_features_colab_ultra
6869,1,0.93368155,1,challenge_10_signal_features_colab_ultra
6870,1,0.9999997,1,challenge_10_signal_features_colab_ultra
6871,0,0.00054339296,0,challenge_10_signal_features_colab_ultra
6872,0,0.01849335,0,challenge_10_signal_features_colab_ultra
6873,1,0.9603923,1,challenge_10_signal_features_colab_ultra
6874,0,0.0020221432,0,challenge_10_signal_features_colab_ultra
6875,1,0.9999982,1,challenge_10_signal_features_colab_ultra
6876,0,4.006475e-05,0,challenge_10_signal_features_colab_ultra
6877,0,0.08544296,0,challenge_10_signal_features_colab_ultra
6878,0,0.008740644,0,challenge_10_signal_features_colab_ultra
6879,1,0.052211475,0,challenge_10_signal_features_colab_ultra
6880,1,0.9999998,1,challenge_10_signal_features_colab_ultra
6881,0,0.24426028,0,challenge_10_signal_features_colab_ultra
6882,0,0.009502806,0,challenge_10_signal_features_colab_ultra
6883,0,0.0828453,0,challenge_10_signal_features_colab_ultra
6884,1,0.9815819,1,challenge_10_signal_features_colab_ultra
6885,1,0.9969588,1,challenge_10_signal_features_colab_ultra
6886,1,0.9911382,1,challenge_10_signal_features_colab_ultra
6887,1,0.9311767,1,challenge_10_signal_features_colab_ultra
6888,0,0.008626154,0,challenge_10_signal_features_colab_ultra
6889,0,0.00019085722,0,challenge_10_signal_features_colab_ultra
6890,1,0.6854609,1,challenge_10_signal_features_colab_ultra
6891,0,0.010517508,0,challenge_10_signal_features_colab_ultra
6892,0,2.4521157e-06,0,challenge_10_signal_features_colab_ultra
6893,1,0.8010139,1,challenge_10_signal_features_colab_ultra
6894,1,0.99998343,1,challenge_10_signal_features_colab_ultra
6895,1,0.98955697,1,challenge_10_signal_features_colab_ultra
6896,0,2.1367883e-05,0,challenge_10_signal_features_colab_ultra
6897,1,0.61221975,1,challenge_10_signal_features_colab_ultra
6898,0,0.0018195274,0,challenge_10_signal_features_colab_ultra
6899,1,0.71635216,1,challenge_10_signal_features_colab_ultra
6900,1,0.99999946,1,challenge_10_signal_features_colab_ultra
6901,1,0.96359223,1,challenge_10_signal_features_colab_ultra
6902,1,0.95060074,1,challenge_10_signal_features_colab_ultra
6903,1,0.9999968,1,challenge_10_signal_features_colab_ultra
6904,1,0.99670196,1,challenge_10_signal_features_colab_ultra
6905,0,0.034731906,0,challenge_10_signal_features_colab_ultra
6906,1,0.99999243,1,challenge_10_signal_features_colab_ultra
6907,0,0.0026209336,0,challenge_10_signal_features_colab_ultra
6908,0,0.004195639,0,challenge_10_signal_features_colab_ultra
6909,0,1.602106e-05,0,challenge_10_signal_features_colab_ultra
6910,0,0.0007411067,0,challenge_10_signal_features_colab_ultra
6911,1,0.9999917,1,challenge_10_signal_features_colab_ultra
6912,1,0.9875098,1,challenge_10_signal_features_colab_ultra
6913,0,0.033350743,0,challenge_10_signal_features_colab_ultra
6914,0,0.00014973799,0,challenge_10_signal_features_colab_ultra
6915,0,0.009307122,0,challenge_10_signal_features_colab_ultra
6916,0,0.04833964,0,challenge_10_signal_features_colab_ultra
6917,1,0.92712116,1,challenge_10_signal_features_colab_ultra
6918,0,0.012930861,0,challenge_10_signal_features_colab_ultra
6919,1,0.95005345,1,challenge_10_signal_features_colab_ultra
6920,1,0.8538223,1,challenge_10_signal_features_colab_ultra
6921,0,0.009067055,0,challenge_10_signal_features_colab_ultra
6922,0,8.2595034e-05,0,challenge_10_signal_features_colab_ultra
6923,1,0.9825381,1,challenge_10_signal_features_colab_ultra
6924,1,0.5811855,1,challenge_10_signal_features_colab_ultra
6925,1,0.99515367,1,challenge_10_signal_features_colab_ultra
6926,0,2.0845584e-06,0,challenge_10_signal_features_colab_ultra
6927,0,0.0021479928,0,challenge_10_signal_features_colab_ultra
6928,1,0.9293583,1,challenge_10_signal_features_colab_ultra
6929,1,0.990607,1,challenge_10_signal_features_colab_ultra
6930,0,0.10598024,0,challenge_10_signal_features_colab_ultra
6931,0,0.041341994,0,challenge_10_signal_features_colab_ultra
6932,1,0.99999225,1,challenge_10_signal_features_colab_ultra
6933,0,7.340097e-05,0,challenge_10_signal_features_colab_ultra
6934,1,0.9946111,1,challenge_10_signal_features_colab_ultra
6935,0,0.0005051276,0,challenge_10_signal_features_colab_ultra
6936,1,0.99665785,1,challenge_10_signal_features_colab_ultra
6937,0,5.4742522e-06,0,challenge_10_signal_features_colab_ultra
6938,1,0.9920642,1,challenge_10_signal_features_colab_ultra
6939,1,1.0,1,challenge_10_signal_features_colab_ultra
6940,1,0.2984936,0,challenge_10_signal_features_colab_ultra
6941,1,0.9999872,1,challenge_10_signal_features_colab_ultra
6942,1,0.9457676,1,challenge_10_signal_features_colab_ultra
6943,0,0.00013732005,0,challenge_10_signal_features_colab_ultra
6944,0,0.0015362777,0,challenge_10_signal_features_colab_ultra
6945,0,0.004661685,0,challenge_10_signal_features_colab_ultra
6946,1,0.9999996,1,challenge_10_signal_features_colab_ultra
6947,0,0.0005222611,0,challenge_10_signal_features_colab_ultra
6948,1,0.98776317,1,challenge_10_signal_features_colab_ultra
6949,0,0.06617557,0,challenge_10_signal_features_colab_ultra
6950,0,0.34873155,0,challenge_10_signal_features_colab_ultra
6951,0,0.025684228,0,challenge_10_signal_features_colab_ultra
6952,1,0.9999975,1,challenge_10_signal_features_colab_ultra
6953,0,0.57810605,1,challenge_10_signal_features_colab_ultra
6954,1,0.30718508,0,challenge_10_signal_features_colab_ultra
6955,0,0.0013124478,0,challenge_10_signal_features_colab_ultra
6956,1,0.9748149,1,challenge_10_signal_features_colab_ultra
6957,1,0.99999857,1,challenge_10_signal_features_colab_ultra
6958,1,0.96422625,1,challenge_10_signal_features_colab_ultra
6959,1,0.97297627,1,challenge_10_signal_features_colab_ultra
6960,0,0.07488162,0,challenge_10_signal_features_colab_ultra
6961,1,0.9192924,1,challenge_10_signal_features_colab_ultra
6962,0,0.2758514,0,challenge_10_signal_features_colab_ultra
6963,1,0.34733036,0,challenge_10_signal_features_colab_ultra
6964,0,2.0883803e-05,0,challenge_10_signal_features_colab_ultra
6965,1,0.9548232,1,challenge_10_signal_features_colab_ultra
6966,1,0.7262494,1,challenge_10_signal_features_colab_ultra
6967,1,0.9587538,1,challenge_10_signal_features_colab_ultra
6968,1,0.9275432,1,challenge_10_signal_features_colab_ultra
6969,0,0.07725274,0,challenge_10_signal_features_colab_ultra
6970,0,1.1373821e-07,0,challenge_10_signal_features_colab_ultra
6971,0,0.009593555,0,challenge_10_signal_features_colab_ultra
6972,0,0.18049245,0,challenge_10_signal_features_colab_ultra
6973,0,0.022284433,0,challenge_10_signal_features_colab_ultra
6974,1,0.9999983,1,challenge_10_signal_features_colab_ultra
6975,0,1.412514e-06,0,challenge_10_signal_features_colab_ultra
6976,0,0.002377835,0,challenge_10_signal_features_colab_ultra
6977,1,0.9969092,1,challenge_10_signal_features_colab_ultra
6978,0,0.005582705,0,challenge_10_signal_features_colab_ultra
6979,1,0.5728184,1,challenge_10_signal_features_colab_ultra
6980,1,0.99999803,1,challenge_10_signal_features_colab_ultra
6981,0,0.28550336,0,challenge_10_signal_features_colab_ultra
6982,0,0.013082926,0,challenge_10_signal_features_colab_ultra
6983,0,0.0040636635,0,challenge_10_signal_features_colab_ultra
6984,1,0.9999974,1,challenge_10_signal_features_colab_ultra
6985,1,0.31899285,0,challenge_10_signal_features_colab_ultra
6986,1,0.90756536,1,challenge_10_signal_features_colab_ultra
6987,1,0.88990486,1,challenge_10_signal_features_colab_ultra
6988,1,0.9031877,1,challenge_10_signal_features_colab_ultra
6989,1,0.9889709,1,challenge_10_signal_features_colab_ultra
6990,1,0.969739,1,challenge_10_signal_features_colab_ultra
6991,1,0.99999857,1,challenge_10_signal_features_colab_ultra
6992,1,0.9999877,1,challenge_10_signal_features_colab_ultra
6993,0,0.1336211,0,challenge_10_signal_features_colab_ultra
6994,0,0.00027453204,0,challenge_10_signal_features_colab_ultra
6995,0,1.7511613e-05,0,challenge_10_signal_features_colab_ultra
6996,1,0.9999864,1,challenge_10_signal_features_colab_ultra
6997,0,0.013955826,0,challenge_10_signal_features_colab_ultra
6998,1,0.96817464,1,challenge_10_signal_features_colab_ultra
6999,0,0.27204427,0,challenge_10_signal_features_colab_ultra
7000,0,0.002497311,0,challenge_10_signal_features_colab_ultra
7001,0,4.0249433e-05,0,challenge_10_signal_features_colab_ultra
7002,0,2.9962654e-05,0,challenge_10_signal_features_colab_ultra
7003,0,5.884879e-06,0,challenge_10_signal_features_colab_ultra
7004,0,0.005098159,0,challenge_10_signal_features_colab_ultra
7005,1,0.97588205,1,challenge_10_signal_features_colab_ultra
7006,0,0.003349381,0,challenge_10_signal_features_colab_ultra
7007,1,0.9999942,1,challenge_10_signal_features_colab_ultra
7008,1,0.99999964,1,challenge_10_signal_features_colab_ultra
7009,0,0.047772147,0,challenge_10_signal_features_colab_ultra
7010,1,0.9939225,1,challenge_10_signal_features_colab_ultra
7011,0,0.00088191504,0,challenge_10_signal_features_colab_ultra
7012,1,0.9735279,1,challenge_10_signal_features_colab_ultra
7013,0,0.008798214,0,challenge_10_signal_features_colab_ultra
7014,0,3.0251478e-05,0,challenge_10_signal_features_colab_ultra
7015,1,0.99999875,1,challenge_10_signal_features_colab_ultra
7016,0,0.034571234,0,challenge_10_signal_features_colab_ultra
7017,1,0.9799309,1,challenge_10_signal_features_colab_ultra
7018,0,0.012108545,0,challenge_10_signal_features_colab_ultra
7019,1,0.9999965,1,challenge_10_signal_features_colab_ultra
7020,1,0.98830026,1,challenge_10_signal_features_colab_ultra
7021,1,0.72154033,1,challenge_10_signal_features_colab_ultra
7022,1,0.9926533,1,challenge_10_signal_features_colab_ultra
7023,1,0.9894409,1,challenge_10_signal_features_colab_ultra
7024,0,7.081907e-06,0,challenge_10_signal_features_colab_ultra
7025,1,0.99237096,1,challenge_10_signal_features_colab_ultra
7026,0,0.04890643,0,challenge_10_signal_features_colab_ultra
7027,1,0.99580693,1,challenge_10_signal_features_colab_ultra
7028,0,0.002840484,0,challenge_10_signal_features_colab_ultra
7029,1,0.9887352,1,challenge_10_signal_features_colab_ultra
7030,0,0.051150076,0,challenge_10_signal_features_colab_ultra
7031,0,1.8593785e-06,0,challenge_10_signal_features_colab_ultra
7032,0,1.9011508e-05,0,challenge_10_signal_features_colab_ultra
7033,0,0.0051563466,0,challenge_10_signal_features_colab_ultra
7034,0,0.0022231434,0,challenge_10_signal_features_colab_ultra
7035,1,0.9285172,1,challenge_10_signal_features_colab_ultra
7036,1,0.9513958,1,challenge_10_signal_features_colab_ultra
7037,1,0.9112085,1,challenge_10_signal_features_colab_ultra
7038,1,0.9805564,1,challenge_10_signal_features_colab_ultra
7039,0,0.00010723204,0,challenge_10_signal_features_colab_ultra
7040,0,0.00022306772,0,challenge_10_signal_features_colab_ultra
7041,1,0.9951173,1,challenge_10_signal_features_colab_ultra
7042,1,0.9656202,1,challenge_10_signal_features_colab_ultra
7043,1,0.98861486,1,challenge_10_signal_features_colab_ultra
7044,1,0.99999857,1,challenge_10_signal_features_colab_ultra
7045,1,0.999991,1,challenge_10_signal_features_colab_ultra
7046,1,0.9972945,1,challenge_10_signal_features_colab_ultra
7047,1,0.97214097,1,challenge_10_signal_features_colab_ultra
7048,1,0.9841868,1,challenge_10_signal_features_colab_ultra
7049,1,0.9961609,1,challenge_10_signal_features_colab_ultra
7050,1,0.5,1,challenge_10_signal_features_colab_ultra
7051,0,0.012249761,0,challenge_10_signal_features_colab_ultra
7052,0,0.004191987,0,challenge_10_signal_features_colab_ultra
7053,1,0.8682662,1,challenge_10_signal_features_colab_ultra
7054,0,0.004408276,0,challenge_10_signal_features_colab_ultra
7055,1,0.969107,1,challenge_10_signal_features_colab_ultra
7056,1,0.02009639,0,challenge_10_signal_features_colab_ultra
7057,1,0.9752747,1,challenge_10_signal_features_colab_ultra
7058,0,0.002519556,0,challenge_10_signal_features_colab_ultra
7059,1,0.9587178,1,challenge_10_signal_features_colab_ultra
7060,1,0.99999636,1,challenge_10_signal_features_colab_ultra
7061,0,0.008360941,0,challenge_10_signal_features_colab_ultra
7062,1,0.9999981,1,challenge_10_signal_features_colab_ultra
7063,1,0.99999756,1,challenge_10_signal_features_colab_ultra
7064,0,0.0820444,0,challenge_10_signal_features_colab_ultra
7065,0,0.09981507,0,challenge_10_signal_features_colab_ultra
7066,1,0.9783087,1,challenge_10_signal_features_colab_ultra
7067,1,0.98805034,1,challenge_10_signal_features_colab_ultra
7068,0,0.012901092,0,challenge_10_signal_features_colab_ultra
7069,0,0.018170735,0,challenge_10_signal_features_colab_ultra
7070,0,0.00026044893,0,challenge_10_signal_features_colab_ultra
7071,0,0.015420159,0,challenge_10_signal_features_colab_ultra
7072,0,0.007469823,0,challenge_10_signal_features_colab_ultra
7073,0,0.00013519815,0,challenge_10_signal_features_colab_ultra
7074,0,0.006695267,0,challenge_10_signal_features_colab_ultra
7075,1,0.9378446,1,challenge_10_signal_features_colab_ultra
7076,1,0.9999975,1,challenge_10_signal_features_colab_ultra
7077,0,0.10904274,0,challenge_10_signal_features_colab_ultra
7078,1,0.9999988,1,challenge_10_signal_features_colab_ultra
7079,0,0.00010460447,0,challenge_10_signal_features_colab_ultra
7080,0,0.12948433,0,challenge_10_signal_features_colab_ultra
7081,0,0.0064601237,0,challenge_10_signal_features_colab_ultra
7082,0,0.0028259966,0,challenge_10_signal_features_colab_ultra
7083,1,0.8963524,1,challenge_10_signal_features_colab_ultra
7084,0,0.24505648,0,challenge_10_signal_features_colab_ultra
7085,1,0.9952542,1,challenge_10_signal_features_colab_ultra
7086,1,0.7502603,1,challenge_10_signal_features_colab_ultra
7087,0,0.0015748028,0,challenge_10_signal_features_colab_ultra
7088,1,0.996448,1,challenge_10_signal_features_colab_ultra
7089,1,0.99999994,1,challenge_10_signal_features_colab_ultra
7090,0,9.770198e-05,0,challenge_10_signal_features_colab_ultra
7091,0,0.024003742,0,challenge_10_signal_features_colab_ultra
7092,1,0.96140957,1,challenge_10_signal_features_colab_ultra
7093,1,0.9970774,1,challenge_10_signal_features_colab_ultra
7094,1,0.95228684,1,challenge_10_signal_features_colab_ultra
7095,1,0.9999958,1,challenge_10_signal_features_colab_ultra
7096,1,0.8947987,1,challenge_10_signal_features_colab_ultra
7097,0,0.017928166,0,challenge_10_signal_features_colab_ultra
7098,1,0.9726251,1,challenge_10_signal_features_colab_ultra
7099,1,0.63092655,1,challenge_10_signal_features_colab_ultra
7100,1,0.9958633,1,challenge_10_signal_features_colab_ultra
7101,1,0.9842367,1,challenge_10_signal_features_colab_ultra
7102,1,0.9999999,1,challenge_10_signal_features_colab_ultra
7103,0,0.37365603,0,challenge_10_signal_features_colab_ultra
7104,1,0.9509516,1,challenge_10_signal_features_colab_ultra
7105,0,0.014982264,0,challenge_10_signal_features_colab_ultra
7106,1,0.986379,1,challenge_10_signal_features_colab_ultra
7107,0,0.37415823,0,challenge_10_signal_features_colab_ultra
7108,0,0.0014995008,0,challenge_10_signal_features_colab_ultra
7109,0,0.008211534,0,challenge_10_signal_features_colab_ultra
7110,0,0.0016416631,0,challenge_10_signal_features_colab_ultra
7111,1,0.9663831,1,challenge_10_signal_features_colab_ultra
7112,0,0.0035627878,0,challenge_10_signal_features_colab_ultra
7113,1,0.99126345,1,challenge_10_signal_features_colab_ultra
7114,0,0.005357075,0,challenge_10_signal_features_colab_ultra
7115,1,0.99372697,1,challenge_10_signal_features_colab_ultra
7116,1,0.6406244,1,challenge_10_signal_features_colab_ultra
7117,1,0.9999998,1,challenge_10_signal_features_colab_ultra
7118,0,0.0057475725,0,challenge_10_signal_features_colab_ultra
7119,0,0.00026920688,0,challenge_10_signal_features_colab_ultra
7120,1,0.96122265,1,challenge_10_signal_features_colab_ultra
7121,0,0.0004531736,0,challenge_10_signal_features_colab_ultra
7122,1,0.9685149,1,challenge_10_signal_features_colab_ultra
7123,0,1.7017669e-06,0,challenge_10_signal_features_colab_ultra
7124,1,0.885213,1,challenge_10_signal_features_colab_ultra
7125,0,1.4322123e-05,0,challenge_10_signal_features_colab_ultra
7126,1,0.99999714,1,challenge_10_signal_features_colab_ultra
7127,1,0.9737963,1,challenge_10_signal_features_colab_ultra
7128,1,0.5924216,1,challenge_10_signal_features_colab_ultra
7129,0,0.007703676,0,challenge_10_signal_features_colab_ultra
7130,0,0.012371691,0,challenge_10_signal_features_colab_ultra
7131,1,1.0,1,challenge_10_signal_features_colab_ultra
7132,1,0.99999446,1,challenge_10_signal_features_colab_ultra
7133,1,0.99087024,1,challenge_10_signal_features_colab_ultra
7134,1,0.9999974,1,challenge_10_signal_features_colab_ultra
7135,0,0.0010395894,0,challenge_10_signal_features_colab_ultra
7136,0,0.0002451951,0,challenge_10_signal_features_colab_ultra
7137,1,0.9827861,1,challenge_10_signal_features_colab_ultra
7138,1,0.86717224,1,challenge_10_signal_features_colab_ultra
7139,1,0.999998,1,challenge_10_signal_features_colab_ultra
7140,1,0.9999992,1,challenge_10_signal_features_colab_ultra
7141,1,0.6631511,1,challenge_10_signal_features_colab_ultra
7142,1,0.99284863,1,challenge_10_signal_features_colab_ultra
7143,1,0.048404668,0,challenge_10_signal_features_colab_ultra
7144,0,0.6927784,1,challenge_10_signal_features_colab_ultra
7145,0,0.35539126,0,challenge_10_signal_features_colab_ultra
7146,0,0.07123225,0,challenge_10_signal_features_colab_ultra
7147,0,0.00028992834,0,challenge_10_signal_features_colab_ultra
7148,0,0.0019175882,0,challenge_10_signal_features_colab_ultra
7149,1,0.99999666,1,challenge_10_signal_features_colab_ultra
7150,0,0.02953158,0,challenge_10_signal_features_colab_ultra
7151,0,0.54777706,1,challenge_10_signal_features_colab_ultra
7152,1,0.9618711,1,challenge_10_signal_features_colab_ultra
7153,0,0.092503436,0,challenge_10_signal_features_colab_ultra
7154,1,0.99342024,1,challenge_10_signal_features_colab_ultra
7155,0,0.4529414,0,challenge_10_signal_features_colab_ultra
7156,0,0.0006761753,0,challenge_10_signal_features_colab_ultra
7157,1,0.42143387,0,challenge_10_signal_features_colab_ultra
7158,1,0.6260989,1,challenge_10_signal_features_colab_ultra
7159,0,0.000481118,0,challenge_10_signal_features_colab_ultra
7160,1,0.9821884,1,challenge_10_signal_features_colab_ultra
7161,0,0.00019368209,0,challenge_10_signal_features_colab_ultra
7162,1,0.99998313,1,challenge_10_signal_features_colab_ultra
7163,1,0.9961402,1,challenge_10_signal_features_colab_ultra
7164,0,8.965654e-05,0,challenge_10_signal_features_colab_ultra
7165,1,0.99998367,1,challenge_10_signal_features_colab_ultra
7166,0,0.0031531989,0,challenge_10_signal_features_colab_ultra
7167,1,0.8799715,1,challenge_10_signal_features_colab_ultra
7168,1,0.99999994,1,challenge_10_signal_features_colab_ultra
7169,1,0.9856129,1,challenge_10_signal_features_colab_ultra
7170,0,4.2148597e-05,0,challenge_10_signal_features_colab_ultra
7171,0,8.062427e-06,0,challenge_10_signal_features_colab_ultra
7172,1,0.98885185,1,challenge_10_signal_features_colab_ultra
7173,0,1.0000001e-07,0,challenge_10_signal_features_colab_ultra
7174,0,0.08648206,0,challenge_10_signal_features_colab_ultra
7175,0,0.043209497,0,challenge_10_signal_features_colab_ultra
7176,0,0.0007205682,0,challenge_10_signal_features_colab_ultra
7177,0,0.0009910739,0,challenge_10_signal_features_colab_ultra
7178,0,0.18313955,0,challenge_10_signal_features_colab_ultra
7179,1,0.9967954,1,challenge_10_signal_features_colab_ultra
7180,1,0.99999607,1,challenge_10_signal_features_colab_ultra
7181,1,0.87813145,1,challenge_10_signal_features_colab_ultra
7182,0,1.0000001e-07,0,challenge_10_signal_features_colab_ultra
7183,0,0.26088542,0,challenge_10_signal_features_colab_ultra
7184,0,0.0008024839,0,challenge_10_signal_features_colab_ultra
7185,1,0.9999997,1,challenge_10_signal_features_colab_ultra
7186,1,0.006079454,0,challenge_10_signal_features_colab_ultra
7187,1,0.9876894,1,challenge_10_signal_features_colab_ultra
7188,0,1.5401698e-05,0,challenge_10_signal_features_colab_ultra
7189,0,2.3101824e-05,0,challenge_10_signal_features_colab_ultra
7190,1,0.9658752,1,challenge_10_signal_features_colab_ultra
7191,0,2.5533e-05,0,challenge_10_signal_features_colab_ultra
7192,0,0.017036827,0,challenge_10_signal_features_colab_ultra
7193,1,0.97344047,1,challenge_10_signal_features_colab_ultra
7194,0,0.084783405,0,challenge_10_signal_features_colab_ultra
7195,1,0.1329666,0,challenge_10_signal_features_colab_ultra
7196,1,0.9999842,1,challenge_10_signal_features_colab_ultra
7197,0,0.0132768415,0,challenge_10_signal_features_colab_ultra
7198,0,1.0000001e-07,0,challenge_10_signal_features_colab_ultra
7199,1,0.98612654,1,challenge_10_signal_features_colab_ultra
7200,1,0.9795985,1,challenge_10_signal_features_colab_ultra
7201,0,0.5,1,challenge_10_signal_features_colab_ultra
7202,1,0.99999654,1,challenge_10_signal_features_colab_ultra
7203,0,0.25436443,0,challenge_10_signal_features_colab_ultra
7204,1,0.9954452,1,challenge_10_signal_features_colab_ultra
7205,1,0.95618206,1,challenge_10_signal_features_colab_ultra
7206,1,0.9949185,1,challenge_10_signal_features_colab_ultra
7207,0,0.39027584,0,challenge_10_signal_features_colab_ultra
7208,0,0.00014611949,0,challenge_10_signal_features_colab_ultra
7209,1,0.9999988,1,challenge_10_signal_features_colab_ultra
7210,1,0.99999154,1,challenge_10_signal_features_colab_ultra
7211,1,0.9880593,1,challenge_10_signal_features_colab_ultra
7212,1,0.9855152,1,challenge_10_signal_features_colab_ultra
7213,0,0.006127175,0,challenge_10_signal_features_colab_ultra
7214,1,0.99999964,1,challenge_10_signal_features_colab_ultra
7215,1,0.9936291,1,challenge_10_signal_features_colab_ultra
7216,0,0.00023543932,0,challenge_10_signal_features_colab_ultra
7217,0,0.16613469,0,challenge_10_signal_features_colab_ultra
7218,1,0.9999997,1,challenge_10_signal_features_colab_ultra
7219,0,0.5,1,challenge_10_signal_features_colab_ultra
7220,1,0.9999833,1,challenge_10_signal_features_colab_ultra
7221,0,0.00013098103,0,challenge_10_signal_features_colab_ultra
7222,1,0.98653173,1,challenge_10_signal_features_colab_ultra
7223,0,0.001799499,0,challenge_10_signal_features_colab_ultra
7224,1,0.99312776,1,challenge_10_signal_features_colab_ultra
7225,1,0.9906688,1,challenge_10_signal_features_colab_ultra
7226,0,0.14749512,0,challenge_10_signal_features_colab_ultra
7227,0,0.005323321,0,challenge_10_signal_features_colab_ultra
7228,0,0.001563589,0,challenge_10_signal_features_colab_ultra
7229,0,9.2173635e-05,0,challenge_10_signal_features_colab_ultra
7230,0,0.0029793968,0,challenge_10_signal_features_colab_ultra
7231,1,0.9999994,1,challenge_10_signal_features_colab_ultra
7232,0,0.00020264645,0,challenge_10_signal_features_colab_ultra
7233,0,0.6470633,1,challenge_10_signal_features_colab_ultra
7234,1,0.6241222,1,challenge_10_signal_features_colab_ultra
7235,1,0.0072715865,0,challenge_10_signal_features_colab_ultra
7236,1,0.904587,1,challenge_10_signal_features_colab_ultra
7237,0,8.208972e-05,0,challenge_10_signal_features_colab_ultra
7238,1,0.99999994,1,challenge_10_signal_features_colab_ultra
7239,1,0.1675403,0,challenge_10_signal_features_colab_ultra
7240,0,0.00719964,0,challenge_10_signal_features_colab_ultra
7241,1,1.0,1,challenge_10_signal_features_colab_ultra
7242,0,0.00012606104,0,challenge_10_signal_features_colab_ultra
7243,1,0.9810897,1,challenge_10_signal_features_colab_ultra
7244,0,0.0009256773,0,challenge_10_signal_features_colab_ultra
7245,0,0.0016464727,0,challenge_10_signal_features_colab_ultra
7246,0,0.050905738,0,challenge_10_signal_features_colab_ultra
7247,1,0.7618756,1,challenge_10_signal_features_colab_ultra
7248,1,0.9999922,1,challenge_10_signal_features_colab_ultra
7249,1,0.9947646,1,challenge_10_signal_features_colab_ultra
7250,1,0.98684084,1,challenge_10_signal_features_colab_ultra
7251,1,1.0,1,challenge_10_signal_features_colab_ultra
7252,1,0.9999965,1,challenge_10_signal_features_colab_ultra
7253,1,0.9955453,1,challenge_10_signal_features_colab_ultra
7254,1,0.90797246,1,challenge_10_signal_features_colab_ultra
7255,1,0.99999887,1,challenge_10_signal_features_colab_ultra
7256,1,0.9999983,1,challenge_10_signal_features_colab_ultra
7257,0,2.4353533e-06,0,challenge_10_signal_features_colab_ultra
7258,0,0.0006974723,0,challenge_10_signal_features_colab_ultra
7259,1,0.98539764,1,challenge_10_signal_features_colab_ultra
7260,0,0.00039044482,0,challenge_10_signal_features_colab_ultra
7261,0,0.022474783,0,challenge_10_signal_features_colab_ultra
7262,1,0.908883,1,challenge_10_signal_features_colab_ultra
7263,0,0.5492912,1,challenge_10_signal_features_colab_ultra
7264,0,0.08910745,0,challenge_10_signal_features_colab_ultra
7265,0,3.0968535e-05,0,challenge_10_signal_features_colab_ultra
7266,1,0.64587927,1,challenge_10_signal_features_colab_ultra
7267,1,0.9999959,1,challenge_10_signal_features_colab_ultra
7268,1,0.99408126,1,challenge_10_signal_features_colab_ultra
7269,0,0.038826384,0,challenge_10_signal_features_colab_ultra
7270,0,0.008350771,0,challenge_10_signal_features_colab_ultra
7271,1,0.99998766,1,challenge_10_signal_features_colab_ultra
7272,0,0.001819536,0,challenge_10_signal_features_colab_ultra
7273,1,0.7647753,1,challenge_10_signal_features_colab_ultra
7274,1,0.9849833,1,challenge_10_signal_features_colab_ultra
7275,1,0.48176625,0,challenge_10_signal_features_colab_ultra
7276,1,0.9773161,1,challenge_10_signal_features_colab_ultra
7277,1,0.95433575,1,challenge_10_signal_features_colab_ultra
7278,0,0.06142528,0,challenge_10_signal_features_colab_ultra
7279,1,0.87870276,1,challenge_10_signal_features_colab_ultra
7280,0,0.00028569408,0,challenge_10_signal_features_colab_ultra
7281,1,0.99999994,1,challenge_10_signal_features_colab_ultra
7282,1,0.9999984,1,challenge_10_signal_features_colab_ultra
7283,1,0.99417317,1,challenge_10_signal_features_colab_ultra
7284,0,1.6860794e-07,0,challenge_10_signal_features_colab_ultra
7285,0,1.999837e-06,0,challenge_10_signal_features_colab_ultra
7286,1,0.9144844,1,challenge_10_signal_features_colab_ultra
7287,1,0.39437246,0,challenge_10_signal_features_colab_ultra
7288,1,0.8812033,1,challenge_10_signal_features_colab_ultra
7289,0,5.659402e-05,0,challenge_10_signal_features_colab_ultra
7290,1,0.6673696,1,challenge_10_signal_features_colab_ultra
7291,0,0.011984684,0,challenge_10_signal_features_colab_ultra
7292,0,0.0030859218,0,challenge_10_signal_features_colab_ultra
7293,1,0.75981545,1,challenge_10_signal_features_colab_ultra
7294,1,0.9812179,1,challenge_10_signal_features_colab_ultra
7295,0,0.024184063,0,challenge_10_signal_features_colab_ultra
7296,1,0.99300605,1,challenge_10_signal_features_colab_ultra
7297,1,0.9290605,1,challenge_10_signal_features_colab_ultra
7298,1,0.9854869,1,challenge_10_signal_features_colab_ultra
7299,0,0.030904163,0,challenge_10_signal_features_colab_ultra
7300,0,0.00023683901,0,challenge_10_signal_features_colab_ultra
7301,0,0.09086704,0,challenge_10_signal_features_colab_ultra
7302,1,0.99999994,1,challenge_10_signal_features_colab_ultra
7303,1,0.99999756,1,challenge_10_signal_features_colab_ultra
7304,1,0.983017,1,challenge_10_signal_features_colab_ultra
7305,0,0.060739696,0,challenge_10_signal_features_colab_ultra
7306,0,0.011181447,0,challenge_10_signal_features_colab_ultra
7307,0,0.010522599,0,challenge_10_signal_features_colab_ultra
7308,0,0.00019945865,0,challenge_10_signal_features_colab_ultra
7309,0,6.601041e-05,0,challenge_10_signal_features_colab_ultra
7310,0,0.02716858,0,challenge_10_signal_features_colab_ultra
7311,1,0.97811186,1,challenge_10_signal_features_colab_ultra
7312,0,0.021013474,0,challenge_10_signal_features_colab_ultra
7313,1,0.9971937,1,challenge_10_signal_features_colab_ultra
7314,0,1.0000001e-07,0,challenge_10_signal_features_colab_ultra
7315,1,0.99999774,1,challenge_10_signal_features_colab_ultra
7316,1,0.9931558,1,challenge_10_signal_features_colab_ultra
7317,1,0.94934106,1,challenge_10_signal_features_colab_ultra
7318,0,0.005146137,0,challenge_10_signal_features_colab_ultra
7319,0,0.0031942101,0,challenge_10_signal_features_colab_ultra
7320,0,0.002760835,0,challenge_10_signal_features_colab_ultra
7321,0,5.331871e-05,0,challenge_10_signal_features_colab_ultra
7322,1,0.7565569,1,challenge_10_signal_features_colab_ultra
7323,1,0.9958036,1,challenge_10_signal_features_colab_ultra
7324,0,0.0012974609,0,challenge_10_signal_features_colab_ultra
7325,1,0.99999744,1,challenge_10_signal_features_colab_ultra
7326,1,0.98680305,1,challenge_10_signal_features_colab_ultra
7327,0,1.2835051e-07,0,challenge_10_signal_features_colab_ultra
7328,0,0.009330915,0,challenge_10_signal_features_colab_ultra
7329,1,0.8789689,1,challenge_10_signal_features_colab_ultra
7330,0,0.0015347288,0,challenge_10_signal_features_colab_ultra
7331,1,1.0,1,challenge_10_signal_features_colab_ultra
7332,0,8.4806474e-05,0,challenge_10_signal_features_colab_ultra
7333,1,0.9879337,1,challenge_10_signal_features_colab_ultra
7334,0,0.45866787,0,challenge_10_signal_features_colab_ultra
7335,1,0.9898083,1,challenge_10_signal_features_colab_ultra
7336,1,0.98016083,1,challenge_10_signal_features_colab_ultra
7337,1,0.99999833,1,challenge_10_signal_features_colab_ultra
7338,0,0.32860982,0,challenge_10_signal_features_colab_ultra
7339,0,5.2210362e-05,0,challenge_10_signal_features_colab_ultra
7340,0,0.0001896776,0,challenge_10_signal_features_colab_ultra
7341,0,0.039177567,0,challenge_10_signal_features_colab_ultra
7342,0,5.326566e-06,0,challenge_10_signal_features_colab_ultra
7343,0,0.10115143,0,challenge_10_signal_features_colab_ultra
7344,0,0.0060807317,0,challenge_10_signal_features_colab_ultra
7345,0,0.2666414,0,challenge_10_signal_features_colab_ultra
7346,0,0.0010019137,0,challenge_10_signal_features_colab_ultra
7347,0,0.012845867,0,challenge_10_signal_features_colab_ultra
7348,1,0.9465416,1,challenge_10_signal_features_colab_ultra
7349,1,0.9999985,1,challenge_10_signal_features_colab_ultra
7350,1,0.90806824,1,challenge_10_signal_features_colab_ultra
7351,1,0.9790206,1,challenge_10_signal_features_colab_ultra
7352,0,0.001426633,0,challenge_10_signal_features_colab_ultra
7353,0,9.80016e-05,0,challenge_10_signal_features_colab_ultra
7354,1,0.99734926,1,challenge_10_signal_features_colab_ultra
7355,1,0.99260175,1,challenge_10_signal_features_colab_ultra
7356,1,0.9801714,1,challenge_10_signal_features_colab_ultra
7357,0,0.00086860463,0,challenge_10_signal_features_colab_ultra
7358,1,0.9999988,1,challenge_10_signal_features_colab_ultra
7359,1,0.92113626,1,challenge_10_signal_features_colab_ultra
7360,0,0.11930007,0,challenge_10_signal_features_colab_ultra
7361,0,0.008745558,0,challenge_10_signal_features_colab_ultra
7362,0,2.8180258e-07,0,challenge_10_signal_features_colab_ultra
7363,1,0.9851717,1,challenge_10_signal_features_colab_ultra
7364,0,0.016766155,0,challenge_10_signal_features_colab_ultra
7365,1,0.9722678,1,challenge_10_signal_features_colab_ultra
7366,1,0.99999714,1,challenge_10_signal_features_colab_ultra
7367,1,0.9467553,1,challenge_10_signal_features_colab_ultra
7368,0,0.0015148089,0,challenge_10_signal_features_colab_ultra
7369,0,0.009223302,0,challenge_10_signal_features_colab_ultra
7370,0,0.0004023855,0,challenge_10_signal_features_colab_ultra
7371,0,0.00018313563,0,challenge_10_signal_features_colab_ultra
7372,1,0.46931666,0,challenge_10_signal_features_colab_ultra
7373,0,0.04581554,0,challenge_10_signal_features_colab_ultra
7374,0,0.031951267,0,challenge_10_signal_features_colab_ultra
7375,1,0.96030843,1,challenge_10_signal_features_colab_ultra
7376,1,0.9039655,1,challenge_10_signal_features_colab_ultra
7377,0,0.00024995024,0,challenge_10_signal_features_colab_ultra
7378,0,0.0006567596,0,challenge_10_signal_features_colab_ultra
7379,1,0.93309414,1,challenge_10_signal_features_colab_ultra
7380,0,0.00032870585,0,challenge_10_signal_features_colab_ultra
7381,0,5.0401704e-05,0,challenge_10_signal_features_colab_ultra
7382,1,0.9369652,1,challenge_10_signal_features_colab_ultra
7383,1,0.9888197,1,challenge_10_signal_features_colab_ultra
7384,0,2.1569502e-07,0,challenge_10_signal_features_colab_ultra
7385,1,0.97750443,1,challenge_10_signal_features_colab_ultra
7386,0,0.3492521,0,challenge_10_signal_features_colab_ultra
7387,0,0.010118888,0,challenge_10_signal_features_colab_ultra
7388,0,0.0494845,0,challenge_10_signal_features_colab_ultra
7389,1,0.9999953,1,challenge_10_signal_features_colab_ultra
7390,0,0.057455704,0,challenge_10_signal_features_colab_ultra
7391,0,8.8970664e-05,0,challenge_10_signal_features_colab_ultra
7392,0,0.00019313519,0,challenge_10_signal_features_colab_ultra
7393,1,0.808456,1,challenge_10_signal_features_colab_ultra
7394,1,0.9324892,1,challenge_10_signal_features_colab_ultra
7395,1,0.9999994,1,challenge_10_signal_features_colab_ultra
7396,1,0.9550925,1,challenge_10_signal_features_colab_ultra
7397,0,0.3965787,0,challenge_10_signal_features_colab_ultra
7398,1,0.99999845,1,challenge_10_signal_features_colab_ultra
7399,1,0.99745643,1,challenge_10_signal_features_colab_ultra
7400,0,0.017471319,0,challenge_10_signal_features_colab_ultra
7401,0,0.021266252,0,challenge_10_signal_features_colab_ultra
7402,0,8.880002e-07,0,challenge_10_signal_features_colab_ultra
7403,1,0.8621266,1,challenge_10_signal_features_colab_ultra
7404,0,0.025334759,0,challenge_10_signal_features_colab_ultra
7405,0,5.9855324e-06,0,challenge_10_signal_features_colab_ultra
7406,0,0.00020205542,0,challenge_10_signal_features_colab_ultra
7407,0,0.78149664,1,challenge_10_signal_features_colab_ultra
7408,1,0.551065,1,challenge_10_signal_features_colab_ultra
7409,0,0.00079262775,0,challenge_10_signal_features_colab_ultra
7410,1,0.99999243,1,challenge_10_signal_features_colab_ultra
7411,0,1.4920044e-05,0,challenge_10_signal_features_colab_ultra
7412,1,0.75396156,1,challenge_10_signal_features_colab_ultra
7413,0,0.0021526797,0,challenge_10_signal_features_colab_ultra
7414,1,0.960953,1,challenge_10_signal_features_colab_ultra
7415,0,0.05275855,0,challenge_10_signal_features_colab_ultra
7416,0,0.055389676,0,challenge_10_signal_features_colab_ultra
7417,0,3.87747e-07,0,challenge_10_signal_features_colab_ultra
7418,0,0.009857461,0,challenge_10_signal_features_colab_ultra
7419,1,0.90033513,1,challenge_10_signal_features_colab_ultra
7420,0,0.002986975,0,challenge_10_signal_features_colab_ultra
7421,1,0.9256571,1,challenge_10_signal_features_colab_ultra
7422,0,7.824454e-06,0,challenge_10_signal_features_colab_ultra
7423,1,0.99999803,1,challenge_10_signal_features_colab_ultra
7424,0,0.21675658,0,challenge_10_signal_features_colab_ultra
7425,0,0.0052305916,0,challenge_10_signal_features_colab_ultra
7426,1,0.9999996,1,challenge_10_signal_features_colab_ultra
7427,0,0.10287895,0,challenge_10_signal_features_colab_ultra
7428,0,0.023445029,0,challenge_10_signal_features_colab_ultra
7429,1,0.9710853,1,challenge_10_signal_features_colab_ultra
7430,0,0.00020610682,0,challenge_10_signal_features_colab_ultra
7431,0,0.0014596581,0,challenge_10_signal_features_colab_ultra
7432,1,0.9999998,1,challenge_10_signal_features_colab_ultra
7433,1,0.91836053,1,challenge_10_signal_features_colab_ultra
7434,0,0.4044474,0,challenge_10_signal_features_colab_ultra
7435,0,0.10074152,0,challenge_10_signal_features_colab_ultra
7436,1,0.7546101,1,challenge_10_signal_features_colab_ultra
7437,1,0.99999917,1,challenge_10_signal_features_colab_ultra
7438,0,3.089594e-05,0,challenge_10_signal_features_colab_ultra
7439,1,0.98959464,1,challenge_10_signal_features_colab_ultra
7440,1,0.9970993,1,challenge_10_signal_features_colab_ultra
7441,0,0.00028417358,0,challenge_10_signal_features_colab_ultra
7442,1,0.9637226,1,challenge_10_signal_features_colab_ultra
7443,0,0.01597274,0,challenge_10_signal_features_colab_ultra
7444,1,0.9754442,1,challenge_10_signal_features_colab_ultra
7445,0,0.04521059,0,challenge_10_signal_features_colab_ultra
7446,0,2.6666153e-06,0,challenge_10_signal_features_colab_ultra
7447,1,0.9726347,1,challenge_10_signal_features_colab_ultra
7448,0,0.47649157,0,challenge_10_signal_features_colab_ultra
7449,1,0.9964971,1,challenge_10_signal_features_colab_ultra
7450,0,1.3525222e-05,0,challenge_10_signal_features_colab_ultra
7451,1,0.968494,1,challenge_10_signal_features_colab_ultra
7452,0,0.019048257,0,challenge_10_signal_features_colab_ultra
7453,1,0.9659291,1,challenge_10_signal_features_colab_ultra
7454,1,0.9999911,1,challenge_10_signal_features_colab_ultra
7455,0,0.0009543608,0,challenge_10_signal_features_colab_ultra
7456,0,0.06215144,0,challenge_10_signal_features_colab_ultra
7457,1,0.98208064,1,challenge_10_signal_features_colab_ultra
7458,1,0.9895235,1,challenge_10_signal_features_colab_ultra
7459,1,0.9813389,1,challenge_10_signal_features_colab_ultra
7460,0,0.00014676269,0,challenge_10_signal_features_colab_ultra
7461,0,0.0028721027,0,challenge_10_signal_features_colab_ultra
7462,1,0.98042136,1,challenge_10_signal_features_colab_ultra
7463,0,0.00068129215,0,challenge_10_signal_features_colab_ultra
7464,1,0.9999906,1,challenge_10_signal_features_colab_ultra
7465,0,0.025256438,0,challenge_10_signal_features_colab_ultra
7466,0,0.0005082574,0,challenge_10_signal_features_colab_ultra
7467,1,0.943592,1,challenge_10_signal_features_colab_ultra
7468,1,0.98222566,1,challenge_10_signal_features_colab_ultra
7469,0,0.005520408,0,challenge_10_signal_features_colab_ultra
7470,0,0.004781831,0,challenge_10_signal_features_colab_ultra
7471,0,0.00016731625,0,challenge_10_signal_features_colab_ultra
7472,1,0.9969158,1,challenge_10_signal_features_colab_ultra
7473,0,0.0030295886,0,challenge_10_signal_features_colab_ultra
7474,1,0.9999988,1,challenge_10_signal_features_colab_ultra
7475,1,0.99736303,1,challenge_10_signal_features_colab_ultra
7476,1,0.97848535,1,challenge_10_signal_features_colab_ultra
7477,1,0.99440706,1,challenge_10_signal_features_colab_ultra
7478,1,0.82774085,1,challenge_10_signal_features_colab_ultra
7479,1,0.07114995,0,challenge_10_signal_features_colab_ultra
7480,0,0.00035209383,0,challenge_10_signal_features_colab_ultra
7481,1,0.16594134,0,challenge_10_signal_features_colab_ultra
7482,1,1.0,1,challenge_10_signal_features_colab_ultra
7483,0,0.37056294,0,challenge_10_signal_features_colab_ultra
7484,0,0.060748663,0,challenge_10_signal_features_colab_ultra
7485,0,1.1559112e-07,0,challenge_10_signal_features_colab_ultra
7486,0,0.003490041,0,challenge_10_signal_features_colab_ultra
7487,0,0.0042757713,0,challenge_10_signal_features_colab_ultra
7488,1,0.9999999,1,challenge_10_signal_features_colab_ultra
7489,0,0.011992063,0,challenge_10_signal_features_colab_ultra
7490,0,0.0026283602,0,challenge_10_signal_features_colab_ultra
7491,1,0.99999815,1,challenge_10_signal_features_colab_ultra
7492,0,1.9065767e-05,0,challenge_10_signal_features_colab_ultra
7493,1,0.98487407,1,challenge_10_signal_features_colab_ultra
7494,1,0.99999344,1,challenge_10_signal_features_colab_ultra
7495,1,0.93128914,1,challenge_10_signal_features_colab_ultra
7496,0,0.007568976,0,challenge_10_signal_features_colab_ultra
7497,0,0.058450677,0,challenge_10_signal_features_colab_ultra
7498,0,5.4771415e-05,0,challenge_10_signal_features_colab_ultra
7499,1,0.98653024,1,challenge_10_signal_features_colab_ultra
7500,1,0.94875383,1,challenge_10_signal_features_colab_ultra
7501,0,0.0008769087,0,challenge_10_signal_features_colab_ultra
7502,0,0.0012812307,0,challenge_10_signal_features_colab_ultra
7503,0,0.85136044,1,challenge_10_signal_features_colab_ultra
7504,1,0.9816033,1,challenge_10_signal_features_colab_ultra
7505,1,0.99415445,1,challenge_10_signal_features_colab_ultra
7506,1,0.9934801,1,challenge_10_signal_features_colab_ultra
7507,1,0.94660974,1,challenge_10_signal_features_colab_ultra
7508,1,0.7674127,1,challenge_10_signal_features_colab_ultra
7509,0,0.0016550417,0,challenge_10_signal_features_colab_ultra
7510,1,0.92323357,1,challenge_10_signal_features_colab_ultra
7511,1,0.9999877,1,challenge_10_signal_features_colab_ultra
7512,0,0.020520905,0,challenge_10_signal_features_colab_ultra
7513,1,0.9999992,1,challenge_10_signal_features_colab_ultra
7514,1,0.037775468,0,challenge_10_signal_features_colab_ultra
7515,0,0.0001907176,0,challenge_10_signal_features_colab_ultra
7516,1,0.99266833,1,challenge_10_signal_features_colab_ultra
7517,0,0.00042659845,0,challenge_10_signal_features_colab_ultra
7518,0,0.00014845333,0,challenge_10_signal_features_colab_ultra
7519,1,0.9972059,1,challenge_10_signal_features_colab_ultra
7520,0,0.015738996,0,challenge_10_signal_features_colab_ultra
7521,1,0.9999983,1,challenge_10_signal_features_colab_ultra
7522,0,0.046490382,0,challenge_10_signal_features_colab_ultra
7523,1,0.33947632,0,challenge_10_signal_features_colab_ultra
7524,0,0.011292226,0,challenge_10_signal_features_colab_ultra
7525,0,0.039452057,0,challenge_10_signal_features_colab_ultra
7526,0,0.00061568676,0,challenge_10_signal_features_colab_ultra
7527,0,0.023951018,0,challenge_10_signal_features_colab_ultra
7528,1,0.9934104,1,challenge_10_signal_features_colab_ultra
7529,0,0.06998895,0,challenge_10_signal_features_colab_ultra
7530,0,0.11663472,0,challenge_10_signal_features_colab_ultra
7531,1,0.9105141,1,challenge_10_signal_features_colab_ultra
7532,0,0.014010581,0,challenge_10_signal_features_colab_ultra
7533,0,2.9891422e-05,0,challenge_10_signal_features_colab_ultra
7534,0,0.0005247126,0,challenge_10_signal_features_colab_ultra
7535,1,0.951176,1,challenge_10_signal_features_colab_ultra
7536,0,0.019543186,0,challenge_10_signal_features_colab_ultra
7537,1,0.9999917,1,challenge_10_signal_features_colab_ultra
7538,1,0.8140951,1,challenge_10_signal_features_colab_ultra
7539,1,0.98857886,1,challenge_10_signal_features_colab_ultra
7540,0,0.0005674627,0,challenge_10_signal_features_colab_ultra
7541,0,1.5161367e-05,0,challenge_10_signal_features_colab_ultra
7542,0,0.040528864,0,challenge_10_signal_features_colab_ultra
7543,0,0.0007979049,0,challenge_10_signal_features_colab_ultra
7544,1,1.0,1,challenge_10_signal_features_colab_ultra
7545,0,0.020251334,0,challenge_10_signal_features_colab_ultra
7546,0,3.092292e-05,0,challenge_10_signal_features_colab_ultra
7547,1,0.9415341,1,challenge_10_signal_features_colab_ultra
7548,0,7.099951e-05,0,challenge_10_signal_features_colab_ultra
7549,0,0.74546957,1,challenge_10_signal_features_colab_ultra
7550,0,0.00033273964,0,challenge_10_signal_features_colab_ultra
7551,0,0.0050369017,0,challenge_10_signal_features_colab_ultra
7552,0,1.1970216e-05,0,challenge_10_signal_features_colab_ultra
7553,1,0.98821175,1,challenge_10_signal_features_colab_ultra
7554,0,5.9211412e-05,0,challenge_10_signal_features_colab_ultra
7555,1,0.9999937,1,challenge_10_signal_features_colab_ultra
7556,0,1.6134514e-05,0,challenge_10_signal_features_colab_ultra
7557,0,0.00011080191,0,challenge_10_signal_features_colab_ultra
7558,1,0.9827375,1,challenge_10_signal_features_colab_ultra
7559,1,0.77277535,1,challenge_10_signal_features_colab_ultra
7560,1,0.46479627,0,challenge_10_signal_features_colab_ultra
7561,0,0.0012750644,0,challenge_10_signal_features_colab_ultra
7562,1,0.99999857,1,challenge_10_signal_features_colab_ultra
7563,0,2.179459e-06,0,challenge_10_signal_features_colab_ultra
7564,0,0.0019869686,0,challenge_10_signal_features_colab_ultra
7565,0,0.12952448,0,challenge_10_signal_features_colab_ultra
7566,1,0.9569696,1,challenge_10_signal_features_colab_ultra
7567,1,0.9999994,1,challenge_10_signal_features_colab_ultra
7568,0,0.41654512,0,challenge_10_signal_features_colab_ultra
7569,1,0.9999996,1,challenge_10_signal_features_colab_ultra
7570,1,0.99366295,1,challenge_10_signal_features_colab_ultra
7571,1,0.92075884,1,challenge_10_signal_features_colab_ultra
7572,0,0.19005488,0,challenge_10_signal_features_colab_ultra
7573,1,0.9913722,1,challenge_10_signal_features_colab_ultra
7574,1,0.9965372,1,challenge_10_signal_features_colab_ultra
7575,1,0.9999999,1,challenge_10_signal_features_colab_ultra
7576,1,0.79133785,1,challenge_10_signal_features_colab_ultra
7577,0,0.40262866,0,challenge_10_signal_features_colab_ultra
7578,0,0.027374588,0,challenge_10_signal_features_colab_ultra
7579,0,0.40379414,0,challenge_10_signal_features_colab_ultra
7580,1,0.07892872,0,challenge_10_signal_features_colab_ultra
7581,1,0.80999863,1,challenge_10_signal_features_colab_ultra
7582,0,0.055395495,0,challenge_10_signal_features_colab_ultra
7583,1,0.9999974,1,challenge_10_signal_features_colab_ultra
7584,0,0.00088164635,0,challenge_10_signal_features_colab_ultra
7585,0,3.03129e-05,0,challenge_10_signal_features_colab_ultra
7586,1,0.9664277,1,challenge_10_signal_features_colab_ultra
7587,1,0.950518,1,challenge_10_signal_features_colab_ultra
7588,1,0.8890399,1,challenge_10_signal_features_colab_ultra
7589,1,0.99483776,1,challenge_10_signal_features_colab_ultra
7590,1,1.0,1,challenge_10_signal_features_colab_ultra
7591,1,0.9530512,1,challenge_10_signal_features_colab_ultra
7592,0,0.0071282275,0,challenge_10_signal_features_colab_ultra
7593,1,0.98116916,1,challenge_10_signal_features_colab_ultra
7594,1,0.9999997,1,challenge_10_signal_features_colab_ultra
7595,0,0.0027318122,0,challenge_10_signal_features_colab_ultra
7596,0,0.0005809458,0,challenge_10_signal_features_colab_ultra
7597,1,0.99603975,1,challenge_10_signal_features_colab_ultra
7598,1,0.9968493,1,challenge_10_signal_features_colab_ultra
7599,0,0.00086726545,0,challenge_10_signal_features_colab_ultra
7600,0,0.00010067274,0,challenge_10_signal_features_colab_ultra
7601,1,0.9710403,1,challenge_10_signal_features_colab_ultra
7602,0,0.08134018,0,challenge_10_signal_features_colab_ultra
7603,0,0.0009297247,0,challenge_10_signal_features_colab_ultra
7604,1,0.838867,1,challenge_10_signal_features_colab_ultra
7605,0,0.3284832,0,challenge_10_signal_features_colab_ultra
7606,0,0.07812572,0,challenge_10_signal_features_colab_ultra
7607,1,0.62135696,1,challenge_10_signal_features_colab_ultra
7608,0,0.00048250408,0,challenge_10_signal_features_colab_ultra
7609,1,0.9874255,1,challenge_10_signal_features_colab_ultra
7610,1,0.9826935,1,challenge_10_signal_features_colab_ultra
7611,1,0.9162988,1,challenge_10_signal_features_colab_ultra
7612,1,0.9939962,1,challenge_10_signal_features_colab_ultra
7613,0,0.583591,1,challenge_10_signal_features_colab_ultra
7614,1,0.9999999,1,challenge_10_signal_features_colab_ultra
7615,1,0.98458403,1,challenge_10_signal_features_colab_ultra
7616,0,0.0030081037,0,challenge_10_signal_features_colab_ultra
7617,1,0.99998164,1,challenge_10_signal_features_colab_ultra
7618,1,0.9842229,1,challenge_10_signal_features_colab_ultra
7619,1,0.96768177,1,challenge_10_signal_features_colab_ultra
7620,0,0.78723174,1,challenge_10_signal_features_colab_ultra
7621,0,0.0033831287,0,challenge_10_signal_features_colab_ultra
7622,1,0.99999034,1,challenge_10_signal_features_colab_ultra
7623,1,0.9502555,1,challenge_10_signal_features_colab_ultra
7624,0,0.0006766896,0,challenge_10_signal_features_colab_ultra
7625,1,0.99999905,1,challenge_10_signal_features_colab_ultra
7626,1,0.9876431,1,challenge_10_signal_features_colab_ultra
7627,0,0.0022017893,0,challenge_10_signal_features_colab_ultra
7628,0,6.316269e-05,0,challenge_10_signal_features_colab_ultra
7629,1,0.91848445,1,challenge_10_signal_features_colab_ultra
7630,1,0.94340336,1,challenge_10_signal_features_colab_ultra
7631,0,0.08983346,0,challenge_10_signal_features_colab_ultra
7632,1,0.9965515,1,challenge_10_signal_features_colab_ultra
7633,1,0.098673455,0,challenge_10_signal_features_colab_ultra
7634,1,0.79361737,1,challenge_10_signal_features_colab_ultra
7635,1,0.9919331,1,challenge_10_signal_features_colab_ultra
7636,0,0.0043711336,0,challenge_10_signal_features_colab_ultra
7637,0,0.0011364738,0,challenge_10_signal_features_colab_ultra
7638,1,0.95709586,1,challenge_10_signal_features_colab_ultra
7639,0,0.0021207365,0,challenge_10_signal_features_colab_ultra
7640,1,0.99041724,1,challenge_10_signal_features_colab_ultra
7641,0,0.51403934,1,challenge_10_signal_features_colab_ultra
7642,1,0.9634935,1,challenge_10_signal_features_colab_ultra
7643,1,0.98733735,1,challenge_10_signal_features_colab_ultra
7644,1,0.9999989,1,challenge_10_signal_features_colab_ultra
7645,0,0.00056984706,0,challenge_10_signal_features_colab_ultra
7646,0,0.0011109818,0,challenge_10_signal_features_colab_ultra
7647,1,0.98165953,1,challenge_10_signal_features_colab_ultra
7648,0,0.00070056657,0,challenge_10_signal_features_colab_ultra
7649,0,0.005543838,0,challenge_10_signal_features_colab_ultra
7650,0,0.32242176,0,challenge_10_signal_features_colab_ultra
7651,1,0.9999858,1,challenge_10_signal_features_colab_ultra
7652,0,0.0077102706,0,challenge_10_signal_features_colab_ultra
7653,0,0.7862044,1,challenge_10_signal_features_colab_ultra
7654,1,0.9946186,1,challenge_10_signal_features_colab_ultra
7655,0,0.2659014,0,challenge_10_signal_features_colab_ultra
7656,1,0.9319148,1,challenge_10_signal_features_colab_ultra
7657,1,0.9999982,1,challenge_10_signal_features_colab_ultra
7658,0,0.16541417,0,challenge_10_signal_features_colab_ultra
7659,0,0.79916626,1,challenge_10_signal_features_colab_ultra
7660,1,0.5763032,1,challenge_10_signal_features_colab_ultra
7661,1,0.94968617,1,challenge_10_signal_features_colab_ultra
7662,1,0.9702819,1,challenge_10_signal_features_colab_ultra
7663,1,0.999999,1,challenge_10_signal_features_colab_ultra
7664,1,0.89372617,1,challenge_10_signal_features_colab_ultra
7665,1,0.98397255,1,challenge_10_signal_features_colab_ultra
7666,1,0.9582145,1,challenge_10_signal_features_colab_ultra
7667,0,0.0098421285,0,challenge_10_signal_features_colab_ultra
7668,0,1.2655455e-06,0,challenge_10_signal_features_colab_ultra
7669,1,0.9999943,1,challenge_10_signal_features_colab_ultra
7670,1,0.999999,1,challenge_10_signal_features_colab_ultra
7671,1,0.9973862,1,challenge_10_signal_features_colab_ultra
7672,1,0.88571125,1,challenge_10_signal_features_colab_ultra
7673,1,0.97378075,1,challenge_10_signal_features_colab_ultra
7674,1,0.9999997,1,challenge_10_signal_features_colab_ultra
7675,1,0.48419595,0,challenge_10_signal_features_colab_ultra
7676,1,0.8452783,1,challenge_10_signal_features_colab_ultra
7677,1,0.754209,1,challenge_10_signal_features_colab_ultra
7678,0,0.00021742993,0,challenge_10_signal_features_colab_ultra
7679,1,0.99329185,1,challenge_10_signal_features_colab_ultra
7680,1,0.99154025,1,challenge_10_signal_features_colab_ultra
7681,0,0.029737443,0,challenge_10_signal_features_colab_ultra
7682,0,0.014312586,0,challenge_10_signal_features_colab_ultra
7683,1,0.9948871,1,challenge_10_signal_features_colab_ultra
7684,1,0.9999883,1,challenge_10_signal_features_colab_ultra
7685,0,0.16315368,0,challenge_10_signal_features_colab_ultra
7686,1,0.9848215,1,challenge_10_signal_features_colab_ultra
7687,1,0.97870123,1,challenge_10_signal_features_colab_ultra
7688,1,0.92719555,1,challenge_10_signal_features_colab_ultra
7689,1,0.86424404,1,challenge_10_signal_features_colab_ultra
7690,0,0.0002905376,0,challenge_10_signal_features_colab_ultra
7691,0,0.00028261103,0,challenge_10_signal_features_colab_ultra
7692,1,0.98474735,1,challenge_10_signal_features_colab_ultra
7693,1,0.999999,1,challenge_10_signal_features_colab_ultra
7694,0,0.022352872,0,challenge_10_signal_features_colab_ultra
7695,0,0.06962331,0,challenge_10_signal_features_colab_ultra
7696,0,0.020714397,0,challenge_10_signal_features_colab_ultra
7697,1,0.9856771,1,challenge_10_signal_features_colab_ultra
7698,0,0.0011424597,0,challenge_10_signal_features_colab_ultra
7699,1,0.5394396,1,challenge_10_signal_features_colab_ultra
7700,0,0.45119226,0,challenge_10_signal_features_colab_ultra
7701,0,0.018808043,0,challenge_10_signal_features_colab_ultra
7702,1,0.98902965,1,challenge_10_signal_features_colab_ultra
7703,1,0.895378,1,challenge_10_signal_features_colab_ultra
7704,0,0.026037078,0,challenge_10_signal_features_colab_ultra
7705,1,0.98706675,1,challenge_10_signal_features_colab_ultra
7706,0,0.00054959673,0,challenge_10_signal_features_colab_ultra
7707,1,0.86062616,1,challenge_10_signal_features_colab_ultra
7708,1,0.9927632,1,challenge_10_signal_features_colab_ultra
7709,0,0.014476296,0,challenge_10_signal_features_colab_ultra
7710,0,0.0002810864,0,challenge_10_signal_features_colab_ultra
7711,1,0.9833101,1,challenge_10_signal_features_colab_ultra
7712,0,0.08408461,0,challenge_10_signal_features_colab_ultra
7713,1,0.9710595,1,challenge_10_signal_features_colab_ultra
7714,0,0.027442079,0,challenge_10_signal_features_colab_ultra
7715,0,0.012250109,0,challenge_10_signal_features_colab_ultra
7716,1,0.30592674,0,challenge_10_signal_features_colab_ultra
7717,0,1.0000001e-07,0,challenge_10_signal_features_colab_ultra
7718,1,0.9908163,1,challenge_10_signal_features_colab_ultra
7719,0,0.023241632,0,challenge_10_signal_features_colab_ultra
7720,1,0.99999934,1,challenge_10_signal_features_colab_ultra
7721,1,0.99581456,1,challenge_10_signal_features_colab_ultra
7722,1,0.7209878,1,challenge_10_signal_features_colab_ultra
7723,0,0.86963594,1,challenge_10_signal_features_colab_ultra
7724,0,0.3447738,0,challenge_10_signal_features_colab_ultra
7725,0,0.00022587577,0,challenge_10_signal_features_colab_ultra
7726,0,0.0019800614,0,challenge_10_signal_features_colab_ultra
7727,1,0.98678964,1,challenge_10_signal_features_colab_ultra
7728,0,0.0014441872,0,challenge_10_signal_features_colab_ultra
7729,1,0.9295582,1,challenge_10_signal_features_colab_ultra
7730,1,0.9999924,1,challenge_10_signal_features_colab_ultra
7731,1,0.9931194,1,challenge_10_signal_features_colab_ultra
7732,1,0.9999927,1,challenge_10_signal_features_colab_ultra
7733,0,0.010590608,0,challenge_10_signal_features_colab_ultra
7734,1,0.9618515,1,challenge_10_signal_features_colab_ultra
7735,0,0.3673766,0,challenge_10_signal_features_colab_ultra
7736,1,0.956396,1,challenge_10_signal_features_colab_ultra
7737,1,0.99999934,1,challenge_10_signal_features_colab_ultra
7738,1,0.9708994,1,challenge_10_signal_features_colab_ultra
7739,1,0.9999995,1,challenge_10_signal_features_colab_ultra
7740,0,7.0691926e-06,0,challenge_10_signal_features_colab_ultra
7741,1,0.9999999,1,challenge_10_signal_features_colab_ultra
7742,1,0.9999906,1,challenge_10_signal_features_colab_ultra
7743,1,0.9999975,1,challenge_10_signal_features_colab_ultra
7744,1,0.9999997,1,challenge_10_signal_features_colab_ultra
7745,0,0.0016334627,0,challenge_10_signal_features_colab_ultra
7746,1,0.880757,1,challenge_10_signal_features_colab_ultra
7747,0,0.0015703796,0,challenge_10_signal_features_colab_ultra
7748,0,1.0000001e-07,0,challenge_10_signal_features_colab_ultra
7749,0,0.00818162,0,challenge_10_signal_features_colab_ultra
7750,1,0.9886447,1,challenge_10_signal_features_colab_ultra
7751,0,0.0012359478,0,challenge_10_signal_features_colab_ultra
7752,0,0.0020584983,0,challenge_10_signal_features_colab_ultra
7753,0,0.04380982,0,challenge_10_signal_features_colab_ultra
7754,1,0.35933274,0,challenge_10_signal_features_colab_ultra
7755,0,0.4798909,0,challenge_10_signal_features_colab_ultra
7756,0,6.9923044e-06,0,challenge_10_signal_features_colab_ultra
7757,0,0.012456469,0,challenge_10_signal_features_colab_ultra
7758,0,0.0020964039,0,challenge_10_signal_features_colab_ultra
7759,0,0.06625301,0,challenge_10_signal_features_colab_ultra
7760,0,0.056129918,0,challenge_10_signal_features_colab_ultra
7761,1,0.9973565,1,challenge_10_signal_features_colab_ultra
7762,0,0.6558685,1,challenge_10_signal_features_colab_ultra
7763,1,0.95168465,1,challenge_10_signal_features_colab_ultra
7764,0,0.831049,1,challenge_10_signal_features_colab_ultra
7765,0,0.0011071151,0,challenge_10_signal_features_colab_ultra
7766,1,0.7855576,1,challenge_10_signal_features_colab_ultra
7767,0,0.00054091786,0,challenge_10_signal_features_colab_ultra
7768,1,0.99999905,1,challenge_10_signal_features_colab_ultra
7769,0,0.00069034647,0,challenge_10_signal_features_colab_ultra
7770,1,0.9944337,1,challenge_10_signal_features_colab_ultra
7771,1,0.9879591,1,challenge_10_signal_features_colab_ultra
7772,0,0.36301622,0,challenge_10_signal_features_colab_ultra
7773,0,0.39958698,0,challenge_10_signal_features_colab_ultra
7774,1,0.9999993,1,challenge_10_signal_features_colab_ultra
7775,1,0.9745841,1,challenge_10_signal_features_colab_ultra
7776,0,0.040161904,0,challenge_10_signal_features_colab_ultra
7777,1,0.9973728,1,challenge_10_signal_features_colab_ultra
7778,0,0.002106257,0,challenge_10_signal_features_colab_ultra
7779,1,0.94722325,1,challenge_10_signal_features_colab_ultra
7780,1,0.99999976,1,challenge_10_signal_features_colab_ultra
7781,1,0.9451086,1,challenge_10_signal_features_colab_ultra
7782,0,0.011667801,0,challenge_10_signal_features_colab_ultra
7783,0,0.0007466614,0,challenge_10_signal_features_colab_ultra
7784,0,0.0013671293,0,challenge_10_signal_features_colab_ultra
7785,0,0.2672094,0,challenge_10_signal_features_colab_ultra
7786,0,0.14058802,0,challenge_10_signal_features_colab_ultra
7787,0,0.0018928223,0,challenge_10_signal_features_colab_ultra
7788,0,1.6395104e-05,0,challenge_10_signal_features_colab_ultra
7789,0,6.020368e-05,0,challenge_10_signal_features_colab_ultra
7790,1,0.91332495,1,challenge_10_signal_features_colab_ultra
7791,1,0.999999,1,challenge_10_signal_features_colab_ultra
7792,1,0.999992,1,challenge_10_signal_features_colab_ultra
7793,0,0.044644564,0,challenge_10_signal_features_colab_ultra
7794,0,1.32124405e-05,0,challenge_10_signal_features_colab_ultra
7795,1,0.9999932,1,challenge_10_signal_features_colab_ultra
7796,1,0.98790073,1,challenge_10_signal_features_colab_ultra
7797,1,0.5421846,1,challenge_10_signal_features_colab_ultra
7798,1,0.99999785,1,challenge_10_signal_features_colab_ultra
7799,1,0.9999997,1,challenge_10_signal_features_colab_ultra
7800,1,0.9687336,1,challenge_10_signal_features_colab_ultra
7801,1,0.99999994,1,challenge_10_signal_features_colab_ultra
7802,0,0.00037585755,0,challenge_10_signal_features_colab_ultra
7803,0,0.0013053651,0,challenge_10_signal_features_colab_ultra
7804,0,0.03320127,0,challenge_10_signal_features_colab_ultra
7805,1,0.9896236,1,challenge_10_signal_features_colab_ultra
7806,1,0.23151807,0,challenge_10_signal_features_colab_ultra
7807,0,0.14470148,0,challenge_10_signal_features_colab_ultra
7808,1,0.98643655,1,challenge_10_signal_features_colab_ultra
7809,1,0.9826794,1,challenge_10_signal_features_colab_ultra
7810,0,0.0041574817,0,challenge_10_signal_features_colab_ultra
7811,0,0.95667624,1,challenge_10_signal_features_colab_ultra
7812,1,0.99999917,1,challenge_10_signal_features_colab_ultra
7813,0,0.011365842,0,challenge_10_signal_features_colab_ultra
7814,0,0.00081008003,0,challenge_10_signal_features_colab_ultra
7815,0,0.0001154746,0,challenge_10_signal_features_colab_ultra
7816,1,0.9999901,1,challenge_10_signal_features_colab_ultra
7817,0,1.1848746e-05,0,challenge_10_signal_features_colab_ultra
7818,0,0.44699216,0,challenge_10_signal_features_colab_ultra
7819,1,0.99042714,1,challenge_10_signal_features_colab_ultra
7820,1,0.9826064,1,challenge_10_signal_features_colab_ultra
7821,1,0.99999976,1,challenge_10_signal_features_colab_ultra
7822,1,0.9999994,1,challenge_10_signal_features_colab_ultra
7823,1,0.9999999,1,challenge_10_signal_features_colab_ultra
7824,1,0.99999946,1,challenge_10_signal_features_colab_ultra
7825,1,0.9999999,1,challenge_10_signal_features_colab_ultra
7826,1,0.9999856,1,challenge_10_signal_features_colab_ultra
7827,0,0.0001578539,0,challenge_10_signal_features_colab_ultra
7828,1,0.9889805,1,challenge_10_signal_features_colab_ultra
7829,0,0.007828749,0,challenge_10_signal_features_colab_ultra
7830,1,0.9955561,1,challenge_10_signal_features_colab_ultra
7831,1,0.9222469,1,challenge_10_signal_features_colab_ultra
7832,1,0.8632976,1,challenge_10_signal_features_colab_ultra
7833,1,0.99998844,1,challenge_10_signal_features_colab_ultra
7834,0,0.06826816,0,challenge_10_signal_features_colab_ultra
7835,0,0.30673078,0,challenge_10_signal_features_colab_ultra
7836,1,0.5707934,1,challenge_10_signal_features_colab_ultra
7837,0,1.0000001e-07,0,challenge_10_signal_features_colab_ultra
7838,1,0.99999833,1,challenge_10_signal_features_colab_ultra
7839,0,0.6620061,1,challenge_10_signal_features_colab_ultra
7840,1,0.99999136,1,challenge_10_signal_features_colab_ultra
7841,0,0.0032984184,0,challenge_10_signal_features_colab_ultra
7842,0,0.0017371437,0,challenge_10_signal_features_colab_ultra
7843,1,0.9928183,1,challenge_10_signal_features_colab_ultra
7844,1,0.996252,1,challenge_10_signal_features_colab_ultra
7845,0,0.009057767,0,challenge_10_signal_features_colab_ultra
7846,0,0.002525725,0,challenge_10_signal_features_colab_ultra
7847,1,0.9893539,1,challenge_10_signal_features_colab_ultra
7848,0,0.1002019,0,challenge_10_signal_features_colab_ultra
7849,1,0.9999988,1,challenge_10_signal_features_colab_ultra
7850,1,0.99999994,1,challenge_10_signal_features_colab_ultra
7851,1,0.8979619,1,challenge_10_signal_features_colab_ultra
7852,1,0.75754696,1,challenge_10_signal_features_colab_ultra
7853,0,0.0029191442,0,challenge_10_signal_features_colab_ultra
7854,1,0.99999046,1,challenge_10_signal_features_colab_ultra
7855,1,0.99999875,1,challenge_10_signal_features_colab_ultra
7856,1,0.9999908,1,challenge_10_signal_features_colab_ultra
7857,1,0.7789092,1,challenge_10_signal_features_colab_ultra
7858,0,0.012448691,0,challenge_10_signal_features_colab_ultra
7859,0,8.9380336e-07,0,challenge_10_signal_features_colab_ultra
7860,1,0.98315966,1,challenge_10_signal_features_colab_ultra
7861,1,0.9999841,1,challenge_10_signal_features_colab_ultra
7862,1,0.9864598,1,challenge_10_signal_features_colab_ultra
7863,0,0.023110887,0,challenge_10_signal_features_colab_ultra
7864,1,0.9999985,1,challenge_10_signal_features_colab_ultra
7865,1,0.9999907,1,challenge_10_signal_features_colab_ultra
7866,1,0.98575264,1,challenge_10_signal_features_colab_ultra
7867,1,0.80471283,1,challenge_10_signal_features_colab_ultra
7868,0,0.005775213,0,challenge_10_signal_features_colab_ultra
7869,1,0.98262846,1,challenge_10_signal_features_colab_ultra
7870,0,4.46021e-06,0,challenge_10_signal_features_colab_ultra
7871,1,0.99570775,1,challenge_10_signal_features_colab_ultra
7872,1,0.97847766,1,challenge_10_signal_features_colab_ultra
7873,0,0.00037024476,0,challenge_10_signal_features_colab_ultra
7874,1,0.9785232,1,challenge_10_signal_features_colab_ultra
7875,1,0.77647394,1,challenge_10_signal_features_colab_ultra
7876,0,0.005260271,0,challenge_10_signal_features_colab_ultra
7877,0,0.0033482418,0,challenge_10_signal_features_colab_ultra
7878,0,0.8352096,1,challenge_10_signal_features_colab_ultra
7879,1,0.9402609,1,challenge_10_signal_features_colab_ultra
7880,1,0.9999991,1,challenge_10_signal_features_colab_ultra
7881,0,0.00014167679,0,challenge_10_signal_features_colab_ultra
7882,1,0.9560446,1,challenge_10_signal_features_colab_ultra
7883,1,0.99592507,1,challenge_10_signal_features_colab_ultra
7884,1,0.9589704,1,challenge_10_signal_features_colab_ultra
7885,0,0.1281072,0,challenge_10_signal_features_colab_ultra
7886,0,0.00023353104,0,challenge_10_signal_features_colab_ultra
7887,1,0.9999927,1,challenge_10_signal_features_colab_ultra
7888,0,0.019565614,0,challenge_10_signal_features_colab_ultra
7889,1,0.987498,1,challenge_10_signal_features_colab_ultra
7890,0,0.036371566,0,challenge_10_signal_features_colab_ultra
7891,0,0.0007788048,0,challenge_10_signal_features_colab_ultra
7892,0,0.0006410479,0,challenge_10_signal_features_colab_ultra
7893,0,7.483752e-07,0,challenge_10_signal_features_colab_ultra
7894,1,0.9851905,1,challenge_10_signal_features_colab_ultra
7895,1,0.9965999,1,challenge_10_signal_features_colab_ultra
7896,0,0.042589936,0,challenge_10_signal_features_colab_ultra
7897,1,0.6557916,1,challenge_10_signal_features_colab_ultra
7898,1,0.96948314,1,challenge_10_signal_features_colab_ultra
7899,1,0.98541147,1,challenge_10_signal_features_colab_ultra
7900,1,0.95354277,1,challenge_10_signal_features_colab_ultra
7901,1,0.99024355,1,challenge_10_signal_features_colab_ultra
7902,1,0.99558765,1,challenge_10_signal_features_colab_ultra
7903,1,0.96635497,1,challenge_10_signal_features_colab_ultra
7904,1,0.9999918,1,challenge_10_signal_features_colab_ultra
7905,0,0.00020846778,0,challenge_10_signal_features_colab_ultra
7906,0,0.0015192814,0,challenge_10_signal_features_colab_ultra
7907,0,0.06772049,0,challenge_10_signal_features_colab_ultra
7908,1,0.9954566,1,challenge_10_signal_features_colab_ultra
7909,1,0.9612127,1,challenge_10_signal_features_colab_ultra
7910,1,0.9999988,1,challenge_10_signal_features_colab_ultra
7911,1,0.9664999,1,challenge_10_signal_features_colab_ultra
7912,1,0.08740712,0,challenge_10_signal_features_colab_ultra
7913,1,0.99999774,1,challenge_10_signal_features_colab_ultra
7914,0,0.0006469602,0,challenge_10_signal_features_colab_ultra
7915,0,0.05247858,0,challenge_10_signal_features_colab_ultra
7916,0,0.105649635,0,challenge_10_signal_features_colab_ultra
7917,1,0.99998945,1,challenge_10_signal_features_colab_ultra
7918,1,0.8042785,1,challenge_10_signal_features_colab_ultra
7919,1,0.9999988,1,challenge_10_signal_features_colab_ultra
7920,1,0.9999903,1,challenge_10_signal_features_colab_ultra
7921,1,0.92666954,1,challenge_10_signal_features_colab_ultra
7922,0,0.0032006642,0,challenge_10_signal_features_colab_ultra
7923,0,0.008928025,0,challenge_10_signal_features_colab_ultra
7924,0,0.0060936967,0,challenge_10_signal_features_colab_ultra
7925,1,0.24753676,0,challenge_10_signal_features_colab_ultra
7926,0,0.00015170923,0,challenge_10_signal_features_colab_ultra
7927,1,0.8793315,1,challenge_10_signal_features_colab_ultra
7928,1,0.94941527,1,challenge_10_signal_features_colab_ultra
7929,1,0.7053895,1,challenge_10_signal_features_colab_ultra
7930,0,0.028359663,0,challenge_10_signal_features_colab_ultra
7931,1,1.0,1,challenge_10_signal_features_colab_ultra
7932,1,0.9999814,1,challenge_10_signal_features_colab_ultra
7933,0,0.0016369503,0,challenge_10_signal_features_colab_ultra
7934,0,7.1862116e-05,0,challenge_10_signal_features_colab_ultra
7935,1,0.9656283,1,challenge_10_signal_features_colab_ultra
7936,0,0.0224951,0,challenge_10_signal_features_colab_ultra
7937,1,0.98674875,1,challenge_10_signal_features_colab_ultra
7938,0,0.0017991071,0,challenge_10_signal_features_colab_ultra
7939,0,0.005519329,0,challenge_10_signal_features_colab_ultra
7940,0,0.40708858,0,challenge_10_signal_features_colab_ultra
7941,1,0.18510419,0,challenge_10_signal_features_colab_ultra
7942,0,0.0040108124,0,challenge_10_signal_features_colab_ultra
7943,1,0.99670947,1,challenge_10_signal_features_colab_ultra
7944,1,0.98548573,1,challenge_10_signal_features_colab_ultra
7945,1,0.9762492,1,challenge_10_signal_features_colab_ultra
7946,1,0.99999845,1,challenge_10_signal_features_colab_ultra
7947,0,2.2476052e-06,0,challenge_10_signal_features_colab_ultra
7948,1,0.9999982,1,challenge_10_signal_features_colab_ultra
7949,1,0.8243528,1,challenge_10_signal_features_colab_ultra
7950,0,5.7184767e-05,0,challenge_10_signal_features_colab_ultra
7951,0,0.00012427344,0,challenge_10_signal_features_colab_ultra
7952,1,0.99063575,1,challenge_10_signal_features_colab_ultra
7953,1,0.9864824,1,challenge_10_signal_features_colab_ultra
7954,1,0.9184488,1,challenge_10_signal_features_colab_ultra
7955,1,0.285528,0,challenge_10_signal_features_colab_ultra
7956,0,0.009273631,0,challenge_10_signal_features_colab_ultra
7957,0,0.10699064,0,challenge_10_signal_features_colab_ultra
7958,1,0.9999979,1,challenge_10_signal_features_colab_ultra
7959,0,1.0691626e-05,0,challenge_10_signal_features_colab_ultra
7960,1,0.99213034,1,challenge_10_signal_features_colab_ultra
7961,0,0.06141683,0,challenge_10_signal_features_colab_ultra
7962,0,0.2401602,0,challenge_10_signal_features_colab_ultra
7963,0,0.00015541173,0,challenge_10_signal_features_colab_ultra
7964,1,0.9947306,1,challenge_10_signal_features_colab_ultra
7965,0,0.0010398839,0,challenge_10_signal_features_colab_ultra
7966,1,0.9999999,1,challenge_10_signal_features_colab_ultra
7967,0,0.00039922624,0,challenge_10_signal_features_colab_ultra
7968,0,0.27142924,0,challenge_10_signal_features_colab_ultra
7969,1,0.979144,1,challenge_10_signal_features_colab_ultra
7970,0,6.51433e-06,0,challenge_10_signal_features_colab_ultra
7971,0,0.008561833,0,challenge_10_signal_features_colab_ultra
7972,1,0.9999862,1,challenge_10_signal_features_colab_ultra
7973,0,0.02100422,0,challenge_10_signal_features_colab_ultra
7974,0,0.007195828,0,challenge_10_signal_features_colab_ultra
7975,0,0.74698305,1,challenge_10_signal_features_colab_ultra
7976,1,0.62259036,1,challenge_10_signal_features_colab_ultra
7977,0,0.29588956,0,challenge_10_signal_features_colab_ultra
7978,1,0.99999285,1,challenge_10_signal_features_colab_ultra
7979,0,2.3137487e-05,0,challenge_10_signal_features_colab_ultra
7980,0,0.48291075,0,challenge_10_signal_features_colab_ultra
7981,0,0.0056740562,0,challenge_10_signal_features_colab_ultra
7982,0,2.6153055e-05,0,challenge_10_signal_features_colab_ultra
7983,0,0.025241513,0,challenge_10_signal_features_colab_ultra
7984,0,0.0001361461,0,challenge_10_signal_features_colab_ultra
7985,1,0.9942761,1,challenge_10_signal_features_colab_ultra
7986,0,0.013663566,0,challenge_10_signal_features_colab_ultra
7987,0,0.29589722,0,challenge_10_signal_features_colab_ultra
7988,1,0.9999998,1,challenge_10_signal_features_colab_ultra
7989,0,0.34977958,0,challenge_10_signal_features_colab_ultra
7990,1,0.9999964,1,challenge_10_signal_features_colab_ultra
7991,1,0.9956533,1,challenge_10_signal_features_colab_ultra
7992,1,0.22819547,0,challenge_10_signal_features_colab_ultra
7993,0,0.00041026203,0,challenge_10_signal_features_colab_ultra
7994,0,0.00020026512,0,challenge_10_signal_features_colab_ultra
7995,0,0.9546034,1,challenge_10_signal_features_colab_ultra
7996,1,0.9735649,1,challenge_10_signal_features_colab_ultra
7997,1,0.9949213,1,challenge_10_signal_features_colab_ultra
7998,1,0.9862562,1,challenge_10_signal_features_colab_ultra
7999,0,0.0046020076,0,challenge_10_signal_features_colab_ultra
8000,1,0.89075804,1,challenge_10_signal_features_colab_ultra
8001,0,0.02647402,0,challenge_10_signal_features_colab_ultra
8002,1,0.954425,1,challenge_10_signal_features_colab_ultra
8003,0,0.00021488676,0,challenge_10_signal_features_colab_ultra
8004,0,2.0134987e-06,0,challenge_10_signal_features_colab_ultra
8005,0,0.120498456,0,challenge_10_signal_features_colab_ultra
8006,0,0.0005987609,0,challenge_10_signal_features_colab_ultra
8007,1,0.94997185,1,challenge_10_signal_features_colab_ultra
8008,1,0.9894579,1,challenge_10_signal_features_colab_ultra
8009,0,7.9387646e-05,0,challenge_10_signal_features_colab_ultra
8010,0,0.0011509772,0,challenge_10_signal_features_colab_ultra
8011,0,0.61586297,1,challenge_10_signal_features_colab_ultra
8012,0,0.00299246,0,challenge_10_signal_features_colab_ultra
8013,1,0.9974065,1,challenge_10_signal_features_colab_ultra
8014,1,0.95551336,1,challenge_10_signal_features_colab_ultra
8015,1,0.8780971,1,challenge_10_signal_features_colab_ultra
8016,1,0.99999976,1,challenge_10_signal_features_colab_ultra
8017,1,0.98265845,1,challenge_10_signal_features_colab_ultra
8018,1,0.51103747,1,challenge_10_signal_features_colab_ultra
8019,0,0.00016293237,0,challenge_10_signal_features_colab_ultra
8020,0,0.026466189,0,challenge_10_signal_features_colab_ultra
8021,0,1.472795e-05,0,challenge_10_signal_features_colab_ultra
8022,1,0.9912252,1,challenge_10_signal_features_colab_ultra
8023,0,0.0003678893,0,challenge_10_signal_features_colab_ultra
8024,0,0.0003773737,0,challenge_10_signal_features_colab_ultra
8025,0,0.18639208,0,challenge_10_signal_features_colab_ultra
8026,0,0.008558834,0,challenge_10_signal_features_colab_ultra
8027,0,0.06892784,0,challenge_10_signal_features_colab_ultra
8028,0,1.1261249e-05,0,challenge_10_signal_features_colab_ultra
8029,1,0.9921276,1,challenge_10_signal_features_colab_ultra
8030,0,0.0019199735,0,challenge_10_signal_features_colab_ultra
8031,1,0.53623366,1,challenge_10_signal_features_colab_ultra
8032,0,0.16657498,0,challenge_10_signal_features_colab_ultra
8033,1,0.98492956,1,challenge_10_signal_features_colab_ultra
8034,1,0.9405097,1,challenge_10_signal_features_colab_ultra
8035,0,2.298648e-05,0,challenge_10_signal_features_colab_ultra
8036,0,0.045446813,0,challenge_10_signal_features_colab_ultra
8037,0,0.02141965,0,challenge_10_signal_features_colab_ultra
8038,0,0.0019938948,0,challenge_10_signal_features_colab_ultra
8039,0,0.016469736,0,challenge_10_signal_features_colab_ultra
8040,1,0.56424123,1,challenge_10_signal_features_colab_ultra
8041,1,0.9878511,1,challenge_10_signal_features_colab_ultra
8042,1,0.98747766,1,challenge_10_signal_features_colab_ultra
8043,1,0.9239405,1,challenge_10_signal_features_colab_ultra
8044,1,0.96710736,1,challenge_10_signal_features_colab_ultra
8045,0,0.034201078,0,challenge_10_signal_features_colab_ultra
8046,0,0.0014934171,0,challenge_10_signal_features_colab_ultra
8047,1,0.9999994,1,challenge_10_signal_features_colab_ultra
8048,1,0.98548615,1,challenge_10_signal_features_colab_ultra
8049,0,0.0015484248,0,challenge_10_signal_features_colab_ultra
8050,1,0.5984353,1,challenge_10_signal_features_colab_ultra
8051,1,0.9785973,1,challenge_10_signal_features_colab_ultra
8052,1,0.9947018,1,challenge_10_signal_features_colab_ultra
8053,1,0.8214064,1,challenge_10_signal_features_colab_ultra
8054,0,0.01636667,0,challenge_10_signal_features_colab_ultra
8055,0,0.01426948,0,challenge_10_signal_features_colab_ultra
8056,0,0.0024694754,0,challenge_10_signal_features_colab_ultra
8057,1,0.0983427,0,challenge_10_signal_features_colab_ultra
8058,0,0.00021295524,0,challenge_10_signal_features_colab_ultra
8059,0,0.17550644,0,challenge_10_signal_features_colab_ultra
8060,0,0.6681498,1,challenge_10_signal_features_colab_ultra
8061,0,0.073034264,0,challenge_10_signal_features_colab_ultra
8062,0,0.0010192278,0,challenge_10_signal_features_colab_ultra
8063,0,0.00073887204,0,challenge_10_signal_features_colab_ultra
8064,0,0.79634464,1,challenge_10_signal_features_colab_ultra
8065,1,0.9848028,1,challenge_10_signal_features_colab_ultra
8066,1,0.9999881,1,challenge_10_signal_features_colab_ultra
8067,0,0.008920363,0,challenge_10_signal_features_colab_ultra
8068,0,0.014642416,0,challenge_10_signal_features_colab_ultra
8069,0,0.010399205,0,challenge_10_signal_features_colab_ultra
8070,0,0.05105975,0,challenge_10_signal_features_colab_ultra
8071,1,0.9961345,1,challenge_10_signal_features_colab_ultra
8072,1,0.9883757,1,challenge_10_signal_features_colab_ultra
8073,0,0.00040621712,0,challenge_10_signal_features_colab_ultra
8074,1,0.9812887,1,challenge_10_signal_features_colab_ultra
8075,0,0.00081394,0,challenge_10_signal_features_colab_ultra
8076,0,6.307227e-05,0,challenge_10_signal_features_colab_ultra
8077,1,0.9937314,1,challenge_10_signal_features_colab_ultra
8078,0,0.00024028923,0,challenge_10_signal_features_colab_ultra
8079,1,0.2902449,0,challenge_10_signal_features_colab_ultra
8080,0,0.0015057178,0,challenge_10_signal_features_colab_ultra
8081,1,0.992756,1,challenge_10_signal_features_colab_ultra
8082,1,0.9521603,1,challenge_10_signal_features_colab_ultra
8083,1,0.9999983,1,challenge_10_signal_features_colab_ultra
8084,1,0.99998236,1,challenge_10_signal_features_colab_ultra
8085,0,7.241122e-05,0,challenge_10_signal_features_colab_ultra
8086,0,0.0015804637,0,challenge_10_signal_features_colab_ultra
8087,0,1.0000001e-07,0,challenge_10_signal_features_colab_ultra
8088,1,0.8746882,1,challenge_10_signal_features_colab_ultra
8089,1,0.9967646,1,challenge_10_signal_features_colab_ultra
8090,0,1.0000001e-07,0,challenge_10_signal_features_colab_ultra
8091,1,0.9999909,1,challenge_10_signal_features_colab_ultra
8092,1,0.9999988,1,challenge_10_signal_features_colab_ultra
8093,0,0.008375303,0,challenge_10_signal_features_colab_ultra
8094,1,0.99999326,1,challenge_10_signal_features_colab_ultra
8095,1,0.55237406,1,challenge_10_signal_features_colab_ultra
8096,1,0.9959263,1,challenge_10_signal_features_colab_ultra
8097,0,0.815374,1,challenge_10_signal_features_colab_ultra
8098,0,0.00012533717,0,challenge_10_signal_features_colab_ultra
8099,1,0.9999906,1,challenge_10_signal_features_colab_ultra
8100,0,0.18072484,0,challenge_10_signal_features_colab_ultra
8101,1,0.98830885,1,challenge_10_signal_features_colab_ultra
8102,1,0.9738453,1,challenge_10_signal_features_colab_ultra
8103,1,0.9969321,1,challenge_10_signal_features_colab_ultra
8104,1,0.9424723,1,challenge_10_signal_features_colab_ultra
8105,0,1.4941868e-06,0,challenge_10_signal_features_colab_ultra
8106,1,0.9973681,1,challenge_10_signal_features_colab_ultra
8107,1,0.99733716,1,challenge_10_signal_features_colab_ultra
8108,1,0.99246746,1,challenge_10_signal_features_colab_ultra
8109,1,0.976282,1,challenge_10_signal_features_colab_ultra
8110,1,0.76755,1,challenge_10_signal_features_colab_ultra
8111,0,0.0050540324,0,challenge_10_signal_features_colab_ultra
8112,1,0.9685601,1,challenge_10_signal_features_colab_ultra
8113,0,0.07690484,0,challenge_10_signal_features_colab_ultra
8114,1,0.9999999,1,challenge_10_signal_features_colab_ultra
8115,0,0.001814778,0,challenge_10_signal_features_colab_ultra
8116,1,0.9231371,1,challenge_10_signal_features_colab_ultra
8117,0,0.018916072,0,challenge_10_signal_features_colab_ultra
8118,0,0.0023004184,0,challenge_10_signal_features_colab_ultra
8119,1,0.9926293,1,challenge_10_signal_features_colab_ultra
8120,0,0.034346905,0,challenge_10_signal_features_colab_ultra
8121,0,0.00016453053,0,challenge_10_signal_features_colab_ultra
8122,1,0.99999994,1,challenge_10_signal_features_colab_ultra
8123,0,4.0603343e-05,0,challenge_10_signal_features_colab_ultra
8124,1,0.9813576,1,challenge_10_signal_features_colab_ultra
8125,1,0.9114311,1,challenge_10_signal_features_colab_ultra
8126,1,0.99747884,1,challenge_10_signal_features_colab_ultra
8127,0,1.9948118e-05,0,challenge_10_signal_features_colab_ultra
8128,0,0.00056946574,0,challenge_10_signal_features_colab_ultra
8129,1,0.06571558,0,challenge_10_signal_features_colab_ultra
8130,1,0.97404134,1,challenge_10_signal_features_colab_ultra
8131,1,0.9939362,1,challenge_10_signal_features_colab_ultra
8132,0,0.0014414606,0,challenge_10_signal_features_colab_ultra
8133,0,0.011906366,0,challenge_10_signal_features_colab_ultra
8134,0,0.41598737,0,challenge_10_signal_features_colab_ultra
8135,1,0.9567837,1,challenge_10_signal_features_colab_ultra
8136,1,0.2373992,0,challenge_10_signal_features_colab_ultra
8137,0,0.027678924,0,challenge_10_signal_features_colab_ultra
8138,0,0.20012446,0,challenge_10_signal_features_colab_ultra
8139,0,0.0016014713,0,challenge_10_signal_features_colab_ultra
8140,1,0.903524,1,challenge_10_signal_features_colab_ultra
8141,1,0.9999994,1,challenge_10_signal_features_colab_ultra
8142,0,0.009072479,0,challenge_10_signal_features_colab_ultra
8143,1,0.99999917,1,challenge_10_signal_features_colab_ultra
8144,0,0.0010187103,0,challenge_10_signal_features_colab_ultra
8145,0,0.0011714961,0,challenge_10_signal_features_colab_ultra
8146,1,1.0,1,challenge_10_signal_features_colab_ultra
8147,1,0.9933434,1,challenge_10_signal_features_colab_ultra
8148,0,0.00079937157,0,challenge_10_signal_features_colab_ultra
8149,0,0.00029353134,0,challenge_10_signal_features_colab_ultra
8150,0,0.043580413,0,challenge_10_signal_features_colab_ultra
8151,0,0.00015201628,0,challenge_10_signal_features_colab_ultra
8152,0,0.01972442,0,challenge_10_signal_features_colab_ultra
8153,0,0.02043172,0,challenge_10_signal_features_colab_ultra
8154,1,0.15261735,0,challenge_10_signal_features_colab_ultra
8155,1,0.98816305,1,challenge_10_signal_features_colab_ultra
8156,0,8.752043e-05,0,challenge_10_signal_features_colab_ultra
8157,0,0.009416642,0,challenge_10_signal_features_colab_ultra
8158,0,0.029361254,0,challenge_10_signal_features_colab_ultra
8159,0,0.0025890106,0,challenge_10_signal_features_colab_ultra
8160,0,1.5021004e-06,0,challenge_10_signal_features_colab_ultra
8161,0,0.0013609161,0,challenge_10_signal_features_colab_ultra
8162,0,0.0018486873,0,challenge_10_signal_features_colab_ultra
8163,1,0.9999998,1,challenge_10_signal_features_colab_ultra
8164,0,0.96445036,1,challenge_10_signal_features_colab_ultra
8165,0,4.7342037e-05,0,challenge_10_signal_features_colab_ultra
8166,0,7.6942495e-05,0,challenge_10_signal_features_colab_ultra
8167,0,0.047468733,0,challenge_10_signal_features_colab_ultra
8168,1,0.9414534,1,challenge_10_signal_features_colab_ultra
8169,1,0.99999684,1,challenge_10_signal_features_colab_ultra
8170,0,0.015295571,0,challenge_10_signal_features_colab_ultra
8171,1,0.99668986,1,challenge_10_signal_features_colab_ultra
8172,1,0.76735854,1,challenge_10_signal_features_colab_ultra
8173,0,0.24335036,0,challenge_10_signal_features_colab_ultra
8174,0,0.005144372,0,challenge_10_signal_features_colab_ultra
8175,1,0.8658092,1,challenge_10_signal_features_colab_ultra
8176,0,0.0014628557,0,challenge_10_signal_features_colab_ultra
8177,1,0.9974528,1,challenge_10_signal_features_colab_ultra
8178,0,0.0002730119,0,challenge_10_signal_features_colab_ultra
8179,1,0.99511963,1,challenge_10_signal_features_colab_ultra
8180,0,0.03718194,0,challenge_10_signal_features_colab_ultra
8181,0,6.853644e-05,0,challenge_10_signal_features_colab_ultra
8182,1,0.9530388,1,challenge_10_signal_features_colab_ultra
8183,1,0.9999982,1,challenge_10_signal_features_colab_ultra
8184,0,1.4659225e-06,0,challenge_10_signal_features_colab_ultra
8185,1,0.90791696,1,challenge_10_signal_features_colab_ultra
8186,1,0.3840028,0,challenge_10_signal_features_colab_ultra
8187,1,0.9134712,1,challenge_10_signal_features_colab_ultra
8188,0,5.1528236e-06,0,challenge_10_signal_features_colab_ultra
8189,1,0.99454814,1,challenge_10_signal_features_colab_ultra
8190,0,5.2585403e-07,0,challenge_10_signal_features_colab_ultra
8191,0,0.0011498451,0,challenge_10_signal_features_colab_ultra
8192,0,0.0046479246,0,challenge_10_signal_features_colab_ultra
8193,1,0.97096324,1,challenge_10_signal_features_colab_ultra
8194,0,0.013948794,0,challenge_10_signal_features_colab_ultra
8195,0,0.00078314263,0,challenge_10_signal_features_colab_ultra
8196,0,0.03794164,0,challenge_10_signal_features_colab_ultra
8197,1,0.99707407,1,challenge_10_signal_features_colab_ultra
8198,1,0.9746841,1,challenge_10_signal_features_colab_ultra
8199,1,0.9342773,1,challenge_10_signal_features_colab_ultra
8200,1,0.95588624,1,challenge_10_signal_features_colab_ultra
8201,0,0.25453994,0,challenge_10_signal_features_colab_ultra
8202,1,0.1961637,0,challenge_10_signal_features_colab_ultra
8203,1,0.51766455,1,challenge_10_signal_features_colab_ultra
8204,1,0.9931191,1,challenge_10_signal_features_colab_ultra
8205,0,0.022149377,0,challenge_10_signal_features_colab_ultra
8206,0,0.020215439,0,challenge_10_signal_features_colab_ultra
8207,0,0.13094933,0,challenge_10_signal_features_colab_ultra
8208,0,0.00020711507,0,challenge_10_signal_features_colab_ultra
8209,0,0.20327593,0,challenge_10_signal_features_colab_ultra
8210,1,0.64569765,1,challenge_10_signal_features_colab_ultra
8211,0,0.2503074,0,challenge_10_signal_features_colab_ultra
8212,1,0.9969758,1,challenge_10_signal_features_colab_ultra
8213,0,0.00010127232,0,challenge_10_signal_features_colab_ultra
8214,0,0.45988494,0,challenge_10_signal_features_colab_ultra
8215,1,0.97908837,1,challenge_10_signal_features_colab_ultra
8216,0,0.009483686,0,challenge_10_signal_features_colab_ultra
8217,0,0.00021418298,0,challenge_10_signal_features_colab_ultra
8218,1,0.99999994,1,challenge_10_signal_features_colab_ultra
8219,1,0.9963055,1,challenge_10_signal_features_colab_ultra
8220,0,0.013056173,0,challenge_10_signal_features_colab_ultra
8221,0,2.0959926e-07,0,challenge_10_signal_features_colab_ultra
8222,1,0.99091524,1,challenge_10_signal_features_colab_ultra
8223,1,0.9999993,1,challenge_10_signal_features_colab_ultra
8224,1,0.9379204,1,challenge_10_signal_features_colab_ultra
8225,0,2.92988e-05,0,challenge_10_signal_features_colab_ultra
8226,1,0.9739195,1,challenge_10_signal_features_colab_ultra
8227,0,6.2668078e-06,0,challenge_10_signal_features_colab_ultra
8228,1,0.996497,1,challenge_10_signal_features_colab_ultra
8229,1,0.9880382,1,challenge_10_signal_features_colab_ultra
8230,1,0.9433028,1,challenge_10_signal_features_colab_ultra
8231,1,0.924231,1,challenge_10_signal_features_colab_ultra
8232,0,0.0049030264,0,challenge_10_signal_features_colab_ultra
8233,1,0.99367654,1,challenge_10_signal_features_colab_ultra
8234,1,0.808679,1,challenge_10_signal_features_colab_ultra
8235,1,0.9648025,1,challenge_10_signal_features_colab_ultra
8236,0,5.305854e-06,0,challenge_10_signal_features_colab_ultra
8237,0,0.006326239,0,challenge_10_signal_features_colab_ultra
8238,1,0.12711917,0,challenge_10_signal_features_colab_ultra
8239,0,1.9437358e-07,0,challenge_10_signal_features_colab_ultra
8240,1,0.9950027,1,challenge_10_signal_features_colab_ultra
8241,1,0.99220616,1,challenge_10_signal_features_colab_ultra
8242,1,0.99999684,1,challenge_10_signal_features_colab_ultra
8243,1,0.9971564,1,challenge_10_signal_features_colab_ultra
8244,1,1.0,1,challenge_10_signal_features_colab_ultra
8245,1,0.9951835,1,challenge_10_signal_features_colab_ultra
8246,0,1.4109722e-05,0,challenge_10_signal_features_colab_ultra
8247,1,0.99999064,1,challenge_10_signal_features_colab_ultra
8248,0,0.005395269,0,challenge_10_signal_features_colab_ultra
8249,0,0.0233065,0,challenge_10_signal_features_colab_ultra
8250,1,0.99211246,1,challenge_10_signal_features_colab_ultra
8251,1,0.97237414,1,challenge_10_signal_features_colab_ultra
8252,1,0.3806766,0,challenge_10_signal_features_colab_ultra
8253,1,0.99524504,1,challenge_10_signal_features_colab_ultra
8254,0,0.4011267,0,challenge_10_signal_features_colab_ultra
8255,1,0.99999183,1,challenge_10_signal_features_colab_ultra
8256,1,0.84297657,1,challenge_10_signal_features_colab_ultra
8257,1,0.9999999,1,challenge_10_signal_features_colab_ultra
8258,1,0.29335487,0,challenge_10_signal_features_colab_ultra
8259,0,1.08202855e-07,0,challenge_10_signal_features_colab_ultra
8260,0,0.009569364,0,challenge_10_signal_features_colab_ultra
8261,1,0.99537534,1,challenge_10_signal_features_colab_ultra
8262,0,0.014814153,0,challenge_10_signal_features_colab_ultra
8263,0,0.58733076,1,challenge_10_signal_features_colab_ultra
8264,0,0.52630746,1,challenge_10_signal_features_colab_ultra
8265,1,0.99578726,1,challenge_10_signal_features_colab_ultra
8266,0,0.003295975,0,challenge_10_signal_features_colab_ultra
8267,0,0.009882201,0,challenge_10_signal_features_colab_ultra
8268,0,0.33344263,0,challenge_10_signal_features_colab_ultra
8269,1,0.3321517,0,challenge_10_signal_features_colab_ultra
8270,1,0.9961638,1,challenge_10_signal_features_colab_ultra
8271,0,0.0045785005,0,challenge_10_signal_features_colab_ultra
8272,0,0.014005735,0,challenge_10_signal_features_colab_ultra
8273,1,0.9999997,1,challenge_10_signal_features_colab_ultra
8274,0,0.014371529,0,challenge_10_signal_features_colab_ultra
8275,1,0.9999832,1,challenge_10_signal_features_colab_ultra
8276,1,0.99999964,1,challenge_10_signal_features_colab_ultra
8277,0,0.00020738537,0,challenge_10_signal_features_colab_ultra
8278,1,0.824068,1,challenge_10_signal_features_colab_ultra
8279,1,0.8477432,1,challenge_10_signal_features_colab_ultra
8280,0,0.11394462,0,challenge_10_signal_features_colab_ultra
8281,0,0.0020520785,0,challenge_10_signal_features_colab_ultra
8282,1,0.5324285,1,challenge_10_signal_features_colab_ultra
8283,0,0.10719698,0,challenge_10_signal_features_colab_ultra
8284,1,0.4366791,0,challenge_10_signal_features_colab_ultra
8285,1,0.9895067,1,challenge_10_signal_features_colab_ultra
8286,0,0.006067943,0,challenge_10_signal_features_colab_ultra
8287,1,0.9954478,1,challenge_10_signal_features_colab_ultra
8288,0,4.5722786e-07,0,challenge_10_signal_features_colab_ultra
8289,0,9.146765e-06,0,challenge_10_signal_features_colab_ultra
8290,0,0.00028398578,0,challenge_10_signal_features_colab_ultra
8291,0,0.038173977,0,challenge_10_signal_features_colab_ultra
8292,0,0.0036596411,0,challenge_10_signal_features_colab_ultra
8293,0,1.0000001e-07,0,challenge_10_signal_features_colab_ultra
8294,0,1.15263865e-05,0,challenge_10_signal_features_colab_ultra
8295,1,0.9822544,1,challenge_10_signal_features_colab_ultra
8296,0,0.005411302,0,challenge_10_signal_features_colab_ultra
8297,1,0.9999977,1,challenge_10_signal_features_colab_ultra
8298,1,0.88243604,1,challenge_10_signal_features_colab_ultra
8299,0,0.0033232495,0,challenge_10_signal_features_colab_ultra
8300,1,0.50601846,1,challenge_10_signal_features_colab_ultra
8301,1,0.035610694,0,challenge_10_signal_features_colab_ultra
8302,0,0.00023119917,0,challenge_10_signal_features_colab_ultra
8303,1,0.7368515,1,challenge_10_signal_features_colab_ultra
8304,0,0.00048018145,0,challenge_10_signal_features_colab_ultra
8305,1,0.99652946,1,challenge_10_signal_features_colab_ultra
8306,0,0.083071604,0,challenge_10_signal_features_colab_ultra
8307,1,0.9668597,1,challenge_10_signal_features_colab_ultra
8308,0,0.0012847796,0,challenge_10_signal_features_colab_ultra
8309,1,0.9815344,1,challenge_10_signal_features_colab_ultra
8310,0,0.00011106081,0,challenge_10_signal_features_colab_ultra
8311,0,0.03700576,0,challenge_10_signal_features_colab_ultra
8312,1,0.9999944,1,challenge_10_signal_features_colab_ultra
8313,1,0.9999998,1,challenge_10_signal_features_colab_ultra
8314,1,0.99743295,1,challenge_10_signal_features_colab_ultra
8315,0,0.017191716,0,challenge_10_signal_features_colab_ultra
8316,0,0.20141783,0,challenge_10_signal_features_colab_ultra
8317,1,0.88243896,1,challenge_10_signal_features_colab_ultra
8318,1,0.001350176,0,challenge_10_signal_features_colab_ultra
8319,1,0.9949459,1,challenge_10_signal_features_colab_ultra
8320,1,0.8992276,1,challenge_10_signal_features_colab_ultra
8321,0,0.00031757465,0,challenge_10_signal_features_colab_ultra
8322,0,0.017343082,0,challenge_10_signal_features_colab_ultra
8323,0,0.0060025714,0,challenge_10_signal_features_colab_ultra
8324,1,0.999999,1,challenge_10_signal_features_colab_ultra
8325,1,0.92230517,1,challenge_10_signal_features_colab_ultra
8326,0,0.009707034,0,challenge_10_signal_features_colab_ultra
8327,0,0.0005165892,0,challenge_10_signal_features_colab_ultra
8328,1,0.6669663,1,challenge_10_signal_features_colab_ultra
8329,0,5.0147432e-06,0,challenge_10_signal_features_colab_ultra
8330,0,0.0039384766,0,challenge_10_signal_features_colab_ultra
8331,0,0.6452094,1,challenge_10_signal_features_colab_ultra
8332,0,3.82431e-05,0,challenge_10_signal_features_colab_ultra
8333,0,1.3169348e-05,0,challenge_10_signal_features_colab_ultra
8334,0,2.9648688e-06,0,challenge_10_signal_features_colab_ultra
8335,0,0.00081435684,0,challenge_10_signal_features_colab_ultra
8336,0,0.01133442,0,challenge_10_signal_features_colab_ultra
8337,1,0.98874474,1,challenge_10_signal_features_colab_ultra
8338,0,1.0000001e-07,0,challenge_10_signal_features_colab_ultra
8339,1,0.9999923,1,challenge_10_signal_features_colab_ultra
8340,1,0.9942355,1,challenge_10_signal_features_colab_ultra
8341,0,0.22436498,0,challenge_10_signal_features_colab_ultra
8342,0,0.008357406,0,challenge_10_signal_features_colab_ultra
8343,0,0.044465467,0,challenge_10_signal_features_colab_ultra
8344,1,0.7184865,1,challenge_10_signal_features_colab_ultra
8345,1,0.9905625,1,challenge_10_signal_features_colab_ultra
8346,0,1.2640885e-07,0,challenge_10_signal_features_colab_ultra
8347,0,0.026869342,0,challenge_10_signal_features_colab_ultra
8348,0,0.00016184706,0,challenge_10_signal_features_colab_ultra
8349,1,0.9999981,1,challenge_10_signal_features_colab_ultra
8350,0,0.7364171,1,challenge_10_signal_features_colab_ultra
8351,1,0.98333865,1,challenge_10_signal_features_colab_ultra
8352,0,0.00064742827,0,challenge_10_signal_features_colab_ultra
8353,1,0.71729326,1,challenge_10_signal_features_colab_ultra
8354,1,0.9969718,1,challenge_10_signal_features_colab_ultra
8355,1,0.98781484,1,challenge_10_signal_features_colab_ultra
8356,0,0.6374004,1,challenge_10_signal_features_colab_ultra
8357,1,0.8635959,1,challenge_10_signal_features_colab_ultra
8358,0,0.0004295528,0,challenge_10_signal_features_colab_ultra
8359,1,0.94706947,1,challenge_10_signal_features_colab_ultra
8360,1,0.38464943,0,challenge_10_signal_features_colab_ultra
8361,0,0.0016609043,0,challenge_10_signal_features_colab_ultra
8362,1,0.9750481,1,challenge_10_signal_features_colab_ultra
8363,1,0.78835386,1,challenge_10_signal_features_colab_ultra
8364,1,0.91121334,1,challenge_10_signal_features_colab_ultra
8365,1,0.9961825,1,challenge_10_signal_features_colab_ultra
8366,0,0.014624723,0,challenge_10_signal_features_colab_ultra
8367,1,0.98926115,1,challenge_10_signal_features_colab_ultra
8368,0,0.111180454,0,challenge_10_signal_features_colab_ultra
8369,1,0.9972181,1,challenge_10_signal_features_colab_ultra
8370,1,0.99999994,1,challenge_10_signal_features_colab_ultra
8371,1,0.99999756,1,challenge_10_signal_features_colab_ultra
8372,0,0.0032956465,0,challenge_10_signal_features_colab_ultra
8373,1,0.99999344,1,challenge_10_signal_features_colab_ultra
8374,1,0.99999857,1,challenge_10_signal_features_colab_ultra
8375,1,0.9828718,1,challenge_10_signal_features_colab_ultra
8376,0,0.27326682,0,challenge_10_signal_features_colab_ultra
8377,0,1.9270059e-05,0,challenge_10_signal_features_colab_ultra
8378,0,3.332614e-05,0,challenge_10_signal_features_colab_ultra
8379,0,0.030474404,0,challenge_10_signal_features_colab_ultra
8380,0,0.035056718,0,challenge_10_signal_features_colab_ultra
8381,0,0.007501185,0,challenge_10_signal_features_colab_ultra
8382,1,0.9353282,1,challenge_10_signal_features_colab_ultra
8383,1,0.99703383,1,challenge_10_signal_features_colab_ultra
8384,0,0.006211628,0,challenge_10_signal_features_colab_ultra
8385,0,0.018347122,0,challenge_10_signal_features_colab_ultra
8386,0,0.08170571,0,challenge_10_signal_features_colab_ultra
8387,1,0.9878576,1,challenge_10_signal_features_colab_ultra
8388,0,0.1332575,0,challenge_10_signal_features_colab_ultra
8389,0,0.07534732,0,challenge_10_signal_features_colab_ultra
8390,1,0.99671954,1,challenge_10_signal_features_colab_ultra
8391,1,0.999982,1,challenge_10_signal_features_colab_ultra
8392,1,0.2731612,0,challenge_10_signal_features_colab_ultra
8393,0,0.0037371658,0,challenge_10_signal_features_colab_ultra
8394,1,0.3549761,0,challenge_10_signal_features_colab_ultra
8395,0,0.106114045,0,challenge_10_signal_features_colab_ultra
8396,1,0.9888988,1,challenge_10_signal_features_colab_ultra
8397,0,0.06946142,0,challenge_10_signal_features_colab_ultra
8398,0,0.0018854538,0,challenge_10_signal_features_colab_ultra
8399,0,0.00080307026,0,challenge_10_signal_features_colab_ultra
8400,0,0.02215259,0,challenge_10_signal_features_colab_ultra
8401,1,0.92352533,1,challenge_10_signal_features_colab_ultra
8402,0,0.0054246383,0,challenge_10_signal_features_colab_ultra
8403,1,0.9958363,1,challenge_10_signal_features_colab_ultra
8404,1,0.89152676,1,challenge_10_signal_features_colab_ultra
8405,0,0.004509902,0,challenge_10_signal_features_colab_ultra
8406,0,4.6035602e-05,0,challenge_10_signal_features_colab_ultra
8407,0,0.23027432,0,challenge_10_signal_features_colab_ultra
8408,1,0.9964663,1,challenge_10_signal_features_colab_ultra
8409,0,3.2270516e-05,0,challenge_10_signal_features_colab_ultra
8410,0,0.003164403,0,challenge_10_signal_features_colab_ultra
8411,0,9.000446e-06,0,challenge_10_signal_features_colab_ultra
8412,0,0.00040692987,0,challenge_10_signal_features_colab_ultra
8413,0,1.9000306e-06,0,challenge_10_signal_features_colab_ultra
8414,1,0.9913454,1,challenge_10_signal_features_colab_ultra
8415,0,0.005279766,0,challenge_10_signal_features_colab_ultra
8416,1,0.99036807,1,challenge_10_signal_features_colab_ultra
8417,0,0.07632263,0,challenge_10_signal_features_colab_ultra
8418,1,0.78444034,1,challenge_10_signal_features_colab_ultra
8419,0,0.004878075,0,challenge_10_signal_features_colab_ultra
8420,0,1.52285775e-05,0,challenge_10_signal_features_colab_ultra
8421,1,0.97161585,1,challenge_10_signal_features_colab_ultra
8422,0,0.0046535092,0,challenge_10_signal_features_colab_ultra
8423,0,0.42595458,0,challenge_10_signal_features_colab_ultra
8424,1,0.99999464,1,challenge_10_signal_features_colab_ultra
8425,0,1.0000001e-07,0,challenge_10_signal_features_colab_ultra
8426,0,0.057684075,0,challenge_10_signal_features_colab_ultra
8427,1,0.89309454,1,challenge_10_signal_features_colab_ultra
8428,0,5.786961e-05,0,challenge_10_signal_features_colab_ultra
8429,1,0.99999964,1,challenge_10_signal_features_colab_ultra
8430,1,0.97346896,1,challenge_10_signal_features_colab_ultra
8431,0,5.7300178e-05,0,challenge_10_signal_features_colab_ultra
8432,0,0.0054756063,0,challenge_10_signal_features_colab_ultra
8433,0,3.1044526e-06,0,challenge_10_signal_features_colab_ultra
8434,1,0.9999979,1,challenge_10_signal_features_colab_ultra
8435,1,1.0,1,challenge_10_signal_features_colab_ultra
8436,1,0.9999996,1,challenge_10_signal_features_colab_ultra
8437,0,0.00012219069,0,challenge_10_signal_features_colab_ultra
8438,0,0.11295529,0,challenge_10_signal_features_colab_ultra
8439,0,3.5948004e-05,0,challenge_10_signal_features_colab_ultra
8440,0,9.2900395e-05,0,challenge_10_signal_features_colab_ultra
8441,0,0.23574416,0,challenge_10_signal_features_colab_ultra
8442,0,0.0040346547,0,challenge_10_signal_features_colab_ultra
8443,1,0.3858104,0,challenge_10_signal_features_colab_ultra
8444,0,0.5321077,1,challenge_10_signal_features_colab_ultra
8445,0,3.48684e-05,0,challenge_10_signal_features_colab_ultra
8446,1,0.86217153,1,challenge_10_signal_features_colab_ultra
8447,1,0.99226344,1,challenge_10_signal_features_colab_ultra
8448,0,0.00021518962,0,challenge_10_signal_features_colab_ultra
8449,1,0.95057136,1,challenge_10_signal_features_colab_ultra
8450,1,0.98896354,1,challenge_10_signal_features_colab_ultra
8451,0,0.006934786,0,challenge_10_signal_features_colab_ultra
8452,1,0.999998,1,challenge_10_signal_features_colab_ultra
8453,0,0.00026507064,0,challenge_10_signal_features_colab_ultra
8454,0,1.0580884e-06,0,challenge_10_signal_features_colab_ultra
8455,0,0.054493945,0,challenge_10_signal_features_colab_ultra
8456,1,0.9999991,1,challenge_10_signal_features_colab_ultra
8457,1,0.996282,1,challenge_10_signal_features_colab_ultra
8458,0,0.2572635,0,challenge_10_signal_features_colab_ultra
8459,0,0.0003992417,0,challenge_10_signal_features_colab_ultra
8460,1,0.93789935,1,challenge_10_signal_features_colab_ultra
8461,0,0.00094338343,0,challenge_10_signal_features_colab_ultra
8462,0,0.0014395303,0,challenge_10_signal_features_colab_ultra
8463,0,4.1780552e-07,0,challenge_10_signal_features_colab_ultra
8464,1,0.7632918,1,challenge_10_signal_features_colab_ultra
8465,0,0.14581929,0,challenge_10_signal_features_colab_ultra
8466,1,0.77918106,1,challenge_10_signal_features_colab_ultra
8467,1,0.94525933,1,challenge_10_signal_features_colab_ultra
8468,0,0.0035465495,0,challenge_10_signal_features_colab_ultra
8469,0,0.00025886978,0,challenge_10_signal_features_colab_ultra
8470,0,9.5113275e-05,0,challenge_10_signal_features_colab_ultra
8471,1,0.9018502,1,challenge_10_signal_features_colab_ultra
8472,0,0.0008178479,0,challenge_10_signal_features_colab_ultra
8473,0,0.0173695,0,challenge_10_signal_features_colab_ultra
8474,1,0.39282474,0,challenge_10_signal_features_colab_ultra
8475,1,0.7106298,1,challenge_10_signal_features_colab_ultra
8476,0,6.953158e-05,0,challenge_10_signal_features_colab_ultra
8477,0,1.9026918e-06,0,challenge_10_signal_features_colab_ultra
8478,0,0.026477342,0,challenge_10_signal_features_colab_ultra
8479,1,0.9911035,1,challenge_10_signal_features_colab_ultra
8480,1,0.9930945,1,challenge_10_signal_features_colab_ultra
8481,1,0.9913744,1,challenge_10_signal_features_colab_ultra
8482,1,0.97249174,1,challenge_10_signal_features_colab_ultra
8483,0,9.737728e-06,0,challenge_10_signal_features_colab_ultra
8484,0,0.00028387347,0,challenge_10_signal_features_colab_ultra
8485,0,0.0026253667,0,challenge_10_signal_features_colab_ultra
8486,0,0.003133775,0,challenge_10_signal_features_colab_ultra
8487,0,0.010968591,0,challenge_10_signal_features_colab_ultra
8488,0,1.227822e-05,0,challenge_10_signal_features_colab_ultra
8489,1,0.983559,1,challenge_10_signal_features_colab_ultra
8490,1,0.99541503,1,challenge_10_signal_features_colab_ultra
8491,1,0.9961121,1,challenge_10_signal_features_colab_ultra
8492,0,0.6958907,1,challenge_10_signal_features_colab_ultra
8493,1,0.9516402,1,challenge_10_signal_features_colab_ultra
8494,1,0.9999977,1,challenge_10_signal_features_colab_ultra
8495,1,0.9862224,1,challenge_10_signal_features_colab_ultra
8496,1,0.9905828,1,challenge_10_signal_features_colab_ultra
8497,1,0.9999817,1,challenge_10_signal_features_colab_ultra
8498,0,0.4015806,0,challenge_10_signal_features_colab_ultra
8499,0,0.013633148,0,challenge_10_signal_features_colab_ultra
8500,1,0.9920261,1,challenge_10_signal_features_colab_ultra
8501,0,0.0032670074,0,challenge_10_signal_features_colab_ultra
8502,0,0.0031793022,0,challenge_10_signal_features_colab_ultra
8503,1,0.99599695,1,challenge_10_signal_features_colab_ultra
8504,1,0.9536842,1,challenge_10_signal_features_colab_ultra
8505,0,0.016774025,0,challenge_10_signal_features_colab_ultra
8506,1,0.9850056,1,challenge_10_signal_features_colab_ultra
8507,1,0.7756694,1,challenge_10_signal_features_colab_ultra
8508,1,0.9945289,1,challenge_10_signal_features_colab_ultra
8509,1,0.861445,1,challenge_10_signal_features_colab_ultra
8510,1,0.9507742,1,challenge_10_signal_features_colab_ultra
8511,1,0.85348666,1,challenge_10_signal_features_colab_ultra
8512,0,0.028649414,0,challenge_10_signal_features_colab_ultra
8513,0,0.00097562076,0,challenge_10_signal_features_colab_ultra
8514,0,1.016566e-05,0,challenge_10_signal_features_colab_ultra
8515,1,0.9958175,1,challenge_10_signal_features_colab_ultra
8516,1,0.9903905,1,challenge_10_signal_features_colab_ultra
8517,0,8.148969e-05,0,challenge_10_signal_features_colab_ultra
8518,1,0.89922756,1,challenge_10_signal_features_colab_ultra
8519,0,0.0013774399,0,challenge_10_signal_features_colab_ultra
8520,1,0.77193624,1,challenge_10_signal_features_colab_ultra
8521,1,0.9933302,1,challenge_10_signal_features_colab_ultra
8522,0,4.2694028e-05,0,challenge_10_signal_features_colab_ultra
8523,0,0.081144266,0,challenge_10_signal_features_colab_ultra
8524,1,0.9999984,1,challenge_10_signal_features_colab_ultra
8525,1,0.9781488,1,challenge_10_signal_features_colab_ultra
8526,1,0.9760627,1,challenge_10_signal_features_colab_ultra
8527,1,0.9902401,1,challenge_10_signal_features_colab_ultra
8528,1,0.99559265,1,challenge_10_signal_features_colab_ultra
8529,0,0.00018621402,0,challenge_10_signal_features_colab_ultra
8530,0,0.13256347,0,challenge_10_signal_features_colab_ultra
8531,1,0.84279627,1,challenge_10_signal_features_colab_ultra
8532,1,0.98246497,1,challenge_10_signal_features_colab_ultra
8533,1,0.9254833,1,challenge_10_signal_features_colab_ultra
8534,0,5.341099e-06,0,challenge_10_signal_features_colab_ultra
8535,0,0.005215144,0,challenge_10_signal_features_colab_ultra
8536,1,0.9807257,1,challenge_10_signal_features_colab_ultra
8537,1,0.25588897,0,challenge_10_signal_features_colab_ultra
8538,1,0.96033216,1,challenge_10_signal_features_colab_ultra
8539,1,0.141333,0,challenge_10_signal_features_colab_ultra
8540,1,0.9999925,1,challenge_10_signal_features_colab_ultra
8541,1,0.98718566,1,challenge_10_signal_features_colab_ultra
8542,0,0.0043147155,0,challenge_10_signal_features_colab_ultra
8543,0,0.10777413,0,challenge_10_signal_features_colab_ultra
8544,1,0.9831987,1,challenge_10_signal_features_colab_ultra
8545,1,0.99999714,1,challenge_10_signal_features_colab_ultra
8546,0,0.109130956,0,challenge_10_signal_features_colab_ultra
8547,0,0.07975226,0,challenge_10_signal_features_colab_ultra
8548,1,0.9999858,1,challenge_10_signal_features_colab_ultra
8549,0,0.0020457963,0,challenge_10_signal_features_colab_ultra
8550,1,0.01183169,0,challenge_10_signal_features_colab_ultra
8551,0,0.00025493396,0,challenge_10_signal_features_colab_ultra
8552,1,0.9624206,1,challenge_10_signal_features_colab_ultra
8553,1,0.9421788,1,challenge_10_signal_features_colab_ultra
8554,1,0.9999999,1,challenge_10_signal_features_colab_ultra
8555,0,0.008776589,0,challenge_10_signal_features_colab_ultra
8556,0,0.002110779,0,challenge_10_signal_features_colab_ultra
8557,0,0.007853677,0,challenge_10_signal_features_colab_ultra
8558,0,5.0468825e-05,0,challenge_10_signal_features_colab_ultra
8559,0,0.0002680011,0,challenge_10_signal_features_colab_ultra
8560,0,0.0002334413,0,challenge_10_signal_features_colab_ultra
8561,0,0.98441786,1,challenge_10_signal_features_colab_ultra
8562,1,0.9353557,1,challenge_10_signal_features_colab_ultra
8563,0,0.002326826,0,challenge_10_signal_features_colab_ultra
8564,1,0.9851196,1,challenge_10_signal_features_colab_ultra
8565,0,0.0002762275,0,challenge_10_signal_features_colab_ultra
8566,0,0.004703972,0,challenge_10_signal_features_colab_ultra
8567,1,0.9999955,1,challenge_10_signal_features_colab_ultra
8568,0,0.063532844,0,challenge_10_signal_features_colab_ultra
8569,1,0.8787937,1,challenge_10_signal_features_colab_ultra
8570,0,8.844315e-05,0,challenge_10_signal_features_colab_ultra
8571,1,0.99999976,1,challenge_10_signal_features_colab_ultra
8572,0,0.00024264662,0,challenge_10_signal_features_colab_ultra
8573,1,0.79345363,1,challenge_10_signal_features_colab_ultra
8574,1,0.51411134,1,challenge_10_signal_features_colab_ultra
8575,1,0.9951605,1,challenge_10_signal_features_colab_ultra
8576,0,2.0941445e-05,0,challenge_10_signal_features_colab_ultra
8577,1,0.92710644,1,challenge_10_signal_features_colab_ultra
8578,0,0.0029292644,0,challenge_10_signal_features_colab_ultra
8579,0,1.901778e-07,0,challenge_10_signal_features_colab_ultra
8580,1,0.94085234,1,challenge_10_signal_features_colab_ultra
8581,1,0.7668563,1,challenge_10_signal_features_colab_ultra
8582,1,0.91910744,1,challenge_10_signal_features_colab_ultra
8583,0,0.0012782749,0,challenge_10_signal_features_colab_ultra
8584,1,0.9999985,1,challenge_10_signal_features_colab_ultra
8585,1,0.49285835,0,challenge_10_signal_features_colab_ultra
8586,0,0.00080202863,0,challenge_10_signal_features_colab_ultra
8587,1,0.98800325,1,challenge_10_signal_features_colab_ultra
8588,1,0.9957134,1,challenge_10_signal_features_colab_ultra
8589,0,1.9771189e-05,0,challenge_10_signal_features_colab_ultra
8590,1,0.99999994,1,challenge_10_signal_features_colab_ultra
8591,0,0.04489358,0,challenge_10_signal_features_colab_ultra
8592,1,0.9897201,1,challenge_10_signal_features_colab_ultra
8593,0,0.052244578,0,challenge_10_signal_features_colab_ultra
8594,0,4.5486786e-06,0,challenge_10_signal_features_colab_ultra
8595,0,0.0034578254,0,challenge_10_signal_features_colab_ultra
8596,0,0.0009860704,0,challenge_10_signal_features_colab_ultra
8597,0,0.014069484,0,challenge_10_signal_features_colab_ultra
8598,1,0.9753636,1,challenge_10_signal_features_colab_ultra
8599,0,0.000277846,0,challenge_10_signal_features_colab_ultra
8600,1,0.96968406,1,challenge_10_signal_features_colab_ultra
8601,1,0.896554,1,challenge_10_signal_features_colab_ultra
8602,1,0.24818805,0,challenge_10_signal_features_colab_ultra
8603,0,0.020395737,0,challenge_10_signal_features_colab_ultra
8604,0,0.009747089,0,challenge_10_signal_features_colab_ultra
8605,1,0.9493154,1,challenge_10_signal_features_colab_ultra
8606,1,0.7852987,1,challenge_10_signal_features_colab_ultra
8607,1,0.98454154,1,challenge_10_signal_features_colab_ultra
8608,1,0.098080344,0,challenge_10_signal_features_colab_ultra
8609,1,0.97210544,1,challenge_10_signal_features_colab_ultra
8610,1,0.9687908,1,challenge_10_signal_features_colab_ultra
8611,1,0.98119813,1,challenge_10_signal_features_colab_ultra
8612,1,0.9901026,1,challenge_10_signal_features_colab_ultra
8613,0,0.10001904,0,challenge_10_signal_features_colab_ultra
8614,0,0.023159336,0,challenge_10_signal_features_colab_ultra
8615,0,0.12140952,0,challenge_10_signal_features_colab_ultra
8616,1,0.9038327,1,challenge_10_signal_features_colab_ultra
8617,0,0.16133793,0,challenge_10_signal_features_colab_ultra
8618,0,0.7099908,1,challenge_10_signal_features_colab_ultra
8619,0,0.77591,1,challenge_10_signal_features_colab_ultra
8620,1,0.99335736,1,challenge_10_signal_features_colab_ultra
8621,1,0.9609221,1,challenge_10_signal_features_colab_ultra
8622,0,0.002089907,0,challenge_10_signal_features_colab_ultra
8623,1,0.3893239,0,challenge_10_signal_features_colab_ultra
8624,0,2.3538772e-05,0,challenge_10_signal_features_colab_ultra
8625,0,1.9137615e-06,0,challenge_10_signal_features_colab_ultra
8626,0,2.8037593e-05,0,challenge_10_signal_features_colab_ultra
8627,0,0.0033497426,0,challenge_10_signal_features_colab_ultra
8628,0,0.05958284,0,challenge_10_signal_features_colab_ultra
8629,0,0.15620428,0,challenge_10_signal_features_colab_ultra
8630,1,0.986144,1,challenge_10_signal_features_colab_ultra
8631,1,0.9999998,1,challenge_10_signal_features_colab_ultra
8632,0,1.0000001e-07,0,challenge_10_signal_features_colab_ultra
8633,1,0.29221734,0,challenge_10_signal_features_colab_ultra
8634,0,0.013711207,0,challenge_10_signal_features_colab_ultra
8635,0,0.00045960807,0,challenge_10_signal_features_colab_ultra
8636,1,0.98441267,1,challenge_10_signal_features_colab_ultra
8637,1,0.9973787,1,challenge_10_signal_features_colab_ultra
8638,0,0.0065720845,0,challenge_10_signal_features_colab_ultra
8639,0,0.76563305,1,challenge_10_signal_features_colab_ultra
8640,1,0.9820526,1,challenge_10_signal_features_colab_ultra
8641,1,0.76888055,1,challenge_10_signal_features_colab_ultra
8642,0,0.0010444212,0,challenge_10_signal_features_colab_ultra
8643,0,0.19875593,0,challenge_10_signal_features_colab_ultra
8644,1,0.99999374,1,challenge_10_signal_features_colab_ultra
8645,1,0.9723001,1,challenge_10_signal_features_colab_ultra
8646,1,0.98579115,1,challenge_10_signal_features_colab_ultra
8647,1,1.0,1,challenge_10_signal_features_colab_ultra
8648,1,0.98488677,1,challenge_10_signal_features_colab_ultra
8649,1,0.9999895,1,challenge_10_signal_features_colab_ultra
8650,1,0.9777617,1,challenge_10_signal_features_colab_ultra
8651,0,0.0004073766,0,challenge_10_signal_features_colab_ultra
8652,1,0.8450722,1,challenge_10_signal_features_colab_ultra
8653,0,0.0060154735,0,challenge_10_signal_features_colab_ultra
8654,1,0.9999997,1,challenge_10_signal_features_colab_ultra
8655,0,0.000103089405,0,challenge_10_signal_features_colab_ultra
8656,0,0.0041144122,0,challenge_10_signal_features_colab_ultra
8657,0,1.0675762e-05,0,challenge_10_signal_features_colab_ultra
8658,0,0.016553892,0,challenge_10_signal_features_colab_ultra
8659,1,0.93784934,1,challenge_10_signal_features_colab_ultra
8660,0,0.023210237,0,challenge_10_signal_features_colab_ultra
8661,1,1.0,1,challenge_10_signal_features_colab_ultra
8662,1,0.99999005,1,challenge_10_signal_features_colab_ultra
8663,1,0.9999809,1,challenge_10_signal_features_colab_ultra
8664,1,0.99999833,1,challenge_10_signal_features_colab_ultra
8665,0,0.6475288,1,challenge_10_signal_features_colab_ultra
8666,0,0.003639958,0,challenge_10_signal_features_colab_ultra
8667,0,0.3570486,0,challenge_10_signal_features_colab_ultra
8668,0,0.90915364,1,challenge_10_signal_features_colab_ultra
8669,0,0.02440432,0,challenge_10_signal_features_colab_ultra
8670,0,0.10158138,0,challenge_10_signal_features_colab_ultra
8671,1,0.77694595,1,challenge_10_signal_features_colab_ultra
8672,0,0.0052507645,0,challenge_10_signal_features_colab_ultra
8673,1,0.9999921,1,challenge_10_signal_features_colab_ultra
8674,0,0.0004942452,0,challenge_10_signal_features_colab_ultra
8675,0,0.0009707549,0,challenge_10_signal_features_colab_ultra
8676,0,0.006043887,0,challenge_10_signal_features_colab_ultra
8677,0,0.7455133,1,challenge_10_signal_features_colab_ultra
8678,1,0.9999996,1,challenge_10_signal_features_colab_ultra
8679,1,0.6405155,1,challenge_10_signal_features_colab_ultra
8680,0,0.0017286047,0,challenge_10_signal_features_colab_ultra
8681,1,0.99999994,1,challenge_10_signal_features_colab_ultra
8682,1,0.91766477,1,challenge_10_signal_features_colab_ultra
8683,0,0.0016952438,0,challenge_10_signal_features_colab_ultra
8684,0,4.4714747e-05,0,challenge_10_signal_features_colab_ultra
8685,1,0.988204,1,challenge_10_signal_features_colab_ultra
8686,1,0.9967492,1,challenge_10_signal_features_colab_ultra
8687,1,0.9814834,1,challenge_10_signal_features_colab_ultra
8688,1,0.63685,1,challenge_10_signal_features_colab_ultra
8689,0,0.0018123608,0,challenge_10_signal_features_colab_ultra
8690,1,0.9999966,1,challenge_10_signal_features_colab_ultra
8691,1,1.0,1,challenge_10_signal_features_colab_ultra
8692,0,0.0019303029,0,challenge_10_signal_features_colab_ultra
8693,1,0.98284405,1,challenge_10_signal_features_colab_ultra
8694,1,0.59720254,1,challenge_10_signal_features_colab_ultra
8695,1,0.99601555,1,challenge_10_signal_features_colab_ultra
8696,0,2.4134346e-05,0,challenge_10_signal_features_colab_ultra
8697,0,0.041649234,0,challenge_10_signal_features_colab_ultra
8698,0,0.026716536,0,challenge_10_signal_features_colab_ultra
8699,1,0.9968399,1,challenge_10_signal_features_colab_ultra
8700,0,0.008614196,0,challenge_10_signal_features_colab_ultra
8701,0,2.8378674e-05,0,challenge_10_signal_features_colab_ultra
8702,1,0.9999867,1,challenge_10_signal_features_colab_ultra
8703,1,0.75004804,1,challenge_10_signal_features_colab_ultra
8704,1,0.99363273,1,challenge_10_signal_features_colab_ultra
8705,1,0.94099236,1,challenge_10_signal_features_colab_ultra
8706,0,0.0063568624,0,challenge_10_signal_features_colab_ultra
8707,1,0.9999997,1,challenge_10_signal_features_colab_ultra
8708,0,0.076730445,0,challenge_10_signal_features_colab_ultra
8709,0,0.000101450496,0,challenge_10_signal_features_colab_ultra
8710,1,0.9957247,1,challenge_10_signal_features_colab_ultra
8711,0,0.022885453,0,challenge_10_signal_features_colab_ultra
8712,1,0.9362703,1,challenge_10_signal_features_colab_ultra
8713,1,0.9999991,1,challenge_10_signal_features_colab_ultra
8714,1,0.64697146,1,challenge_10_signal_features_colab_ultra
8715,1,0.9015242,1,challenge_10_signal_features_colab_ultra
8716,0,0.014854084,0,challenge_10_signal_features_colab_ultra
8717,1,0.92418694,1,challenge_10_signal_features_colab_ultra
8718,1,0.99390846,1,challenge_10_signal_features_colab_ultra
8719,0,0.18831526,0,challenge_10_signal_features_colab_ultra
8720,0,0.0010651455,0,challenge_10_signal_features_colab_ultra
8721,0,0.4299477,0,challenge_10_signal_features_colab_ultra
8722,0,2.2885852e-05,0,challenge_10_signal_features_colab_ultra
8723,1,0.99998546,1,challenge_10_signal_features_colab_ultra
8724,1,0.9701289,1,challenge_10_signal_features_colab_ultra
8725,0,0.32202178,0,challenge_10_signal_features_colab_ultra
8726,0,0.04994582,0,challenge_10_signal_features_colab_ultra
8727,1,0.9779092,1,challenge_10_signal_features_colab_ultra
8728,0,0.85187715,1,challenge_10_signal_features_colab_ultra
8729,0,0.23070374,0,challenge_10_signal_features_colab_ultra
8730,1,0.26726878,0,challenge_10_signal_features_colab_ultra
8731,0,0.0012507542,0,challenge_10_signal_features_colab_ultra
8732,0,0.00027646052,0,challenge_10_signal_features_colab_ultra
8733,1,0.9823317,1,challenge_10_signal_features_colab_ultra
8734,0,0.0017810481,0,challenge_10_signal_features_colab_ultra
8735,0,0.00577717,0,challenge_10_signal_features_colab_ultra
8736,1,0.9550096,1,challenge_10_signal_features_colab_ultra
8737,1,0.9916149,1,challenge_10_signal_features_colab_ultra
8738,0,0.0004207486,0,challenge_10_signal_features_colab_ultra
8739,0,0.00080681697,0,challenge_10_signal_features_colab_ultra
8740,1,0.9503177,1,challenge_10_signal_features_colab_ultra
8741,0,0.01563085,0,challenge_10_signal_features_colab_ultra
8742,0,5.1461393e-05,0,challenge_10_signal_features_colab_ultra
8743,1,0.8486318,1,challenge_10_signal_features_colab_ultra
8744,0,0.018558238,0,challenge_10_signal_features_colab_ultra
8745,0,0.0336363,0,challenge_10_signal_features_colab_ultra
8746,1,0.5620926,1,challenge_10_signal_features_colab_ultra
8747,1,0.9936132,1,challenge_10_signal_features_colab_ultra
8748,0,0.0037388697,0,challenge_10_signal_features_colab_ultra
8749,1,0.99592626,1,challenge_10_signal_features_colab_ultra
8750,1,0.89151806,1,challenge_10_signal_features_colab_ultra
8751,1,0.8246783,1,challenge_10_signal_features_colab_ultra
8752,0,1.7690406e-06,0,challenge_10_signal_features_colab_ultra
8753,0,0.022245519,0,challenge_10_signal_features_colab_ultra
8754,0,4.5601384e-05,0,challenge_10_signal_features_colab_ultra
8755,1,0.9250361,1,challenge_10_signal_features_colab_ultra
8756,0,0.0078741005,0,challenge_10_signal_features_colab_ultra
8757,0,2.5396132e-06,0,challenge_10_signal_features_colab_ultra
8758,0,0.017681465,0,challenge_10_signal_features_colab_ultra
8759,1,0.99999183,1,challenge_10_signal_features_colab_ultra
8760,1,0.88349414,1,challenge_10_signal_features_colab_ultra
8761,1,0.9485381,1,challenge_10_signal_features_colab_ultra
8762,0,0.0009175985,0,challenge_10_signal_features_colab_ultra
8763,0,0.8951765,1,challenge_10_signal_features_colab_ultra
8764,0,0.20990904,0,challenge_10_signal_features_colab_ultra
8765,0,0.5,1,challenge_10_signal_features_colab_ultra
8766,0,0.0013740356,0,challenge_10_signal_features_colab_ultra
8767,1,0.9954764,1,challenge_10_signal_features_colab_ultra
8768,0,8.532773e-06,0,challenge_10_signal_features_colab_ultra
8769,1,0.17921285,0,challenge_10_signal_features_colab_ultra
8770,0,0.011349853,0,challenge_10_signal_features_colab_ultra
8771,1,0.98631626,1,challenge_10_signal_features_colab_ultra
8772,1,0.92927,1,challenge_10_signal_features_colab_ultra
8773,1,0.9958968,1,challenge_10_signal_features_colab_ultra
8774,0,0.7287985,1,challenge_10_signal_features_colab_ultra
8775,0,0.0022508728,0,challenge_10_signal_features_colab_ultra
8776,1,0.95263875,1,challenge_10_signal_features_colab_ultra
8777,1,0.99999976,1,challenge_10_signal_features_colab_ultra
8778,0,0.0027061456,0,challenge_10_signal_features_colab_ultra
8779,1,0.94848883,1,challenge_10_signal_features_colab_ultra
8780,1,0.9120874,1,challenge_10_signal_features_colab_ultra
8781,1,0.97104436,1,challenge_10_signal_features_colab_ultra
8782,0,0.003193065,0,challenge_10_signal_features_colab_ultra
8783,1,0.9999812,1,challenge_10_signal_features_colab_ultra
8784,0,2.0438918e-06,0,challenge_10_signal_features_colab_ultra
8785,1,0.99328214,1,challenge_10_signal_features_colab_ultra
8786,1,0.9999997,1,challenge_10_signal_features_colab_ultra
8787,1,0.4780671,0,challenge_10_signal_features_colab_ultra
8788,0,2.9505494e-05,0,challenge_10_signal_features_colab_ultra
8789,0,0.0022007436,0,challenge_10_signal_features_colab_ultra
8790,1,0.99046624,1,challenge_10_signal_features_colab_ultra
8791,0,0.04144005,0,challenge_10_signal_features_colab_ultra
8792,1,0.9843605,1,challenge_10_signal_features_colab_ultra
8793,1,0.99999094,1,challenge_10_signal_features_colab_ultra
8794,0,0.0962593,0,challenge_10_signal_features_colab_ultra
8795,1,0.99590904,1,challenge_10_signal_features_colab_ultra
8796,1,1.0,1,challenge_10_signal_features_colab_ultra
8797,0,8.774644e-05,0,challenge_10_signal_features_colab_ultra
8798,1,0.9519722,1,challenge_10_signal_features_colab_ultra
8799,0,0.16226178,0,challenge_10_signal_features_colab_ultra
8800,0,4.3408986e-06,0,challenge_10_signal_features_colab_ultra
8801,1,0.88692594,1,challenge_10_signal_features_colab_ultra
8802,0,0.012965561,0,challenge_10_signal_features_colab_ultra
8803,1,0.99998695,1,challenge_10_signal_features_colab_ultra
8804,1,0.86456513,1,challenge_10_signal_features_colab_ultra
8805,0,0.0057350546,0,challenge_10_signal_features_colab_ultra
8806,0,0.0044626375,0,challenge_10_signal_features_colab_ultra
8807,0,0.019432575,0,challenge_10_signal_features_colab_ultra
8808,0,0.00030479967,0,challenge_10_signal_features_colab_ultra
8809,0,0.0011834425,0,challenge_10_signal_features_colab_ultra
8810,1,0.99999475,1,challenge_10_signal_features_colab_ultra
8811,1,0.74249,1,challenge_10_signal_features_colab_ultra
8812,1,0.99616516,1,challenge_10_signal_features_colab_ultra
8813,0,0.024941085,0,challenge_10_signal_features_colab_ultra
8814,0,5.2292654e-07,0,challenge_10_signal_features_colab_ultra
8815,0,0.018797867,0,challenge_10_signal_features_colab_ultra
8816,1,0.9999921,1,challenge_10_signal_features_colab_ultra
8817,0,0.0036484427,0,challenge_10_signal_features_colab_ultra
8818,0,0.02312467,0,challenge_10_signal_features_colab_ultra
8819,1,0.99734735,1,challenge_10_signal_features_colab_ultra
8820,0,0.00077258074,0,challenge_10_signal_features_colab_ultra
8821,0,7.692558e-07,0,challenge_10_signal_features_colab_ultra
8822,0,0.00077029015,0,challenge_10_signal_features_colab_ultra
8823,0,0.08153121,0,challenge_10_signal_features_colab_ultra
8824,1,0.9170574,1,challenge_10_signal_features_colab_ultra
8825,1,0.99690735,1,challenge_10_signal_features_colab_ultra
8826,1,0.99414885,1,challenge_10_signal_features_colab_ultra
8827,0,0.0019727172,0,challenge_10_signal_features_colab_ultra
8828,1,0.99999696,1,challenge_10_signal_features_colab_ultra
8829,0,0.00089834566,0,challenge_10_signal_features_colab_ultra
8830,1,0.9974102,1,challenge_10_signal_features_colab_ultra
8831,1,0.98696405,1,challenge_10_signal_features_colab_ultra
8832,0,0.0027809513,0,challenge_10_signal_features_colab_ultra
8833,1,0.19183606,0,challenge_10_signal_features_colab_ultra
8834,1,0.45299366,0,challenge_10_signal_features_colab_ultra
8835,1,0.99527735,1,challenge_10_signal_features_colab_ultra
8836,1,0.9618447,1,challenge_10_signal_features_colab_ultra
8837,0,0.0011111113,0,challenge_10_signal_features_colab_ultra
8838,1,0.9999968,1,challenge_10_signal_features_colab_ultra
8839,1,0.97518474,1,challenge_10_signal_features_colab_ultra
8840,1,0.99396884,1,challenge_10_signal_features_colab_ultra
8841,1,0.722975,1,challenge_10_signal_features_colab_ultra
8842,1,0.99335915,1,challenge_10_signal_features_colab_ultra
8843,0,0.007822393,0,challenge_10_signal_features_colab_ultra
8844,0,0.0011389863,0,challenge_10_signal_features_colab_ultra
8845,1,0.99582887,1,challenge_10_signal_features_colab_ultra
8846,0,0.48132554,0,challenge_10_signal_features_colab_ultra
8847,0,0.14001028,0,challenge_10_signal_features_colab_ultra
8848,1,0.85299,1,challenge_10_signal_features_colab_ultra
8849,0,0.26186687,0,challenge_10_signal_features_colab_ultra
8850,1,0.9932756,1,challenge_10_signal_features_colab_ultra
8851,1,0.93968594,1,challenge_10_signal_features_colab_ultra
8852,0,1.8129916e-05,0,challenge_10_signal_features_colab_ultra
8853,0,0.0006961894,0,challenge_10_signal_features_colab_ultra
8854,0,0.0028935324,0,challenge_10_signal_features_colab_ultra
8855,1,0.9910747,1,challenge_10_signal_features_colab_ultra
8856,1,0.99662125,1,challenge_10_signal_features_colab_ultra
8857,0,0.020313235,0,challenge_10_signal_features_colab_ultra
8858,1,0.9272612,1,challenge_10_signal_features_colab_ultra
8859,1,0.9569156,1,challenge_10_signal_features_colab_ultra
8860,1,0.9026999,1,challenge_10_signal_features_colab_ultra
8861,0,0.0021056088,0,challenge_10_signal_features_colab_ultra
8862,1,0.9673008,1,challenge_10_signal_features_colab_ultra
8863,0,0.13983867,0,challenge_10_signal_features_colab_ultra
8864,1,0.043446578,0,challenge_10_signal_features_colab_ultra
8865,1,0.2726273,0,challenge_10_signal_features_colab_ultra
8866,0,0.0001403173,0,challenge_10_signal_features_colab_ultra
8867,1,0.9999994,1,challenge_10_signal_features_colab_ultra
8868,1,0.8657254,1,challenge_10_signal_features_colab_ultra
8869,0,0.016324794,0,challenge_10_signal_features_colab_ultra
8870,0,0.00034844616,0,challenge_10_signal_features_colab_ultra
8871,0,0.0043309224,0,challenge_10_signal_features_colab_ultra
8872,0,2.6450693e-06,0,challenge_10_signal_features_colab_ultra
8873,1,0.26300642,0,challenge_10_signal_features_colab_ultra
8874,0,0.18667862,0,challenge_10_signal_features_colab_ultra
8875,0,0.241833,0,challenge_10_signal_features_colab_ultra
8876,0,0.007435035,0,challenge_10_signal_features_colab_ultra
8877,0,0.061803903,0,challenge_10_signal_features_colab_ultra
8878,0,0.0011510514,0,challenge_10_signal_features_colab_ultra
8879,0,6.114e-06,0,challenge_10_signal_features_colab_ultra
8880,0,0.003903464,0,challenge_10_signal_features_colab_ultra
8881,0,0.0008412958,0,challenge_10_signal_features_colab_ultra
8882,1,0.9860032,1,challenge_10_signal_features_colab_ultra
8883,1,0.99999917,1,challenge_10_signal_features_colab_ultra
8884,0,0.0016505221,0,challenge_10_signal_features_colab_ultra
8885,1,0.7294985,1,challenge_10_signal_features_colab_ultra
8886,1,0.99999964,1,challenge_10_signal_features_colab_ultra
8887,1,0.99999815,1,challenge_10_signal_features_colab_ultra
8888,1,0.916381,1,challenge_10_signal_features_colab_ultra
8889,1,0.7284838,1,challenge_10_signal_features_colab_ultra
8890,1,0.4727215,0,challenge_10_signal_features_colab_ultra
8891,1,0.88568574,1,challenge_10_signal_features_colab_ultra
8892,1,0.9536727,1,challenge_10_signal_features_colab_ultra
8893,1,0.9999928,1,challenge_10_signal_features_colab_ultra
8894,1,0.9999895,1,challenge_10_signal_features_colab_ultra
8895,0,0.0008965725,0,challenge_10_signal_features_colab_ultra
8896,0,0.0013567632,0,challenge_10_signal_features_colab_ultra
8897,1,0.98653406,1,challenge_10_signal_features_colab_ultra
8898,0,0.4316104,0,challenge_10_signal_features_colab_ultra
8899,1,0.99999946,1,challenge_10_signal_features_colab_ultra
8900,0,0.022068433,0,challenge_10_signal_features_colab_ultra
8901,1,0.91814935,1,challenge_10_signal_features_colab_ultra
8902,1,0.9999827,1,challenge_10_signal_features_colab_ultra
8903,0,0.030126365,0,challenge_10_signal_features_colab_ultra
8904,1,0.9869922,1,challenge_10_signal_features_colab_ultra
8905,0,0.0026357702,0,challenge_10_signal_features_colab_ultra
8906,1,0.9999999,1,challenge_10_signal_features_colab_ultra
8907,0,0.004930929,0,challenge_10_signal_features_colab_ultra
8908,0,1.0000001e-07,0,challenge_10_signal_features_colab_ultra
8909,1,0.9960352,1,challenge_10_signal_features_colab_ultra
8910,0,1.49655525e-05,0,challenge_10_signal_features_colab_ultra
8911,1,0.9955952,1,challenge_10_signal_features_colab_ultra
8912,0,0.8173919,1,challenge_10_signal_features_colab_ultra
8913,0,0.0006302461,0,challenge_10_signal_features_colab_ultra
8914,1,0.47928578,0,challenge_10_signal_features_colab_ultra
8915,1,0.96847403,1,challenge_10_signal_features_colab_ultra
8916,1,0.99684024,1,challenge_10_signal_features_colab_ultra
8917,1,0.99637824,1,challenge_10_signal_features_colab_ultra
8918,0,0.011197647,0,challenge_10_signal_features_colab_ultra
8919,1,0.9999991,1,challenge_10_signal_features_colab_ultra
8920,0,0.010690416,0,challenge_10_signal_features_colab_ultra
8921,0,0.0014278878,0,challenge_10_signal_features_colab_ultra
8922,0,0.024602741,0,challenge_10_signal_features_colab_ultra
8923,1,0.8886803,1,challenge_10_signal_features_colab_ultra
8924,0,0.0012097948,0,challenge_10_signal_features_colab_ultra
8925,1,0.9779205,1,challenge_10_signal_features_colab_ultra
8926,1,0.9999945,1,challenge_10_signal_features_colab_ultra
8927,1,0.9874557,1,challenge_10_signal_features_colab_ultra
8928,1,0.9999993,1,challenge_10_signal_features_colab_ultra
8929,0,2.3185847e-05,0,challenge_10_signal_features_colab_ultra
8930,1,0.98587966,1,challenge_10_signal_features_colab_ultra
8931,1,0.99999154,1,challenge_10_signal_features_colab_ultra
8932,1,0.96951604,1,challenge_10_signal_features_colab_ultra
8933,0,0.040976763,0,challenge_10_signal_features_colab_ultra
8934,0,0.5801634,1,challenge_10_signal_features_colab_ultra
8935,1,0.9999992,1,challenge_10_signal_features_colab_ultra
8936,1,0.93009615,1,challenge_10_signal_features_colab_ultra
8937,1,0.8511619,1,challenge_10_signal_features_colab_ultra
8938,1,0.9615898,1,challenge_10_signal_features_colab_ultra
8939,1,0.92164105,1,challenge_10_signal_features_colab_ultra
8940,0,0.00026204067,0,challenge_10_signal_features_colab_ultra
8941,1,0.75704,1,challenge_10_signal_features_colab_ultra
8942,1,0.9958401,1,challenge_10_signal_features_colab_ultra
8943,1,0.99384993,1,challenge_10_signal_features_colab_ultra
8944,1,0.99634093,1,challenge_10_signal_features_colab_ultra
8945,1,0.99999774,1,challenge_10_signal_features_colab_ultra
8946,1,0.99173206,1,challenge_10_signal_features_colab_ultra
8947,0,0.004291088,0,challenge_10_signal_features_colab_ultra
8948,0,0.00036942,0,challenge_10_signal_features_colab_ultra
8949,0,0.00063649926,0,challenge_10_signal_features_colab_ultra
8950,1,0.99175256,1,challenge_10_signal_features_colab_ultra
8951,0,0.00026900525,0,challenge_10_signal_features_colab_ultra
8952,0,0.2897772,0,challenge_10_signal_features_colab_ultra
8953,1,0.9999989,1,challenge_10_signal_features_colab_ultra
8954,1,0.9658052,1,challenge_10_signal_features_colab_ultra
8955,0,0.0001943183,0,challenge_10_signal_features_colab_ultra
8956,0,6.87136e-05,0,challenge_10_signal_features_colab_ultra
8957,1,0.91170955,1,challenge_10_signal_features_colab_ultra
8958,0,0.00237638,0,challenge_10_signal_features_colab_ultra
8959,1,0.14186172,0,challenge_10_signal_features_colab_ultra
8960,1,0.9134886,1,challenge_10_signal_features_colab_ultra
8961,0,0.050564006,0,challenge_10_signal_features_colab_ultra
8962,0,0.11393405,0,challenge_10_signal_features_colab_ultra
8963,1,0.9778845,1,challenge_10_signal_features_colab_ultra
8964,1,0.99999946,1,challenge_10_signal_features_colab_ultra
8965,1,0.9859122,1,challenge_10_signal_features_colab_ultra
8966,0,0.0044485233,0,challenge_10_signal_features_colab_ultra
8967,1,0.9953,1,challenge_10_signal_features_colab_ultra
8968,0,0.026500853,0,challenge_10_signal_features_colab_ultra
8969,0,0.05199154,0,challenge_10_signal_features_colab_ultra
8970,1,0.9999998,1,challenge_10_signal_features_colab_ultra
8971,0,0.00013391771,0,challenge_10_signal_features_colab_ultra
8972,1,0.9958937,1,challenge_10_signal_features_colab_ultra
8973,0,0.7569565,1,challenge_10_signal_features_colab_ultra
8974,0,1.915797e-05,0,challenge_10_signal_features_colab_ultra
8975,1,0.99999857,1,challenge_10_signal_features_colab_ultra
8976,1,0.88970226,1,challenge_10_signal_features_colab_ultra
8977,0,3.971652e-06,0,challenge_10_signal_features_colab_ultra
8978,0,0.00030446346,0,challenge_10_signal_features_colab_ultra
8979,0,0.087622546,0,challenge_10_signal_features_colab_ultra
8980,0,0.054574072,0,challenge_10_signal_features_colab_ultra
8981,0,0.0008938403,0,challenge_10_signal_features_colab_ultra
8982,1,0.9889361,1,challenge_10_signal_features_colab_ultra
8983,1,0.9930081,1,challenge_10_signal_features_colab_ultra
8984,1,0.38516107,0,challenge_10_signal_features_colab_ultra
8985,0,0.0012644774,0,challenge_10_signal_features_colab_ultra
8986,1,0.9035583,1,challenge_10_signal_features_colab_ultra
8987,0,0.6455354,1,challenge_10_signal_features_colab_ultra
8988,0,0.008722535,0,challenge_10_signal_features_colab_ultra
8989,0,0.00024222104,0,challenge_10_signal_features_colab_ultra
8990,1,0.7854805,1,challenge_10_signal_features_colab_ultra
8991,1,0.9309915,1,challenge_10_signal_features_colab_ultra
8992,0,0.0023100136,0,challenge_10_signal_features_colab_ultra
8993,1,0.9202344,1,challenge_10_signal_features_colab_ultra
8994,1,0.9999999,1,challenge_10_signal_features_colab_ultra
8995,1,0.9330581,1,challenge_10_signal_features_colab_ultra
8996,1,0.98022336,1,challenge_10_signal_features_colab_ultra
8997,1,0.99190897,1,challenge_10_signal_features_colab_ultra
8998,1,0.32349217,0,challenge_10_signal_features_colab_ultra
8999,0,0.0063769333,0,challenge_10_signal_features_colab_ultra
9000,1,0.9974262,1,challenge_10_signal_features_colab_ultra
9001,1,0.8325547,1,challenge_10_signal_features_colab_ultra
9002,0,0.0028808448,0,challenge_10_signal_features_colab_ultra
9003,1,0.99163604,1,challenge_10_signal_features_colab_ultra
9004,1,0.9846221,1,challenge_10_signal_features_colab_ultra
9005,0,0.9703413,1,challenge_10_signal_features_colab_ultra
9006,0,0.007523393,0,challenge_10_signal_features_colab_ultra
9007,0,1.0000001e-07,0,challenge_10_signal_features_colab_ultra
9008,1,0.9999946,1,challenge_10_signal_features_colab_ultra
9009,0,0.078957416,0,challenge_10_signal_features_colab_ultra
9010,1,0.4863932,0,challenge_10_signal_features_colab_ultra
9011,1,0.99998385,1,challenge_10_signal_features_colab_ultra
9012,1,0.021856565,0,challenge_10_signal_features_colab_ultra
9013,1,0.995253,1,challenge_10_signal_features_colab_ultra
9014,1,0.9922917,1,challenge_10_signal_features_colab_ultra
9015,0,0.010447751,0,challenge_10_signal_features_colab_ultra
9016,0,0.00031565374,0,challenge_10_signal_features_colab_ultra
9017,1,0.99999666,1,challenge_10_signal_features_colab_ultra
9018,0,0.82891655,1,challenge_10_signal_features_colab_ultra
9019,1,0.91667354,1,challenge_10_signal_features_colab_ultra
9020,1,0.98175746,1,challenge_10_signal_features_colab_ultra
9021,0,0.5837607,1,challenge_10_signal_features_colab_ultra
9022,1,0.9732665,1,challenge_10_signal_features_colab_ultra
9023,1,0.01299122,0,challenge_10_signal_features_colab_ultra
9024,1,0.99999654,1,challenge_10_signal_features_colab_ultra
9025,0,0.0008535791,0,challenge_10_signal_features_colab_ultra
9026,0,0.00013159995,0,challenge_10_signal_features_colab_ultra
9027,0,0.11074031,0,challenge_10_signal_features_colab_ultra
9028,0,0.002993295,0,challenge_10_signal_features_colab_ultra
9029,1,0.9711297,1,challenge_10_signal_features_colab_ultra
9030,0,1.0000001e-07,0,challenge_10_signal_features_colab_ultra
9031,0,0.11225287,0,challenge_10_signal_features_colab_ultra
9032,1,0.87892115,1,challenge_10_signal_features_colab_ultra
9033,1,0.99999976,1,challenge_10_signal_features_colab_ultra
9034,0,0.0008937657,0,challenge_10_signal_features_colab_ultra
9035,0,0.00010950002,0,challenge_10_signal_features_colab_ultra
9036,0,0.15630122,0,challenge_10_signal_features_colab_ultra
9037,0,4.3250355e-05,0,challenge_10_signal_features_colab_ultra
9038,0,0.00029663942,0,challenge_10_signal_features_colab_ultra
9039,1,0.97048,1,challenge_10_signal_features_colab_ultra
9040,1,0.99998814,1,challenge_10_signal_features_colab_ultra
9041,0,0.00017940819,0,challenge_10_signal_features_colab_ultra
9042,0,0.0006673156,0,challenge_10_signal_features_colab_ultra
9043,1,0.9927994,1,challenge_10_signal_features_colab_ultra
9044,1,0.9938324,1,challenge_10_signal_features_colab_ultra
9045,1,0.9971181,1,challenge_10_signal_features_colab_ultra
9046,1,0.9879144,1,challenge_10_signal_features_colab_ultra
9047,1,0.8559485,1,challenge_10_signal_features_colab_ultra
9048,0,0.0014957298,0,challenge_10_signal_features_colab_ultra
9049,1,0.898161,1,challenge_10_signal_features_colab_ultra
9050,1,0.9999948,1,challenge_10_signal_features_colab_ultra
9051,1,0.99697083,1,challenge_10_signal_features_colab_ultra
9052,0,0.16100612,0,challenge_10_signal_features_colab_ultra
9053,0,0.2240115,0,challenge_10_signal_features_colab_ultra
9054,0,0.055336103,0,challenge_10_signal_features_colab_ultra
9055,1,0.99569,1,challenge_10_signal_features_colab_ultra
9056,1,1.0,1,challenge_10_signal_features_colab_ultra
9057,0,3.9364622e-05,0,challenge_10_signal_features_colab_ultra
9058,0,0.033419486,0,challenge_10_signal_features_colab_ultra
9059,0,0.8072994,1,challenge_10_signal_features_colab_ultra
9060,1,0.96932966,1,challenge_10_signal_features_colab_ultra
9061,0,0.00056050264,0,challenge_10_signal_features_colab_ultra
9062,1,0.9999988,1,challenge_10_signal_features_colab_ultra
9063,0,0.0005612314,0,challenge_10_signal_features_colab_ultra
9064,1,0.98245984,1,challenge_10_signal_features_colab_ultra
9065,0,0.059451982,0,challenge_10_signal_features_colab_ultra
9066,0,0.0038719277,0,challenge_10_signal_features_colab_ultra
9067,1,0.32106686,0,challenge_10_signal_features_colab_ultra
9068,1,0.9780314,1,challenge_10_signal_features_colab_ultra
9069,1,0.99999976,1,challenge_10_signal_features_colab_ultra
9070,0,0.0027715443,0,challenge_10_signal_features_colab_ultra
9071,0,0.00047296012,0,challenge_10_signal_features_colab_ultra
9072,1,0.9999996,1,challenge_10_signal_features_colab_ultra
9073,1,0.30745822,0,challenge_10_signal_features_colab_ultra
9074,1,0.9999935,1,challenge_10_signal_features_colab_ultra
9075,0,0.009476751,0,challenge_10_signal_features_colab_ultra
9076,1,0.8943157,1,challenge_10_signal_features_colab_ultra
9077,1,0.99998885,1,challenge_10_signal_features_colab_ultra
9078,0,0.08839948,0,challenge_10_signal_features_colab_ultra
9079,1,0.9490722,1,challenge_10_signal_features_colab_ultra
9080,1,0.16801864,0,challenge_10_signal_features_colab_ultra
9081,1,0.92540723,1,challenge_10_signal_features_colab_ultra
9082,1,0.99166083,1,challenge_10_signal_features_colab_ultra
9083,0,0.0016493652,0,challenge_10_signal_features_colab_ultra
9084,1,0.97162575,1,challenge_10_signal_features_colab_ultra
9085,0,0.023754202,0,challenge_10_signal_features_colab_ultra
9086,0,0.57951504,1,challenge_10_signal_features_colab_ultra
9087,1,0.99282,1,challenge_10_signal_features_colab_ultra
9088,1,0.9915542,1,challenge_10_signal_features_colab_ultra
9089,1,0.99699837,1,challenge_10_signal_features_colab_ultra
9090,1,0.9517042,1,challenge_10_signal_features_colab_ultra
9091,0,9.2171995e-06,0,challenge_10_signal_features_colab_ultra
9092,0,0.0004951921,0,challenge_10_signal_features_colab_ultra
9093,1,0.8612371,1,challenge_10_signal_features_colab_ultra
9094,1,0.99999666,1,challenge_10_signal_features_colab_ultra
9095,0,0.038935073,0,challenge_10_signal_features_colab_ultra
9096,0,0.000110545254,0,challenge_10_signal_features_colab_ultra
9097,0,0.00032491295,0,challenge_10_signal_features_colab_ultra
9098,1,0.975232,1,challenge_10_signal_features_colab_ultra
9099,1,0.8428644,1,challenge_10_signal_features_colab_ultra
9100,1,0.9758022,1,challenge_10_signal_features_colab_ultra
9101,1,0.9867732,1,challenge_10_signal_features_colab_ultra
9102,1,0.9119081,1,challenge_10_signal_features_colab_ultra
9103,0,0.0014896615,0,challenge_10_signal_features_colab_ultra
9104,1,0.99520636,1,challenge_10_signal_features_colab_ultra
9105,1,0.9999969,1,challenge_10_signal_features_colab_ultra
9106,1,0.9952465,1,challenge_10_signal_features_colab_ultra
9107,0,0.0337998,0,challenge_10_signal_features_colab_ultra
9108,1,0.95299983,1,challenge_10_signal_features_colab_ultra
9109,0,0.19706911,0,challenge_10_signal_features_colab_ultra
9110,1,0.88039184,1,challenge_10_signal_features_colab_ultra
9111,0,2.1958851e-06,0,challenge_10_signal_features_colab_ultra
9112,0,0.03796827,0,challenge_10_signal_features_colab_ultra
9113,0,2.6733799e-06,0,challenge_10_signal_features_colab_ultra
9114,0,9.048551e-05,0,challenge_10_signal_features_colab_ultra
9115,1,0.8326946,1,challenge_10_signal_features_colab_ultra
9116,0,0.0008688543,0,challenge_10_signal_features_colab_ultra
9117,0,0.006484263,0,challenge_10_signal_features_colab_ultra
9118,0,1.823288e-05,0,challenge_10_signal_features_colab_ultra
9119,0,0.017864432,0,challenge_10_signal_features_colab_ultra
9120,1,0.20862086,0,challenge_10_signal_features_colab_ultra
9121,1,0.8680875,1,challenge_10_signal_features_colab_ultra
9122,0,0.01798918,0,challenge_10_signal_features_colab_ultra
9123,0,0.028865958,0,challenge_10_signal_features_colab_ultra
9124,0,2.3319817e-05,0,challenge_10_signal_features_colab_ultra
9125,1,0.9999958,1,challenge_10_signal_features_colab_ultra
9126,1,0.9601215,1,challenge_10_signal_features_colab_ultra
9127,0,0.011676299,0,challenge_10_signal_features_colab_ultra
9128,0,0.190324,0,challenge_10_signal_features_colab_ultra
9129,1,0.98706853,1,challenge_10_signal_features_colab_ultra
9130,1,0.9973971,1,challenge_10_signal_features_colab_ultra
9131,1,0.9900543,1,challenge_10_signal_features_colab_ultra
9132,0,0.82547796,1,challenge_10_signal_features_colab_ultra
9133,1,0.99581456,1,challenge_10_signal_features_colab_ultra
9134,0,1.8983537e-05,0,challenge_10_signal_features_colab_ultra
9135,0,0.00061141106,0,challenge_10_signal_features_colab_ultra
9136,1,0.9668229,1,challenge_10_signal_features_colab_ultra
9137,1,0.9927143,1,challenge_10_signal_features_colab_ultra
9138,0,0.00096559897,0,challenge_10_signal_features_colab_ultra
9139,0,0.0021409101,0,challenge_10_signal_features_colab_ultra
9140,1,0.30188355,0,challenge_10_signal_features_colab_ultra
9141,0,0.0014625794,0,challenge_10_signal_features_colab_ultra
9142,1,0.82861555,1,challenge_10_signal_features_colab_ultra
9143,1,0.82844424,1,challenge_10_signal_features_colab_ultra
9144,0,2.5320514e-05,0,challenge_10_signal_features_colab_ultra
9145,1,0.9999975,1,challenge_10_signal_features_colab_ultra
9146,0,0.009776481,0,challenge_10_signal_features_colab_ultra
9147,0,8.635567e-07,0,challenge_10_signal_features_colab_ultra
9148,1,0.99680966,1,challenge_10_signal_features_colab_ultra
9149,1,0.9999919,1,challenge_10_signal_features_colab_ultra
9150,0,0.011495508,0,challenge_10_signal_features_colab_ultra
9151,0,0.027342789,0,challenge_10_signal_features_colab_ultra
9152,0,1.092053e-06,0,challenge_10_signal_features_colab_ultra
9153,0,7.017648e-05,0,challenge_10_signal_features_colab_ultra
9154,1,0.9190233,1,challenge_10_signal_features_colab_ultra
9155,0,0.010945054,0,challenge_10_signal_features_colab_ultra
9156,1,0.99045515,1,challenge_10_signal_features_colab_ultra
9157,1,0.9999924,1,challenge_10_signal_features_colab_ultra
9158,1,0.9780047,1,challenge_10_signal_features_colab_ultra
9159,0,0.1433776,0,challenge_10_signal_features_colab_ultra
9160,0,0.0031321626,0,challenge_10_signal_features_colab_ultra
9161,1,0.9860457,1,challenge_10_signal_features_colab_ultra
9162,0,3.0427569e-05,0,challenge_10_signal_features_colab_ultra
9163,0,0.004525892,0,challenge_10_signal_features_colab_ultra
9164,0,2.2702628e-05,0,challenge_10_signal_features_colab_ultra
9165,1,0.56315076,1,challenge_10_signal_features_colab_ultra
9166,0,0.00096002035,0,challenge_10_signal_features_colab_ultra
9167,0,0.11967805,0,challenge_10_signal_features_colab_ultra
9168,1,0.9999996,1,challenge_10_signal_features_colab_ultra
9169,0,0.20897661,0,challenge_10_signal_features_colab_ultra
9170,0,0.52844816,1,challenge_10_signal_features_colab_ultra
9171,0,0.010312918,0,challenge_10_signal_features_colab_ultra
9172,0,1.0000001e-07,0,challenge_10_signal_features_colab_ultra
9173,1,0.995477,1,challenge_10_signal_features_colab_ultra
9174,0,0.04745702,0,challenge_10_signal_features_colab_ultra
9175,0,0.0073814504,0,challenge_10_signal_features_colab_ultra
9176,1,0.9999998,1,challenge_10_signal_features_colab_ultra
9177,1,0.9959323,1,challenge_10_signal_features_colab_ultra
9178,1,0.6903011,1,challenge_10_signal_features_colab_ultra
9179,0,0.0014718899,0,challenge_10_signal_features_colab_ultra
9180,1,0.9806629,1,challenge_10_signal_features_colab_ultra
9181,1,0.99082416,1,challenge_10_signal_features_colab_ultra
9182,0,0.0041269194,0,challenge_10_signal_features_colab_ultra
9183,0,6.882625e-05,0,challenge_10_signal_features_colab_ultra
9184,0,8.371005e-05,0,challenge_10_signal_features_colab_ultra
9185,1,0.95102096,1,challenge_10_signal_features_colab_ultra
9186,0,0.0709421,0,challenge_10_signal_features_colab_ultra
9187,0,0.20250931,0,challenge_10_signal_features_colab_ultra
9188,0,1.8350145e-06,0,challenge_10_signal_features_colab_ultra
9189,0,2.262222e-05,0,challenge_10_signal_features_colab_ultra
9190,0,0.88976026,1,challenge_10_signal_features_colab_ultra
9191,0,0.009229558,0,challenge_10_signal_features_colab_ultra
9192,0,2.7980948e-05,0,challenge_10_signal_features_colab_ultra
9193,1,0.99733824,1,challenge_10_signal_features_colab_ultra
9194,1,0.8173138,1,challenge_10_signal_features_colab_ultra
9195,1,0.9999993,1,challenge_10_signal_features_colab_ultra
9196,0,0.00022232071,0,challenge_10_signal_features_colab_ultra
9197,0,0.76999146,1,challenge_10_signal_features_colab_ultra
9198,0,0.0028699082,0,challenge_10_signal_features_colab_ultra
9199,0,0.006783197,0,challenge_10_signal_features_colab_ultra
9200,1,0.91878825,1,challenge_10_signal_features_colab_ultra
9201,1,0.97646284,1,challenge_10_signal_features_colab_ultra
9202,0,9.328416e-06,0,challenge_10_signal_features_colab_ultra
9203,1,0.92233,1,challenge_10_signal_features_colab_ultra
9204,0,0.011446695,0,challenge_10_signal_features_colab_ultra
9205,0,0.00012722885,0,challenge_10_signal_features_colab_ultra
9206,0,0.077766865,0,challenge_10_signal_features_colab_ultra
9207,1,0.9919744,1,challenge_10_signal_features_colab_ultra
9208,0,0.011469327,0,challenge_10_signal_features_colab_ultra
9209,0,0.005410195,0,challenge_10_signal_features_colab_ultra
9210,1,0.9999868,1,challenge_10_signal_features_colab_ultra
9211,1,0.99694586,1,challenge_10_signal_features_colab_ultra
9212,0,3.4255465e-06,0,challenge_10_signal_features_colab_ultra
9213,1,0.9949958,1,challenge_10_signal_features_colab_ultra
9214,1,0.9932675,1,challenge_10_signal_features_colab_ultra
9215,1,0.99999875,1,challenge_10_signal_features_colab_ultra
9216,0,0.012265102,0,challenge_10_signal_features_colab_ultra
9217,0,5.135383e-07,0,challenge_10_signal_features_colab_ultra
9218,0,0.8881569,1,challenge_10_signal_features_colab_ultra
9219,1,0.9845515,1,challenge_10_signal_features_colab_ultra
9220,1,0.999988,1,challenge_10_signal_features_colab_ultra
9221,1,0.99999076,1,challenge_10_signal_features_colab_ultra
9222,1,0.9113851,1,challenge_10_signal_features_colab_ultra
9223,0,0.0001061736,0,challenge_10_signal_features_colab_ultra
9224,0,0.015246436,0,challenge_10_signal_features_colab_ultra
9225,0,0.08698144,0,challenge_10_signal_features_colab_ultra
9226,1,0.96825624,1,challenge_10_signal_features_colab_ultra
9227,1,0.8345732,1,challenge_10_signal_features_colab_ultra
9228,1,0.9999963,1,challenge_10_signal_features_colab_ultra
9229,1,0.7828306,1,challenge_10_signal_features_colab_ultra
9230,0,0.07290353,0,challenge_10_signal_features_colab_ultra
9231,0,0.06776454,0,challenge_10_signal_features_colab_ultra
9232,1,0.9999918,1,challenge_10_signal_features_colab_ultra
9233,0,2.2032036e-05,0,challenge_10_signal_features_colab_ultra
9234,1,0.9963258,1,challenge_10_signal_features_colab_ultra
9235,1,0.94248563,1,challenge_10_signal_features_colab_ultra
9236,1,0.99010754,1,challenge_10_signal_features_colab_ultra
9237,1,1.0,1,challenge_10_signal_features_colab_ultra
9238,0,0.00094814645,0,challenge_10_signal_features_colab_ultra
9239,0,4.7138004e-05,0,challenge_10_signal_features_colab_ultra
9240,0,0.19761205,0,challenge_10_signal_features_colab_ultra
9241,0,0.0033419542,0,challenge_10_signal_features_colab_ultra
9242,1,0.9524531,1,challenge_10_signal_features_colab_ultra
9243,1,0.94727886,1,challenge_10_signal_features_colab_ultra
9244,1,0.99223274,1,challenge_10_signal_features_colab_ultra
9245,0,0.007222472,0,challenge_10_signal_features_colab_ultra
9246,1,0.9973253,1,challenge_10_signal_features_colab_ultra
9247,0,0.01595785,0,challenge_10_signal_features_colab_ultra
9248,1,0.983768,1,challenge_10_signal_features_colab_ultra
9249,0,0.00089276594,0,challenge_10_signal_features_colab_ultra
9250,1,0.99999994,1,challenge_10_signal_features_colab_ultra
9251,0,1.0000001e-07,0,challenge_10_signal_features_colab_ultra
9252,0,0.0032671392,0,challenge_10_signal_features_colab_ultra
9253,1,0.984627,1,challenge_10_signal_features_colab_ultra
9254,0,0.24150798,0,challenge_10_signal_features_colab_ultra
9255,1,0.9962401,1,challenge_10_signal_features_colab_ultra
9256,1,0.86982614,1,challenge_10_signal_features_colab_ultra
9257,0,0.0002937647,0,challenge_10_signal_features_colab_ultra
9258,0,1.4856643e-05,0,challenge_10_signal_features_colab_ultra
9259,0,1.2956456e-05,0,challenge_10_signal_features_colab_ultra
9260,0,2.705479e-05,0,challenge_10_signal_features_colab_ultra
9261,0,1.4973899e-05,0,challenge_10_signal_features_colab_ultra
9262,1,1.0,1,challenge_10_signal_features_colab_ultra
9263,1,0.9999828,1,challenge_10_signal_features_colab_ultra
9264,0,0.08058481,0,challenge_10_signal_features_colab_ultra
9265,0,1.4599064e-07,0,challenge_10_signal_features_colab_ultra
9266,1,0.9804899,1,challenge_10_signal_features_colab_ultra
9267,0,0.6588879,1,challenge_10_signal_features_colab_ultra
9268,0,0.11983318,0,challenge_10_signal_features_colab_ultra
9269,1,0.99534065,1,challenge_10_signal_features_colab_ultra
9270,1,0.9941551,1,challenge_10_signal_features_colab_ultra
9271,1,0.99700147,1,challenge_10_signal_features_colab_ultra
9272,0,0.19940047,0,challenge_10_signal_features_colab_ultra
9273,1,0.9462703,1,challenge_10_signal_features_colab_ultra
9274,1,0.9999889,1,challenge_10_signal_features_colab_ultra
9275,0,1.9862495e-05,0,challenge_10_signal_features_colab_ultra
9276,0,0.62051654,1,challenge_10_signal_features_colab_ultra
9277,0,0.0126484735,0,challenge_10_signal_features_colab_ultra
9278,1,0.98881626,1,challenge_10_signal_features_colab_ultra
9279,0,0.012285658,0,challenge_10_signal_features_colab_ultra
9280,0,0.0002237153,0,challenge_10_signal_features_colab_ultra
9281,0,0.00019384896,0,challenge_10_signal_features_colab_ultra
9282,0,0.05577966,0,challenge_10_signal_features_colab_ultra
9283,0,0.0004635412,0,challenge_10_signal_features_colab_ultra
9284,0,0.006813412,0,challenge_10_signal_features_colab_ultra
9285,0,0.00040777746,0,challenge_10_signal_features_colab_ultra
9286,1,0.9912023,1,challenge_10_signal_features_colab_ultra
9287,0,0.00082778814,0,challenge_10_signal_features_colab_ultra
9288,0,0.0041096355,0,challenge_10_signal_features_colab_ultra
9289,1,0.9999936,1,challenge_10_signal_features_colab_ultra
9290,0,1.5135701e-05,0,challenge_10_signal_features_colab_ultra
9291,0,0.001284148,0,challenge_10_signal_features_colab_ultra
9292,1,0.9810424,1,challenge_10_signal_features_colab_ultra
9293,1,0.8942642,1,challenge_10_signal_features_colab_ultra
9294,0,0.008278102,0,challenge_10_signal_features_colab_ultra
9295,1,0.9899169,1,challenge_10_signal_features_colab_ultra
9296,0,0.22208564,0,challenge_10_signal_features_colab_ultra
9297,0,0.0005458297,0,challenge_10_signal_features_colab_ultra
9298,0,0.028236756,0,challenge_10_signal_features_colab_ultra
9299,0,0.0006184127,0,challenge_10_signal_features_colab_ultra
9300,1,0.99999964,1,challenge_10_signal_features_colab_ultra
9301,1,0.9999992,1,challenge_10_signal_features_colab_ultra
9302,1,0.9999978,1,challenge_10_signal_features_colab_ultra
9303,0,0.057330843,0,challenge_10_signal_features_colab_ultra
9304,1,0.9945819,1,challenge_10_signal_features_colab_ultra
9305,0,0.002289383,0,challenge_10_signal_features_colab_ultra
9306,0,0.09385478,0,challenge_10_signal_features_colab_ultra
9307,1,0.9999844,1,challenge_10_signal_features_colab_ultra
9308,1,0.99999696,1,challenge_10_signal_features_colab_ultra
9309,0,0.6470568,1,challenge_10_signal_features_colab_ultra
9310,0,0.03117166,0,challenge_10_signal_features_colab_ultra
9311,1,0.15628293,0,challenge_10_signal_features_colab_ultra
9312,1,0.9910596,1,challenge_10_signal_features_colab_ultra
9313,1,0.9379607,1,challenge_10_signal_features_colab_ultra
9314,1,0.5789963,1,challenge_10_signal_features_colab_ultra
9315,0,2.6070753e-05,0,challenge_10_signal_features_colab_ultra
9316,0,0.99661326,1,challenge_10_signal_features_colab_ultra
9317,0,0.0013473524,0,challenge_10_signal_features_colab_ultra
9318,0,8.143305e-05,0,challenge_10_signal_features_colab_ultra
9319,0,0.0026660976,0,challenge_10_signal_features_colab_ultra
9320,1,0.9648417,1,challenge_10_signal_features_colab_ultra
9321,1,0.935975,1,challenge_10_signal_features_colab_ultra
9322,1,0.9794368,1,challenge_10_signal_features_colab_ultra
9323,0,7.34174e-06,0,challenge_10_signal_features_colab_ultra
9324,0,0.34609962,0,challenge_10_signal_features_colab_ultra
9325,0,9.690024e-06,0,challenge_10_signal_features_colab_ultra
9326,1,0.9973902,1,challenge_10_signal_features_colab_ultra
9327,1,0.9820963,1,challenge_10_signal_features_colab_ultra
9328,0,0.5620113,1,challenge_10_signal_features_colab_ultra
9329,0,0.00015854898,0,challenge_10_signal_features_colab_ultra
9330,0,0.25007078,0,challenge_10_signal_features_colab_ultra
9331,1,0.9859488,1,challenge_10_signal_features_colab_ultra
9332,0,1.4289342e-05,0,challenge_10_signal_features_colab_ultra
9333,0,0.99546325,1,challenge_10_signal_features_colab_ultra
9334,1,0.8304631,1,challenge_10_signal_features_colab_ultra
9335,1,0.955025,1,challenge_10_signal_features_colab_ultra
9336,1,0.9874708,1,challenge_10_signal_features_colab_ultra
9337,0,0.00062541047,0,challenge_10_signal_features_colab_ultra
9338,1,0.94810295,1,challenge_10_signal_features_colab_ultra
9339,1,0.999981,1,challenge_10_signal_features_colab_ultra
9340,0,0.18029906,0,challenge_10_signal_features_colab_ultra
9341,0,1.5563934e-05,0,challenge_10_signal_features_colab_ultra
9342,0,1.9456162e-05,0,challenge_10_signal_features_colab_ultra
9343,0,0.00013780712,0,challenge_10_signal_features_colab_ultra
9344,0,0.00025640242,0,challenge_10_signal_features_colab_ultra
9345,1,0.9493813,1,challenge_10_signal_features_colab_ultra
9346,0,0.39195502,0,challenge_10_signal_features_colab_ultra
9347,1,0.9807413,1,challenge_10_signal_features_colab_ultra
9348,0,0.0032287964,0,challenge_10_signal_features_colab_ultra
9349,0,0.036975645,0,challenge_10_signal_features_colab_ultra
9350,1,0.9642462,1,challenge_10_signal_features_colab_ultra
9351,1,0.999989,1,challenge_10_signal_features_colab_ultra
9352,0,0.6261859,1,challenge_10_signal_features_colab_ultra
9353,0,0.0014410437,0,challenge_10_signal_features_colab_ultra
9354,0,7.071492e-05,0,challenge_10_signal_features_colab_ultra
9355,0,0.02338658,0,challenge_10_signal_features_colab_ultra
9356,0,0.0040090564,0,challenge_10_signal_features_colab_ultra
9357,0,0.00044114594,0,challenge_10_signal_features_colab_ultra
9358,1,0.9999876,1,challenge_10_signal_features_colab_ultra
9359,0,0.00041588064,0,challenge_10_signal_features_colab_ultra
9360,1,0.94386274,1,challenge_10_signal_features_colab_ultra
9361,1,0.9999999,1,challenge_10_signal_features_colab_ultra
9362,0,0.041553482,0,challenge_10_signal_features_colab_ultra
9363,1,0.99999666,1,challenge_10_signal_features_colab_ultra
9364,0,0.00074066495,0,challenge_10_signal_features_colab_ultra
9365,1,0.9857535,1,challenge_10_signal_features_colab_ultra
9366,0,0.00021327831,0,challenge_10_signal_features_colab_ultra
9367,0,0.0057495083,0,challenge_10_signal_features_colab_ultra
9368,1,0.8825899,1,challenge_10_signal_features_colab_ultra
9369,1,0.99057156,1,challenge_10_signal_features_colab_ultra
9370,1,1.0,1,challenge_10_signal_features_colab_ultra
9371,1,0.9999999,1,challenge_10_signal_features_colab_ultra
9372,0,0.0009847805,0,challenge_10_signal_features_colab_ultra
9373,1,0.98156863,1,challenge_10_signal_features_colab_ultra
9374,1,0.9862636,1,challenge_10_signal_features_colab_ultra
9375,1,0.9959993,1,challenge_10_signal_features_colab_ultra
9376,1,0.7298071,1,challenge_10_signal_features_colab_ultra
9377,0,0.019345555,0,challenge_10_signal_features_colab_ultra
9378,0,0.6139443,1,challenge_10_signal_features_colab_ultra
9379,1,0.98725045,1,challenge_10_signal_features_colab_ultra
9380,1,0.813394,1,challenge_10_signal_features_colab_ultra
9381,0,0.048717365,0,challenge_10_signal_features_colab_ultra
9382,0,0.0041045602,0,challenge_10_signal_features_colab_ultra
9383,0,0.033331834,0,challenge_10_signal_features_colab_ultra
9384,1,0.9999999,1,challenge_10_signal_features_colab_ultra
9385,1,0.9916928,1,challenge_10_signal_features_colab_ultra
9386,1,0.9941348,1,challenge_10_signal_features_colab_ultra
9387,0,0.12050282,0,challenge_10_signal_features_colab_ultra
9388,1,0.99127036,1,challenge_10_signal_features_colab_ultra
9389,1,0.9999972,1,challenge_10_signal_features_colab_ultra
9390,0,1.9921845e-05,0,challenge_10_signal_features_colab_ultra
9391,0,0.004581667,0,challenge_10_signal_features_colab_ultra
9392,1,0.9916345,1,challenge_10_signal_features_colab_ultra
9393,1,0.7347276,1,challenge_10_signal_features_colab_ultra
9394,0,7.393711e-05,0,challenge_10_signal_features_colab_ultra
9395,0,0.17889997,0,challenge_10_signal_features_colab_ultra
9396,0,0.032022137,0,challenge_10_signal_features_colab_ultra
9397,1,0.9379835,1,challenge_10_signal_features_colab_ultra
9398,1,0.9836699,1,challenge_10_signal_features_colab_ultra
9399,0,0.33157292,0,challenge_10_signal_features_colab_ultra
9400,0,0.001596179,0,challenge_10_signal_features_colab_ultra
9401,1,0.9313945,1,challenge_10_signal_features_colab_ultra
9402,0,0.015638245,0,challenge_10_signal_features_colab_ultra
9403,0,5.3378943e-05,0,challenge_10_signal_features_colab_ultra
9404,1,0.96426415,1,challenge_10_signal_features_colab_ultra
9405,0,0.090969205,0,challenge_10_signal_features_colab_ultra
9406,1,0.99999875,1,challenge_10_signal_features_colab_ultra
9407,0,0.055360775,0,challenge_10_signal_features_colab_ultra
9408,0,0.830196,1,challenge_10_signal_features_colab_ultra
9409,0,0.0027762593,0,challenge_10_signal_features_colab_ultra
9410,1,0.96158713,1,challenge_10_signal_features_colab_ultra
9411,0,0.00011443649,0,challenge_10_signal_features_colab_ultra
9412,0,0.42572913,0,challenge_10_signal_features_colab_ultra
9413,1,0.974703,1,challenge_10_signal_features_colab_ultra
9414,1,0.9612997,1,challenge_10_signal_features_colab_ultra
9415,1,0.99999976,1,challenge_10_signal_features_colab_ultra
9416,0,0.033942953,0,challenge_10_signal_features_colab_ultra
9417,0,0.043122463,0,challenge_10_signal_features_colab_ultra
9418,0,0.0026611495,0,challenge_10_signal_features_colab_ultra
9419,0,0.029076148,0,challenge_10_signal_features_colab_ultra
9420,0,0.0020104116,0,challenge_10_signal_features_colab_ultra
9421,1,0.9974496,1,challenge_10_signal_features_colab_ultra
9422,0,0.00075502094,0,challenge_10_signal_features_colab_ultra
9423,0,0.00433228,0,challenge_10_signal_features_colab_ultra
9424,1,0.97666717,1,challenge_10_signal_features_colab_ultra
9425,1,0.9999816,1,challenge_10_signal_features_colab_ultra
9426,0,4.436692e-05,0,challenge_10_signal_features_colab_ultra
9427,1,0.94367135,1,challenge_10_signal_features_colab_ultra
9428,0,0.000852335,0,challenge_10_signal_features_colab_ultra
9429,0,0.010440547,0,challenge_10_signal_features_colab_ultra
9430,1,0.99142396,1,challenge_10_signal_features_colab_ultra
9431,0,4.225716e-06,0,challenge_10_signal_features_colab_ultra
9432,0,4.9750386e-05,0,challenge_10_signal_features_colab_ultra
9433,1,0.9999973,1,challenge_10_signal_features_colab_ultra
9434,0,0.02292746,0,challenge_10_signal_features_colab_ultra
9435,1,0.9999982,1,challenge_10_signal_features_colab_ultra
9436,0,7.47503e-05,0,challenge_10_signal_features_colab_ultra
9437,0,0.0015433921,0,challenge_10_signal_features_colab_ultra
9438,0,0.071038,0,challenge_10_signal_features_colab_ultra
9439,1,0.99469155,1,challenge_10_signal_features_colab_ultra
9440,0,0.0014415501,0,challenge_10_signal_features_colab_ultra
9441,1,0.9999895,1,challenge_10_signal_features_colab_ultra
9442,1,0.7939439,1,challenge_10_signal_features_colab_ultra
9443,1,0.99998987,1,challenge_10_signal_features_colab_ultra
9444,0,0.06044025,0,challenge_10_signal_features_colab_ultra
9445,0,0.00014197134,0,challenge_10_signal_features_colab_ultra
9446,0,0.106953986,0,challenge_10_signal_features_colab_ultra
9447,1,0.999997,1,challenge_10_signal_features_colab_ultra
9448,1,0.5516633,1,challenge_10_signal_features_colab_ultra
9449,1,0.14597686,0,challenge_10_signal_features_colab_ultra
9450,1,0.9417822,1,challenge_10_signal_features_colab_ultra
9451,1,0.9689592,1,challenge_10_signal_features_colab_ultra
9452,1,0.9936281,1,challenge_10_signal_features_colab_ultra
9453,1,0.9916274,1,challenge_10_signal_features_colab_ultra
9454,0,0.0055127223,0,challenge_10_signal_features_colab_ultra
9455,0,0.0025486648,0,challenge_10_signal_features_colab_ultra
9456,1,0.7889421,1,challenge_10_signal_features_colab_ultra
9457,0,0.014994922,0,challenge_10_signal_features_colab_ultra
9458,0,0.0011132172,0,challenge_10_signal_features_colab_ultra
9459,0,0.00047755174,0,challenge_10_signal_features_colab_ultra
9460,1,0.9999849,1,challenge_10_signal_features_colab_ultra
9461,1,0.9999868,1,challenge_10_signal_features_colab_ultra
9462,0,3.3980743e-06,0,challenge_10_signal_features_colab_ultra
9463,0,0.051441487,0,challenge_10_signal_features_colab_ultra
9464,0,0.00022952975,0,challenge_10_signal_features_colab_ultra
9465,0,0.5,1,challenge_10_signal_features_colab_ultra
9466,0,0.0026552672,0,challenge_10_signal_features_colab_ultra
9467,0,0.50988835,1,challenge_10_signal_features_colab_ultra
9468,0,0.011027772,0,challenge_10_signal_features_colab_ultra
9469,1,0.99998707,1,challenge_10_signal_features_colab_ultra
9470,1,0.9603437,1,challenge_10_signal_features_colab_ultra
9471,0,7.804101e-07,0,challenge_10_signal_features_colab_ultra
9472,0,0.9184601,1,challenge_10_signal_features_colab_ultra
9473,1,0.99707246,1,challenge_10_signal_features_colab_ultra
9474,0,0.09661061,0,challenge_10_signal_features_colab_ultra
9475,1,0.9728107,1,challenge_10_signal_features_colab_ultra
9476,0,0.0004196248,0,challenge_10_signal_features_colab_ultra
9477,0,0.02176551,0,challenge_10_signal_features_colab_ultra
9478,1,1.0,1,challenge_10_signal_features_colab_ultra
9479,1,0.9909657,1,challenge_10_signal_features_colab_ultra
9480,0,3.7845562e-06,0,challenge_10_signal_features_colab_ultra
9481,1,0.9657199,1,challenge_10_signal_features_colab_ultra
9482,1,0.6656574,1,challenge_10_signal_features_colab_ultra
9483,1,0.9883253,1,challenge_10_signal_features_colab_ultra
9484,1,0.99999875,1,challenge_10_signal_features_colab_ultra
9485,1,0.98408073,1,challenge_10_signal_features_colab_ultra
9486,0,7.62839e-05,0,challenge_10_signal_features_colab_ultra
9487,1,0.9557748,1,challenge_10_signal_features_colab_ultra
9488,1,0.991703,1,challenge_10_signal_features_colab_ultra
9489,1,0.9794569,1,challenge_10_signal_features_colab_ultra
9490,1,0.9999814,1,challenge_10_signal_features_colab_ultra
9491,1,0.9864995,1,challenge_10_signal_features_colab_ultra
9492,0,0.00012866236,0,challenge_10_signal_features_colab_ultra
9493,1,0.9999951,1,challenge_10_signal_features_colab_ultra
9494,1,0.9956828,1,challenge_10_signal_features_colab_ultra
9495,1,0.9903705,1,challenge_10_signal_features_colab_ultra
9496,0,1.4720213e-07,0,challenge_10_signal_features_colab_ultra
9497,0,0.014301774,0,challenge_10_signal_features_colab_ultra
9498,1,0.99999964,1,challenge_10_signal_features_colab_ultra
9499,1,0.9605728,1,challenge_10_signal_features_colab_ultra
9500,0,0.00013304042,0,challenge_10_signal_features_colab_ultra
9501,0,0.27478918,0,challenge_10_signal_features_colab_ultra
9502,1,0.9444764,1,challenge_10_signal_features_colab_ultra
9503,0,0.0009871675,0,challenge_10_signal_features_colab_ultra
9504,0,0.029819164,0,challenge_10_signal_features_colab_ultra
9505,1,0.9957774,1,challenge_10_signal_features_colab_ultra
9506,1,0.9999961,1,challenge_10_signal_features_colab_ultra
9507,0,0.014885318,0,challenge_10_signal_features_colab_ultra
9508,0,0.02956531,0,challenge_10_signal_features_colab_ultra
9509,0,7.0321265e-05,0,challenge_10_signal_features_colab_ultra
9510,1,0.99998933,1,challenge_10_signal_features_colab_ultra
9511,1,0.6339178,1,challenge_10_signal_features_colab_ultra
9512,0,0.00017619385,0,challenge_10_signal_features_colab_ultra
9513,1,0.98862255,1,challenge_10_signal_features_colab_ultra
9514,0,0.0001481403,0,challenge_10_signal_features_colab_ultra
9515,0,5.1529267e-05,0,challenge_10_signal_features_colab_ultra
9516,0,0.009889533,0,challenge_10_signal_features_colab_ultra
9517,0,0.76862174,1,challenge_10_signal_features_colab_ultra
9518,1,0.9966367,1,challenge_10_signal_features_colab_ultra
9519,1,0.9999996,1,challenge_10_signal_features_colab_ultra
9520,0,0.14444652,0,challenge_10_signal_features_colab_ultra
9521,1,0.99999976,1,challenge_10_signal_features_colab_ultra
9522,0,0.0011478039,0,challenge_10_signal_features_colab_ultra
9523,1,0.9999969,1,challenge_10_signal_features_colab_ultra
9524,1,0.99999857,1,challenge_10_signal_features_colab_ultra
9525,1,0.9851803,1,challenge_10_signal_features_colab_ultra
9526,1,0.97913927,1,challenge_10_signal_features_colab_ultra
9527,1,0.87980217,1,challenge_10_signal_features_colab_ultra
9528,1,0.99999166,1,challenge_10_signal_features_colab_ultra
9529,1,0.9999886,1,challenge_10_signal_features_colab_ultra
9530,1,0.9890493,1,challenge_10_signal_features_colab_ultra
9531,0,0.004016145,0,challenge_10_signal_features_colab_ultra
9532,1,0.99514735,1,challenge_10_signal_features_colab_ultra
9533,1,0.99999994,1,challenge_10_signal_features_colab_ultra
9534,1,0.8546371,1,challenge_10_signal_features_colab_ultra
9535,1,0.94827145,1,challenge_10_signal_features_colab_ultra
9536,0,0.08941803,0,challenge_10_signal_features_colab_ultra
9537,1,0.9926261,1,challenge_10_signal_features_colab_ultra
9538,1,0.9759674,1,challenge_10_signal_features_colab_ultra
9539,1,0.84012854,1,challenge_10_signal_features_colab_ultra
9540,0,0.00016484177,0,challenge_10_signal_features_colab_ultra
9541,1,0.9377019,1,challenge_10_signal_features_colab_ultra
9542,1,0.31150502,0,challenge_10_signal_features_colab_ultra
9543,0,0.038588256,0,challenge_10_signal_features_colab_ultra
9544,0,0.0067386306,0,challenge_10_signal_features_colab_ultra
9545,0,4.9026345e-05,0,challenge_10_signal_features_colab_ultra
9546,0,0.12445689,0,challenge_10_signal_features_colab_ultra
9547,0,0.00063946855,0,challenge_10_signal_features_colab_ultra
9548,0,0.00034872783,0,challenge_10_signal_features_colab_ultra
9549,1,0.8825351,1,challenge_10_signal_features_colab_ultra
9550,0,0.00044052777,0,challenge_10_signal_features_colab_ultra
9551,0,4.6318028e-06,0,challenge_10_signal_features_colab_ultra
9552,0,0.0055555734,0,challenge_10_signal_features_colab_ultra
9553,0,0.0010965352,0,challenge_10_signal_features_colab_ultra
9554,0,0.00033271857,0,challenge_10_signal_features_colab_ultra
9555,0,4.2189626e-05,0,challenge_10_signal_features_colab_ultra
9556,1,0.8158475,1,challenge_10_signal_features_colab_ultra
9557,0,0.525737,1,challenge_10_signal_features_colab_ultra
9558,0,0.0071495376,0,challenge_10_signal_features_colab_ultra
9559,0,0.26417103,0,challenge_10_signal_features_colab_ultra
9560,0,0.13889147,0,challenge_10_signal_features_colab_ultra
9561,0,0.003602631,0,challenge_10_signal_features_colab_ultra
9562,0,0.07533353,0,challenge_10_signal_features_colab_ultra
9563,0,0.00012733719,0,challenge_10_signal_features_colab_ultra
9564,0,0.007746055,0,challenge_10_signal_features_colab_ultra
9565,1,0.99999785,1,challenge_10_signal_features_colab_ultra
9566,0,0.00038268362,0,challenge_10_signal_features_colab_ultra
9567,1,0.9999952,1,challenge_10_signal_features_colab_ultra
9568,1,0.9922097,1,challenge_10_signal_features_colab_ultra
9569,0,0.27733266,0,challenge_10_signal_features_colab_ultra
9570,0,0.0038164502,0,challenge_10_signal_features_colab_ultra
9571,1,0.9942084,1,challenge_10_signal_features_colab_ultra
9572,1,0.99999666,1,challenge_10_signal_features_colab_ultra
9573,0,0.03960077,0,challenge_10_signal_features_colab_ultra
9574,0,0.0015102107,0,challenge_10_signal_features_colab_ultra
9575,0,0.0024465183,0,challenge_10_signal_features_colab_ultra
9576,1,0.71803826,1,challenge_10_signal_features_colab_ultra
9577,1,0.96719193,1,challenge_10_signal_features_colab_ultra
9578,1,0.99999505,1,challenge_10_signal_features_colab_ultra
9579,1,0.99999994,1,challenge_10_signal_features_colab_ultra
9580,0,0.00042880294,0,challenge_10_signal_features_colab_ultra
9581,1,0.996992,1,challenge_10_signal_features_colab_ultra
9582,0,0.18256526,0,challenge_10_signal_features_colab_ultra
9583,1,0.99087113,1,challenge_10_signal_features_colab_ultra
9584,0,0.003125534,0,challenge_10_signal_features_colab_ultra
9585,1,0.9916239,1,challenge_10_signal_features_colab_ultra
9586,0,0.00022797461,0,challenge_10_signal_features_colab_ultra
9587,1,0.9910271,1,challenge_10_signal_features_colab_ultra
9588,1,0.98986125,1,challenge_10_signal_features_colab_ultra
9589,1,0.9519829,1,challenge_10_signal_features_colab_ultra
9590,1,0.9131046,1,challenge_10_signal_features_colab_ultra
9591,1,0.98408717,1,challenge_10_signal_features_colab_ultra
9592,1,0.4361211,0,challenge_10_signal_features_colab_ultra
9593,1,0.99497193,1,challenge_10_signal_features_colab_ultra
9594,0,0.0015912103,0,challenge_10_signal_features_colab_ultra
9595,1,0.93001056,1,challenge_10_signal_features_colab_ultra
9596,1,0.9407062,1,challenge_10_signal_features_colab_ultra
9597,1,0.9869576,1,challenge_10_signal_features_colab_ultra
9598,1,0.35086703,0,challenge_10_signal_features_colab_ultra
9599,1,0.8212142,1,challenge_10_signal_features_colab_ultra
9600,1,0.9999958,1,challenge_10_signal_features_colab_ultra
9601,0,1.093515e-06,0,challenge_10_signal_features_colab_ultra
9602,1,0.9999964,1,challenge_10_signal_features_colab_ultra
9603,1,0.59889245,1,challenge_10_signal_features_colab_ultra
9604,0,0.16937633,0,challenge_10_signal_features_colab_ultra
9605,1,0.99740046,1,challenge_10_signal_features_colab_ultra
9606,1,0.99609727,1,challenge_10_signal_features_colab_ultra
9607,1,0.9974547,1,challenge_10_signal_features_colab_ultra
9608,1,0.9139538,1,challenge_10_signal_features_colab_ultra
9609,1,0.9888754,1,challenge_10_signal_features_colab_ultra
9610,1,0.8497748,1,challenge_10_signal_features_colab_ultra
9611,1,0.99543846,1,challenge_10_signal_features_colab_ultra
9612,0,0.08494526,0,challenge_10_signal_features_colab_ultra
9613,0,0.97004217,1,challenge_10_signal_features_colab_ultra
9614,1,1.0,1,challenge_10_signal_features_colab_ultra
9615,0,0.02874366,0,challenge_10_signal_features_colab_ultra
9616,0,8.711564e-07,0,challenge_10_signal_features_colab_ultra
9617,1,0.98004955,1,challenge_10_signal_features_colab_ultra
9618,0,0.00028438313,0,challenge_10_signal_features_colab_ultra
9619,1,0.9999997,1,challenge_10_signal_features_colab_ultra
9620,0,1.0049152e-05,0,challenge_10_signal_features_colab_ultra
9621,1,0.9999998,1,challenge_10_signal_features_colab_ultra
9622,0,0.0013885804,0,challenge_10_signal_features_colab_ultra
9623,0,0.008042835,0,challenge_10_signal_features_colab_ultra
9624,1,0.99999976,1,challenge_10_signal_features_colab_ultra
9625,0,0.093852155,0,challenge_10_signal_features_colab_ultra
9626,0,0.041443974,0,challenge_10_signal_features_colab_ultra
9627,1,0.9959071,1,challenge_10_signal_features_colab_ultra
9628,1,0.9272727,1,challenge_10_signal_features_colab_ultra
9629,0,0.106085904,0,challenge_10_signal_features_colab_ultra
9630,0,0.043549467,0,challenge_10_signal_features_colab_ultra
9631,0,0.014656662,0,challenge_10_signal_features_colab_ultra
9632,0,0.00033537782,0,challenge_10_signal_features_colab_ultra
9633,0,0.6660068,1,challenge_10_signal_features_colab_ultra
9634,1,0.983995,1,challenge_10_signal_features_colab_ultra
9635,1,0.9927434,1,challenge_10_signal_features_colab_ultra
9636,1,0.34755018,0,challenge_10_signal_features_colab_ultra
9637,0,0.0034002117,0,challenge_10_signal_features_colab_ultra
9638,0,0.004040019,0,challenge_10_signal_features_colab_ultra
9639,1,0.9525135,1,challenge_10_signal_features_colab_ultra
9640,0,0.006163578,0,challenge_10_signal_features_colab_ultra
9641,0,5.6257148e-05,0,challenge_10_signal_features_colab_ultra
9642,0,0.12507121,0,challenge_10_signal_features_colab_ultra
9643,0,0.0022268111,0,challenge_10_signal_features_colab_ultra
9644,1,0.99998903,1,challenge_10_signal_features_colab_ultra
9645,1,0.9969256,1,challenge_10_signal_features_colab_ultra
9646,1,0.923147,1,challenge_10_signal_features_colab_ultra
9647,1,0.99515784,1,challenge_10_signal_features_colab_ultra
9648,0,0.004181786,0,challenge_10_signal_features_colab_ultra
9649,0,0.27746445,0,challenge_10_signal_features_colab_ultra
9650,1,0.99401206,1,challenge_10_signal_features_colab_ultra
9651,0,0.03558219,0,challenge_10_signal_features_colab_ultra
9652,0,0.006496927,0,challenge_10_signal_features_colab_ultra
9653,0,0.7682433,1,challenge_10_signal_features_colab_ultra
9654,0,0.00034533374,0,challenge_10_signal_features_colab_ultra
9655,0,2.6922917e-06,0,challenge_10_signal_features_colab_ultra
9656,1,0.8844404,1,challenge_10_signal_features_colab_ultra
9657,1,0.9576537,1,challenge_10_signal_features_colab_ultra
9658,0,0.46612877,0,challenge_10_signal_features_colab_ultra
9659,0,0.084124275,0,challenge_10_signal_features_colab_ultra
9660,1,0.9999996,1,challenge_10_signal_features_colab_ultra
9661,0,0.003817994,0,challenge_10_signal_features_colab_ultra
9662,1,0.9951899,1,challenge_10_signal_features_colab_ultra
9663,1,0.9484353,1,challenge_10_signal_features_colab_ultra
9664,0,0.053852264,0,challenge_10_signal_features_colab_ultra
9665,1,0.99999666,1,challenge_10_signal_features_colab_ultra
9666,1,0.9973351,1,challenge_10_signal_features_colab_ultra
9667,0,0.0001318117,0,challenge_10_signal_features_colab_ultra
9668,0,1.7512842e-07,0,challenge_10_signal_features_colab_ultra
9669,1,0.63676435,1,challenge_10_signal_features_colab_ultra
9670,0,0.00057600933,0,challenge_10_signal_features_colab_ultra
9671,0,0.93614274,1,challenge_10_signal_features_colab_ultra
9672,0,0.00018753097,0,challenge_10_signal_features_colab_ultra
9673,1,0.9999968,1,challenge_10_signal_features_colab_ultra
9674,1,0.9999962,1,challenge_10_signal_features_colab_ultra
9675,1,0.9818862,1,challenge_10_signal_features_colab_ultra
9676,0,0.0025193982,0,challenge_10_signal_features_colab_ultra
9677,0,0.00026856095,0,challenge_10_signal_features_colab_ultra
9678,1,0.9999888,1,challenge_10_signal_features_colab_ultra
9679,0,0.013671721,0,challenge_10_signal_features_colab_ultra
9680,0,6.6640416e-05,0,challenge_10_signal_features_colab_ultra
9681,0,1.0388779e-05,0,challenge_10_signal_features_colab_ultra
9682,0,0.029310152,0,challenge_10_signal_features_colab_ultra
9683,0,0.0723688,0,challenge_10_signal_features_colab_ultra
9684,0,0.0014272946,0,challenge_10_signal_features_colab_ultra
9685,0,0.16287643,0,challenge_10_signal_features_colab_ultra
9686,1,0.9880212,1,challenge_10_signal_features_colab_ultra
9687,0,0.047050226,0,challenge_10_signal_features_colab_ultra
9688,0,0.055526968,0,challenge_10_signal_features_colab_ultra
9689,1,0.9999992,1,challenge_10_signal_features_colab_ultra
9690,0,5.2511846e-06,0,challenge_10_signal_features_colab_ultra
9691,1,0.996112,1,challenge_10_signal_features_colab_ultra
9692,1,0.9941833,1,challenge_10_signal_features_colab_ultra
9693,1,0.65185034,1,challenge_10_signal_features_colab_ultra
9694,0,5.0068625e-06,0,challenge_10_signal_features_colab_ultra
9695,1,0.9973579,1,challenge_10_signal_features_colab_ultra
9696,1,0.9966408,1,challenge_10_signal_features_colab_ultra
9697,0,0.005858695,0,challenge_10_signal_features_colab_ultra
9698,0,0.8643151,1,challenge_10_signal_features_colab_ultra
9699,0,1.0000001e-07,0,challenge_10_signal_features_colab_ultra
9700,1,0.97450364,1,challenge_10_signal_features_colab_ultra
9701,1,0.9888831,1,challenge_10_signal_features_colab_ultra
9702,1,0.9999999,1,challenge_10_signal_features_colab_ultra
9703,0,2.9356941e-05,0,challenge_10_signal_features_colab_ultra
9704,1,0.9953302,1,challenge_10_signal_features_colab_ultra
9705,0,0.032417748,0,challenge_10_signal_features_colab_ultra
9706,1,0.45075217,0,challenge_10_signal_features_colab_ultra
9707,1,0.9933524,1,challenge_10_signal_features_colab_ultra
9708,0,5.0225526e-07,0,challenge_10_signal_features_colab_ultra
9709,0,4.7808084e-05,0,challenge_10_signal_features_colab_ultra
9710,1,0.44180202,0,challenge_10_signal_features_colab_ultra
9711,1,0.49295983,0,challenge_10_signal_features_colab_ultra
9712,1,0.9890973,1,challenge_10_signal_features_colab_ultra
9713,1,0.99999243,1,challenge_10_signal_features_colab_ultra
9714,1,0.9587965,1,challenge_10_signal_features_colab_ultra
9715,1,0.9961732,1,challenge_10_signal_features_colab_ultra
9716,0,0.2506793,0,challenge_10_signal_features_colab_ultra
9717,0,8.00156e-06,0,challenge_10_signal_features_colab_ultra
9718,1,0.98915005,1,challenge_10_signal_features_colab_ultra
9719,0,0.00547321,0,challenge_10_signal_features_colab_ultra
9720,0,9.784177e-06,0,challenge_10_signal_features_colab_ultra
9721,1,0.9999981,1,challenge_10_signal_features_colab_ultra
9722,0,0.35377038,0,challenge_10_signal_features_colab_ultra
9723,0,0.00089066895,0,challenge_10_signal_features_colab_ultra
9724,0,0.0025279825,0,challenge_10_signal_features_colab_ultra
9725,0,0.10800638,0,challenge_10_signal_features_colab_ultra
9726,0,0.0015488939,0,challenge_10_signal_features_colab_ultra
9727,1,0.74387753,1,challenge_10_signal_features_colab_ultra
9728,0,0.00026871098,0,challenge_10_signal_features_colab_ultra
9729,0,5.539111e-07,0,challenge_10_signal_features_colab_ultra
9730,0,0.009262438,0,challenge_10_signal_features_colab_ultra
9731,1,0.9899923,1,challenge_10_signal_features_colab_ultra
9732,0,0.00050237926,0,challenge_10_signal_features_colab_ultra
9733,1,0.9242798,1,challenge_10_signal_features_colab_ultra
9734,0,0.000436278,0,challenge_10_signal_features_colab_ultra
9735,0,0.25866178,0,challenge_10_signal_features_colab_ultra
9736,0,2.7689073e-06,0,challenge_10_signal_features_colab_ultra
9737,0,0.0018281051,0,challenge_10_signal_features_colab_ultra
9738,1,0.99999934,1,challenge_10_signal_features_colab_ultra
9739,1,0.22334655,0,challenge_10_signal_features_colab_ultra
9740,0,3.8976945e-05,0,challenge_10_signal_features_colab_ultra
9741,1,0.9999978,1,challenge_10_signal_features_colab_ultra
9742,0,0.022734525,0,challenge_10_signal_features_colab_ultra
9743,1,0.99086624,1,challenge_10_signal_features_colab_ultra
9744,0,3.7165195e-05,0,challenge_10_signal_features_colab_ultra
9745,1,0.99426085,1,challenge_10_signal_features_colab_ultra
9746,0,0.28972122,0,challenge_10_signal_features_colab_ultra
9747,1,0.9917424,1,challenge_10_signal_features_colab_ultra
9748,1,0.9777953,1,challenge_10_signal_features_colab_ultra
9749,1,0.9999965,1,challenge_10_signal_features_colab_ultra
9750,0,0.014504152,0,challenge_10_signal_features_colab_ultra
9751,0,0.0007918449,0,challenge_10_signal_features_colab_ultra
9752,0,0.019958021,0,challenge_10_signal_features_colab_ultra
9753,0,0.00016540228,0,challenge_10_signal_features_colab_ultra
9754,1,0.6559665,1,challenge_10_signal_features_colab_ultra
9755,1,0.9872466,1,challenge_10_signal_features_colab_ultra
9756,0,0.04684963,0,challenge_10_signal_features_colab_ultra
9757,0,0.00035141676,0,challenge_10_signal_features_colab_ultra
9758,0,0.13303223,0,challenge_10_signal_features_colab_ultra
9759,1,0.88389075,1,challenge_10_signal_features_colab_ultra
9760,1,0.99999684,1,challenge_10_signal_features_colab_ultra
9761,0,5.0392606e-05,0,challenge_10_signal_features_colab_ultra
9762,0,0.000223948,0,challenge_10_signal_features_colab_ultra
9763,1,0.9787337,1,challenge_10_signal_features_colab_ultra
9764,0,0.019261925,0,challenge_10_signal_features_colab_ultra
9765,1,0.9999891,1,challenge_10_signal_features_colab_ultra
9766,1,0.9999982,1,challenge_10_signal_features_colab_ultra
9767,1,0.9968176,1,challenge_10_signal_features_colab_ultra
9768,1,0.95842224,1,challenge_10_signal_features_colab_ultra
9769,1,0.97641003,1,challenge_10_signal_features_colab_ultra
9770,1,0.98721045,1,challenge_10_signal_features_colab_ultra
9771,0,0.32957715,0,challenge_10_signal_features_colab_ultra
9772,1,0.99999684,1,challenge_10_signal_features_colab_ultra
9773,0,0.0032571845,0,challenge_10_signal_features_colab_ultra
9774,1,0.99999917,1,challenge_10_signal_features_colab_ultra
9775,0,0.28438115,0,challenge_10_signal_features_colab_ultra
9776,0,0.006388868,0,challenge_10_signal_features_colab_ultra
9777,0,0.0012420374,0,challenge_10_signal_features_colab_ultra
9778,0,0.00012897365,0,challenge_10_signal_features_colab_ultra
9779,1,0.99456924,1,challenge_10_signal_features_colab_ultra
9780,0,0.0009448612,0,challenge_10_signal_features_colab_ultra
9781,0,0.1047493,0,challenge_10_signal_features_colab_ultra
9782,1,0.6385671,1,challenge_10_signal_features_colab_ultra
9783,1,0.99028534,1,challenge_10_signal_features_colab_ultra
9784,1,0.88878983,1,challenge_10_signal_features_colab_ultra
9785,1,0.31471187,0,challenge_10_signal_features_colab_ultra
9786,0,0.07573272,0,challenge_10_signal_features_colab_ultra
9787,0,0.0029467973,0,challenge_10_signal_features_colab_ultra
9788,0,0.14613391,0,challenge_10_signal_features_colab_ultra
9789,0,3.6700545e-05,0,challenge_10_signal_features_colab_ultra
9790,1,0.99999934,1,challenge_10_signal_features_colab_ultra
9791,1,0.98682535,1,challenge_10_signal_features_colab_ultra
9792,1,0.8151226,1,challenge_10_signal_features_colab_ultra
9793,1,0.9999988,1,challenge_10_signal_features_colab_ultra
9794,0,3.2949545e-06,0,challenge_10_signal_features_colab_ultra
9795,0,2.2605184e-06,0,challenge_10_signal_features_colab_ultra
9796,1,0.99998987,1,challenge_10_signal_features_colab_ultra
9797,0,1.6107668e-05,0,challenge_10_signal_features_colab_ultra
9798,0,0.023337197,0,challenge_10_signal_features_colab_ultra
9799,1,0.9568816,1,challenge_10_signal_features_colab_ultra
9800,1,0.9999912,1,challenge_10_signal_features_colab_ultra
9801,0,5.0421397e-05,0,challenge_10_signal_features_colab_ultra
9802,0,0.15611678,0,challenge_10_signal_features_colab_ultra
9803,1,0.9999998,1,challenge_10_signal_features_colab_ultra
9804,1,0.85078305,1,challenge_10_signal_features_colab_ultra
9805,0,0.10211306,0,challenge_10_signal_features_colab_ultra
9806,0,0.00043554514,0,challenge_10_signal_features_colab_ultra
9807,1,0.99228585,1,challenge_10_signal_features_colab_ultra
9808,1,0.9756982,1,challenge_10_signal_features_colab_ultra
9809,0,4.721628e-05,0,challenge_10_signal_features_colab_ultra
9810,1,0.9537015,1,challenge_10_signal_features_colab_ultra
9811,1,0.9570289,1,challenge_10_signal_features_colab_ultra
9812,1,0.99998885,1,challenge_10_signal_features_colab_ultra
9813,1,0.9999977,1,challenge_10_signal_features_colab_ultra
9814,1,0.98128706,1,challenge_10_signal_features_colab_ultra
9815,1,0.98541135,1,challenge_10_signal_features_colab_ultra
9816,0,0.0019315844,0,challenge_10_signal_features_colab_ultra
9817,1,0.9999819,1,challenge_10_signal_features_colab_ultra
9818,0,0.004666225,0,challenge_10_signal_features_colab_ultra
9819,0,0.09126468,0,challenge_10_signal_features_colab_ultra
9820,0,0.14144698,0,challenge_10_signal_features_colab_ultra
9821,1,0.974439,1,challenge_10_signal_features_colab_ultra
9822,1,0.97333735,1,challenge_10_signal_features_colab_ultra
9823,1,0.999998,1,challenge_10_signal_features_colab_ultra
9824,0,0.0001588724,0,challenge_10_signal_features_colab_ultra
9825,0,9.114863e-05,0,challenge_10_signal_features_colab_ultra
9826,0,0.9208078,1,challenge_10_signal_features_colab_ultra
9827,1,0.004868797,0,challenge_10_signal_features_colab_ultra
9828,1,0.99999774,1,challenge_10_signal_features_colab_ultra
9829,0,0.064326614,0,challenge_10_signal_features_colab_ultra
9830,1,0.8531584,1,challenge_10_signal_features_colab_ultra
9831,0,0.012045628,0,challenge_10_signal_features_colab_ultra
9832,1,0.895868,1,challenge_10_signal_features_colab_ultra
9833,1,0.7221177,1,challenge_10_signal_features_colab_ultra
9834,1,0.99999535,1,challenge_10_signal_features_colab_ultra
9835,0,0.025739701,0,challenge_10_signal_features_colab_ultra
9836,0,0.11702991,0,challenge_10_signal_features_colab_ultra
9837,0,0.23255247,0,challenge_10_signal_features_colab_ultra
9838,1,0.76314276,1,challenge_10_signal_features_colab_ultra
9839,1,0.99501777,1,challenge_10_signal_features_colab_ultra
9840,0,0.002786152,0,challenge_10_signal_features_colab_ultra
9841,0,0.0065861377,0,challenge_10_signal_features_colab_ultra
9842,1,0.99425775,1,challenge_10_signal_features_colab_ultra
9843,0,0.003243112,0,challenge_10_signal_features_colab_ultra
9844,0,0.3716745,0,challenge_10_signal_features_colab_ultra
9845,0,0.0016619737,0,challenge_10_signal_features_colab_ultra
9846,0,0.020678325,0,challenge_10_signal_features_colab_ultra
9847,1,0.9999996,1,challenge_10_signal_features_colab_ultra
9848,1,0.33539286,0,challenge_10_signal_features_colab_ultra
9849,1,0.08359275,0,challenge_10_signal_features_colab_ultra
9850,0,0.05556571,0,challenge_10_signal_features_colab_ultra
9851,0,2.6954061e-05,0,challenge_10_signal_features_colab_ultra
9852,1,0.18930385,0,challenge_10_signal_features_colab_ultra
9853,1,0.99686056,1,challenge_10_signal_features_colab_ultra
9854,1,0.9999985,1,challenge_10_signal_features_colab_ultra
9855,0,0.028765757,0,challenge_10_signal_features_colab_ultra
9856,1,0.9999998,1,challenge_10_signal_features_colab_ultra
9857,0,0.0003251293,0,challenge_10_signal_features_colab_ultra
9858,0,7.666237e-06,0,challenge_10_signal_features_colab_ultra
9859,0,0.00021532545,0,challenge_10_signal_features_colab_ultra
9860,1,0.9501255,1,challenge_10_signal_features_colab_ultra
9861,0,9.379824e-07,0,challenge_10_signal_features_colab_ultra
9862,1,0.9483697,1,challenge_10_signal_features_colab_ultra
9863,0,0.086022116,0,challenge_10_signal_features_colab_ultra
9864,0,0.31836385,0,challenge_10_signal_features_colab_ultra
9865,1,0.99479806,1,challenge_10_signal_features_colab_ultra
9866,0,5.954852e-05,0,challenge_10_signal_features_colab_ultra
9867,1,0.9894656,1,challenge_10_signal_features_colab_ultra
9868,1,0.98462343,1,challenge_10_signal_features_colab_ultra
9869,1,0.94865865,1,challenge_10_signal_features_colab_ultra
9870,1,0.99111974,1,challenge_10_signal_features_colab_ultra
9871,0,0.034525476,0,challenge_10_signal_features_colab_ultra
9872,1,0.9999853,1,challenge_10_signal_features_colab_ultra
9873,1,0.99999946,1,challenge_10_signal_features_colab_ultra
9874,0,9.264912e-07,0,challenge_10_signal_features_colab_ultra
9875,0,0.27319834,0,challenge_10_signal_features_colab_ultra
9876,1,0.9902193,1,challenge_10_signal_features_colab_ultra
9877,0,0.006243914,0,challenge_10_signal_features_colab_ultra
9878,0,0.036983594,0,challenge_10_signal_features_colab_ultra
9879,0,2.9464768e-06,0,challenge_10_signal_features_colab_ultra
9880,0,0.021207701,0,challenge_10_signal_features_colab_ultra
9881,0,4.7980655e-05,0,challenge_10_signal_features_colab_ultra
9882,1,0.98524475,1,challenge_10_signal_features_colab_ultra
9883,1,0.8876359,1,challenge_10_signal_features_colab_ultra
9884,1,0.990107,1,challenge_10_signal_features_colab_ultra
9885,1,0.8113921,1,challenge_10_signal_features_colab_ultra
9886,0,0.052165166,0,challenge_10_signal_features_colab_ultra
9887,0,0.0075873043,0,challenge_10_signal_features_colab_ultra
9888,0,0.013060554,0,challenge_10_signal_features_colab_ultra
9889,0,0.032041892,0,challenge_10_signal_features_colab_ultra
9890,0,2.3078375e-05,0,challenge_10_signal_features_colab_ultra
9891,0,0.027534913,0,challenge_10_signal_features_colab_ultra
9892,1,0.9999996,1,challenge_10_signal_features_colab_ultra
9893,1,0.9999997,1,challenge_10_signal_features_colab_ultra
9894,0,0.04530073,0,challenge_10_signal_features_colab_ultra
9895,1,0.84415555,1,challenge_10_signal_features_colab_ultra
9896,0,2.3538401e-05,0,challenge_10_signal_features_colab_ultra
9897,1,0.9677194,1,challenge_10_signal_features_colab_ultra
9898,0,0.000490937,0,challenge_10_signal_features_colab_ultra
9899,0,0.012291286,0,challenge_10_signal_features_colab_ultra
9900,0,0.018709425,0,challenge_10_signal_features_colab_ultra
9901,1,0.9607916,1,challenge_10_signal_features_colab_ultra
9902,1,0.99685794,1,challenge_10_signal_features_colab_ultra
9903,0,0.4031076,0,challenge_10_signal_features_colab_ultra
9904,0,0.011079104,0,challenge_10_signal_features_colab_ultra
9905,0,0.001398383,0,challenge_10_signal_features_colab_ultra
9906,1,0.9924684,1,challenge_10_signal_features_colab_ultra
9907,0,0.0002416668,0,challenge_10_signal_features_colab_ultra
9908,0,0.060945548,0,challenge_10_signal_features_colab_ultra
9909,0,0.0025828735,0,challenge_10_signal_features_colab_ultra
9910,1,0.9973409,1,challenge_10_signal_features_colab_ultra
9911,0,0.00034503802,0,challenge_10_signal_features_colab_ultra
9912,1,0.9088866,1,challenge_10_signal_features_colab_ultra
9913,0,0.5183568,1,challenge_10_signal_features_colab_ultra
9914,0,0.03217934,0,challenge_10_signal_features_colab_ultra
9915,0,0.0006783478,0,challenge_10_signal_features_colab_ultra
9916,0,0.02495502,0,challenge_10_signal_features_colab_ultra
9917,1,0.436526,0,challenge_10_signal_features_colab_ultra
9918,1,0.9963624,1,challenge_10_signal_features_colab_ultra
9919,1,0.82474506,1,challenge_10_signal_features_colab_ultra
9920,1,0.99999994,1,challenge_10_signal_features_colab_ultra
9921,0,0.007842909,0,challenge_10_signal_features_colab_ultra
9922,0,0.21108194,0,challenge_10_signal_features_colab_ultra
9923,0,0.0034489294,0,challenge_10_signal_features_colab_ultra
9924,1,0.98564154,1,challenge_10_signal_features_colab_ultra
9925,1,0.9760654,1,challenge_10_signal_features_colab_ultra
9926,0,0.3228657,0,challenge_10_signal_features_colab_ultra
9927,1,0.9999976,1,challenge_10_signal_features_colab_ultra
9928,1,0.9268604,1,challenge_10_signal_features_colab_ultra
9929,0,0.0005802069,0,challenge_10_signal_features_colab_ultra
9930,1,0.99734664,1,challenge_10_signal_features_colab_ultra
9931,0,0.0018925607,0,challenge_10_signal_features_colab_ultra
9932,1,0.9865896,1,challenge_10_signal_features_colab_ultra
9933,1,0.78661144,1,challenge_10_signal_features_colab_ultra
9934,0,0.0033707565,0,challenge_10_signal_features_colab_ultra
9935,1,0.9033397,1,challenge_10_signal_features_colab_ultra
9936,0,0.025570568,0,challenge_10_signal_features_colab_ultra
9937,1,0.77173746,1,challenge_10_signal_features_colab_ultra
9938,1,0.5334428,1,challenge_10_signal_features_colab_ultra
9939,0,0.15331537,0,challenge_10_signal_features_colab_ultra
9940,0,0.19575533,0,challenge_10_signal_features_colab_ultra
9941,1,0.9855611,1,challenge_10_signal_features_colab_ultra
9942,1,0.99999976,1,challenge_10_signal_features_colab_ultra
9943,1,0.9924767,1,challenge_10_signal_features_colab_ultra
9944,0,0.00023417022,0,challenge_10_signal_features_colab_ultra
9945,1,0.9999998,1,challenge_10_signal_features_colab_ultra
9946,0,0.03587993,0,challenge_10_signal_features_colab_ultra
9947,1,0.989918,1,challenge_10_signal_features_colab_ultra
9948,1,0.9251625,1,challenge_10_signal_features_colab_ultra
9949,0,0.12057507,0,challenge_10_signal_features_colab_ultra
9950,0,0.0021764827,0,challenge_10_signal_features_colab_ultra
9951,0,0.012588072,0,challenge_10_signal_features_colab_ultra
9952,1,0.98365885,1,challenge_10_signal_features_colab_ultra
9953,1,0.99998534,1,challenge_10_signal_features_colab_ultra
9954,0,0.13776696,0,challenge_10_signal_features_colab_ultra
9955,0,0.06537733,0,challenge_10_signal_features_colab_ultra
9956,1,0.5200902,1,challenge_10_signal_features_colab_ultra
9957,1,0.9900977,1,challenge_10_signal_features_colab_ultra
9958,1,0.914674,1,challenge_10_signal_features_colab_ultra
9959,0,0.0008072038,0,challenge_10_signal_features_colab_ultra
9960,1,0.9306493,1,challenge_10_signal_features_colab_ultra
9961,1,0.99999017,1,challenge_10_signal_features_colab_ultra
9962,1,0.9999995,1,challenge_10_signal_features_colab_ultra
9963,0,0.026481943,0,challenge_10_signal_features_colab_ultra
9964,0,0.018377446,0,challenge_10_signal_features_colab_ultra
9965,1,0.9916847,1,challenge_10_signal_features_colab_ultra
9966,1,0.9205781,1,challenge_10_signal_features_colab_ultra
9967,0,0.0102377245,0,challenge_10_signal_features_colab_ultra
9968,0,0.00061570655,0,challenge_10_signal_features_colab_ultra
9969,1,0.99999994,1,challenge_10_signal_features_colab_ultra
9970,0,0.00010085345,0,challenge_10_signal_features_colab_ultra
9971,0,0.0011232512,0,challenge_10_signal_features_colab_ultra
9972,0,0.36670035,0,challenge_10_signal_features_colab_ultra
9973,1,0.9950115,1,challenge_10_signal_features_colab_ultra
9974,1,0.98765963,1,challenge_10_signal_features_colab_ultra
9975,1,0.91385955,1,challenge_10_signal_features_colab_ultra
9976,1,0.9862027,1,challenge_10_signal_features_colab_ultra
9977,1,0.9847834,1,challenge_10_signal_features_colab_ultra
9978,1,0.97878546,1,challenge_10_signal_features_colab_ultra
9979,1,0.99414456,1,challenge_10_signal_features_colab_ultra
9980,0,0.019659929,0,challenge_10_signal_features_colab_ultra
9981,1,0.9881869,1,challenge_10_signal_features_colab_ultra
9982,0,0.003061028,0,challenge_10_signal_features_colab_ultra
9983,1,0.97456825,1,challenge_10_signal_features_colab_ultra
9984,0,0.024662055,0,challenge_10_signal_features_colab_ultra
9985,1,0.99999917,1,challenge_10_signal_features_colab_ultra
9986,0,9.286684e-06,0,challenge_10_signal_features_colab_ultra
9987,1,0.36631364,0,challenge_10_signal_features_colab_ultra
9988,0,0.00059264136,0,challenge_10_signal_features_colab_ultra
9989,0,0.0042155003,0,challenge_10_signal_features_colab_ultra
9990,0,0.027513742,0,challenge_10_signal_features_colab_ultra
9991,0,0.318765,0,challenge_10_signal_features_colab_ultra
9992,0,8.083443e-05,0,challenge_10_signal_features_colab_ultra
9993,1,0.99999005,1,challenge_10_signal_features_colab_ultra
9994,0,0.0011734081,0,challenge_10_signal_features_colab_ultra
9995,0,0.00092373457,0,challenge_10_signal_features_colab_ultra
9996,0,0.014950448,0,challenge_10_signal_features_colab_ultra
9997,1,0.9159735,1,challenge_10_signal_features_colab_ultra
9998,1,0.14643192,0,challenge_10_signal_features_colab_ultra
9999,0,0.00012490679,0,challenge_10_signal_features_colab_ultra
10000,1,0.9871214,1,challenge_10_signal_features_colab_ultra
