candidate_id,source,signature,pca__n_components,model__C,model__gamma,params_json,stage,cv_mean_accuracy,cv_std_accuracy,total_fit_seconds,completed_folds
stage3_751,stage3_seed_2,"{""model__C"": 3.0, ""model__gamma"": 0.01, ""pca__n_components"": 116}",116,3.0,0.01,"{""model__C"": 3.0, ""model__gamma"": 0.01, ""pca__n_components"": 116}",stage3_local_cv,0.81075,0.0037165171868296346,27.067,5
stage3_877,stage3_seed_2,"{""model__C"": 3.0, ""model__gamma"": 0.01, ""pca__n_components"": 128}",128,3.0,0.01,"{""model__C"": 3.0, ""model__gamma"": 0.01, ""pca__n_components"": 128}",stage3_local_cv,0.810375,0.0028939592256975438,27.246,5
stage3_835,stage3_seed_2,"{""model__C"": 3.0, ""model__gamma"": 0.01, ""pca__n_components"": 124}",124,3.0,0.01,"{""model__C"": 3.0, ""model__gamma"": 0.01, ""pca__n_components"": 124}",stage3_local_cv,0.8102500000000001,0.00372071901653431,31.629,5
stage3_566,stage3_seed_1,"{""model__C"": 6.0, ""model__gamma"": 0.01, ""pca__n_components"": 112}",112,6.0,0.01,"{""model__C"": 6.0, ""model__gamma"": 0.01, ""pca__n_components"": 112}",stage3_local_cv,0.810125,0.004355312847546103,27.543000000000003,5
stage3_114,stage3_seed_0,"{""model__C"": 8.0, ""model__gamma"": 0.01, ""pca__n_components"": 68}",68,8.0,0.01,"{""model__C"": 8.0, ""model__gamma"": 0.01, ""pca__n_components"": 68}",stage3_local_cv,0.8100000000000002,0.005755432216610696,26.201999999999998,5
stage3_683,stage3_seed_2,"{""model__C"": 3.0, ""model__gamma"": 0.01, ""pca__n_components"": 108}",108,3.0,0.01,"{""model__C"": 3.0, ""model__gamma"": 0.01, ""pca__n_components"": 108}",stage3_local_cv,0.8099999999999999,0.0019364916731037104,31.227999999999998,5
stage3_849,stage3_seed_2,"{""model__C"": 6.0, ""model__gamma"": 0.01, ""pca__n_components"": 124}",124,6.0,0.01,"{""model__C"": 6.0, ""model__gamma"": 0.01, ""pca__n_components"": 124}",stage3_local_cv,0.8098750000000001,0.003921096785339559,30.916999999999998,5
stage3_149,stage3_seed_0,"{""model__C"": 6.0, ""model__gamma"": 0.01, ""pca__n_components"": 72}",72,6.0,0.01,"{""model__C"": 6.0, ""model__gamma"": 0.01, ""pca__n_components"": 72}",stage3_local_cv,0.8098749999999999,0.006619101147436887,26.919999999999998,5
stage3_891,stage3_seed_2,"{""model__C"": 6.0, ""model__gamma"": 0.01, ""pca__n_components"": 128}",128,6.0,0.01,"{""model__C"": 6.0, ""model__gamma"": 0.01, ""pca__n_components"": 128}",stage3_local_cv,0.80975,0.0033447720400648947,26.57,5
stage3_793,stage3_seed_2,"{""model__C"": 3.0, ""model__gamma"": 0.01, ""pca__n_components"": 120}",120,3.0,0.01,"{""model__C"": 3.0, ""model__gamma"": 0.01, ""pca__n_components"": 120}",stage3_local_cv,0.80975,0.003678484742390542,28.092,5
stage3_765,stage3_seed_2,"{""model__C"": 6.0, ""model__gamma"": 0.01, ""pca__n_components"": 116}",116,6.0,0.01,"{""model__C"": 6.0, ""model__gamma"": 0.01, ""pca__n_components"": 116}",stage3_local_cv,0.8097499999999999,0.0041193142633210115,26.488,5
stage3_807,stage3_seed_2,"{""model__C"": 6.0, ""model__gamma"": 0.01, ""pca__n_components"": 120}",120,6.0,0.01,"{""model__C"": 6.0, ""model__gamma"": 0.01, ""pca__n_components"": 120}",stage3_local_cv,0.8095000000000001,0.003940970692608578,28.788999999999998,5
stage3_717,stage3_seed_2,"{""model__C"": 3.0, ""model__gamma"": 0.01, ""pca__n_components"": 112}",112,3.0,0.01,"{""model__C"": 3.0, ""model__gamma"": 0.01, ""pca__n_components"": 112}",stage3_local_cv,0.809375,0.0020155644370746426,28.418,5
stage3_107,stage3_seed_0,"{""model__C"": 6.0, ""model__gamma"": 0.01, ""pca__n_components"": 68}",68,6.0,0.01,"{""model__C"": 6.0, ""model__gamma"": 0.01, ""pca__n_components"": 68}",stage3_local_cv,0.8092500000000001,0.003960744879438717,22.443,5
stage3_072,stage3_seed_0,"{""model__C"": 8.0, ""model__gamma"": 0.01, ""pca__n_components"": 64}",64,8.0,0.01,"{""model__C"": 8.0, ""model__gamma"": 0.01, ""pca__n_components"": 64}",stage3_local_cv,0.8091249999999999,0.007295118230707456,24.244,5
stage3_156,stage3_seed_0,"{""model__C"": 8.0, ""model__gamma"": 0.01, ""pca__n_components"": 72}",72,8.0,0.01,"{""model__C"": 8.0, ""model__gamma"": 0.01, ""pca__n_components"": 72}",stage3_local_cv,0.8091249999999999,0.004304793839430636,25.55,5
stage3_649,stage3_seed_2,"{""model__C"": 3.0, ""model__gamma"": 0.01, ""pca__n_components"": 104}",104,3.0,0.01,"{""model__C"": 3.0, ""model__gamma"": 0.01, ""pca__n_components"": 104}",stage3_local_cv,0.8089999999999999,0.0021866069605669764,29.275000000000002,5
stage3_422,stage3_seed_1,"{""model__C"": 6.0, ""model__gamma"": 0.01, ""pca__n_components"": 96}",96,6.0,0.01,"{""model__C"": 6.0, ""model__gamma"": 0.01, ""pca__n_components"": 96}",stage3_local_cv,0.8088750000000001,0.005279678020485735,28.005000000000003,5
stage3_065,stage3_seed_0,"{""model__C"": 6.0, ""model__gamma"": 0.01, ""pca__n_components"": 64}",64,6.0,0.01,"{""model__C"": 6.0, ""model__gamma"": 0.01, ""pca__n_components"": 64}",stage3_local_cv,0.8087499999999999,0.0059424321620023726,21.644,5
stage3_800,stage3_seed_2,"{""model__C"": 4.0, ""model__gamma"": 0.01, ""pca__n_components"": 120}",120,4.0,0.01,"{""model__C"": 4.0, ""model__gamma"": 0.01, ""pca__n_components"": 120}",stage3_local_cv,0.8084999999999999,0.006819090848492929,28.892000000000003,5
stage3_530,stage3_seed_1,"{""model__C"": 6.0, ""model__gamma"": 0.01, ""pca__n_components"": 108}",108,6.0,0.01,"{""model__C"": 6.0, ""model__gamma"": 0.01, ""pca__n_components"": 108}",stage3_local_cv,0.8084999999999999,0.005556527692723225,29.246,5
stage3_615,stage3_seed_2,"{""model__C"": 3.0, ""model__gamma"": 0.01, ""pca__n_components"": 100}",100,3.0,0.01,"{""model__C"": 3.0, ""model__gamma"": 0.01, ""pca__n_components"": 100}",stage3_local_cv,0.8083750000000001,0.0024238399287081504,26.540999999999997,5
stage3_536,stage3_seed_1,"{""model__C"": 8.0, ""model__gamma"": 0.01, ""pca__n_components"": 108}",108,8.0,0.01,"{""model__C"": 8.0, ""model__gamma"": 0.01, ""pca__n_components"": 108}",stage3_local_cv,0.8082499999999999,0.005129571132170808,30.833999999999996,5
stage3_191,stage3_seed_0,"{""model__C"": 6.0, ""model__gamma"": 0.01, ""pca__n_components"": 76}",76,6.0,0.01,"{""model__C"": 6.0, ""model__gamma"": 0.01, ""pca__n_components"": 76}",stage3_local_cv,0.8081250000000001,0.002270737765573107,25.911,5
stage3_184,stage3_seed_0,"{""model__C"": 4.0, ""model__gamma"": 0.01, ""pca__n_components"": 76}",76,4.0,0.01,"{""model__C"": 4.0, ""model__gamma"": 0.01, ""pca__n_components"": 76}",stage3_local_cv,0.808,0.0028339460121886775,26.320999999999998,5
stage3_884,stage3_seed_2,"{""model__C"": 4.0, ""model__gamma"": 0.01, ""pca__n_components"": 128}",128,4.0,0.01,"{""model__C"": 4.0, ""model__gamma"": 0.01, ""pca__n_components"": 128}",stage3_local_cv,0.808,0.004749999999999981,27.622000000000003,5
stage3_494,stage3_seed_1,"{""model__C"": 6.0, ""model__gamma"": 0.01, ""pca__n_components"": 104}",104,6.0,0.01,"{""model__C"": 6.0, ""model__gamma"": 0.01, ""pca__n_components"": 104}",stage3_local_cv,0.808,0.0037583240945932,28.669,5
stage3_524,stage3_seed_1,"{""model__C"": 4.0, ""model__gamma"": 0.01, ""pca__n_components"": 108}",108,4.0,0.01,"{""model__C"": 4.0, ""model__gamma"": 0.01, ""pca__n_components"": 108}",stage3_local_cv,0.808,0.00439104201756256,30.719,5
stage3_572,stage3_seed_1,"{""model__C"": 8.0, ""model__gamma"": 0.01, ""pca__n_components"": 112}",112,8.0,0.01,"{""model__C"": 8.0, ""model__gamma"": 0.01, ""pca__n_components"": 112}",stage3_local_cv,0.8077500000000001,0.005071365693775168,25.987000000000002,5
stage3_458,stage3_seed_1,"{""model__C"": 6.0, ""model__gamma"": 0.01, ""pca__n_components"": 100}",100,6.0,0.01,"{""model__C"": 6.0, ""model__gamma"": 0.01, ""pca__n_components"": 100}",stage3_local_cv,0.8077500000000001,0.005282636652278868,27.325999999999997,5
stage3_560,stage3_seed_1,"{""model__C"": 4.0, ""model__gamma"": 0.01, ""pca__n_components"": 112}",112,4.0,0.01,"{""model__C"": 4.0, ""model__gamma"": 0.01, ""pca__n_components"": 112}",stage3_local_cv,0.807625,0.004531142240097966,27.723,5
stage3_428,stage3_seed_1,"{""model__C"": 8.0, ""model__gamma"": 0.01, ""pca__n_components"": 96}",96,8.0,0.01,"{""model__C"": 8.0, ""model__gamma"": 0.01, ""pca__n_components"": 96}",stage3_local_cv,0.8074999999999999,0.004126893504804801,24.688,5
stage3_758,stage3_seed_2,"{""model__C"": 4.0, ""model__gamma"": 0.01, ""pca__n_components"": 116}",116,4.0,0.01,"{""model__C"": 4.0, ""model__gamma"": 0.01, ""pca__n_components"": 116}",stage3_local_cv,0.8074999999999999,0.006880679472261433,27.62,5
stage3_577,stage3_seed_1,"{""model__C"": 12.0, ""model__gamma"": 0.005, ""pca__n_components"": 112}",112,12.0,0.005,"{""model__C"": 12.0, ""model__gamma"": 0.005, ""pca__n_components"": 112}",stage3_local_cv,0.8073750000000001,0.005581778390441552,32.111,5
stage3_842,stage3_seed_2,"{""model__C"": 4.0, ""model__gamma"": 0.01, ""pca__n_components"": 124}",124,4.0,0.01,"{""model__C"": 4.0, ""model__gamma"": 0.01, ""pca__n_components"": 124}",stage3_local_cv,0.80725,0.005385164807134534,30.555,5
stage3_488,stage3_seed_1,"{""model__C"": 4.0, ""model__gamma"": 0.01, ""pca__n_components"": 104}",104,4.0,0.01,"{""model__C"": 4.0, ""model__gamma"": 0.01, ""pca__n_components"": 104}",stage3_local_cv,0.8071249999999999,0.003273950213427203,26.506999999999998,5
stage3_233,stage3_seed_0,"{""model__C"": 6.0, ""model__gamma"": 0.01, ""pca__n_components"": 80}",80,6.0,0.01,"{""model__C"": 6.0, ""model__gamma"": 0.01, ""pca__n_components"": 80}",stage3_local_cv,0.807,0.0036954363747736096,22.323,5
stage3_416,stage3_seed_1,"{""model__C"": 4.0, ""model__gamma"": 0.01, ""pca__n_components"": 96}",96,4.0,0.01,"{""model__C"": 4.0, ""model__gamma"": 0.01, ""pca__n_components"": 96}",stage3_local_cv,0.807,0.004209364560120677,24.966,5
stage3_452,stage3_seed_1,"{""model__C"": 4.0, ""model__gamma"": 0.01, ""pca__n_components"": 100}",100,4.0,0.01,"{""model__C"": 4.0, ""model__gamma"": 0.01, ""pca__n_components"": 100}",stage3_local_cv,0.8069999999999998,0.003652909799050617,24.743,5
stage3_464,stage3_seed_1,"{""model__C"": 8.0, ""model__gamma"": 0.01, ""pca__n_components"": 100}",100,8.0,0.01,"{""model__C"": 8.0, ""model__gamma"": 0.01, ""pca__n_components"": 100}",stage3_local_cv,0.8069999999999998,0.0045995923732435155,25.997000000000003,5
stage3_386,stage3_seed_1,"{""model__C"": 6.0, ""model__gamma"": 0.01, ""pca__n_components"": 92}",92,6.0,0.01,"{""model__C"": 6.0, ""model__gamma"": 0.01, ""pca__n_components"": 92}",stage3_local_cv,0.8067500000000001,0.0049117206760971015,27.207,5
stage3_574,stage3_seed_1,"{""model__C"": 12.0, ""model__gamma"": ""scale"", ""pca__n_components"": 112}",112,12.0,scale,"{""model__C"": 12.0, ""model__gamma"": ""scale"", ""pca__n_components"": 112}",stage3_local_cv,0.8067499999999999,0.004974937185533061,26.63,5
stage3_101,stage3_seed_0,"{""model__C"": 4.0, ""model__gamma"": 0.02, ""pca__n_components"": 68}",68,4.0,0.02,"{""model__C"": 4.0, ""model__gamma"": 0.02, ""pca__n_components"": 68}",stage3_local_cv,0.806625,0.005681659088681754,23.012999999999998,5
stage3_121,stage3_seed_0,"{""model__C"": 12.0, ""model__gamma"": 0.01, ""pca__n_components"": 68}",68,12.0,0.01,"{""model__C"": 12.0, ""model__gamma"": 0.01, ""pca__n_components"": 68}",stage3_local_cv,0.806625,0.0065024034018199735,23.701,5
stage3_198,stage3_seed_0,"{""model__C"": 8.0, ""model__gamma"": 0.01, ""pca__n_components"": 76}",76,8.0,0.01,"{""model__C"": 8.0, ""model__gamma"": 0.01, ""pca__n_components"": 76}",stage3_local_cv,0.806625,0.00225693376065846,24.739,5
stage3_275,stage3_seed_0,"{""model__C"": 6.0, ""model__gamma"": 0.01, ""pca__n_components"": 84}",84,6.0,0.01,"{""model__C"": 6.0, ""model__gamma"": 0.01, ""pca__n_components"": 84}",stage3_local_cv,0.806625,0.004818583816849106,25.36,5
stage3_303,stage3_seed_0,"{""model__C"": 3.0, ""model__gamma"": 0.01, ""pca__n_components"": 88}",88,3.0,0.01,"{""model__C"": 3.0, ""model__gamma"": 0.01, ""pca__n_components"": 88}",stage3_local_cv,0.8063750000000001,0.004444097208657797,29.893,5
stage3_500,stage3_seed_1,"{""model__C"": 8.0, ""model__gamma"": 0.01, ""pca__n_components"": 104}",104,8.0,0.01,"{""model__C"": 8.0, ""model__gamma"": 0.01, ""pca__n_components"": 104}",stage3_local_cv,0.8063750000000001,0.0036742346141747572,31.242,5
stage3_079,stage3_seed_0,"{""model__C"": 12.0, ""model__gamma"": 0.01, ""pca__n_components"": 64}",64,12.0,0.01,"{""model__C"": 12.0, ""model__gamma"": 0.01, ""pca__n_components"": 64}",stage3_local_cv,0.80625,0.008357257325223372,23.155,5
stage3_135,stage3_seed_0,"{""model__C"": 3.0, ""model__gamma"": 0.01, ""pca__n_components"": 72}",72,3.0,0.01,"{""model__C"": 3.0, ""model__gamma"": 0.01, ""pca__n_components"": 72}",stage3_local_cv,0.80625,0.0028504385627478525,23.996,5
stage3_310,stage3_seed_0,"{""model__C"": 4.0, ""model__gamma"": 0.01, ""pca__n_components"": 88}",88,4.0,0.01,"{""model__C"": 4.0, ""model__gamma"": 0.01, ""pca__n_components"": 88}",stage3_local_cv,0.80625,0.003010398644698079,26.609,5
stage3_219,stage3_seed_0,"{""model__C"": 3.0, ""model__gamma"": 0.01, ""pca__n_components"": 80}",80,3.0,0.01,"{""model__C"": 3.0, ""model__gamma"": 0.01, ""pca__n_components"": 80}",stage3_local_cv,0.8061250000000001,0.00403887360535087,21.135,5
stage3_317,stage3_seed_0,"{""model__C"": 6.0, ""model__gamma"": 0.01, ""pca__n_components"": 88}",88,6.0,0.01,"{""model__C"": 6.0, ""model__gamma"": 0.01, ""pca__n_components"": 88}",stage3_local_cv,0.806125,0.005440013786747247,25.831999999999997,5
stage3_051,stage3_seed_0,"{""model__C"": 3.0, ""model__gamma"": 0.01, ""pca__n_components"": 64}",64,3.0,0.01,"{""model__C"": 3.0, ""model__gamma"": 0.01, ""pca__n_components"": 64}",stage3_local_cv,0.805875,0.005312132340218937,22.23,5
stage3_094,stage3_seed_0,"{""model__C"": 3.0, ""model__gamma"": 0.02, ""pca__n_components"": 68}",68,3.0,0.02,"{""model__C"": 3.0, ""model__gamma"": 0.02, ""pca__n_components"": 68}",stage3_local_cv,0.805875,0.0055985489191396984,23.246,5
stage3_870,stage3_seed_2,"{""model__C"": 2.0, ""model__gamma"": 0.01, ""pca__n_components"": 128}",128,2.0,0.01,"{""model__C"": 2.0, ""model__gamma"": 0.01, ""pca__n_components"": 128}",stage3_local_cv,0.805875,0.002811805469800507,26.666,5
stage3_240,stage3_seed_0,"{""model__C"": 8.0, ""model__gamma"": 0.01, ""pca__n_components"": 80}",80,8.0,0.01,"{""model__C"": 8.0, ""model__gamma"": 0.01, ""pca__n_components"": 80}",stage3_local_cv,0.805625,0.003137475099502796,25.127000000000002,5
stage3_226,stage3_seed_0,"{""model__C"": 4.0, ""model__gamma"": 0.01, ""pca__n_components"": 80}",80,4.0,0.01,"{""model__C"": 4.0, ""model__gamma"": 0.01, ""pca__n_components"": 80}",stage3_local_cv,0.805625,0.003307189138830756,26.293,5
stage3_380,stage3_seed_1,"{""model__C"": 4.0, ""model__gamma"": 0.01, ""pca__n_components"": 92}",92,4.0,0.01,"{""model__C"": 4.0, ""model__gamma"": 0.01, ""pca__n_components"": 92}",stage3_local_cv,0.8056249999999998,0.0035355339059327485,32.065,5
stage3_177,stage3_seed_0,"{""model__C"": 3.0, ""model__gamma"": 0.01, ""pca__n_components"": 76}",76,3.0,0.01,"{""model__C"": 3.0, ""model__gamma"": 0.01, ""pca__n_components"": 76}",stage3_local_cv,0.8055,0.00345506874027129,27.926000000000002,5
stage3_045,stage3_seed_0,"{""model__C"": 2.0, ""model__gamma"": 0.02, ""pca__n_components"": 64}",64,2.0,0.02,"{""model__C"": 2.0, ""model__gamma"": 0.02, ""pca__n_components"": 64}",stage3_local_cv,0.8053750000000001,0.0042683427697409885,21.217,5
stage3_100,stage3_seed_0,"{""model__C"": 4.0, ""model__gamma"": 0.01, ""pca__n_components"": 68}",68,4.0,0.01,"{""model__C"": 4.0, ""model__gamma"": 0.01, ""pca__n_components"": 68}",stage3_local_cv,0.805375,0.0033213325638965815,24.073,5
stage3_087,stage3_seed_0,"{""model__C"": 2.0, ""model__gamma"": 0.02, ""pca__n_components"": 68}",68,2.0,0.02,"{""model__C"": 2.0, ""model__gamma"": 0.02, ""pca__n_components"": 68}",stage3_local_cv,0.80525,0.003459588125774544,22.073,5
stage3_268,stage3_seed_0,"{""model__C"": 4.0, ""model__gamma"": 0.01, ""pca__n_components"": 84}",84,4.0,0.01,"{""model__C"": 4.0, ""model__gamma"": 0.01, ""pca__n_components"": 84}",stage3_local_cv,0.80525,0.0024238399287081517,23.581,5
stage3_786,stage3_seed_2,"{""model__C"": 2.0, ""model__gamma"": 0.01, ""pca__n_components"": 120}",120,2.0,0.01,"{""model__C"": 2.0, ""model__gamma"": 0.01, ""pca__n_components"": 120}",stage3_local_cv,0.80525,0.0038850675669800153,27.226,5
stage3_392,stage3_seed_1,"{""model__C"": 8.0, ""model__gamma"": 0.01, ""pca__n_components"": 92}",92,8.0,0.01,"{""model__C"": 8.0, ""model__gamma"": 0.01, ""pca__n_components"": 92}",stage3_local_cv,0.80525,0.0036784847423905424,29.136999999999997,5
stage3_163,stage3_seed_0,"{""model__C"": 12.0, ""model__gamma"": 0.01, ""pca__n_components"": 72}",72,12.0,0.01,"{""model__C"": 12.0, ""model__gamma"": 0.01, ""pca__n_components"": 72}",stage3_local_cv,0.8052499999999998,0.004100304866714205,24.997000000000003,5
stage3_261,stage3_seed_0,"{""model__C"": 3.0, ""model__gamma"": 0.01, ""pca__n_components"": 84}",84,3.0,0.01,"{""model__C"": 3.0, ""model__gamma"": 0.01, ""pca__n_components"": 84}",stage3_local_cv,0.8052499999999998,0.0036571847095819227,26.038,5
stage3_023,stage3_seed_0,"{""model__C"": 6.0, ""model__gamma"": 0.01, ""pca__n_components"": 60}",60,6.0,0.01,"{""model__C"": 6.0, ""model__gamma"": 0.01, ""pca__n_components"": 60}",stage3_local_cv,0.805125,0.0053967582862307194,25.802,5
stage3_030,stage3_seed_0,"{""model__C"": 8.0, ""model__gamma"": 0.01, ""pca__n_components"": 60}",60,8.0,0.01,"{""model__C"": 8.0, ""model__gamma"": 0.01, ""pca__n_components"": 60}",stage3_local_cv,0.805125,0.004766418991234413,25.810000000000002,5
stage3_542,stage3_seed_1,"{""model__C"": 12.0, ""model__gamma"": 0.01, ""pca__n_components"": 108}",108,12.0,0.01,"{""model__C"": 12.0, ""model__gamma"": 0.01, ""pca__n_components"": 108}",stage3_local_cv,0.805125,0.004633438248212673,30.282,5
stage3_142,stage3_seed_0,"{""model__C"": 4.0, ""model__gamma"": 0.01, ""pca__n_components"": 72}",72,4.0,0.01,"{""model__C"": 4.0, ""model__gamma"": 0.01, ""pca__n_components"": 72}",stage3_local_cv,0.804875,0.004000000000000024,25.689,5
stage3_828,stage3_seed_2,"{""model__C"": 2.0, ""model__gamma"": 0.01, ""pca__n_components"": 124}",124,2.0,0.01,"{""model__C"": 2.0, ""model__gamma"": 0.01, ""pca__n_components"": 124}",stage3_local_cv,0.804875,0.002069118169655856,31.715000000000003,5
stage3_583,stage3_seed_1,"{""model__C"": 16.0, ""model__gamma"": 0.005, ""pca__n_components"": 112}",112,16.0,0.005,"{""model__C"": 16.0, ""model__gamma"": 0.005, ""pca__n_components"": 112}",stage3_local_cv,0.80475,0.007589054618330256,27.441,5
stage3_744,stage3_seed_2,"{""model__C"": 2.0, ""model__gamma"": 0.01, ""pca__n_components"": 116}",116,2.0,0.01,"{""model__C"": 2.0, ""model__gamma"": 0.01, ""pca__n_components"": 116}",stage3_local_cv,0.804625,0.0035266839949164817,27.619,5
stage3_568,stage3_seed_1,"{""model__C"": 8.0, ""model__gamma"": ""scale"", ""pca__n_components"": 112}",112,8.0,scale,"{""model__C"": 8.0, ""model__gamma"": ""scale"", ""pca__n_components"": 112}",stage3_local_cv,0.804625,0.005282636652278855,32.861000000000004,5
stage3_282,stage3_seed_0,"{""model__C"": 8.0, ""model__gamma"": 0.01, ""pca__n_components"": 84}",84,8.0,0.01,"{""model__C"": 8.0, ""model__gamma"": 0.01, ""pca__n_components"": 84}",stage3_local_cv,0.8046249999999999,0.006080193253507654,27.416999999999998,5
stage3_205,stage3_seed_0,"{""model__C"": 12.0, ""model__gamma"": 0.01, ""pca__n_components"": 76}",76,12.0,0.01,"{""model__C"": 12.0, ""model__gamma"": 0.01, ""pca__n_components"": 76}",stage3_local_cv,0.8045,0.004444097208657808,24.215999999999998,5
stage3_805,stage3_seed_2,"{""model__C"": 6.0, ""model__gamma"": ""scale"", ""pca__n_components"": 120}",120,6.0,scale,"{""model__C"": 6.0, ""model__gamma"": ""scale"", ""pca__n_components"": 120}",stage3_local_cv,0.8045,0.0044264828024064605,31.369,5
stage3_059,stage3_seed_0,"{""model__C"": 4.0, ""model__gamma"": 0.02, ""pca__n_components"": 64}",64,4.0,0.02,"{""model__C"": 4.0, ""model__gamma"": 0.02, ""pca__n_components"": 64}",stage3_local_cv,0.804375,0.006970921746799342,20.244000000000003,5
stage3_434,stage3_seed_1,"{""model__C"": 12.0, ""model__gamma"": 0.01, ""pca__n_components"": 96}",96,12.0,0.01,"{""model__C"": 12.0, ""model__gamma"": 0.01, ""pca__n_components"": 96}",stage3_local_cv,0.804375,0.0043481317827315305,29.048000000000002,5
stage3_502,stage3_seed_1,"{""model__C"": 12.0, ""model__gamma"": ""scale"", ""pca__n_components"": 104}",104,12.0,scale,"{""model__C"": 12.0, ""model__gamma"": ""scale"", ""pca__n_components"": 104}",stage3_local_cv,0.804375,0.005015600661934743,32.242,5
stage3_052,stage3_seed_0,"{""model__C"": 3.0, ""model__gamma"": 0.02, ""pca__n_components"": 64}",64,3.0,0.02,"{""model__C"": 3.0, ""model__gamma"": 0.02, ""pca__n_components"": 64}",stage3_local_cv,0.80425,0.005787918451395101,21.198,5
stage3_578,stage3_seed_1,"{""model__C"": 12.0, ""model__gamma"": 0.01, ""pca__n_components"": 112}",112,12.0,0.01,"{""model__C"": 12.0, ""model__gamma"": 0.01, ""pca__n_components"": 112}",stage3_local_cv,0.80425,0.0044264828024064605,26.864,5
stage3_496,stage3_seed_1,"{""model__C"": 8.0, ""model__gamma"": ""scale"", ""pca__n_components"": 104}",104,8.0,scale,"{""model__C"": 8.0, ""model__gamma"": ""scale"", ""pca__n_components"": 104}",stage3_local_cv,0.80425,0.00616694819177202,33.522,5
stage3_506,stage3_seed_1,"{""model__C"": 12.0, ""model__gamma"": 0.01, ""pca__n_components"": 104}",104,12.0,0.01,"{""model__C"": 12.0, ""model__gamma"": 0.01, ""pca__n_components"": 104}",stage3_local_cv,0.804125,0.004619929653144094,27.893,5
stage3_571,stage3_seed_1,"{""model__C"": 8.0, ""model__gamma"": 0.005, ""pca__n_components"": 112}",112,8.0,0.005,"{""model__C"": 8.0, ""model__gamma"": 0.005, ""pca__n_components"": 112}",stage3_local_cv,0.804125,0.005399652766613787,27.976,5
stage3_119,stage3_seed_0,"{""model__C"": 12.0, ""model__gamma"": ""scale"", ""pca__n_components"": 68}",68,12.0,scale,"{""model__C"": 12.0, ""model__gamma"": ""scale"", ""pca__n_components"": 68}",stage3_local_cv,0.804125,0.00615680517801239,28.332,5
stage3_676,stage3_seed_2,"{""model__C"": 2.0, ""model__gamma"": 0.01, ""pca__n_components"": 108}",108,2.0,0.01,"{""model__C"": 2.0, ""model__gamma"": 0.01, ""pca__n_components"": 108}",stage3_local_cv,0.804125,0.003201562118716403,30.202,5
stage3_003,stage3_seed_0,"{""model__C"": 2.0, ""model__gamma"": 0.02, ""pca__n_components"": 60}",60,2.0,0.02,"{""model__C"": 2.0, ""model__gamma"": 0.02, ""pca__n_components"": 60}",stage3_local_cv,0.804,0.006550286253286959,24.999000000000002,5
stage3_171,stage3_seed_0,"{""model__C"": 2.0, ""model__gamma"": 0.02, ""pca__n_components"": 76}",76,2.0,0.02,"{""model__C"": 2.0, ""model__gamma"": 0.02, ""pca__n_components"": 76}",stage3_local_cv,0.8039999999999999,0.003678484742390542,25.001,5
stage3_470,stage3_seed_1,"{""model__C"": 12.0, ""model__gamma"": 0.01, ""pca__n_components"": 100}",100,12.0,0.01,"{""model__C"": 12.0, ""model__gamma"": 0.01, ""pca__n_components"": 100}",stage3_local_cv,0.8039999999999999,0.0032739502134272146,30.152,5
stage3_324,stage3_seed_0,"{""model__C"": 8.0, ""model__gamma"": 0.01, ""pca__n_components"": 88}",88,8.0,0.01,"{""model__C"": 8.0, ""model__gamma"": 0.01, ""pca__n_components"": 88}",stage3_local_cv,0.803875,0.004990616194419289,24.566000000000003,5
stage3_499,stage3_seed_1,"{""model__C"": 8.0, ""model__gamma"": 0.005, ""pca__n_components"": 104}",104,8.0,0.005,"{""model__C"": 8.0, ""model__gamma"": 0.005, ""pca__n_components"": 104}",stage3_local_cv,0.803875,0.00533853912601565,29.696000000000005,5
stage3_532,stage3_seed_1,"{""model__C"": 8.0, ""model__gamma"": ""scale"", ""pca__n_components"": 108}",108,8.0,scale,"{""model__C"": 8.0, ""model__gamma"": ""scale"", ""pca__n_components"": 108}",stage3_local_cv,0.803875,0.006013006735402845,31.694,5
stage3_806,stage3_seed_2,"{""model__C"": 6.0, ""model__gamma"": 0.005, ""pca__n_components"": 120}",120,6.0,0.005,"{""model__C"": 6.0, ""model__gamma"": 0.005, ""pca__n_components"": 120}",stage3_local_cv,0.803875,0.0035663356544217767,31.82,5
stage3_541,stage3_seed_1,"{""model__C"": 12.0, ""model__gamma"": 0.005, ""pca__n_components"": 108}",108,12.0,0.005,"{""model__C"": 12.0, ""model__gamma"": 0.005, ""pca__n_components"": 108}",stage3_local_cv,0.803875,0.00661910114743687,34.462999999999994,5
stage3_093,stage3_seed_0,"{""model__C"": 3.0, ""model__gamma"": 0.01, ""pca__n_components"": 68}",68,3.0,0.01,"{""model__C"": 3.0, ""model__gamma"": 0.01, ""pca__n_components"": 68}",stage3_local_cv,0.80375,0.0037914377220257755,22.548,5
stage3_066,stage3_seed_0,"{""model__C"": 6.0, ""model__gamma"": 0.02, ""pca__n_components"": 64}",64,6.0,0.02,"{""model__C"": 6.0, ""model__gamma"": 0.02, ""pca__n_components"": 64}",stage3_local_cv,0.80375,0.00528854895032654,23.161,5
stage3_178,stage3_seed_0,"{""model__C"": 3.0, ""model__gamma"": 0.02, ""pca__n_components"": 76}",76,3.0,0.02,"{""model__C"": 3.0, ""model__gamma"": 0.02, ""pca__n_components"": 76}",stage3_local_cv,0.80375,0.006020797289396128,24.394000000000002,5
stage3_129,stage3_seed_0,"{""model__C"": 2.0, ""model__gamma"": 0.02, ""pca__n_components"": 72}",72,2.0,0.02,"{""model__C"": 2.0, ""model__gamma"": 0.02, ""pca__n_components"": 72}",stage3_local_cv,0.80375,0.006199798383818635,24.768,5
stage3_010,stage3_seed_0,"{""model__C"": 3.0, ""model__gamma"": 0.02, ""pca__n_components"": 60}",60,3.0,0.02,"{""model__C"": 3.0, ""model__gamma"": 0.02, ""pca__n_components"": 60}",stage3_local_cv,0.80375,0.007245688373094729,25.942,5
stage3_889,stage3_seed_2,"{""model__C"": 6.0, ""model__gamma"": ""scale"", ""pca__n_components"": 128}",128,6.0,scale,"{""model__C"": 6.0, ""model__gamma"": ""scale"", ""pca__n_components"": 128}",stage3_local_cv,0.80375,0.004454632420301376,29.021,5
stage3_505,stage3_seed_1,"{""model__C"": 12.0, ""model__gamma"": 0.005, ""pca__n_components"": 104}",104,12.0,0.005,"{""model__C"": 12.0, ""model__gamma"": 0.005, ""pca__n_components"": 104}",stage3_local_cv,0.80375,0.004558645632202624,33.484,5
stage3_078,stage3_seed_0,"{""model__C"": 12.0, ""model__gamma"": 0.005, ""pca__n_components"": 64}",64,12.0,0.005,"{""model__C"": 12.0, ""model__gamma"": 0.005, ""pca__n_components"": 64}",stage3_local_cv,0.803625,0.008947765084086654,26.971999999999998,5
stage3_469,stage3_seed_1,"{""model__C"": 12.0, ""model__gamma"": 0.005, ""pca__n_components"": 100}",100,12.0,0.005,"{""model__C"": 12.0, ""model__gamma"": 0.005, ""pca__n_components"": 100}",stage3_local_cv,0.803625,0.005235097897842997,28.81,5
stage3_136,stage3_seed_0,"{""model__C"": 3.0, ""model__gamma"": 0.02, ""pca__n_components"": 72}",72,3.0,0.02,"{""model__C"": 3.0, ""model__gamma"": 0.02, ""pca__n_components"": 72}",stage3_local_cv,0.8036249999999999,0.006952966992586682,25.252000000000002,5
stage3_460,stage3_seed_1,"{""model__C"": 8.0, ""model__gamma"": ""scale"", ""pca__n_components"": 100}",100,8.0,scale,"{""model__C"": 8.0, ""model__gamma"": ""scale"", ""pca__n_components"": 100}",stage3_local_cv,0.8036249999999999,0.004096492402043476,28.131000000000004,5
stage3_538,stage3_seed_1,"{""model__C"": 12.0, ""model__gamma"": ""scale"", ""pca__n_components"": 108}",108,12.0,scale,"{""model__C"": 12.0, ""model__gamma"": ""scale"", ""pca__n_components"": 108}",stage3_local_cv,0.8036249999999999,0.006103277807866843,34.065000000000005,5
stage3_220,stage3_seed_0,"{""model__C"": 3.0, ""model__gamma"": 0.02, ""pca__n_components"": 80}",80,3.0,0.02,"{""model__C"": 3.0, ""model__gamma"": 0.02, ""pca__n_components"": 80}",stage3_local_cv,0.8035,0.006282415936564504,24.655,5
stage3_433,stage3_seed_1,"{""model__C"": 12.0, ""model__gamma"": 0.005, ""pca__n_components"": 96}",96,12.0,0.005,"{""model__C"": 12.0, ""model__gamma"": 0.005, ""pca__n_components"": 96}",stage3_local_cv,0.8035,0.005542449819348863,28.314999999999998,5
stage3_609,stage3_seed_2,"{""model__C"": 2.0, ""model__gamma"": 0.02, ""pca__n_components"": 100}",100,2.0,0.02,"{""model__C"": 2.0, ""model__gamma"": 0.02, ""pca__n_components"": 100}",stage3_local_cv,0.8034999999999999,0.00465362761724657,26.035000000000004,5
stage3_642,stage3_seed_2,"{""model__C"": 2.0, ""model__gamma"": 0.01, ""pca__n_components"": 104}",104,2.0,0.01,"{""model__C"": 2.0, ""model__gamma"": 0.01, ""pca__n_components"": 104}",stage3_local_cv,0.8033750000000002,0.004551785364008267,28.526999999999997,5
stage3_058,stage3_seed_0,"{""model__C"": 4.0, ""model__gamma"": 0.01, ""pca__n_components"": 64}",64,4.0,0.01,"{""model__C"": 4.0, ""model__gamma"": 0.01, ""pca__n_components"": 64}",stage3_local_cv,0.803375,0.0049149008128343665,21.868000000000002,5
stage3_262,stage3_seed_0,"{""model__C"": 3.0, ""model__gamma"": 0.02, ""pca__n_components"": 84}",84,3.0,0.02,"{""model__C"": 3.0, ""model__gamma"": 0.02, ""pca__n_components"": 84}",stage3_local_cv,0.803375,0.006405563987659483,23.525,5
stage3_394,stage3_seed_1,"{""model__C"": 12.0, ""model__gamma"": ""scale"", ""pca__n_components"": 92}",92,12.0,scale,"{""model__C"": 12.0, ""model__gamma"": ""scale"", ""pca__n_components"": 92}",stage3_local_cv,0.803375,0.008381527307120114,34.230000000000004,5
stage3_331,stage3_seed_0,"{""model__C"": 12.0, ""model__gamma"": 0.01, ""pca__n_components"": 88}",88,12.0,0.01,"{""model__C"": 12.0, ""model__gamma"": 0.01, ""pca__n_components"": 88}",stage3_local_cv,0.80325,0.003292984968079889,24.349999999999998,5
stage3_710,stage3_seed_2,"{""model__C"": 2.0, ""model__gamma"": 0.01, ""pca__n_components"": 112}",112,2.0,0.01,"{""model__C"": 2.0, ""model__gamma"": 0.01, ""pca__n_components"": 112}",stage3_local_cv,0.80325,0.0037165171868296285,29.713,5
stage3_466,stage3_seed_1,"{""model__C"": 12.0, ""model__gamma"": ""scale"", ""pca__n_components"": 100}",100,12.0,scale,"{""model__C"": 12.0, ""model__gamma"": ""scale"", ""pca__n_components"": 100}",stage3_local_cv,0.80325,0.006839682010152212,32.888,5
stage3_108,stage3_seed_0,"{""model__C"": 6.0, ""model__gamma"": 0.02, ""pca__n_components"": 68}",68,6.0,0.02,"{""model__C"": 6.0, ""model__gamma"": 0.02, ""pca__n_components"": 68}",stage3_local_cv,0.803125,0.004472135954999593,23.099,5
stage3_890,stage3_seed_2,"{""model__C"": 6.0, ""model__gamma"": 0.005, ""pca__n_components"": 128}",128,6.0,0.005,"{""model__C"": 6.0, ""model__gamma"": 0.005, ""pca__n_components"": 128}",stage3_local_cv,0.803125,0.0044370598373247305,33.498,5
stage3_269,stage3_seed_0,"{""model__C"": 4.0, ""model__gamma"": 0.02, ""pca__n_components"": 84}",84,4.0,0.02,"{""model__C"": 4.0, ""model__gamma"": 0.02, ""pca__n_components"": 84}",stage3_local_cv,0.8030000000000002,0.006128825336065626,25.401,5
stage3_077,stage3_seed_0,"{""model__C"": 12.0, ""model__gamma"": ""scale"", ""pca__n_components"": 64}",64,12.0,scale,"{""model__C"": 12.0, ""model__gamma"": ""scale"", ""pca__n_components"": 64}",stage3_local_cv,0.8030000000000002,0.008699856320652651,27.831,5
stage3_304,stage3_seed_0,"{""model__C"": 3.0, ""model__gamma"": 0.02, ""pca__n_components"": 88}",88,3.0,0.02,"{""model__C"": 3.0, ""model__gamma"": 0.02, ""pca__n_components"": 88}",stage3_local_cv,0.8029999999999999,0.004513867521316956,23.062,5
stage3_037,stage3_seed_0,"{""model__C"": 12.0, ""model__gamma"": 0.01, ""pca__n_components"": 60}",60,12.0,0.01,"{""model__C"": 12.0, ""model__gamma"": 0.01, ""pca__n_components"": 60}",stage3_local_cv,0.8029999999999999,0.007031180555212596,25.221,5
stage3_185,stage3_seed_0,"{""model__C"": 4.0, ""model__gamma"": 0.02, ""pca__n_components"": 76}",76,4.0,0.02,"{""model__C"": 4.0, ""model__gamma"": 0.02, ""pca__n_components"": 76}",stage3_local_cv,0.8029999999999999,0.005175060386121107,27.895,5
stage3_643,stage3_seed_2,"{""model__C"": 2.0, ""model__gamma"": 0.02, ""pca__n_components"": 104}",104,2.0,0.02,"{""model__C"": 2.0, ""model__gamma"": 0.02, ""pca__n_components"": 104}",stage3_local_cv,0.8029999999999999,0.005411215205478331,28.766,5
stage3_397,stage3_seed_1,"{""model__C"": 12.0, ""model__gamma"": 0.005, ""pca__n_components"": 92}",92,12.0,0.005,"{""model__C"": 12.0, ""model__gamma"": 0.005, ""pca__n_components"": 92}",stage3_local_cv,0.8029999999999999,0.006816799102218007,30.462000000000003,5
stage3_255,stage3_seed_0,"{""model__C"": 2.0, ""model__gamma"": 0.02, ""pca__n_components"": 84}",84,2.0,0.02,"{""model__C"": 2.0, ""model__gamma"": 0.02, ""pca__n_components"": 84}",stage3_local_cv,0.802875,0.004231577719952665,24.660999999999998,5
stage3_120,stage3_seed_0,"{""model__C"": 12.0, ""model__gamma"": 0.005, ""pca__n_components"": 68}",68,12.0,0.005,"{""model__C"": 12.0, ""model__gamma"": 0.005, ""pca__n_components"": 68}",stage3_local_cv,0.802875,0.007044501401802685,27.865,5
stage3_453,stage3_seed_1,"{""model__C"": 4.0, ""model__gamma"": 0.02, ""pca__n_components"": 100}",100,4.0,0.02,"{""model__C"": 4.0, ""model__gamma"": 0.02, ""pca__n_components"": 100}",stage3_local_cv,0.8028749999999999,0.004786047429769156,24.968999999999998,5
stage3_162,stage3_seed_0,"{""model__C"": 12.0, ""model__gamma"": 0.005, ""pca__n_components"": 72}",72,12.0,0.005,"{""model__C"": 12.0, ""model__gamma"": 0.005, ""pca__n_components"": 72}",stage3_local_cv,0.80275,0.005667892024377336,29.970999999999997,5
stage3_463,stage3_seed_1,"{""model__C"": 8.0, ""model__gamma"": 0.005, ""pca__n_components"": 100}",100,8.0,0.005,"{""model__C"": 8.0, ""model__gamma"": 0.005, ""pca__n_components"": 100}",stage3_local_cv,0.80275,0.0041003048667141734,32.846,5
stage3_535,stage3_seed_1,"{""model__C"": 8.0, ""model__gamma"": 0.005, ""pca__n_components"": 108}",108,8.0,0.005,"{""model__C"": 8.0, ""model__gamma"": 0.005, ""pca__n_components"": 108}",stage3_local_cv,0.80275,0.007731833547096049,32.981,5
stage3_616,stage3_seed_2,"{""model__C"": 3.0, ""model__gamma"": 0.02, ""pca__n_components"": 100}",100,3.0,0.02,"{""model__C"": 3.0, ""model__gamma"": 0.02, ""pca__n_components"": 100}",stage3_local_cv,0.8026249999999999,0.004700398919240786,25.886,5
stage3_213,stage3_seed_0,"{""model__C"": 2.0, ""model__gamma"": 0.02, ""pca__n_components"": 80}",80,2.0,0.02,"{""model__C"": 2.0, ""model__gamma"": 0.02, ""pca__n_components"": 80}",stage3_local_cv,0.8025,0.004454632420301398,20.406,5
stage3_547,stage3_seed_1,"{""model__C"": 16.0, ""model__gamma"": 0.005, ""pca__n_components"": 108}",108,16.0,0.005,"{""model__C"": 16.0, ""model__gamma"": 0.005, ""pca__n_components"": 108}",stage3_local_cv,0.8025,0.007104136119191414,34.971000000000004,5
stage3_417,stage3_seed_1,"{""model__C"": 4.0, ""model__gamma"": 0.02, ""pca__n_components"": 96}",96,4.0,0.02,"{""model__C"": 4.0, ""model__gamma"": 0.02, ""pca__n_components"": 96}",stage3_local_cv,0.8024999999999999,0.005419870847169702,26.213,5
stage3_289,stage3_seed_0,"{""model__C"": 12.0, ""model__gamma"": 0.01, ""pca__n_components"": 84}",84,12.0,0.01,"{""model__C"": 12.0, ""model__gamma"": 0.01, ""pca__n_components"": 84}",stage3_local_cv,0.802375,0.004911720676097116,24.634999999999998,5
stage3_017,stage3_seed_0,"{""model__C"": 4.0, ""model__gamma"": 0.02, ""pca__n_components"": 60}",60,4.0,0.02,"{""model__C"": 4.0, ""model__gamma"": 0.02, ""pca__n_components"": 60}",stage3_local_cv,0.802375,0.006759252917297899,24.831,5
stage3_297,stage3_seed_0,"{""model__C"": 2.0, ""model__gamma"": 0.02, ""pca__n_components"": 88}",88,2.0,0.02,"{""model__C"": 2.0, ""model__gamma"": 0.02, ""pca__n_components"": 88}",stage3_local_cv,0.802375,0.004058170770186991,25.283,5
stage3_562,stage3_seed_1,"{""model__C"": 6.0, ""model__gamma"": ""scale"", ""pca__n_components"": 112}",112,6.0,scale,"{""model__C"": 6.0, ""model__gamma"": ""scale"", ""pca__n_components"": 112}",stage3_local_cv,0.802375,0.004355312847546108,28.203000000000003,5
stage3_204,stage3_seed_0,"{""model__C"": 12.0, ""model__gamma"": 0.005, ""pca__n_components"": 76}",76,12.0,0.005,"{""model__C"": 12.0, ""model__gamma"": 0.005, ""pca__n_components"": 76}",stage3_local_cv,0.802375,0.006975403214151867,34.093999999999994,5
stage3_430,stage3_seed_1,"{""model__C"": 12.0, ""model__gamma"": ""scale"", ""pca__n_components"": 96}",96,12.0,scale,"{""model__C"": 12.0, ""model__gamma"": ""scale"", ""pca__n_components"": 96}",stage3_local_cv,0.8022500000000001,0.00550000000000001,28.721,5
stage3_650,stage3_seed_2,"{""model__C"": 3.0, ""model__gamma"": 0.02, ""pca__n_components"": 104}",104,3.0,0.02,"{""model__C"": 3.0, ""model__gamma"": 0.02, ""pca__n_components"": 104}",stage3_local_cv,0.8022500000000001,0.004465142774872939,28.755,5
stage3_608,stage3_seed_2,"{""model__C"": 2.0, ""model__gamma"": 0.01, ""pca__n_components"": 100}",100,2.0,0.01,"{""model__C"": 2.0, ""model__gamma"": 0.01, ""pca__n_components"": 100}",stage3_local_cv,0.8022499999999999,0.004962358310319776,26.126,5
stage3_024,stage3_seed_0,"{""model__C"": 6.0, ""model__gamma"": 0.02, ""pca__n_components"": 60}",60,6.0,0.02,"{""model__C"": 6.0, ""model__gamma"": 0.02, ""pca__n_components"": 60}",stage3_local_cv,0.802125,0.007822243923580992,23.968,5
stage3_763,stage3_seed_2,"{""model__C"": 6.0, ""model__gamma"": ""scale"", ""pca__n_components"": 116}",116,6.0,scale,"{""model__C"": 6.0, ""model__gamma"": ""scale"", ""pca__n_components"": 116}",stage3_local_cv,0.802125,0.005950315117705961,29.07,5
stage3_508,stage3_seed_1,"{""model__C"": 16.0, ""model__gamma"": ""scale"", ""pca__n_components"": 104}",104,16.0,scale,"{""model__C"": 16.0, ""model__gamma"": ""scale"", ""pca__n_components"": 104}",stage3_local_cv,0.802125,0.006294839156007098,30.433999999999997,5
stage3_848,stage3_seed_2,"{""model__C"": 6.0, ""model__gamma"": 0.005, ""pca__n_components"": 124}",124,6.0,0.005,"{""model__C"": 6.0, ""model__gamma"": 0.005, ""pca__n_components"": 124}",stage3_local_cv,0.802125,0.004500000000000011,33.233000000000004,5
stage3_073,stage3_seed_0,"{""model__C"": 8.0, ""model__gamma"": 0.02, ""pca__n_components"": 64}",64,8.0,0.02,"{""model__C"": 8.0, ""model__gamma"": 0.02, ""pca__n_components"": 64}",stage3_local_cv,0.8019999999999999,0.006535958231200694,21.596999999999998,5
stage3_227,stage3_seed_0,"{""model__C"": 4.0, ""model__gamma"": 0.02, ""pca__n_components"": 80}",80,4.0,0.02,"{""model__C"": 4.0, ""model__gamma"": 0.02, ""pca__n_components"": 80}",stage3_local_cv,0.8019999999999999,0.006038936164590568,22.531,5
stage3_203,stage3_seed_0,"{""model__C"": 12.0, ""model__gamma"": ""scale"", ""pca__n_components"": 76}",76,12.0,scale,"{""model__C"": 12.0, ""model__gamma"": ""scale"", ""pca__n_components"": 76}",stage3_local_cv,0.8019999999999999,0.005855019214315167,28.572,5
stage3_368,stage3_seed_1,"{""model__C"": 16.0, ""model__gamma"": 0.01, ""pca__n_components"": 88}",88,16.0,0.01,"{""model__C"": 16.0, ""model__gamma"": 0.01, ""pca__n_components"": 88}",stage3_local_cv,0.8019999999999999,0.003779054114457726,29.756999999999998,5
stage3_424,stage3_seed_1,"{""model__C"": 8.0, ""model__gamma"": ""scale"", ""pca__n_components"": 96}",96,8.0,scale,"{""model__C"": 8.0, ""model__gamma"": ""scale"", ""pca__n_components"": 96}",stage3_local_cv,0.8019999999999999,0.0020691181696558788,31.035999999999998,5
stage3_511,stage3_seed_1,"{""model__C"": 16.0, ""model__gamma"": 0.005, ""pca__n_components"": 104}",104,16.0,0.005,"{""model__C"": 16.0, ""model__gamma"": 0.005, ""pca__n_components"": 104}",stage3_local_cv,0.8019999999999999,0.005774404731225553,34.173,5
stage3_143,stage3_seed_0,"{""model__C"": 4.0, ""model__gamma"": 0.02, ""pca__n_components"": 72}",72,4.0,0.02,"{""model__C"": 4.0, ""model__gamma"": 0.02, ""pca__n_components"": 72}",stage3_local_cv,0.8018750000000001,0.0064590053413819196,23.837,5
stage3_398,stage3_seed_1,"{""model__C"": 12.0, ""model__gamma"": 0.01, ""pca__n_components"": 92}",92,12.0,0.01,"{""model__C"": 12.0, ""model__gamma"": 0.01, ""pca__n_components"": 92}",stage3_local_cv,0.8018750000000001,0.002436698586202252,31.689999999999998,5
stage3_711,stage3_seed_2,"{""model__C"": 2.0, ""model__gamma"": 0.02, ""pca__n_components"": 112}",112,2.0,0.02,"{""model__C"": 2.0, ""model__gamma"": 0.02, ""pca__n_components"": 112}",stage3_local_cv,0.80175,0.004058170770186991,24.036,5
stage3_031,stage3_seed_0,"{""model__C"": 8.0, ""model__gamma"": 0.02, ""pca__n_components"": 60}",60,8.0,0.02,"{""model__C"": 8.0, ""model__gamma"": 0.02, ""pca__n_components"": 60}",stage3_local_cv,0.80175,0.006499999999999998,25.468,5
stage3_489,stage3_seed_1,"{""model__C"": 4.0, ""model__gamma"": 0.02, ""pca__n_components"": 104}",104,4.0,0.02,"{""model__C"": 4.0, ""model__gamma"": 0.02, ""pca__n_components"": 104}",stage3_local_cv,0.80175,0.00461654632815483,30.163,5
stage3_580,stage3_seed_1,"{""model__C"": 16.0, ""model__gamma"": ""scale"", ""pca__n_components"": 112}",112,16.0,scale,"{""model__C"": 16.0, ""model__gamma"": ""scale"", ""pca__n_components"": 112}",stage3_local_cv,0.80175,0.007648529270389199,32.79,5
stage3_847,stage3_seed_2,"{""model__C"": 6.0, ""model__gamma"": ""scale"", ""pca__n_components"": 124}",124,6.0,scale,"{""model__C"": 6.0, ""model__gamma"": ""scale"", ""pca__n_components"": 124}",stage3_local_cv,0.80175,0.002994787137677741,33.61,5
stage3_764,stage3_seed_2,"{""model__C"": 6.0, ""model__gamma"": 0.005, ""pca__n_components"": 116}",116,6.0,0.005,"{""model__C"": 6.0, ""model__gamma"": 0.005, ""pca__n_components"": 116}",stage3_local_cv,0.80175,0.00495920860621933,34.224,5
stage3_745,stage3_seed_2,"{""model__C"": 2.0, ""model__gamma"": 0.02, ""pca__n_components"": 116}",116,2.0,0.02,"{""model__C"": 2.0, ""model__gamma"": 0.02, ""pca__n_components"": 116}",stage3_local_cv,0.8016250000000001,0.004962358310319792,29.262999999999998,5
stage3_490,stage3_seed_1,"{""model__C"": 6.0, ""model__gamma"": ""scale"", ""pca__n_components"": 104}",104,6.0,scale,"{""model__C"": 6.0, ""model__gamma"": ""scale"", ""pca__n_components"": 104}",stage3_local_cv,0.8016249999999999,0.0024238399287081817,29.861000000000004,5
stage3_475,stage3_seed_1,"{""model__C"": 16.0, ""model__gamma"": 0.005, ""pca__n_components"": 100}",100,16.0,0.005,"{""model__C"": 16.0, ""model__gamma"": 0.005, ""pca__n_components"": 100}",stage3_local_cv,0.8016249999999999,0.006668489334174546,34.153999999999996,5
stage3_115,stage3_seed_0,"{""model__C"": 8.0, ""model__gamma"": 0.02, ""pca__n_components"": 68}",68,8.0,0.02,"{""model__C"": 8.0, ""model__gamma"": 0.02, ""pca__n_components"": 68}",stage3_local_cv,0.8015000000000001,0.004866980583482966,21.732,5
stage3_561,stage3_seed_1,"{""model__C"": 4.0, ""model__gamma"": 0.02, ""pca__n_components"": 112}",112,4.0,0.02,"{""model__C"": 4.0, ""model__gamma"": 0.02, ""pca__n_components"": 112}",stage3_local_cv,0.8015000000000001,0.004687083314813177,26.947999999999997,5
stage3_311,stage3_seed_0,"{""model__C"": 4.0, ""model__gamma"": 0.02, ""pca__n_components"": 88}",88,4.0,0.02,"{""model__C"": 4.0, ""model__gamma"": 0.02, ""pca__n_components"": 88}",stage3_local_cv,0.8015000000000001,0.004866980583482911,27.439999999999998,5
stage3_677,stage3_seed_2,"{""model__C"": 2.0, ""model__gamma"": 0.02, ""pca__n_components"": 108}",108,2.0,0.02,"{""model__C"": 2.0, ""model__gamma"": 0.02, ""pca__n_components"": 108}",stage3_local_cv,0.8015000000000001,0.004636809247747851,29.312,5
stage3_684,stage3_seed_2,"{""model__C"": 3.0, ""model__gamma"": 0.02, ""pca__n_components"": 108}",108,3.0,0.02,"{""model__C"": 3.0, ""model__gamma"": 0.02, ""pca__n_components"": 108}",stage3_local_cv,0.8015000000000001,0.004914900812834366,29.576,5
stage3_787,stage3_seed_2,"{""model__C"": 2.0, ""model__gamma"": 0.02, ""pca__n_components"": 120}",120,2.0,0.02,"{""model__C"": 2.0, ""model__gamma"": 0.02, ""pca__n_components"": 120}",stage3_local_cv,0.8015000000000001,0.0037624792358231054,31.358000000000004,5
stage3_381,stage3_seed_1,"{""model__C"": 4.0, ""model__gamma"": 0.02, ""pca__n_components"": 92}",92,4.0,0.02,"{""model__C"": 4.0, ""model__gamma"": 0.02, ""pca__n_components"": 92}",stage3_local_cv,0.801375,0.0035663356544217667,26.581000000000003,5
stage3_718,stage3_seed_2,"{""model__C"": 3.0, ""model__gamma"": 0.02, ""pca__n_components"": 112}",112,3.0,0.02,"{""model__C"": 3.0, ""model__gamma"": 0.02, ""pca__n_components"": 112}",stage3_local_cv,0.801375,0.004355312847546074,26.666,5
stage3_512,stage3_seed_1,"{""model__C"": 16.0, ""model__gamma"": 0.01, ""pca__n_components"": 104}",104,16.0,0.01,"{""model__C"": 16.0, ""model__gamma"": 0.01, ""pca__n_components"": 104}",stage3_local_cv,0.801375,0.004077376607575015,28.352,5
stage3_199,stage3_seed_0,"{""model__C"": 8.0, ""model__gamma"": 0.02, ""pca__n_components"": 76}",76,8.0,0.02,"{""model__C"": 8.0, ""model__gamma"": 0.02, ""pca__n_components"": 76}",stage3_local_cv,0.801375,0.006154266812545572,28.828999999999997,5
stage3_752,stage3_seed_2,"{""model__C"": 3.0, ""model__gamma"": 0.02, ""pca__n_components"": 116}",116,3.0,0.02,"{""model__C"": 3.0, ""model__gamma"": 0.02, ""pca__n_components"": 116}",stage3_local_cv,0.801375,0.004209364560120694,28.964999999999996,5
stage3_330,stage3_seed_0,"{""model__C"": 12.0, ""model__gamma"": 0.005, ""pca__n_components"": 88}",88,12.0,0.005,"{""model__C"": 12.0, ""model__gamma"": 0.005, ""pca__n_components"": 88}",stage3_local_cv,0.801375,0.004426482802406428,33.167,5
stage3_472,stage3_seed_1,"{""model__C"": 16.0, ""model__gamma"": ""scale"", ""pca__n_components"": 100}",100,16.0,scale,"{""model__C"": 16.0, ""model__gamma"": ""scale"", ""pca__n_components"": 100}",stage3_local_cv,0.8012499999999999,0.006970921746799337,28.061,5
stage3_112,stage3_seed_0,"{""model__C"": 8.0, ""model__gamma"": ""scale"", ""pca__n_components"": 68}",68,8.0,scale,"{""model__C"": 8.0, ""model__gamma"": ""scale"", ""pca__n_components"": 68}",stage3_local_cv,0.8012499999999999,0.007004462863060951,28.133,5
stage3_161,stage3_seed_0,"{""model__C"": 12.0, ""model__gamma"": ""scale"", ""pca__n_components"": 72}",72,12.0,scale,"{""model__C"": 12.0, ""model__gamma"": ""scale"", ""pca__n_components"": 72}",stage3_local_cv,0.8012499999999999,0.007071067811865478,29.098999999999997,5
stage3_836,stage3_seed_2,"{""model__C"": 3.0, ""model__gamma"": 0.02, ""pca__n_components"": 124}",124,3.0,0.02,"{""model__C"": 3.0, ""model__gamma"": 0.02, ""pca__n_components"": 124}",stage3_local_cv,0.8012499999999999,0.004011701633970297,30.415,5
stage3_440,stage3_seed_1,"{""model__C"": 16.0, ""model__gamma"": 0.01, ""pca__n_components"": 96}",96,16.0,0.01,"{""model__C"": 16.0, ""model__gamma"": 0.01, ""pca__n_components"": 96}",stage3_local_cv,0.8011250000000001,0.004172079817069649,24.087,5
stage3_247,stage3_seed_0,"{""model__C"": 12.0, ""model__gamma"": 0.01, ""pca__n_components"": 80}",80,12.0,0.01,"{""model__C"": 12.0, ""model__gamma"": 0.01, ""pca__n_components"": 80}",stage3_local_cv,0.8011250000000001,0.004019483797703381,25.277,5
stage3_329,stage3_seed_0,"{""model__C"": 12.0, ""model__gamma"": ""scale"", ""pca__n_components"": 88}",88,12.0,scale,"{""model__C"": 12.0, ""model__gamma"": ""scale"", ""pca__n_components"": 88}",stage3_local_cv,0.8011250000000001,0.005338539126015659,28.238999999999997,5
stage3_287,stage3_seed_0,"{""model__C"": 12.0, ""model__gamma"": ""scale"", ""pca__n_components"": 84}",84,12.0,scale,"{""model__C"": 12.0, ""model__gamma"": ""scale"", ""pca__n_components"": 84}",stage3_local_cv,0.8011250000000001,0.006475916923494299,31.246000000000002,5
stage3_548,stage3_seed_1,"{""model__C"": 16.0, ""model__gamma"": 0.01, ""pca__n_components"": 108}",108,16.0,0.01,"{""model__C"": 16.0, ""model__gamma"": 0.01, ""pca__n_components"": 108}",stage3_local_cv,0.8009999999999999,0.0032258719751409965,29.643,5
stage3_427,stage3_seed_1,"{""model__C"": 8.0, ""model__gamma"": 0.005, ""pca__n_components"": 96}",96,8.0,0.005,"{""model__C"": 8.0, ""model__gamma"": 0.005, ""pca__n_components"": 96}",stage3_local_cv,0.8009999999999999,0.0028394541729001447,30.72,5
stage3_544,stage3_seed_1,"{""model__C"": 16.0, ""model__gamma"": ""scale"", ""pca__n_components"": 108}",108,16.0,scale,"{""model__C"": 16.0, ""model__gamma"": ""scale"", ""pca__n_components"": 108}",stage3_local_cv,0.8009999999999999,0.0058175381391100305,33.503,5
stage3_794,stage3_seed_2,"{""model__C"": 3.0, ""model__gamma"": 0.02, ""pca__n_components"": 120}",120,3.0,0.02,"{""model__C"": 3.0, ""model__gamma"": 0.02, ""pca__n_components"": 120}",stage3_local_cv,0.8008750000000001,0.003368048396326878,31.040000000000003,5
stage3_070,stage3_seed_0,"{""model__C"": 8.0, ""model__gamma"": ""scale"", ""pca__n_components"": 64}",64,8.0,scale,"{""model__C"": 8.0, ""model__gamma"": ""scale"", ""pca__n_components"": 64}",stage3_local_cv,0.8008749999999999,0.006955213871621785,24.961,5
stage3_459,stage3_seed_1,"{""model__C"": 6.0, ""model__gamma"": 0.02, ""pca__n_components"": 100}",100,6.0,0.02,"{""model__C"": 6.0, ""model__gamma"": 0.02, ""pca__n_components"": 100}",stage3_local_cv,0.8008749999999999,0.004482605269260263,27.529000000000003,5
stage3_347,stage3_seed_1,"{""model__C"": 16.0, ""model__gamma"": 0.005, ""pca__n_components"": 84}",84,16.0,0.005,"{""model__C"": 16.0, ""model__gamma"": 0.005, ""pca__n_components"": 84}",stage3_local_cv,0.8008749999999999,0.007099735910581473,27.537,5
stage3_526,stage3_seed_1,"{""model__C"": 6.0, ""model__gamma"": ""scale"", ""pca__n_components"": 108}",108,6.0,scale,"{""model__C"": 6.0, ""model__gamma"": ""scale"", ""pca__n_components"": 108}",stage3_local_cv,0.8008749999999999,0.0044651427748729254,31.891,5
stage3_584,stage3_seed_1,"{""model__C"": 16.0, ""model__gamma"": 0.01, ""pca__n_components"": 112}",112,16.0,0.01,"{""model__C"": 16.0, ""model__gamma"": 0.01, ""pca__n_components"": 112}",stage3_local_cv,0.8007500000000001,0.003940970692608606,28.86,5
stage3_829,stage3_seed_2,"{""model__C"": 2.0, ""model__gamma"": 0.02, ""pca__n_components"": 124}",124,2.0,0.02,"{""model__C"": 2.0, ""model__gamma"": 0.02, ""pca__n_components"": 124}",stage3_local_cv,0.8007500000000001,0.0038405728739343025,29.497,5
stage3_565,stage3_seed_1,"{""model__C"": 6.0, ""model__gamma"": 0.005, ""pca__n_components"": 112}",112,6.0,0.005,"{""model__C"": 6.0, ""model__gamma"": 0.005, ""pca__n_components"": 112}",stage3_local_cv,0.8007500000000001,0.004172079817069658,29.809000000000005,5
stage3_276,stage3_seed_0,"{""model__C"": 6.0, ""model__gamma"": 0.02, ""pca__n_components"": 84}",84,6.0,0.02,"{""model__C"": 6.0, ""model__gamma"": 0.02, ""pca__n_components"": 84}",stage3_local_cv,0.8006250000000001,0.006136468854316806,23.321999999999996,5
stage3_476,stage3_seed_1,"{""model__C"": 16.0, ""model__gamma"": 0.01, ""pca__n_components"": 100}",100,16.0,0.01,"{""model__C"": 16.0, ""model__gamma"": 0.01, ""pca__n_components"": 100}",stage3_local_cv,0.8006249999999999,0.004220485754033548,25.103,5
stage3_602,stage3_seed_2,"{""model__C"": 1.5, ""model__gamma"": 0.02, ""pca__n_components"": 100}",100,1.5,0.02,"{""model__C"": 1.5, ""model__gamma"": 0.02, ""pca__n_components"": 100}",stage3_local_cv,0.8006249999999999,0.005258920991990653,26.866999999999997,5
stage3_670,stage3_seed_2,"{""model__C"": 1.5, ""model__gamma"": 0.02, ""pca__n_components"": 108}",108,1.5,0.02,"{""model__C"": 1.5, ""model__gamma"": 0.02, ""pca__n_components"": 108}",stage3_local_cv,0.8006249999999999,0.004312047077665073,29.611,5
stage3_423,stage3_seed_1,"{""model__C"": 6.0, ""model__gamma"": 0.02, ""pca__n_components"": 96}",96,6.0,0.02,"{""model__C"": 6.0, ""model__gamma"": 0.02, ""pca__n_components"": 96}",stage3_local_cv,0.8005000000000001,0.004301162633521304,23.735999999999997,5
stage3_404,stage3_seed_1,"{""model__C"": 16.0, ""model__gamma"": 0.01, ""pca__n_components"": 92}",92,16.0,0.01,"{""model__C"": 16.0, ""model__gamma"": 0.01, ""pca__n_components"": 92}",stage3_local_cv,0.8005000000000001,0.0030465144017384886,27.817,5
stage3_245,stage3_seed_0,"{""model__C"": 12.0, ""model__gamma"": ""scale"", ""pca__n_components"": 80}",80,12.0,scale,"{""model__C"": 12.0, ""model__gamma"": ""scale"", ""pca__n_components"": 80}",stage3_local_cv,0.8005000000000001,0.006747684788132873,29.976,5
stage3_525,stage3_seed_1,"{""model__C"": 4.0, ""model__gamma"": 0.02, ""pca__n_components"": 108}",108,4.0,0.02,"{""model__C"": 4.0, ""model__gamma"": 0.02, ""pca__n_components"": 108}",stage3_local_cv,0.8005000000000001,0.004209364560120675,30.301000000000002,5
stage3_150,stage3_seed_0,"{""model__C"": 6.0, ""model__gamma"": 0.02, ""pca__n_components"": 72}",72,6.0,0.02,"{""model__C"": 6.0, ""model__gamma"": 0.02, ""pca__n_components"": 72}",stage3_local_cv,0.8003750000000001,0.006454165321712802,23.691000000000003,5
stage3_465,stage3_seed_1,"{""model__C"": 8.0, ""model__gamma"": 0.02, ""pca__n_components"": 100}",100,8.0,0.02,"{""model__C"": 8.0, ""model__gamma"": 0.02, ""pca__n_components"": 100}",stage3_local_cv,0.8003750000000001,0.0033680483963268813,24.982999999999997,5
stage3_495,stage3_seed_1,"{""model__C"": 6.0, ""model__gamma"": 0.02, ""pca__n_components"": 104}",104,6.0,0.02,"{""model__C"": 6.0, ""model__gamma"": 0.02, ""pca__n_components"": 104}",stage3_local_cv,0.8003750000000001,0.004703721930556704,28.365000000000002,5
stage3_192,stage3_seed_0,"{""model__C"": 6.0, ""model__gamma"": 0.02, ""pca__n_components"": 76}",76,6.0,0.02,"{""model__C"": 6.0, ""model__gamma"": 0.02, ""pca__n_components"": 76}",stage3_local_cv,0.8003750000000001,0.006368869601428488,28.496000000000002,5
stage3_529,stage3_seed_1,"{""model__C"": 6.0, ""model__gamma"": 0.005, ""pca__n_components"": 108}",108,6.0,0.005,"{""model__C"": 6.0, ""model__gamma"": 0.005, ""pca__n_components"": 108}",stage3_local_cv,0.8003750000000001,0.006144102863722254,32.648,5
stage3_704,stage3_seed_2,"{""model__C"": 1.5, ""model__gamma"": 0.02, ""pca__n_components"": 112}",112,1.5,0.02,"{""model__C"": 1.5, ""model__gamma"": 0.02, ""pca__n_components"": 112}",stage3_local_cv,0.8002500000000001,0.006002603601771467,28.161,5
stage3_801,stage3_seed_2,"{""model__C"": 4.0, ""model__gamma"": 0.02, ""pca__n_components"": 120}",120,4.0,0.02,"{""model__C"": 4.0, ""model__gamma"": 0.02, ""pca__n_components"": 120}",stage3_local_cv,0.8002500000000001,0.004946589734352323,30.590000000000003,5
stage3_429,stage3_seed_1,"{""model__C"": 8.0, ""model__gamma"": 0.02, ""pca__n_components"": 96}",96,8.0,0.02,"{""model__C"": 8.0, ""model__gamma"": 0.02, ""pca__n_components"": 96}",stage3_local_cv,0.8002499999999999,0.004962358310319777,26.479,5
stage3_636,stage3_seed_2,"{""model__C"": 1.5, ""model__gamma"": 0.02, ""pca__n_components"": 104}",104,1.5,0.02,"{""model__C"": 1.5, ""model__gamma"": 0.02, ""pca__n_components"": 104}",stage3_local_cv,0.8002499999999999,0.0051931445194602485,28.336000000000002,5
stage3_318,stage3_seed_0,"{""model__C"": 6.0, ""model__gamma"": 0.02, ""pca__n_components"": 88}",88,6.0,0.02,"{""model__C"": 6.0, ""model__gamma"": 0.02, ""pca__n_components"": 88}",stage3_local_cv,0.8002499999999999,0.003177066256784721,28.912000000000003,5
stage3_157,stage3_seed_0,"{""model__C"": 8.0, ""model__gamma"": 0.02, ""pca__n_components"": 72}",72,8.0,0.02,"{""model__C"": 8.0, ""model__gamma"": 0.02, ""pca__n_components"": 72}",stage3_local_cv,0.8001250000000001,0.006217415057722939,24.511,5
stage3_567,stage3_seed_1,"{""model__C"": 6.0, ""model__gamma"": 0.02, ""pca__n_components"": 112}",112,6.0,0.02,"{""model__C"": 6.0, ""model__gamma"": 0.02, ""pca__n_components"": 112}",stage3_local_cv,0.8001250000000001,0.0034776069358108644,24.536,5
stage3_288,stage3_seed_0,"{""model__C"": 12.0, ""model__gamma"": 0.005, ""pca__n_components"": 84}",84,12.0,0.005,"{""model__C"": 12.0, ""model__gamma"": 0.005, ""pca__n_components"": 84}",stage3_local_cv,0.8001250000000001,0.007260767865728825,27.413000000000004,5
stage3_367,stage3_seed_1,"{""model__C"": 16.0, ""model__gamma"": 0.005, ""pca__n_components"": 88}",88,16.0,0.005,"{""model__C"": 16.0, ""model__gamma"": 0.005, ""pca__n_components"": 88}",stage3_local_cv,0.8001250000000001,0.0075456941363933015,29.162,5
stage3_738,stage3_seed_2,"{""model__C"": 1.5, ""model__gamma"": 0.02, ""pca__n_components"": 116}",116,1.5,0.02,"{""model__C"": 1.5, ""model__gamma"": 0.02, ""pca__n_components"": 116}",stage3_local_cv,0.8,0.004743416490252576,27.68,5
stage3_871,stage3_seed_2,"{""model__C"": 2.0, ""model__gamma"": 0.02, ""pca__n_components"": 128}",128,2.0,0.02,"{""model__C"": 2.0, ""model__gamma"": 0.02, ""pca__n_components"": 128}",stage3_local_cv,0.8,0.0031622776601683603,29.785,5
stage3_531,stage3_seed_1,"{""model__C"": 6.0, ""model__gamma"": 0.02, ""pca__n_components"": 108}",108,6.0,0.02,"{""model__C"": 6.0, ""model__gamma"": 0.02, ""pca__n_components"": 108}",stage3_local_cv,0.8,0.004889401803901993,30.716,5
stage3_439,stage3_seed_1,"{""model__C"": 16.0, ""model__gamma"": 0.005, ""pca__n_components"": 96}",96,16.0,0.005,"{""model__C"": 16.0, ""model__gamma"": 0.005, ""pca__n_components"": 96}",stage3_local_cv,0.8,0.005491470659122187,33.049,5
stage3_122,stage3_seed_0,"{""model__C"": 12.0, ""model__gamma"": 0.02, ""pca__n_components"": 68}",68,12.0,0.02,"{""model__C"": 12.0, ""model__gamma"": 0.02, ""pca__n_components"": 68}",stage3_local_cv,0.799875,0.004990616194419261,23.407000000000004,5
stage3_878,stage3_seed_2,"{""model__C"": 3.0, ""model__gamma"": 0.02, ""pca__n_components"": 128}",128,3.0,0.02,"{""model__C"": 3.0, ""model__gamma"": 0.02, ""pca__n_components"": 128}",stage3_local_cv,0.799875,0.004246321937865748,28.983,5
stage3_493,stage3_seed_1,"{""model__C"": 6.0, ""model__gamma"": 0.005, ""pca__n_components"": 104}",104,6.0,0.005,"{""model__C"": 6.0, ""model__gamma"": 0.005, ""pca__n_components"": 104}",stage3_local_cv,0.799875,0.004373213921133968,33.442,5
stage3_393,stage3_seed_1,"{""model__C"": 8.0, ""model__gamma"": 0.02, ""pca__n_components"": 92}",92,8.0,0.02,"{""model__C"": 8.0, ""model__gamma"": 0.02, ""pca__n_components"": 92}",stage3_local_cv,0.7998749999999999,0.004,27.295,5
stage3_388,stage3_seed_1,"{""model__C"": 8.0, ""model__gamma"": ""scale"", ""pca__n_components"": 92}",92,8.0,scale,"{""model__C"": 8.0, ""model__gamma"": ""scale"", ""pca__n_components"": 92}",stage3_local_cv,0.7998749999999999,0.005525509026325077,30.474,5
stage3_400,stage3_seed_1,"{""model__C"": 16.0, ""model__gamma"": ""scale"", ""pca__n_components"": 92}",92,16.0,scale,"{""model__C"": 16.0, ""model__gamma"": ""scale"", ""pca__n_components"": 92}",stage3_local_cv,0.79975,0.006726812023536843,34.988,5
stage3_573,stage3_seed_1,"{""model__C"": 8.0, ""model__gamma"": 0.02, ""pca__n_components"": 112}",112,8.0,0.02,"{""model__C"": 8.0, ""model__gamma"": 0.02, ""pca__n_components"": 112}",stage3_local_cv,0.7997499999999998,0.002698379143115356,28.794000000000004,5
stage3_387,stage3_seed_1,"{""model__C"": 6.0, ""model__gamma"": 0.02, ""pca__n_components"": 92}",92,6.0,0.02,"{""model__C"": 6.0, ""model__gamma"": 0.02, ""pca__n_components"": 92}",stage3_local_cv,0.7997499999999998,0.0030771334062728063,30.274,5
stage3_016,stage3_seed_0,"{""model__C"": 4.0, ""model__gamma"": 0.01, ""pca__n_components"": 60}",60,4.0,0.01,"{""model__C"": 4.0, ""model__gamma"": 0.01, ""pca__n_components"": 60}",stage3_local_cv,0.799625,0.006105837370909905,25.451999999999998,5
stage3_246,stage3_seed_0,"{""model__C"": 12.0, ""model__gamma"": 0.005, ""pca__n_components"": 80}",80,12.0,0.005,"{""model__C"": 12.0, ""model__gamma"": 0.005, ""pca__n_components"": 80}",stage3_local_cv,0.799625,0.007454025757937821,26.877,5
stage3_325,stage3_seed_0,"{""model__C"": 8.0, ""model__gamma"": 0.02, ""pca__n_components"": 88}",88,8.0,0.02,"{""model__C"": 8.0, ""model__gamma"": 0.02, ""pca__n_components"": 88}",stage3_local_cv,0.799625,0.0033213325638966175,28.552,5
stage3_759,stage3_seed_2,"{""model__C"": 4.0, ""model__gamma"": 0.02, ""pca__n_components"": 116}",116,4.0,0.02,"{""model__C"": 4.0, ""model__gamma"": 0.02, ""pca__n_components"": 116}",stage3_local_cv,0.799625,0.004568916720624253,29.012999999999998,5
stage3_808,stage3_seed_2,"{""model__C"": 6.0, ""model__gamma"": 0.02, ""pca__n_components"": 120}",120,6.0,0.02,"{""model__C"": 6.0, ""model__gamma"": 0.02, ""pca__n_components"": 120}",stage3_local_cv,0.799625,0.0047203018971248125,30.155,5
stage3_035,stage3_seed_0,"{""model__C"": 12.0, ""model__gamma"": ""scale"", ""pca__n_components"": 60}",60,12.0,scale,"{""model__C"": 12.0, ""model__gamma"": ""scale"", ""pca__n_components"": 60}",stage3_local_cv,0.7995,0.007556040629853707,29.169,5
stage3_322,stage3_seed_0,"{""model__C"": 8.0, ""model__gamma"": ""scale"", ""pca__n_components"": 88}",88,8.0,scale,"{""model__C"": 8.0, ""model__gamma"": ""scale"", ""pca__n_components"": 88}",stage3_local_cv,0.7995,0.004974937185533107,29.451999999999998,5
stage3_822,stage3_seed_2,"{""model__C"": 1.5, ""model__gamma"": 0.02, ""pca__n_components"": 124}",124,1.5,0.02,"{""model__C"": 1.5, ""model__gamma"": 0.02, ""pca__n_components"": 124}",stage3_local_cv,0.7995,0.004264680527307991,30.636000000000003,5
stage3_537,stage3_seed_1,"{""model__C"": 8.0, ""model__gamma"": 0.02, ""pca__n_components"": 108}",108,8.0,0.02,"{""model__C"": 8.0, ""model__gamma"": 0.02, ""pca__n_components"": 108}",stage3_local_cv,0.7995,0.004209364560120681,30.836999999999996,5
stage3_501,stage3_seed_1,"{""model__C"": 8.0, ""model__gamma"": 0.02, ""pca__n_components"": 104}",104,8.0,0.02,"{""model__C"": 8.0, ""model__gamma"": 0.02, ""pca__n_components"": 104}",stage3_local_cv,0.7993750000000001,0.004031128874149275,27.383000000000003,5
stage3_348,stage3_seed_1,"{""model__C"": 16.0, ""model__gamma"": 0.01, ""pca__n_components"": 84}",84,16.0,0.01,"{""model__C"": 16.0, ""model__gamma"": 0.01, ""pca__n_components"": 84}",stage3_local_cv,0.7993750000000001,0.0044546324203013545,28.406999999999996,5
stage3_454,stage3_seed_1,"{""model__C"": 6.0, ""model__gamma"": ""scale"", ""pca__n_components"": 100}",100,6.0,scale,"{""model__C"": 6.0, ""model__gamma"": ""scale"", ""pca__n_components"": 100}",stage3_local_cv,0.7993750000000001,0.004107919181288746,32.29,5
stage3_234,stage3_seed_0,"{""model__C"": 6.0, ""model__gamma"": 0.02, ""pca__n_components"": 80}",80,6.0,0.02,"{""model__C"": 6.0, ""model__gamma"": 0.02, ""pca__n_components"": 80}",stage3_local_cv,0.799375,0.0047762432936357055,25.038,5
stage3_036,stage3_seed_0,"{""model__C"": 12.0, ""model__gamma"": 0.005, ""pca__n_components"": 60}",60,12.0,0.005,"{""model__C"": 12.0, ""model__gamma"": 0.005, ""pca__n_components"": 60}",stage3_local_cv,0.799375,0.0082915619758885,29.717999999999996,5
stage3_780,stage3_seed_2,"{""model__C"": 1.5, ""model__gamma"": 0.02, ""pca__n_components"": 120}",120,1.5,0.02,"{""model__C"": 1.5, ""model__gamma"": 0.02, ""pca__n_components"": 120}",stage3_local_cv,0.799375,0.00366571957465377,31.301,5
stage3_588,stage3_seed_1,"{""model__C"": 24.0, ""model__gamma"": 0.0025, ""pca__n_components"": 112}",112,24.0,0.0025,"{""model__C"": 24.0, ""model__gamma"": 0.0025, ""pca__n_components"": 112}",stage3_local_cv,0.799375,0.009478594305064416,37.409000000000006,5
stage3_154,stage3_seed_0,"{""model__C"": 8.0, ""model__gamma"": ""scale"", ""pca__n_components"": 72}",72,8.0,scale,"{""model__C"": 8.0, ""model__gamma"": ""scale"", ""pca__n_components"": 72}",stage3_local_cv,0.79925,0.0073143694191639035,28.583000000000002,5
stage3_766,stage3_seed_2,"{""model__C"": 6.0, ""model__gamma"": 0.02, ""pca__n_components"": 116}",116,6.0,0.02,"{""model__C"": 6.0, ""model__gamma"": 0.02, ""pca__n_components"": 116}",stage3_local_cv,0.79925,0.0042463219378657754,29.249,5
stage3_864,stage3_seed_2,"{""model__C"": 1.5, ""model__gamma"": 0.02, ""pca__n_components"": 128}",128,1.5,0.02,"{""model__C"": 1.5, ""model__gamma"": 0.02, ""pca__n_components"": 128}",stage3_local_cv,0.79925,0.004633438248212674,29.593999999999994,5
stage3_843,stage3_seed_2,"{""model__C"": 4.0, ""model__gamma"": 0.02, ""pca__n_components"": 124}",124,4.0,0.02,"{""model__C"": 4.0, ""model__gamma"": 0.02, ""pca__n_components"": 124}",stage3_local_cv,0.79925,0.00424632193786575,32.059,5
stage3_403,stage3_seed_1,"{""model__C"": 16.0, ""model__gamma"": 0.005, ""pca__n_components"": 92}",92,16.0,0.005,"{""model__C"": 16.0, ""model__gamma"": 0.005, ""pca__n_components"": 92}",stage3_local_cv,0.79925,0.006930458137814539,34.589999999999996,5
stage3_296,stage3_seed_0,"{""model__C"": 2.0, ""model__gamma"": 0.01, ""pca__n_components"": 88}",88,2.0,0.01,"{""model__C"": 2.0, ""model__gamma"": 0.01, ""pca__n_components"": 88}",stage3_local_cv,0.7991249999999999,0.004517327749898148,24.933,5
stage3_885,stage3_seed_2,"{""model__C"": 4.0, ""model__gamma"": 0.02, ""pca__n_components"": 128}",128,4.0,0.02,"{""model__C"": 4.0, ""model__gamma"": 0.02, ""pca__n_components"": 128}",stage3_local_cv,0.7991249999999999,0.0035487673916446074,28.087,5
stage3_391,stage3_seed_1,"{""model__C"": 8.0, ""model__gamma"": 0.005, ""pca__n_components"": 92}",92,8.0,0.005,"{""model__C"": 8.0, ""model__gamma"": 0.005, ""pca__n_components"": 92}",stage3_local_cv,0.7991249999999999,0.005208166663999911,31.0,5
stage3_254,stage3_seed_0,"{""model__C"": 2.0, ""model__gamma"": 0.01, ""pca__n_components"": 84}",84,2.0,0.01,"{""model__C"": 2.0, ""model__gamma"": 0.01, ""pca__n_components"": 84}",stage3_local_cv,0.799,0.004883006246156132,23.674,5
stage3_196,stage3_seed_0,"{""model__C"": 8.0, ""model__gamma"": ""scale"", ""pca__n_components"": 76}",76,8.0,scale,"{""model__C"": 8.0, ""model__gamma"": ""scale"", ""pca__n_components"": 76}",stage3_local_cv,0.799,0.006921434099953566,29.664,5
stage3_850,stage3_seed_2,"{""model__C"": 6.0, ""model__gamma"": 0.02, ""pca__n_components"": 124}",124,6.0,0.02,"{""model__C"": 6.0, ""model__gamma"": 0.02, ""pca__n_components"": 124}",stage3_local_cv,0.799,0.005009366227378475,31.63,5
stage3_009,stage3_seed_0,"{""model__C"": 3.0, ""model__gamma"": 0.01, ""pca__n_components"": 60}",60,3.0,0.01,"{""model__C"": 3.0, ""model__gamma"": 0.01, ""pca__n_components"": 60}",stage3_local_cv,0.798875,0.004077376607574989,25.36,5
stage3_436,stage3_seed_1,"{""model__C"": 16.0, ""model__gamma"": ""scale"", ""pca__n_components"": 96}",96,16.0,scale,"{""model__C"": 16.0, ""model__gamma"": ""scale"", ""pca__n_components"": 96}",stage3_local_cv,0.798875,0.005099019513592809,28.764000000000003,5
stage3_280,stage3_seed_0,"{""model__C"": 8.0, ""model__gamma"": ""scale"", ""pca__n_components"": 84}",84,8.0,scale,"{""model__C"": 8.0, ""model__gamma"": ""scale"", ""pca__n_components"": 84}",stage3_local_cv,0.798875,0.00863676733506237,29.465999999999998,5
stage3_364,stage3_seed_1,"{""model__C"": 16.0, ""model__gamma"": ""scale"", ""pca__n_components"": 88}",88,16.0,scale,"{""model__C"": 16.0, ""model__gamma"": ""scale"", ""pca__n_components"": 88}",stage3_local_cv,0.798875,0.006154266812545587,31.17,5
stage3_323,stage3_seed_0,"{""model__C"": 8.0, ""model__gamma"": 0.005, ""pca__n_components"": 88}",88,8.0,0.005,"{""model__C"": 8.0, ""model__gamma"": 0.005, ""pca__n_components"": 88}",stage3_local_cv,0.798875,0.005855019214315172,31.403000000000002,5
stage3_552,stage3_seed_1,"{""model__C"": 24.0, ""model__gamma"": 0.0025, ""pca__n_components"": 108}",108,24.0,0.0025,"{""model__C"": 24.0, ""model__gamma"": 0.0025, ""pca__n_components"": 108}",stage3_local_cv,0.798875,0.008636767335062356,41.585,5
stage3_080,stage3_seed_0,"{""model__C"": 12.0, ""model__gamma"": 0.02, ""pca__n_components"": 64}",64,12.0,0.02,"{""model__C"": 12.0, ""model__gamma"": 0.02, ""pca__n_components"": 64}",stage3_local_cv,0.7987500000000001,0.006578848683470393,22.203,5
stage3_155,stage3_seed_0,"{""model__C"": 8.0, ""model__gamma"": 0.005, ""pca__n_components"": 72}",72,8.0,0.005,"{""model__C"": 8.0, ""model__gamma"": 0.005, ""pca__n_components"": 72}",stage3_local_cv,0.79875,0.007786205751198702,28.612000000000002,5
stage3_457,stage3_seed_1,"{""model__C"": 6.0, ""model__gamma"": 0.005, ""pca__n_components"": 100}",100,6.0,0.005,"{""model__C"": 6.0, ""model__gamma"": 0.005, ""pca__n_components"": 100}",stage3_local_cv,0.798625,0.005129571132170776,27.591,5
stage3_283,stage3_seed_0,"{""model__C"": 8.0, ""model__gamma"": 0.02, ""pca__n_components"": 84}",84,8.0,0.02,"{""model__C"": 8.0, ""model__gamma"": 0.02, ""pca__n_components"": 84}",stage3_local_cv,0.7986249999999999,0.00546866071355685,23.310000000000002,5
stage3_071,stage3_seed_0,"{""model__C"": 8.0, ""model__gamma"": 0.005, ""pca__n_components"": 64}",64,8.0,0.005,"{""model__C"": 8.0, ""model__gamma"": 0.005, ""pca__n_components"": 64}",stage3_local_cv,0.798375,0.007872023246916882,25.084,5
stage3_197,stage3_seed_0,"{""model__C"": 8.0, ""model__gamma"": 0.005, ""pca__n_components"": 76}",76,8.0,0.005,"{""model__C"": 8.0, ""model__gamma"": 0.005, ""pca__n_components"": 76}",stage3_local_cv,0.79825,0.005468660713556849,32.524,5
stage3_241,stage3_seed_0,"{""model__C"": 8.0, ""model__gamma"": 0.02, ""pca__n_components"": 80}",80,8.0,0.02,"{""model__C"": 8.0, ""model__gamma"": 0.02, ""pca__n_components"": 80}",stage3_local_cv,0.798125,0.0049212549212573845,21.483,5
stage3_892,stage3_seed_2,"{""model__C"": 6.0, ""model__gamma"": 0.02, ""pca__n_components"": 128}",128,6.0,0.02,"{""model__C"": 6.0, ""model__gamma"": 0.02, ""pca__n_components"": 128}",stage3_local_cv,0.798125,0.0046770717334674045,29.464999999999996,5
stage3_543,stage3_seed_1,"{""model__C"": 12.0, ""model__gamma"": 0.02, ""pca__n_components"": 108}",108,12.0,0.02,"{""model__C"": 12.0, ""model__gamma"": 0.02, ""pca__n_components"": 108}",stage3_local_cv,0.798125,0.004183300132670375,30.165,5
stage3_579,stage3_seed_1,"{""model__C"": 12.0, ""model__gamma"": 0.02, ""pca__n_components"": 112}",112,12.0,0.02,"{""model__C"": 12.0, ""model__gamma"": 0.02, ""pca__n_components"": 112}",stage3_local_cv,0.798,0.0032451887464367626,25.582,5
stage3_399,stage3_seed_1,"{""model__C"": 12.0, ""model__gamma"": 0.02, ""pca__n_components"": 92}",92,12.0,0.02,"{""model__C"": 12.0, ""model__gamma"": 0.02, ""pca__n_components"": 92}",stage3_local_cv,0.798,0.004565495591937407,26.839999999999996,5
stage3_038,stage3_seed_0,"{""model__C"": 12.0, ""model__gamma"": 0.02, ""pca__n_components"": 60}",60,12.0,0.02,"{""model__C"": 12.0, ""model__gamma"": 0.02, ""pca__n_components"": 60}",stage3_local_cv,0.797875,0.007208935427648116,24.466,5
stage3_332,stage3_seed_0,"{""model__C"": 12.0, ""model__gamma"": 0.02, ""pca__n_components"": 88}",88,12.0,0.02,"{""model__C"": 12.0, ""model__gamma"": 0.02, ""pca__n_components"": 88}",stage3_local_cv,0.79775,0.0040812069293286474,27.316,5
stage3_344,stage3_seed_1,"{""model__C"": 16.0, ""model__gamma"": ""scale"", ""pca__n_components"": 84}",84,16.0,scale,"{""model__C"": 16.0, ""model__gamma"": ""scale"", ""pca__n_components"": 84}",stage3_local_cv,0.79775,0.0075374067158406515,29.386,5
stage3_281,stage3_seed_0,"{""model__C"": 8.0, ""model__gamma"": 0.005, ""pca__n_components"": 84}",84,8.0,0.005,"{""model__C"": 8.0, ""model__gamma"": 0.005, ""pca__n_components"": 84}",stage3_local_cv,0.7975,0.00756224173112708,26.713,5
stage3_418,stage3_seed_1,"{""model__C"": 6.0, ""model__gamma"": ""scale"", ""pca__n_components"": 96}",96,6.0,scale,"{""model__C"": 6.0, ""model__gamma"": ""scale"", ""pca__n_components"": 96}",stage3_local_cv,0.7975,0.0059817430570027,26.996,5
stage3_164,stage3_seed_0,"{""model__C"": 12.0, ""model__gamma"": 0.02, ""pca__n_components"": 72}",72,12.0,0.02,"{""model__C"": 12.0, ""model__gamma"": 0.02, ""pca__n_components"": 72}",stage3_local_cv,0.7973750000000001,0.007441438033068609,25.267,5
stage3_471,stage3_seed_1,"{""model__C"": 12.0, ""model__gamma"": 0.02, ""pca__n_components"": 100}",100,12.0,0.02,"{""model__C"": 12.0, ""model__gamma"": 0.02, ""pca__n_components"": 100}",stage3_local_cv,0.797375,0.003960744879438716,25.514000000000003,5
stage3_113,stage3_seed_0,"{""model__C"": 8.0, ""model__gamma"": 0.005, ""pca__n_components"": 68}",68,8.0,0.005,"{""model__C"": 8.0, ""model__gamma"": 0.005, ""pca__n_components"": 68}",stage3_local_cv,0.7972500000000001,0.00568165908868176,27.084000000000003,5
stage3_513,stage3_seed_1,"{""model__C"": 16.0, ""model__gamma"": 0.02, ""pca__n_components"": 104}",104,16.0,0.02,"{""model__C"": 16.0, ""model__gamma"": 0.02, ""pca__n_components"": 104}",stage3_local_cv,0.7972499999999999,0.004003904344511722,28.813,5
stage3_290,stage3_seed_0,"{""model__C"": 12.0, ""model__gamma"": 0.02, ""pca__n_components"": 84}",84,12.0,0.02,"{""model__C"": 12.0, ""model__gamma"": 0.02, ""pca__n_components"": 84}",stage3_local_cv,0.797125,0.004818583816849098,26.895,5
stage3_435,stage3_seed_1,"{""model__C"": 12.0, ""model__gamma"": 0.02, ""pca__n_components"": 96}",96,12.0,0.02,"{""model__C"": 12.0, ""model__gamma"": 0.02, ""pca__n_components"": 96}",stage3_local_cv,0.796875,0.005031152949374536,24.416999999999998,5
stage3_206,stage3_seed_0,"{""model__C"": 12.0, ""model__gamma"": 0.02, ""pca__n_components"": 76}",76,12.0,0.02,"{""model__C"": 12.0, ""model__gamma"": 0.02, ""pca__n_components"": 76}",stage3_local_cv,0.7967500000000001,0.006090463857539914,29.298000000000002,5
stage3_507,stage3_seed_1,"{""model__C"": 12.0, ""model__gamma"": 0.02, ""pca__n_components"": 104}",104,12.0,0.02,"{""model__C"": 12.0, ""model__gamma"": 0.02, ""pca__n_components"": 104}",stage3_local_cv,0.79675,0.004153311931459029,30.118000000000002,5
stage3_821,stage3_seed_2,"{""model__C"": 1.5, ""model__gamma"": 0.01, ""pca__n_components"": 124}",124,1.5,0.01,"{""model__C"": 1.5, ""model__gamma"": 0.01, ""pca__n_components"": 124}",stage3_local_cv,0.7965000000000001,0.004883006246156126,31.259,5
stage3_170,stage3_seed_0,"{""model__C"": 2.0, ""model__gamma"": 0.01, ""pca__n_components"": 76}",76,2.0,0.01,"{""model__C"": 2.0, ""model__gamma"": 0.01, ""pca__n_components"": 76}",stage3_local_cv,0.7965,0.0035487673916446013,25.19,5
stage3_212,stage3_seed_0,"{""model__C"": 2.0, ""model__gamma"": 0.01, ""pca__n_components"": 80}",80,2.0,0.01,"{""model__C"": 2.0, ""model__gamma"": 0.01, ""pca__n_components"": 80}",stage3_local_cv,0.7965,0.0034595881257745062,25.253,5
stage3_238,stage3_seed_0,"{""model__C"": 8.0, ""model__gamma"": ""scale"", ""pca__n_components"": 80}",80,8.0,scale,"{""model__C"": 8.0, ""model__gamma"": ""scale"", ""pca__n_components"": 80}",stage3_local_cv,0.7965,0.006466258578188764,27.118,5
stage3_863,stage3_seed_2,"{""model__C"": 1.5, ""model__gamma"": 0.01, ""pca__n_components"": 128}",128,1.5,0.01,"{""model__C"": 1.5, ""model__gamma"": 0.01, ""pca__n_components"": 128}",stage3_local_cv,0.7965,0.0039843443626273,27.716,5
stage3_446,stage3_seed_1,"{""model__C"": 24.0, ""model__gamma"": 0.01, ""pca__n_components"": 96}",96,24.0,0.01,"{""model__C"": 24.0, ""model__gamma"": 0.01, ""pca__n_components"": 96}",stage3_local_cv,0.7965,0.004551785364008303,28.466,5
stage3_478,stage3_seed_1,"{""model__C"": 24.0, ""model__gamma"": ""scale"", ""pca__n_components"": 100}",100,24.0,scale,"{""model__C"": 24.0, ""model__gamma"": ""scale"", ""pca__n_components"": 100}",stage3_local_cv,0.7965,0.0047696960070847325,30.094000000000005,5
stage3_406,stage3_seed_1,"{""model__C"": 24.0, ""model__gamma"": ""scale"", ""pca__n_components"": 92}",92,24.0,scale,"{""model__C"": 24.0, ""model__gamma"": ""scale"", ""pca__n_components"": 92}",stage3_local_cv,0.796375,0.0045654955919374254,31.346000000000004,5
stage3_382,stage3_seed_1,"{""model__C"": 6.0, ""model__gamma"": ""scale"", ""pca__n_components"": 92}",92,6.0,scale,"{""model__C"": 6.0, ""model__gamma"": ""scale"", ""pca__n_components"": 92}",stage3_local_cv,0.7963749999999999,0.005006246098625207,32.888999999999996,5
stage3_549,stage3_seed_1,"{""model__C"": 16.0, ""model__gamma"": 0.02, ""pca__n_components"": 108}",108,16.0,0.02,"{""model__C"": 16.0, ""model__gamma"": 0.02, ""pca__n_components"": 108}",stage3_local_cv,0.79625,0.004201934078492899,29.774,5
stage3_779,stage3_seed_2,"{""model__C"": 1.5, ""model__gamma"": 0.01, ""pca__n_components"": 120}",120,1.5,0.01,"{""model__C"": 1.5, ""model__gamma"": 0.01, ""pca__n_components"": 120}",stage3_local_cv,0.7962499999999999,0.004626688880830407,27.011,5
stage3_514,stage3_seed_1,"{""model__C"": 24.0, ""model__gamma"": ""scale"", ""pca__n_components"": 104}",104,24.0,scale,"{""model__C"": 24.0, ""model__gamma"": ""scale"", ""pca__n_components"": 104}",stage3_local_cv,0.7961250000000001,0.006701212576840107,32.194,5
stage3_410,stage3_seed_1,"{""model__C"": 24.0, ""model__gamma"": 0.01, ""pca__n_components"": 92}",92,24.0,0.01,"{""model__C"": 24.0, ""model__gamma"": 0.01, ""pca__n_components"": 92}",stage3_local_cv,0.796125,0.004990616194419296,27.395999999999997,5
stage3_349,stage3_seed_1,"{""model__C"": 16.0, ""model__gamma"": 0.02, ""pca__n_components"": 84}",84,16.0,0.02,"{""model__C"": 16.0, ""model__gamma"": 0.02, ""pca__n_components"": 84}",stage3_local_cv,0.7961249999999999,0.004879805323985807,23.705000000000002,5
stage3_518,stage3_seed_1,"{""model__C"": 24.0, ""model__gamma"": 0.01, ""pca__n_components"": 104}",104,24.0,0.01,"{""model__C"": 24.0, ""model__gamma"": 0.01, ""pca__n_components"": 104}",stage3_local_cv,0.796,0.003720719016534305,29.446,5
stage3_369,stage3_seed_1,"{""model__C"": 16.0, ""model__gamma"": 0.02, ""pca__n_components"": 88}",88,16.0,0.02,"{""model__C"": 16.0, ""model__gamma"": 0.02, ""pca__n_components"": 88}",stage3_local_cv,0.7959999999999999,0.004736823830374092,24.828,5
stage3_482,stage3_seed_1,"{""model__C"": 24.0, ""model__gamma"": 0.01, ""pca__n_components"": 100}",100,24.0,0.01,"{""model__C"": 24.0, ""model__gamma"": 0.01, ""pca__n_components"": 100}",stage3_local_cv,0.795875,0.005086747487343972,27.598999999999997,5
stage3_239,stage3_seed_0,"{""model__C"": 8.0, ""model__gamma"": 0.005, ""pca__n_components"": 80}",80,8.0,0.005,"{""model__C"": 8.0, ""model__gamma"": 0.005, ""pca__n_components"": 80}",stage3_local_cv,0.795875,0.0054715171570597874,27.668,5
stage3_442,stage3_seed_1,"{""model__C"": 24.0, ""model__gamma"": ""scale"", ""pca__n_components"": 96}",96,24.0,scale,"{""model__C"": 24.0, ""model__gamma"": ""scale"", ""pca__n_components"": 96}",stage3_local_cv,0.795875,0.005976516543940961,28.742000000000004,5
stage3_028,stage3_seed_0,"{""model__C"": 8.0, ""model__gamma"": ""scale"", ""pca__n_components"": 60}",60,8.0,scale,"{""model__C"": 8.0, ""model__gamma"": ""scale"", ""pca__n_components"": 60}",stage3_local_cv,0.7958749999999999,0.007401435671543752,29.166000000000004,5
stage3_516,stage3_seed_1,"{""model__C"": 24.0, ""model__gamma"": 0.0025, ""pca__n_components"": 104}",104,24.0,0.0025,"{""model__C"": 24.0, ""model__gamma"": 0.0025, ""pca__n_components"": 104}",stage3_local_cv,0.7958749999999999,0.005817538139110047,40.525000000000006,5
stage3_374,stage3_seed_1,"{""model__C"": 24.0, ""model__gamma"": 0.01, ""pca__n_components"": 88}",88,24.0,0.01,"{""model__C"": 24.0, ""model__gamma"": 0.01, ""pca__n_components"": 88}",stage3_local_cv,0.7957500000000002,0.0035222507009013346,25.008000000000003,5
stage3_248,stage3_seed_0,"{""model__C"": 12.0, ""model__gamma"": 0.02, ""pca__n_components"": 80}",80,12.0,0.02,"{""model__C"": 12.0, ""model__gamma"": 0.02, ""pca__n_components"": 80}",stage3_local_cv,0.795625,0.005548085255293036,22.624,5
stage3_086,stage3_seed_0,"{""model__C"": 2.0, ""model__gamma"": 0.01, ""pca__n_components"": 68}",68,2.0,0.01,"{""model__C"": 2.0, ""model__gamma"": 0.01, ""pca__n_components"": 68}",stage3_local_cv,0.795625,0.004558645632202648,23.493999999999996,5
stage3_128,stage3_seed_0,"{""model__C"": 2.0, ""model__gamma"": 0.01, ""pca__n_components"": 72}",72,2.0,0.01,"{""model__C"": 2.0, ""model__gamma"": 0.01, ""pca__n_components"": 72}",stage3_local_cv,0.795625,0.003933033180638066,24.872999999999998,5
stage3_063,stage3_seed_0,"{""model__C"": 6.0, ""model__gamma"": ""scale"", ""pca__n_components"": 64}",64,6.0,scale,"{""model__C"": 6.0, ""model__gamma"": ""scale"", ""pca__n_components"": 64}",stage3_local_cv,0.795625,0.00574184203892793,25.197999999999997,5
stage3_273,stage3_seed_0,"{""model__C"": 6.0, ""model__gamma"": ""scale"", ""pca__n_components"": 84}",84,6.0,scale,"{""model__C"": 6.0, ""model__gamma"": ""scale"", ""pca__n_components"": 84}",stage3_local_cv,0.795625,0.006519202405202657,26.185000000000002,5
stage3_554,stage3_seed_1,"{""model__C"": 24.0, ""model__gamma"": 0.01, ""pca__n_components"": 108}",108,24.0,0.01,"{""model__C"": 24.0, ""model__gamma"": 0.01, ""pca__n_components"": 108}",stage3_local_cv,0.795625,0.0032355447763861658,28.578,5
stage3_477,stage3_seed_1,"{""model__C"": 16.0, ""model__gamma"": 0.02, ""pca__n_components"": 100}",100,16.0,0.02,"{""model__C"": 16.0, ""model__gamma"": 0.02, ""pca__n_components"": 100}",stage3_local_cv,0.795625,0.00431204707766507,28.65,5
stage3_189,stage3_seed_0,"{""model__C"": 6.0, ""model__gamma"": ""scale"", ""pca__n_components"": 76}",76,6.0,scale,"{""model__C"": 6.0, ""model__gamma"": ""scale"", ""pca__n_components"": 76}",stage3_local_cv,0.7955,0.005396758286230737,29.029,5
stage3_370,stage3_seed_1,"{""model__C"": 24.0, ""model__gamma"": ""scale"", ""pca__n_components"": 88}",88,24.0,scale,"{""model__C"": 24.0, ""model__gamma"": ""scale"", ""pca__n_components"": 88}",stage3_local_cv,0.7955,0.005637486141889826,32.027,5
stage3_405,stage3_seed_1,"{""model__C"": 16.0, ""model__gamma"": 0.02, ""pca__n_components"": 92}",92,16.0,0.02,"{""model__C"": 16.0, ""model__gamma"": 0.02, ""pca__n_components"": 92}",stage3_local_cv,0.795375,0.00297384431334259,29.989,5
stage3_585,stage3_seed_1,"{""model__C"": 16.0, ""model__gamma"": 0.02, ""pca__n_components"": 112}",112,16.0,0.02,"{""model__C"": 16.0, ""model__gamma"": 0.02, ""pca__n_components"": 112}",stage3_local_cv,0.79525,0.004286607049870549,26.525,5
stage3_481,stage3_seed_1,"{""model__C"": 24.0, ""model__gamma"": 0.005, ""pca__n_components"": 100}",100,24.0,0.005,"{""model__C"": 24.0, ""model__gamma"": 0.005, ""pca__n_components"": 100}",stage3_local_cv,0.79525,0.005178078794301984,32.147999999999996,5
stage3_409,stage3_seed_1,"{""model__C"": 24.0, ""model__gamma"": 0.005, ""pca__n_components"": 92}",92,24.0,0.005,"{""model__C"": 24.0, ""model__gamma"": 0.005, ""pca__n_components"": 92}",stage3_local_cv,0.7951250000000001,0.006583597041131835,34.364000000000004,5
stage3_044,stage3_seed_0,"{""model__C"": 2.0, ""model__gamma"": 0.01, ""pca__n_components"": 64}",64,2.0,0.01,"{""model__C"": 2.0, ""model__gamma"": 0.01, ""pca__n_components"": 64}",stage3_local_cv,0.795125,0.004863769114585907,22.221,5
stage3_147,stage3_seed_0,"{""model__C"": 6.0, ""model__gamma"": ""scale"", ""pca__n_components"": 72}",72,6.0,scale,"{""model__C"": 6.0, ""model__gamma"": ""scale"", ""pca__n_components"": 72}",stage3_local_cv,0.795125,0.006090463857539936,29.070999999999998,5
stage3_315,stage3_seed_0,"{""model__C"": 6.0, ""model__gamma"": ""scale"", ""pca__n_components"": 88}",88,6.0,scale,"{""model__C"": 6.0, ""model__gamma"": ""scale"", ""pca__n_components"": 88}",stage3_local_cv,0.795125,0.008304742620936558,29.652,5
stage3_353,stage3_seed_1,"{""model__C"": 24.0, ""model__gamma"": 0.005, ""pca__n_components"": 84}",84,24.0,0.005,"{""model__C"": 24.0, ""model__gamma"": 0.005, ""pca__n_components"": 84}",stage3_local_cv,0.795125,0.00791951703072856,32.986,5
stage3_480,stage3_seed_1,"{""model__C"": 24.0, ""model__gamma"": 0.0025, ""pca__n_components"": 100}",100,24.0,0.0025,"{""model__C"": 24.0, ""model__gamma"": 0.0025, ""pca__n_components"": 100}",stage3_local_cv,0.7951249999999999,0.004959208606219348,38.437,5
stage3_586,stage3_seed_1,"{""model__C"": 24.0, ""model__gamma"": ""scale"", ""pca__n_components"": 112}",112,24.0,scale,"{""model__C"": 24.0, ""model__gamma"": ""scale"", ""pca__n_components"": 112}",stage3_local_cv,0.7949999999999999,0.004937104414532856,29.879999999999995,5
stage3_445,stage3_seed_1,"{""model__C"": 24.0, ""model__gamma"": 0.005, ""pca__n_components"": 96}",96,24.0,0.005,"{""model__C"": 24.0, ""model__gamma"": 0.005, ""pca__n_components"": 96}",stage3_local_cv,0.7948750000000001,0.007689278249614862,27.945,5
stage3_590,stage3_seed_1,"{""model__C"": 24.0, ""model__gamma"": 0.01, ""pca__n_components"": 112}",112,24.0,0.01,"{""model__C"": 24.0, ""model__gamma"": 0.01, ""pca__n_components"": 112}",stage3_local_cv,0.794625,0.0039051248379533324,27.175,5
stage3_029,stage3_seed_0,"{""model__C"": 8.0, ""model__gamma"": 0.005, ""pca__n_components"": 60}",60,8.0,0.005,"{""model__C"": 8.0, ""model__gamma"": 0.005, ""pca__n_components"": 60}",stage3_local_cv,0.794625,0.006621461319074504,29.322,5
stage3_373,stage3_seed_1,"{""model__C"": 24.0, ""model__gamma"": 0.005, ""pca__n_components"": 88}",88,24.0,0.005,"{""model__C"": 24.0, ""model__gamma"": 0.005, ""pca__n_components"": 88}",stage3_local_cv,0.7945,0.008690871647884329,32.026,5
stage3_517,stage3_seed_1,"{""model__C"": 24.0, ""model__gamma"": 0.005, ""pca__n_components"": 104}",104,24.0,0.005,"{""model__C"": 24.0, ""model__gamma"": 0.005, ""pca__n_components"": 104}",stage3_local_cv,0.7945,0.0068624886156554024,32.546,5
stage3_441,stage3_seed_1,"{""model__C"": 16.0, ""model__gamma"": 0.02, ""pca__n_components"": 96}",96,16.0,0.02,"{""model__C"": 16.0, ""model__gamma"": 0.02, ""pca__n_components"": 96}",stage3_local_cv,0.794375,0.004592793267718446,26.876,5
stage3_591,stage3_seed_1,"{""model__C"": 24.0, ""model__gamma"": 0.02, ""pca__n_components"": 112}",112,24.0,0.02,"{""model__C"": 24.0, ""model__gamma"": 0.02, ""pca__n_components"": 112}",stage3_local_cv,0.794125,0.006344288770224737,27.74,5
stage3_737,stage3_seed_2,"{""model__C"": 1.5, ""model__gamma"": 0.01, ""pca__n_components"": 116}",116,1.5,0.01,"{""model__C"": 1.5, ""model__gamma"": 0.01, ""pca__n_components"": 116}",stage3_local_cv,0.794125,0.005009366227378474,28.792,5
stage3_589,stage3_seed_1,"{""model__C"": 24.0, ""model__gamma"": 0.005, ""pca__n_components"": 112}",112,24.0,0.005,"{""model__C"": 24.0, ""model__gamma"": 0.005, ""pca__n_components"": 112}",stage3_local_cv,0.794125,0.00669187940716209,31.738,5
stage3_550,stage3_seed_1,"{""model__C"": 24.0, ""model__gamma"": ""scale"", ""pca__n_components"": 108}",108,24.0,scale,"{""model__C"": 24.0, ""model__gamma"": ""scale"", ""pca__n_components"": 108}",stage3_local_cv,0.794125,0.003025929609227533,33.648,5
stage3_555,stage3_seed_1,"{""model__C"": 24.0, ""model__gamma"": 0.02, ""pca__n_components"": 108}",108,24.0,0.02,"{""model__C"": 24.0, ""model__gamma"": 0.02, ""pca__n_components"": 108}",stage3_local_cv,0.794,0.00595031511770597,31.888,5
stage3_354,stage3_seed_1,"{""model__C"": 24.0, ""model__gamma"": 0.01, ""pca__n_components"": 84}",84,24.0,0.01,"{""model__C"": 24.0, ""model__gamma"": 0.01, ""pca__n_components"": 84}",stage3_local_cv,0.7939999999999999,0.004834769901453438,23.086,5
stage3_316,stage3_seed_0,"{""model__C"": 6.0, ""model__gamma"": 0.005, ""pca__n_components"": 88}",88,6.0,0.005,"{""model__C"": 6.0, ""model__gamma"": 0.005, ""pca__n_components"": 88}",stage3_local_cv,0.7938750000000001,0.00811441618355873,30.608999999999998,5
stage3_703,stage3_seed_2,"{""model__C"": 1.5, ""model__gamma"": 0.01, ""pca__n_components"": 112}",112,1.5,0.01,"{""model__C"": 1.5, ""model__gamma"": 0.01, ""pca__n_components"": 112}",stage3_local_cv,0.793875,0.00459959237324351,25.142000000000003,5
stage3_350,stage3_seed_1,"{""model__C"": 24.0, ""model__gamma"": ""scale"", ""pca__n_components"": 84}",84,24.0,scale,"{""model__C"": 24.0, ""model__gamma"": ""scale"", ""pca__n_components"": 84}",stage3_local_cv,0.79375,0.006649718039135198,29.131,5
stage3_444,stage3_seed_1,"{""model__C"": 24.0, ""model__gamma"": 0.0025, ""pca__n_components"": 96}",96,24.0,0.0025,"{""model__C"": 24.0, ""model__gamma"": 0.0025, ""pca__n_components"": 96}",stage3_local_cv,0.79375,0.006483151239944958,33.968,5
stage3_421,stage3_seed_1,"{""model__C"": 6.0, ""model__gamma"": 0.005, ""pca__n_components"": 96}",96,6.0,0.005,"{""model__C"": 6.0, ""model__gamma"": 0.005, ""pca__n_components"": 96}",stage3_local_cv,0.7936250000000001,0.006630893604937442,26.840999999999998,5
stage3_231,stage3_seed_0,"{""model__C"": 6.0, ""model__gamma"": ""scale"", ""pca__n_components"": 80}",80,6.0,scale,"{""model__C"": 6.0, ""model__gamma"": ""scale"", ""pca__n_components"": 80}",stage3_local_cv,0.793625,0.005279678020485712,28.387,5
stage3_669,stage3_seed_2,"{""model__C"": 1.5, ""model__gamma"": 0.01, ""pca__n_components"": 108}",108,1.5,0.01,"{""model__C"": 1.5, ""model__gamma"": 0.01, ""pca__n_components"": 108}",stage3_local_cv,0.7936249999999999,0.003940970692608638,30.115,5
stage3_519,stage3_seed_1,"{""model__C"": 24.0, ""model__gamma"": 0.02, ""pca__n_components"": 104}",104,24.0,0.02,"{""model__C"": 24.0, ""model__gamma"": 0.02, ""pca__n_components"": 104}",stage3_local_cv,0.7933749999999999,0.005252975347362683,28.691,5
stage3_882,stage3_seed_2,"{""model__C"": 4.0, ""model__gamma"": ""scale"", ""pca__n_components"": 128}",128,4.0,scale,"{""model__C"": 4.0, ""model__gamma"": ""scale"", ""pca__n_components"": 128}",stage3_local_cv,0.79325,0.004282960424752939,24.209,5
stage3_274,stage3_seed_0,"{""model__C"": 6.0, ""model__gamma"": 0.005, ""pca__n_components"": 84}",84,6.0,0.005,"{""model__C"": 6.0, ""model__gamma"": 0.005, ""pca__n_components"": 84}",stage3_local_cv,0.7931250000000001,0.006578848683470355,29.304000000000002,5
stage3_385,stage3_seed_1,"{""model__C"": 6.0, ""model__gamma"": 0.005, ""pca__n_components"": 92}",92,6.0,0.005,"{""model__C"": 6.0, ""model__gamma"": 0.005, ""pca__n_components"": 92}",stage3_local_cv,0.7931250000000001,0.00480884601541782,33.096000000000004,5
stage3_553,stage3_seed_1,"{""model__C"": 24.0, ""model__gamma"": 0.005, ""pca__n_components"": 108}",108,24.0,0.005,"{""model__C"": 24.0, ""model__gamma"": 0.005, ""pca__n_components"": 108}",stage3_local_cv,0.7929999999999999,0.005651327277728682,35.988,5
stage3_105,stage3_seed_0,"{""model__C"": 6.0, ""model__gamma"": ""scale"", ""pca__n_components"": 68}",68,6.0,scale,"{""model__C"": 6.0, ""model__gamma"": ""scale"", ""pca__n_components"": 68}",stage3_local_cv,0.792875,0.006028577775893746,26.060000000000002,5
stage3_372,stage3_seed_1,"{""model__C"": 24.0, ""model__gamma"": 0.0025, ""pca__n_components"": 88}",88,24.0,0.0025,"{""model__C"": 24.0, ""model__gamma"": 0.0025, ""pca__n_components"": 88}",stage3_local_cv,0.79275,0.004138236339311703,32.607,5
stage3_840,stage3_seed_2,"{""model__C"": 4.0, ""model__gamma"": ""scale"", ""pca__n_components"": 124}",124,4.0,scale,"{""model__C"": 4.0, ""model__gamma"": ""scale"", ""pca__n_components"": 124}",stage3_local_cv,0.792625,0.004246321937865771,28.509999999999998,5
stage3_064,stage3_seed_0,"{""model__C"": 6.0, ""model__gamma"": 0.005, ""pca__n_components"": 64}",64,6.0,0.005,"{""model__C"": 6.0, ""model__gamma"": 0.005, ""pca__n_components"": 64}",stage3_local_cv,0.7926249999999999,0.007346342627457563,21.082,5
stage3_841,stage3_seed_2,"{""model__C"": 4.0, ""model__gamma"": 0.005, ""pca__n_components"": 124}",124,4.0,0.005,"{""model__C"": 4.0, ""model__gamma"": 0.005, ""pca__n_components"": 124}",stage3_local_cv,0.7925000000000001,0.004401704215414763,29.311,5
stage3_408,stage3_seed_1,"{""model__C"": 24.0, ""model__gamma"": 0.0025, ""pca__n_components"": 92}",92,24.0,0.0025,"{""model__C"": 24.0, ""model__gamma"": 0.0025, ""pca__n_components"": 92}",stage3_local_cv,0.7925000000000001,0.005849679478398796,33.114999999999995,5
stage3_190,stage3_seed_0,"{""model__C"": 6.0, ""model__gamma"": 0.005, ""pca__n_components"": 76}",76,6.0,0.005,"{""model__C"": 6.0, ""model__gamma"": 0.005, ""pca__n_components"": 76}",stage3_local_cv,0.792375,0.006090463857539912,28.998,5
stage3_148,stage3_seed_0,"{""model__C"": 6.0, ""model__gamma"": 0.005, ""pca__n_components"": 72}",72,6.0,0.005,"{""model__C"": 6.0, ""model__gamma"": 0.005, ""pca__n_components"": 72}",stage3_local_cv,0.792,0.004974937185533119,23.771,5
stage3_375,stage3_seed_1,"{""model__C"": 24.0, ""model__gamma"": 0.02, ""pca__n_components"": 88}",88,24.0,0.02,"{""model__C"": 24.0, ""model__gamma"": 0.02, ""pca__n_components"": 88}",stage3_local_cv,0.792,0.0048957890068915344,28.836,5
stage3_352,stage3_seed_1,"{""model__C"": 24.0, ""model__gamma"": 0.0025, ""pca__n_components"": 84}",84,24.0,0.0025,"{""model__C"": 24.0, ""model__gamma"": 0.0025, ""pca__n_components"": 84}",stage3_local_cv,0.7918749999999999,0.004506939094329986,29.310000000000002,5
stage3_021,stage3_seed_0,"{""model__C"": 6.0, ""model__gamma"": ""scale"", ""pca__n_components"": 60}",60,6.0,scale,"{""model__C"": 6.0, ""model__gamma"": ""scale"", ""pca__n_components"": 60}",stage3_local_cv,0.7917500000000001,0.006128825336065607,25.901000000000003,5
stage3_582,stage3_seed_1,"{""model__C"": 16.0, ""model__gamma"": 0.0025, ""pca__n_components"": 112}",112,16.0,0.0025,"{""model__C"": 16.0, ""model__gamma"": 0.0025, ""pca__n_components"": 112}",stage3_local_cv,0.7917500000000001,0.00951479111699255,32.993,5
stage3_799,stage3_seed_2,"{""model__C"": 4.0, ""model__gamma"": 0.005, ""pca__n_components"": 120}",120,4.0,0.005,"{""model__C"": 4.0, ""model__gamma"": 0.005, ""pca__n_components"": 120}",stage3_local_cv,0.791625,0.004720301897124807,28.191,5
stage3_798,stage3_seed_2,"{""model__C"": 4.0, ""model__gamma"": ""scale"", ""pca__n_components"": 120}",120,4.0,scale,"{""model__C"": 4.0, ""model__gamma"": ""scale"", ""pca__n_components"": 120}",stage3_local_cv,0.7915,0.00500936622737847,27.331,5
stage3_883,stage3_seed_2,"{""model__C"": 4.0, ""model__gamma"": 0.005, ""pca__n_components"": 128}",128,4.0,0.005,"{""model__C"": 4.0, ""model__gamma"": 0.005, ""pca__n_components"": 128}",stage3_local_cv,0.7915,0.0036142080737002593,28.192,5
stage3_483,stage3_seed_1,"{""model__C"": 24.0, ""model__gamma"": 0.02, ""pca__n_components"": 100}",100,24.0,0.02,"{""model__C"": 24.0, ""model__gamma"": 0.02, ""pca__n_components"": 100}",stage3_local_cv,0.791375,0.004911720676097139,25.166,5
stage3_411,stage3_seed_1,"{""model__C"": 24.0, ""model__gamma"": 0.02, ""pca__n_components"": 92}",92,24.0,0.02,"{""model__C"": 24.0, ""model__gamma"": 0.02, ""pca__n_components"": 92}",stage3_local_cv,0.7913749999999999,0.003758324094593225,30.916,5
stage3_635,stage3_seed_2,"{""model__C"": 1.5, ""model__gamma"": 0.01, ""pca__n_components"": 104}",104,1.5,0.01,"{""model__C"": 1.5, ""model__gamma"": 0.01, ""pca__n_components"": 104}",stage3_local_cv,0.7912500000000001,0.005714564725331237,28.241999999999997,5
stage3_447,stage3_seed_1,"{""model__C"": 24.0, ""model__gamma"": 0.02, ""pca__n_components"": 96}",96,24.0,0.02,"{""model__C"": 24.0, ""model__gamma"": 0.02, ""pca__n_components"": 96}",stage3_local_cv,0.79125,0.004677071733467407,22.632,5
stage3_556,stage3_seed_1,"{""model__C"": 4.0, ""model__gamma"": ""scale"", ""pca__n_components"": 112}",112,4.0,scale,"{""model__C"": 4.0, ""model__gamma"": ""scale"", ""pca__n_components"": 112}",stage3_local_cv,0.791125,0.00435531284754606,24.767,5
stage3_106,stage3_seed_0,"{""model__C"": 6.0, ""model__gamma"": 0.005, ""pca__n_components"": 68}",68,6.0,0.005,"{""model__C"": 6.0, ""model__gamma"": 0.005, ""pca__n_components"": 68}",stage3_local_cv,0.790875,0.006054440519156157,24.747,5
stage3_232,stage3_seed_0,"{""model__C"": 6.0, ""model__gamma"": 0.005, ""pca__n_components"": 80}",80,6.0,0.005,"{""model__C"": 6.0, ""model__gamma"": 0.005, ""pca__n_components"": 80}",stage3_local_cv,0.790625,0.005876329636771579,29.098000000000003,5
stage3_601,stage3_seed_2,"{""model__C"": 1.5, ""model__gamma"": 0.01, ""pca__n_components"": 100}",100,1.5,0.01,"{""model__C"": 1.5, ""model__gamma"": 0.01, ""pca__n_components"": 100}",stage3_local_cv,0.7903749999999999,0.00451732774989815,24.608000000000004,5
stage3_002,stage3_seed_0,"{""model__C"": 2.0, ""model__gamma"": 0.01, ""pca__n_components"": 60}",60,2.0,0.01,"{""model__C"": 2.0, ""model__gamma"": 0.01, ""pca__n_components"": 60}",stage3_local_cv,0.79025,0.005055937104039176,25.348999999999997,5
stage3_546,stage3_seed_1,"{""model__C"": 16.0, ""model__gamma"": 0.0025, ""pca__n_components"": 108}",108,16.0,0.0025,"{""model__C"": 16.0, ""model__gamma"": 0.0025, ""pca__n_components"": 108}",stage3_local_cv,0.79025,0.010965856099730676,32.748000000000005,5
stage3_756,stage3_seed_2,"{""model__C"": 4.0, ""model__gamma"": ""scale"", ""pca__n_components"": 116}",116,4.0,scale,"{""model__C"": 4.0, ""model__gamma"": ""scale"", ""pca__n_components"": 116}",stage3_local_cv,0.79,0.0035355339059327407,25.956000000000003,5
stage3_355,stage3_seed_1,"{""model__C"": 24.0, ""model__gamma"": 0.02, ""pca__n_components"": 84}",84,24.0,0.02,"{""model__C"": 24.0, ""model__gamma"": 0.02, ""pca__n_components"": 84}",stage3_local_cv,0.79,0.004126893504804787,27.936,5
stage3_484,stage3_seed_1,"{""model__C"": 4.0, ""model__gamma"": ""scale"", ""pca__n_components"": 104}",104,4.0,scale,"{""model__C"": 4.0, ""model__gamma"": ""scale"", ""pca__n_components"": 104}",stage3_local_cv,0.79,0.004660337970576811,28.768,5
stage3_757,stage3_seed_2,"{""model__C"": 4.0, ""model__gamma"": 0.005, ""pca__n_components"": 116}",116,4.0,0.005,"{""model__C"": 4.0, ""model__gamma"": 0.005, ""pca__n_components"": 116}",stage3_local_cv,0.7896250000000001,0.003803781013675728,28.264999999999997,5
stage3_510,stage3_seed_1,"{""model__C"": 16.0, ""model__gamma"": 0.0025, ""pca__n_components"": 104}",104,16.0,0.0025,"{""model__C"": 16.0, ""model__gamma"": 0.0025, ""pca__n_components"": 104}",stage3_local_cv,0.789625,0.007143616031114753,30.15,5
stage3_559,stage3_seed_1,"{""model__C"": 4.0, ""model__gamma"": 0.005, ""pca__n_components"": 112}",112,4.0,0.005,"{""model__C"": 4.0, ""model__gamma"": 0.005, ""pca__n_components"": 112}",stage3_local_cv,0.7895,0.004863769114585937,24.275,5
stage3_520,stage3_seed_1,"{""model__C"": 4.0, ""model__gamma"": ""scale"", ""pca__n_components"": 108}",108,4.0,scale,"{""model__C"": 4.0, ""model__gamma"": ""scale"", ""pca__n_components"": 108}",stage3_local_cv,0.7889999999999999,0.004119314263321019,28.111,5
stage3_487,stage3_seed_1,"{""model__C"": 4.0, ""model__gamma"": 0.005, ""pca__n_components"": 104}",104,4.0,0.005,"{""model__C"": 4.0, ""model__gamma"": 0.005, ""pca__n_components"": 104}",stage3_local_cv,0.7885,0.0049307707308290085,26.987999999999996,5
stage3_438,stage3_seed_1,"{""model__C"": 16.0, ""model__gamma"": 0.0025, ""pca__n_components"": 96}",96,16.0,0.0025,"{""model__C"": 16.0, ""model__gamma"": 0.0025, ""pca__n_components"": 96}",stage3_local_cv,0.787875,0.007537406715840652,26.831999999999997,5
stage3_474,stage3_seed_1,"{""model__C"": 16.0, ""model__gamma"": 0.0025, ""pca__n_components"": 100}",100,16.0,0.0025,"{""model__C"": 16.0, ""model__gamma"": 0.0025, ""pca__n_components"": 100}",stage3_local_cv,0.787625,0.0066308936049374306,26.759999999999998,5
stage3_523,stage3_seed_1,"{""model__C"": 4.0, ""model__gamma"": 0.005, ""pca__n_components"": 108}",108,4.0,0.005,"{""model__C"": 4.0, ""model__gamma"": 0.005, ""pca__n_components"": 108}",stage3_local_cv,0.7873749999999999,0.0037583240945932134,27.744999999999997,5
stage3_402,stage3_seed_1,"{""model__C"": 16.0, ""model__gamma"": 0.0025, ""pca__n_components"": 92}",92,16.0,0.0025,"{""model__C"": 16.0, ""model__gamma"": 0.0025, ""pca__n_components"": 92}",stage3_local_cv,0.7873749999999999,0.007086518891529209,29.504999999999995,5
stage3_022,stage3_seed_0,"{""model__C"": 6.0, ""model__gamma"": 0.005, ""pca__n_components"": 60}",60,6.0,0.005,"{""model__C"": 6.0, ""model__gamma"": 0.005, ""pca__n_components"": 60}",stage3_local_cv,0.786875,0.0043120470776650995,24.357999999999997,5
stage3_448,stage3_seed_1,"{""model__C"": 4.0, ""model__gamma"": ""scale"", ""pca__n_components"": 100}",100,4.0,scale,"{""model__C"": 4.0, ""model__gamma"": ""scale"", ""pca__n_components"": 100}",stage3_local_cv,0.786125,0.006523994175349925,26.965,5
stage3_308,stage3_seed_0,"{""model__C"": 4.0, ""model__gamma"": ""scale"", ""pca__n_components"": 88}",88,4.0,scale,"{""model__C"": 4.0, ""model__gamma"": ""scale"", ""pca__n_components"": 88}",stage3_local_cv,0.786125,0.0058416607227739555,28.530000000000005,5
stage3_376,stage3_seed_1,"{""model__C"": 4.0, ""model__gamma"": ""scale"", ""pca__n_components"": 92}",92,4.0,scale,"{""model__C"": 4.0, ""model__gamma"": ""scale"", ""pca__n_components"": 92}",stage3_local_cv,0.78575,0.007163274390947175,25.262,5
stage3_451,stage3_seed_1,"{""model__C"": 4.0, ""model__gamma"": 0.005, ""pca__n_components"": 100}",100,4.0,0.005,"{""model__C"": 4.0, ""model__gamma"": 0.005, ""pca__n_components"": 100}",stage3_local_cv,0.784625,0.007273668262988067,28.438,5
stage3_412,stage3_seed_1,"{""model__C"": 4.0, ""model__gamma"": ""scale"", ""pca__n_components"": 96}",96,4.0,scale,"{""model__C"": 4.0, ""model__gamma"": ""scale"", ""pca__n_components"": 96}",stage3_local_cv,0.7845,0.006642665127793198,23.56,5
stage3_140,stage3_seed_0,"{""model__C"": 4.0, ""model__gamma"": ""scale"", ""pca__n_components"": 72}",72,4.0,scale,"{""model__C"": 4.0, ""model__gamma"": ""scale"", ""pca__n_components"": 72}",stage3_local_cv,0.784375,0.003791437722025779,23.544,5
stage3_182,stage3_seed_0,"{""model__C"": 4.0, ""model__gamma"": ""scale"", ""pca__n_components"": 76}",76,4.0,scale,"{""model__C"": 4.0, ""model__gamma"": ""scale"", ""pca__n_components"": 76}",stage3_local_cv,0.7843749999999999,0.006287388169979645,25.889,5
stage3_875,stage3_seed_2,"{""model__C"": 3.0, ""model__gamma"": ""scale"", ""pca__n_components"": 128}",128,3.0,scale,"{""model__C"": 3.0, ""model__gamma"": ""scale"", ""pca__n_components"": 128}",stage3_local_cv,0.7838749999999999,0.0023184046238739265,23.880000000000003,5
stage3_309,stage3_seed_0,"{""model__C"": 4.0, ""model__gamma"": 0.005, ""pca__n_components"": 88}",88,4.0,0.005,"{""model__C"": 4.0, ""model__gamma"": 0.005, ""pca__n_components"": 88}",stage3_local_cv,0.7835000000000001,0.005009366227378473,22.673000000000002,5
stage3_266,stage3_seed_0,"{""model__C"": 4.0, ""model__gamma"": ""scale"", ""pca__n_components"": 84}",84,4.0,scale,"{""model__C"": 4.0, ""model__gamma"": ""scale"", ""pca__n_components"": 84}",stage3_local_cv,0.7835,0.005844334863780486,24.104,5
stage3_366,stage3_seed_1,"{""model__C"": 16.0, ""model__gamma"": 0.0025, ""pca__n_components"": 88}",88,16.0,0.0025,"{""model__C"": 16.0, ""model__gamma"": 0.0025, ""pca__n_components"": 88}",stage3_local_cv,0.78325,0.006090463857539897,31.366,5
stage3_056,stage3_seed_0,"{""model__C"": 4.0, ""model__gamma"": ""scale"", ""pca__n_components"": 64}",64,4.0,scale,"{""model__C"": 4.0, ""model__gamma"": ""scale"", ""pca__n_components"": 64}",stage3_local_cv,0.783,0.007185053931599967,20.583000000000002,5
stage3_540,stage3_seed_1,"{""model__C"": 12.0, ""model__gamma"": 0.0025, ""pca__n_components"": 108}",108,12.0,0.0025,"{""model__C"": 12.0, ""model__gamma"": 0.0025, ""pca__n_components"": 108}",stage3_local_cv,0.783,0.010675614736398107,29.787000000000003,5
stage3_379,stage3_seed_1,"{""model__C"": 4.0, ""model__gamma"": 0.005, ""pca__n_components"": 92}",92,4.0,0.005,"{""model__C"": 4.0, ""model__gamma"": 0.005, ""pca__n_components"": 92}",stage3_local_cv,0.782875,0.006550286253286956,25.000999999999998,5
stage3_576,stage3_seed_1,"{""model__C"": 12.0, ""model__gamma"": 0.0025, ""pca__n_components"": 112}",112,12.0,0.0025,"{""model__C"": 12.0, ""model__gamma"": 0.0025, ""pca__n_components"": 112}",stage3_local_cv,0.782875,0.006807624402095033,25.660000000000004,5
stage3_098,stage3_seed_0,"{""model__C"": 4.0, ""model__gamma"": ""scale"", ""pca__n_components"": 68}",68,4.0,scale,"{""model__C"": 4.0, ""model__gamma"": ""scale"", ""pca__n_components"": 68}",stage3_local_cv,0.782375,0.006607287643201258,22.134,5
stage3_415,stage3_seed_1,"{""model__C"": 4.0, ""model__gamma"": 0.005, ""pca__n_components"": 96}",96,4.0,0.005,"{""model__C"": 4.0, ""model__gamma"": 0.005, ""pca__n_components"": 96}",stage3_local_cv,0.7823749999999999,0.006839682010152221,22.967,5
stage3_141,stage3_seed_0,"{""model__C"": 4.0, ""model__gamma"": 0.005, ""pca__n_components"": 72}",72,4.0,0.005,"{""model__C"": 4.0, ""model__gamma"": 0.005, ""pca__n_components"": 72}",stage3_local_cv,0.78225,0.0051478150704935095,23.439,5
stage3_011,stage3_seed_0,"{""model__C"": 3.0, ""model__gamma"": 0.03, ""pca__n_components"": 60}",60,3.0,0.03,"{""model__C"": 3.0, ""model__gamma"": 0.03, ""pca__n_components"": 60}",stage3_local_cv,0.782125,0.005830951894845289,22.804000000000002,5
stage3_018,stage3_seed_0,"{""model__C"": 4.0, ""model__gamma"": 0.03, ""pca__n_components"": 60}",60,4.0,0.03,"{""model__C"": 4.0, ""model__gamma"": 0.03, ""pca__n_components"": 60}",stage3_local_cv,0.78175,0.005841660722773982,26.079,5
stage3_004,stage3_seed_0,"{""model__C"": 2.0, ""model__gamma"": 0.03, ""pca__n_components"": 60}",60,2.0,0.03,"{""model__C"": 2.0, ""model__gamma"": 0.03, ""pca__n_components"": 60}",stage3_local_cv,0.7816250000000001,0.005208166663999903,24.791999999999998,5
stage3_346,stage3_seed_1,"{""model__C"": 16.0, ""model__gamma"": 0.0025, ""pca__n_components"": 84}",84,16.0,0.0025,"{""model__C"": 16.0, ""model__gamma"": 0.0025, ""pca__n_components"": 84}",stage3_local_cv,0.781625,0.005040461288413983,30.619,5
stage3_088,stage3_seed_0,"{""model__C"": 2.0, ""model__gamma"": 0.03, ""pca__n_components"": 68}",68,2.0,0.03,"{""model__C"": 2.0, ""model__gamma"": 0.03, ""pca__n_components"": 68}",stage3_local_cv,0.7815000000000001,0.007295118230707434,22.99,5
stage3_224,stage3_seed_0,"{""model__C"": 4.0, ""model__gamma"": ""scale"", ""pca__n_components"": 80}",80,4.0,scale,"{""model__C"": 4.0, ""model__gamma"": ""scale"", ""pca__n_components"": 80}",stage3_local_cv,0.781125,0.006317139384246631,22.564,5
stage3_102,stage3_seed_0,"{""model__C"": 4.0, ""model__gamma"": 0.03, ""pca__n_components"": 68}",68,4.0,0.03,"{""model__C"": 4.0, ""model__gamma"": 0.03, ""pca__n_components"": 68}",stage3_local_cv,0.781,0.006898822363273321,22.319,5
stage3_833,stage3_seed_2,"{""model__C"": 3.0, ""model__gamma"": ""scale"", ""pca__n_components"": 124}",124,3.0,scale,"{""model__C"": 3.0, ""model__gamma"": ""scale"", ""pca__n_components"": 124}",stage3_local_cv,0.7809999999999999,0.0027838821814150164,26.644000000000002,5
stage3_876,stage3_seed_2,"{""model__C"": 3.0, ""model__gamma"": 0.005, ""pca__n_components"": 128}",128,3.0,0.005,"{""model__C"": 3.0, ""model__gamma"": 0.005, ""pca__n_components"": 128}",stage3_local_cv,0.7809999999999999,0.002038688303787499,27.314,5
stage3_095,stage3_seed_0,"{""model__C"": 3.0, ""model__gamma"": 0.03, ""pca__n_components"": 68}",68,3.0,0.03,"{""model__C"": 3.0, ""model__gamma"": 0.03, ""pca__n_components"": 68}",stage3_local_cv,0.7808750000000001,0.007132671308843556,22.878,5
stage3_791,stage3_seed_2,"{""model__C"": 3.0, ""model__gamma"": ""scale"", ""pca__n_components"": 120}",120,3.0,scale,"{""model__C"": 3.0, ""model__gamma"": ""scale"", ""pca__n_components"": 120}",stage3_local_cv,0.780875,0.002038688303787536,26.63,5
stage3_099,stage3_seed_0,"{""model__C"": 4.0, ""model__gamma"": 0.005, ""pca__n_components"": 68}",68,4.0,0.005,"{""model__C"": 4.0, ""model__gamma"": 0.005, ""pca__n_components"": 68}",stage3_local_cv,0.7807499999999999,0.005947688626685157,20.84,5
stage3_053,stage3_seed_0,"{""model__C"": 3.0, ""model__gamma"": 0.03, ""pca__n_components"": 64}",64,3.0,0.03,"{""model__C"": 3.0, ""model__gamma"": 0.03, ""pca__n_components"": 64}",stage3_local_cv,0.7807499999999999,0.00830474262093655,20.857999999999997,5
stage3_060,stage3_seed_0,"{""model__C"": 4.0, ""model__gamma"": 0.03, ""pca__n_components"": 64}",64,4.0,0.03,"{""model__C"": 4.0, ""model__gamma"": 0.03, ""pca__n_components"": 64}",stage3_local_cv,0.7807499999999999,0.007638308058726077,23.127000000000002,5
stage3_046,stage3_seed_0,"{""model__C"": 2.0, ""model__gamma"": 0.03, ""pca__n_components"": 64}",64,2.0,0.03,"{""model__C"": 2.0, ""model__gamma"": 0.03, ""pca__n_components"": 64}",stage3_local_cv,0.780625,0.008003905296791068,20.575000000000003,5
stage3_130,stage3_seed_0,"{""model__C"": 2.0, ""model__gamma"": 0.03, ""pca__n_components"": 72}",72,2.0,0.03,"{""model__C"": 2.0, ""model__gamma"": 0.03, ""pca__n_components"": 72}",stage3_local_cv,0.7805,0.006689544080129831,24.087,5
stage3_057,stage3_seed_0,"{""model__C"": 4.0, ""model__gamma"": 0.005, ""pca__n_components"": 64}",64,4.0,0.005,"{""model__C"": 4.0, ""model__gamma"": 0.005, ""pca__n_components"": 64}",stage3_local_cv,0.780375,0.005897563056042727,21.275000000000002,5
stage3_834,stage3_seed_2,"{""model__C"": 3.0, ""model__gamma"": 0.005, ""pca__n_components"": 124}",124,3.0,0.005,"{""model__C"": 3.0, ""model__gamma"": 0.005, ""pca__n_components"": 124}",stage3_local_cv,0.780375,0.0036784847423905294,27.604,5
stage3_504,stage3_seed_1,"{""model__C"": 12.0, ""model__gamma"": 0.0025, ""pca__n_components"": 104}",104,12.0,0.0025,"{""model__C"": 12.0, ""model__gamma"": 0.0025, ""pca__n_components"": 104}",stage3_local_cv,0.780375,0.010035873155834521,27.668,5
stage3_172,stage3_seed_0,"{""model__C"": 2.0, ""model__gamma"": 0.03, ""pca__n_components"": 76}",76,2.0,0.03,"{""model__C"": 2.0, ""model__gamma"": 0.03, ""pca__n_components"": 76}",stage3_local_cv,0.78025,0.006932712311931051,27.634999999999998,5
stage3_183,stage3_seed_0,"{""model__C"": 4.0, ""model__gamma"": 0.005, ""pca__n_components"": 76}",76,4.0,0.005,"{""model__C"": 4.0, ""model__gamma"": 0.005, ""pca__n_components"": 76}",stage3_local_cv,0.7801250000000001,0.00419076365356004,23.512,5
stage3_025,stage3_seed_0,"{""model__C"": 6.0, ""model__gamma"": 0.03, ""pca__n_components"": 60}",60,6.0,0.03,"{""model__C"": 6.0, ""model__gamma"": 0.03, ""pca__n_components"": 60}",stage3_local_cv,0.7801250000000001,0.006747684788132886,24.56,5
stage3_267,stage3_seed_0,"{""model__C"": 4.0, ""model__gamma"": 0.005, ""pca__n_components"": 84}",84,4.0,0.005,"{""model__C"": 4.0, ""model__gamma"": 0.005, ""pca__n_components"": 84}",stage3_local_cv,0.78,0.006410440702479033,25.022,5
stage3_137,stage3_seed_0,"{""model__C"": 3.0, ""model__gamma"": 0.03, ""pca__n_components"": 72}",72,3.0,0.03,"{""model__C"": 3.0, ""model__gamma"": 0.03, ""pca__n_components"": 72}",stage3_local_cv,0.7799999999999999,0.006287388169979645,24.412,5
stage3_144,stage3_seed_0,"{""model__C"": 4.0, ""model__gamma"": 0.03, ""pca__n_components"": 72}",72,4.0,0.03,"{""model__C"": 4.0, ""model__gamma"": 0.03, ""pca__n_components"": 72}",stage3_local_cv,0.7799999999999999,0.005687156583038652,25.637999999999998,5
stage3_663,stage3_seed_2,"{""model__C"": 1.0, ""model__gamma"": 0.02, ""pca__n_components"": 108}",108,1.0,0.02,"{""model__C"": 1.0, ""model__gamma"": 0.02, ""pca__n_components"": 108}",stage3_local_cv,0.7798750000000001,0.009693747985170654,30.834999999999997,5
stage3_629,stage3_seed_2,"{""model__C"": 1.0, ""model__gamma"": 0.02, ""pca__n_components"": 104}",104,1.0,0.02,"{""model__C"": 1.0, ""model__gamma"": 0.02, ""pca__n_components"": 104}",stage3_local_cv,0.7798749999999999,0.009531198770354115,29.722999999999995,5
stage3_715,stage3_seed_2,"{""model__C"": 3.0, ""model__gamma"": ""scale"", ""pca__n_components"": 112}",112,3.0,scale,"{""model__C"": 3.0, ""model__gamma"": ""scale"", ""pca__n_components"": 112}",stage3_local_cv,0.77975,0.004818583816849091,26.928000000000004,5
stage3_067,stage3_seed_0,"{""model__C"": 6.0, ""model__gamma"": 0.03, ""pca__n_components"": 64}",64,6.0,0.03,"{""model__C"": 6.0, ""model__gamma"": 0.03, ""pca__n_components"": 64}",stage3_local_cv,0.7795,0.006654415827103087,19.524,5
stage3_468,stage3_seed_1,"{""model__C"": 12.0, ""model__gamma"": 0.0025, ""pca__n_components"": 100}",100,12.0,0.0025,"{""model__C"": 12.0, ""model__gamma"": 0.0025, ""pca__n_components"": 100}",stage3_local_cv,0.7795,0.008699856320652689,30.155,5
stage3_109,stage3_seed_0,"{""model__C"": 6.0, ""model__gamma"": 0.03, ""pca__n_components"": 68}",68,6.0,0.03,"{""model__C"": 6.0, ""model__gamma"": 0.03, ""pca__n_components"": 68}",stage3_local_cv,0.779375,0.0073207752321731686,24.567,5
stage3_179,stage3_seed_0,"{""model__C"": 3.0, ""model__gamma"": 0.03, ""pca__n_components"": 76}",76,3.0,0.03,"{""model__C"": 3.0, ""model__gamma"": 0.03, ""pca__n_components"": 76}",stage3_local_cv,0.779375,0.0072779633140048275,26.81,5
stage3_681,stage3_seed_2,"{""model__C"": 3.0, ""model__gamma"": ""scale"", ""pca__n_components"": 108}",108,3.0,scale,"{""model__C"": 3.0, ""model__gamma"": ""scale"", ""pca__n_components"": 108}",stage3_local_cv,0.779,0.003885067566980012,27.716,5
stage3_697,stage3_seed_2,"{""model__C"": 1.0, ""model__gamma"": 0.02, ""pca__n_components"": 112}",112,1.0,0.02,"{""model__C"": 1.0, ""model__gamma"": 0.02, ""pca__n_components"": 112}",stage3_local_cv,0.7788750000000001,0.008527528950405294,29.458,5
stage3_595,stage3_seed_2,"{""model__C"": 1.0, ""model__gamma"": 0.02, ""pca__n_components"": 100}",100,1.0,0.02,"{""model__C"": 1.0, ""model__gamma"": 0.02, ""pca__n_components"": 100}",stage3_local_cv,0.778875,0.009995311400851917,27.041000000000004,5
stage3_749,stage3_seed_2,"{""model__C"": 3.0, ""model__gamma"": ""scale"", ""pca__n_components"": 116}",116,3.0,scale,"{""model__C"": 3.0, ""model__gamma"": ""scale"", ""pca__n_components"": 116}",stage3_local_cv,0.77875,0.003330728148618532,25.78,5
stage3_647,stage3_seed_2,"{""model__C"": 3.0, ""model__gamma"": ""scale"", ""pca__n_components"": 104}",104,3.0,scale,"{""model__C"": 3.0, ""model__gamma"": ""scale"", ""pca__n_components"": 104}",stage3_local_cv,0.7786250000000001,0.003737479096931521,26.433,5
stage3_225,stage3_seed_0,"{""model__C"": 4.0, ""model__gamma"": 0.005, ""pca__n_components"": 80}",80,4.0,0.005,"{""model__C"": 4.0, ""model__gamma"": 0.005, ""pca__n_components"": 80}",stage3_local_cv,0.778625,0.006064754735354104,20.032,5
stage3_792,stage3_seed_2,"{""model__C"": 3.0, ""model__gamma"": 0.005, ""pca__n_components"": 120}",120,3.0,0.005,"{""model__C"": 3.0, ""model__gamma"": 0.005, ""pca__n_components"": 120}",stage3_local_cv,0.778625,0.0020310096011589905,26.534,5
stage3_186,stage3_seed_0,"{""model__C"": 4.0, ""model__gamma"": 0.03, ""pca__n_components"": 76}",76,4.0,0.03,"{""model__C"": 4.0, ""model__gamma"": 0.03, ""pca__n_components"": 76}",stage3_local_cv,0.7786249999999999,0.006559820881700953,24.275,5
stage3_074,stage3_seed_0,"{""model__C"": 8.0, ""model__gamma"": 0.03, ""pca__n_components"": 64}",64,8.0,0.03,"{""model__C"": 8.0, ""model__gamma"": 0.03, ""pca__n_components"": 64}",stage3_local_cv,0.7785,0.007474958193863047,18.766000000000002,5
stage3_731,stage3_seed_2,"{""model__C"": 1.0, ""model__gamma"": 0.02, ""pca__n_components"": 116}",116,1.0,0.02,"{""model__C"": 1.0, ""model__gamma"": 0.02, ""pca__n_components"": 116}",stage3_local_cv,0.7785,0.008145167278822474,27.872999999999998,5
stage3_432,stage3_seed_1,"{""model__C"": 12.0, ""model__gamma"": 0.0025, ""pca__n_components"": 96}",96,12.0,0.0025,"{""model__C"": 12.0, ""model__gamma"": 0.0025, ""pca__n_components"": 96}",stage3_local_cv,0.7783749999999999,0.008000000000000005,28.415000000000003,5
stage3_815,stage3_seed_2,"{""model__C"": 1.0, ""model__gamma"": 0.02, ""pca__n_components"": 124}",124,1.0,0.02,"{""model__C"": 1.0, ""model__gamma"": 0.02, ""pca__n_components"": 124}",stage3_local_cv,0.7782500000000001,0.007870038119348591,33.233000000000004,5
stage3_716,stage3_seed_2,"{""model__C"": 3.0, ""model__gamma"": 0.005, ""pca__n_components"": 112}",112,3.0,0.005,"{""model__C"": 3.0, ""model__gamma"": 0.005, ""pca__n_components"": 112}",stage3_local_cv,0.7782499999999999,0.0049117206760971015,22.290000000000003,5
stage3_221,stage3_seed_0,"{""model__C"": 3.0, ""model__gamma"": 0.03, ""pca__n_components"": 80}",80,3.0,0.03,"{""model__C"": 3.0, ""model__gamma"": 0.03, ""pca__n_components"": 80}",stage3_local_cv,0.778125,0.008052561704203192,23.018,5
stage3_773,stage3_seed_2,"{""model__C"": 1.0, ""model__gamma"": 0.02, ""pca__n_components"": 120}",120,1.0,0.02,"{""model__C"": 1.0, ""model__gamma"": 0.02, ""pca__n_components"": 120}",stage3_local_cv,0.7779999999999999,0.008636767335062329,31.232,5
stage3_151,stage3_seed_0,"{""model__C"": 6.0, ""model__gamma"": 0.03, ""pca__n_components"": 72}",72,6.0,0.03,"{""model__C"": 6.0, ""model__gamma"": 0.03, ""pca__n_components"": 72}",stage3_local_cv,0.7775000000000001,0.006149186938124424,24.447000000000003,5
stage3_857,stage3_seed_2,"{""model__C"": 1.0, ""model__gamma"": 0.02, ""pca__n_components"": 128}",128,1.0,0.02,"{""model__C"": 1.0, ""model__gamma"": 0.02, ""pca__n_components"": 128}",stage3_local_cv,0.7773749999999999,0.00906056013721003,29.755000000000003,5
stage3_228,stage3_seed_0,"{""model__C"": 4.0, ""model__gamma"": 0.03, ""pca__n_components"": 80}",80,4.0,0.03,"{""model__C"": 4.0, ""model__gamma"": 0.03, ""pca__n_components"": 80}",stage3_local_cv,0.7772500000000001,0.007506247398001188,21.701999999999998,5
stage3_270,stage3_seed_0,"{""model__C"": 4.0, ""model__gamma"": 0.03, ""pca__n_components"": 84}",84,4.0,0.03,"{""model__C"": 4.0, ""model__gamma"": 0.03, ""pca__n_components"": 84}",stage3_local_cv,0.7772500000000001,0.006356591067545557,24.082,5
stage3_193,stage3_seed_0,"{""model__C"": 6.0, ""model__gamma"": 0.03, ""pca__n_components"": 76}",76,6.0,0.03,"{""model__C"": 6.0, ""model__gamma"": 0.03, ""pca__n_components"": 76}",stage3_local_cv,0.77725,0.006988830374247165,24.488,5
stage3_032,stage3_seed_0,"{""model__C"": 8.0, ""model__gamma"": 0.03, ""pca__n_components"": 60}",60,8.0,0.03,"{""model__C"": 8.0, ""model__gamma"": 0.03, ""pca__n_components"": 60}",stage3_local_cv,0.7771250000000001,0.005514186250028181,23.019,5
stage3_039,stage3_seed_0,"{""model__C"": 12.0, ""model__gamma"": 0.03, ""pca__n_components"": 60}",60,12.0,0.03,"{""model__C"": 12.0, ""model__gamma"": 0.03, ""pca__n_components"": 60}",stage3_local_cv,0.7771250000000001,0.005341465154805384,25.695999999999998,5
stage3_200,stage3_seed_0,"{""model__C"": 8.0, ""model__gamma"": 0.03, ""pca__n_components"": 76}",76,8.0,0.03,"{""model__C"": 8.0, ""model__gamma"": 0.03, ""pca__n_components"": 76}",stage3_local_cv,0.7769999999999999,0.007451929280394442,24.194,5
stage3_750,stage3_seed_2,"{""model__C"": 3.0, ""model__gamma"": 0.005, ""pca__n_components"": 116}",116,3.0,0.005,"{""model__C"": 3.0, ""model__gamma"": 0.005, ""pca__n_components"": 116}",stage3_local_cv,0.7769999999999999,0.003316624790355396,26.987999999999996,5
stage3_856,stage3_seed_2,"{""model__C"": 1.0, ""model__gamma"": 0.01, ""pca__n_components"": 128}",128,1.0,0.01,"{""model__C"": 1.0, ""model__gamma"": 0.01, ""pca__n_components"": 128}",stage3_local_cv,0.776875,0.005929270612815702,25.659,5
stage3_682,stage3_seed_2,"{""model__C"": 3.0, ""model__gamma"": 0.005, ""pca__n_components"": 108}",108,3.0,0.005,"{""model__C"": 3.0, ""model__gamma"": 0.005, ""pca__n_components"": 108}",stage3_local_cv,0.776875,0.003557562367689433,26.441000000000003,5
stage3_116,stage3_seed_0,"{""model__C"": 8.0, ""model__gamma"": 0.03, ""pca__n_components"": 68}",68,8.0,0.03,"{""model__C"": 8.0, ""model__gamma"": 0.03, ""pca__n_components"": 68}",stage3_local_cv,0.7768749999999999,0.006661456297237099,22.546999999999997,5
stage3_725,stage3_seed_2,"{""model__C"": 6.0, ""model__gamma"": 0.03, ""pca__n_components"": 112}",112,6.0,0.03,"{""model__C"": 6.0, ""model__gamma"": 0.03, ""pca__n_components"": 112}",stage3_local_cv,0.7768749999999999,0.006766184301362188,28.797,5
stage3_263,stage3_seed_0,"{""model__C"": 3.0, ""model__gamma"": 0.03, ""pca__n_components"": 84}",84,3.0,0.03,"{""model__C"": 3.0, ""model__gamma"": 0.03, ""pca__n_components"": 84}",stage3_local_cv,0.77675,0.008017558855412278,22.897,5
stage3_305,stage3_seed_0,"{""model__C"": 3.0, ""model__gamma"": 0.03, ""pca__n_components"": 88}",88,3.0,0.03,"{""model__C"": 3.0, ""model__gamma"": 0.03, ""pca__n_components"": 88}",stage3_local_cv,0.77675,0.007042283010501647,25.953,5
stage3_214,stage3_seed_0,"{""model__C"": 2.0, ""model__gamma"": 0.03, ""pca__n_components"": 80}",80,2.0,0.03,"{""model__C"": 2.0, ""model__gamma"": 0.03, ""pca__n_components"": 80}",stage3_local_cv,0.7767499999999999,0.007367581014145694,24.154,5
stage3_014,stage3_seed_0,"{""model__C"": 4.0, ""model__gamma"": ""scale"", ""pca__n_components"": 60}",60,4.0,scale,"{""model__C"": 4.0, ""model__gamma"": ""scale"", ""pca__n_components"": 60}",stage3_local_cv,0.776625,0.007348469228349537,23.266,5
stage3_648,stage3_seed_2,"{""model__C"": 3.0, ""model__gamma"": 0.005, ""pca__n_components"": 104}",104,3.0,0.005,"{""model__C"": 3.0, ""model__gamma"": 0.005, ""pca__n_components"": 104}",stage3_local_cv,0.7766249999999999,0.004194490433890621,25.413999999999998,5
stage3_158,stage3_seed_0,"{""model__C"": 8.0, ""model__gamma"": 0.03, ""pca__n_components"": 72}",72,8.0,0.03,"{""model__C"": 8.0, ""model__gamma"": 0.03, ""pca__n_components"": 72}",stage3_local_cv,0.7765000000000001,0.005681659088681741,24.075000000000003,5
stage3_613,stage3_seed_2,"{""model__C"": 3.0, ""model__gamma"": ""scale"", ""pca__n_components"": 100}",100,3.0,scale,"{""model__C"": 3.0, ""model__gamma"": ""scale"", ""pca__n_components"": 100}",stage3_local_cv,0.7765,0.005370637764735213,24.654,5
stage3_256,stage3_seed_0,"{""model__C"": 2.0, ""model__gamma"": 0.03, ""pca__n_components"": 84}",84,2.0,0.03,"{""model__C"": 2.0, ""model__gamma"": 0.03, ""pca__n_components"": 84}",stage3_local_cv,0.776375,0.009154916711800284,25.481,5
stage3_722,stage3_seed_2,"{""model__C"": 4.0, ""model__gamma"": 0.03, ""pca__n_components"": 112}",112,4.0,0.03,"{""model__C"": 4.0, ""model__gamma"": 0.03, ""pca__n_components"": 112}",stage3_local_cv,0.77625,0.006059599821770416,28.11,5
stage3_235,stage3_seed_0,"{""model__C"": 6.0, ""model__gamma"": 0.03, ""pca__n_components"": 80}",80,6.0,0.03,"{""model__C"": 6.0, ""model__gamma"": 0.03, ""pca__n_components"": 80}",stage3_local_cv,0.7762499999999999,0.008319780646146852,23.051,5
stage3_712,stage3_seed_2,"{""model__C"": 2.0, ""model__gamma"": 0.03, ""pca__n_components"": 112}",112,2.0,0.03,"{""model__C"": 2.0, ""model__gamma"": 0.03, ""pca__n_components"": 112}",stage3_local_cv,0.7762499999999999,0.007875992001011677,29.387,5
stage3_123,stage3_seed_0,"{""model__C"": 12.0, ""model__gamma"": 0.03, ""pca__n_components"": 68}",68,12.0,0.03,"{""model__C"": 12.0, ""model__gamma"": 0.03, ""pca__n_components"": 68}",stage3_local_cv,0.7761250000000001,0.006354132513569409,23.375,5
stage3_081,stage3_seed_0,"{""model__C"": 12.0, ""model__gamma"": 0.03, ""pca__n_components"": 64}",64,12.0,0.03,"{""model__C"": 12.0, ""model__gamma"": 0.03, ""pca__n_components"": 64}",stage3_local_cv,0.776125,0.00682825014187384,20.134,5
stage3_688,stage3_seed_2,"{""model__C"": 4.0, ""model__gamma"": 0.03, ""pca__n_components"": 108}",108,4.0,0.03,"{""model__C"": 4.0, ""model__gamma"": 0.03, ""pca__n_components"": 108}",stage3_local_cv,0.776125,0.006279928343540229,28.631,5
stage3_623,stage3_seed_2,"{""model__C"": 6.0, ""model__gamma"": 0.03, ""pca__n_components"": 100}",100,6.0,0.03,"{""model__C"": 6.0, ""model__gamma"": 0.03, ""pca__n_components"": 100}",stage3_local_cv,0.7761249999999998,0.007749999999999989,26.471999999999998,5
stage3_312,stage3_seed_0,"{""model__C"": 4.0, ""model__gamma"": 0.03, ""pca__n_components"": 88}",88,4.0,0.03,"{""model__C"": 4.0, ""model__gamma"": 0.03, ""pca__n_components"": 88}",stage3_local_cv,0.776,0.0066332495807107945,23.084,5
stage3_691,stage3_seed_2,"{""model__C"": 6.0, ""model__gamma"": 0.03, ""pca__n_components"": 108}",108,6.0,0.03,"{""model__C"": 6.0, ""model__gamma"": 0.03, ""pca__n_components"": 108}",stage3_local_cv,0.776,0.0073271754448764196,28.973,5
stage3_298,stage3_seed_0,"{""model__C"": 2.0, ""model__gamma"": 0.03, ""pca__n_components"": 88}",88,2.0,0.03,"{""model__C"": 2.0, ""model__gamma"": 0.03, ""pca__n_components"": 88}",stage3_local_cv,0.775875,0.008058380730643086,27.915,5
stage3_802,stage3_seed_2,"{""model__C"": 4.0, ""model__gamma"": 0.03, ""pca__n_components"": 120}",120,4.0,0.03,"{""model__C"": 4.0, ""model__gamma"": 0.03, ""pca__n_components"": 120}",stage3_local_cv,0.7758749999999999,0.006194755846681928,27.813,5
stage3_678,stage3_seed_2,"{""model__C"": 2.0, ""model__gamma"": 0.03, ""pca__n_components"": 108}",108,2.0,0.03,"{""model__C"": 2.0, ""model__gamma"": 0.03, ""pca__n_components"": 108}",stage3_local_cv,0.7758749999999999,0.008975661535508115,30.383,5
stage3_685,stage3_seed_2,"{""model__C"": 3.0, ""model__gamma"": 0.03, ""pca__n_components"": 108}",108,3.0,0.03,"{""model__C"": 3.0, ""model__gamma"": 0.03, ""pca__n_components"": 108}",stage3_local_cv,0.7758749999999999,0.007022285952594056,31.111,5
stage3_617,stage3_seed_2,"{""model__C"": 3.0, ""model__gamma"": 0.03, ""pca__n_components"": 100}",100,3.0,0.03,"{""model__C"": 3.0, ""model__gamma"": 0.03, ""pca__n_components"": 100}",stage3_local_cv,0.7757500000000002,0.007239216117785113,26.108,5
stage3_814,stage3_seed_2,"{""model__C"": 1.0, ""model__gamma"": 0.01, ""pca__n_components"": 124}",124,1.0,0.01,"{""model__C"": 1.0, ""model__gamma"": 0.01, ""pca__n_components"": 124}",stage3_local_cv,0.77575,0.005021827356650178,27.270000000000003,5
stage3_760,stage3_seed_2,"{""model__C"": 4.0, ""model__gamma"": 0.03, ""pca__n_components"": 116}",116,4.0,0.03,"{""model__C"": 4.0, ""model__gamma"": 0.03, ""pca__n_components"": 116}",stage3_local_cv,0.77575,0.00539675828623074,27.993000000000002,5
stage3_705,stage3_seed_2,"{""model__C"": 1.5, ""model__gamma"": 0.03, ""pca__n_components"": 112}",112,1.5,0.03,"{""model__C"": 1.5, ""model__gamma"": 0.03, ""pca__n_components"": 112}",stage3_local_cv,0.7757499999999999,0.008851200483550235,27.054,5
stage3_719,stage3_seed_2,"{""model__C"": 3.0, ""model__gamma"": 0.03, ""pca__n_components"": 112}",112,3.0,0.03,"{""model__C"": 3.0, ""model__gamma"": 0.03, ""pca__n_components"": 112}",stage3_local_cv,0.775625,0.005768990379607168,25.342999999999996,5
stage3_277,stage3_seed_0,"{""model__C"": 6.0, ""model__gamma"": 0.03, ""pca__n_components"": 84}",84,6.0,0.03,"{""model__C"": 6.0, ""model__gamma"": 0.03, ""pca__n_components"": 84}",stage3_local_cv,0.775625,0.006531175238806562,25.853999999999996,5
stage3_844,stage3_seed_2,"{""model__C"": 4.0, ""model__gamma"": 0.03, ""pca__n_components"": 124}",124,4.0,0.03,"{""model__C"": 4.0, ""model__gamma"": 0.03, ""pca__n_components"": 124}",stage3_local_cv,0.7756249999999999,0.005533985905294672,29.877,5
stage3_730,stage3_seed_2,"{""model__C"": 1.0, ""model__gamma"": 0.01, ""pca__n_components"": 116}",116,1.0,0.01,"{""model__C"": 1.0, ""model__gamma"": 0.01, ""pca__n_components"": 116}",stage3_local_cv,0.7755000000000001,0.006654415827103101,26.841,5
stage3_767,stage3_seed_2,"{""model__C"": 6.0, ""model__gamma"": 0.03, ""pca__n_components"": 116}",116,6.0,0.03,"{""model__C"": 6.0, ""model__gamma"": 0.03, ""pca__n_components"": 116}",stage3_local_cv,0.7755000000000001,0.005323884859761718,28.418999999999997,5
stage3_396,stage3_seed_1,"{""model__C"": 12.0, ""model__gamma"": 0.0025, ""pca__n_components"": 92}",92,12.0,0.0025,"{""model__C"": 12.0, ""model__gamma"": 0.0025, ""pca__n_components"": 92}",stage3_local_cv,0.7755000000000001,0.005986965007414051,30.173000000000002,5
stage3_696,stage3_seed_2,"{""model__C"": 1.0, ""model__gamma"": 0.01, ""pca__n_components"": 112}",112,1.0,0.01,"{""model__C"": 1.0, ""model__gamma"": 0.01, ""pca__n_components"": 112}",stage3_local_cv,0.775375,0.005282636652278869,23.511000000000003,5
stage3_165,stage3_seed_0,"{""model__C"": 12.0, ""model__gamma"": 0.03, ""pca__n_components"": 72}",72,12.0,0.03,"{""model__C"": 12.0, ""model__gamma"": 0.03, ""pca__n_components"": 72}",stage3_local_cv,0.775375,0.007547764569725287,25.376,5
stage3_363,stage3_seed_1,"{""model__C"": 12.0, ""model__gamma"": 0.0025, ""pca__n_components"": 88}",88,12.0,0.0025,"{""model__C"": 12.0, ""model__gamma"": 0.0025, ""pca__n_components"": 88}",stage3_local_cv,0.775375,0.00734846922834951,27.626,5
stage3_657,stage3_seed_2,"{""model__C"": 6.0, ""model__gamma"": 0.03, ""pca__n_components"": 104}",104,6.0,0.03,"{""model__C"": 6.0, ""model__gamma"": 0.03, ""pca__n_components"": 104}",stage3_local_cv,0.775375,0.006691879407162121,28.424999999999997,5
stage3_886,stage3_seed_2,"{""model__C"": 4.0, ""model__gamma"": 0.03, ""pca__n_components"": 128}",128,4.0,0.03,"{""model__C"": 4.0, ""model__gamma"": 0.03, ""pca__n_components"": 128}",stage3_local_cv,0.7753749999999999,0.005399652766613788,28.980999999999998,5
stage3_654,stage3_seed_2,"{""model__C"": 4.0, ""model__gamma"": 0.03, ""pca__n_components"": 104}",104,4.0,0.03,"{""model__C"": 4.0, ""model__gamma"": 0.03, ""pca__n_components"": 104}",stage3_local_cv,0.77525,0.006156805178012369,28.16,5
stage3_610,stage3_seed_2,"{""model__C"": 2.0, ""model__gamma"": 0.03, ""pca__n_components"": 100}",100,2.0,0.03,"{""model__C"": 2.0, ""model__gamma"": 0.03, ""pca__n_components"": 100}",stage3_local_cv,0.7751250000000001,0.00799804663652321,24.618,5
stage3_746,stage3_seed_2,"{""model__C"": 2.0, ""model__gamma"": 0.03, ""pca__n_components"": 116}",116,2.0,0.03,"{""model__C"": 2.0, ""model__gamma"": 0.03, ""pca__n_components"": 116}",stage3_local_cv,0.7751250000000001,0.006997767501139208,26.955000000000002,5
stage3_651,stage3_seed_2,"{""model__C"": 3.0, ""model__gamma"": 0.03, ""pca__n_components"": 104}",104,3.0,0.03,"{""model__C"": 3.0, ""model__gamma"": 0.03, ""pca__n_components"": 104}",stage3_local_cv,0.7751249999999998,0.006873863542433773,27.615000000000002,5
stage3_301,stage3_seed_0,"{""model__C"": 3.0, ""model__gamma"": ""scale"", ""pca__n_components"": 88}",88,3.0,scale,"{""model__C"": 3.0, ""model__gamma"": ""scale"", ""pca__n_components"": 88}",stage3_local_cv,0.775,0.006812213296719386,24.163999999999998,5
stage3_772,stage3_seed_2,"{""model__C"": 1.0, ""model__gamma"": 0.01, ""pca__n_components"": 120}",120,1.0,0.01,"{""model__C"": 1.0, ""model__gamma"": 0.01, ""pca__n_components"": 120}",stage3_local_cv,0.775,0.005645794895318116,26.238999999999997,5
stage3_753,stage3_seed_2,"{""model__C"": 3.0, ""model__gamma"": 0.03, ""pca__n_components"": 116}",116,3.0,0.03,"{""model__C"": 3.0, ""model__gamma"": 0.03, ""pca__n_components"": 116}",stage3_local_cv,0.775,0.006531175238806552,28.224999999999998,5
stage3_319,stage3_seed_0,"{""model__C"": 6.0, ""model__gamma"": 0.03, ""pca__n_components"": 88}",88,6.0,0.03,"{""model__C"": 6.0, ""model__gamma"": 0.03, ""pca__n_components"": 88}",stage3_local_cv,0.774875,0.00678232998312527,23.181,5
stage3_620,stage3_seed_2,"{""model__C"": 4.0, ""model__gamma"": 0.03, ""pca__n_components"": 100}",100,4.0,0.03,"{""model__C"": 4.0, ""model__gamma"": 0.03, ""pca__n_components"": 100}",stage3_local_cv,0.774875,0.006975403214151879,25.724999999999998,5
stage3_795,stage3_seed_2,"{""model__C"": 3.0, ""model__gamma"": 0.03, ""pca__n_components"": 120}",120,3.0,0.03,"{""model__C"": 3.0, ""model__gamma"": 0.03, ""pca__n_components"": 120}",stage3_local_cv,0.774875,0.007086518891529198,27.359,5
stage3_893,stage3_seed_2,"{""model__C"": 6.0, ""model__gamma"": 0.03, ""pca__n_components"": 128}",128,6.0,0.03,"{""model__C"": 6.0, ""model__gamma"": 0.03, ""pca__n_components"": 128}",stage3_local_cv,0.77475,0.005844334863780459,27.63,5
stage3_739,stage3_seed_2,"{""model__C"": 1.5, ""model__gamma"": 0.03, ""pca__n_components"": 116}",116,1.5,0.03,"{""model__C"": 1.5, ""model__gamma"": 0.03, ""pca__n_components"": 116}",stage3_local_cv,0.77475,0.008297213387638029,27.931,5
stage3_242,stage3_seed_0,"{""model__C"": 8.0, ""model__gamma"": 0.03, ""pca__n_components"": 80}",80,8.0,0.03,"{""model__C"": 8.0, ""model__gamma"": 0.03, ""pca__n_components"": 80}",stage3_local_cv,0.7746250000000001,0.008000000000000005,25.275000000000002,5
stage3_133,stage3_seed_0,"{""model__C"": 3.0, ""model__gamma"": ""scale"", ""pca__n_components"": 72}",72,3.0,scale,"{""model__C"": 3.0, ""model__gamma"": ""scale"", ""pca__n_components"": 72}",stage3_local_cv,0.774625,0.005844334863780467,23.892999999999997,5
stage3_809,stage3_seed_2,"{""model__C"": 6.0, ""model__gamma"": 0.03, ""pca__n_components"": 120}",120,6.0,0.03,"{""model__C"": 6.0, ""model__gamma"": 0.03, ""pca__n_components"": 120}",stage3_local_cv,0.774625,0.006478329259924954,27.743999999999996,5
stage3_781,stage3_seed_2,"{""model__C"": 1.5, ""model__gamma"": 0.03, ""pca__n_components"": 120}",120,1.5,0.03,"{""model__C"": 1.5, ""model__gamma"": 0.03, ""pca__n_components"": 120}",stage3_local_cv,0.774625,0.007762087348130006,28.026,5
stage3_671,stage3_seed_2,"{""model__C"": 1.5, ""model__gamma"": 0.03, ""pca__n_components"": 108}",108,1.5,0.03,"{""model__C"": 1.5, ""model__gamma"": 0.03, ""pca__n_components"": 108}",stage3_local_cv,0.774625,0.009918417212438692,30.017999999999997,5
stage3_851,stage3_seed_2,"{""model__C"": 6.0, ""model__gamma"": 0.03, ""pca__n_components"": 124}",124,6.0,0.03,"{""model__C"": 6.0, ""model__gamma"": 0.03, ""pca__n_components"": 124}",stage3_local_cv,0.774625,0.006356591067545564,30.52,5
stage3_091,stage3_seed_0,"{""model__C"": 3.0, ""model__gamma"": ""scale"", ""pca__n_components"": 68}",68,3.0,scale,"{""model__C"": 3.0, ""model__gamma"": ""scale"", ""pca__n_components"": 68}",stage3_local_cv,0.774375,0.006903350635742018,21.476,5
stage3_614,stage3_seed_2,"{""model__C"": 3.0, ""model__gamma"": 0.005, ""pca__n_components"": 100}",100,3.0,0.005,"{""model__C"": 3.0, ""model__gamma"": 0.005, ""pca__n_components"": 100}",stage3_local_cv,0.774375,0.00554808525529303,23.491,5
stage3_865,stage3_seed_2,"{""model__C"": 1.5, ""model__gamma"": 0.03, ""pca__n_components"": 128}",128,1.5,0.03,"{""model__C"": 1.5, ""model__gamma"": 0.03, ""pca__n_components"": 128}",stage3_local_cv,0.774375,0.007026734661277575,26.806000000000004,5
stage3_872,stage3_seed_2,"{""model__C"": 2.0, ""model__gamma"": 0.03, ""pca__n_components"": 128}",128,2.0,0.03,"{""model__C"": 2.0, ""model__gamma"": 0.03, ""pca__n_components"": 128}",stage3_local_cv,0.7743749999999999,0.006072478900745558,26.861,5
stage3_603,stage3_seed_2,"{""model__C"": 1.5, ""model__gamma"": 0.03, ""pca__n_components"": 100}",100,1.5,0.03,"{""model__C"": 1.5, ""model__gamma"": 0.03, ""pca__n_components"": 100}",stage3_local_cv,0.7742500000000001,0.00920597631976098,25.671,5
stage3_207,stage3_seed_0,"{""model__C"": 12.0, ""model__gamma"": 0.03, ""pca__n_components"": 76}",76,12.0,0.03,"{""model__C"": 12.0, ""model__gamma"": 0.03, ""pca__n_components"": 76}",stage3_local_cv,0.77425,0.007483314773547886,24.553,5
stage3_788,stage3_seed_2,"{""model__C"": 2.0, ""model__gamma"": 0.03, ""pca__n_components"": 120}",120,2.0,0.03,"{""model__C"": 2.0, ""model__gamma"": 0.03, ""pca__n_components"": 120}",stage3_local_cv,0.77425,0.007020060541049499,27.749999999999996,5
stage3_637,stage3_seed_2,"{""model__C"": 1.5, ""model__gamma"": 0.03, ""pca__n_components"": 104}",104,1.5,0.03,"{""model__C"": 1.5, ""model__gamma"": 0.03, ""pca__n_components"": 104}",stage3_local_cv,0.77425,0.009180482013489264,28.24,5
stage3_326,stage3_seed_0,"{""model__C"": 8.0, ""model__gamma"": 0.03, ""pca__n_components"": 88}",88,8.0,0.03,"{""model__C"": 8.0, ""model__gamma"": 0.03, ""pca__n_components"": 88}",stage3_local_cv,0.774125,0.006585969936159717,25.131,5
stage3_644,stage3_seed_2,"{""model__C"": 2.0, ""model__gamma"": 0.03, ""pca__n_components"": 104}",104,2.0,0.03,"{""model__C"": 2.0, ""model__gamma"": 0.03, ""pca__n_components"": 104}",stage3_local_cv,0.774125,0.007872023246916875,27.477999999999998,5
stage3_879,stage3_seed_2,"{""model__C"": 3.0, ""model__gamma"": 0.03, ""pca__n_components"": 128}",128,3.0,0.03,"{""model__C"": 3.0, ""model__gamma"": 0.03, ""pca__n_components"": 128}",stage3_local_cv,0.774125,0.00600260360177148,28.17,5
stage3_284,stage3_seed_0,"{""model__C"": 8.0, ""model__gamma"": 0.03, ""pca__n_components"": 84}",84,8.0,0.03,"{""model__C"": 8.0, ""model__gamma"": 0.03, ""pca__n_components"": 84}",stage3_local_cv,0.773875,0.006930458137814555,23.700000000000003,5
stage3_837,stage3_seed_2,"{""model__C"": 3.0, ""model__gamma"": 0.03, ""pca__n_components"": 124}",124,3.0,0.03,"{""model__C"": 3.0, ""model__gamma"": 0.03, ""pca__n_components"": 124}",stage3_local_cv,0.773875,0.006559820881700973,32.675999999999995,5
stage3_049,stage3_seed_0,"{""model__C"": 3.0, ""model__gamma"": ""scale"", ""pca__n_components"": 64}",64,3.0,scale,"{""model__C"": 3.0, ""model__gamma"": ""scale"", ""pca__n_components"": 64}",stage3_local_cv,0.773625,0.006512008138815564,20.056,5
stage3_830,stage3_seed_2,"{""model__C"": 2.0, ""model__gamma"": 0.03, ""pca__n_components"": 124}",124,2.0,0.03,"{""model__C"": 2.0, ""model__gamma"": 0.03, ""pca__n_components"": 124}",stage3_local_cv,0.773625,0.006642665127793219,32.492000000000004,5
stage3_662,stage3_seed_2,"{""model__C"": 1.0, ""model__gamma"": 0.01, ""pca__n_components"": 108}",108,1.0,0.01,"{""model__C"": 1.0, ""model__gamma"": 0.01, ""pca__n_components"": 108}",stage3_local_cv,0.7735,0.005024937810560448,27.251,5
stage3_175,stage3_seed_0,"{""model__C"": 3.0, ""model__gamma"": ""scale"", ""pca__n_components"": 76}",76,3.0,scale,"{""model__C"": 3.0, ""model__gamma"": ""scale"", ""pca__n_components"": 76}",stage3_local_cv,0.773375,0.004786047429769146,23.692999999999998,5
stage3_333,stage3_seed_0,"{""model__C"": 12.0, ""model__gamma"": 0.03, ""pca__n_components"": 88}",88,12.0,0.03,"{""model__C"": 12.0, ""model__gamma"": 0.03, ""pca__n_components"": 88}",stage3_local_cv,0.773375,0.00882645172195488,25.905,5
stage3_823,stage3_seed_2,"{""model__C"": 1.5, ""model__gamma"": 0.03, ""pca__n_components"": 124}",124,1.5,0.03,"{""model__C"": 1.5, ""model__gamma"": 0.03, ""pca__n_components"": 124}",stage3_local_cv,0.7731250000000001,0.007885905147793762,31.27,5
stage3_628,stage3_seed_2,"{""model__C"": 1.0, ""model__gamma"": 0.01, ""pca__n_components"": 104}",104,1.0,0.01,"{""model__C"": 1.0, ""model__gamma"": 0.01, ""pca__n_components"": 104}",stage3_local_cv,0.773125,0.004776243293635708,25.748999999999995,5
stage3_259,stage3_seed_0,"{""model__C"": 3.0, ""model__gamma"": ""scale"", ""pca__n_components"": 84}",84,3.0,scale,"{""model__C"": 3.0, ""model__gamma"": ""scale"", ""pca__n_components"": 84}",stage3_local_cv,0.773,0.008085480814398105,22.808,5
stage3_134,stage3_seed_0,"{""model__C"": 3.0, ""model__gamma"": 0.005, ""pca__n_components"": 72}",72,3.0,0.005,"{""model__C"": 3.0, ""model__gamma"": 0.005, ""pca__n_components"": 72}",stage3_local_cv,0.773,0.006952966992586691,23.1,5
stage3_291,stage3_seed_0,"{""model__C"": 12.0, ""model__gamma"": 0.03, ""pca__n_components"": 84}",84,12.0,0.03,"{""model__C"": 12.0, ""model__gamma"": 0.03, ""pca__n_components"": 84}",stage3_local_cv,0.7729999999999999,0.007206767652699778,21.878,5
stage3_015,stage3_seed_0,"{""model__C"": 4.0, ""model__gamma"": 0.005, ""pca__n_components"": 60}",60,4.0,0.005,"{""model__C"": 4.0, ""model__gamma"": 0.005, ""pca__n_components"": 60}",stage3_local_cv,0.772875,0.007044501401802699,23.012999999999998,5
stage3_217,stage3_seed_0,"{""model__C"": 3.0, ""model__gamma"": ""scale"", ""pca__n_components"": 80}",80,3.0,scale,"{""model__C"": 3.0, ""model__gamma"": ""scale"", ""pca__n_components"": 80}",stage3_local_cv,0.77275,0.0065502862532869745,22.761,5
stage3_594,stage3_seed_2,"{""model__C"": 1.0, ""model__gamma"": 0.01, ""pca__n_components"": 100}",100,1.0,0.01,"{""model__C"": 1.0, ""model__gamma"": 0.01, ""pca__n_components"": 100}",stage3_local_cv,0.7726249999999999,0.005733672470589865,25.014,5
stage3_249,stage3_seed_0,"{""model__C"": 12.0, ""model__gamma"": 0.03, ""pca__n_components"": 80}",80,12.0,0.03,"{""model__C"": 12.0, ""model__gamma"": 0.03, ""pca__n_components"": 80}",stage3_local_cv,0.772375,0.008527528950405282,21.798000000000002,5
stage3_343,stage3_seed_1,"{""model__C"": 12.0, ""model__gamma"": 0.0025, ""pca__n_components"": 84}",84,12.0,0.0025,"{""model__C"": 12.0, ""model__gamma"": 0.0025, ""pca__n_components"": 84}",stage3_local_cv,0.772375,0.005411215205478354,26.405,5
stage3_302,stage3_seed_0,"{""model__C"": 3.0, ""model__gamma"": 0.005, ""pca__n_components"": 88}",88,3.0,0.005,"{""model__C"": 3.0, ""model__gamma"": 0.005, ""pca__n_components"": 88}",stage3_local_cv,0.772,0.007271519786124495,22.595000000000002,5
stage3_176,stage3_seed_0,"{""model__C"": 3.0, ""model__gamma"": 0.005, ""pca__n_components"": 76}",76,3.0,0.005,"{""model__C"": 3.0, ""model__gamma"": 0.005, ""pca__n_components"": 76}",stage3_local_cv,0.7707500000000002,0.00546866071355686,22.548000000000002,5
stage3_260,stage3_seed_0,"{""model__C"": 3.0, ""model__gamma"": 0.005, ""pca__n_components"": 84}",84,3.0,0.005,"{""model__C"": 3.0, ""model__gamma"": 0.005, ""pca__n_components"": 84}",stage3_local_cv,0.769875,0.0071959189823121335,21.568,5
stage3_092,stage3_seed_0,"{""model__C"": 3.0, ""model__gamma"": 0.005, ""pca__n_components"": 68}",68,3.0,0.005,"{""model__C"": 3.0, ""model__gamma"": 0.005, ""pca__n_components"": 68}",stage3_local_cv,0.7696250000000001,0.005709093623334621,21.43,5
stage3_218,stage3_seed_0,"{""model__C"": 3.0, ""model__gamma"": 0.005, ""pca__n_components"": 80}",80,3.0,0.005,"{""model__C"": 3.0, ""model__gamma"": 0.005, ""pca__n_components"": 80}",stage3_local_cv,0.769125,0.005598548919139641,22.087,5
stage3_570,stage3_seed_1,"{""model__C"": 8.0, ""model__gamma"": 0.0025, ""pca__n_components"": 112}",112,8.0,0.0025,"{""model__C"": 8.0, ""model__gamma"": 0.0025, ""pca__n_components"": 112}",stage3_local_cv,0.768125,0.007191574931821274,27.599,5
stage3_050,stage3_seed_0,"{""model__C"": 3.0, ""model__gamma"": 0.005, ""pca__n_components"": 64}",64,3.0,0.005,"{""model__C"": 3.0, ""model__gamma"": 0.005, ""pca__n_components"": 64}",stage3_local_cv,0.767625,0.007441438033068596,19.545,5
stage3_007,stage3_seed_0,"{""model__C"": 3.0, ""model__gamma"": ""scale"", ""pca__n_components"": 60}",60,3.0,scale,"{""model__C"": 3.0, ""model__gamma"": ""scale"", ""pca__n_components"": 60}",stage3_local_cv,0.767625,0.006941721688457408,23.583999999999996,5
stage3_462,stage3_seed_1,"{""model__C"": 8.0, ""model__gamma"": 0.0025, ""pca__n_components"": 100}",100,8.0,0.0025,"{""model__C"": 8.0, ""model__gamma"": 0.0025, ""pca__n_components"": 100}",stage3_local_cv,0.7669999999999999,0.005868347297152735,22.866,5
stage3_826,stage3_seed_2,"{""model__C"": 2.0, ""model__gamma"": ""scale"", ""pca__n_components"": 124}",124,2.0,scale,"{""model__C"": 2.0, ""model__gamma"": ""scale"", ""pca__n_components"": 124}",stage3_local_cv,0.7666250000000001,0.00305163890393344,27.985999999999997,5
stage3_868,stage3_seed_2,"{""model__C"": 2.0, ""model__gamma"": ""scale"", ""pca__n_components"": 128}",128,2.0,scale,"{""model__C"": 2.0, ""model__gamma"": ""scale"", ""pca__n_components"": 128}",stage3_local_cv,0.7665,0.0011592023119369383,23.847,5
stage3_534,stage3_seed_1,"{""model__C"": 8.0, ""model__gamma"": 0.0025, ""pca__n_components"": 108}",108,8.0,0.0025,"{""model__C"": 8.0, ""model__gamma"": 0.0025, ""pca__n_components"": 108}",stage3_local_cv,0.7662500000000001,0.0051082041854256565,27.835000000000004,5
stage3_498,stage3_seed_1,"{""model__C"": 8.0, ""model__gamma"": 0.0025, ""pca__n_components"": 104}",104,8.0,0.0025,"{""model__C"": 8.0, ""model__gamma"": 0.0025, ""pca__n_components"": 104}",stage3_local_cv,0.7662500000000001,0.007756046028744296,28.209,5
stage3_827,stage3_seed_2,"{""model__C"": 2.0, ""model__gamma"": 0.005, ""pca__n_components"": 124}",124,2.0,0.005,"{""model__C"": 2.0, ""model__gamma"": 0.005, ""pca__n_components"": 124}",stage3_local_cv,0.7661250000000001,0.004019483797703393,26.48,5
stage3_390,stage3_seed_1,"{""model__C"": 8.0, ""model__gamma"": 0.0025, ""pca__n_components"": 92}",92,8.0,0.0025,"{""model__C"": 8.0, ""model__gamma"": 0.0025, ""pca__n_components"": 92}",stage3_local_cv,0.766,0.004194490433890621,25.516,5
stage3_426,stage3_seed_1,"{""model__C"": 8.0, ""model__gamma"": 0.0025, ""pca__n_components"": 96}",96,8.0,0.0025,"{""model__C"": 8.0, ""model__gamma"": 0.0025, ""pca__n_components"": 96}",stage3_local_cv,0.7658750000000001,0.005071365693775171,23.167,5
stage3_869,stage3_seed_2,"{""model__C"": 2.0, ""model__gamma"": 0.005, ""pca__n_components"": 128}",128,2.0,0.005,"{""model__C"": 2.0, ""model__gamma"": 0.005, ""pca__n_components"": 128}",stage3_local_cv,0.765125,0.0012119199643540563,25.627999999999997,5
stage3_858,stage3_seed_2,"{""model__C"": 1.0, ""model__gamma"": 0.03, ""pca__n_components"": 128}",128,1.0,0.03,"{""model__C"": 1.0, ""model__gamma"": 0.03, ""pca__n_components"": 128}",stage3_local_cv,0.765,0.010093314619093175,29.450999999999997,5
stage3_674,stage3_seed_2,"{""model__C"": 2.0, ""model__gamma"": ""scale"", ""pca__n_components"": 108}",108,2.0,scale,"{""model__C"": 2.0, ""model__gamma"": ""scale"", ""pca__n_components"": 108}",stage3_local_cv,0.764875,0.003409545424246472,26.522,5
stage3_816,stage3_seed_2,"{""model__C"": 1.0, ""model__gamma"": 0.03, ""pca__n_components"": 124}",124,1.0,0.03,"{""model__C"": 1.0, ""model__gamma"": 0.03, ""pca__n_components"": 124}",stage3_local_cv,0.764875,0.009146379064963349,31.384999999999998,5
stage3_742,stage3_seed_2,"{""model__C"": 2.0, ""model__gamma"": ""scale"", ""pca__n_components"": 116}",116,2.0,scale,"{""model__C"": 2.0, ""model__gamma"": ""scale"", ""pca__n_components"": 116}",stage3_local_cv,0.764625,0.0043588989435406796,25.103,5
stage3_784,stage3_seed_2,"{""model__C"": 2.0, ""model__gamma"": ""scale"", ""pca__n_components"": 120}",120,2.0,scale,"{""model__C"": 2.0, ""model__gamma"": ""scale"", ""pca__n_components"": 120}",stage3_local_cv,0.7645,0.004391042017562567,25.96,5
stage3_708,stage3_seed_2,"{""model__C"": 2.0, ""model__gamma"": ""scale"", ""pca__n_components"": 112}",112,2.0,scale,"{""model__C"": 2.0, ""model__gamma"": ""scale"", ""pca__n_components"": 112}",stage3_local_cv,0.764375,0.005902859476558768,22.552999999999997,5
stage3_698,stage3_seed_2,"{""model__C"": 1.0, ""model__gamma"": 0.03, ""pca__n_components"": 112}",112,1.0,0.03,"{""model__C"": 1.0, ""model__gamma"": 0.03, ""pca__n_components"": 112}",stage3_local_cv,0.76425,0.010119597324004545,27.444,5
stage3_774,stage3_seed_2,"{""model__C"": 1.0, ""model__gamma"": 0.03, ""pca__n_components"": 120}",120,1.0,0.03,"{""model__C"": 1.0, ""model__gamma"": 0.03, ""pca__n_components"": 120}",stage3_local_cv,0.7641249999999999,0.009743587634952559,30.132,5
stage3_664,stage3_seed_2,"{""model__C"": 1.0, ""model__gamma"": 0.03, ""pca__n_components"": 108}",108,1.0,0.03,"{""model__C"": 1.0, ""model__gamma"": 0.03, ""pca__n_components"": 108}",stage3_local_cv,0.7641249999999999,0.010822430410956707,32.025000000000006,5
stage3_008,stage3_seed_0,"{""model__C"": 3.0, ""model__gamma"": 0.005, ""pca__n_components"": 60}",60,3.0,0.005,"{""model__C"": 3.0, ""model__gamma"": 0.005, ""pca__n_components"": 60}",stage3_local_cv,0.764,0.006773108592072033,20.36,5
stage3_640,stage3_seed_2,"{""model__C"": 2.0, ""model__gamma"": ""scale"", ""pca__n_components"": 104}",104,2.0,scale,"{""model__C"": 2.0, ""model__gamma"": ""scale"", ""pca__n_components"": 104}",stage3_local_cv,0.764,0.004376785350002887,25.739000000000004,5
stage3_361,stage3_seed_1,"{""model__C"": 8.0, ""model__gamma"": 0.0025, ""pca__n_components"": 88}",88,8.0,0.0025,"{""model__C"": 8.0, ""model__gamma"": 0.0025, ""pca__n_components"": 88}",stage3_local_cv,0.763625,0.00635413251356939,27.319,5
stage3_732,stage3_seed_2,"{""model__C"": 1.0, ""model__gamma"": 0.03, ""pca__n_components"": 116}",116,1.0,0.03,"{""model__C"": 1.0, ""model__gamma"": 0.03, ""pca__n_components"": 116}",stage3_local_cv,0.7635,0.009743587634952557,31.116999999999997,5
stage3_630,stage3_seed_2,"{""model__C"": 1.0, ""model__gamma"": 0.03, ""pca__n_components"": 104}",104,1.0,0.03,"{""model__C"": 1.0, ""model__gamma"": 0.03, ""pca__n_components"": 104}",stage3_local_cv,0.7630000000000001,0.01098578627135992,29.6,5
stage3_675,stage3_seed_2,"{""model__C"": 2.0, ""model__gamma"": 0.005, ""pca__n_components"": 108}",108,2.0,0.005,"{""model__C"": 2.0, ""model__gamma"": 0.005, ""pca__n_components"": 108}",stage3_local_cv,0.763,0.003544361719689429,25.990000000000002,5
stage3_596,stage3_seed_2,"{""model__C"": 1.0, ""model__gamma"": 0.03, ""pca__n_components"": 100}",100,1.0,0.03,"{""model__C"": 1.0, ""model__gamma"": 0.03, ""pca__n_components"": 100}",stage3_local_cv,0.7628750000000001,0.01015966288810807,26.425,5
stage3_709,stage3_seed_2,"{""model__C"": 2.0, ""model__gamma"": 0.005, ""pca__n_components"": 112}",112,2.0,0.005,"{""model__C"": 2.0, ""model__gamma"": 0.005, ""pca__n_components"": 112}",stage3_local_cv,0.762875,0.005598548919139663,22.649,5
stage3_743,stage3_seed_2,"{""model__C"": 2.0, ""model__gamma"": 0.005, ""pca__n_components"": 116}",116,2.0,0.005,"{""model__C"": 2.0, ""model__gamma"": 0.005, ""pca__n_components"": 116}",stage3_local_cv,0.76275,0.004551785364008297,25.012999999999998,5
stage3_785,stage3_seed_2,"{""model__C"": 2.0, ""model__gamma"": 0.005, ""pca__n_components"": 120}",120,2.0,0.005,"{""model__C"": 2.0, ""model__gamma"": 0.005, ""pca__n_components"": 120}",stage3_local_cv,0.7623749999999999,0.0053822625354027435,26.142999999999997,5
stage3_294,stage3_seed_0,"{""model__C"": 2.0, ""model__gamma"": ""scale"", ""pca__n_components"": 88}",88,2.0,scale,"{""model__C"": 2.0, ""model__gamma"": ""scale"", ""pca__n_components"": 88}",stage3_local_cv,0.7622500000000001,0.005681659088681767,21.096999999999998,5
stage3_606,stage3_seed_2,"{""model__C"": 2.0, ""model__gamma"": ""scale"", ""pca__n_components"": 100}",100,2.0,scale,"{""model__C"": 2.0, ""model__gamma"": ""scale"", ""pca__n_components"": 100}",stage3_local_cv,0.76225,0.0048830062461561775,21.809,5
stage3_341,stage3_seed_1,"{""model__C"": 8.0, ""model__gamma"": 0.0025, ""pca__n_components"": 84}",84,8.0,0.0025,"{""model__C"": 8.0, ""model__gamma"": 0.0025, ""pca__n_components"": 84}",stage3_local_cv,0.7617499999999999,0.005083674851915693,25.134000000000004,5
stage3_641,stage3_seed_2,"{""model__C"": 2.0, ""model__gamma"": 0.005, ""pca__n_components"": 104}",104,2.0,0.005,"{""model__C"": 2.0, ""model__gamma"": 0.005, ""pca__n_components"": 104}",stage3_local_cv,0.761375,0.004496526437151215,24.416999999999998,5
stage3_096,stage3_seed_0,"{""model__C"": 3.0, ""model__gamma"": 0.04, ""pca__n_components"": 68}",68,3.0,0.04,"{""model__C"": 3.0, ""model__gamma"": 0.04, ""pca__n_components"": 68}",stage3_local_cv,0.7613749999999999,0.010408830385783028,21.52,5
stage3_138,stage3_seed_0,"{""model__C"": 3.0, ""model__gamma"": 0.04, ""pca__n_components"": 72}",72,3.0,0.04,"{""model__C"": 3.0, ""model__gamma"": 0.04, ""pca__n_components"": 72}",stage3_local_cv,0.7609999999999999,0.01114254234903329,23.203000000000003,5
stage3_061,stage3_seed_0,"{""model__C"": 4.0, ""model__gamma"": 0.04, ""pca__n_components"": 64}",64,4.0,0.04,"{""model__C"": 4.0, ""model__gamma"": 0.04, ""pca__n_components"": 64}",stage3_local_cv,0.76075,0.011028372500056368,19.689,5
stage3_054,stage3_seed_0,"{""model__C"": 3.0, ""model__gamma"": 0.04, ""pca__n_components"": 64}",64,3.0,0.04,"{""model__C"": 3.0, ""model__gamma"": 0.04, ""pca__n_components"": 64}",stage3_local_cv,0.76075,0.009948303875535771,21.234,5
stage3_089,stage3_seed_0,"{""model__C"": 2.0, ""model__gamma"": 0.04, ""pca__n_components"": 68}",68,2.0,0.04,"{""model__C"": 2.0, ""model__gamma"": 0.04, ""pca__n_components"": 68}",stage3_local_cv,0.76075,0.011472793905583782,22.902,5
stage3_215,stage3_seed_0,"{""model__C"": 2.0, ""model__gamma"": 0.04, ""pca__n_components"": 80}",80,2.0,0.04,"{""model__C"": 2.0, ""model__gamma"": 0.04, ""pca__n_components"": 80}",stage3_local_cv,0.760625,0.012636751956100107,23.683,5
stage3_152,stage3_seed_0,"{""model__C"": 6.0, ""model__gamma"": 0.04, ""pca__n_components"": 72}",72,6.0,0.04,"{""model__C"": 6.0, ""model__gamma"": 0.04, ""pca__n_components"": 72}",stage3_local_cv,0.7606249999999999,0.011937336386313323,24.666,5
stage3_131,stage3_seed_0,"{""model__C"": 2.0, ""model__gamma"": 0.04, ""pca__n_components"": 72}",72,2.0,0.04,"{""model__C"": 2.0, ""model__gamma"": 0.04, ""pca__n_components"": 72}",stage3_local_cv,0.7605000000000001,0.011755317945508749,24.343999999999998,5
stage3_229,stage3_seed_0,"{""model__C"": 4.0, ""model__gamma"": 0.04, ""pca__n_components"": 80}",80,4.0,0.04,"{""model__C"": 4.0, ""model__gamma"": 0.04, ""pca__n_components"": 80}",stage3_local_cv,0.7605,0.012489995996796783,25.136000000000003,5
stage3_068,stage3_seed_0,"{""model__C"": 6.0, ""model__gamma"": 0.04, ""pca__n_components"": 64}",64,6.0,0.04,"{""model__C"": 6.0, ""model__gamma"": 0.04, ""pca__n_components"": 64}",stage3_local_cv,0.760375,0.010822430410956702,20.439999999999998,5
stage3_607,stage3_seed_2,"{""model__C"": 2.0, ""model__gamma"": 0.005, ""pca__n_components"": 100}",100,2.0,0.005,"{""model__C"": 2.0, ""model__gamma"": 0.005, ""pca__n_components"": 100}",stage3_local_cv,0.760375,0.004175823272122506,24.668,5
stage3_047,stage3_seed_0,"{""model__C"": 2.0, ""model__gamma"": 0.04, ""pca__n_components"": 64}",64,2.0,0.04,"{""model__C"": 2.0, ""model__gamma"": 0.04, ""pca__n_components"": 64}",stage3_local_cv,0.7603749999999999,0.011460530092452107,20.688,5
stage3_222,stage3_seed_0,"{""model__C"": 3.0, ""model__gamma"": 0.04, ""pca__n_components"": 80}",80,3.0,0.04,"{""model__C"": 3.0, ""model__gamma"": 0.04, ""pca__n_components"": 80}",stage3_local_cv,0.76025,0.01232122153035161,20.157999999999998,5
stage3_103,stage3_seed_0,"{""model__C"": 4.0, ""model__gamma"": 0.04, ""pca__n_components"": 68}",68,4.0,0.04,"{""model__C"": 4.0, ""model__gamma"": 0.04, ""pca__n_components"": 68}",stage3_local_cv,0.760125,0.009604686356149257,22.968999999999998,5
stage3_110,stage3_seed_0,"{""model__C"": 6.0, ""model__gamma"": 0.04, ""pca__n_components"": 68}",68,6.0,0.04,"{""model__C"": 6.0, ""model__gamma"": 0.04, ""pca__n_components"": 68}",stage3_local_cv,0.760125,0.011587978684826798,23.064999999999998,5
stage3_271,stage3_seed_0,"{""model__C"": 4.0, ""model__gamma"": 0.04, ""pca__n_components"": 84}",84,4.0,0.04,"{""model__C"": 4.0, ""model__gamma"": 0.04, ""pca__n_components"": 84}",stage3_local_cv,0.76,0.011792476415070734,23.012999999999998,5
stage3_173,stage3_seed_0,"{""model__C"": 2.0, ""model__gamma"": 0.04, ""pca__n_components"": 76}",76,2.0,0.04,"{""model__C"": 2.0, ""model__gamma"": 0.04, ""pca__n_components"": 76}",stage3_local_cv,0.76,0.01146325651811038,24.967000000000002,5
stage3_180,stage3_seed_0,"{""model__C"": 3.0, ""model__gamma"": 0.04, ""pca__n_components"": 76}",76,3.0,0.04,"{""model__C"": 3.0, ""model__gamma"": 0.04, ""pca__n_components"": 76}",stage3_local_cv,0.76,0.0114904851942814,26.581,5
stage3_236,stage3_seed_0,"{""model__C"": 6.0, ""model__gamma"": 0.04, ""pca__n_components"": 80}",80,6.0,0.04,"{""model__C"": 6.0, ""model__gamma"": 0.04, ""pca__n_components"": 80}",stage3_local_cv,0.7598750000000001,0.011581234821900474,21.134999999999998,5
stage3_145,stage3_seed_0,"{""model__C"": 4.0, ""model__gamma"": 0.04, ""pca__n_components"": 72}",72,4.0,0.04,"{""model__C"": 4.0, ""model__gamma"": 0.04, ""pca__n_components"": 72}",stage3_local_cv,0.7598749999999999,0.01176196199619774,25.755,5
stage3_880,stage3_seed_2,"{""model__C"": 3.0, ""model__gamma"": 0.04, ""pca__n_components"": 128}",128,3.0,0.04,"{""model__C"": 3.0, ""model__gamma"": 0.04, ""pca__n_components"": 128}",stage3_local_cv,0.759625,0.007547764569725289,26.333,5
stage3_126,stage3_seed_0,"{""model__C"": 2.0, ""model__gamma"": ""scale"", ""pca__n_components"": 72}",72,2.0,scale,"{""model__C"": 2.0, ""model__gamma"": ""scale"", ""pca__n_components"": 72}",stage3_local_cv,0.7595000000000001,0.006304760106459241,22.092,5
stage3_117,stage3_seed_0,"{""model__C"": 8.0, ""model__gamma"": 0.04, ""pca__n_components"": 68}",68,8.0,0.04,"{""model__C"": 8.0, ""model__gamma"": 0.04, ""pca__n_components"": 68}",stage3_local_cv,0.7595,0.0103862890389205,24.522,5
stage3_887,stage3_seed_2,"{""model__C"": 4.0, ""model__gamma"": 0.04, ""pca__n_components"": 128}",128,4.0,0.04,"{""model__C"": 4.0, ""model__gamma"": 0.04, ""pca__n_components"": 128}",stage3_local_cv,0.7595,0.008690871647884346,25.813,5
stage3_852,stage3_seed_2,"{""model__C"": 6.0, ""model__gamma"": 0.04, ""pca__n_components"": 124}",124,6.0,0.04,"{""model__C"": 6.0, ""model__gamma"": 0.04, ""pca__n_components"": 124}",stage3_local_cv,0.7593750000000001,0.008177713616898064,31.180999999999997,5
stage3_845,stage3_seed_2,"{""model__C"": 4.0, ""model__gamma"": 0.04, ""pca__n_components"": 124}",124,4.0,0.04,"{""model__C"": 4.0, ""model__gamma"": 0.04, ""pca__n_components"": 124}",stage3_local_cv,0.759375,0.008338540040078966,31.558,5
stage3_295,stage3_seed_0,"{""model__C"": 2.0, ""model__gamma"": 0.005, ""pca__n_components"": 88}",88,2.0,0.005,"{""model__C"": 2.0, ""model__gamma"": 0.005, ""pca__n_components"": 88}",stage3_local_cv,0.75925,0.005733672470589868,25.727,5
stage3_894,stage3_seed_2,"{""model__C"": 6.0, ""model__gamma"": 0.04, ""pca__n_components"": 128}",128,6.0,0.04,"{""model__C"": 6.0, ""model__gamma"": 0.04, ""pca__n_components"": 128}",stage3_local_cv,0.75925,0.007929375763576862,26.849999999999998,5
stage3_838,stage3_seed_2,"{""model__C"": 3.0, ""model__gamma"": 0.04, ""pca__n_components"": 124}",124,3.0,0.04,"{""model__C"": 3.0, ""model__gamma"": 0.04, ""pca__n_components"": 124}",stage3_local_cv,0.75925,0.00804673846971553,30.181,5
stage3_803,stage3_seed_2,"{""model__C"": 4.0, ""model__gamma"": 0.04, ""pca__n_components"": 120}",120,4.0,0.04,"{""model__C"": 4.0, ""model__gamma"": 0.04, ""pca__n_components"": 120}",stage3_local_cv,0.75925,0.008295330011518538,30.183,5
stage3_187,stage3_seed_0,"{""model__C"": 4.0, ""model__gamma"": 0.04, ""pca__n_components"": 76}",76,4.0,0.04,"{""model__C"": 4.0, ""model__gamma"": 0.04, ""pca__n_components"": 76}",stage3_local_cv,0.759125,0.01182291207782583,27.868000000000002,5
stage3_873,stage3_seed_2,"{""model__C"": 2.0, ""model__gamma"": 0.04, ""pca__n_components"": 128}",128,2.0,0.04,"{""model__C"": 2.0, ""model__gamma"": 0.04, ""pca__n_components"": 128}",stage3_local_cv,0.7590000000000001,0.00757875319561206,27.662000000000003,5
stage3_075,stage3_seed_0,"{""model__C"": 8.0, ""model__gamma"": 0.04, ""pca__n_components"": 64}",64,8.0,0.04,"{""model__C"": 8.0, ""model__gamma"": 0.04, ""pca__n_components"": 64}",stage3_local_cv,0.759,0.010625735268676693,22.989,5
stage3_810,stage3_seed_2,"{""model__C"": 6.0, ""model__gamma"": 0.04, ""pca__n_components"": 120}",120,6.0,0.04,"{""model__C"": 6.0, ""model__gamma"": 0.04, ""pca__n_components"": 120}",stage3_local_cv,0.7589999999999999,0.008009759671800403,33.414,5
stage3_655,stage3_seed_2,"{""model__C"": 4.0, ""model__gamma"": 0.04, ""pca__n_components"": 104}",104,4.0,0.04,"{""model__C"": 4.0, ""model__gamma"": 0.04, ""pca__n_components"": 104}",stage3_local_cv,0.7588750000000001,0.009231400218818395,27.525,5
stage3_159,stage3_seed_0,"{""model__C"": 8.0, ""model__gamma"": 0.04, ""pca__n_components"": 72}",72,8.0,0.04,"{""model__C"": 8.0, ""model__gamma"": 0.04, ""pca__n_components"": 72}",stage3_local_cv,0.758875,0.011472793905583749,25.61,5
stage3_264,stage3_seed_0,"{""model__C"": 3.0, ""model__gamma"": 0.04, ""pca__n_components"": 84}",84,3.0,0.04,"{""model__C"": 3.0, ""model__gamma"": 0.04, ""pca__n_components"": 84}",stage3_local_cv,0.75875,0.012215512678557545,26.371,5
stage3_194,stage3_seed_0,"{""model__C"": 6.0, ""model__gamma"": 0.04, ""pca__n_components"": 76}",76,6.0,0.04,"{""model__C"": 6.0, ""model__gamma"": 0.04, ""pca__n_components"": 76}",stage3_local_cv,0.75875,0.01177258467797111,28.098,5
stage3_492,stage3_seed_1,"{""model__C"": 6.0, ""model__gamma"": 0.0025, ""pca__n_components"": 104}",104,6.0,0.0025,"{""model__C"": 6.0, ""model__gamma"": 0.0025, ""pca__n_components"": 104}",stage3_local_cv,0.7586250000000001,0.005986965007414005,24.755,5
stage3_084,stage3_seed_0,"{""model__C"": 2.0, ""model__gamma"": ""scale"", ""pca__n_components"": 68}",68,2.0,scale,"{""model__C"": 2.0, ""model__gamma"": ""scale"", ""pca__n_components"": 68}",stage3_local_cv,0.758625,0.008753570700005818,19.812,5
stage3_252,stage3_seed_0,"{""model__C"": 2.0, ""model__gamma"": ""scale"", ""pca__n_components"": 84}",84,2.0,scale,"{""model__C"": 2.0, ""model__gamma"": ""scale"", ""pca__n_components"": 84}",stage3_local_cv,0.758625,0.0069641941385920605,21.076,5
stage3_168,stage3_seed_0,"{""model__C"": 2.0, ""model__gamma"": ""scale"", ""pca__n_components"": 76}",76,2.0,scale,"{""model__C"": 2.0, ""model__gamma"": ""scale"", ""pca__n_components"": 76}",stage3_local_cv,0.758625,0.006619101147436853,21.896,5
stage3_866,stage3_seed_2,"{""model__C"": 1.5, ""model__gamma"": 0.04, ""pca__n_components"": 128}",128,1.5,0.04,"{""model__C"": 1.5, ""model__gamma"": 0.04, ""pca__n_components"": 128}",stage3_local_cv,0.758625,0.007020060541049499,28.662000000000003,5
stage3_313,stage3_seed_0,"{""model__C"": 4.0, ""model__gamma"": 0.04, ""pca__n_components"": 88}",88,4.0,0.04,"{""model__C"": 4.0, ""model__gamma"": 0.04, ""pca__n_components"": 88}",stage3_local_cv,0.7585,0.011072206193889284,28.811999999999998,5
stage3_796,stage3_seed_2,"{""model__C"": 3.0, ""model__gamma"": 0.04, ""pca__n_components"": 120}",120,3.0,0.04,"{""model__C"": 3.0, ""model__gamma"": 0.04, ""pca__n_components"": 120}",stage3_local_cv,0.7585,0.008068069781552454,28.921999999999997,5
stage3_210,stage3_seed_0,"{""model__C"": 2.0, ""model__gamma"": ""scale"", ""pca__n_components"": 80}",80,2.0,scale,"{""model__C"": 2.0, ""model__gamma"": ""scale"", ""pca__n_components"": 80}",stage3_local_cv,0.758375,0.006761564168149245,18.669999999999998,5
stage3_201,stage3_seed_0,"{""model__C"": 8.0, ""model__gamma"": 0.04, ""pca__n_components"": 76}",76,8.0,0.04,"{""model__C"": 8.0, ""model__gamma"": 0.04, ""pca__n_components"": 76}",stage3_local_cv,0.758375,0.010994316713648025,26.309,5
stage3_789,stage3_seed_2,"{""model__C"": 2.0, ""model__gamma"": 0.04, ""pca__n_components"": 120}",120,2.0,0.04,"{""model__C"": 2.0, ""model__gamma"": 0.04, ""pca__n_components"": 120}",stage3_local_cv,0.758375,0.008164327896403954,29.249,5
stage3_689,stage3_seed_2,"{""model__C"": 4.0, ""model__gamma"": 0.04, ""pca__n_components"": 108}",108,4.0,0.04,"{""model__C"": 4.0, ""model__gamma"": 0.04, ""pca__n_components"": 108}",stage3_local_cv,0.758375,0.008861785937383026,30.704,5
stage3_257,stage3_seed_0,"{""model__C"": 2.0, ""model__gamma"": 0.04, ""pca__n_components"": 84}",84,2.0,0.04,"{""model__C"": 2.0, ""model__gamma"": 0.04, ""pca__n_components"": 84}",stage3_local_cv,0.7582500000000001,0.012614475811542852,22.796,5
stage3_831,stage3_seed_2,"{""model__C"": 2.0, ""model__gamma"": 0.04, ""pca__n_components"": 124}",124,2.0,0.04,"{""model__C"": 2.0, ""model__gamma"": 0.04, ""pca__n_components"": 124}",stage3_local_cv,0.7582500000000001,0.0076689308250889815,28.553,5
stage3_042,stage3_seed_0,"{""model__C"": 2.0, ""model__gamma"": ""scale"", ""pca__n_components"": 64}",64,2.0,scale,"{""model__C"": 2.0, ""model__gamma"": ""scale"", ""pca__n_components"": 64}",stage3_local_cv,0.75825,0.007524958471646209,18.666,5
stage3_208,stage3_seed_0,"{""model__C"": 12.0, ""model__gamma"": 0.04, ""pca__n_components"": 76}",76,12.0,0.04,"{""model__C"": 12.0, ""model__gamma"": 0.04, ""pca__n_components"": 76}",stage3_local_cv,0.75825,0.009188987974744585,25.29,5
stage3_124,stage3_seed_0,"{""model__C"": 12.0, ""model__gamma"": 0.04, ""pca__n_components"": 68}",68,12.0,0.04,"{""model__C"": 12.0, ""model__gamma"": 0.04, ""pca__n_components"": 68}",stage3_local_cv,0.758125,0.010360682892551057,22.316,5
stage3_652,stage3_seed_2,"{""model__C"": 3.0, ""model__gamma"": 0.04, ""pca__n_components"": 104}",104,3.0,0.04,"{""model__C"": 3.0, ""model__gamma"": 0.04, ""pca__n_components"": 104}",stage3_local_cv,0.758125,0.009698582370635396,28.682,5
stage3_320,stage3_seed_0,"{""model__C"": 6.0, ""model__gamma"": 0.04, ""pca__n_components"": 88}",88,6.0,0.04,"{""model__C"": 6.0, ""model__gamma"": 0.04, ""pca__n_components"": 88}",stage3_local_cv,0.7581249999999999,0.012481235916366634,26.675,5
stage3_299,stage3_seed_0,"{""model__C"": 2.0, ""model__gamma"": 0.04, ""pca__n_components"": 88}",88,2.0,0.04,"{""model__C"": 2.0, ""model__gamma"": 0.04, ""pca__n_components"": 88}",stage3_local_cv,0.758,0.012670092738413548,22.928,5
stage3_761,stage3_seed_2,"{""model__C"": 4.0, ""model__gamma"": 0.04, ""pca__n_components"": 116}",116,4.0,0.04,"{""model__C"": 4.0, ""model__gamma"": 0.04, ""pca__n_components"": 116}",stage3_local_cv,0.758,0.007978486698616467,27.972,5
stage3_679,stage3_seed_2,"{""model__C"": 2.0, ""model__gamma"": 0.04, ""pca__n_components"": 108}",108,2.0,0.04,"{""model__C"": 2.0, ""model__gamma"": 0.04, ""pca__n_components"": 108}",stage3_local_cv,0.758,0.009171968163922066,29.53,5
stage3_243,stage3_seed_0,"{""model__C"": 8.0, ""model__gamma"": 0.04, ""pca__n_components"": 80}",80,8.0,0.04,"{""model__C"": 8.0, ""model__gamma"": 0.04, ""pca__n_components"": 80}",stage3_local_cv,0.7578750000000001,0.011281899219546334,22.311,5
stage3_621,stage3_seed_2,"{""model__C"": 4.0, ""model__gamma"": 0.04, ""pca__n_components"": 100}",100,4.0,0.04,"{""model__C"": 4.0, ""model__gamma"": 0.04, ""pca__n_components"": 100}",stage3_local_cv,0.7578750000000001,0.010281962361339382,25.750999999999998,5
stage3_777,stage3_seed_2,"{""model__C"": 1.5, ""model__gamma"": ""scale"", ""pca__n_components"": 120}",120,1.5,scale,"{""model__C"": 1.5, ""model__gamma"": ""scale"", ""pca__n_components"": 120}",stage3_local_cv,0.757875,0.0050867474873439724,25.638,5
stage3_723,stage3_seed_2,"{""model__C"": 4.0, ""model__gamma"": 0.04, ""pca__n_components"": 112}",112,4.0,0.04,"{""model__C"": 4.0, ""model__gamma"": 0.04, ""pca__n_components"": 112}",stage3_local_cv,0.757875,0.009199184746487043,26.151000000000003,5
stage3_306,stage3_seed_0,"{""model__C"": 3.0, ""model__gamma"": 0.04, ""pca__n_components"": 88}",88,3.0,0.04,"{""model__C"": 3.0, ""model__gamma"": 0.04, ""pca__n_components"": 88}",stage3_local_cv,0.757875,0.011921619017566368,26.968,5
stage3_686,stage3_seed_2,"{""model__C"": 3.0, ""model__gamma"": 0.04, ""pca__n_components"": 108}",108,3.0,0.04,"{""model__C"": 3.0, ""model__gamma"": 0.04, ""pca__n_components"": 108}",stage3_local_cv,0.757875,0.009334077351297213,28.814,5
stage3_278,stage3_seed_0,"{""model__C"": 6.0, ""model__gamma"": 0.04, ""pca__n_components"": 84}",84,6.0,0.04,"{""model__C"": 6.0, ""model__gamma"": 0.04, ""pca__n_components"": 84}",stage3_local_cv,0.75775,0.011862493414118285,22.595000000000002,5
stage3_618,stage3_seed_2,"{""model__C"": 3.0, ""model__gamma"": 0.04, ""pca__n_components"": 100}",100,3.0,0.04,"{""model__C"": 3.0, ""model__gamma"": 0.04, ""pca__n_components"": 100}",stage3_local_cv,0.7577499999999999,0.010387793317158382,26.556,5
stage3_726,stage3_seed_2,"{""model__C"": 6.0, ""model__gamma"": 0.04, ""pca__n_components"": 112}",112,6.0,0.04,"{""model__C"": 6.0, ""model__gamma"": 0.04, ""pca__n_components"": 112}",stage3_local_cv,0.757625,0.009829801625668778,24.445,5
stage3_012,stage3_seed_0,"{""model__C"": 3.0, ""model__gamma"": 0.04, ""pca__n_components"": 60}",60,3.0,0.04,"{""model__C"": 3.0, ""model__gamma"": 0.04, ""pca__n_components"": 60}",stage3_local_cv,0.757625,0.00986946047157592,25.465,5
stage3_720,stage3_seed_2,"{""model__C"": 3.0, ""model__gamma"": 0.04, ""pca__n_components"": 112}",112,3.0,0.04,"{""model__C"": 3.0, ""model__gamma"": 0.04, ""pca__n_components"": 112}",stage3_local_cv,0.7575000000000001,0.008723173161183942,29.067,5
stage3_005,stage3_seed_0,"{""model__C"": 2.0, ""model__gamma"": 0.04, ""pca__n_components"": 60}",60,2.0,0.04,"{""model__C"": 2.0, ""model__gamma"": 0.04, ""pca__n_components"": 60}",stage3_local_cv,0.757375,0.010173494974687898,22.694,5
stage3_645,stage3_seed_2,"{""model__C"": 2.0, ""model__gamma"": 0.04, ""pca__n_components"": 104}",104,2.0,0.04,"{""model__C"": 2.0, ""model__gamma"": 0.04, ""pca__n_components"": 104}",stage3_local_cv,0.757375,0.010196506754766577,28.403999999999996,5
stage3_528,stage3_seed_1,"{""model__C"": 6.0, ""model__gamma"": 0.0025, ""pca__n_components"": 108}",108,6.0,0.0025,"{""model__C"": 6.0, ""model__gamma"": 0.0025, ""pca__n_components"": 108}",stage3_local_cv,0.7573749999999999,0.006090463857539916,26.341,5
stage3_658,stage3_seed_2,"{""model__C"": 6.0, ""model__gamma"": 0.04, ""pca__n_components"": 104}",104,6.0,0.04,"{""model__C"": 6.0, ""model__gamma"": 0.04, ""pca__n_components"": 104}",stage3_local_cv,0.7573749999999999,0.010594810050208556,29.633000000000003,5
stage3_692,stage3_seed_2,"{""model__C"": 6.0, ""model__gamma"": 0.04, ""pca__n_components"": 108}",108,6.0,0.04,"{""model__C"": 6.0, ""model__gamma"": 0.04, ""pca__n_components"": 108}",stage3_local_cv,0.7573749999999999,0.009940447676035535,30.794,5
stage3_713,stage3_seed_2,"{""model__C"": 2.0, ""model__gamma"": 0.04, ""pca__n_components"": 112}",112,2.0,0.04,"{""model__C"": 2.0, ""model__gamma"": 0.04, ""pca__n_components"": 112}",stage3_local_cv,0.7572500000000001,0.008710625695092152,24.993000000000002,5
stage3_819,stage3_seed_2,"{""model__C"": 1.5, ""model__gamma"": ""scale"", ""pca__n_components"": 124}",124,1.5,scale,"{""model__C"": 1.5, ""model__gamma"": ""scale"", ""pca__n_components"": 124}",stage3_local_cv,0.75725,0.00562638871746344,28.339999999999996,5
stage3_782,stage3_seed_2,"{""model__C"": 1.5, ""model__gamma"": 0.04, ""pca__n_components"": 120}",120,1.5,0.04,"{""model__C"": 1.5, ""model__gamma"": 0.04, ""pca__n_components"": 120}",stage3_local_cv,0.75725,0.00777214577835489,29.73,5
stage3_824,stage3_seed_2,"{""model__C"": 1.5, ""model__gamma"": 0.04, ""pca__n_components"": 124}",124,1.5,0.04,"{""model__C"": 1.5, ""model__gamma"": 0.04, ""pca__n_components"": 124}",stage3_local_cv,0.75725,0.007568437751610291,30.602,5
stage3_624,stage3_seed_2,"{""model__C"": 6.0, ""model__gamma"": 0.04, ""pca__n_components"": 100}",100,6.0,0.04,"{""model__C"": 6.0, ""model__gamma"": 0.04, ""pca__n_components"": 100}",stage3_local_cv,0.757125,0.010937321427113683,25.71,5
stage3_327,stage3_seed_0,"{""model__C"": 8.0, ""model__gamma"": 0.04, ""pca__n_components"": 88}",88,8.0,0.04,"{""model__C"": 8.0, ""model__gamma"": 0.04, ""pca__n_components"": 88}",stage3_local_cv,0.757125,0.011426394882026434,25.893,5
stage3_638,stage3_seed_2,"{""model__C"": 1.5, ""model__gamma"": 0.04, ""pca__n_components"": 104}",104,1.5,0.04,"{""model__C"": 1.5, ""model__gamma"": 0.04, ""pca__n_components"": 104}",stage3_local_cv,0.757125,0.010462731478920816,28.241,5
stage3_754,stage3_seed_2,"{""model__C"": 3.0, ""model__gamma"": 0.04, ""pca__n_components"": 116}",116,3.0,0.04,"{""model__C"": 3.0, ""model__gamma"": 0.04, ""pca__n_components"": 116}",stage3_local_cv,0.7571249999999999,0.008575036443071228,29.375,5
stage3_082,stage3_seed_0,"{""model__C"": 12.0, ""model__gamma"": 0.04, ""pca__n_components"": 64}",64,12.0,0.04,"{""model__C"": 12.0, ""model__gamma"": 0.04, ""pca__n_components"": 64}",stage3_local_cv,0.757,0.009885279459883779,21.325,5
stage3_019,stage3_seed_0,"{""model__C"": 4.0, ""model__gamma"": 0.04, ""pca__n_components"": 60}",60,4.0,0.04,"{""model__C"": 4.0, ""model__gamma"": 0.04, ""pca__n_components"": 60}",stage3_local_cv,0.757,0.009522998477370441,22.494999999999997,5
stage3_768,stage3_seed_2,"{""model__C"": 6.0, ""model__gamma"": 0.04, ""pca__n_components"": 116}",116,6.0,0.04,"{""model__C"": 6.0, ""model__gamma"": 0.04, ""pca__n_components"": 116}",stage3_local_cv,0.757,0.008609587678861275,29.432000000000002,5
stage3_604,stage3_seed_2,"{""model__C"": 1.5, ""model__gamma"": 0.04, ""pca__n_components"": 100}",100,1.5,0.04,"{""model__C"": 1.5, ""model__gamma"": 0.04, ""pca__n_components"": 100}",stage3_local_cv,0.7568750000000001,0.01092588669170606,26.394000000000002,5
stage3_564,stage3_seed_1,"{""model__C"": 6.0, ""model__gamma"": 0.0025, ""pca__n_components"": 112}",112,6.0,0.0025,"{""model__C"": 6.0, ""model__gamma"": 0.0025, ""pca__n_components"": 112}",stage3_local_cv,0.756875,0.007562241731127089,22.589000000000002,5
stage3_611,stage3_seed_2,"{""model__C"": 2.0, ""model__gamma"": 0.04, ""pca__n_components"": 100}",100,2.0,0.04,"{""model__C"": 2.0, ""model__gamma"": 0.04, ""pca__n_components"": 100}",stage3_local_cv,0.756875,0.010405827694133698,25.436,5
stage3_285,stage3_seed_0,"{""model__C"": 8.0, ""model__gamma"": 0.04, ""pca__n_components"": 84}",84,8.0,0.04,"{""model__C"": 8.0, ""model__gamma"": 0.04, ""pca__n_components"": 84}",stage3_local_cv,0.756875,0.011858541225631408,26.616000000000003,5
stage3_820,stage3_seed_2,"{""model__C"": 1.5, ""model__gamma"": 0.005, ""pca__n_components"": 124}",124,1.5,0.005,"{""model__C"": 1.5, ""model__gamma"": 0.005, ""pca__n_components"": 124}",stage3_local_cv,0.75675,0.005774404731225551,25.019,5
stage3_747,stage3_seed_2,"{""model__C"": 2.0, ""model__gamma"": 0.04, ""pca__n_components"": 116}",116,2.0,0.04,"{""model__C"": 2.0, ""model__gamma"": 0.04, ""pca__n_components"": 116}",stage3_local_cv,0.756625,0.009070901278263375,27.679,5
stage3_250,stage3_seed_0,"{""model__C"": 12.0, ""model__gamma"": 0.04, ""pca__n_components"": 80}",80,12.0,0.04,"{""model__C"": 12.0, ""model__gamma"": 0.04, ""pca__n_components"": 80}",stage3_local_cv,0.7565000000000001,0.010507437841833767,24.854,5
stage3_672,stage3_seed_2,"{""model__C"": 1.5, ""model__gamma"": 0.04, ""pca__n_components"": 108}",108,1.5,0.04,"{""model__C"": 1.5, ""model__gamma"": 0.04, ""pca__n_components"": 108}",stage3_local_cv,0.7565000000000001,0.01008247241503789,30.26,5
stage3_456,stage3_seed_1,"{""model__C"": 6.0, ""model__gamma"": 0.0025, ""pca__n_components"": 100}",100,6.0,0.0025,"{""model__C"": 6.0, ""model__gamma"": 0.0025, ""pca__n_components"": 100}",stage3_local_cv,0.7565,0.006830538046157136,28.116,5
stage3_166,stage3_seed_0,"{""model__C"": 12.0, ""model__gamma"": 0.04, ""pca__n_components"": 72}",72,12.0,0.04,"{""model__C"": 12.0, ""model__gamma"": 0.04, ""pca__n_components"": 72}",stage3_local_cv,0.756375,0.010792068847074673,24.109,5
stage3_033,stage3_seed_0,"{""model__C"": 8.0, ""model__gamma"": 0.04, ""pca__n_components"": 60}",60,8.0,0.04,"{""model__C"": 8.0, ""model__gamma"": 0.04, ""pca__n_components"": 60}",stage3_local_cv,0.756375,0.008342286856731794,24.494000000000003,5
stage3_861,stage3_seed_2,"{""model__C"": 1.5, ""model__gamma"": ""scale"", ""pca__n_components"": 128}",128,1.5,scale,"{""model__C"": 1.5, ""model__gamma"": ""scale"", ""pca__n_components"": 128}",stage3_local_cv,0.75625,0.0056871565830386665,23.631,5
stage3_706,stage3_seed_2,"{""model__C"": 1.5, ""model__gamma"": 0.04, ""pca__n_components"": 112}",112,1.5,0.04,"{""model__C"": 1.5, ""model__gamma"": 0.04, ""pca__n_components"": 112}",stage3_local_cv,0.75625,0.008829991506224653,23.755,5
stage3_169,stage3_seed_0,"{""model__C"": 2.0, ""model__gamma"": 0.005, ""pca__n_components"": 76}",76,2.0,0.005,"{""model__C"": 2.0, ""model__gamma"": 0.005, ""pca__n_components"": 76}",stage3_local_cv,0.75625,0.005046657309546607,23.931,5
stage3_735,stage3_seed_2,"{""model__C"": 1.5, ""model__gamma"": ""scale"", ""pca__n_components"": 116}",116,1.5,scale,"{""model__C"": 1.5, ""model__gamma"": ""scale"", ""pca__n_components"": 116}",stage3_local_cv,0.75625,0.006434768838116861,24.943,5
stage3_000,stage3_seed_0,"{""model__C"": 2.0, ""model__gamma"": ""scale"", ""pca__n_components"": 60}",60,2.0,scale,"{""model__C"": 2.0, ""model__gamma"": ""scale"", ""pca__n_components"": 60}",stage3_local_cv,0.7561249999999999,0.005382262535402738,21.673000000000002,5
stage3_127,stage3_seed_0,"{""model__C"": 2.0, ""model__gamma"": 0.005, ""pca__n_components"": 72}",72,2.0,0.005,"{""model__C"": 2.0, ""model__gamma"": 0.005, ""pca__n_components"": 72}",stage3_local_cv,0.756,0.005804093383121924,20.903,5
stage3_253,stage3_seed_0,"{""model__C"": 2.0, ""model__gamma"": 0.005, ""pca__n_components"": 84}",84,2.0,0.005,"{""model__C"": 2.0, ""model__gamma"": 0.005, ""pca__n_components"": 84}",stage3_local_cv,0.756,0.00623247543115895,23.352999999999998,5
stage3_740,stage3_seed_2,"{""model__C"": 1.5, ""model__gamma"": 0.04, ""pca__n_components"": 116}",116,1.5,0.04,"{""model__C"": 1.5, ""model__gamma"": 0.04, ""pca__n_components"": 116}",stage3_local_cv,0.756,0.00879097548625863,28.346,5
stage3_211,stage3_seed_0,"{""model__C"": 2.0, ""model__gamma"": 0.005, ""pca__n_components"": 80}",80,2.0,0.005,"{""model__C"": 2.0, ""model__gamma"": 0.005, ""pca__n_components"": 80}",stage3_local_cv,0.755875,0.006257495505391935,20.611,5
stage3_292,stage3_seed_0,"{""model__C"": 12.0, ""model__gamma"": 0.04, ""pca__n_components"": 84}",84,12.0,0.04,"{""model__C"": 12.0, ""model__gamma"": 0.04, ""pca__n_components"": 84}",stage3_local_cv,0.7558749999999999,0.01077178026140523,25.919,5
stage3_862,stage3_seed_2,"{""model__C"": 1.5, ""model__gamma"": 0.005, ""pca__n_components"": 128}",128,1.5,0.005,"{""model__C"": 1.5, ""model__gamma"": 0.005, ""pca__n_components"": 128}",stage3_local_cv,0.755625,0.006287388169979638,24.493000000000002,5
stage3_667,stage3_seed_2,"{""model__C"": 1.5, ""model__gamma"": ""scale"", ""pca__n_components"": 108}",108,1.5,scale,"{""model__C"": 1.5, ""model__gamma"": ""scale"", ""pca__n_components"": 108}",stage3_local_cv,0.755625,0.006249999999999996,25.802,5
stage3_026,stage3_seed_0,"{""model__C"": 6.0, ""model__gamma"": 0.04, ""pca__n_components"": 60}",60,6.0,0.04,"{""model__C"": 6.0, ""model__gamma"": 0.04, ""pca__n_components"": 60}",stage3_local_cv,0.755625,0.00852386356061616,25.815,5
stage3_334,stage3_seed_0,"{""model__C"": 12.0, ""model__gamma"": 0.04, ""pca__n_components"": 88}",88,12.0,0.04,"{""model__C"": 12.0, ""model__gamma"": 0.04, ""pca__n_components"": 88}",stage3_local_cv,0.7555,0.01218605760695397,26.184,5
stage3_778,stage3_seed_2,"{""model__C"": 1.5, ""model__gamma"": 0.005, ""pca__n_components"": 120}",120,1.5,0.005,"{""model__C"": 1.5, ""model__gamma"": 0.005, ""pca__n_components"": 120}",stage3_local_cv,0.755375,0.00568165908868176,26.092,5
stage3_040,stage3_seed_0,"{""model__C"": 12.0, ""model__gamma"": 0.04, ""pca__n_components"": 60}",60,12.0,0.04,"{""model__C"": 12.0, ""model__gamma"": 0.04, ""pca__n_components"": 60}",stage3_local_cv,0.75525,0.007721722605740232,24.19,5
stage3_859,stage3_seed_2,"{""model__C"": 1.0, ""model__gamma"": 0.04, ""pca__n_components"": 128}",128,1.0,0.04,"{""model__C"": 1.0, ""model__gamma"": 0.04, ""pca__n_components"": 128}",stage3_local_cv,0.754875,0.007314369419163896,30.282999999999998,5
stage3_384,stage3_seed_1,"{""model__C"": 6.0, ""model__gamma"": 0.0025, ""pca__n_components"": 92}",92,6.0,0.0025,"{""model__C"": 6.0, ""model__gamma"": 0.0025, ""pca__n_components"": 92}",stage3_local_cv,0.7547499999999999,0.007822243923581024,23.891,5
stage3_043,stage3_seed_0,"{""model__C"": 2.0, ""model__gamma"": 0.005, ""pca__n_components"": 64}",64,2.0,0.005,"{""model__C"": 2.0, ""model__gamma"": 0.005, ""pca__n_components"": 64}",stage3_local_cv,0.754625,0.0074330343736592605,18.182,5
stage3_736,stage3_seed_2,"{""model__C"": 1.5, ""model__gamma"": 0.005, ""pca__n_components"": 116}",116,1.5,0.005,"{""model__C"": 1.5, ""model__gamma"": 0.005, ""pca__n_components"": 116}",stage3_local_cv,0.7545000000000001,0.007185053931599951,23.144000000000002,5
stage3_633,stage3_seed_2,"{""model__C"": 1.5, ""model__gamma"": ""scale"", ""pca__n_components"": 104}",104,1.5,scale,"{""model__C"": 1.5, ""model__gamma"": ""scale"", ""pca__n_components"": 104}",stage3_local_cv,0.754375,0.0057689903796072015,24.393000000000004,5
stage3_420,stage3_seed_1,"{""model__C"": 6.0, ""model__gamma"": 0.0025, ""pca__n_components"": 96}",96,6.0,0.0025,"{""model__C"": 6.0, ""model__gamma"": 0.0025, ""pca__n_components"": 96}",stage3_local_cv,0.754125,0.0069664373965464006,22.371000000000002,5
stage3_817,stage3_seed_2,"{""model__C"": 1.0, ""model__gamma"": 0.04, ""pca__n_components"": 124}",124,1.0,0.04,"{""model__C"": 1.0, ""model__gamma"": 0.04, ""pca__n_components"": 124}",stage3_local_cv,0.7540000000000001,0.008164327896403964,34.429,5
stage3_701,stage3_seed_2,"{""model__C"": 1.5, ""model__gamma"": ""scale"", ""pca__n_components"": 112}",112,1.5,scale,"{""model__C"": 1.5, ""model__gamma"": ""scale"", ""pca__n_components"": 112}",stage3_local_cv,0.7539999999999999,0.007198090024443981,21.39,5
stage3_599,stage3_seed_2,"{""model__C"": 1.5, ""model__gamma"": ""scale"", ""pca__n_components"": 100}",100,1.5,scale,"{""model__C"": 1.5, ""model__gamma"": ""scale"", ""pca__n_components"": 100}",stage3_local_cv,0.7538750000000001,0.005205165703414246,24.032999999999998,5
stage3_775,stage3_seed_2,"{""model__C"": 1.0, ""model__gamma"": 0.04, ""pca__n_components"": 120}",120,1.0,0.04,"{""model__C"": 1.0, ""model__gamma"": 0.04, ""pca__n_components"": 120}",stage3_local_cv,0.753625,0.008481597726843685,30.93,5
stage3_668,stage3_seed_2,"{""model__C"": 1.5, ""model__gamma"": 0.005, ""pca__n_components"": 108}",108,1.5,0.005,"{""model__C"": 1.5, ""model__gamma"": 0.005, ""pca__n_components"": 108}",stage3_local_cv,0.753125,0.006590713163232042,25.134999999999998,5
stage3_085,stage3_seed_0,"{""model__C"": 2.0, ""model__gamma"": 0.005, ""pca__n_components"": 68}",68,2.0,0.005,"{""model__C"": 2.0, ""model__gamma"": 0.005, ""pca__n_components"": 68}",stage3_local_cv,0.75275,0.0072844011421667534,20.419,5
stage3_702,stage3_seed_2,"{""model__C"": 1.5, ""model__gamma"": 0.005, ""pca__n_components"": 112}",112,1.5,0.005,"{""model__C"": 1.5, ""model__gamma"": 0.005, ""pca__n_components"": 112}",stage3_local_cv,0.7525000000000001,0.006937218462755806,25.627,5
stage3_733,stage3_seed_2,"{""model__C"": 1.0, ""model__gamma"": 0.04, ""pca__n_components"": 116}",116,1.0,0.04,"{""model__C"": 1.0, ""model__gamma"": 0.04, ""pca__n_components"": 116}",stage3_local_cv,0.7525000000000001,0.008542174781634953,28.651,5
stage3_634,stage3_seed_2,"{""model__C"": 1.5, ""model__gamma"": 0.005, ""pca__n_components"": 104}",104,1.5,0.005,"{""model__C"": 1.5, ""model__gamma"": 0.005, ""pca__n_components"": 104}",stage3_local_cv,0.752375,0.006116064911362516,24.523999999999997,5
stage3_359,stage3_seed_1,"{""model__C"": 6.0, ""model__gamma"": 0.0025, ""pca__n_components"": 88}",88,6.0,0.0025,"{""model__C"": 6.0, ""model__gamma"": 0.0025, ""pca__n_components"": 88}",stage3_local_cv,0.75225,0.007464499313416815,23.101,5
stage3_699,stage3_seed_2,"{""model__C"": 1.0, ""model__gamma"": 0.04, ""pca__n_components"": 112}",112,1.0,0.04,"{""model__C"": 1.0, ""model__gamma"": 0.04, ""pca__n_components"": 112}",stage3_local_cv,0.752125,0.00869266932535686,29.139999999999997,5
stage3_665,stage3_seed_2,"{""model__C"": 1.0, ""model__gamma"": 0.04, ""pca__n_components"": 108}",108,1.0,0.04,"{""model__C"": 1.0, ""model__gamma"": 0.04, ""pca__n_components"": 108}",stage3_local_cv,0.751375,0.009797958971132692,31.15,5
stage3_600,stage3_seed_2,"{""model__C"": 1.5, ""model__gamma"": 0.005, ""pca__n_components"": 100}",100,1.5,0.005,"{""model__C"": 1.5, ""model__gamma"": 0.005, ""pca__n_components"": 100}",stage3_local_cv,0.75125,0.005981743057002697,22.689999999999998,5
stage3_631,stage3_seed_2,"{""model__C"": 1.0, ""model__gamma"": 0.04, ""pca__n_components"": 104}",104,1.0,0.04,"{""model__C"": 1.0, ""model__gamma"": 0.04, ""pca__n_components"": 104}",stage3_local_cv,0.751,0.009871043511199828,29.974,5
stage3_001,stage3_seed_0,"{""model__C"": 2.0, ""model__gamma"": 0.005, ""pca__n_components"": 60}",60,2.0,0.005,"{""model__C"": 2.0, ""model__gamma"": 0.005, ""pca__n_components"": 60}",stage3_local_cv,0.7503749999999999,0.0055845769759221755,21.14,5
stage3_597,stage3_seed_2,"{""model__C"": 1.0, ""model__gamma"": 0.04, ""pca__n_components"": 100}",100,1.0,0.04,"{""model__C"": 1.0, ""model__gamma"": 0.04, ""pca__n_components"": 100}",stage3_local_cv,0.749625,0.011371565415544169,27.647999999999996,5
stage3_339,stage3_seed_1,"{""model__C"": 6.0, ""model__gamma"": 0.0025, ""pca__n_components"": 84}",84,6.0,0.0025,"{""model__C"": 6.0, ""model__gamma"": 0.0025, ""pca__n_components"": 84}",stage3_local_cv,0.7492500000000001,0.009457140159688893,21.107,5
stage3_558,stage3_seed_1,"{""model__C"": 4.0, ""model__gamma"": 0.0025, ""pca__n_components"": 112}",112,4.0,0.0025,"{""model__C"": 4.0, ""model__gamma"": 0.0025, ""pca__n_components"": 112}",stage3_local_cv,0.74675,0.00909498488179061,24.244999999999997,5
stage3_479,stage3_seed_1,"{""model__C"": 24.0, ""model__gamma"": 0.001, ""pca__n_components"": 100}",100,24.0,0.001,"{""model__C"": 24.0, ""model__gamma"": 0.001, ""pca__n_components"": 100}",stage3_local_cv,0.74625,0.006398241946034876,26.243,5
stage3_443,stage3_seed_1,"{""model__C"": 24.0, ""model__gamma"": 0.001, ""pca__n_components"": 96}",96,24.0,0.001,"{""model__C"": 24.0, ""model__gamma"": 0.001, ""pca__n_components"": 96}",stage3_local_cv,0.7457499999999999,0.009539392014169439,25.043000000000003,5
stage3_515,stage3_seed_1,"{""model__C"": 24.0, ""model__gamma"": 0.001, ""pca__n_components"": 104}",104,24.0,0.001,"{""model__C"": 24.0, ""model__gamma"": 0.001, ""pca__n_components"": 104}",stage3_local_cv,0.745625,0.008042853971072711,27.891,5
stage3_522,stage3_seed_1,"{""model__C"": 4.0, ""model__gamma"": 0.0025, ""pca__n_components"": 108}",108,4.0,0.0025,"{""model__C"": 4.0, ""model__gamma"": 0.0025, ""pca__n_components"": 108}",stage3_local_cv,0.7454999999999999,0.008191077462702952,27.108000000000004,5
stage3_587,stage3_seed_1,"{""model__C"": 24.0, ""model__gamma"": 0.001, ""pca__n_components"": 112}",112,24.0,0.001,"{""model__C"": 24.0, ""model__gamma"": 0.001, ""pca__n_components"": 112}",stage3_local_cv,0.745,0.006892024376045119,27.567999999999998,5
stage3_486,stage3_seed_1,"{""model__C"": 4.0, ""model__gamma"": 0.0025, ""pca__n_components"": 104}",104,4.0,0.0025,"{""model__C"": 4.0, ""model__gamma"": 0.0025, ""pca__n_components"": 104}",stage3_local_cv,0.744375,0.007675040716504373,26.232999999999997,5
stage3_551,stage3_seed_1,"{""model__C"": 24.0, ""model__gamma"": 0.001, ""pca__n_components"": 108}",108,24.0,0.001,"{""model__C"": 24.0, ""model__gamma"": 0.001, ""pca__n_components"": 108}",stage3_local_cv,0.7442500000000001,0.0072284161474004795,29.110999999999997,5
stage3_450,stage3_seed_1,"{""model__C"": 4.0, ""model__gamma"": 0.0025, ""pca__n_components"": 100}",100,4.0,0.0025,"{""model__C"": 4.0, ""model__gamma"": 0.0025, ""pca__n_components"": 100}",stage3_local_cv,0.74425,0.008435416409401512,21.678,5
stage3_371,stage3_seed_1,"{""model__C"": 24.0, ""model__gamma"": 0.001, ""pca__n_components"": 88}",88,24.0,0.001,"{""model__C"": 24.0, ""model__gamma"": 0.001, ""pca__n_components"": 88}",stage3_local_cv,0.744125,0.008087413059810918,26.363999999999997,5
stage3_407,stage3_seed_1,"{""model__C"": 24.0, ""model__gamma"": 0.001, ""pca__n_components"": 92}",92,24.0,0.001,"{""model__C"": 24.0, ""model__gamma"": 0.001, ""pca__n_components"": 92}",stage3_local_cv,0.7436250000000001,0.008681877677092676,29.56,5
stage3_414,stage3_seed_1,"{""model__C"": 4.0, ""model__gamma"": 0.0025, ""pca__n_components"": 96}",96,4.0,0.0025,"{""model__C"": 4.0, ""model__gamma"": 0.0025, ""pca__n_components"": 96}",stage3_local_cv,0.7435,0.010402824135781594,24.630000000000003,5
stage3_357,stage3_seed_1,"{""model__C"": 4.0, ""model__gamma"": 0.0025, ""pca__n_components"": 88}",88,4.0,0.0025,"{""model__C"": 4.0, ""model__gamma"": 0.0025, ""pca__n_components"": 88}",stage3_local_cv,0.7434999999999999,0.010266754599190544,20.970000000000002,5
stage3_854,stage3_seed_2,"{""model__C"": 1.0, ""model__gamma"": ""scale"", ""pca__n_components"": 128}",128,1.0,scale,"{""model__C"": 1.0, ""model__gamma"": ""scale"", ""pca__n_components"": 128}",stage3_local_cv,0.7432500000000001,0.008717797887081337,23.079,5
stage3_855,stage3_seed_2,"{""model__C"": 1.0, ""model__gamma"": 0.005, ""pca__n_components"": 128}",128,1.0,0.005,"{""model__C"": 1.0, ""model__gamma"": 0.005, ""pca__n_components"": 128}",stage3_local_cv,0.74275,0.0085659208495059,23.243,5
stage3_770,stage3_seed_2,"{""model__C"": 1.0, ""model__gamma"": ""scale"", ""pca__n_components"": 120}",120,1.0,scale,"{""model__C"": 1.0, ""model__gamma"": ""scale"", ""pca__n_components"": 120}",stage3_local_cv,0.742125,0.008106710183545486,23.15,5
stage3_812,stage3_seed_2,"{""model__C"": 1.0, ""model__gamma"": ""scale"", ""pca__n_components"": 124}",124,1.0,scale,"{""model__C"": 1.0, ""model__gamma"": ""scale"", ""pca__n_components"": 124}",stage3_local_cv,0.74175,0.006816799102217993,26.508,5
stage3_660,stage3_seed_2,"{""model__C"": 1.0, ""model__gamma"": ""scale"", ""pca__n_components"": 108}",108,1.0,scale,"{""model__C"": 1.0, ""model__gamma"": ""scale"", ""pca__n_components"": 108}",stage3_local_cv,0.741625,0.00806806978155244,25.183,5
stage3_813,stage3_seed_2,"{""model__C"": 1.0, ""model__gamma"": 0.005, ""pca__n_components"": 124}",124,1.0,0.005,"{""model__C"": 1.0, ""model__gamma"": 0.005, ""pca__n_components"": 124}",stage3_local_cv,0.7412500000000001,0.007531185165696004,26.396,5
stage3_771,stage3_seed_2,"{""model__C"": 1.0, ""model__gamma"": 0.005, ""pca__n_components"": 120}",120,1.0,0.005,"{""model__C"": 1.0, ""model__gamma"": 0.005, ""pca__n_components"": 120}",stage3_local_cv,0.741125,0.00853668553948193,25.252000000000002,5
stage3_378,stage3_seed_1,"{""model__C"": 4.0, ""model__gamma"": 0.0025, ""pca__n_components"": 92}",92,4.0,0.0025,"{""model__C"": 4.0, ""model__gamma"": 0.0025, ""pca__n_components"": 92}",stage3_local_cv,0.740875,0.009727538229171866,24.485000000000003,5
stage3_626,stage3_seed_2,"{""model__C"": 1.0, ""model__gamma"": ""scale"", ""pca__n_components"": 104}",104,1.0,scale,"{""model__C"": 1.0, ""model__gamma"": ""scale"", ""pca__n_components"": 104}",stage3_local_cv,0.7406250000000001,0.009108718351118338,23.836000000000002,5
stage3_661,stage3_seed_2,"{""model__C"": 1.0, ""model__gamma"": 0.005, ""pca__n_components"": 108}",108,1.0,0.005,"{""model__C"": 1.0, ""model__gamma"": 0.005, ""pca__n_components"": 108}",stage3_local_cv,0.7406250000000001,0.009642030387838427,25.103,5
stage3_351,stage3_seed_1,"{""model__C"": 24.0, ""model__gamma"": 0.001, ""pca__n_components"": 84}",84,24.0,0.001,"{""model__C"": 24.0, ""model__gamma"": 0.001, ""pca__n_components"": 84}",stage3_local_cv,0.7404999999999999,0.00867287437935082,26.847,5
stage3_592,stage3_seed_2,"{""model__C"": 1.0, ""model__gamma"": ""scale"", ""pca__n_components"": 100}",100,1.0,scale,"{""model__C"": 1.0, ""model__gamma"": ""scale"", ""pca__n_components"": 100}",stage3_local_cv,0.74025,0.0113509360847465,20.419999999999998,5
stage3_695,stage3_seed_2,"{""model__C"": 1.0, ""model__gamma"": 0.005, ""pca__n_components"": 112}",112,1.0,0.005,"{""model__C"": 1.0, ""model__gamma"": 0.005, ""pca__n_components"": 112}",stage3_local_cv,0.74,0.009929438554117744,21.423000000000002,5
stage3_627,stage3_seed_2,"{""model__C"": 1.0, ""model__gamma"": 0.005, ""pca__n_components"": 104}",104,1.0,0.005,"{""model__C"": 1.0, ""model__gamma"": 0.005, ""pca__n_components"": 104}",stage3_local_cv,0.7397500000000001,0.009703414347537676,24.028000000000002,5
stage3_728,stage3_seed_2,"{""model__C"": 1.0, ""model__gamma"": ""scale"", ""pca__n_components"": 116}",116,1.0,scale,"{""model__C"": 1.0, ""model__gamma"": ""scale"", ""pca__n_components"": 116}",stage3_local_cv,0.739625,0.009367496997597593,23.43,5
stage3_694,stage3_seed_2,"{""model__C"": 1.0, ""model__gamma"": ""scale"", ""pca__n_components"": 112}",112,1.0,scale,"{""model__C"": 1.0, ""model__gamma"": ""scale"", ""pca__n_components"": 112}",stage3_local_cv,0.739625,0.009096702699330108,23.992,5
stage3_729,stage3_seed_2,"{""model__C"": 1.0, ""model__gamma"": 0.005, ""pca__n_components"": 116}",116,1.0,0.005,"{""model__C"": 1.0, ""model__gamma"": 0.005, ""pca__n_components"": 116}",stage3_local_cv,0.739,0.009224627363747526,22.485,5
stage3_593,stage3_seed_2,"{""model__C"": 1.0, ""model__gamma"": 0.005, ""pca__n_components"": 100}",100,1.0,0.005,"{""model__C"": 1.0, ""model__gamma"": 0.005, ""pca__n_components"": 100}",stage3_local_cv,0.7382500000000001,0.010985786271359937,22.195999999999998,5
stage3_337,stage3_seed_1,"{""model__C"": 4.0, ""model__gamma"": 0.0025, ""pca__n_components"": 84}",84,4.0,0.0025,"{""model__C"": 4.0, ""model__gamma"": 0.0025, ""pca__n_components"": 84}",stage3_local_cv,0.7381249999999999,0.012431059890451821,22.026,5
stage3_473,stage3_seed_1,"{""model__C"": 16.0, ""model__gamma"": 0.001, ""pca__n_components"": 100}",100,16.0,0.001,"{""model__C"": 16.0, ""model__gamma"": 0.001, ""pca__n_components"": 100}",stage3_local_cv,0.7368750000000001,0.007104136119191406,27.759999999999998,5
stage3_581,stage3_seed_1,"{""model__C"": 16.0, ""model__gamma"": 0.001, ""pca__n_components"": 112}",112,16.0,0.001,"{""model__C"": 16.0, ""model__gamma"": 0.001, ""pca__n_components"": 112}",stage3_local_cv,0.73575,0.009563929631694319,22.894,5
stage3_509,stage3_seed_1,"{""model__C"": 16.0, ""model__gamma"": 0.001, ""pca__n_components"": 104}",104,16.0,0.001,"{""model__C"": 16.0, ""model__gamma"": 0.001, ""pca__n_components"": 104}",stage3_local_cv,0.735375,0.008231038816577203,27.987999999999996,5
stage3_545,stage3_seed_1,"{""model__C"": 16.0, ""model__gamma"": 0.001, ""pca__n_components"": 108}",108,16.0,0.001,"{""model__C"": 16.0, ""model__gamma"": 0.001, ""pca__n_components"": 108}",stage3_local_cv,0.7351249999999999,0.008229140295316404,27.639,5
stage3_365,stage3_seed_1,"{""model__C"": 16.0, ""model__gamma"": 0.001, ""pca__n_components"": 88}",88,16.0,0.001,"{""model__C"": 16.0, ""model__gamma"": 0.001, ""pca__n_components"": 88}",stage3_local_cv,0.7337499999999999,0.010701927396501982,22.445999999999998,5
stage3_401,stage3_seed_1,"{""model__C"": 16.0, ""model__gamma"": 0.001, ""pca__n_components"": 92}",92,16.0,0.001,"{""model__C"": 16.0, ""model__gamma"": 0.001, ""pca__n_components"": 92}",stage3_local_cv,0.7322499999999998,0.009573727069433293,25.645,5
stage3_437,stage3_seed_1,"{""model__C"": 16.0, ""model__gamma"": 0.001, ""pca__n_components"": 96}",96,16.0,0.001,"{""model__C"": 16.0, ""model__gamma"": 0.001, ""pca__n_components"": 96}",stage3_local_cv,0.7317500000000001,0.009604686356149248,25.198,5
stage3_467,stage3_seed_1,"{""model__C"": 12.0, ""model__gamma"": 0.001, ""pca__n_components"": 100}",100,12.0,0.001,"{""model__C"": 12.0, ""model__gamma"": 0.001, ""pca__n_components"": 100}",stage3_local_cv,0.730625,0.010621322893123989,21.91,5
stage3_575,stage3_seed_1,"{""model__C"": 12.0, ""model__gamma"": 0.001, ""pca__n_components"": 112}",112,12.0,0.001,"{""model__C"": 12.0, ""model__gamma"": 0.001, ""pca__n_components"": 112}",stage3_local_cv,0.72975,0.009070901278263363,27.102999999999998,5
stage3_503,stage3_seed_1,"{""model__C"": 12.0, ""model__gamma"": 0.001, ""pca__n_components"": 104}",104,12.0,0.001,"{""model__C"": 12.0, ""model__gamma"": 0.001, ""pca__n_components"": 104}",stage3_local_cv,0.729375,0.01172603939955856,26.502000000000002,5
stage3_345,stage3_seed_1,"{""model__C"": 16.0, ""model__gamma"": 0.001, ""pca__n_components"": 84}",84,16.0,0.001,"{""model__C"": 16.0, ""model__gamma"": 0.001, ""pca__n_components"": 84}",stage3_local_cv,0.728875,0.014072357656057487,22.255000000000003,5
stage3_539,stage3_seed_1,"{""model__C"": 12.0, ""model__gamma"": 0.001, ""pca__n_components"": 108}",108,12.0,0.001,"{""model__C"": 12.0, ""model__gamma"": 0.001, ""pca__n_components"": 108}",stage3_local_cv,0.7286250000000001,0.009365828847464593,27.255000000000003,5
stage3_395,stage3_seed_1,"{""model__C"": 12.0, ""model__gamma"": 0.001, ""pca__n_components"": 92}",92,12.0,0.001,"{""model__C"": 12.0, ""model__gamma"": 0.001, ""pca__n_components"": 92}",stage3_local_cv,0.7272500000000001,0.011072206193889263,24.508000000000003,5
stage3_431,stage3_seed_1,"{""model__C"": 12.0, ""model__gamma"": 0.001, ""pca__n_components"": 96}",96,12.0,0.001,"{""model__C"": 12.0, ""model__gamma"": 0.001, ""pca__n_components"": 96}",stage3_local_cv,0.7264999999999999,0.010713601168608037,21.805000000000003,5
stage3_362,stage3_seed_1,"{""model__C"": 12.0, ""model__gamma"": 0.001, ""pca__n_components"": 88}",88,12.0,0.001,"{""model__C"": 12.0, ""model__gamma"": 0.001, ""pca__n_components"": 88}",stage3_local_cv,0.726375,0.01372953021774599,22.817,5
stage3_342,stage3_seed_1,"{""model__C"": 12.0, ""model__gamma"": 0.001, ""pca__n_components"": 84}",84,12.0,0.001,"{""model__C"": 12.0, ""model__gamma"": 0.001, ""pca__n_components"": 84}",stage3_local_cv,0.723375,0.013905933985173386,20.648999999999997,5
stage3_569,stage3_seed_1,"{""model__C"": 8.0, ""model__gamma"": 0.001, ""pca__n_components"": 112}",112,8.0,0.001,"{""model__C"": 8.0, ""model__gamma"": 0.001, ""pca__n_components"": 112}",stage3_local_cv,0.722,0.012313610356024756,20.912999999999997,5
stage3_497,stage3_seed_1,"{""model__C"": 8.0, ""model__gamma"": 0.001, ""pca__n_components"": 104}",104,8.0,0.001,"{""model__C"": 8.0, ""model__gamma"": 0.001, ""pca__n_components"": 104}",stage3_local_cv,0.7205,0.012533704560105122,23.562,5
stage3_533,stage3_seed_1,"{""model__C"": 8.0, ""model__gamma"": 0.001, ""pca__n_components"": 108}",108,8.0,0.001,"{""model__C"": 8.0, ""model__gamma"": 0.001, ""pca__n_components"": 108}",stage3_local_cv,0.7205,0.010806537373275499,26.864,5
stage3_360,stage3_seed_1,"{""model__C"": 8.0, ""model__gamma"": 0.001, ""pca__n_components"": 88}",88,8.0,0.001,"{""model__C"": 8.0, ""model__gamma"": 0.001, ""pca__n_components"": 88}",stage3_local_cv,0.718625,0.011479601473918867,20.724,5
stage3_006,stage3_seed_0,"{""model__C"": 2.0, ""model__gamma"": 0.08, ""pca__n_components"": 60}",60,2.0,0.08,"{""model__C"": 2.0, ""model__gamma"": 0.08, ""pca__n_components"": 60}",stage3_local_cv,0.7185,0.08304610918038244,24.057000000000002,5
stage3_461,stage3_seed_1,"{""model__C"": 8.0, ""model__gamma"": 0.001, ""pca__n_components"": 100}",100,8.0,0.001,"{""model__C"": 8.0, ""model__gamma"": 0.001, ""pca__n_components"": 100}",stage3_local_cv,0.718,0.013106534629718085,25.364000000000004,5
stage3_389,stage3_seed_1,"{""model__C"": 8.0, ""model__gamma"": 0.001, ""pca__n_components"": 92}",92,8.0,0.001,"{""model__C"": 8.0, ""model__gamma"": 0.001, ""pca__n_components"": 92}",stage3_local_cv,0.7175,0.012593401049756175,26.29,5
stage3_563,stage3_seed_1,"{""model__C"": 6.0, ""model__gamma"": 0.001, ""pca__n_components"": 112}",112,6.0,0.001,"{""model__C"": 6.0, ""model__gamma"": 0.001, ""pca__n_components"": 112}",stage3_local_cv,0.7170000000000001,0.009853616087508158,24.782,5
stage3_425,stage3_seed_1,"{""model__C"": 8.0, ""model__gamma"": 0.001, ""pca__n_components"": 96}",96,8.0,0.001,"{""model__C"": 8.0, ""model__gamma"": 0.001, ""pca__n_components"": 96}",stage3_local_cv,0.716625,0.014067915623858408,20.789,5
stage3_527,stage3_seed_1,"{""model__C"": 6.0, ""model__gamma"": 0.001, ""pca__n_components"": 108}",108,6.0,0.001,"{""model__C"": 6.0, ""model__gamma"": 0.001, ""pca__n_components"": 108}",stage3_local_cv,0.7162499999999999,0.009544304584410537,25.168999999999997,5
stage3_013,stage3_seed_0,"{""model__C"": 3.0, ""model__gamma"": 0.08, ""pca__n_components"": 60}",60,3.0,0.08,"{""model__C"": 3.0, ""model__gamma"": 0.08, ""pca__n_components"": 60}",stage3_local_cv,0.7155,0.08435546070053794,24.725,5
stage3_340,stage3_seed_1,"{""model__C"": 8.0, ""model__gamma"": 0.001, ""pca__n_components"": 84}",84,8.0,0.001,"{""model__C"": 8.0, ""model__gamma"": 0.001, ""pca__n_components"": 84}",stage3_local_cv,0.7151250000000001,0.013407087677791911,21.782999999999998,5
stage3_491,stage3_seed_1,"{""model__C"": 6.0, ""model__gamma"": 0.001, ""pca__n_components"": 104}",104,6.0,0.001,"{""model__C"": 6.0, ""model__gamma"": 0.001, ""pca__n_components"": 104}",stage3_local_cv,0.7145,0.013052777482206604,26.186999999999998,5
stage3_455,stage3_seed_1,"{""model__C"": 6.0, ""model__gamma"": 0.001, ""pca__n_components"": 100}",100,6.0,0.001,"{""model__C"": 6.0, ""model__gamma"": 0.001, ""pca__n_components"": 100}",stage3_local_cv,0.713125,0.011891435994025281,20.854,5
stage3_419,stage3_seed_1,"{""model__C"": 6.0, ""model__gamma"": 0.001, ""pca__n_components"": 96}",96,6.0,0.001,"{""model__C"": 6.0, ""model__gamma"": 0.001, ""pca__n_components"": 96}",stage3_local_cv,0.7125,0.014279574573494809,23.584,5
stage3_020,stage3_seed_0,"{""model__C"": 4.0, ""model__gamma"": 0.08, ""pca__n_components"": 60}",60,4.0,0.08,"{""model__C"": 4.0, ""model__gamma"": 0.08, ""pca__n_components"": 60}",stage3_local_cv,0.711875,0.08418543520110827,23.475,5
stage3_358,stage3_seed_1,"{""model__C"": 6.0, ""model__gamma"": 0.001, ""pca__n_components"": 88}",88,6.0,0.001,"{""model__C"": 6.0, ""model__gamma"": 0.001, ""pca__n_components"": 88}",stage3_local_cv,0.7115,0.011849314326154053,24.576999999999998,5
stage3_383,stage3_seed_1,"{""model__C"": 6.0, ""model__gamma"": 0.001, ""pca__n_components"": 92}",92,6.0,0.001,"{""model__C"": 6.0, ""model__gamma"": 0.001, ""pca__n_components"": 92}",stage3_local_cv,0.7110000000000001,0.012472469683266423,22.578000000000003,5
stage3_338,stage3_seed_1,"{""model__C"": 6.0, ""model__gamma"": 0.001, ""pca__n_components"": 84}",84,6.0,0.001,"{""model__C"": 6.0, ""model__gamma"": 0.001, ""pca__n_components"": 84}",stage3_local_cv,0.7108749999999999,0.01212306685620432,22.537000000000003,5
stage3_557,stage3_seed_1,"{""model__C"": 4.0, ""model__gamma"": 0.001, ""pca__n_components"": 112}",112,4.0,0.001,"{""model__C"": 4.0, ""model__gamma"": 0.001, ""pca__n_components"": 112}",stage3_local_cv,0.7097499999999999,0.011330269193624683,21.794999999999998,5
stage3_027,stage3_seed_0,"{""model__C"": 6.0, ""model__gamma"": 0.08, ""pca__n_components"": 60}",60,6.0,0.08,"{""model__C"": 6.0, ""model__gamma"": 0.08, ""pca__n_components"": 60}",stage3_local_cv,0.70925,0.08475460901921499,21.721,5
stage3_521,stage3_seed_1,"{""model__C"": 4.0, ""model__gamma"": 0.001, ""pca__n_components"": 108}",108,4.0,0.001,"{""model__C"": 4.0, ""model__gamma"": 0.001, ""pca__n_components"": 108}",stage3_local_cv,0.708,0.011411343041027217,23.78,5
stage3_034,stage3_seed_0,"{""model__C"": 8.0, ""model__gamma"": 0.08, ""pca__n_components"": 60}",60,8.0,0.08,"{""model__C"": 8.0, ""model__gamma"": 0.08, ""pca__n_components"": 60}",stage3_local_cv,0.7075,0.08742318056442469,25.281000000000002,5
stage3_485,stage3_seed_1,"{""model__C"": 4.0, ""model__gamma"": 0.001, ""pca__n_components"": 104}",104,4.0,0.001,"{""model__C"": 4.0, ""model__gamma"": 0.001, ""pca__n_components"": 104}",stage3_local_cv,0.707125,0.012634278768493263,22.42,5
stage3_449,stage3_seed_1,"{""model__C"": 4.0, ""model__gamma"": 0.001, ""pca__n_components"": 100}",100,4.0,0.001,"{""model__C"": 4.0, ""model__gamma"": 0.001, ""pca__n_components"": 100}",stage3_local_cv,0.706125,0.01186776095141794,22.259,5
stage3_048,stage3_seed_0,"{""model__C"": 2.0, ""model__gamma"": 0.08, ""pca__n_components"": 64}",64,2.0,0.08,"{""model__C"": 2.0, ""model__gamma"": 0.08, ""pca__n_components"": 64}",stage3_local_cv,0.706,0.08371417144068263,21.473,5
stage3_041,stage3_seed_0,"{""model__C"": 12.0, ""model__gamma"": 0.08, ""pca__n_components"": 60}",60,12.0,0.08,"{""model__C"": 12.0, ""model__gamma"": 0.08, ""pca__n_components"": 60}",stage3_local_cv,0.7053750000000001,0.0886404253148641,24.378,5
stage3_356,stage3_seed_1,"{""model__C"": 4.0, ""model__gamma"": 0.001, ""pca__n_components"": 88}",88,4.0,0.001,"{""model__C"": 4.0, ""model__gamma"": 0.001, ""pca__n_components"": 88}",stage3_local_cv,0.705125,0.012483739423746405,20.985999999999997,5
stage3_377,stage3_seed_1,"{""model__C"": 4.0, ""model__gamma"": 0.001, ""pca__n_components"": 92}",92,4.0,0.001,"{""model__C"": 4.0, ""model__gamma"": 0.001, ""pca__n_components"": 92}",stage3_local_cv,0.705125,0.012792820252000722,24.656,5
stage3_413,stage3_seed_1,"{""model__C"": 4.0, ""model__gamma"": 0.001, ""pca__n_components"": 96}",96,4.0,0.001,"{""model__C"": 4.0, ""model__gamma"": 0.001, ""pca__n_components"": 96}",stage3_local_cv,0.7050000000000001,0.011089127558108458,18.935,5
stage3_055,stage3_seed_0,"{""model__C"": 3.0, ""model__gamma"": 0.08, ""pca__n_components"": 64}",64,3.0,0.08,"{""model__C"": 3.0, ""model__gamma"": 0.08, ""pca__n_components"": 64}",stage3_local_cv,0.705,0.08948027017169762,19.891000000000002,5
stage3_336,stage3_seed_1,"{""model__C"": 4.0, ""model__gamma"": 0.001, ""pca__n_components"": 84}",84,4.0,0.001,"{""model__C"": 4.0, ""model__gamma"": 0.001, ""pca__n_components"": 84}",stage3_local_cv,0.7041250000000001,0.012993988994916068,18.319,5
stage3_062,stage3_seed_0,"{""model__C"": 4.0, ""model__gamma"": 0.08, ""pca__n_components"": 64}",64,4.0,0.08,"{""model__C"": 4.0, ""model__gamma"": 0.08, ""pca__n_components"": 64}",stage3_local_cv,0.701125,0.08995867106621797,19.769,5
stage3_069,stage3_seed_0,"{""model__C"": 6.0, ""model__gamma"": 0.08, ""pca__n_components"": 64}",64,6.0,0.08,"{""model__C"": 6.0, ""model__gamma"": 0.08, ""pca__n_components"": 64}",stage3_local_cv,0.6986249999999999,0.09290401632868196,22.752,5
stage3_076,stage3_seed_0,"{""model__C"": 8.0, ""model__gamma"": 0.08, ""pca__n_components"": 64}",64,8.0,0.08,"{""model__C"": 8.0, ""model__gamma"": 0.08, ""pca__n_components"": 64}",stage3_local_cv,0.69775,0.09421269155480061,20.649,5
stage3_083,stage3_seed_0,"{""model__C"": 12.0, ""model__gamma"": 0.08, ""pca__n_components"": 64}",64,12.0,0.08,"{""model__C"": 12.0, ""model__gamma"": 0.08, ""pca__n_components"": 64}",stage3_local_cv,0.6943750000000001,0.09474719652844615,21.306,5
stage3_104,stage3_seed_0,"{""model__C"": 4.0, ""model__gamma"": 0.08, ""pca__n_components"": 68}",68,4.0,0.08,"{""model__C"": 4.0, ""model__gamma"": 0.08, ""pca__n_components"": 68}",stage3_local_cv,0.69425,0.09464935287681578,22.273999999999997,5
stage3_118,stage3_seed_0,"{""model__C"": 8.0, ""model__gamma"": 0.08, ""pca__n_components"": 68}",68,8.0,0.08,"{""model__C"": 8.0, ""model__gamma"": 0.08, ""pca__n_components"": 68}",stage3_local_cv,0.694,0.09874651892598545,22.651,5
stage3_111,stage3_seed_0,"{""model__C"": 6.0, ""model__gamma"": 0.08, ""pca__n_components"": 68}",68,6.0,0.08,"{""model__C"": 6.0, ""model__gamma"": 0.08, ""pca__n_components"": 68}",stage3_local_cv,0.6935,0.0968339429125965,22.405,5
stage3_097,stage3_seed_0,"{""model__C"": 3.0, ""model__gamma"": 0.08, ""pca__n_components"": 68}",68,3.0,0.08,"{""model__C"": 3.0, ""model__gamma"": 0.08, ""pca__n_components"": 68}",stage3_local_cv,0.691875,0.0907632566075061,22.57,5
stage3_090,stage3_seed_0,"{""model__C"": 2.0, ""model__gamma"": 0.08, ""pca__n_components"": 68}",68,2.0,0.08,"{""model__C"": 2.0, ""model__gamma"": 0.08, ""pca__n_components"": 68}",stage3_local_cv,0.6901249999999999,0.08499393360705221,21.247999999999998,5
stage3_125,stage3_seed_0,"{""model__C"": 12.0, ""model__gamma"": 0.08, ""pca__n_components"": 68}",68,12.0,0.08,"{""model__C"": 12.0, ""model__gamma"": 0.08, ""pca__n_components"": 68}",stage3_local_cv,0.6892499999999999,0.09826733307666387,22.787,5
stage3_139,stage3_seed_0,"{""model__C"": 3.0, ""model__gamma"": 0.08, ""pca__n_components"": 72}",72,3.0,0.08,"{""model__C"": 3.0, ""model__gamma"": 0.08, ""pca__n_components"": 72}",stage3_local_cv,0.66975,0.0777502009643705,24.001999999999995,5
stage3_146,stage3_seed_0,"{""model__C"": 4.0, ""model__gamma"": 0.08, ""pca__n_components"": 72}",72,4.0,0.08,"{""model__C"": 4.0, ""model__gamma"": 0.08, ""pca__n_components"": 72}",stage3_local_cv,0.66875,0.0774949595135064,23.273,5
stage3_132,stage3_seed_0,"{""model__C"": 2.0, ""model__gamma"": 0.08, ""pca__n_components"": 72}",72,2.0,0.08,"{""model__C"": 2.0, ""model__gamma"": 0.08, ""pca__n_components"": 72}",stage3_local_cv,0.6677500000000001,0.07329797916723214,24.788999999999998,5
stage3_153,stage3_seed_0,"{""model__C"": 6.0, ""model__gamma"": 0.08, ""pca__n_components"": 72}",72,6.0,0.08,"{""model__C"": 6.0, ""model__gamma"": 0.08, ""pca__n_components"": 72}",stage3_local_cv,0.667375,0.0812609607991439,23.529000000000003,5
stage3_160,stage3_seed_0,"{""model__C"": 8.0, ""model__gamma"": 0.08, ""pca__n_components"": 72}",72,8.0,0.08,"{""model__C"": 8.0, ""model__gamma"": 0.08, ""pca__n_components"": 72}",stage3_local_cv,0.6645,0.07872956083962364,23.969,5
stage3_167,stage3_seed_0,"{""model__C"": 12.0, ""model__gamma"": 0.08, ""pca__n_components"": 72}",72,12.0,0.08,"{""model__C"": 12.0, ""model__gamma"": 0.08, ""pca__n_components"": 72}",stage3_local_cv,0.6512499999999999,0.06716467635595365,25.017,5
stage3_265,stage3_seed_0,"{""model__C"": 3.0, ""model__gamma"": 0.08, ""pca__n_components"": 84}",84,3.0,0.08,"{""model__C"": 3.0, ""model__gamma"": 0.08, ""pca__n_components"": 84}",stage3_local_cv,0.648,0.08875475339383238,21.804,5
stage3_258,stage3_seed_0,"{""model__C"": 2.0, ""model__gamma"": 0.08, ""pca__n_components"": 84}",84,2.0,0.08,"{""model__C"": 2.0, ""model__gamma"": 0.08, ""pca__n_components"": 84}",stage3_local_cv,0.6447499999999999,0.07707403097023019,24.461999999999996,5
stage3_181,stage3_seed_0,"{""model__C"": 3.0, ""model__gamma"": 0.08, ""pca__n_components"": 76}",76,3.0,0.08,"{""model__C"": 3.0, ""model__gamma"": 0.08, ""pca__n_components"": 76}",stage3_local_cv,0.64275,0.060400486339101625,24.575000000000003,5
stage3_195,stage3_seed_0,"{""model__C"": 6.0, ""model__gamma"": 0.08, ""pca__n_components"": 76}",76,6.0,0.08,"{""model__C"": 6.0, ""model__gamma"": 0.08, ""pca__n_components"": 76}",stage3_local_cv,0.64225,0.06409295008033254,25.041,5
stage3_174,stage3_seed_0,"{""model__C"": 2.0, ""model__gamma"": 0.08, ""pca__n_components"": 76}",76,2.0,0.08,"{""model__C"": 2.0, ""model__gamma"": 0.08, ""pca__n_components"": 76}",stage3_local_cv,0.642,0.05549971846775443,26.491,5
stage3_272,stage3_seed_0,"{""model__C"": 4.0, ""model__gamma"": 0.08, ""pca__n_components"": 84}",84,4.0,0.08,"{""model__C"": 4.0, ""model__gamma"": 0.08, ""pca__n_components"": 84}",stage3_local_cv,0.6415,0.08286151851130896,26.976999999999997,5
stage3_202,stage3_seed_0,"{""model__C"": 8.0, ""model__gamma"": 0.08, ""pca__n_components"": 76}",76,8.0,0.08,"{""model__C"": 8.0, ""model__gamma"": 0.08, ""pca__n_components"": 76}",stage3_local_cv,0.641375,0.06331888541343729,27.048000000000002,5
stage3_188,stage3_seed_0,"{""model__C"": 4.0, ""model__gamma"": 0.08, ""pca__n_components"": 76}",76,4.0,0.08,"{""model__C"": 4.0, ""model__gamma"": 0.08, ""pca__n_components"": 76}",stage3_local_cv,0.64125,0.06107756339278769,24.284,5
stage3_300,stage3_seed_0,"{""model__C"": 2.0, ""model__gamma"": 0.08, ""pca__n_components"": 88}",88,2.0,0.08,"{""model__C"": 2.0, ""model__gamma"": 0.08, ""pca__n_components"": 88}",stage3_local_cv,0.637875,0.057620254685310075,27.125,5
stage3_307,stage3_seed_0,"{""model__C"": 3.0, ""model__gamma"": 0.08, ""pca__n_components"": 88}",88,3.0,0.08,"{""model__C"": 3.0, ""model__gamma"": 0.08, ""pca__n_components"": 88}",stage3_local_cv,0.636875,0.05811626278418116,23.038000000000004,5
stage3_209,stage3_seed_0,"{""model__C"": 12.0, ""model__gamma"": 0.08, ""pca__n_components"": 76}",76,12.0,0.08,"{""model__C"": 12.0, ""model__gamma"": 0.08, ""pca__n_components"": 76}",stage3_local_cv,0.6315,0.0578556933239936,28.08,5
stage3_216,stage3_seed_0,"{""model__C"": 2.0, ""model__gamma"": 0.08, ""pca__n_components"": 80}",80,2.0,0.08,"{""model__C"": 2.0, ""model__gamma"": 0.08, ""pca__n_components"": 80}",stage3_local_cv,0.626375,0.04481280508961693,19.889,5
stage3_223,stage3_seed_0,"{""model__C"": 3.0, ""model__gamma"": 0.08, ""pca__n_components"": 80}",80,3.0,0.08,"{""model__C"": 3.0, ""model__gamma"": 0.08, ""pca__n_components"": 80}",stage3_local_cv,0.626375,0.04691981191351901,24.566,5
stage3_314,stage3_seed_0,"{""model__C"": 4.0, ""model__gamma"": 0.08, ""pca__n_components"": 88}",88,4.0,0.08,"{""model__C"": 4.0, ""model__gamma"": 0.08, ""pca__n_components"": 88}",stage3_local_cv,0.6245,0.050848119434252444,23.731,5
stage3_230,stage3_seed_0,"{""model__C"": 4.0, ""model__gamma"": 0.08, ""pca__n_components"": 80}",80,4.0,0.08,"{""model__C"": 4.0, ""model__gamma"": 0.08, ""pca__n_components"": 80}",stage3_local_cv,0.624125,0.04936566367425846,21.429,5
stage3_279,stage3_seed_0,"{""model__C"": 6.0, ""model__gamma"": 0.08, ""pca__n_components"": 84}",84,6.0,0.08,"{""model__C"": 6.0, ""model__gamma"": 0.08, ""pca__n_components"": 84}",stage3_local_cv,0.6224999999999999,0.0620785792363195,23.958999999999996,5
stage3_237,stage3_seed_0,"{""model__C"": 6.0, ""model__gamma"": 0.08, ""pca__n_components"": 80}",80,6.0,0.08,"{""model__C"": 6.0, ""model__gamma"": 0.08, ""pca__n_components"": 80}",stage3_local_cv,0.621,0.04900191322795466,24.241999999999997,5
stage3_244,stage3_seed_0,"{""model__C"": 8.0, ""model__gamma"": 0.08, ""pca__n_components"": 80}",80,8.0,0.08,"{""model__C"": 8.0, ""model__gamma"": 0.08, ""pca__n_components"": 80}",stage3_local_cv,0.6163749999999999,0.045746243015137314,21.523,5
stage3_612,stage3_seed_2,"{""model__C"": 2.0, ""model__gamma"": 0.08, ""pca__n_components"": 100}",100,2.0,0.08,"{""model__C"": 2.0, ""model__gamma"": 0.08, ""pca__n_components"": 100}",stage3_local_cv,0.61125,0.044621673545486816,26.625999999999998,5
stage3_251,stage3_seed_0,"{""model__C"": 12.0, ""model__gamma"": 0.08, ""pca__n_components"": 80}",80,12.0,0.08,"{""model__C"": 12.0, ""model__gamma"": 0.08, ""pca__n_components"": 80}",stage3_local_cv,0.6105,0.04265669642623536,22.888999999999996,5
stage3_286,stage3_seed_0,"{""model__C"": 8.0, ""model__gamma"": 0.08, ""pca__n_components"": 84}",84,8.0,0.08,"{""model__C"": 8.0, ""model__gamma"": 0.08, ""pca__n_components"": 84}",stage3_local_cv,0.610125,0.04906054932427886,21.334,5
stage3_321,stage3_seed_0,"{""model__C"": 6.0, ""model__gamma"": 0.08, ""pca__n_components"": 88}",88,6.0,0.08,"{""model__C"": 6.0, ""model__gamma"": 0.08, ""pca__n_components"": 88}",stage3_local_cv,0.609875,0.04255584566190642,26.093,5
stage3_605,stage3_seed_2,"{""model__C"": 1.5, ""model__gamma"": 0.08, ""pca__n_components"": 100}",100,1.5,0.08,"{""model__C"": 1.5, ""model__gamma"": 0.08, ""pca__n_components"": 100}",stage3_local_cv,0.609125,0.040711638385110466,25.202,5
stage3_619,stage3_seed_2,"{""model__C"": 3.0, ""model__gamma"": 0.08, ""pca__n_components"": 100}",100,3.0,0.08,"{""model__C"": 3.0, ""model__gamma"": 0.08, ""pca__n_components"": 100}",stage3_local_cv,0.606625,0.04379569042725551,24.825,5
stage3_646,stage3_seed_2,"{""model__C"": 2.0, ""model__gamma"": 0.08, ""pca__n_components"": 104}",104,2.0,0.08,"{""model__C"": 2.0, ""model__gamma"": 0.08, ""pca__n_components"": 104}",stage3_local_cv,0.60475,0.04147212919540061,27.535999999999998,5
stage3_639,stage3_seed_2,"{""model__C"": 1.5, ""model__gamma"": 0.08, ""pca__n_components"": 104}",104,1.5,0.08,"{""model__C"": 1.5, ""model__gamma"": 0.08, ""pca__n_components"": 104}",stage3_local_cv,0.604125,0.038795537758871186,27.147999999999996,5
stage3_653,stage3_seed_2,"{""model__C"": 3.0, ""model__gamma"": 0.08, ""pca__n_components"": 104}",104,3.0,0.08,"{""model__C"": 3.0, ""model__gamma"": 0.08, ""pca__n_components"": 104}",stage3_local_cv,0.6014999999999999,0.0418359892915179,27.827,5
stage3_680,stage3_seed_2,"{""model__C"": 2.0, ""model__gamma"": 0.08, ""pca__n_components"": 108}",108,2.0,0.08,"{""model__C"": 2.0, ""model__gamma"": 0.08, ""pca__n_components"": 108}",stage3_local_cv,0.600375,0.040104550863960545,29.871000000000002,5
stage3_673,stage3_seed_2,"{""model__C"": 1.5, ""model__gamma"": 0.08, ""pca__n_components"": 108}",108,1.5,0.08,"{""model__C"": 1.5, ""model__gamma"": 0.08, ""pca__n_components"": 108}",stage3_local_cv,0.5995000000000001,0.03797902381578548,29.085,5
stage3_622,stage3_seed_2,"{""model__C"": 4.0, ""model__gamma"": 0.08, ""pca__n_components"": 100}",100,4.0,0.08,"{""model__C"": 4.0, ""model__gamma"": 0.08, ""pca__n_components"": 100}",stage3_local_cv,0.59925,0.039030036510359585,25.618,5
stage3_293,stage3_seed_0,"{""model__C"": 12.0, ""model__gamma"": 0.08, ""pca__n_components"": 84}",84,12.0,0.08,"{""model__C"": 12.0, ""model__gamma"": 0.08, ""pca__n_components"": 84}",stage3_local_cv,0.5979999999999999,0.041286726075095856,24.38,5
stage3_328,stage3_seed_0,"{""model__C"": 8.0, ""model__gamma"": 0.08, ""pca__n_components"": 88}",88,8.0,0.08,"{""model__C"": 8.0, ""model__gamma"": 0.08, ""pca__n_components"": 88}",stage3_local_cv,0.5974999999999999,0.03306480379497209,27.067,5
stage3_687,stage3_seed_2,"{""model__C"": 3.0, ""model__gamma"": 0.08, ""pca__n_components"": 108}",108,3.0,0.08,"{""model__C"": 3.0, ""model__gamma"": 0.08, ""pca__n_components"": 108}",stage3_local_cv,0.5967499999999999,0.03981088105028573,30.756,5
stage3_707,stage3_seed_2,"{""model__C"": 1.5, ""model__gamma"": 0.08, ""pca__n_components"": 112}",112,1.5,0.08,"{""model__C"": 1.5, ""model__gamma"": 0.08, ""pca__n_components"": 112}",stage3_local_cv,0.596125,0.037656755701998536,28.986,5
stage3_714,stage3_seed_2,"{""model__C"": 2.0, ""model__gamma"": 0.08, ""pca__n_components"": 112}",112,2.0,0.08,"{""model__C"": 2.0, ""model__gamma"": 0.08, ""pca__n_components"": 112}",stage3_local_cv,0.596,0.039279845340836075,25.275000000000002,5
stage3_656,stage3_seed_2,"{""model__C"": 4.0, ""model__gamma"": 0.08, ""pca__n_components"": 104}",104,4.0,0.08,"{""model__C"": 4.0, ""model__gamma"": 0.08, ""pca__n_components"": 104}",stage3_local_cv,0.5947500000000001,0.037646796012409896,28.843,5
stage3_721,stage3_seed_2,"{""model__C"": 3.0, ""model__gamma"": 0.08, ""pca__n_components"": 112}",112,3.0,0.08,"{""model__C"": 3.0, ""model__gamma"": 0.08, ""pca__n_components"": 112}",stage3_local_cv,0.5940000000000001,0.039938624788542765,23.314,5
stage3_748,stage3_seed_2,"{""model__C"": 2.0, ""model__gamma"": 0.08, ""pca__n_components"": 116}",116,2.0,0.08,"{""model__C"": 2.0, ""model__gamma"": 0.08, ""pca__n_components"": 116}",stage3_local_cv,0.593125,0.03931443755161708,27.96,5
stage3_741,stage3_seed_2,"{""model__C"": 1.5, ""model__gamma"": 0.08, ""pca__n_components"": 116}",116,1.5,0.08,"{""model__C"": 1.5, ""model__gamma"": 0.08, ""pca__n_components"": 116}",stage3_local_cv,0.591875,0.03669340880866754,27.150000000000002,5
stage3_755,stage3_seed_2,"{""model__C"": 3.0, ""model__gamma"": 0.08, ""pca__n_components"": 116}",116,3.0,0.08,"{""model__C"": 3.0, ""model__gamma"": 0.08, ""pca__n_components"": 116}",stage3_local_cv,0.5900000000000001,0.038154701545156926,28.403,5
stage3_690,stage3_seed_2,"{""model__C"": 4.0, ""model__gamma"": 0.08, ""pca__n_components"": 108}",108,4.0,0.08,"{""model__C"": 4.0, ""model__gamma"": 0.08, ""pca__n_components"": 108}",stage3_local_cv,0.58975,0.0345927196097676,29.971,5
stage3_790,stage3_seed_2,"{""model__C"": 2.0, ""model__gamma"": 0.08, ""pca__n_components"": 120}",120,2.0,0.08,"{""model__C"": 2.0, ""model__gamma"": 0.08, ""pca__n_components"": 120}",stage3_local_cv,0.58925,0.03598480582134633,29.094,5
stage3_625,stage3_seed_2,"{""model__C"": 6.0, ""model__gamma"": 0.08, ""pca__n_components"": 100}",100,6.0,0.08,"{""model__C"": 6.0, ""model__gamma"": 0.08, ""pca__n_components"": 100}",stage3_local_cv,0.5863750000000001,0.031017636112379707,25.868000000000002,5
stage3_783,stage3_seed_2,"{""model__C"": 1.5, ""model__gamma"": 0.08, ""pca__n_components"": 120}",120,1.5,0.08,"{""model__C"": 1.5, ""model__gamma"": 0.08, ""pca__n_components"": 120}",stage3_local_cv,0.586375,0.032087283306631006,29.018,5
stage3_724,stage3_seed_2,"{""model__C"": 4.0, ""model__gamma"": 0.08, ""pca__n_components"": 112}",112,4.0,0.08,"{""model__C"": 4.0, ""model__gamma"": 0.08, ""pca__n_components"": 112}",stage3_local_cv,0.585625,0.03280148624681509,25.232000000000003,5
stage3_797,stage3_seed_2,"{""model__C"": 3.0, ""model__gamma"": 0.08, ""pca__n_components"": 120}",120,3.0,0.08,"{""model__C"": 3.0, ""model__gamma"": 0.08, ""pca__n_components"": 120}",stage3_local_cv,0.5842499999999999,0.03376481156470446,29.131999999999998,5
stage3_832,stage3_seed_2,"{""model__C"": 2.0, ""model__gamma"": 0.08, ""pca__n_components"": 124}",124,2.0,0.08,"{""model__C"": 2.0, ""model__gamma"": 0.08, ""pca__n_components"": 124}",stage3_local_cv,0.5842499999999999,0.03196042474686466,32.544000000000004,5
stage3_335,stage3_seed_0,"{""model__C"": 12.0, ""model__gamma"": 0.08, ""pca__n_components"": 88}",88,12.0,0.08,"{""model__C"": 12.0, ""model__gamma"": 0.08, ""pca__n_components"": 88}",stage3_local_cv,0.5825,0.0229707694690448,27.996000000000002,5
stage3_659,stage3_seed_2,"{""model__C"": 6.0, ""model__gamma"": 0.08, ""pca__n_components"": 104}",104,6.0,0.08,"{""model__C"": 6.0, ""model__gamma"": 0.08, ""pca__n_components"": 104}",stage3_local_cv,0.5824999999999999,0.029482516005253017,28.352,5
stage3_825,stage3_seed_2,"{""model__C"": 1.5, ""model__gamma"": 0.08, ""pca__n_components"": 124}",124,1.5,0.08,"{""model__C"": 1.5, ""model__gamma"": 0.08, ""pca__n_components"": 124}",stage3_local_cv,0.5823750000000001,0.030504610307296162,30.220999999999997,5
stage3_762,stage3_seed_2,"{""model__C"": 4.0, ""model__gamma"": 0.08, ""pca__n_components"": 116}",116,4.0,0.08,"{""model__C"": 4.0, ""model__gamma"": 0.08, ""pca__n_components"": 116}",stage3_local_cv,0.5821249999999999,0.032260172814168216,29.301000000000002,5
stage3_839,stage3_seed_2,"{""model__C"": 3.0, ""model__gamma"": 0.08, ""pca__n_components"": 124}",124,3.0,0.08,"{""model__C"": 3.0, ""model__gamma"": 0.08, ""pca__n_components"": 124}",stage3_local_cv,0.5795,0.031452841684019586,31.304000000000002,5
stage3_804,stage3_seed_2,"{""model__C"": 4.0, ""model__gamma"": 0.08, ""pca__n_components"": 120}",120,4.0,0.08,"{""model__C"": 4.0, ""model__gamma"": 0.08, ""pca__n_components"": 120}",stage3_local_cv,0.579125,0.03033047147671795,28.192999999999998,5
stage3_598,stage3_seed_2,"{""model__C"": 1.0, ""model__gamma"": 0.08, ""pca__n_components"": 100}",100,1.0,0.08,"{""model__C"": 1.0, ""model__gamma"": 0.08, ""pca__n_components"": 100}",stage3_local_cv,0.5790000000000001,0.03186789136419292,29.618000000000002,5
stage3_874,stage3_seed_2,"{""model__C"": 2.0, ""model__gamma"": 0.08, ""pca__n_components"": 128}",128,2.0,0.08,"{""model__C"": 2.0, ""model__gamma"": 0.08, ""pca__n_components"": 128}",stage3_local_cv,0.578875,0.02928950323921525,28.842,5
stage3_867,stage3_seed_2,"{""model__C"": 1.5, ""model__gamma"": 0.08, ""pca__n_components"": 128}",128,1.5,0.08,"{""model__C"": 1.5, ""model__gamma"": 0.08, ""pca__n_components"": 128}",stage3_local_cv,0.57825,0.027515336632503704,27.446,5
stage3_693,stage3_seed_2,"{""model__C"": 6.0, ""model__gamma"": 0.08, ""pca__n_components"": 108}",108,6.0,0.08,"{""model__C"": 6.0, ""model__gamma"": 0.08, ""pca__n_components"": 108}",stage3_local_cv,0.5777500000000001,0.027851727953575885,28.633,5
stage3_632,stage3_seed_2,"{""model__C"": 1.0, ""model__gamma"": 0.08, ""pca__n_components"": 104}",104,1.0,0.08,"{""model__C"": 1.0, ""model__gamma"": 0.08, ""pca__n_components"": 104}",stage3_local_cv,0.5767499999999999,0.030858548248418948,32.606,5
stage3_727,stage3_seed_2,"{""model__C"": 6.0, ""model__gamma"": 0.08, ""pca__n_components"": 112}",112,6.0,0.08,"{""model__C"": 6.0, ""model__gamma"": 0.08, ""pca__n_components"": 112}",stage3_local_cv,0.5765,0.02715867725055845,28.275,5
stage3_881,stage3_seed_2,"{""model__C"": 3.0, ""model__gamma"": 0.08, ""pca__n_components"": 128}",128,3.0,0.08,"{""model__C"": 3.0, ""model__gamma"": 0.08, ""pca__n_components"": 128}",stage3_local_cv,0.5751250000000001,0.028227313899838246,30.238,5
stage3_846,stage3_seed_2,"{""model__C"": 4.0, ""model__gamma"": 0.08, ""pca__n_components"": 124}",124,4.0,0.08,"{""model__C"": 4.0, ""model__gamma"": 0.08, ""pca__n_components"": 124}",stage3_local_cv,0.5742499999999999,0.028080242164197924,29.939,5
stage3_666,stage3_seed_2,"{""model__C"": 1.0, ""model__gamma"": 0.08, ""pca__n_components"": 108}",108,1.0,0.08,"{""model__C"": 1.0, ""model__gamma"": 0.08, ""pca__n_components"": 108}",stage3_local_cv,0.572625,0.02839289083555952,34.161,5
stage3_769,stage3_seed_2,"{""model__C"": 6.0, ""model__gamma"": 0.08, ""pca__n_components"": 116}",116,6.0,0.08,"{""model__C"": 6.0, ""model__gamma"": 0.08, ""pca__n_components"": 116}",stage3_local_cv,0.572125,0.026889821494387064,27.968,5
stage3_888,stage3_seed_2,"{""model__C"": 4.0, ""model__gamma"": 0.08, ""pca__n_components"": 128}",128,4.0,0.08,"{""model__C"": 4.0, ""model__gamma"": 0.08, ""pca__n_components"": 128}",stage3_local_cv,0.569625,0.026260712100017364,30.639,5
stage3_700,stage3_seed_2,"{""model__C"": 1.0, ""model__gamma"": 0.08, ""pca__n_components"": 112}",112,1.0,0.08,"{""model__C"": 1.0, ""model__gamma"": 0.08, ""pca__n_components"": 112}",stage3_local_cv,0.568875,0.026947286505323662,30.782999999999998,5
stage3_811,stage3_seed_2,"{""model__C"": 6.0, ""model__gamma"": 0.08, ""pca__n_components"": 120}",120,6.0,0.08,"{""model__C"": 6.0, ""model__gamma"": 0.08, ""pca__n_components"": 120}",stage3_local_cv,0.56775,0.02511411455735598,28.816,5
stage3_734,stage3_seed_2,"{""model__C"": 1.0, ""model__gamma"": 0.08, ""pca__n_components"": 116}",116,1.0,0.08,"{""model__C"": 1.0, ""model__gamma"": 0.08, ""pca__n_components"": 116}",stage3_local_cv,0.565625,0.027084935850025568,33.012,5
stage3_853,stage3_seed_2,"{""model__C"": 6.0, ""model__gamma"": 0.08, ""pca__n_components"": 124}",124,6.0,0.08,"{""model__C"": 6.0, ""model__gamma"": 0.08, ""pca__n_components"": 124}",stage3_local_cv,0.5648749999999999,0.023386694935368706,30.969,5
stage3_776,stage3_seed_2,"{""model__C"": 1.0, ""model__gamma"": 0.08, ""pca__n_components"": 120}",120,1.0,0.08,"{""model__C"": 1.0, ""model__gamma"": 0.08, ""pca__n_components"": 120}",stage3_local_cv,0.56125,0.025559367167439794,33.391999999999996,5
stage3_895,stage3_seed_2,"{""model__C"": 6.0, ""model__gamma"": 0.08, ""pca__n_components"": 128}",128,6.0,0.08,"{""model__C"": 6.0, ""model__gamma"": 0.08, ""pca__n_components"": 128}",stage3_local_cv,0.5602499999999999,0.020396844118637562,30.04,5
stage3_818,stage3_seed_2,"{""model__C"": 1.0, ""model__gamma"": 0.08, ""pca__n_components"": 124}",124,1.0,0.08,"{""model__C"": 1.0, ""model__gamma"": 0.08, ""pca__n_components"": 124}",stage3_local_cv,0.559125,0.024356082402554005,33.452,5
stage3_860,stage3_seed_2,"{""model__C"": 1.0, ""model__gamma"": 0.08, ""pca__n_components"": 128}",128,1.0,0.08,"{""model__C"": 1.0, ""model__gamma"": 0.08, ""pca__n_components"": 128}",stage3_local_cv,0.5565,0.02319280599668785,32.213,5
