candidate_id,source,signature,pca__n_components,model__C,model__gamma,params_json,stage,fold_idx,fold_accuracy,fit_seconds
stage3_000,stage3_seed_0,"{""model__C"": 2.0, ""model__gamma"": ""scale"", ""pca__n_components"": 60}",60,2.0,scale,"{""model__C"": 2.0, ""model__gamma"": ""scale"", ""pca__n_components"": 60}",stage3_local_cv,0,0.763125,5.013
stage3_000,stage3_seed_0,"{""model__C"": 2.0, ""model__gamma"": ""scale"", ""pca__n_components"": 60}",60,2.0,scale,"{""model__C"": 2.0, ""model__gamma"": ""scale"", ""pca__n_components"": 60}",stage3_local_cv,1,0.7575,3.981
stage3_000,stage3_seed_0,"{""model__C"": 2.0, ""model__gamma"": ""scale"", ""pca__n_components"": 60}",60,2.0,scale,"{""model__C"": 2.0, ""model__gamma"": ""scale"", ""pca__n_components"": 60}",stage3_local_cv,2,0.7475,3.965
stage3_000,stage3_seed_0,"{""model__C"": 2.0, ""model__gamma"": ""scale"", ""pca__n_components"": 60}",60,2.0,scale,"{""model__C"": 2.0, ""model__gamma"": ""scale"", ""pca__n_components"": 60}",stage3_local_cv,3,0.759375,4.765
stage3_000,stage3_seed_0,"{""model__C"": 2.0, ""model__gamma"": ""scale"", ""pca__n_components"": 60}",60,2.0,scale,"{""model__C"": 2.0, ""model__gamma"": ""scale"", ""pca__n_components"": 60}",stage3_local_cv,4,0.753125,3.949
stage3_001,stage3_seed_0,"{""model__C"": 2.0, ""model__gamma"": 0.005, ""pca__n_components"": 60}",60,2.0,0.005,"{""model__C"": 2.0, ""model__gamma"": 0.005, ""pca__n_components"": 60}",stage3_local_cv,0,0.7575,4.166
stage3_001,stage3_seed_0,"{""model__C"": 2.0, ""model__gamma"": 0.005, ""pca__n_components"": 60}",60,2.0,0.005,"{""model__C"": 2.0, ""model__gamma"": 0.005, ""pca__n_components"": 60}",stage3_local_cv,1,0.7525,3.972
stage3_001,stage3_seed_0,"{""model__C"": 2.0, ""model__gamma"": 0.005, ""pca__n_components"": 60}",60,2.0,0.005,"{""model__C"": 2.0, ""model__gamma"": 0.005, ""pca__n_components"": 60}",stage3_local_cv,2,0.741875,4.555
stage3_001,stage3_seed_0,"{""model__C"": 2.0, ""model__gamma"": 0.005, ""pca__n_components"": 60}",60,2.0,0.005,"{""model__C"": 2.0, ""model__gamma"": 0.005, ""pca__n_components"": 60}",stage3_local_cv,3,0.75375,4.584
stage3_001,stage3_seed_0,"{""model__C"": 2.0, ""model__gamma"": 0.005, ""pca__n_components"": 60}",60,2.0,0.005,"{""model__C"": 2.0, ""model__gamma"": 0.005, ""pca__n_components"": 60}",stage3_local_cv,4,0.74625,3.863
stage3_002,stage3_seed_0,"{""model__C"": 2.0, ""model__gamma"": 0.01, ""pca__n_components"": 60}",60,2.0,0.01,"{""model__C"": 2.0, ""model__gamma"": 0.01, ""pca__n_components"": 60}",stage3_local_cv,0,0.798125,4.367
stage3_002,stage3_seed_0,"{""model__C"": 2.0, ""model__gamma"": 0.01, ""pca__n_components"": 60}",60,2.0,0.01,"{""model__C"": 2.0, ""model__gamma"": 0.01, ""pca__n_components"": 60}",stage3_local_cv,1,0.793125,5.646
stage3_002,stage3_seed_0,"{""model__C"": 2.0, ""model__gamma"": 0.01, ""pca__n_components"": 60}",60,2.0,0.01,"{""model__C"": 2.0, ""model__gamma"": 0.01, ""pca__n_components"": 60}",stage3_local_cv,2,0.783125,5.146
stage3_002,stage3_seed_0,"{""model__C"": 2.0, ""model__gamma"": 0.01, ""pca__n_components"": 60}",60,2.0,0.01,"{""model__C"": 2.0, ""model__gamma"": 0.01, ""pca__n_components"": 60}",stage3_local_cv,3,0.78875,4.449
stage3_002,stage3_seed_0,"{""model__C"": 2.0, ""model__gamma"": 0.01, ""pca__n_components"": 60}",60,2.0,0.01,"{""model__C"": 2.0, ""model__gamma"": 0.01, ""pca__n_components"": 60}",stage3_local_cv,4,0.788125,5.741
stage3_003,stage3_seed_0,"{""model__C"": 2.0, ""model__gamma"": 0.02, ""pca__n_components"": 60}",60,2.0,0.02,"{""model__C"": 2.0, ""model__gamma"": 0.02, ""pca__n_components"": 60}",stage3_local_cv,0,0.805,5.949
stage3_003,stage3_seed_0,"{""model__C"": 2.0, ""model__gamma"": 0.02, ""pca__n_components"": 60}",60,2.0,0.02,"{""model__C"": 2.0, ""model__gamma"": 0.02, ""pca__n_components"": 60}",stage3_local_cv,1,0.811875,4.478
stage3_003,stage3_seed_0,"{""model__C"": 2.0, ""model__gamma"": 0.02, ""pca__n_components"": 60}",60,2.0,0.02,"{""model__C"": 2.0, ""model__gamma"": 0.02, ""pca__n_components"": 60}",stage3_local_cv,2,0.795,4.266
stage3_003,stage3_seed_0,"{""model__C"": 2.0, ""model__gamma"": 0.02, ""pca__n_components"": 60}",60,2.0,0.02,"{""model__C"": 2.0, ""model__gamma"": 0.02, ""pca__n_components"": 60}",stage3_local_cv,3,0.81,5.924
stage3_003,stage3_seed_0,"{""model__C"": 2.0, ""model__gamma"": 0.02, ""pca__n_components"": 60}",60,2.0,0.02,"{""model__C"": 2.0, ""model__gamma"": 0.02, ""pca__n_components"": 60}",stage3_local_cv,4,0.798125,4.382
stage3_004,stage3_seed_0,"{""model__C"": 2.0, ""model__gamma"": 0.03, ""pca__n_components"": 60}",60,2.0,0.03,"{""model__C"": 2.0, ""model__gamma"": 0.03, ""pca__n_components"": 60}",stage3_local_cv,0,0.78375,4.366
stage3_004,stage3_seed_0,"{""model__C"": 2.0, ""model__gamma"": 0.03, ""pca__n_components"": 60}",60,2.0,0.03,"{""model__C"": 2.0, ""model__gamma"": 0.03, ""pca__n_components"": 60}",stage3_local_cv,1,0.789375,4.629
stage3_004,stage3_seed_0,"{""model__C"": 2.0, ""model__gamma"": 0.03, ""pca__n_components"": 60}",60,2.0,0.03,"{""model__C"": 2.0, ""model__gamma"": 0.03, ""pca__n_components"": 60}",stage3_local_cv,2,0.77375,5.829
stage3_004,stage3_seed_0,"{""model__C"": 2.0, ""model__gamma"": 0.03, ""pca__n_components"": 60}",60,2.0,0.03,"{""model__C"": 2.0, ""model__gamma"": 0.03, ""pca__n_components"": 60}",stage3_local_cv,3,0.7825,4.308
stage3_004,stage3_seed_0,"{""model__C"": 2.0, ""model__gamma"": 0.03, ""pca__n_components"": 60}",60,2.0,0.03,"{""model__C"": 2.0, ""model__gamma"": 0.03, ""pca__n_components"": 60}",stage3_local_cv,4,0.77875,5.66
stage3_005,stage3_seed_0,"{""model__C"": 2.0, ""model__gamma"": 0.04, ""pca__n_components"": 60}",60,2.0,0.04,"{""model__C"": 2.0, ""model__gamma"": 0.04, ""pca__n_components"": 60}",stage3_local_cv,0,0.758125,4.308
stage3_005,stage3_seed_0,"{""model__C"": 2.0, ""model__gamma"": 0.04, ""pca__n_components"": 60}",60,2.0,0.04,"{""model__C"": 2.0, ""model__gamma"": 0.04, ""pca__n_components"": 60}",stage3_local_cv,1,0.773125,5.448
stage3_005,stage3_seed_0,"{""model__C"": 2.0, ""model__gamma"": 0.04, ""pca__n_components"": 60}",60,2.0,0.04,"{""model__C"": 2.0, ""model__gamma"": 0.04, ""pca__n_components"": 60}",stage3_local_cv,2,0.741875,4.247
stage3_005,stage3_seed_0,"{""model__C"": 2.0, ""model__gamma"": 0.04, ""pca__n_components"": 60}",60,2.0,0.04,"{""model__C"": 2.0, ""model__gamma"": 0.04, ""pca__n_components"": 60}",stage3_local_cv,3,0.760625,4.282
stage3_005,stage3_seed_0,"{""model__C"": 2.0, ""model__gamma"": 0.04, ""pca__n_components"": 60}",60,2.0,0.04,"{""model__C"": 2.0, ""model__gamma"": 0.04, ""pca__n_components"": 60}",stage3_local_cv,4,0.753125,4.409
stage3_006,stage3_seed_0,"{""model__C"": 2.0, ""model__gamma"": 0.08, ""pca__n_components"": 60}",60,2.0,0.08,"{""model__C"": 2.0, ""model__gamma"": 0.08, ""pca__n_components"": 60}",stage3_local_cv,0,0.6175,5.875
stage3_006,stage3_seed_0,"{""model__C"": 2.0, ""model__gamma"": 0.08, ""pca__n_components"": 60}",60,2.0,0.08,"{""model__C"": 2.0, ""model__gamma"": 0.08, ""pca__n_components"": 60}",stage3_local_cv,1,0.646875,4.333
stage3_006,stage3_seed_0,"{""model__C"": 2.0, ""model__gamma"": 0.08, ""pca__n_components"": 60}",60,2.0,0.08,"{""model__C"": 2.0, ""model__gamma"": 0.08, ""pca__n_components"": 60}",stage3_local_cv,2,0.8075,4.099
stage3_006,stage3_seed_0,"{""model__C"": 2.0, ""model__gamma"": 0.08, ""pca__n_components"": 60}",60,2.0,0.08,"{""model__C"": 2.0, ""model__gamma"": 0.08, ""pca__n_components"": 60}",stage3_local_cv,3,0.8225,5.504
stage3_006,stage3_seed_0,"{""model__C"": 2.0, ""model__gamma"": 0.08, ""pca__n_components"": 60}",60,2.0,0.08,"{""model__C"": 2.0, ""model__gamma"": 0.08, ""pca__n_components"": 60}",stage3_local_cv,4,0.698125,4.246
stage3_007,stage3_seed_0,"{""model__C"": 3.0, ""model__gamma"": ""scale"", ""pca__n_components"": 60}",60,3.0,scale,"{""model__C"": 3.0, ""model__gamma"": ""scale"", ""pca__n_components"": 60}",stage3_local_cv,0,0.77625,4.023
stage3_007,stage3_seed_0,"{""model__C"": 3.0, ""model__gamma"": ""scale"", ""pca__n_components"": 60}",60,3.0,scale,"{""model__C"": 3.0, ""model__gamma"": ""scale"", ""pca__n_components"": 60}",stage3_local_cv,1,0.773125,5.249
stage3_007,stage3_seed_0,"{""model__C"": 3.0, ""model__gamma"": ""scale"", ""pca__n_components"": 60}",60,3.0,scale,"{""model__C"": 3.0, ""model__gamma"": ""scale"", ""pca__n_components"": 60}",stage3_local_cv,2,0.765,5.161
stage3_007,stage3_seed_0,"{""model__C"": 3.0, ""model__gamma"": ""scale"", ""pca__n_components"": 60}",60,3.0,scale,"{""model__C"": 3.0, ""model__gamma"": ""scale"", ""pca__n_components"": 60}",stage3_local_cv,3,0.7675,4.109
stage3_007,stage3_seed_0,"{""model__C"": 3.0, ""model__gamma"": ""scale"", ""pca__n_components"": 60}",60,3.0,scale,"{""model__C"": 3.0, ""model__gamma"": ""scale"", ""pca__n_components"": 60}",stage3_local_cv,4,0.75625,5.042
stage3_008,stage3_seed_0,"{""model__C"": 3.0, ""model__gamma"": 0.005, ""pca__n_components"": 60}",60,3.0,0.005,"{""model__C"": 3.0, ""model__gamma"": 0.005, ""pca__n_components"": 60}",stage3_local_cv,0,0.77375,3.946
stage3_008,stage3_seed_0,"{""model__C"": 3.0, ""model__gamma"": 0.005, ""pca__n_components"": 60}",60,3.0,0.005,"{""model__C"": 3.0, ""model__gamma"": 0.005, ""pca__n_components"": 60}",stage3_local_cv,1,0.7675,4.426
stage3_008,stage3_seed_0,"{""model__C"": 3.0, ""model__gamma"": 0.005, ""pca__n_components"": 60}",60,3.0,0.005,"{""model__C"": 3.0, ""model__gamma"": 0.005, ""pca__n_components"": 60}",stage3_local_cv,2,0.76,3.946
stage3_008,stage3_seed_0,"{""model__C"": 3.0, ""model__gamma"": 0.005, ""pca__n_components"": 60}",60,3.0,0.005,"{""model__C"": 3.0, ""model__gamma"": 0.005, ""pca__n_components"": 60}",stage3_local_cv,3,0.765,4.007
stage3_008,stage3_seed_0,"{""model__C"": 3.0, ""model__gamma"": 0.005, ""pca__n_components"": 60}",60,3.0,0.005,"{""model__C"": 3.0, ""model__gamma"": 0.005, ""pca__n_components"": 60}",stage3_local_cv,4,0.75375,4.035
stage3_009,stage3_seed_0,"{""model__C"": 3.0, ""model__gamma"": 0.01, ""pca__n_components"": 60}",60,3.0,0.01,"{""model__C"": 3.0, ""model__gamma"": 0.01, ""pca__n_components"": 60}",stage3_local_cv,0,0.804375,5.975
stage3_009,stage3_seed_0,"{""model__C"": 3.0, ""model__gamma"": 0.01, ""pca__n_components"": 60}",60,3.0,0.01,"{""model__C"": 3.0, ""model__gamma"": 0.01, ""pca__n_components"": 60}",stage3_local_cv,1,0.803125,4.516
stage3_009,stage3_seed_0,"{""model__C"": 3.0, ""model__gamma"": 0.01, ""pca__n_components"": 60}",60,3.0,0.01,"{""model__C"": 3.0, ""model__gamma"": 0.01, ""pca__n_components"": 60}",stage3_local_cv,2,0.796875,4.45
stage3_009,stage3_seed_0,"{""model__C"": 3.0, ""model__gamma"": 0.01, ""pca__n_components"": 60}",60,3.0,0.01,"{""model__C"": 3.0, ""model__gamma"": 0.01, ""pca__n_components"": 60}",stage3_local_cv,3,0.794375,5.926
stage3_009,stage3_seed_0,"{""model__C"": 3.0, ""model__gamma"": 0.01, ""pca__n_components"": 60}",60,3.0,0.01,"{""model__C"": 3.0, ""model__gamma"": 0.01, ""pca__n_components"": 60}",stage3_local_cv,4,0.795625,4.493
stage3_010,stage3_seed_0,"{""model__C"": 3.0, ""model__gamma"": 0.02, ""pca__n_components"": 60}",60,3.0,0.02,"{""model__C"": 3.0, ""model__gamma"": 0.02, ""pca__n_components"": 60}",stage3_local_cv,0,0.801875,4.37
stage3_010,stage3_seed_0,"{""model__C"": 3.0, ""model__gamma"": 0.02, ""pca__n_components"": 60}",60,3.0,0.02,"{""model__C"": 3.0, ""model__gamma"": 0.02, ""pca__n_components"": 60}",stage3_local_cv,1,0.811875,5.855
stage3_010,stage3_seed_0,"{""model__C"": 3.0, ""model__gamma"": 0.02, ""pca__n_components"": 60}",60,3.0,0.02,"{""model__C"": 3.0, ""model__gamma"": 0.02, ""pca__n_components"": 60}",stage3_local_cv,2,0.793125,5.693
stage3_010,stage3_seed_0,"{""model__C"": 3.0, ""model__gamma"": 0.02, ""pca__n_components"": 60}",60,3.0,0.02,"{""model__C"": 3.0, ""model__gamma"": 0.02, ""pca__n_components"": 60}",stage3_local_cv,3,0.811875,4.344
stage3_010,stage3_seed_0,"{""model__C"": 3.0, ""model__gamma"": 0.02, ""pca__n_components"": 60}",60,3.0,0.02,"{""model__C"": 3.0, ""model__gamma"": 0.02, ""pca__n_components"": 60}",stage3_local_cv,4,0.8,5.68
stage3_011,stage3_seed_0,"{""model__C"": 3.0, ""model__gamma"": 0.03, ""pca__n_components"": 60}",60,3.0,0.03,"{""model__C"": 3.0, ""model__gamma"": 0.03, ""pca__n_components"": 60}",stage3_local_cv,0,0.785,4.847
stage3_011,stage3_seed_0,"{""model__C"": 3.0, ""model__gamma"": 0.03, ""pca__n_components"": 60}",60,3.0,0.03,"{""model__C"": 3.0, ""model__gamma"": 0.03, ""pca__n_components"": 60}",stage3_local_cv,1,0.791875,4.366
stage3_011,stage3_seed_0,"{""model__C"": 3.0, ""model__gamma"": 0.03, ""pca__n_components"": 60}",60,3.0,0.03,"{""model__C"": 3.0, ""model__gamma"": 0.03, ""pca__n_components"": 60}",stage3_local_cv,2,0.775,4.25
stage3_011,stage3_seed_0,"{""model__C"": 3.0, ""model__gamma"": 0.03, ""pca__n_components"": 60}",60,3.0,0.03,"{""model__C"": 3.0, ""model__gamma"": 0.03, ""pca__n_components"": 60}",stage3_local_cv,3,0.78,4.996
stage3_011,stage3_seed_0,"{""model__C"": 3.0, ""model__gamma"": 0.03, ""pca__n_components"": 60}",60,3.0,0.03,"{""model__C"": 3.0, ""model__gamma"": 0.03, ""pca__n_components"": 60}",stage3_local_cv,4,0.77875,4.345
stage3_012,stage3_seed_0,"{""model__C"": 3.0, ""model__gamma"": 0.04, ""pca__n_components"": 60}",60,3.0,0.04,"{""model__C"": 3.0, ""model__gamma"": 0.04, ""pca__n_components"": 60}",stage3_local_cv,0,0.75875,6.822
stage3_012,stage3_seed_0,"{""model__C"": 3.0, ""model__gamma"": 0.04, ""pca__n_components"": 60}",60,3.0,0.04,"{""model__C"": 3.0, ""model__gamma"": 0.04, ""pca__n_components"": 60}",stage3_local_cv,1,0.773125,4.349
stage3_012,stage3_seed_0,"{""model__C"": 3.0, ""model__gamma"": 0.04, ""pca__n_components"": 60}",60,3.0,0.04,"{""model__C"": 3.0, ""model__gamma"": 0.04, ""pca__n_components"": 60}",stage3_local_cv,2,0.743125,4.253
stage3_012,stage3_seed_0,"{""model__C"": 3.0, ""model__gamma"": 0.04, ""pca__n_components"": 60}",60,3.0,0.04,"{""model__C"": 3.0, ""model__gamma"": 0.04, ""pca__n_components"": 60}",stage3_local_cv,3,0.760625,5.101
stage3_012,stage3_seed_0,"{""model__C"": 3.0, ""model__gamma"": 0.04, ""pca__n_components"": 60}",60,3.0,0.04,"{""model__C"": 3.0, ""model__gamma"": 0.04, ""pca__n_components"": 60}",stage3_local_cv,4,0.7525,4.94
stage3_013,stage3_seed_0,"{""model__C"": 3.0, ""model__gamma"": 0.08, ""pca__n_components"": 60}",60,3.0,0.08,"{""model__C"": 3.0, ""model__gamma"": 0.08, ""pca__n_components"": 60}",stage3_local_cv,0,0.6175,4.345
stage3_013,stage3_seed_0,"{""model__C"": 3.0, ""model__gamma"": 0.08, ""pca__n_components"": 60}",60,3.0,0.08,"{""model__C"": 3.0, ""model__gamma"": 0.08, ""pca__n_components"": 60}",stage3_local_cv,1,0.6375,5.736
stage3_013,stage3_seed_0,"{""model__C"": 3.0, ""model__gamma"": 0.08, ""pca__n_components"": 60}",60,3.0,0.08,"{""model__C"": 3.0, ""model__gamma"": 0.08, ""pca__n_components"": 60}",stage3_local_cv,2,0.81125,5.543
stage3_013,stage3_seed_0,"{""model__C"": 3.0, ""model__gamma"": 0.08, ""pca__n_components"": 60}",60,3.0,0.08,"{""model__C"": 3.0, ""model__gamma"": 0.08, ""pca__n_components"": 60}",stage3_local_cv,3,0.816875,4.219
stage3_013,stage3_seed_0,"{""model__C"": 3.0, ""model__gamma"": 0.08, ""pca__n_components"": 60}",60,3.0,0.08,"{""model__C"": 3.0, ""model__gamma"": 0.08, ""pca__n_components"": 60}",stage3_local_cv,4,0.694375,4.882
stage3_014,stage3_seed_0,"{""model__C"": 4.0, ""model__gamma"": ""scale"", ""pca__n_components"": 60}",60,4.0,scale,"{""model__C"": 4.0, ""model__gamma"": ""scale"", ""pca__n_components"": 60}",stage3_local_cv,0,0.79125,5.411
stage3_014,stage3_seed_0,"{""model__C"": 4.0, ""model__gamma"": ""scale"", ""pca__n_components"": 60}",60,4.0,scale,"{""model__C"": 4.0, ""model__gamma"": ""scale"", ""pca__n_components"": 60}",stage3_local_cv,1,0.77375,4.252
stage3_014,stage3_seed_0,"{""model__C"": 4.0, ""model__gamma"": ""scale"", ""pca__n_components"": 60}",60,4.0,scale,"{""model__C"": 4.0, ""model__gamma"": ""scale"", ""pca__n_components"": 60}",stage3_local_cv,2,0.77375,4.066
stage3_014,stage3_seed_0,"{""model__C"": 4.0, ""model__gamma"": ""scale"", ""pca__n_components"": 60}",60,4.0,scale,"{""model__C"": 4.0, ""model__gamma"": ""scale"", ""pca__n_components"": 60}",stage3_local_cv,3,0.7725,5.386
stage3_014,stage3_seed_0,"{""model__C"": 4.0, ""model__gamma"": ""scale"", ""pca__n_components"": 60}",60,4.0,scale,"{""model__C"": 4.0, ""model__gamma"": ""scale"", ""pca__n_components"": 60}",stage3_local_cv,4,0.771875,4.151
stage3_015,stage3_seed_0,"{""model__C"": 4.0, ""model__gamma"": 0.005, ""pca__n_components"": 60}",60,4.0,0.005,"{""model__C"": 4.0, ""model__gamma"": 0.005, ""pca__n_components"": 60}",stage3_local_cv,0,0.784375,4.061
stage3_015,stage3_seed_0,"{""model__C"": 4.0, ""model__gamma"": 0.005, ""pca__n_components"": 60}",60,4.0,0.005,"{""model__C"": 4.0, ""model__gamma"": 0.005, ""pca__n_components"": 60}",stage3_local_cv,1,0.776875,4.686
stage3_015,stage3_seed_0,"{""model__C"": 4.0, ""model__gamma"": 0.005, ""pca__n_components"": 60}",60,4.0,0.005,"{""model__C"": 4.0, ""model__gamma"": 0.005, ""pca__n_components"": 60}",stage3_local_cv,2,0.768125,4.573
stage3_015,stage3_seed_0,"{""model__C"": 4.0, ""model__gamma"": 0.005, ""pca__n_components"": 60}",60,4.0,0.005,"{""model__C"": 4.0, ""model__gamma"": 0.005, ""pca__n_components"": 60}",stage3_local_cv,3,0.770625,4.343
stage3_015,stage3_seed_0,"{""model__C"": 4.0, ""model__gamma"": 0.005, ""pca__n_components"": 60}",60,4.0,0.005,"{""model__C"": 4.0, ""model__gamma"": 0.005, ""pca__n_components"": 60}",stage3_local_cv,4,0.764375,5.35
stage3_016,stage3_seed_0,"{""model__C"": 4.0, ""model__gamma"": 0.01, ""pca__n_components"": 60}",60,4.0,0.01,"{""model__C"": 4.0, ""model__gamma"": 0.01, ""pca__n_components"": 60}",stage3_local_cv,0,0.80625,4.832
stage3_016,stage3_seed_0,"{""model__C"": 4.0, ""model__gamma"": 0.01, ""pca__n_components"": 60}",60,4.0,0.01,"{""model__C"": 4.0, ""model__gamma"": 0.01, ""pca__n_components"": 60}",stage3_local_cv,1,0.805,5.569
stage3_016,stage3_seed_0,"{""model__C"": 4.0, ""model__gamma"": 0.01, ""pca__n_components"": 60}",60,4.0,0.01,"{""model__C"": 4.0, ""model__gamma"": 0.01, ""pca__n_components"": 60}",stage3_local_cv,2,0.800625,5.776
stage3_016,stage3_seed_0,"{""model__C"": 4.0, ""model__gamma"": 0.01, ""pca__n_components"": 60}",60,4.0,0.01,"{""model__C"": 4.0, ""model__gamma"": 0.01, ""pca__n_components"": 60}",stage3_local_cv,3,0.789375,4.596
stage3_016,stage3_seed_0,"{""model__C"": 4.0, ""model__gamma"": 0.01, ""pca__n_components"": 60}",60,4.0,0.01,"{""model__C"": 4.0, ""model__gamma"": 0.01, ""pca__n_components"": 60}",stage3_local_cv,4,0.796875,4.679
stage3_017,stage3_seed_0,"{""model__C"": 4.0, ""model__gamma"": 0.02, ""pca__n_components"": 60}",60,4.0,0.02,"{""model__C"": 4.0, ""model__gamma"": 0.02, ""pca__n_components"": 60}",stage3_local_cv,0,0.8025,5.903
stage3_017,stage3_seed_0,"{""model__C"": 4.0, ""model__gamma"": 0.02, ""pca__n_components"": 60}",60,4.0,0.02,"{""model__C"": 4.0, ""model__gamma"": 0.02, ""pca__n_components"": 60}",stage3_local_cv,1,0.81125,4.409
stage3_017,stage3_seed_0,"{""model__C"": 4.0, ""model__gamma"": 0.02, ""pca__n_components"": 60}",60,4.0,0.02,"{""model__C"": 4.0, ""model__gamma"": 0.02, ""pca__n_components"": 60}",stage3_local_cv,2,0.791875,4.315
stage3_017,stage3_seed_0,"{""model__C"": 4.0, ""model__gamma"": 0.02, ""pca__n_components"": 60}",60,4.0,0.02,"{""model__C"": 4.0, ""model__gamma"": 0.02, ""pca__n_components"": 60}",stage3_local_cv,3,0.8075,5.837
stage3_017,stage3_seed_0,"{""model__C"": 4.0, ""model__gamma"": 0.02, ""pca__n_components"": 60}",60,4.0,0.02,"{""model__C"": 4.0, ""model__gamma"": 0.02, ""pca__n_components"": 60}",stage3_local_cv,4,0.79875,4.367
stage3_018,stage3_seed_0,"{""model__C"": 4.0, ""model__gamma"": 0.03, ""pca__n_components"": 60}",60,4.0,0.03,"{""model__C"": 4.0, ""model__gamma"": 0.03, ""pca__n_components"": 60}",stage3_local_cv,0,0.785,4.337
stage3_018,stage3_seed_0,"{""model__C"": 4.0, ""model__gamma"": 0.03, ""pca__n_components"": 60}",60,4.0,0.03,"{""model__C"": 4.0, ""model__gamma"": 0.03, ""pca__n_components"": 60}",stage3_local_cv,1,0.790625,5.925
stage3_018,stage3_seed_0,"{""model__C"": 4.0, ""model__gamma"": 0.03, ""pca__n_components"": 60}",60,4.0,0.03,"{""model__C"": 4.0, ""model__gamma"": 0.03, ""pca__n_components"": 60}",stage3_local_cv,2,0.773125,5.79
stage3_018,stage3_seed_0,"{""model__C"": 4.0, ""model__gamma"": 0.03, ""pca__n_components"": 60}",60,4.0,0.03,"{""model__C"": 4.0, ""model__gamma"": 0.03, ""pca__n_components"": 60}",stage3_local_cv,3,0.779375,4.355
stage3_018,stage3_seed_0,"{""model__C"": 4.0, ""model__gamma"": 0.03, ""pca__n_components"": 60}",60,4.0,0.03,"{""model__C"": 4.0, ""model__gamma"": 0.03, ""pca__n_components"": 60}",stage3_local_cv,4,0.780625,5.672
stage3_019,stage3_seed_0,"{""model__C"": 4.0, ""model__gamma"": 0.04, ""pca__n_components"": 60}",60,4.0,0.04,"{""model__C"": 4.0, ""model__gamma"": 0.04, ""pca__n_components"": 60}",stage3_local_cv,0,0.7575,5.201
stage3_019,stage3_seed_0,"{""model__C"": 4.0, ""model__gamma"": 0.04, ""pca__n_components"": 60}",60,4.0,0.04,"{""model__C"": 4.0, ""model__gamma"": 0.04, ""pca__n_components"": 60}",stage3_local_cv,1,0.771875,4.379
stage3_019,stage3_seed_0,"{""model__C"": 4.0, ""model__gamma"": 0.04, ""pca__n_components"": 60}",60,4.0,0.04,"{""model__C"": 4.0, ""model__gamma"": 0.04, ""pca__n_components"": 60}",stage3_local_cv,2,0.743125,4.289
stage3_019,stage3_seed_0,"{""model__C"": 4.0, ""model__gamma"": 0.04, ""pca__n_components"": 60}",60,4.0,0.04,"{""model__C"": 4.0, ""model__gamma"": 0.04, ""pca__n_components"": 60}",stage3_local_cv,3,0.760625,4.325
stage3_019,stage3_seed_0,"{""model__C"": 4.0, ""model__gamma"": 0.04, ""pca__n_components"": 60}",60,4.0,0.04,"{""model__C"": 4.0, ""model__gamma"": 0.04, ""pca__n_components"": 60}",stage3_local_cv,4,0.751875,4.301
stage3_020,stage3_seed_0,"{""model__C"": 4.0, ""model__gamma"": 0.08, ""pca__n_components"": 60}",60,4.0,0.08,"{""model__C"": 4.0, ""model__gamma"": 0.08, ""pca__n_components"": 60}",stage3_local_cv,0,0.6175,5.282
stage3_020,stage3_seed_0,"{""model__C"": 4.0, ""model__gamma"": 0.08, ""pca__n_components"": 60}",60,4.0,0.08,"{""model__C"": 4.0, ""model__gamma"": 0.08, ""pca__n_components"": 60}",stage3_local_cv,1,0.63125,4.365
stage3_020,stage3_seed_0,"{""model__C"": 4.0, ""model__gamma"": 0.08, ""pca__n_components"": 60}",60,4.0,0.08,"{""model__C"": 4.0, ""model__gamma"": 0.08, ""pca__n_components"": 60}",stage3_local_cv,2,0.8075,4.035
stage3_020,stage3_seed_0,"{""model__C"": 4.0, ""model__gamma"": 0.08, ""pca__n_components"": 60}",60,4.0,0.08,"{""model__C"": 4.0, ""model__gamma"": 0.08, ""pca__n_components"": 60}",stage3_local_cv,3,0.81375,5.464
stage3_020,stage3_seed_0,"{""model__C"": 4.0, ""model__gamma"": 0.08, ""pca__n_components"": 60}",60,4.0,0.08,"{""model__C"": 4.0, ""model__gamma"": 0.08, ""pca__n_components"": 60}",stage3_local_cv,4,0.689375,4.329
stage3_021,stage3_seed_0,"{""model__C"": 6.0, ""model__gamma"": ""scale"", ""pca__n_components"": 60}",60,6.0,scale,"{""model__C"": 6.0, ""model__gamma"": ""scale"", ""pca__n_components"": 60}",stage3_local_cv,0,0.799375,4.404
stage3_021,stage3_seed_0,"{""model__C"": 6.0, ""model__gamma"": ""scale"", ""pca__n_components"": 60}",60,6.0,scale,"{""model__C"": 6.0, ""model__gamma"": ""scale"", ""pca__n_components"": 60}",stage3_local_cv,1,0.79875,5.739
stage3_021,stage3_seed_0,"{""model__C"": 6.0, ""model__gamma"": ""scale"", ""pca__n_components"": 60}",60,6.0,scale,"{""model__C"": 6.0, ""model__gamma"": ""scale"", ""pca__n_components"": 60}",stage3_local_cv,2,0.788125,5.598
stage3_021,stage3_seed_0,"{""model__C"": 6.0, ""model__gamma"": ""scale"", ""pca__n_components"": 60}",60,6.0,scale,"{""model__C"": 6.0, ""model__gamma"": ""scale"", ""pca__n_components"": 60}",stage3_local_cv,3,0.784375,4.478
stage3_021,stage3_seed_0,"{""model__C"": 6.0, ""model__gamma"": ""scale"", ""pca__n_components"": 60}",60,6.0,scale,"{""model__C"": 6.0, ""model__gamma"": ""scale"", ""pca__n_components"": 60}",stage3_local_cv,4,0.788125,5.682
stage3_022,stage3_seed_0,"{""model__C"": 6.0, ""model__gamma"": 0.005, ""pca__n_components"": 60}",60,6.0,0.005,"{""model__C"": 6.0, ""model__gamma"": 0.005, ""pca__n_components"": 60}",stage3_local_cv,0,0.795,5.625
stage3_022,stage3_seed_0,"{""model__C"": 6.0, ""model__gamma"": 0.005, ""pca__n_components"": 60}",60,6.0,0.005,"{""model__C"": 6.0, ""model__gamma"": 0.005, ""pca__n_components"": 60}",stage3_local_cv,1,0.786875,4.45
stage3_022,stage3_seed_0,"{""model__C"": 6.0, ""model__gamma"": 0.005, ""pca__n_components"": 60}",60,6.0,0.005,"{""model__C"": 6.0, ""model__gamma"": 0.005, ""pca__n_components"": 60}",stage3_local_cv,2,0.784375,4.321
stage3_022,stage3_seed_0,"{""model__C"": 6.0, ""model__gamma"": 0.005, ""pca__n_components"": 60}",60,6.0,0.005,"{""model__C"": 6.0, ""model__gamma"": 0.005, ""pca__n_components"": 60}",stage3_local_cv,3,0.7825,5.545
stage3_022,stage3_seed_0,"{""model__C"": 6.0, ""model__gamma"": 0.005, ""pca__n_components"": 60}",60,6.0,0.005,"{""model__C"": 6.0, ""model__gamma"": 0.005, ""pca__n_components"": 60}",stage3_local_cv,4,0.785625,4.417
stage3_023,stage3_seed_0,"{""model__C"": 6.0, ""model__gamma"": 0.01, ""pca__n_components"": 60}",60,6.0,0.01,"{""model__C"": 6.0, ""model__gamma"": 0.01, ""pca__n_components"": 60}",stage3_local_cv,0,0.805625,4.655
stage3_023,stage3_seed_0,"{""model__C"": 6.0, ""model__gamma"": 0.01, ""pca__n_components"": 60}",60,6.0,0.01,"{""model__C"": 6.0, ""model__gamma"": 0.01, ""pca__n_components"": 60}",stage3_local_cv,1,0.814375,5.5
stage3_023,stage3_seed_0,"{""model__C"": 6.0, ""model__gamma"": 0.01, ""pca__n_components"": 60}",60,6.0,0.01,"{""model__C"": 6.0, ""model__gamma"": 0.01, ""pca__n_components"": 60}",stage3_local_cv,2,0.805625,4.659
stage3_023,stage3_seed_0,"{""model__C"": 6.0, ""model__gamma"": 0.01, ""pca__n_components"": 60}",60,6.0,0.01,"{""model__C"": 6.0, ""model__gamma"": 0.01, ""pca__n_components"": 60}",stage3_local_cv,3,0.801875,4.91
stage3_023,stage3_seed_0,"{""model__C"": 6.0, ""model__gamma"": 0.01, ""pca__n_components"": 60}",60,6.0,0.01,"{""model__C"": 6.0, ""model__gamma"": 0.01, ""pca__n_components"": 60}",stage3_local_cv,4,0.798125,6.078
stage3_024,stage3_seed_0,"{""model__C"": 6.0, ""model__gamma"": 0.02, ""pca__n_components"": 60}",60,6.0,0.02,"{""model__C"": 6.0, ""model__gamma"": 0.02, ""pca__n_components"": 60}",stage3_local_cv,0,0.79875,4.38
stage3_024,stage3_seed_0,"{""model__C"": 6.0, ""model__gamma"": 0.02, ""pca__n_components"": 60}",60,6.0,0.02,"{""model__C"": 6.0, ""model__gamma"": 0.02, ""pca__n_components"": 60}",stage3_local_cv,1,0.815,5.121
stage3_024,stage3_seed_0,"{""model__C"": 6.0, ""model__gamma"": 0.02, ""pca__n_components"": 60}",60,6.0,0.02,"{""model__C"": 6.0, ""model__gamma"": 0.02, ""pca__n_components"": 60}",stage3_local_cv,2,0.79125,5.59
stage3_024,stage3_seed_0,"{""model__C"": 6.0, ""model__gamma"": 0.02, ""pca__n_components"": 60}",60,6.0,0.02,"{""model__C"": 6.0, ""model__gamma"": 0.02, ""pca__n_components"": 60}",stage3_local_cv,3,0.805,4.441
stage3_024,stage3_seed_0,"{""model__C"": 6.0, ""model__gamma"": 0.02, ""pca__n_components"": 60}",60,6.0,0.02,"{""model__C"": 6.0, ""model__gamma"": 0.02, ""pca__n_components"": 60}",stage3_local_cv,4,0.800625,4.436
stage3_025,stage3_seed_0,"{""model__C"": 6.0, ""model__gamma"": 0.03, ""pca__n_components"": 60}",60,6.0,0.03,"{""model__C"": 6.0, ""model__gamma"": 0.03, ""pca__n_components"": 60}",stage3_local_cv,0,0.78,5.913
stage3_025,stage3_seed_0,"{""model__C"": 6.0, ""model__gamma"": 0.03, ""pca__n_components"": 60}",60,6.0,0.03,"{""model__C"": 6.0, ""model__gamma"": 0.03, ""pca__n_components"": 60}",stage3_local_cv,1,0.790625,4.359
stage3_025,stage3_seed_0,"{""model__C"": 6.0, ""model__gamma"": 0.03, ""pca__n_components"": 60}",60,6.0,0.03,"{""model__C"": 6.0, ""model__gamma"": 0.03, ""pca__n_components"": 60}",stage3_local_cv,2,0.769375,4.245
stage3_025,stage3_seed_0,"{""model__C"": 6.0, ""model__gamma"": 0.03, ""pca__n_components"": 60}",60,6.0,0.03,"{""model__C"": 6.0, ""model__gamma"": 0.03, ""pca__n_components"": 60}",stage3_local_cv,3,0.78125,5.726
stage3_025,stage3_seed_0,"{""model__C"": 6.0, ""model__gamma"": 0.03, ""pca__n_components"": 60}",60,6.0,0.03,"{""model__C"": 6.0, ""model__gamma"": 0.03, ""pca__n_components"": 60}",stage3_local_cv,4,0.779375,4.317
stage3_026,stage3_seed_0,"{""model__C"": 6.0, ""model__gamma"": 0.04, ""pca__n_components"": 60}",60,6.0,0.04,"{""model__C"": 6.0, ""model__gamma"": 0.04, ""pca__n_components"": 60}",stage3_local_cv,0,0.7575,4.381
stage3_026,stage3_seed_0,"{""model__C"": 6.0, ""model__gamma"": 0.04, ""pca__n_components"": 60}",60,6.0,0.04,"{""model__C"": 6.0, ""model__gamma"": 0.04, ""pca__n_components"": 60}",stage3_local_cv,1,0.769375,5.89
stage3_026,stage3_seed_0,"{""model__C"": 6.0, ""model__gamma"": 0.04, ""pca__n_components"": 60}",60,6.0,0.04,"{""model__C"": 6.0, ""model__gamma"": 0.04, ""pca__n_components"": 60}",stage3_local_cv,2,0.743125,5.585
stage3_026,stage3_seed_0,"{""model__C"": 6.0, ""model__gamma"": 0.04, ""pca__n_components"": 60}",60,6.0,0.04,"{""model__C"": 6.0, ""model__gamma"": 0.04, ""pca__n_components"": 60}",stage3_local_cv,3,0.75625,4.311
stage3_026,stage3_seed_0,"{""model__C"": 6.0, ""model__gamma"": 0.04, ""pca__n_components"": 60}",60,6.0,0.04,"{""model__C"": 6.0, ""model__gamma"": 0.04, ""pca__n_components"": 60}",stage3_local_cv,4,0.751875,5.648
stage3_027,stage3_seed_0,"{""model__C"": 6.0, ""model__gamma"": 0.08, ""pca__n_components"": 60}",60,6.0,0.08,"{""model__C"": 6.0, ""model__gamma"": 0.08, ""pca__n_components"": 60}",stage3_local_cv,0,0.6175,4.581
stage3_027,stage3_seed_0,"{""model__C"": 6.0, ""model__gamma"": 0.08, ""pca__n_components"": 60}",60,6.0,0.08,"{""model__C"": 6.0, ""model__gamma"": 0.08, ""pca__n_components"": 60}",stage3_local_cv,1,0.62875,4.358
stage3_027,stage3_seed_0,"{""model__C"": 6.0, ""model__gamma"": 0.08, ""pca__n_components"": 60}",60,6.0,0.08,"{""model__C"": 6.0, ""model__gamma"": 0.08, ""pca__n_components"": 60}",stage3_local_cv,2,0.80625,4.406
stage3_027,stage3_seed_0,"{""model__C"": 6.0, ""model__gamma"": 0.08, ""pca__n_components"": 60}",60,6.0,0.08,"{""model__C"": 6.0, ""model__gamma"": 0.08, ""pca__n_components"": 60}",stage3_local_cv,3,0.813125,4.146
stage3_027,stage3_seed_0,"{""model__C"": 6.0, ""model__gamma"": 0.08, ""pca__n_components"": 60}",60,6.0,0.08,"{""model__C"": 6.0, ""model__gamma"": 0.08, ""pca__n_components"": 60}",stage3_local_cv,4,0.680625,4.23
stage3_028,stage3_seed_0,"{""model__C"": 8.0, ""model__gamma"": ""scale"", ""pca__n_components"": 60}",60,8.0,scale,"{""model__C"": 8.0, ""model__gamma"": ""scale"", ""pca__n_components"": 60}",stage3_local_cv,0,0.804375,6.744
stage3_028,stage3_seed_0,"{""model__C"": 8.0, ""model__gamma"": ""scale"", ""pca__n_components"": 60}",60,8.0,scale,"{""model__C"": 8.0, ""model__gamma"": ""scale"", ""pca__n_components"": 60}",stage3_local_cv,1,0.805,5.03
stage3_028,stage3_seed_0,"{""model__C"": 8.0, ""model__gamma"": ""scale"", ""pca__n_components"": 60}",60,8.0,scale,"{""model__C"": 8.0, ""model__gamma"": ""scale"", ""pca__n_components"": 60}",stage3_local_cv,2,0.793125,5.057
stage3_028,stage3_seed_0,"{""model__C"": 8.0, ""model__gamma"": ""scale"", ""pca__n_components"": 60}",60,8.0,scale,"{""model__C"": 8.0, ""model__gamma"": ""scale"", ""pca__n_components"": 60}",stage3_local_cv,3,0.78875,6.45
stage3_028,stage3_seed_0,"{""model__C"": 8.0, ""model__gamma"": ""scale"", ""pca__n_components"": 60}",60,8.0,scale,"{""model__C"": 8.0, ""model__gamma"": ""scale"", ""pca__n_components"": 60}",stage3_local_cv,4,0.788125,5.885
stage3_029,stage3_seed_0,"{""model__C"": 8.0, ""model__gamma"": 0.005, ""pca__n_components"": 60}",60,8.0,0.005,"{""model__C"": 8.0, ""model__gamma"": 0.005, ""pca__n_components"": 60}",stage3_local_cv,0,0.800625,5.343
stage3_029,stage3_seed_0,"{""model__C"": 8.0, ""model__gamma"": 0.005, ""pca__n_components"": 60}",60,8.0,0.005,"{""model__C"": 8.0, ""model__gamma"": 0.005, ""pca__n_components"": 60}",stage3_local_cv,1,0.80375,6.375
stage3_029,stage3_seed_0,"{""model__C"": 8.0, ""model__gamma"": 0.005, ""pca__n_components"": 60}",60,8.0,0.005,"{""model__C"": 8.0, ""model__gamma"": 0.005, ""pca__n_components"": 60}",stage3_local_cv,2,0.79125,6.171
stage3_029,stage3_seed_0,"{""model__C"": 8.0, ""model__gamma"": 0.005, ""pca__n_components"": 60}",60,8.0,0.005,"{""model__C"": 8.0, ""model__gamma"": 0.005, ""pca__n_components"": 60}",stage3_local_cv,3,0.785625,5.412
stage3_029,stage3_seed_0,"{""model__C"": 8.0, ""model__gamma"": 0.005, ""pca__n_components"": 60}",60,8.0,0.005,"{""model__C"": 8.0, ""model__gamma"": 0.005, ""pca__n_components"": 60}",stage3_local_cv,4,0.791875,6.021
stage3_030,stage3_seed_0,"{""model__C"": 8.0, ""model__gamma"": 0.01, ""pca__n_components"": 60}",60,8.0,0.01,"{""model__C"": 8.0, ""model__gamma"": 0.01, ""pca__n_components"": 60}",stage3_local_cv,0,0.80375,6.064
stage3_030,stage3_seed_0,"{""model__C"": 8.0, ""model__gamma"": 0.01, ""pca__n_components"": 60}",60,8.0,0.01,"{""model__C"": 8.0, ""model__gamma"": 0.01, ""pca__n_components"": 60}",stage3_local_cv,1,0.811875,4.69
stage3_030,stage3_seed_0,"{""model__C"": 8.0, ""model__gamma"": 0.01, ""pca__n_components"": 60}",60,8.0,0.01,"{""model__C"": 8.0, ""model__gamma"": 0.01, ""pca__n_components"": 60}",stage3_local_cv,2,0.809375,4.547
stage3_030,stage3_seed_0,"{""model__C"": 8.0, ""model__gamma"": 0.01, ""pca__n_components"": 60}",60,8.0,0.01,"{""model__C"": 8.0, ""model__gamma"": 0.01, ""pca__n_components"": 60}",stage3_local_cv,3,0.80125,5.93
stage3_030,stage3_seed_0,"{""model__C"": 8.0, ""model__gamma"": 0.01, ""pca__n_components"": 60}",60,8.0,0.01,"{""model__C"": 8.0, ""model__gamma"": 0.01, ""pca__n_components"": 60}",stage3_local_cv,4,0.799375,4.579
stage3_031,stage3_seed_0,"{""model__C"": 8.0, ""model__gamma"": 0.02, ""pca__n_components"": 60}",60,8.0,0.02,"{""model__C"": 8.0, ""model__gamma"": 0.02, ""pca__n_components"": 60}",stage3_local_cv,0,0.8,4.415
stage3_031,stage3_seed_0,"{""model__C"": 8.0, ""model__gamma"": 0.02, ""pca__n_components"": 60}",60,8.0,0.02,"{""model__C"": 8.0, ""model__gamma"": 0.02, ""pca__n_components"": 60}",stage3_local_cv,1,0.8125,5.899
stage3_031,stage3_seed_0,"{""model__C"": 8.0, ""model__gamma"": 0.02, ""pca__n_components"": 60}",60,8.0,0.02,"{""model__C"": 8.0, ""model__gamma"": 0.02, ""pca__n_components"": 60}",stage3_local_cv,2,0.7925,4.993
stage3_031,stage3_seed_0,"{""model__C"": 8.0, ""model__gamma"": 0.02, ""pca__n_components"": 60}",60,8.0,0.02,"{""model__C"": 8.0, ""model__gamma"": 0.02, ""pca__n_components"": 60}",stage3_local_cv,3,0.80375,4.385
stage3_031,stage3_seed_0,"{""model__C"": 8.0, ""model__gamma"": 0.02, ""pca__n_components"": 60}",60,8.0,0.02,"{""model__C"": 8.0, ""model__gamma"": 0.02, ""pca__n_components"": 60}",stage3_local_cv,4,0.8,5.776
stage3_032,stage3_seed_0,"{""model__C"": 8.0, ""model__gamma"": 0.03, ""pca__n_components"": 60}",60,8.0,0.03,"{""model__C"": 8.0, ""model__gamma"": 0.03, ""pca__n_components"": 60}",stage3_local_cv,0,0.7775,4.598
stage3_032,stage3_seed_0,"{""model__C"": 8.0, ""model__gamma"": 0.03, ""pca__n_components"": 60}",60,8.0,0.03,"{""model__C"": 8.0, ""model__gamma"": 0.03, ""pca__n_components"": 60}",stage3_local_cv,1,0.78625,4.434
stage3_032,stage3_seed_0,"{""model__C"": 8.0, ""model__gamma"": 0.03, ""pca__n_components"": 60}",60,8.0,0.03,"{""model__C"": 8.0, ""model__gamma"": 0.03, ""pca__n_components"": 60}",stage3_local_cv,2,0.769375,5.136
stage3_032,stage3_seed_0,"{""model__C"": 8.0, ""model__gamma"": 0.03, ""pca__n_components"": 60}",60,8.0,0.03,"{""model__C"": 8.0, ""model__gamma"": 0.03, ""pca__n_components"": 60}",stage3_local_cv,3,0.774375,4.516
stage3_032,stage3_seed_0,"{""model__C"": 8.0, ""model__gamma"": 0.03, ""pca__n_components"": 60}",60,8.0,0.03,"{""model__C"": 8.0, ""model__gamma"": 0.03, ""pca__n_components"": 60}",stage3_local_cv,4,0.778125,4.335
stage3_033,stage3_seed_0,"{""model__C"": 8.0, ""model__gamma"": 0.04, ""pca__n_components"": 60}",60,8.0,0.04,"{""model__C"": 8.0, ""model__gamma"": 0.04, ""pca__n_components"": 60}",stage3_local_cv,0,0.758125,5.609
stage3_033,stage3_seed_0,"{""model__C"": 8.0, ""model__gamma"": 0.04, ""pca__n_components"": 60}",60,8.0,0.04,"{""model__C"": 8.0, ""model__gamma"": 0.04, ""pca__n_components"": 60}",stage3_local_cv,1,0.770625,4.345
stage3_033,stage3_seed_0,"{""model__C"": 8.0, ""model__gamma"": 0.04, ""pca__n_components"": 60}",60,8.0,0.04,"{""model__C"": 8.0, ""model__gamma"": 0.04, ""pca__n_components"": 60}",stage3_local_cv,2,0.745,4.271
stage3_033,stage3_seed_0,"{""model__C"": 8.0, ""model__gamma"": 0.04, ""pca__n_components"": 60}",60,8.0,0.04,"{""model__C"": 8.0, ""model__gamma"": 0.04, ""pca__n_components"": 60}",stage3_local_cv,3,0.755,5.432
stage3_033,stage3_seed_0,"{""model__C"": 8.0, ""model__gamma"": 0.04, ""pca__n_components"": 60}",60,8.0,0.04,"{""model__C"": 8.0, ""model__gamma"": 0.04, ""pca__n_components"": 60}",stage3_local_cv,4,0.753125,4.837
stage3_034,stage3_seed_0,"{""model__C"": 8.0, ""model__gamma"": 0.08, ""pca__n_components"": 60}",60,8.0,0.08,"{""model__C"": 8.0, ""model__gamma"": 0.08, ""pca__n_components"": 60}",stage3_local_cv,0,0.614375,4.368
stage3_034,stage3_seed_0,"{""model__C"": 8.0, ""model__gamma"": 0.08, ""pca__n_components"": 60}",60,8.0,0.08,"{""model__C"": 8.0, ""model__gamma"": 0.08, ""pca__n_components"": 60}",stage3_local_cv,1,0.626875,5.947
stage3_034,stage3_seed_0,"{""model__C"": 8.0, ""model__gamma"": 0.08, ""pca__n_components"": 60}",60,8.0,0.08,"{""model__C"": 8.0, ""model__gamma"": 0.08, ""pca__n_components"": 60}",stage3_local_cv,2,0.808125,5.588
stage3_034,stage3_seed_0,"{""model__C"": 8.0, ""model__gamma"": 0.08, ""pca__n_components"": 60}",60,8.0,0.08,"{""model__C"": 8.0, ""model__gamma"": 0.08, ""pca__n_components"": 60}",stage3_local_cv,3,0.815625,4.148
stage3_034,stage3_seed_0,"{""model__C"": 8.0, ""model__gamma"": 0.08, ""pca__n_components"": 60}",60,8.0,0.08,"{""model__C"": 8.0, ""model__gamma"": 0.08, ""pca__n_components"": 60}",stage3_local_cv,4,0.6725,5.23
stage3_035,stage3_seed_0,"{""model__C"": 12.0, ""model__gamma"": ""scale"", ""pca__n_components"": 60}",60,12.0,scale,"{""model__C"": 12.0, ""model__gamma"": ""scale"", ""pca__n_components"": 60}",stage3_local_cv,0,0.81,6.669
stage3_035,stage3_seed_0,"{""model__C"": 12.0, ""model__gamma"": ""scale"", ""pca__n_components"": 60}",60,12.0,scale,"{""model__C"": 12.0, ""model__gamma"": ""scale"", ""pca__n_components"": 60}",stage3_local_cv,1,0.80625,5.633
stage3_035,stage3_seed_0,"{""model__C"": 12.0, ""model__gamma"": ""scale"", ""pca__n_components"": 60}",60,12.0,scale,"{""model__C"": 12.0, ""model__gamma"": ""scale"", ""pca__n_components"": 60}",stage3_local_cv,2,0.796875,5.203
stage3_035,stage3_seed_0,"{""model__C"": 12.0, ""model__gamma"": ""scale"", ""pca__n_components"": 60}",60,12.0,scale,"{""model__C"": 12.0, ""model__gamma"": ""scale"", ""pca__n_components"": 60}",stage3_local_cv,3,0.789375,6.507
stage3_035,stage3_seed_0,"{""model__C"": 12.0, ""model__gamma"": ""scale"", ""pca__n_components"": 60}",60,12.0,scale,"{""model__C"": 12.0, ""model__gamma"": ""scale"", ""pca__n_components"": 60}",stage3_local_cv,4,0.795,5.157
stage3_036,stage3_seed_0,"{""model__C"": 12.0, ""model__gamma"": 0.005, ""pca__n_components"": 60}",60,12.0,0.005,"{""model__C"": 12.0, ""model__gamma"": 0.005, ""pca__n_components"": 60}",stage3_local_cv,0,0.810625,5.25
stage3_036,stage3_seed_0,"{""model__C"": 12.0, ""model__gamma"": 0.005, ""pca__n_components"": 60}",60,12.0,0.005,"{""model__C"": 12.0, ""model__gamma"": 0.005, ""pca__n_components"": 60}",stage3_local_cv,1,0.808125,6.561
stage3_036,stage3_seed_0,"{""model__C"": 12.0, ""model__gamma"": 0.005, ""pca__n_components"": 60}",60,12.0,0.005,"{""model__C"": 12.0, ""model__gamma"": 0.005, ""pca__n_components"": 60}",stage3_local_cv,2,0.794375,5.65
stage3_036,stage3_seed_0,"{""model__C"": 12.0, ""model__gamma"": 0.005, ""pca__n_components"": 60}",60,12.0,0.005,"{""model__C"": 12.0, ""model__gamma"": 0.005, ""pca__n_components"": 60}",stage3_local_cv,3,0.790625,5.741
stage3_036,stage3_seed_0,"{""model__C"": 12.0, ""model__gamma"": 0.005, ""pca__n_components"": 60}",60,12.0,0.005,"{""model__C"": 12.0, ""model__gamma"": 0.005, ""pca__n_components"": 60}",stage3_local_cv,4,0.793125,6.516
stage3_037,stage3_seed_0,"{""model__C"": 12.0, ""model__gamma"": 0.01, ""pca__n_components"": 60}",60,12.0,0.01,"{""model__C"": 12.0, ""model__gamma"": 0.01, ""pca__n_components"": 60}",stage3_local_cv,0,0.801875,4.631
stage3_037,stage3_seed_0,"{""model__C"": 12.0, ""model__gamma"": 0.01, ""pca__n_components"": 60}",60,12.0,0.01,"{""model__C"": 12.0, ""model__gamma"": 0.01, ""pca__n_components"": 60}",stage3_local_cv,1,0.814375,4.683
stage3_037,stage3_seed_0,"{""model__C"": 12.0, ""model__gamma"": 0.01, ""pca__n_components"": 60}",60,12.0,0.01,"{""model__C"": 12.0, ""model__gamma"": 0.01, ""pca__n_components"": 60}",stage3_local_cv,2,0.806875,5.683
stage3_037,stage3_seed_0,"{""model__C"": 12.0, ""model__gamma"": 0.01, ""pca__n_components"": 60}",60,12.0,0.01,"{""model__C"": 12.0, ""model__gamma"": 0.01, ""pca__n_components"": 60}",stage3_local_cv,3,0.796875,5.642
stage3_037,stage3_seed_0,"{""model__C"": 12.0, ""model__gamma"": 0.01, ""pca__n_components"": 60}",60,12.0,0.01,"{""model__C"": 12.0, ""model__gamma"": 0.01, ""pca__n_components"": 60}",stage3_local_cv,4,0.795,4.582
stage3_038,stage3_seed_0,"{""model__C"": 12.0, ""model__gamma"": 0.02, ""pca__n_components"": 60}",60,12.0,0.02,"{""model__C"": 12.0, ""model__gamma"": 0.02, ""pca__n_components"": 60}",stage3_local_cv,0,0.79625,5.969
stage3_038,stage3_seed_0,"{""model__C"": 12.0, ""model__gamma"": 0.02, ""pca__n_components"": 60}",60,12.0,0.02,"{""model__C"": 12.0, ""model__gamma"": 0.02, ""pca__n_components"": 60}",stage3_local_cv,1,0.811875,4.382
stage3_038,stage3_seed_0,"{""model__C"": 12.0, ""model__gamma"": 0.02, ""pca__n_components"": 60}",60,12.0,0.02,"{""model__C"": 12.0, ""model__gamma"": 0.02, ""pca__n_components"": 60}",stage3_local_cv,2,0.791875,4.383
stage3_038,stage3_seed_0,"{""model__C"": 12.0, ""model__gamma"": 0.02, ""pca__n_components"": 60}",60,12.0,0.02,"{""model__C"": 12.0, ""model__gamma"": 0.02, ""pca__n_components"": 60}",stage3_local_cv,3,0.79625,4.783
stage3_038,stage3_seed_0,"{""model__C"": 12.0, ""model__gamma"": 0.02, ""pca__n_components"": 60}",60,12.0,0.02,"{""model__C"": 12.0, ""model__gamma"": 0.02, ""pca__n_components"": 60}",stage3_local_cv,4,0.793125,4.949
stage3_039,stage3_seed_0,"{""model__C"": 12.0, ""model__gamma"": 0.03, ""pca__n_components"": 60}",60,12.0,0.03,"{""model__C"": 12.0, ""model__gamma"": 0.03, ""pca__n_components"": 60}",stage3_local_cv,0,0.77875,4.417
stage3_039,stage3_seed_0,"{""model__C"": 12.0, ""model__gamma"": 0.03, ""pca__n_components"": 60}",60,12.0,0.03,"{""model__C"": 12.0, ""model__gamma"": 0.03, ""pca__n_components"": 60}",stage3_local_cv,1,0.785625,5.801
stage3_039,stage3_seed_0,"{""model__C"": 12.0, ""model__gamma"": 0.03, ""pca__n_components"": 60}",60,12.0,0.03,"{""model__C"": 12.0, ""model__gamma"": 0.03, ""pca__n_components"": 60}",stage3_local_cv,2,0.77,5.862
stage3_039,stage3_seed_0,"{""model__C"": 12.0, ""model__gamma"": 0.03, ""pca__n_components"": 60}",60,12.0,0.03,"{""model__C"": 12.0, ""model__gamma"": 0.03, ""pca__n_components"": 60}",stage3_local_cv,3,0.773125,4.414
stage3_039,stage3_seed_0,"{""model__C"": 12.0, ""model__gamma"": 0.03, ""pca__n_components"": 60}",60,12.0,0.03,"{""model__C"": 12.0, ""model__gamma"": 0.03, ""pca__n_components"": 60}",stage3_local_cv,4,0.778125,5.202
stage3_040,stage3_seed_0,"{""model__C"": 12.0, ""model__gamma"": 0.04, ""pca__n_components"": 60}",60,12.0,0.04,"{""model__C"": 12.0, ""model__gamma"": 0.04, ""pca__n_components"": 60}",stage3_local_cv,0,0.756875,5.514
stage3_040,stage3_seed_0,"{""model__C"": 12.0, ""model__gamma"": 0.04, ""pca__n_components"": 60}",60,12.0,0.04,"{""model__C"": 12.0, ""model__gamma"": 0.04, ""pca__n_components"": 60}",stage3_local_cv,1,0.768125,4.37
stage3_040,stage3_seed_0,"{""model__C"": 12.0, ""model__gamma"": 0.04, ""pca__n_components"": 60}",60,12.0,0.04,"{""model__C"": 12.0, ""model__gamma"": 0.04, ""pca__n_components"": 60}",stage3_local_cv,2,0.744375,4.295
stage3_040,stage3_seed_0,"{""model__C"": 12.0, ""model__gamma"": 0.04, ""pca__n_components"": 60}",60,12.0,0.04,"{""model__C"": 12.0, ""model__gamma"": 0.04, ""pca__n_components"": 60}",stage3_local_cv,3,0.755,5.691
stage3_040,stage3_seed_0,"{""model__C"": 12.0, ""model__gamma"": 0.04, ""pca__n_components"": 60}",60,12.0,0.04,"{""model__C"": 12.0, ""model__gamma"": 0.04, ""pca__n_components"": 60}",stage3_local_cv,4,0.751875,4.32
stage3_041,stage3_seed_0,"{""model__C"": 12.0, ""model__gamma"": 0.08, ""pca__n_components"": 60}",60,12.0,0.08,"{""model__C"": 12.0, ""model__gamma"": 0.08, ""pca__n_components"": 60}",stage3_local_cv,0,0.613125,4.897
stage3_041,stage3_seed_0,"{""model__C"": 12.0, ""model__gamma"": 0.08, ""pca__n_components"": 60}",60,12.0,0.08,"{""model__C"": 12.0, ""model__gamma"": 0.08, ""pca__n_components"": 60}",stage3_local_cv,1,0.625625,5.533
stage3_041,stage3_seed_0,"{""model__C"": 12.0, ""model__gamma"": 0.08, ""pca__n_components"": 60}",60,12.0,0.08,"{""model__C"": 12.0, ""model__gamma"": 0.08, ""pca__n_components"": 60}",stage3_local_cv,2,0.806875,4.057
stage3_041,stage3_seed_0,"{""model__C"": 12.0, ""model__gamma"": 0.08, ""pca__n_components"": 60}",60,12.0,0.08,"{""model__C"": 12.0, ""model__gamma"": 0.08, ""pca__n_components"": 60}",stage3_local_cv,3,0.816875,4.16
stage3_041,stage3_seed_0,"{""model__C"": 12.0, ""model__gamma"": 0.08, ""pca__n_components"": 60}",60,12.0,0.08,"{""model__C"": 12.0, ""model__gamma"": 0.08, ""pca__n_components"": 60}",stage3_local_cv,4,0.664375,5.731
stage3_042,stage3_seed_0,"{""model__C"": 2.0, ""model__gamma"": ""scale"", ""pca__n_components"": 64}",64,2.0,scale,"{""model__C"": 2.0, ""model__gamma"": ""scale"", ""pca__n_components"": 64}",stage3_local_cv,0,0.769375,3.298
stage3_042,stage3_seed_0,"{""model__C"": 2.0, ""model__gamma"": ""scale"", ""pca__n_components"": 64}",64,2.0,scale,"{""model__C"": 2.0, ""model__gamma"": ""scale"", ""pca__n_components"": 64}",stage3_local_cv,1,0.76,3.835
stage3_042,stage3_seed_0,"{""model__C"": 2.0, ""model__gamma"": ""scale"", ""pca__n_components"": 64}",64,2.0,scale,"{""model__C"": 2.0, ""model__gamma"": ""scale"", ""pca__n_components"": 64}",stage3_local_cv,2,0.751875,4.654
stage3_042,stage3_seed_0,"{""model__C"": 2.0, ""model__gamma"": ""scale"", ""pca__n_components"": 64}",64,2.0,scale,"{""model__C"": 2.0, ""model__gamma"": ""scale"", ""pca__n_components"": 64}",stage3_local_cv,3,0.761875,3.465
stage3_042,stage3_seed_0,"{""model__C"": 2.0, ""model__gamma"": ""scale"", ""pca__n_components"": 64}",64,2.0,scale,"{""model__C"": 2.0, ""model__gamma"": ""scale"", ""pca__n_components"": 64}",stage3_local_cv,4,0.748125,3.414
stage3_043,stage3_seed_0,"{""model__C"": 2.0, ""model__gamma"": 0.005, ""pca__n_components"": 64}",64,2.0,0.005,"{""model__C"": 2.0, ""model__gamma"": 0.005, ""pca__n_components"": 64}",stage3_local_cv,0,0.76625,3.418
stage3_043,stage3_seed_0,"{""model__C"": 2.0, ""model__gamma"": 0.005, ""pca__n_components"": 64}",64,2.0,0.005,"{""model__C"": 2.0, ""model__gamma"": 0.005, ""pca__n_components"": 64}",stage3_local_cv,1,0.75625,3.455
stage3_043,stage3_seed_0,"{""model__C"": 2.0, ""model__gamma"": 0.005, ""pca__n_components"": 64}",64,2.0,0.005,"{""model__C"": 2.0, ""model__gamma"": 0.005, ""pca__n_components"": 64}",stage3_local_cv,2,0.746875,3.338
stage3_043,stage3_seed_0,"{""model__C"": 2.0, ""model__gamma"": 0.005, ""pca__n_components"": 64}",64,2.0,0.005,"{""model__C"": 2.0, ""model__gamma"": 0.005, ""pca__n_components"": 64}",stage3_local_cv,3,0.7575,4.553
stage3_043,stage3_seed_0,"{""model__C"": 2.0, ""model__gamma"": 0.005, ""pca__n_components"": 64}",64,2.0,0.005,"{""model__C"": 2.0, ""model__gamma"": 0.005, ""pca__n_components"": 64}",stage3_local_cv,4,0.74625,3.418
stage3_044,stage3_seed_0,"{""model__C"": 2.0, ""model__gamma"": 0.01, ""pca__n_components"": 64}",64,2.0,0.01,"{""model__C"": 2.0, ""model__gamma"": 0.01, ""pca__n_components"": 64}",stage3_local_cv,0,0.80375,5.22
stage3_044,stage3_seed_0,"{""model__C"": 2.0, ""model__gamma"": 0.01, ""pca__n_components"": 64}",64,2.0,0.01,"{""model__C"": 2.0, ""model__gamma"": 0.01, ""pca__n_components"": 64}",stage3_local_cv,1,0.795625,4.26
stage3_044,stage3_seed_0,"{""model__C"": 2.0, ""model__gamma"": 0.01, ""pca__n_components"": 64}",64,2.0,0.01,"{""model__C"": 2.0, ""model__gamma"": 0.01, ""pca__n_components"": 64}",stage3_local_cv,2,0.789375,3.839
stage3_044,stage3_seed_0,"{""model__C"": 2.0, ""model__gamma"": 0.01, ""pca__n_components"": 64}",64,2.0,0.01,"{""model__C"": 2.0, ""model__gamma"": 0.01, ""pca__n_components"": 64}",stage3_local_cv,3,0.791875,3.904
stage3_044,stage3_seed_0,"{""model__C"": 2.0, ""model__gamma"": 0.01, ""pca__n_components"": 64}",64,2.0,0.01,"{""model__C"": 2.0, ""model__gamma"": 0.01, ""pca__n_components"": 64}",stage3_local_cv,4,0.795,4.998
stage3_045,stage3_seed_0,"{""model__C"": 2.0, ""model__gamma"": 0.02, ""pca__n_components"": 64}",64,2.0,0.02,"{""model__C"": 2.0, ""model__gamma"": 0.02, ""pca__n_components"": 64}",stage3_local_cv,0,0.808125,3.687
stage3_045,stage3_seed_0,"{""model__C"": 2.0, ""model__gamma"": 0.02, ""pca__n_components"": 64}",64,2.0,0.02,"{""model__C"": 2.0, ""model__gamma"": 0.02, ""pca__n_components"": 64}",stage3_local_cv,1,0.81125,4.932
stage3_045,stage3_seed_0,"{""model__C"": 2.0, ""model__gamma"": 0.02, ""pca__n_components"": 64}",64,2.0,0.02,"{""model__C"": 2.0, ""model__gamma"": 0.02, ""pca__n_components"": 64}",stage3_local_cv,2,0.799375,4.811
stage3_045,stage3_seed_0,"{""model__C"": 2.0, ""model__gamma"": 0.02, ""pca__n_components"": 64}",64,2.0,0.02,"{""model__C"": 2.0, ""model__gamma"": 0.02, ""pca__n_components"": 64}",stage3_local_cv,3,0.80625,3.717
stage3_045,stage3_seed_0,"{""model__C"": 2.0, ""model__gamma"": 0.02, ""pca__n_components"": 64}",64,2.0,0.02,"{""model__C"": 2.0, ""model__gamma"": 0.02, ""pca__n_components"": 64}",stage3_local_cv,4,0.801875,4.07
stage3_046,stage3_seed_0,"{""model__C"": 2.0, ""model__gamma"": 0.03, ""pca__n_components"": 64}",64,2.0,0.03,"{""model__C"": 2.0, ""model__gamma"": 0.03, ""pca__n_components"": 64}",stage3_local_cv,0,0.785625,3.665
stage3_046,stage3_seed_0,"{""model__C"": 2.0, ""model__gamma"": 0.03, ""pca__n_components"": 64}",64,2.0,0.03,"{""model__C"": 2.0, ""model__gamma"": 0.03, ""pca__n_components"": 64}",stage3_local_cv,1,0.7925,3.775
stage3_046,stage3_seed_0,"{""model__C"": 2.0, ""model__gamma"": 0.03, ""pca__n_components"": 64}",64,2.0,0.03,"{""model__C"": 2.0, ""model__gamma"": 0.03, ""pca__n_components"": 64}",stage3_local_cv,2,0.77125,4.133
stage3_046,stage3_seed_0,"{""model__C"": 2.0, ""model__gamma"": 0.03, ""pca__n_components"": 64}",64,2.0,0.03,"{""model__C"": 2.0, ""model__gamma"": 0.03, ""pca__n_components"": 64}",stage3_local_cv,3,0.78125,5.292
stage3_046,stage3_seed_0,"{""model__C"": 2.0, ""model__gamma"": 0.03, ""pca__n_components"": 64}",64,2.0,0.03,"{""model__C"": 2.0, ""model__gamma"": 0.03, ""pca__n_components"": 64}",stage3_local_cv,4,0.7725,3.71
stage3_047,stage3_seed_0,"{""model__C"": 2.0, ""model__gamma"": 0.04, ""pca__n_components"": 64}",64,2.0,0.04,"{""model__C"": 2.0, ""model__gamma"": 0.04, ""pca__n_components"": 64}",stage3_local_cv,0,0.761875,5.21
stage3_047,stage3_seed_0,"{""model__C"": 2.0, ""model__gamma"": 0.04, ""pca__n_components"": 64}",64,2.0,0.04,"{""model__C"": 2.0, ""model__gamma"": 0.04, ""pca__n_components"": 64}",stage3_local_cv,1,0.775,3.655
stage3_047,stage3_seed_0,"{""model__C"": 2.0, ""model__gamma"": 0.04, ""pca__n_components"": 64}",64,2.0,0.04,"{""model__C"": 2.0, ""model__gamma"": 0.04, ""pca__n_components"": 64}",stage3_local_cv,2,0.740625,3.714
stage3_047,stage3_seed_0,"{""model__C"": 2.0, ""model__gamma"": 0.04, ""pca__n_components"": 64}",64,2.0,0.04,"{""model__C"": 2.0, ""model__gamma"": 0.04, ""pca__n_components"": 64}",stage3_local_cv,3,0.766875,3.699
stage3_047,stage3_seed_0,"{""model__C"": 2.0, ""model__gamma"": 0.04, ""pca__n_components"": 64}",64,2.0,0.04,"{""model__C"": 2.0, ""model__gamma"": 0.04, ""pca__n_components"": 64}",stage3_local_cv,4,0.7575,4.41
stage3_048,stage3_seed_0,"{""model__C"": 2.0, ""model__gamma"": 0.08, ""pca__n_components"": 64}",64,2.0,0.08,"{""model__C"": 2.0, ""model__gamma"": 0.08, ""pca__n_components"": 64}",stage3_local_cv,0,0.611875,4.876
stage3_048,stage3_seed_0,"{""model__C"": 2.0, ""model__gamma"": 0.08, ""pca__n_components"": 64}",64,2.0,0.08,"{""model__C"": 2.0, ""model__gamma"": 0.08, ""pca__n_components"": 64}",stage3_local_cv,1,0.626875,5.106
stage3_048,stage3_seed_0,"{""model__C"": 2.0, ""model__gamma"": 0.08, ""pca__n_components"": 64}",64,2.0,0.08,"{""model__C"": 2.0, ""model__gamma"": 0.08, ""pca__n_components"": 64}",stage3_local_cv,2,0.795,3.712
stage3_048,stage3_seed_0,"{""model__C"": 2.0, ""model__gamma"": 0.08, ""pca__n_components"": 64}",64,2.0,0.08,"{""model__C"": 2.0, ""model__gamma"": 0.08, ""pca__n_components"": 64}",stage3_local_cv,3,0.813125,3.512
stage3_048,stage3_seed_0,"{""model__C"": 2.0, ""model__gamma"": 0.08, ""pca__n_components"": 64}",64,2.0,0.08,"{""model__C"": 2.0, ""model__gamma"": 0.08, ""pca__n_components"": 64}",stage3_local_cv,4,0.683125,4.267
stage3_049,stage3_seed_0,"{""model__C"": 3.0, ""model__gamma"": ""scale"", ""pca__n_components"": 64}",64,3.0,scale,"{""model__C"": 3.0, ""model__gamma"": ""scale"", ""pca__n_components"": 64}",stage3_local_cv,0,0.781875,3.449
stage3_049,stage3_seed_0,"{""model__C"": 3.0, ""model__gamma"": ""scale"", ""pca__n_components"": 64}",64,3.0,scale,"{""model__C"": 3.0, ""model__gamma"": ""scale"", ""pca__n_components"": 64}",stage3_local_cv,1,0.780625,3.666
stage3_049,stage3_seed_0,"{""model__C"": 3.0, ""model__gamma"": ""scale"", ""pca__n_components"": 64}",64,3.0,scale,"{""model__C"": 3.0, ""model__gamma"": ""scale"", ""pca__n_components"": 64}",stage3_local_cv,2,0.7675,4.727
stage3_049,stage3_seed_0,"{""model__C"": 3.0, ""model__gamma"": ""scale"", ""pca__n_components"": 64}",64,3.0,scale,"{""model__C"": 3.0, ""model__gamma"": ""scale"", ""pca__n_components"": 64}",stage3_local_cv,3,0.771875,4.684
stage3_049,stage3_seed_0,"{""model__C"": 3.0, ""model__gamma"": ""scale"", ""pca__n_components"": 64}",64,3.0,scale,"{""model__C"": 3.0, ""model__gamma"": ""scale"", ""pca__n_components"": 64}",stage3_local_cv,4,0.76625,3.53
stage3_050,stage3_seed_0,"{""model__C"": 3.0, ""model__gamma"": 0.005, ""pca__n_components"": 64}",64,3.0,0.005,"{""model__C"": 3.0, ""model__gamma"": 0.005, ""pca__n_components"": 64}",stage3_local_cv,0,0.779375,4.78
stage3_050,stage3_seed_0,"{""model__C"": 3.0, ""model__gamma"": 0.005, ""pca__n_components"": 64}",64,3.0,0.005,"{""model__C"": 3.0, ""model__gamma"": 0.005, ""pca__n_components"": 64}",stage3_local_cv,1,0.773125,3.639
stage3_050,stage3_seed_0,"{""model__C"": 3.0, ""model__gamma"": 0.005, ""pca__n_components"": 64}",64,3.0,0.005,"{""model__C"": 3.0, ""model__gamma"": 0.005, ""pca__n_components"": 64}",stage3_local_cv,2,0.763125,3.527
stage3_050,stage3_seed_0,"{""model__C"": 3.0, ""model__gamma"": 0.005, ""pca__n_components"": 64}",64,3.0,0.005,"{""model__C"": 3.0, ""model__gamma"": 0.005, ""pca__n_components"": 64}",stage3_local_cv,3,0.763125,4.032
stage3_050,stage3_seed_0,"{""model__C"": 3.0, ""model__gamma"": 0.005, ""pca__n_components"": 64}",64,3.0,0.005,"{""model__C"": 3.0, ""model__gamma"": 0.005, ""pca__n_components"": 64}",stage3_local_cv,4,0.759375,3.567
stage3_051,stage3_seed_0,"{""model__C"": 3.0, ""model__gamma"": 0.01, ""pca__n_components"": 64}",64,3.0,0.01,"{""model__C"": 3.0, ""model__gamma"": 0.01, ""pca__n_components"": 64}",stage3_local_cv,0,0.81375,3.886
stage3_051,stage3_seed_0,"{""model__C"": 3.0, ""model__gamma"": 0.01, ""pca__n_components"": 64}",64,3.0,0.01,"{""model__C"": 3.0, ""model__gamma"": 0.01, ""pca__n_components"": 64}",stage3_local_cv,1,0.810625,5.289
stage3_051,stage3_seed_0,"{""model__C"": 3.0, ""model__gamma"": 0.01, ""pca__n_components"": 64}",64,3.0,0.01,"{""model__C"": 3.0, ""model__gamma"": 0.01, ""pca__n_components"": 64}",stage3_local_cv,2,0.80125,3.929
stage3_051,stage3_seed_0,"{""model__C"": 3.0, ""model__gamma"": 0.01, ""pca__n_components"": 64}",64,3.0,0.01,"{""model__C"": 3.0, ""model__gamma"": 0.01, ""pca__n_components"": 64}",stage3_local_cv,3,0.800625,3.961
stage3_051,stage3_seed_0,"{""model__C"": 3.0, ""model__gamma"": 0.01, ""pca__n_components"": 64}",64,3.0,0.01,"{""model__C"": 3.0, ""model__gamma"": 0.01, ""pca__n_components"": 64}",stage3_local_cv,4,0.803125,5.165
stage3_052,stage3_seed_0,"{""model__C"": 3.0, ""model__gamma"": 0.02, ""pca__n_components"": 64}",64,3.0,0.02,"{""model__C"": 3.0, ""model__gamma"": 0.02, ""pca__n_components"": 64}",stage3_local_cv,0,0.805625,3.678
stage3_052,stage3_seed_0,"{""model__C"": 3.0, ""model__gamma"": 0.02, ""pca__n_components"": 64}",64,3.0,0.02,"{""model__C"": 3.0, ""model__gamma"": 0.02, ""pca__n_components"": 64}",stage3_local_cv,1,0.814375,3.789
stage3_052,stage3_seed_0,"{""model__C"": 3.0, ""model__gamma"": 0.02, ""pca__n_components"": 64}",64,3.0,0.02,"{""model__C"": 3.0, ""model__gamma"": 0.02, ""pca__n_components"": 64}",stage3_local_cv,2,0.796875,5.214
stage3_052,stage3_seed_0,"{""model__C"": 3.0, ""model__gamma"": 0.02, ""pca__n_components"": 64}",64,3.0,0.02,"{""model__C"": 3.0, ""model__gamma"": 0.02, ""pca__n_components"": 64}",stage3_local_cv,3,0.8025,4.791
stage3_052,stage3_seed_0,"{""model__C"": 3.0, ""model__gamma"": 0.02, ""pca__n_components"": 64}",64,3.0,0.02,"{""model__C"": 3.0, ""model__gamma"": 0.02, ""pca__n_components"": 64}",stage3_local_cv,4,0.801875,3.726
stage3_053,stage3_seed_0,"{""model__C"": 3.0, ""model__gamma"": 0.03, ""pca__n_components"": 64}",64,3.0,0.03,"{""model__C"": 3.0, ""model__gamma"": 0.03, ""pca__n_components"": 64}",stage3_local_cv,0,0.78375,5.423
stage3_053,stage3_seed_0,"{""model__C"": 3.0, ""model__gamma"": 0.03, ""pca__n_components"": 64}",64,3.0,0.03,"{""model__C"": 3.0, ""model__gamma"": 0.03, ""pca__n_components"": 64}",stage3_local_cv,1,0.795,3.767
stage3_053,stage3_seed_0,"{""model__C"": 3.0, ""model__gamma"": 0.03, ""pca__n_components"": 64}",64,3.0,0.03,"{""model__C"": 3.0, ""model__gamma"": 0.03, ""pca__n_components"": 64}",stage3_local_cv,2,0.77125,3.646
stage3_053,stage3_seed_0,"{""model__C"": 3.0, ""model__gamma"": 0.03, ""pca__n_components"": 64}",64,3.0,0.03,"{""model__C"": 3.0, ""model__gamma"": 0.03, ""pca__n_components"": 64}",stage3_local_cv,3,0.779375,4.264
stage3_053,stage3_seed_0,"{""model__C"": 3.0, ""model__gamma"": 0.03, ""pca__n_components"": 64}",64,3.0,0.03,"{""model__C"": 3.0, ""model__gamma"": 0.03, ""pca__n_components"": 64}",stage3_local_cv,4,0.774375,3.758
stage3_054,stage3_seed_0,"{""model__C"": 3.0, ""model__gamma"": 0.04, ""pca__n_components"": 64}",64,3.0,0.04,"{""model__C"": 3.0, ""model__gamma"": 0.04, ""pca__n_components"": 64}",stage3_local_cv,0,0.76125,3.68
stage3_054,stage3_seed_0,"{""model__C"": 3.0, ""model__gamma"": 0.04, ""pca__n_components"": 64}",64,3.0,0.04,"{""model__C"": 3.0, ""model__gamma"": 0.04, ""pca__n_components"": 64}",stage3_local_cv,1,0.774375,5.187
stage3_054,stage3_seed_0,"{""model__C"": 3.0, ""model__gamma"": 0.04, ""pca__n_components"": 64}",64,3.0,0.04,"{""model__C"": 3.0, ""model__gamma"": 0.04, ""pca__n_components"": 64}",stage3_local_cv,2,0.74375,3.681
stage3_054,stage3_seed_0,"{""model__C"": 3.0, ""model__gamma"": 0.04, ""pca__n_components"": 64}",64,3.0,0.04,"{""model__C"": 3.0, ""model__gamma"": 0.04, ""pca__n_components"": 64}",stage3_local_cv,3,0.765,3.71
stage3_054,stage3_seed_0,"{""model__C"": 3.0, ""model__gamma"": 0.04, ""pca__n_components"": 64}",64,3.0,0.04,"{""model__C"": 3.0, ""model__gamma"": 0.04, ""pca__n_components"": 64}",stage3_local_cv,4,0.759375,4.976
stage3_055,stage3_seed_0,"{""model__C"": 3.0, ""model__gamma"": 0.08, ""pca__n_components"": 64}",64,3.0,0.08,"{""model__C"": 3.0, ""model__gamma"": 0.08, ""pca__n_components"": 64}",stage3_local_cv,0,0.6075,3.681
stage3_055,stage3_seed_0,"{""model__C"": 3.0, ""model__gamma"": 0.08, ""pca__n_components"": 64}",64,3.0,0.08,"{""model__C"": 3.0, ""model__gamma"": 0.08, ""pca__n_components"": 64}",stage3_local_cv,1,0.6175,3.697
stage3_055,stage3_seed_0,"{""model__C"": 3.0, ""model__gamma"": 0.08, ""pca__n_components"": 64}",64,3.0,0.08,"{""model__C"": 3.0, ""model__gamma"": 0.08, ""pca__n_components"": 64}",stage3_local_cv,2,0.80625,5.012
stage3_055,stage3_seed_0,"{""model__C"": 3.0, ""model__gamma"": 0.08, ""pca__n_components"": 64}",64,3.0,0.08,"{""model__C"": 3.0, ""model__gamma"": 0.08, ""pca__n_components"": 64}",stage3_local_cv,3,0.814375,3.917
stage3_055,stage3_seed_0,"{""model__C"": 3.0, ""model__gamma"": 0.08, ""pca__n_components"": 64}",64,3.0,0.08,"{""model__C"": 3.0, ""model__gamma"": 0.08, ""pca__n_components"": 64}",stage3_local_cv,4,0.679375,3.584
stage3_056,stage3_seed_0,"{""model__C"": 4.0, ""model__gamma"": ""scale"", ""pca__n_components"": 64}",64,4.0,scale,"{""model__C"": 4.0, ""model__gamma"": ""scale"", ""pca__n_components"": 64}",stage3_local_cv,0,0.796875,4.672
stage3_056,stage3_seed_0,"{""model__C"": 4.0, ""model__gamma"": ""scale"", ""pca__n_components"": 64}",64,4.0,scale,"{""model__C"": 4.0, ""model__gamma"": ""scale"", ""pca__n_components"": 64}",stage3_local_cv,1,0.78125,3.812
stage3_056,stage3_seed_0,"{""model__C"": 4.0, ""model__gamma"": ""scale"", ""pca__n_components"": 64}",64,4.0,scale,"{""model__C"": 4.0, ""model__gamma"": ""scale"", ""pca__n_components"": 64}",stage3_local_cv,2,0.781875,3.697
stage3_056,stage3_seed_0,"{""model__C"": 4.0, ""model__gamma"": ""scale"", ""pca__n_components"": 64}",64,4.0,scale,"{""model__C"": 4.0, ""model__gamma"": ""scale"", ""pca__n_components"": 64}",stage3_local_cv,3,0.776875,4.727
stage3_056,stage3_seed_0,"{""model__C"": 4.0, ""model__gamma"": ""scale"", ""pca__n_components"": 64}",64,4.0,scale,"{""model__C"": 4.0, ""model__gamma"": ""scale"", ""pca__n_components"": 64}",stage3_local_cv,4,0.778125,3.675
stage3_057,stage3_seed_0,"{""model__C"": 4.0, ""model__gamma"": 0.005, ""pca__n_components"": 64}",64,4.0,0.005,"{""model__C"": 4.0, ""model__gamma"": 0.005, ""pca__n_components"": 64}",stage3_local_cv,0,0.791875,4.198
stage3_057,stage3_seed_0,"{""model__C"": 4.0, ""model__gamma"": 0.005, ""pca__n_components"": 64}",64,4.0,0.005,"{""model__C"": 4.0, ""model__gamma"": 0.005, ""pca__n_components"": 64}",stage3_local_cv,1,0.78,4.969
stage3_057,stage3_seed_0,"{""model__C"": 4.0, ""model__gamma"": 0.005, ""pca__n_components"": 64}",64,4.0,0.005,"{""model__C"": 4.0, ""model__gamma"": 0.005, ""pca__n_components"": 64}",stage3_local_cv,2,0.77625,3.652
stage3_057,stage3_seed_0,"{""model__C"": 4.0, ""model__gamma"": 0.005, ""pca__n_components"": 64}",64,4.0,0.005,"{""model__C"": 4.0, ""model__gamma"": 0.005, ""pca__n_components"": 64}",stage3_local_cv,3,0.776875,3.724
stage3_057,stage3_seed_0,"{""model__C"": 4.0, ""model__gamma"": 0.005, ""pca__n_components"": 64}",64,4.0,0.005,"{""model__C"": 4.0, ""model__gamma"": 0.005, ""pca__n_components"": 64}",stage3_local_cv,4,0.776875,4.732
stage3_058,stage3_seed_0,"{""model__C"": 4.0, ""model__gamma"": 0.01, ""pca__n_components"": 64}",64,4.0,0.01,"{""model__C"": 4.0, ""model__gamma"": 0.01, ""pca__n_components"": 64}",stage3_local_cv,0,0.809375,3.962
stage3_058,stage3_seed_0,"{""model__C"": 4.0, ""model__gamma"": 0.01, ""pca__n_components"": 64}",64,4.0,0.01,"{""model__C"": 4.0, ""model__gamma"": 0.01, ""pca__n_components"": 64}",stage3_local_cv,1,0.8075,4.089
stage3_058,stage3_seed_0,"{""model__C"": 4.0, ""model__gamma"": 0.01, ""pca__n_components"": 64}",64,4.0,0.01,"{""model__C"": 4.0, ""model__gamma"": 0.01, ""pca__n_components"": 64}",stage3_local_cv,2,0.804375,5.5
stage3_058,stage3_seed_0,"{""model__C"": 4.0, ""model__gamma"": 0.01, ""pca__n_components"": 64}",64,4.0,0.01,"{""model__C"": 4.0, ""model__gamma"": 0.01, ""pca__n_components"": 64}",stage3_local_cv,3,0.799375,4.328
stage3_058,stage3_seed_0,"{""model__C"": 4.0, ""model__gamma"": 0.01, ""pca__n_components"": 64}",64,4.0,0.01,"{""model__C"": 4.0, ""model__gamma"": 0.01, ""pca__n_components"": 64}",stage3_local_cv,4,0.79625,3.989
stage3_059,stage3_seed_0,"{""model__C"": 4.0, ""model__gamma"": 0.02, ""pca__n_components"": 64}",64,4.0,0.02,"{""model__C"": 4.0, ""model__gamma"": 0.02, ""pca__n_components"": 64}",stage3_local_cv,0,0.80375,4.179
stage3_059,stage3_seed_0,"{""model__C"": 4.0, ""model__gamma"": 0.02, ""pca__n_components"": 64}",64,4.0,0.02,"{""model__C"": 4.0, ""model__gamma"": 0.02, ""pca__n_components"": 64}",stage3_local_cv,1,0.816875,3.785
stage3_059,stage3_seed_0,"{""model__C"": 4.0, ""model__gamma"": 0.02, ""pca__n_components"": 64}",64,4.0,0.02,"{""model__C"": 4.0, ""model__gamma"": 0.02, ""pca__n_components"": 64}",stage3_local_cv,2,0.795625,3.708
stage3_059,stage3_seed_0,"{""model__C"": 4.0, ""model__gamma"": 0.02, ""pca__n_components"": 64}",64,4.0,0.02,"{""model__C"": 4.0, ""model__gamma"": 0.02, ""pca__n_components"": 64}",stage3_local_cv,3,0.804375,4.815
stage3_059,stage3_seed_0,"{""model__C"": 4.0, ""model__gamma"": 0.02, ""pca__n_components"": 64}",64,4.0,0.02,"{""model__C"": 4.0, ""model__gamma"": 0.02, ""pca__n_components"": 64}",stage3_local_cv,4,0.80125,3.757
stage3_060,stage3_seed_0,"{""model__C"": 4.0, ""model__gamma"": 0.03, ""pca__n_components"": 64}",64,4.0,0.03,"{""model__C"": 4.0, ""model__gamma"": 0.03, ""pca__n_components"": 64}",stage3_local_cv,0,0.783125,4.855
stage3_060,stage3_seed_0,"{""model__C"": 4.0, ""model__gamma"": 0.03, ""pca__n_components"": 64}",64,4.0,0.03,"{""model__C"": 4.0, ""model__gamma"": 0.03, ""pca__n_components"": 64}",stage3_local_cv,1,0.79375,5.839
stage3_060,stage3_seed_0,"{""model__C"": 4.0, ""model__gamma"": 0.03, ""pca__n_components"": 64}",64,4.0,0.03,"{""model__C"": 4.0, ""model__gamma"": 0.03, ""pca__n_components"": 64}",stage3_local_cv,2,0.77125,3.619
stage3_060,stage3_seed_0,"{""model__C"": 4.0, ""model__gamma"": 0.03, ""pca__n_components"": 64}",64,4.0,0.03,"{""model__C"": 4.0, ""model__gamma"": 0.03, ""pca__n_components"": 64}",stage3_local_cv,3,0.78,3.702
stage3_060,stage3_seed_0,"{""model__C"": 4.0, ""model__gamma"": 0.03, ""pca__n_components"": 64}",64,4.0,0.03,"{""model__C"": 4.0, ""model__gamma"": 0.03, ""pca__n_components"": 64}",stage3_local_cv,4,0.775625,5.112
stage3_061,stage3_seed_0,"{""model__C"": 4.0, ""model__gamma"": 0.04, ""pca__n_components"": 64}",64,4.0,0.04,"{""model__C"": 4.0, ""model__gamma"": 0.04, ""pca__n_components"": 64}",stage3_local_cv,0,0.76,3.633
stage3_061,stage3_seed_0,"{""model__C"": 4.0, ""model__gamma"": 0.04, ""pca__n_components"": 64}",64,4.0,0.04,"{""model__C"": 4.0, ""model__gamma"": 0.04, ""pca__n_components"": 64}",stage3_local_cv,1,0.77625,3.714
stage3_061,stage3_seed_0,"{""model__C"": 4.0, ""model__gamma"": 0.04, ""pca__n_components"": 64}",64,4.0,0.04,"{""model__C"": 4.0, ""model__gamma"": 0.04, ""pca__n_components"": 64}",stage3_local_cv,2,0.7425,4.877
stage3_061,stage3_seed_0,"{""model__C"": 4.0, ""model__gamma"": 0.04, ""pca__n_components"": 64}",64,4.0,0.04,"{""model__C"": 4.0, ""model__gamma"": 0.04, ""pca__n_components"": 64}",stage3_local_cv,3,0.76625,3.736
stage3_061,stage3_seed_0,"{""model__C"": 4.0, ""model__gamma"": 0.04, ""pca__n_components"": 64}",64,4.0,0.04,"{""model__C"": 4.0, ""model__gamma"": 0.04, ""pca__n_components"": 64}",stage3_local_cv,4,0.75875,3.729
stage3_062,stage3_seed_0,"{""model__C"": 4.0, ""model__gamma"": 0.08, ""pca__n_components"": 64}",64,4.0,0.08,"{""model__C"": 4.0, ""model__gamma"": 0.08, ""pca__n_components"": 64}",stage3_local_cv,0,0.60375,3.682
stage3_062,stage3_seed_0,"{""model__C"": 4.0, ""model__gamma"": 0.08, ""pca__n_components"": 64}",64,4.0,0.08,"{""model__C"": 4.0, ""model__gamma"": 0.08, ""pca__n_components"": 64}",stage3_local_cv,1,0.61625,3.73
stage3_062,stage3_seed_0,"{""model__C"": 4.0, ""model__gamma"": 0.08, ""pca__n_components"": 64}",64,4.0,0.08,"{""model__C"": 4.0, ""model__gamma"": 0.08, ""pca__n_components"": 64}",stage3_local_cv,2,0.803125,3.894
stage3_062,stage3_seed_0,"{""model__C"": 4.0, ""model__gamma"": 0.08, ""pca__n_components"": 64}",64,4.0,0.08,"{""model__C"": 4.0, ""model__gamma"": 0.08, ""pca__n_components"": 64}",stage3_local_cv,3,0.8125,4.874
stage3_062,stage3_seed_0,"{""model__C"": 4.0, ""model__gamma"": 0.08, ""pca__n_components"": 64}",64,4.0,0.08,"{""model__C"": 4.0, ""model__gamma"": 0.08, ""pca__n_components"": 64}",stage3_local_cv,4,0.67,3.589
stage3_063,stage3_seed_0,"{""model__C"": 6.0, ""model__gamma"": ""scale"", ""pca__n_components"": 64}",64,6.0,scale,"{""model__C"": 6.0, ""model__gamma"": ""scale"", ""pca__n_components"": 64}",stage3_local_cv,0,0.803125,5.539
stage3_063,stage3_seed_0,"{""model__C"": 6.0, ""model__gamma"": ""scale"", ""pca__n_components"": 64}",64,6.0,scale,"{""model__C"": 6.0, ""model__gamma"": ""scale"", ""pca__n_components"": 64}",stage3_local_cv,1,0.80125,5.335
stage3_063,stage3_seed_0,"{""model__C"": 6.0, ""model__gamma"": ""scale"", ""pca__n_components"": 64}",64,6.0,scale,"{""model__C"": 6.0, ""model__gamma"": ""scale"", ""pca__n_components"": 64}",stage3_local_cv,2,0.794375,4.258
stage3_063,stage3_seed_0,"{""model__C"": 6.0, ""model__gamma"": ""scale"", ""pca__n_components"": 64}",64,6.0,scale,"{""model__C"": 6.0, ""model__gamma"": ""scale"", ""pca__n_components"": 64}",stage3_local_cv,3,0.788125,4.389
stage3_063,stage3_seed_0,"{""model__C"": 6.0, ""model__gamma"": ""scale"", ""pca__n_components"": 64}",64,6.0,scale,"{""model__C"": 6.0, ""model__gamma"": ""scale"", ""pca__n_components"": 64}",stage3_local_cv,4,0.79125,5.677
stage3_064,stage3_seed_0,"{""model__C"": 6.0, ""model__gamma"": 0.005, ""pca__n_components"": 64}",64,6.0,0.005,"{""model__C"": 6.0, ""model__gamma"": 0.005, ""pca__n_components"": 64}",stage3_local_cv,0,0.80625,3.85
stage3_064,stage3_seed_0,"{""model__C"": 6.0, ""model__gamma"": 0.005, ""pca__n_components"": 64}",64,6.0,0.005,"{""model__C"": 6.0, ""model__gamma"": 0.005, ""pca__n_components"": 64}",stage3_local_cv,1,0.793125,4.017
stage3_064,stage3_seed_0,"{""model__C"": 6.0, ""model__gamma"": 0.005, ""pca__n_components"": 64}",64,6.0,0.005,"{""model__C"": 6.0, ""model__gamma"": 0.005, ""pca__n_components"": 64}",stage3_local_cv,2,0.79125,5.009
stage3_064,stage3_seed_0,"{""model__C"": 6.0, ""model__gamma"": 0.005, ""pca__n_components"": 64}",64,6.0,0.005,"{""model__C"": 6.0, ""model__gamma"": 0.005, ""pca__n_components"": 64}",stage3_local_cv,3,0.785625,4.196
stage3_064,stage3_seed_0,"{""model__C"": 6.0, ""model__gamma"": 0.005, ""pca__n_components"": 64}",64,6.0,0.005,"{""model__C"": 6.0, ""model__gamma"": 0.005, ""pca__n_components"": 64}",stage3_local_cv,4,0.786875,4.01
stage3_065,stage3_seed_0,"{""model__C"": 6.0, ""model__gamma"": 0.01, ""pca__n_components"": 64}",64,6.0,0.01,"{""model__C"": 6.0, ""model__gamma"": 0.01, ""pca__n_components"": 64}",stage3_local_cv,0,0.80875,4.002
stage3_065,stage3_seed_0,"{""model__C"": 6.0, ""model__gamma"": 0.01, ""pca__n_components"": 64}",64,6.0,0.01,"{""model__C"": 6.0, ""model__gamma"": 0.01, ""pca__n_components"": 64}",stage3_local_cv,1,0.814375,4.11
stage3_065,stage3_seed_0,"{""model__C"": 6.0, ""model__gamma"": 0.01, ""pca__n_components"": 64}",64,6.0,0.01,"{""model__C"": 6.0, ""model__gamma"": 0.01, ""pca__n_components"": 64}",stage3_local_cv,2,0.815625,4.299
stage3_065,stage3_seed_0,"{""model__C"": 6.0, ""model__gamma"": 0.01, ""pca__n_components"": 64}",64,6.0,0.01,"{""model__C"": 6.0, ""model__gamma"": 0.01, ""pca__n_components"": 64}",stage3_local_cv,3,0.805625,5.165
stage3_065,stage3_seed_0,"{""model__C"": 6.0, ""model__gamma"": 0.01, ""pca__n_components"": 64}",64,6.0,0.01,"{""model__C"": 6.0, ""model__gamma"": 0.01, ""pca__n_components"": 64}",stage3_local_cv,4,0.799375,4.068
stage3_066,stage3_seed_0,"{""model__C"": 6.0, ""model__gamma"": 0.02, ""pca__n_components"": 64}",64,6.0,0.02,"{""model__C"": 6.0, ""model__gamma"": 0.02, ""pca__n_components"": 64}",stage3_local_cv,0,0.8025,5.323
stage3_066,stage3_seed_0,"{""model__C"": 6.0, ""model__gamma"": 0.02, ""pca__n_components"": 64}",64,6.0,0.02,"{""model__C"": 6.0, ""model__gamma"": 0.02, ""pca__n_components"": 64}",stage3_local_cv,1,0.81375,5.321
stage3_066,stage3_seed_0,"{""model__C"": 6.0, ""model__gamma"": 0.02, ""pca__n_components"": 64}",64,6.0,0.02,"{""model__C"": 6.0, ""model__gamma"": 0.02, ""pca__n_components"": 64}",stage3_local_cv,2,0.798125,3.676
stage3_066,stage3_seed_0,"{""model__C"": 6.0, ""model__gamma"": 0.02, ""pca__n_components"": 64}",64,6.0,0.02,"{""model__C"": 6.0, ""model__gamma"": 0.02, ""pca__n_components"": 64}",stage3_local_cv,3,0.803125,3.755
stage3_066,stage3_seed_0,"{""model__C"": 6.0, ""model__gamma"": 0.02, ""pca__n_components"": 64}",64,6.0,0.02,"{""model__C"": 6.0, ""model__gamma"": 0.02, ""pca__n_components"": 64}",stage3_local_cv,4,0.80125,5.086
stage3_067,stage3_seed_0,"{""model__C"": 6.0, ""model__gamma"": 0.03, ""pca__n_components"": 64}",64,6.0,0.03,"{""model__C"": 6.0, ""model__gamma"": 0.03, ""pca__n_components"": 64}",stage3_local_cv,0,0.781875,3.64
stage3_067,stage3_seed_0,"{""model__C"": 6.0, ""model__gamma"": 0.03, ""pca__n_components"": 64}",64,6.0,0.03,"{""model__C"": 6.0, ""model__gamma"": 0.03, ""pca__n_components"": 64}",stage3_local_cv,1,0.79,3.792
stage3_067,stage3_seed_0,"{""model__C"": 6.0, ""model__gamma"": 0.03, ""pca__n_components"": 64}",64,6.0,0.03,"{""model__C"": 6.0, ""model__gamma"": 0.03, ""pca__n_components"": 64}",stage3_local_cv,2,0.77,4.548
stage3_067,stage3_seed_0,"{""model__C"": 6.0, ""model__gamma"": 0.03, ""pca__n_components"": 64}",64,6.0,0.03,"{""model__C"": 6.0, ""model__gamma"": 0.03, ""pca__n_components"": 64}",stage3_local_cv,3,0.78,3.778
stage3_067,stage3_seed_0,"{""model__C"": 6.0, ""model__gamma"": 0.03, ""pca__n_components"": 64}",64,6.0,0.03,"{""model__C"": 6.0, ""model__gamma"": 0.03, ""pca__n_components"": 64}",stage3_local_cv,4,0.775625,3.766
stage3_068,stage3_seed_0,"{""model__C"": 6.0, ""model__gamma"": 0.04, ""pca__n_components"": 64}",64,6.0,0.04,"{""model__C"": 6.0, ""model__gamma"": 0.04, ""pca__n_components"": 64}",stage3_local_cv,0,0.759375,3.633
stage3_068,stage3_seed_0,"{""model__C"": 6.0, ""model__gamma"": 0.04, ""pca__n_components"": 64}",64,6.0,0.04,"{""model__C"": 6.0, ""model__gamma"": 0.04, ""pca__n_components"": 64}",stage3_local_cv,1,0.775625,3.73
stage3_068,stage3_seed_0,"{""model__C"": 6.0, ""model__gamma"": 0.04, ""pca__n_components"": 64}",64,6.0,0.04,"{""model__C"": 6.0, ""model__gamma"": 0.04, ""pca__n_components"": 64}",stage3_local_cv,2,0.741875,4.341
stage3_068,stage3_seed_0,"{""model__C"": 6.0, ""model__gamma"": 0.04, ""pca__n_components"": 64}",64,6.0,0.04,"{""model__C"": 6.0, ""model__gamma"": 0.04, ""pca__n_components"": 64}",stage3_local_cv,3,0.763125,5.004
stage3_068,stage3_seed_0,"{""model__C"": 6.0, ""model__gamma"": 0.04, ""pca__n_components"": 64}",64,6.0,0.04,"{""model__C"": 6.0, ""model__gamma"": 0.04, ""pca__n_components"": 64}",stage3_local_cv,4,0.761875,3.732
stage3_069,stage3_seed_0,"{""model__C"": 6.0, ""model__gamma"": 0.08, ""pca__n_components"": 64}",64,6.0,0.08,"{""model__C"": 6.0, ""model__gamma"": 0.08, ""pca__n_components"": 64}",stage3_local_cv,0,0.60125,5.352
stage3_069,stage3_seed_0,"{""model__C"": 6.0, ""model__gamma"": 0.08, ""pca__n_components"": 64}",64,6.0,0.08,"{""model__C"": 6.0, ""model__gamma"": 0.08, ""pca__n_components"": 64}",stage3_local_cv,1,0.61,5.359
stage3_069,stage3_seed_0,"{""model__C"": 6.0, ""model__gamma"": 0.08, ""pca__n_components"": 64}",64,6.0,0.08,"{""model__C"": 6.0, ""model__gamma"": 0.08, ""pca__n_components"": 64}",stage3_local_cv,2,0.805625,3.463
stage3_069,stage3_seed_0,"{""model__C"": 6.0, ""model__gamma"": 0.08, ""pca__n_components"": 64}",64,6.0,0.08,"{""model__C"": 6.0, ""model__gamma"": 0.08, ""pca__n_components"": 64}",stage3_local_cv,3,0.813125,3.554
stage3_069,stage3_seed_0,"{""model__C"": 6.0, ""model__gamma"": 0.08, ""pca__n_components"": 64}",64,6.0,0.08,"{""model__C"": 6.0, ""model__gamma"": 0.08, ""pca__n_components"": 64}",stage3_local_cv,4,0.663125,5.024
stage3_070,stage3_seed_0,"{""model__C"": 8.0, ""model__gamma"": ""scale"", ""pca__n_components"": 64}",64,8.0,scale,"{""model__C"": 8.0, ""model__gamma"": ""scale"", ""pca__n_components"": 64}",stage3_local_cv,0,0.81125,4.365
stage3_070,stage3_seed_0,"{""model__C"": 8.0, ""model__gamma"": ""scale"", ""pca__n_components"": 64}",64,8.0,scale,"{""model__C"": 8.0, ""model__gamma"": ""scale"", ""pca__n_components"": 64}",stage3_local_cv,1,0.805,4.898
stage3_070,stage3_seed_0,"{""model__C"": 8.0, ""model__gamma"": ""scale"", ""pca__n_components"": 64}",64,8.0,scale,"{""model__C"": 8.0, ""model__gamma"": ""scale"", ""pca__n_components"": 64}",stage3_local_cv,2,0.8,5.812
stage3_070,stage3_seed_0,"{""model__C"": 8.0, ""model__gamma"": ""scale"", ""pca__n_components"": 64}",64,8.0,scale,"{""model__C"": 8.0, ""model__gamma"": ""scale"", ""pca__n_components"": 64}",stage3_local_cv,3,0.7975,5.399
stage3_070,stage3_seed_0,"{""model__C"": 8.0, ""model__gamma"": ""scale"", ""pca__n_components"": 64}",64,8.0,scale,"{""model__C"": 8.0, ""model__gamma"": ""scale"", ""pca__n_components"": 64}",stage3_local_cv,4,0.790625,4.487
stage3_071,stage3_seed_0,"{""model__C"": 8.0, ""model__gamma"": 0.005, ""pca__n_components"": 64}",64,8.0,0.005,"{""model__C"": 8.0, ""model__gamma"": 0.005, ""pca__n_components"": 64}",stage3_local_cv,0,0.809375,4.844
stage3_071,stage3_seed_0,"{""model__C"": 8.0, ""model__gamma"": 0.005, ""pca__n_components"": 64}",64,8.0,0.005,"{""model__C"": 8.0, ""model__gamma"": 0.005, ""pca__n_components"": 64}",stage3_local_cv,1,0.804375,4.965
stage3_071,stage3_seed_0,"{""model__C"": 8.0, ""model__gamma"": 0.005, ""pca__n_components"": 64}",64,8.0,0.005,"{""model__C"": 8.0, ""model__gamma"": 0.005, ""pca__n_components"": 64}",stage3_local_cv,2,0.79875,5.013
stage3_071,stage3_seed_0,"{""model__C"": 8.0, ""model__gamma"": 0.005, ""pca__n_components"": 64}",64,8.0,0.005,"{""model__C"": 8.0, ""model__gamma"": 0.005, ""pca__n_components"": 64}",stage3_local_cv,3,0.790625,5.411
stage3_071,stage3_seed_0,"{""model__C"": 8.0, ""model__gamma"": 0.005, ""pca__n_components"": 64}",64,8.0,0.005,"{""model__C"": 8.0, ""model__gamma"": 0.005, ""pca__n_components"": 64}",stage3_local_cv,4,0.78875,4.851
stage3_072,stage3_seed_0,"{""model__C"": 8.0, ""model__gamma"": 0.01, ""pca__n_components"": 64}",64,8.0,0.01,"{""model__C"": 8.0, ""model__gamma"": 0.01, ""pca__n_components"": 64}",stage3_local_cv,0,0.806875,5.508
stage3_072,stage3_seed_0,"{""model__C"": 8.0, ""model__gamma"": 0.01, ""pca__n_components"": 64}",64,8.0,0.01,"{""model__C"": 8.0, ""model__gamma"": 0.01, ""pca__n_components"": 64}",stage3_local_cv,1,0.81625,5.5
stage3_072,stage3_seed_0,"{""model__C"": 8.0, ""model__gamma"": 0.01, ""pca__n_components"": 64}",64,8.0,0.01,"{""model__C"": 8.0, ""model__gamma"": 0.01, ""pca__n_components"": 64}",stage3_local_cv,2,0.81875,4.008
stage3_072,stage3_seed_0,"{""model__C"": 8.0, ""model__gamma"": 0.01, ""pca__n_components"": 64}",64,8.0,0.01,"{""model__C"": 8.0, ""model__gamma"": 0.01, ""pca__n_components"": 64}",stage3_local_cv,3,0.804375,4.026
stage3_072,stage3_seed_0,"{""model__C"": 8.0, ""model__gamma"": 0.01, ""pca__n_components"": 64}",64,8.0,0.01,"{""model__C"": 8.0, ""model__gamma"": 0.01, ""pca__n_components"": 64}",stage3_local_cv,4,0.799375,5.202
stage3_073,stage3_seed_0,"{""model__C"": 8.0, ""model__gamma"": 0.02, ""pca__n_components"": 64}",64,8.0,0.02,"{""model__C"": 8.0, ""model__gamma"": 0.02, ""pca__n_components"": 64}",stage3_local_cv,0,0.8025,3.642
stage3_073,stage3_seed_0,"{""model__C"": 8.0, ""model__gamma"": 0.02, ""pca__n_components"": 64}",64,8.0,0.02,"{""model__C"": 8.0, ""model__gamma"": 0.02, ""pca__n_components"": 64}",stage3_local_cv,1,0.813125,3.773
stage3_073,stage3_seed_0,"{""model__C"": 8.0, ""model__gamma"": 0.02, ""pca__n_components"": 64}",64,8.0,0.02,"{""model__C"": 8.0, ""model__gamma"": 0.02, ""pca__n_components"": 64}",stage3_local_cv,2,0.793125,5.38
stage3_073,stage3_seed_0,"{""model__C"": 8.0, ""model__gamma"": 0.02, ""pca__n_components"": 64}",64,8.0,0.02,"{""model__C"": 8.0, ""model__gamma"": 0.02, ""pca__n_components"": 64}",stage3_local_cv,3,0.79875,5.079
stage3_073,stage3_seed_0,"{""model__C"": 8.0, ""model__gamma"": 0.02, ""pca__n_components"": 64}",64,8.0,0.02,"{""model__C"": 8.0, ""model__gamma"": 0.02, ""pca__n_components"": 64}",stage3_local_cv,4,0.8025,3.723
stage3_074,stage3_seed_0,"{""model__C"": 8.0, ""model__gamma"": 0.03, ""pca__n_components"": 64}",64,8.0,0.03,"{""model__C"": 8.0, ""model__gamma"": 0.03, ""pca__n_components"": 64}",stage3_local_cv,0,0.781875,3.658
stage3_074,stage3_seed_0,"{""model__C"": 8.0, ""model__gamma"": 0.03, ""pca__n_components"": 64}",64,8.0,0.03,"{""model__C"": 8.0, ""model__gamma"": 0.03, ""pca__n_components"": 64}",stage3_local_cv,1,0.790625,3.745
stage3_074,stage3_seed_0,"{""model__C"": 8.0, ""model__gamma"": 0.03, ""pca__n_components"": 64}",64,8.0,0.03,"{""model__C"": 8.0, ""model__gamma"": 0.03, ""pca__n_components"": 64}",stage3_local_cv,2,0.768125,3.679
stage3_074,stage3_seed_0,"{""model__C"": 8.0, ""model__gamma"": 0.03, ""pca__n_components"": 64}",64,8.0,0.03,"{""model__C"": 8.0, ""model__gamma"": 0.03, ""pca__n_components"": 64}",stage3_local_cv,3,0.77625,3.922
stage3_074,stage3_seed_0,"{""model__C"": 8.0, ""model__gamma"": 0.03, ""pca__n_components"": 64}",64,8.0,0.03,"{""model__C"": 8.0, ""model__gamma"": 0.03, ""pca__n_components"": 64}",stage3_local_cv,4,0.775625,3.762
stage3_075,stage3_seed_0,"{""model__C"": 8.0, ""model__gamma"": 0.04, ""pca__n_components"": 64}",64,8.0,0.04,"{""model__C"": 8.0, ""model__gamma"": 0.04, ""pca__n_components"": 64}",stage3_local_cv,0,0.75625,5.276
stage3_075,stage3_seed_0,"{""model__C"": 8.0, ""model__gamma"": 0.04, ""pca__n_components"": 64}",64,8.0,0.04,"{""model__C"": 8.0, ""model__gamma"": 0.04, ""pca__n_components"": 64}",stage3_local_cv,1,0.775625,5.294
stage3_075,stage3_seed_0,"{""model__C"": 8.0, ""model__gamma"": 0.04, ""pca__n_components"": 64}",64,8.0,0.04,"{""model__C"": 8.0, ""model__gamma"": 0.04, ""pca__n_components"": 64}",stage3_local_cv,2,0.7425,3.693
stage3_075,stage3_seed_0,"{""model__C"": 8.0, ""model__gamma"": 0.04, ""pca__n_components"": 64}",64,8.0,0.04,"{""model__C"": 8.0, ""model__gamma"": 0.04, ""pca__n_components"": 64}",stage3_local_cv,3,0.761875,3.66
stage3_075,stage3_seed_0,"{""model__C"": 8.0, ""model__gamma"": 0.04, ""pca__n_components"": 64}",64,8.0,0.04,"{""model__C"": 8.0, ""model__gamma"": 0.04, ""pca__n_components"": 64}",stage3_local_cv,4,0.75875,5.066
stage3_076,stage3_seed_0,"{""model__C"": 8.0, ""model__gamma"": 0.08, ""pca__n_components"": 64}",64,8.0,0.08,"{""model__C"": 8.0, ""model__gamma"": 0.08, ""pca__n_components"": 64}",stage3_local_cv,0,0.599375,3.647
stage3_076,stage3_seed_0,"{""model__C"": 8.0, ""model__gamma"": 0.08, ""pca__n_components"": 64}",64,8.0,0.08,"{""model__C"": 8.0, ""model__gamma"": 0.08, ""pca__n_components"": 64}",stage3_local_cv,1,0.60875,4.436
stage3_076,stage3_seed_0,"{""model__C"": 8.0, ""model__gamma"": 0.08, ""pca__n_components"": 64}",64,8.0,0.08,"{""model__C"": 8.0, ""model__gamma"": 0.08, ""pca__n_components"": 64}",stage3_local_cv,2,0.8075,4.559
stage3_076,stage3_seed_0,"{""model__C"": 8.0, ""model__gamma"": 0.08, ""pca__n_components"": 64}",64,8.0,0.08,"{""model__C"": 8.0, ""model__gamma"": 0.08, ""pca__n_components"": 64}",stage3_local_cv,3,0.813125,4.358
stage3_076,stage3_seed_0,"{""model__C"": 8.0, ""model__gamma"": 0.08, ""pca__n_components"": 64}",64,8.0,0.08,"{""model__C"": 8.0, ""model__gamma"": 0.08, ""pca__n_components"": 64}",stage3_local_cv,4,0.66,3.649
stage3_077,stage3_seed_0,"{""model__C"": 12.0, ""model__gamma"": ""scale"", ""pca__n_components"": 64}",64,12.0,scale,"{""model__C"": 12.0, ""model__gamma"": ""scale"", ""pca__n_components"": 64}",stage3_local_cv,0,0.8125,4.832
stage3_077,stage3_seed_0,"{""model__C"": 12.0, ""model__gamma"": ""scale"", ""pca__n_components"": 64}",64,12.0,scale,"{""model__C"": 12.0, ""model__gamma"": ""scale"", ""pca__n_components"": 64}",stage3_local_cv,1,0.810625,6.001
stage3_077,stage3_seed_0,"{""model__C"": 12.0, ""model__gamma"": ""scale"", ""pca__n_components"": 64}",64,12.0,scale,"{""model__C"": 12.0, ""model__gamma"": ""scale"", ""pca__n_components"": 64}",stage3_local_cv,2,0.805625,5.521
stage3_077,stage3_seed_0,"{""model__C"": 12.0, ""model__gamma"": ""scale"", ""pca__n_components"": 64}",64,12.0,scale,"{""model__C"": 12.0, ""model__gamma"": ""scale"", ""pca__n_components"": 64}",stage3_local_cv,3,0.789375,5.628
stage3_077,stage3_seed_0,"{""model__C"": 12.0, ""model__gamma"": ""scale"", ""pca__n_components"": 64}",64,12.0,scale,"{""model__C"": 12.0, ""model__gamma"": ""scale"", ""pca__n_components"": 64}",stage3_local_cv,4,0.796875,5.849
stage3_078,stage3_seed_0,"{""model__C"": 12.0, ""model__gamma"": 0.005, ""pca__n_components"": 64}",64,12.0,0.005,"{""model__C"": 12.0, ""model__gamma"": 0.005, ""pca__n_components"": 64}",stage3_local_cv,0,0.815625,6.131
stage3_078,stage3_seed_0,"{""model__C"": 12.0, ""model__gamma"": 0.005, ""pca__n_components"": 64}",64,12.0,0.005,"{""model__C"": 12.0, ""model__gamma"": 0.005, ""pca__n_components"": 64}",stage3_local_cv,1,0.81125,5.296
stage3_078,stage3_seed_0,"{""model__C"": 12.0, ""model__gamma"": 0.005, ""pca__n_components"": 64}",64,12.0,0.005,"{""model__C"": 12.0, ""model__gamma"": 0.005, ""pca__n_components"": 64}",stage3_local_cv,2,0.80375,5.072
stage3_078,stage3_seed_0,"{""model__C"": 12.0, ""model__gamma"": 0.005, ""pca__n_components"": 64}",64,12.0,0.005,"{""model__C"": 12.0, ""model__gamma"": 0.005, ""pca__n_components"": 64}",stage3_local_cv,3,0.7925,5.101
stage3_078,stage3_seed_0,"{""model__C"": 12.0, ""model__gamma"": 0.005, ""pca__n_components"": 64}",64,12.0,0.005,"{""model__C"": 12.0, ""model__gamma"": 0.005, ""pca__n_components"": 64}",stage3_local_cv,4,0.795,5.372
stage3_079,stage3_seed_0,"{""model__C"": 12.0, ""model__gamma"": 0.01, ""pca__n_components"": 64}",64,12.0,0.01,"{""model__C"": 12.0, ""model__gamma"": 0.01, ""pca__n_components"": 64}",stage3_local_cv,0,0.80375,3.956
stage3_079,stage3_seed_0,"{""model__C"": 12.0, ""model__gamma"": 0.01, ""pca__n_components"": 64}",64,12.0,0.01,"{""model__C"": 12.0, ""model__gamma"": 0.01, ""pca__n_components"": 64}",stage3_local_cv,1,0.819375,4.028
stage3_079,stage3_seed_0,"{""model__C"": 12.0, ""model__gamma"": 0.01, ""pca__n_components"": 64}",64,12.0,0.01,"{""model__C"": 12.0, ""model__gamma"": 0.01, ""pca__n_components"": 64}",stage3_local_cv,2,0.81125,5.447
stage3_079,stage3_seed_0,"{""model__C"": 12.0, ""model__gamma"": 0.01, ""pca__n_components"": 64}",64,12.0,0.01,"{""model__C"": 12.0, ""model__gamma"": 0.01, ""pca__n_components"": 64}",stage3_local_cv,3,0.801875,5.656
stage3_079,stage3_seed_0,"{""model__C"": 12.0, ""model__gamma"": 0.01, ""pca__n_components"": 64}",64,12.0,0.01,"{""model__C"": 12.0, ""model__gamma"": 0.01, ""pca__n_components"": 64}",stage3_local_cv,4,0.795,4.068
stage3_080,stage3_seed_0,"{""model__C"": 12.0, ""model__gamma"": 0.02, ""pca__n_components"": 64}",64,12.0,0.02,"{""model__C"": 12.0, ""model__gamma"": 0.02, ""pca__n_components"": 64}",stage3_local_cv,0,0.8,3.777
stage3_080,stage3_seed_0,"{""model__C"": 12.0, ""model__gamma"": 0.02, ""pca__n_components"": 64}",64,12.0,0.02,"{""model__C"": 12.0, ""model__gamma"": 0.02, ""pca__n_components"": 64}",stage3_local_cv,1,0.810625,5.365
stage3_080,stage3_seed_0,"{""model__C"": 12.0, ""model__gamma"": 0.02, ""pca__n_components"": 64}",64,12.0,0.02,"{""model__C"": 12.0, ""model__gamma"": 0.02, ""pca__n_components"": 64}",stage3_local_cv,2,0.79125,3.752
stage3_080,stage3_seed_0,"{""model__C"": 12.0, ""model__gamma"": 0.02, ""pca__n_components"": 64}",64,12.0,0.02,"{""model__C"": 12.0, ""model__gamma"": 0.02, ""pca__n_components"": 64}",stage3_local_cv,3,0.795,3.846
stage3_080,stage3_seed_0,"{""model__C"": 12.0, ""model__gamma"": 0.02, ""pca__n_components"": 64}",64,12.0,0.02,"{""model__C"": 12.0, ""model__gamma"": 0.02, ""pca__n_components"": 64}",stage3_local_cv,4,0.796875,5.463
stage3_081,stage3_seed_0,"{""model__C"": 12.0, ""model__gamma"": 0.03, ""pca__n_components"": 64}",64,12.0,0.03,"{""model__C"": 12.0, ""model__gamma"": 0.03, ""pca__n_components"": 64}",stage3_local_cv,0,0.7825,5.247
stage3_081,stage3_seed_0,"{""model__C"": 12.0, ""model__gamma"": 0.03, ""pca__n_components"": 64}",64,12.0,0.03,"{""model__C"": 12.0, ""model__gamma"": 0.03, ""pca__n_components"": 64}",stage3_local_cv,1,0.785,3.801
stage3_081,stage3_seed_0,"{""model__C"": 12.0, ""model__gamma"": 0.03, ""pca__n_components"": 64}",64,12.0,0.03,"{""model__C"": 12.0, ""model__gamma"": 0.03, ""pca__n_components"": 64}",stage3_local_cv,2,0.76625,3.674
stage3_081,stage3_seed_0,"{""model__C"": 12.0, ""model__gamma"": 0.03, ""pca__n_components"": 64}",64,12.0,0.03,"{""model__C"": 12.0, ""model__gamma"": 0.03, ""pca__n_components"": 64}",stage3_local_cv,3,0.7725,3.705
stage3_081,stage3_seed_0,"{""model__C"": 12.0, ""model__gamma"": 0.03, ""pca__n_components"": 64}",64,12.0,0.03,"{""model__C"": 12.0, ""model__gamma"": 0.03, ""pca__n_components"": 64}",stage3_local_cv,4,0.774375,3.707
stage3_082,stage3_seed_0,"{""model__C"": 12.0, ""model__gamma"": 0.04, ""pca__n_components"": 64}",64,12.0,0.04,"{""model__C"": 12.0, ""model__gamma"": 0.04, ""pca__n_components"": 64}",stage3_local_cv,0,0.755625,3.631
stage3_082,stage3_seed_0,"{""model__C"": 12.0, ""model__gamma"": 0.04, ""pca__n_components"": 64}",64,12.0,0.04,"{""model__C"": 12.0, ""model__gamma"": 0.04, ""pca__n_components"": 64}",stage3_local_cv,1,0.770625,3.752
stage3_082,stage3_seed_0,"{""model__C"": 12.0, ""model__gamma"": 0.04, ""pca__n_components"": 64}",64,12.0,0.04,"{""model__C"": 12.0, ""model__gamma"": 0.04, ""pca__n_components"": 64}",stage3_local_cv,2,0.74,5.181
stage3_082,stage3_seed_0,"{""model__C"": 12.0, ""model__gamma"": 0.04, ""pca__n_components"": 64}",64,12.0,0.04,"{""model__C"": 12.0, ""model__gamma"": 0.04, ""pca__n_components"": 64}",stage3_local_cv,3,0.76,5.067
stage3_082,stage3_seed_0,"{""model__C"": 12.0, ""model__gamma"": 0.04, ""pca__n_components"": 64}",64,12.0,0.04,"{""model__C"": 12.0, ""model__gamma"": 0.04, ""pca__n_components"": 64}",stage3_local_cv,4,0.75875,3.694
stage3_083,stage3_seed_0,"{""model__C"": 12.0, ""model__gamma"": 0.08, ""pca__n_components"": 64}",64,12.0,0.08,"{""model__C"": 12.0, ""model__gamma"": 0.08, ""pca__n_components"": 64}",stage3_local_cv,0,0.594375,3.684
stage3_083,stage3_seed_0,"{""model__C"": 12.0, ""model__gamma"": 0.08, ""pca__n_components"": 64}",64,12.0,0.08,"{""model__C"": 12.0, ""model__gamma"": 0.08, ""pca__n_components"": 64}",stage3_local_cv,1,0.61,5.347
stage3_083,stage3_seed_0,"{""model__C"": 12.0, ""model__gamma"": 0.08, ""pca__n_components"": 64}",64,12.0,0.08,"{""model__C"": 12.0, ""model__gamma"": 0.08, ""pca__n_components"": 64}",stage3_local_cv,2,0.804375,3.486
stage3_083,stage3_seed_0,"{""model__C"": 12.0, ""model__gamma"": 0.08, ""pca__n_components"": 64}",64,12.0,0.08,"{""model__C"": 12.0, ""model__gamma"": 0.08, ""pca__n_components"": 64}",stage3_local_cv,3,0.811875,3.569
stage3_083,stage3_seed_0,"{""model__C"": 12.0, ""model__gamma"": 0.08, ""pca__n_components"": 64}",64,12.0,0.08,"{""model__C"": 12.0, ""model__gamma"": 0.08, ""pca__n_components"": 64}",stage3_local_cv,4,0.65125,5.22
stage3_084,stage3_seed_0,"{""model__C"": 2.0, ""model__gamma"": ""scale"", ""pca__n_components"": 68}",68,2.0,scale,"{""model__C"": 2.0, ""model__gamma"": ""scale"", ""pca__n_components"": 68}",stage3_local_cv,0,0.769375,4.96
stage3_084,stage3_seed_0,"{""model__C"": 2.0, ""model__gamma"": ""scale"", ""pca__n_components"": 68}",68,2.0,scale,"{""model__C"": 2.0, ""model__gamma"": ""scale"", ""pca__n_components"": 68}",stage3_local_cv,1,0.760625,3.829
stage3_084,stage3_seed_0,"{""model__C"": 2.0, ""model__gamma"": ""scale"", ""pca__n_components"": 68}",68,2.0,scale,"{""model__C"": 2.0, ""model__gamma"": ""scale"", ""pca__n_components"": 68}",stage3_local_cv,2,0.751875,3.609
stage3_084,stage3_seed_0,"{""model__C"": 2.0, ""model__gamma"": ""scale"", ""pca__n_components"": 68}",68,2.0,scale,"{""model__C"": 2.0, ""model__gamma"": ""scale"", ""pca__n_components"": 68}",stage3_local_cv,3,0.765625,3.73
stage3_084,stage3_seed_0,"{""model__C"": 2.0, ""model__gamma"": ""scale"", ""pca__n_components"": 68}",68,2.0,scale,"{""model__C"": 2.0, ""model__gamma"": ""scale"", ""pca__n_components"": 68}",stage3_local_cv,4,0.745625,3.684
stage3_085,stage3_seed_0,"{""model__C"": 2.0, ""model__gamma"": 0.005, ""pca__n_components"": 68}",68,2.0,0.005,"{""model__C"": 2.0, ""model__gamma"": 0.005, ""pca__n_components"": 68}",stage3_local_cv,0,0.763125,3.618
stage3_085,stage3_seed_0,"{""model__C"": 2.0, ""model__gamma"": 0.005, ""pca__n_components"": 68}",68,2.0,0.005,"{""model__C"": 2.0, ""model__gamma"": 0.005, ""pca__n_components"": 68}",stage3_local_cv,1,0.75375,3.678
stage3_085,stage3_seed_0,"{""model__C"": 2.0, ""model__gamma"": 0.005, ""pca__n_components"": 68}",68,2.0,0.005,"{""model__C"": 2.0, ""model__gamma"": 0.005, ""pca__n_components"": 68}",stage3_local_cv,2,0.748125,4.742
stage3_085,stage3_seed_0,"{""model__C"": 2.0, ""model__gamma"": 0.005, ""pca__n_components"": 68}",68,2.0,0.005,"{""model__C"": 2.0, ""model__gamma"": 0.005, ""pca__n_components"": 68}",stage3_local_cv,3,0.756875,4.748
stage3_085,stage3_seed_0,"{""model__C"": 2.0, ""model__gamma"": 0.005, ""pca__n_components"": 68}",68,2.0,0.005,"{""model__C"": 2.0, ""model__gamma"": 0.005, ""pca__n_components"": 68}",stage3_local_cv,4,0.741875,3.633
stage3_086,stage3_seed_0,"{""model__C"": 2.0, ""model__gamma"": 0.01, ""pca__n_components"": 68}",68,2.0,0.01,"{""model__C"": 2.0, ""model__gamma"": 0.01, ""pca__n_components"": 68}",stage3_local_cv,0,0.800625,4.14
stage3_086,stage3_seed_0,"{""model__C"": 2.0, ""model__gamma"": 0.01, ""pca__n_components"": 68}",68,2.0,0.01,"{""model__C"": 2.0, ""model__gamma"": 0.01, ""pca__n_components"": 68}",stage3_local_cv,1,0.8,5.489
stage3_086,stage3_seed_0,"{""model__C"": 2.0, ""model__gamma"": 0.01, ""pca__n_components"": 68}",68,2.0,0.01,"{""model__C"": 2.0, ""model__gamma"": 0.01, ""pca__n_components"": 68}",stage3_local_cv,2,0.788125,4.241
stage3_086,stage3_seed_0,"{""model__C"": 2.0, ""model__gamma"": 0.01, ""pca__n_components"": 68}",68,2.0,0.01,"{""model__C"": 2.0, ""model__gamma"": 0.01, ""pca__n_components"": 68}",stage3_local_cv,3,0.795625,4.125
stage3_086,stage3_seed_0,"{""model__C"": 2.0, ""model__gamma"": 0.01, ""pca__n_components"": 68}",68,2.0,0.01,"{""model__C"": 2.0, ""model__gamma"": 0.01, ""pca__n_components"": 68}",stage3_local_cv,4,0.79375,5.499
stage3_087,stage3_seed_0,"{""model__C"": 2.0, ""model__gamma"": 0.02, ""pca__n_components"": 68}",68,2.0,0.02,"{""model__C"": 2.0, ""model__gamma"": 0.02, ""pca__n_components"": 68}",stage3_local_cv,0,0.806875,5.791
stage3_087,stage3_seed_0,"{""model__C"": 2.0, ""model__gamma"": 0.02, ""pca__n_components"": 68}",68,2.0,0.02,"{""model__C"": 2.0, ""model__gamma"": 0.02, ""pca__n_components"": 68}",stage3_local_cv,1,0.81,4.265
stage3_087,stage3_seed_0,"{""model__C"": 2.0, ""model__gamma"": 0.02, ""pca__n_components"": 68}",68,2.0,0.02,"{""model__C"": 2.0, ""model__gamma"": 0.02, ""pca__n_components"": 68}",stage3_local_cv,2,0.799375,3.912
stage3_087,stage3_seed_0,"{""model__C"": 2.0, ""model__gamma"": 0.02, ""pca__n_components"": 68}",68,2.0,0.02,"{""model__C"": 2.0, ""model__gamma"": 0.02, ""pca__n_components"": 68}",stage3_local_cv,3,0.805,4.014
stage3_087,stage3_seed_0,"{""model__C"": 2.0, ""model__gamma"": 0.02, ""pca__n_components"": 68}",68,2.0,0.02,"{""model__C"": 2.0, ""model__gamma"": 0.02, ""pca__n_components"": 68}",stage3_local_cv,4,0.805,4.091
stage3_088,stage3_seed_0,"{""model__C"": 2.0, ""model__gamma"": 0.03, ""pca__n_components"": 68}",68,2.0,0.03,"{""model__C"": 2.0, ""model__gamma"": 0.03, ""pca__n_components"": 68}",stage3_local_cv,0,0.785,4.068
stage3_088,stage3_seed_0,"{""model__C"": 2.0, ""model__gamma"": 0.03, ""pca__n_components"": 68}",68,2.0,0.03,"{""model__C"": 2.0, ""model__gamma"": 0.03, ""pca__n_components"": 68}",stage3_local_cv,1,0.7925,4.028
stage3_088,stage3_seed_0,"{""model__C"": 2.0, ""model__gamma"": 0.03, ""pca__n_components"": 68}",68,2.0,0.03,"{""model__C"": 2.0, ""model__gamma"": 0.03, ""pca__n_components"": 68}",stage3_local_cv,2,0.77375,5.538
stage3_088,stage3_seed_0,"{""model__C"": 2.0, ""model__gamma"": 0.03, ""pca__n_components"": 68}",68,2.0,0.03,"{""model__C"": 2.0, ""model__gamma"": 0.03, ""pca__n_components"": 68}",stage3_local_cv,3,0.783125,5.31
stage3_088,stage3_seed_0,"{""model__C"": 2.0, ""model__gamma"": 0.03, ""pca__n_components"": 68}",68,2.0,0.03,"{""model__C"": 2.0, ""model__gamma"": 0.03, ""pca__n_components"": 68}",stage3_local_cv,4,0.773125,4.046
stage3_089,stage3_seed_0,"{""model__C"": 2.0, ""model__gamma"": 0.04, ""pca__n_components"": 68}",68,2.0,0.04,"{""model__C"": 2.0, ""model__gamma"": 0.04, ""pca__n_components"": 68}",stage3_local_cv,0,0.76375,4.034
stage3_089,stage3_seed_0,"{""model__C"": 2.0, ""model__gamma"": 0.04, ""pca__n_components"": 68}",68,2.0,0.04,"{""model__C"": 2.0, ""model__gamma"": 0.04, ""pca__n_components"": 68}",stage3_local_cv,1,0.775,5.592
stage3_089,stage3_seed_0,"{""model__C"": 2.0, ""model__gamma"": 0.04, ""pca__n_components"": 68}",68,2.0,0.04,"{""model__C"": 2.0, ""model__gamma"": 0.04, ""pca__n_components"": 68}",stage3_local_cv,2,0.74125,3.947
stage3_089,stage3_seed_0,"{""model__C"": 2.0, ""model__gamma"": 0.04, ""pca__n_components"": 68}",68,2.0,0.04,"{""model__C"": 2.0, ""model__gamma"": 0.04, ""pca__n_components"": 68}",stage3_local_cv,3,0.7675,3.951
stage3_089,stage3_seed_0,"{""model__C"": 2.0, ""model__gamma"": 0.04, ""pca__n_components"": 68}",68,2.0,0.04,"{""model__C"": 2.0, ""model__gamma"": 0.04, ""pca__n_components"": 68}",stage3_local_cv,4,0.75625,5.378
stage3_090,stage3_seed_0,"{""model__C"": 2.0, ""model__gamma"": 0.08, ""pca__n_components"": 68}",68,2.0,0.08,"{""model__C"": 2.0, ""model__gamma"": 0.08, ""pca__n_components"": 68}",stage3_local_cv,0,0.600625,5.733
stage3_090,stage3_seed_0,"{""model__C"": 2.0, ""model__gamma"": 0.08, ""pca__n_components"": 68}",68,2.0,0.08,"{""model__C"": 2.0, ""model__gamma"": 0.08, ""pca__n_components"": 68}",stage3_local_cv,1,0.6125,4.039
stage3_090,stage3_seed_0,"{""model__C"": 2.0, ""model__gamma"": 0.08, ""pca__n_components"": 68}",68,2.0,0.08,"{""model__C"": 2.0, ""model__gamma"": 0.08, ""pca__n_components"": 68}",stage3_local_cv,2,0.766875,3.775
stage3_090,stage3_seed_0,"{""model__C"": 2.0, ""model__gamma"": 0.08, ""pca__n_components"": 68}",68,2.0,0.08,"{""model__C"": 2.0, ""model__gamma"": 0.08, ""pca__n_components"": 68}",stage3_local_cv,3,0.813125,3.81
stage3_090,stage3_seed_0,"{""model__C"": 2.0, ""model__gamma"": 0.08, ""pca__n_components"": 68}",68,2.0,0.08,"{""model__C"": 2.0, ""model__gamma"": 0.08, ""pca__n_components"": 68}",stage3_local_cv,4,0.6575,3.891
stage3_091,stage3_seed_0,"{""model__C"": 3.0, ""model__gamma"": ""scale"", ""pca__n_components"": 68}",68,3.0,scale,"{""model__C"": 3.0, ""model__gamma"": ""scale"", ""pca__n_components"": 68}",stage3_local_cv,0,0.783125,3.792
stage3_091,stage3_seed_0,"{""model__C"": 3.0, ""model__gamma"": ""scale"", ""pca__n_components"": 68}",68,3.0,scale,"{""model__C"": 3.0, ""model__gamma"": ""scale"", ""pca__n_components"": 68}",stage3_local_cv,1,0.779375,3.844
stage3_091,stage3_seed_0,"{""model__C"": 3.0, ""model__gamma"": ""scale"", ""pca__n_components"": 68}",68,3.0,scale,"{""model__C"": 3.0, ""model__gamma"": ""scale"", ""pca__n_components"": 68}",stage3_local_cv,2,0.77125,5.02
stage3_091,stage3_seed_0,"{""model__C"": 3.0, ""model__gamma"": ""scale"", ""pca__n_components"": 68}",68,3.0,scale,"{""model__C"": 3.0, ""model__gamma"": ""scale"", ""pca__n_components"": 68}",stage3_local_cv,3,0.775,4.958
stage3_091,stage3_seed_0,"{""model__C"": 3.0, ""model__gamma"": ""scale"", ""pca__n_components"": 68}",68,3.0,scale,"{""model__C"": 3.0, ""model__gamma"": ""scale"", ""pca__n_components"": 68}",stage3_local_cv,4,0.763125,3.862
stage3_092,stage3_seed_0,"{""model__C"": 3.0, ""model__gamma"": 0.005, ""pca__n_components"": 68}",68,3.0,0.005,"{""model__C"": 3.0, ""model__gamma"": 0.005, ""pca__n_components"": 68}",stage3_local_cv,0,0.775,3.793
stage3_092,stage3_seed_0,"{""model__C"": 3.0, ""model__gamma"": 0.005, ""pca__n_components"": 68}",68,3.0,0.005,"{""model__C"": 3.0, ""model__gamma"": 0.005, ""pca__n_components"": 68}",stage3_local_cv,1,0.775625,5.096
stage3_092,stage3_seed_0,"{""model__C"": 3.0, ""model__gamma"": 0.005, ""pca__n_components"": 68}",68,3.0,0.005,"{""model__C"": 3.0, ""model__gamma"": 0.005, ""pca__n_components"": 68}",stage3_local_cv,2,0.7625,3.903
stage3_092,stage3_seed_0,"{""model__C"": 3.0, ""model__gamma"": 0.005, ""pca__n_components"": 68}",68,3.0,0.005,"{""model__C"": 3.0, ""model__gamma"": 0.005, ""pca__n_components"": 68}",stage3_local_cv,3,0.771875,3.802
stage3_092,stage3_seed_0,"{""model__C"": 3.0, ""model__gamma"": 0.005, ""pca__n_components"": 68}",68,3.0,0.005,"{""model__C"": 3.0, ""model__gamma"": 0.005, ""pca__n_components"": 68}",stage3_local_cv,4,0.763125,4.836
stage3_093,stage3_seed_0,"{""model__C"": 3.0, ""model__gamma"": 0.01, ""pca__n_components"": 68}",68,3.0,0.01,"{""model__C"": 3.0, ""model__gamma"": 0.01, ""pca__n_components"": 68}",stage3_local_cv,0,0.80875,5.679
stage3_093,stage3_seed_0,"{""model__C"": 3.0, ""model__gamma"": 0.01, ""pca__n_components"": 68}",68,3.0,0.01,"{""model__C"": 3.0, ""model__gamma"": 0.01, ""pca__n_components"": 68}",stage3_local_cv,1,0.80625,4.273
stage3_093,stage3_seed_0,"{""model__C"": 3.0, ""model__gamma"": 0.01, ""pca__n_components"": 68}",68,3.0,0.01,"{""model__C"": 3.0, ""model__gamma"": 0.01, ""pca__n_components"": 68}",stage3_local_cv,2,0.8,4.12
stage3_093,stage3_seed_0,"{""model__C"": 3.0, ""model__gamma"": 0.01, ""pca__n_components"": 68}",68,3.0,0.01,"{""model__C"": 3.0, ""model__gamma"": 0.01, ""pca__n_components"": 68}",stage3_local_cv,3,0.805,4.195
stage3_093,stage3_seed_0,"{""model__C"": 3.0, ""model__gamma"": 0.01, ""pca__n_components"": 68}",68,3.0,0.01,"{""model__C"": 3.0, ""model__gamma"": 0.01, ""pca__n_components"": 68}",stage3_local_cv,4,0.79875,4.281
stage3_094,stage3_seed_0,"{""model__C"": 3.0, ""model__gamma"": 0.02, ""pca__n_components"": 68}",68,3.0,0.02,"{""model__C"": 3.0, ""model__gamma"": 0.02, ""pca__n_components"": 68}",stage3_local_cv,0,0.8075,4.13
stage3_094,stage3_seed_0,"{""model__C"": 3.0, ""model__gamma"": 0.02, ""pca__n_components"": 68}",68,3.0,0.02,"{""model__C"": 3.0, ""model__gamma"": 0.02, ""pca__n_components"": 68}",stage3_local_cv,1,0.815625,4.087
stage3_094,stage3_seed_0,"{""model__C"": 3.0, ""model__gamma"": 0.02, ""pca__n_components"": 68}",68,3.0,0.02,"{""model__C"": 3.0, ""model__gamma"": 0.02, ""pca__n_components"": 68}",stage3_local_cv,2,0.799375,5.617
stage3_094,stage3_seed_0,"{""model__C"": 3.0, ""model__gamma"": 0.02, ""pca__n_components"": 68}",68,3.0,0.02,"{""model__C"": 3.0, ""model__gamma"": 0.02, ""pca__n_components"": 68}",stage3_local_cv,3,0.805,5.386
stage3_094,stage3_seed_0,"{""model__C"": 3.0, ""model__gamma"": 0.02, ""pca__n_components"": 68}",68,3.0,0.02,"{""model__C"": 3.0, ""model__gamma"": 0.02, ""pca__n_components"": 68}",stage3_local_cv,4,0.801875,4.026
stage3_095,stage3_seed_0,"{""model__C"": 3.0, ""model__gamma"": 0.03, ""pca__n_components"": 68}",68,3.0,0.03,"{""model__C"": 3.0, ""model__gamma"": 0.03, ""pca__n_components"": 68}",stage3_local_cv,0,0.785625,4.109
stage3_095,stage3_seed_0,"{""model__C"": 3.0, ""model__gamma"": 0.03, ""pca__n_components"": 68}",68,3.0,0.03,"{""model__C"": 3.0, ""model__gamma"": 0.03, ""pca__n_components"": 68}",stage3_local_cv,1,0.791875,5.535
stage3_095,stage3_seed_0,"{""model__C"": 3.0, ""model__gamma"": 0.03, ""pca__n_components"": 68}",68,3.0,0.03,"{""model__C"": 3.0, ""model__gamma"": 0.03, ""pca__n_components"": 68}",stage3_local_cv,2,0.775625,3.923
stage3_095,stage3_seed_0,"{""model__C"": 3.0, ""model__gamma"": 0.03, ""pca__n_components"": 68}",68,3.0,0.03,"{""model__C"": 3.0, ""model__gamma"": 0.03, ""pca__n_components"": 68}",stage3_local_cv,3,0.779375,3.985
stage3_095,stage3_seed_0,"{""model__C"": 3.0, ""model__gamma"": 0.03, ""pca__n_components"": 68}",68,3.0,0.03,"{""model__C"": 3.0, ""model__gamma"": 0.03, ""pca__n_components"": 68}",stage3_local_cv,4,0.771875,5.326
stage3_096,stage3_seed_0,"{""model__C"": 3.0, ""model__gamma"": 0.04, ""pca__n_components"": 68}",68,3.0,0.04,"{""model__C"": 3.0, ""model__gamma"": 0.04, ""pca__n_components"": 68}",stage3_local_cv,0,0.76625,5.618
stage3_096,stage3_seed_0,"{""model__C"": 3.0, ""model__gamma"": 0.04, ""pca__n_components"": 68}",68,3.0,0.04,"{""model__C"": 3.0, ""model__gamma"": 0.04, ""pca__n_components"": 68}",stage3_local_cv,1,0.774375,4.02
stage3_096,stage3_seed_0,"{""model__C"": 3.0, ""model__gamma"": 0.04, ""pca__n_components"": 68}",68,3.0,0.04,"{""model__C"": 3.0, ""model__gamma"": 0.04, ""pca__n_components"": 68}",stage3_local_cv,2,0.74375,3.93
stage3_096,stage3_seed_0,"{""model__C"": 3.0, ""model__gamma"": 0.04, ""pca__n_components"": 68}",68,3.0,0.04,"{""model__C"": 3.0, ""model__gamma"": 0.04, ""pca__n_components"": 68}",stage3_local_cv,3,0.765625,3.967
stage3_096,stage3_seed_0,"{""model__C"": 3.0, ""model__gamma"": 0.04, ""pca__n_components"": 68}",68,3.0,0.04,"{""model__C"": 3.0, ""model__gamma"": 0.04, ""pca__n_components"": 68}",stage3_local_cv,4,0.756875,3.985
stage3_097,stage3_seed_0,"{""model__C"": 3.0, ""model__gamma"": 0.08, ""pca__n_components"": 68}",68,3.0,0.08,"{""model__C"": 3.0, ""model__gamma"": 0.08, ""pca__n_components"": 68}",stage3_local_cv,0,0.598125,4.105
stage3_097,stage3_seed_0,"{""model__C"": 3.0, ""model__gamma"": 0.08, ""pca__n_components"": 68}",68,3.0,0.08,"{""model__C"": 3.0, ""model__gamma"": 0.08, ""pca__n_components"": 68}",stage3_local_cv,1,0.609375,4.066
stage3_097,stage3_seed_0,"{""model__C"": 3.0, ""model__gamma"": 0.08, ""pca__n_components"": 68}",68,3.0,0.08,"{""model__C"": 3.0, ""model__gamma"": 0.08, ""pca__n_components"": 68}",stage3_local_cv,2,0.7825,5.337
stage3_097,stage3_seed_0,"{""model__C"": 3.0, ""model__gamma"": 0.08, ""pca__n_components"": 68}",68,3.0,0.08,"{""model__C"": 3.0, ""model__gamma"": 0.08, ""pca__n_components"": 68}",stage3_local_cv,3,0.8175,5.136
stage3_097,stage3_seed_0,"{""model__C"": 3.0, ""model__gamma"": 0.08, ""pca__n_components"": 68}",68,3.0,0.08,"{""model__C"": 3.0, ""model__gamma"": 0.08, ""pca__n_components"": 68}",stage3_local_cv,4,0.651875,3.926
stage3_098,stage3_seed_0,"{""model__C"": 4.0, ""model__gamma"": ""scale"", ""pca__n_components"": 68}",68,4.0,scale,"{""model__C"": 4.0, ""model__gamma"": ""scale"", ""pca__n_components"": 68}",stage3_local_cv,0,0.791875,4.009
stage3_098,stage3_seed_0,"{""model__C"": 4.0, ""model__gamma"": ""scale"", ""pca__n_components"": 68}",68,4.0,scale,"{""model__C"": 4.0, ""model__gamma"": ""scale"", ""pca__n_components"": 68}",stage3_local_cv,1,0.7875,5.165
stage3_098,stage3_seed_0,"{""model__C"": 4.0, ""model__gamma"": ""scale"", ""pca__n_components"": 68}",68,4.0,scale,"{""model__C"": 4.0, ""model__gamma"": ""scale"", ""pca__n_components"": 68}",stage3_local_cv,2,0.77875,3.885
stage3_098,stage3_seed_0,"{""model__C"": 4.0, ""model__gamma"": ""scale"", ""pca__n_components"": 68}",68,4.0,scale,"{""model__C"": 4.0, ""model__gamma"": ""scale"", ""pca__n_components"": 68}",stage3_local_cv,3,0.780625,4.02
stage3_098,stage3_seed_0,"{""model__C"": 4.0, ""model__gamma"": ""scale"", ""pca__n_components"": 68}",68,4.0,scale,"{""model__C"": 4.0, ""model__gamma"": ""scale"", ""pca__n_components"": 68}",stage3_local_cv,4,0.773125,5.055
stage3_099,stage3_seed_0,"{""model__C"": 4.0, ""model__gamma"": 0.005, ""pca__n_components"": 68}",68,4.0,0.005,"{""model__C"": 4.0, ""model__gamma"": 0.005, ""pca__n_components"": 68}",stage3_local_cv,0,0.78875,5.158
stage3_099,stage3_seed_0,"{""model__C"": 4.0, ""model__gamma"": 0.005, ""pca__n_components"": 68}",68,4.0,0.005,"{""model__C"": 4.0, ""model__gamma"": 0.005, ""pca__n_components"": 68}",stage3_local_cv,1,0.78625,3.95
stage3_099,stage3_seed_0,"{""model__C"": 4.0, ""model__gamma"": 0.005, ""pca__n_components"": 68}",68,4.0,0.005,"{""model__C"": 4.0, ""model__gamma"": 0.005, ""pca__n_components"": 68}",stage3_local_cv,2,0.77875,3.854
stage3_099,stage3_seed_0,"{""model__C"": 4.0, ""model__gamma"": 0.005, ""pca__n_components"": 68}",68,4.0,0.005,"{""model__C"": 4.0, ""model__gamma"": 0.005, ""pca__n_components"": 68}",stage3_local_cv,3,0.7775,3.962
stage3_099,stage3_seed_0,"{""model__C"": 4.0, ""model__gamma"": 0.005, ""pca__n_components"": 68}",68,4.0,0.005,"{""model__C"": 4.0, ""model__gamma"": 0.005, ""pca__n_components"": 68}",stage3_local_cv,4,0.7725,3.916
stage3_100,stage3_seed_0,"{""model__C"": 4.0, ""model__gamma"": 0.01, ""pca__n_components"": 68}",68,4.0,0.01,"{""model__C"": 4.0, ""model__gamma"": 0.01, ""pca__n_components"": 68}",stage3_local_cv,0,0.808125,4.298
stage3_100,stage3_seed_0,"{""model__C"": 4.0, ""model__gamma"": 0.01, ""pca__n_components"": 68}",68,4.0,0.01,"{""model__C"": 4.0, ""model__gamma"": 0.01, ""pca__n_components"": 68}",stage3_local_cv,1,0.809375,4.337
stage3_100,stage3_seed_0,"{""model__C"": 4.0, ""model__gamma"": 0.01, ""pca__n_components"": 68}",68,4.0,0.01,"{""model__C"": 4.0, ""model__gamma"": 0.01, ""pca__n_components"": 68}",stage3_local_cv,2,0.80375,5.636
stage3_100,stage3_seed_0,"{""model__C"": 4.0, ""model__gamma"": 0.01, ""pca__n_components"": 68}",68,4.0,0.01,"{""model__C"": 4.0, ""model__gamma"": 0.01, ""pca__n_components"": 68}",stage3_local_cv,3,0.805625,5.524
stage3_100,stage3_seed_0,"{""model__C"": 4.0, ""model__gamma"": 0.01, ""pca__n_components"": 68}",68,4.0,0.01,"{""model__C"": 4.0, ""model__gamma"": 0.01, ""pca__n_components"": 68}",stage3_local_cv,4,0.8,4.278
stage3_101,stage3_seed_0,"{""model__C"": 4.0, ""model__gamma"": 0.02, ""pca__n_components"": 68}",68,4.0,0.02,"{""model__C"": 4.0, ""model__gamma"": 0.02, ""pca__n_components"": 68}",stage3_local_cv,0,0.806875,4.086
stage3_101,stage3_seed_0,"{""model__C"": 4.0, ""model__gamma"": 0.02, ""pca__n_components"": 68}",68,4.0,0.02,"{""model__C"": 4.0, ""model__gamma"": 0.02, ""pca__n_components"": 68}",stage3_local_cv,1,0.816875,5.438
stage3_101,stage3_seed_0,"{""model__C"": 4.0, ""model__gamma"": 0.02, ""pca__n_components"": 68}",68,4.0,0.02,"{""model__C"": 4.0, ""model__gamma"": 0.02, ""pca__n_components"": 68}",stage3_local_cv,2,0.8,4.021
stage3_101,stage3_seed_0,"{""model__C"": 4.0, ""model__gamma"": 0.02, ""pca__n_components"": 68}",68,4.0,0.02,"{""model__C"": 4.0, ""model__gamma"": 0.02, ""pca__n_components"": 68}",stage3_local_cv,3,0.80625,4.086
stage3_101,stage3_seed_0,"{""model__C"": 4.0, ""model__gamma"": 0.02, ""pca__n_components"": 68}",68,4.0,0.02,"{""model__C"": 4.0, ""model__gamma"": 0.02, ""pca__n_components"": 68}",stage3_local_cv,4,0.803125,5.382
stage3_102,stage3_seed_0,"{""model__C"": 4.0, ""model__gamma"": 0.03, ""pca__n_components"": 68}",68,4.0,0.03,"{""model__C"": 4.0, ""model__gamma"": 0.03, ""pca__n_components"": 68}",stage3_local_cv,0,0.785,5.571
stage3_102,stage3_seed_0,"{""model__C"": 4.0, ""model__gamma"": 0.03, ""pca__n_components"": 68}",68,4.0,0.03,"{""model__C"": 4.0, ""model__gamma"": 0.03, ""pca__n_components"": 68}",stage3_local_cv,1,0.790625,4.779
stage3_102,stage3_seed_0,"{""model__C"": 4.0, ""model__gamma"": 0.03, ""pca__n_components"": 68}",68,4.0,0.03,"{""model__C"": 4.0, ""model__gamma"": 0.03, ""pca__n_components"": 68}",stage3_local_cv,2,0.77375,3.909
stage3_102,stage3_seed_0,"{""model__C"": 4.0, ""model__gamma"": 0.03, ""pca__n_components"": 68}",68,4.0,0.03,"{""model__C"": 4.0, ""model__gamma"": 0.03, ""pca__n_components"": 68}",stage3_local_cv,3,0.783125,3.993
stage3_102,stage3_seed_0,"{""model__C"": 4.0, ""model__gamma"": 0.03, ""pca__n_components"": 68}",68,4.0,0.03,"{""model__C"": 4.0, ""model__gamma"": 0.03, ""pca__n_components"": 68}",stage3_local_cv,4,0.7725,4.067
stage3_103,stage3_seed_0,"{""model__C"": 4.0, ""model__gamma"": 0.04, ""pca__n_components"": 68}",68,4.0,0.04,"{""model__C"": 4.0, ""model__gamma"": 0.04, ""pca__n_components"": 68}",stage3_local_cv,0,0.7625,4.102
stage3_103,stage3_seed_0,"{""model__C"": 4.0, ""model__gamma"": 0.04, ""pca__n_components"": 68}",68,4.0,0.04,"{""model__C"": 4.0, ""model__gamma"": 0.04, ""pca__n_components"": 68}",stage3_local_cv,1,0.7725,4.107
stage3_103,stage3_seed_0,"{""model__C"": 4.0, ""model__gamma"": 0.04, ""pca__n_components"": 68}",68,4.0,0.04,"{""model__C"": 4.0, ""model__gamma"": 0.04, ""pca__n_components"": 68}",stage3_local_cv,2,0.74375,5.478
stage3_103,stage3_seed_0,"{""model__C"": 4.0, ""model__gamma"": 0.04, ""pca__n_components"": 68}",68,4.0,0.04,"{""model__C"": 4.0, ""model__gamma"": 0.04, ""pca__n_components"": 68}",stage3_local_cv,3,0.765,5.271
stage3_103,stage3_seed_0,"{""model__C"": 4.0, ""model__gamma"": 0.04, ""pca__n_components"": 68}",68,4.0,0.04,"{""model__C"": 4.0, ""model__gamma"": 0.04, ""pca__n_components"": 68}",stage3_local_cv,4,0.756875,4.011
stage3_104,stage3_seed_0,"{""model__C"": 4.0, ""model__gamma"": 0.08, ""pca__n_components"": 68}",68,4.0,0.08,"{""model__C"": 4.0, ""model__gamma"": 0.08, ""pca__n_components"": 68}",stage3_local_cv,0,0.598125,4.1
stage3_104,stage3_seed_0,"{""model__C"": 4.0, ""model__gamma"": 0.08, ""pca__n_components"": 68}",68,4.0,0.08,"{""model__C"": 4.0, ""model__gamma"": 0.08, ""pca__n_components"": 68}",stage3_local_cv,1,0.6075,5.364
stage3_104,stage3_seed_0,"{""model__C"": 4.0, ""model__gamma"": 0.08, ""pca__n_components"": 68}",68,4.0,0.08,"{""model__C"": 4.0, ""model__gamma"": 0.08, ""pca__n_components"": 68}",stage3_local_cv,2,0.801875,3.732
stage3_104,stage3_seed_0,"{""model__C"": 4.0, ""model__gamma"": 0.08, ""pca__n_components"": 68}",68,4.0,0.08,"{""model__C"": 4.0, ""model__gamma"": 0.08, ""pca__n_components"": 68}",stage3_local_cv,3,0.814375,3.833
stage3_104,stage3_seed_0,"{""model__C"": 4.0, ""model__gamma"": 0.08, ""pca__n_components"": 68}",68,4.0,0.08,"{""model__C"": 4.0, ""model__gamma"": 0.08, ""pca__n_components"": 68}",stage3_local_cv,4,0.649375,5.245
stage3_105,stage3_seed_0,"{""model__C"": 6.0, ""model__gamma"": ""scale"", ""pca__n_components"": 68}",68,6.0,scale,"{""model__C"": 6.0, ""model__gamma"": ""scale"", ""pca__n_components"": 68}",stage3_local_cv,0,0.801875,5.951
stage3_105,stage3_seed_0,"{""model__C"": 6.0, ""model__gamma"": ""scale"", ""pca__n_components"": 68}",68,6.0,scale,"{""model__C"": 6.0, ""model__gamma"": ""scale"", ""pca__n_components"": 68}",stage3_local_cv,1,0.79375,4.586
stage3_105,stage3_seed_0,"{""model__C"": 6.0, ""model__gamma"": ""scale"", ""pca__n_components"": 68}",68,6.0,scale,"{""model__C"": 6.0, ""model__gamma"": ""scale"", ""pca__n_components"": 68}",stage3_local_cv,2,0.79625,4.554
stage3_105,stage3_seed_0,"{""model__C"": 6.0, ""model__gamma"": ""scale"", ""pca__n_components"": 68}",68,6.0,scale,"{""model__C"": 6.0, ""model__gamma"": ""scale"", ""pca__n_components"": 68}",stage3_local_cv,3,0.786875,6.005
stage3_105,stage3_seed_0,"{""model__C"": 6.0, ""model__gamma"": ""scale"", ""pca__n_components"": 68}",68,6.0,scale,"{""model__C"": 6.0, ""model__gamma"": ""scale"", ""pca__n_components"": 68}",stage3_local_cv,4,0.785625,4.964
stage3_106,stage3_seed_0,"{""model__C"": 6.0, ""model__gamma"": 0.005, ""pca__n_components"": 68}",68,6.0,0.005,"{""model__C"": 6.0, ""model__gamma"": 0.005, ""pca__n_components"": 68}",stage3_local_cv,0,0.80125,4.116
stage3_106,stage3_seed_0,"{""model__C"": 6.0, ""model__gamma"": 0.005, ""pca__n_components"": 68}",68,6.0,0.005,"{""model__C"": 6.0, ""model__gamma"": 0.005, ""pca__n_components"": 68}",stage3_local_cv,1,0.793125,5.368
stage3_106,stage3_seed_0,"{""model__C"": 6.0, ""model__gamma"": 0.005, ""pca__n_components"": 68}",68,6.0,0.005,"{""model__C"": 6.0, ""model__gamma"": 0.005, ""pca__n_components"": 68}",stage3_local_cv,2,0.79,5.298
stage3_106,stage3_seed_0,"{""model__C"": 6.0, ""model__gamma"": 0.005, ""pca__n_components"": 68}",68,6.0,0.005,"{""model__C"": 6.0, ""model__gamma"": 0.005, ""pca__n_components"": 68}",stage3_local_cv,3,0.785625,4.63
stage3_106,stage3_seed_0,"{""model__C"": 6.0, ""model__gamma"": 0.005, ""pca__n_components"": 68}",68,6.0,0.005,"{""model__C"": 6.0, ""model__gamma"": 0.005, ""pca__n_components"": 68}",stage3_local_cv,4,0.784375,5.335
stage3_107,stage3_seed_0,"{""model__C"": 6.0, ""model__gamma"": 0.01, ""pca__n_components"": 68}",68,6.0,0.01,"{""model__C"": 6.0, ""model__gamma"": 0.01, ""pca__n_components"": 68}",stage3_local_cv,0,0.805625,4.424
stage3_107,stage3_seed_0,"{""model__C"": 6.0, ""model__gamma"": 0.01, ""pca__n_components"": 68}",68,6.0,0.01,"{""model__C"": 6.0, ""model__gamma"": 0.01, ""pca__n_components"": 68}",stage3_local_cv,1,0.81625,4.738
stage3_107,stage3_seed_0,"{""model__C"": 6.0, ""model__gamma"": 0.01, ""pca__n_components"": 68}",68,6.0,0.01,"{""model__C"": 6.0, ""model__gamma"": 0.01, ""pca__n_components"": 68}",stage3_local_cv,2,0.810625,4.443
stage3_107,stage3_seed_0,"{""model__C"": 6.0, ""model__gamma"": 0.01, ""pca__n_components"": 68}",68,6.0,0.01,"{""model__C"": 6.0, ""model__gamma"": 0.01, ""pca__n_components"": 68}",stage3_local_cv,3,0.808125,4.327
stage3_107,stage3_seed_0,"{""model__C"": 6.0, ""model__gamma"": 0.01, ""pca__n_components"": 68}",68,6.0,0.01,"{""model__C"": 6.0, ""model__gamma"": 0.01, ""pca__n_components"": 68}",stage3_local_cv,4,0.805625,4.511
stage3_108,stage3_seed_0,"{""model__C"": 6.0, ""model__gamma"": 0.02, ""pca__n_components"": 68}",68,6.0,0.02,"{""model__C"": 6.0, ""model__gamma"": 0.02, ""pca__n_components"": 68}",stage3_local_cv,0,0.8025,5.497
stage3_108,stage3_seed_0,"{""model__C"": 6.0, ""model__gamma"": 0.02, ""pca__n_components"": 68}",68,6.0,0.02,"{""model__C"": 6.0, ""model__gamma"": 0.02, ""pca__n_components"": 68}",stage3_local_cv,1,0.81125,4.137
stage3_108,stage3_seed_0,"{""model__C"": 6.0, ""model__gamma"": 0.02, ""pca__n_components"": 68}",68,6.0,0.02,"{""model__C"": 6.0, ""model__gamma"": 0.02, ""pca__n_components"": 68}",stage3_local_cv,2,0.7975,3.957
stage3_108,stage3_seed_0,"{""model__C"": 6.0, ""model__gamma"": 0.02, ""pca__n_components"": 68}",68,6.0,0.02,"{""model__C"": 6.0, ""model__gamma"": 0.02, ""pca__n_components"": 68}",stage3_local_cv,3,0.8025,5.444
stage3_108,stage3_seed_0,"{""model__C"": 6.0, ""model__gamma"": 0.02, ""pca__n_components"": 68}",68,6.0,0.02,"{""model__C"": 6.0, ""model__gamma"": 0.02, ""pca__n_components"": 68}",stage3_local_cv,4,0.801875,4.064
stage3_109,stage3_seed_0,"{""model__C"": 6.0, ""model__gamma"": 0.03, ""pca__n_components"": 68}",68,6.0,0.03,"{""model__C"": 6.0, ""model__gamma"": 0.03, ""pca__n_components"": 68}",stage3_local_cv,0,0.78375,4.095
stage3_109,stage3_seed_0,"{""model__C"": 6.0, ""model__gamma"": 0.03, ""pca__n_components"": 68}",68,6.0,0.03,"{""model__C"": 6.0, ""model__gamma"": 0.03, ""pca__n_components"": 68}",stage3_local_cv,1,0.790625,5.626
stage3_109,stage3_seed_0,"{""model__C"": 6.0, ""model__gamma"": 0.03, ""pca__n_components"": 68}",68,6.0,0.03,"{""model__C"": 6.0, ""model__gamma"": 0.03, ""pca__n_components"": 68}",stage3_local_cv,2,0.77125,5.371
stage3_109,stage3_seed_0,"{""model__C"": 6.0, ""model__gamma"": 0.03, ""pca__n_components"": 68}",68,6.0,0.03,"{""model__C"": 6.0, ""model__gamma"": 0.03, ""pca__n_components"": 68}",stage3_local_cv,3,0.779375,3.993
stage3_109,stage3_seed_0,"{""model__C"": 6.0, ""model__gamma"": 0.03, ""pca__n_components"": 68}",68,6.0,0.03,"{""model__C"": 6.0, ""model__gamma"": 0.03, ""pca__n_components"": 68}",stage3_local_cv,4,0.771875,5.482
stage3_110,stage3_seed_0,"{""model__C"": 6.0, ""model__gamma"": 0.04, ""pca__n_components"": 68}",68,6.0,0.04,"{""model__C"": 6.0, ""model__gamma"": 0.04, ""pca__n_components"": 68}",stage3_local_cv,0,0.7625,7.052
stage3_110,stage3_seed_0,"{""model__C"": 6.0, ""model__gamma"": 0.04, ""pca__n_components"": 68}",68,6.0,0.04,"{""model__C"": 6.0, ""model__gamma"": 0.04, ""pca__n_components"": 68}",stage3_local_cv,1,0.775625,4.089
stage3_110,stage3_seed_0,"{""model__C"": 6.0, ""model__gamma"": 0.04, ""pca__n_components"": 68}",68,6.0,0.04,"{""model__C"": 6.0, ""model__gamma"": 0.04, ""pca__n_components"": 68}",stage3_local_cv,2,0.740625,3.931
stage3_110,stage3_seed_0,"{""model__C"": 6.0, ""model__gamma"": 0.04, ""pca__n_components"": 68}",68,6.0,0.04,"{""model__C"": 6.0, ""model__gamma"": 0.04, ""pca__n_components"": 68}",stage3_local_cv,3,0.765625,3.961
stage3_110,stage3_seed_0,"{""model__C"": 6.0, ""model__gamma"": 0.04, ""pca__n_components"": 68}",68,6.0,0.04,"{""model__C"": 6.0, ""model__gamma"": 0.04, ""pca__n_components"": 68}",stage3_local_cv,4,0.75625,4.032
stage3_111,stage3_seed_0,"{""model__C"": 6.0, ""model__gamma"": 0.08, ""pca__n_components"": 68}",68,6.0,0.08,"{""model__C"": 6.0, ""model__gamma"": 0.08, ""pca__n_components"": 68}",stage3_local_cv,0,0.598125,4.211
stage3_111,stage3_seed_0,"{""model__C"": 6.0, ""model__gamma"": 0.08, ""pca__n_components"": 68}",68,6.0,0.08,"{""model__C"": 6.0, ""model__gamma"": 0.08, ""pca__n_components"": 68}",stage3_local_cv,1,0.605625,5.316
stage3_111,stage3_seed_0,"{""model__C"": 6.0, ""model__gamma"": 0.08, ""pca__n_components"": 68}",68,6.0,0.08,"{""model__C"": 6.0, ""model__gamma"": 0.08, ""pca__n_components"": 68}",stage3_local_cv,2,0.806875,3.713
stage3_111,stage3_seed_0,"{""model__C"": 6.0, ""model__gamma"": 0.08, ""pca__n_components"": 68}",68,6.0,0.08,"{""model__C"": 6.0, ""model__gamma"": 0.08, ""pca__n_components"": 68}",stage3_local_cv,3,0.814375,5.162
stage3_111,stage3_seed_0,"{""model__C"": 6.0, ""model__gamma"": 0.08, ""pca__n_components"": 68}",68,6.0,0.08,"{""model__C"": 6.0, ""model__gamma"": 0.08, ""pca__n_components"": 68}",stage3_local_cv,4,0.6425,4.003
stage3_112,stage3_seed_0,"{""model__C"": 8.0, ""model__gamma"": ""scale"", ""pca__n_components"": 68}",68,8.0,scale,"{""model__C"": 8.0, ""model__gamma"": ""scale"", ""pca__n_components"": 68}",stage3_local_cv,0,0.81375,4.734
stage3_112,stage3_seed_0,"{""model__C"": 8.0, ""model__gamma"": ""scale"", ""pca__n_components"": 68}",68,8.0,scale,"{""model__C"": 8.0, ""model__gamma"": ""scale"", ""pca__n_components"": 68}",stage3_local_cv,1,0.803125,6.171
stage3_112,stage3_seed_0,"{""model__C"": 8.0, ""model__gamma"": ""scale"", ""pca__n_components"": 68}",68,8.0,scale,"{""model__C"": 8.0, ""model__gamma"": ""scale"", ""pca__n_components"": 68}",stage3_local_cv,2,0.798125,6.072
stage3_112,stage3_seed_0,"{""model__C"": 8.0, ""model__gamma"": ""scale"", ""pca__n_components"": 68}",68,8.0,scale,"{""model__C"": 8.0, ""model__gamma"": ""scale"", ""pca__n_components"": 68}",stage3_local_cv,3,0.798125,4.808
stage3_112,stage3_seed_0,"{""model__C"": 8.0, ""model__gamma"": ""scale"", ""pca__n_components"": 68}",68,8.0,scale,"{""model__C"": 8.0, ""model__gamma"": ""scale"", ""pca__n_components"": 68}",stage3_local_cv,4,0.793125,6.348
stage3_113,stage3_seed_0,"{""model__C"": 8.0, ""model__gamma"": 0.005, ""pca__n_components"": 68}",68,8.0,0.005,"{""model__C"": 8.0, ""model__gamma"": 0.005, ""pca__n_components"": 68}",stage3_local_cv,0,0.805625,6.303
stage3_113,stage3_seed_0,"{""model__C"": 8.0, ""model__gamma"": 0.005, ""pca__n_components"": 68}",68,8.0,0.005,"{""model__C"": 8.0, ""model__gamma"": 0.005, ""pca__n_components"": 68}",stage3_local_cv,1,0.80125,5.192
stage3_113,stage3_seed_0,"{""model__C"": 8.0, ""model__gamma"": 0.005, ""pca__n_components"": 68}",68,8.0,0.005,"{""model__C"": 8.0, ""model__gamma"": 0.005, ""pca__n_components"": 68}",stage3_local_cv,2,0.79625,4.701
stage3_113,stage3_seed_0,"{""model__C"": 8.0, ""model__gamma"": 0.005, ""pca__n_components"": 68}",68,8.0,0.005,"{""model__C"": 8.0, ""model__gamma"": 0.005, ""pca__n_components"": 68}",stage3_local_cv,3,0.79375,6.035
stage3_113,stage3_seed_0,"{""model__C"": 8.0, ""model__gamma"": 0.005, ""pca__n_components"": 68}",68,8.0,0.005,"{""model__C"": 8.0, ""model__gamma"": 0.005, ""pca__n_components"": 68}",stage3_local_cv,4,0.789375,4.853
stage3_114,stage3_seed_0,"{""model__C"": 8.0, ""model__gamma"": 0.01, ""pca__n_components"": 68}",68,8.0,0.01,"{""model__C"": 8.0, ""model__gamma"": 0.01, ""pca__n_components"": 68}",stage3_local_cv,0,0.803125,4.577
stage3_114,stage3_seed_0,"{""model__C"": 8.0, ""model__gamma"": 0.01, ""pca__n_components"": 68}",68,8.0,0.01,"{""model__C"": 8.0, ""model__gamma"": 0.01, ""pca__n_components"": 68}",stage3_local_cv,1,0.816875,5.817
stage3_114,stage3_seed_0,"{""model__C"": 8.0, ""model__gamma"": 0.01, ""pca__n_components"": 68}",68,8.0,0.01,"{""model__C"": 8.0, ""model__gamma"": 0.01, ""pca__n_components"": 68}",stage3_local_cv,2,0.81625,5.29
stage3_114,stage3_seed_0,"{""model__C"": 8.0, ""model__gamma"": 0.01, ""pca__n_components"": 68}",68,8.0,0.01,"{""model__C"": 8.0, ""model__gamma"": 0.01, ""pca__n_components"": 68}",stage3_local_cv,3,0.809375,4.935
stage3_114,stage3_seed_0,"{""model__C"": 8.0, ""model__gamma"": 0.01, ""pca__n_components"": 68}",68,8.0,0.01,"{""model__C"": 8.0, ""model__gamma"": 0.01, ""pca__n_components"": 68}",stage3_local_cv,4,0.804375,5.583
stage3_115,stage3_seed_0,"{""model__C"": 8.0, ""model__gamma"": 0.02, ""pca__n_components"": 68}",68,8.0,0.02,"{""model__C"": 8.0, ""model__gamma"": 0.02, ""pca__n_components"": 68}",stage3_local_cv,0,0.799375,4.849
stage3_115,stage3_seed_0,"{""model__C"": 8.0, ""model__gamma"": 0.02, ""pca__n_components"": 68}",68,8.0,0.02,"{""model__C"": 8.0, ""model__gamma"": 0.02, ""pca__n_components"": 68}",stage3_local_cv,1,0.81,4.094
stage3_115,stage3_seed_0,"{""model__C"": 8.0, ""model__gamma"": 0.02, ""pca__n_components"": 68}",68,8.0,0.02,"{""model__C"": 8.0, ""model__gamma"": 0.02, ""pca__n_components"": 68}",stage3_local_cv,2,0.795625,4.47
stage3_115,stage3_seed_0,"{""model__C"": 8.0, ""model__gamma"": 0.02, ""pca__n_components"": 68}",68,8.0,0.02,"{""model__C"": 8.0, ""model__gamma"": 0.02, ""pca__n_components"": 68}",stage3_local_cv,3,0.803125,4.03
stage3_115,stage3_seed_0,"{""model__C"": 8.0, ""model__gamma"": 0.02, ""pca__n_components"": 68}",68,8.0,0.02,"{""model__C"": 8.0, ""model__gamma"": 0.02, ""pca__n_components"": 68}",stage3_local_cv,4,0.799375,4.289
stage3_116,stage3_seed_0,"{""model__C"": 8.0, ""model__gamma"": 0.03, ""pca__n_components"": 68}",68,8.0,0.03,"{""model__C"": 8.0, ""model__gamma"": 0.03, ""pca__n_components"": 68}",stage3_local_cv,0,0.78125,4.835
stage3_116,stage3_seed_0,"{""model__C"": 8.0, ""model__gamma"": 0.03, ""pca__n_components"": 68}",68,8.0,0.03,"{""model__C"": 8.0, ""model__gamma"": 0.03, ""pca__n_components"": 68}",stage3_local_cv,1,0.78625,4.152
stage3_116,stage3_seed_0,"{""model__C"": 8.0, ""model__gamma"": 0.03, ""pca__n_components"": 68}",68,8.0,0.03,"{""model__C"": 8.0, ""model__gamma"": 0.03, ""pca__n_components"": 68}",stage3_local_cv,2,0.77,3.966
stage3_116,stage3_seed_0,"{""model__C"": 8.0, ""model__gamma"": 0.03, ""pca__n_components"": 68}",68,8.0,0.03,"{""model__C"": 8.0, ""model__gamma"": 0.03, ""pca__n_components"": 68}",stage3_local_cv,3,0.778125,5.557
stage3_116,stage3_seed_0,"{""model__C"": 8.0, ""model__gamma"": 0.03, ""pca__n_components"": 68}",68,8.0,0.03,"{""model__C"": 8.0, ""model__gamma"": 0.03, ""pca__n_components"": 68}",stage3_local_cv,4,0.76875,4.037
stage3_117,stage3_seed_0,"{""model__C"": 8.0, ""model__gamma"": 0.04, ""pca__n_components"": 68}",68,8.0,0.04,"{""model__C"": 8.0, ""model__gamma"": 0.04, ""pca__n_components"": 68}",stage3_local_cv,0,0.76125,4.12
stage3_117,stage3_seed_0,"{""model__C"": 8.0, ""model__gamma"": 0.04, ""pca__n_components"": 68}",68,8.0,0.04,"{""model__C"": 8.0, ""model__gamma"": 0.04, ""pca__n_components"": 68}",stage3_local_cv,1,0.7725,5.518
stage3_117,stage3_seed_0,"{""model__C"": 8.0, ""model__gamma"": 0.04, ""pca__n_components"": 68}",68,8.0,0.04,"{""model__C"": 8.0, ""model__gamma"": 0.04, ""pca__n_components"": 68}",stage3_local_cv,2,0.74125,5.367
stage3_117,stage3_seed_0,"{""model__C"": 8.0, ""model__gamma"": 0.04, ""pca__n_components"": 68}",68,8.0,0.04,"{""model__C"": 8.0, ""model__gamma"": 0.04, ""pca__n_components"": 68}",stage3_local_cv,3,0.765,4.001
stage3_117,stage3_seed_0,"{""model__C"": 8.0, ""model__gamma"": 0.04, ""pca__n_components"": 68}",68,8.0,0.04,"{""model__C"": 8.0, ""model__gamma"": 0.04, ""pca__n_components"": 68}",stage3_local_cv,4,0.7575,5.516
stage3_118,stage3_seed_0,"{""model__C"": 8.0, ""model__gamma"": 0.08, ""pca__n_components"": 68}",68,8.0,0.08,"{""model__C"": 8.0, ""model__gamma"": 0.08, ""pca__n_components"": 68}",stage3_local_cv,0,0.598125,5.549
stage3_118,stage3_seed_0,"{""model__C"": 8.0, ""model__gamma"": 0.08, ""pca__n_components"": 68}",68,8.0,0.08,"{""model__C"": 8.0, ""model__gamma"": 0.08, ""pca__n_components"": 68}",stage3_local_cv,1,0.605625,5.411
stage3_118,stage3_seed_0,"{""model__C"": 8.0, ""model__gamma"": 0.08, ""pca__n_components"": 68}",68,8.0,0.08,"{""model__C"": 8.0, ""model__gamma"": 0.08, ""pca__n_components"": 68}",stage3_local_cv,2,0.810625,3.923
stage3_118,stage3_seed_0,"{""model__C"": 8.0, ""model__gamma"": 0.08, ""pca__n_components"": 68}",68,8.0,0.08,"{""model__C"": 8.0, ""model__gamma"": 0.08, ""pca__n_components"": 68}",stage3_local_cv,3,0.816875,3.765
stage3_118,stage3_seed_0,"{""model__C"": 8.0, ""model__gamma"": 0.08, ""pca__n_components"": 68}",68,8.0,0.08,"{""model__C"": 8.0, ""model__gamma"": 0.08, ""pca__n_components"": 68}",stage3_local_cv,4,0.63875,4.003
stage3_119,stage3_seed_0,"{""model__C"": 12.0, ""model__gamma"": ""scale"", ""pca__n_components"": 68}",68,12.0,scale,"{""model__C"": 12.0, ""model__gamma"": ""scale"", ""pca__n_components"": 68}",stage3_local_cv,0,0.811875,5.452
stage3_119,stage3_seed_0,"{""model__C"": 12.0, ""model__gamma"": ""scale"", ""pca__n_components"": 68}",68,12.0,scale,"{""model__C"": 12.0, ""model__gamma"": ""scale"", ""pca__n_components"": 68}",stage3_local_cv,1,0.81,6.639
stage3_119,stage3_seed_0,"{""model__C"": 12.0, ""model__gamma"": ""scale"", ""pca__n_components"": 68}",68,12.0,scale,"{""model__C"": 12.0, ""model__gamma"": ""scale"", ""pca__n_components"": 68}",stage3_local_cv,2,0.799375,5.19
stage3_119,stage3_seed_0,"{""model__C"": 12.0, ""model__gamma"": ""scale"", ""pca__n_components"": 68}",68,12.0,scale,"{""model__C"": 12.0, ""model__gamma"": ""scale"", ""pca__n_components"": 68}",stage3_local_cv,3,0.795625,6.153
stage3_119,stage3_seed_0,"{""model__C"": 12.0, ""model__gamma"": ""scale"", ""pca__n_components"": 68}",68,12.0,scale,"{""model__C"": 12.0, ""model__gamma"": ""scale"", ""pca__n_components"": 68}",stage3_local_cv,4,0.80375,4.898
stage3_120,stage3_seed_0,"{""model__C"": 12.0, ""model__gamma"": 0.005, ""pca__n_components"": 68}",68,12.0,0.005,"{""model__C"": 12.0, ""model__gamma"": 0.005, ""pca__n_components"": 68}",stage3_local_cv,0,0.81,4.918
stage3_120,stage3_seed_0,"{""model__C"": 12.0, ""model__gamma"": 0.005, ""pca__n_components"": 68}",68,12.0,0.005,"{""model__C"": 12.0, ""model__gamma"": 0.005, ""pca__n_components"": 68}",stage3_local_cv,1,0.8125,5.142
stage3_120,stage3_seed_0,"{""model__C"": 12.0, ""model__gamma"": 0.005, ""pca__n_components"": 68}",68,12.0,0.005,"{""model__C"": 12.0, ""model__gamma"": 0.005, ""pca__n_components"": 68}",stage3_local_cv,2,0.79625,6.172
stage3_120,stage3_seed_0,"{""model__C"": 12.0, ""model__gamma"": 0.005, ""pca__n_components"": 68}",68,12.0,0.005,"{""model__C"": 12.0, ""model__gamma"": 0.005, ""pca__n_components"": 68}",stage3_local_cv,3,0.795625,5.398
stage3_120,stage3_seed_0,"{""model__C"": 12.0, ""model__gamma"": 0.005, ""pca__n_components"": 68}",68,12.0,0.005,"{""model__C"": 12.0, ""model__gamma"": 0.005, ""pca__n_components"": 68}",stage3_local_cv,4,0.8,6.235
stage3_121,stage3_seed_0,"{""model__C"": 12.0, ""model__gamma"": 0.01, ""pca__n_components"": 68}",68,12.0,0.01,"{""model__C"": 12.0, ""model__gamma"": 0.01, ""pca__n_components"": 68}",stage3_local_cv,0,0.8,5.689
stage3_121,stage3_seed_0,"{""model__C"": 12.0, ""model__gamma"": 0.01, ""pca__n_components"": 68}",68,12.0,0.01,"{""model__C"": 12.0, ""model__gamma"": 0.01, ""pca__n_components"": 68}",stage3_local_cv,1,0.816875,4.349
stage3_121,stage3_seed_0,"{""model__C"": 12.0, ""model__gamma"": 0.01, ""pca__n_components"": 68}",68,12.0,0.01,"{""model__C"": 12.0, ""model__gamma"": 0.01, ""pca__n_components"": 68}",stage3_local_cv,2,0.81125,4.158
stage3_121,stage3_seed_0,"{""model__C"": 12.0, ""model__gamma"": 0.01, ""pca__n_components"": 68}",68,12.0,0.01,"{""model__C"": 12.0, ""model__gamma"": 0.01, ""pca__n_components"": 68}",stage3_local_cv,3,0.804375,5.231
stage3_121,stage3_seed_0,"{""model__C"": 12.0, ""model__gamma"": 0.01, ""pca__n_components"": 68}",68,12.0,0.01,"{""model__C"": 12.0, ""model__gamma"": 0.01, ""pca__n_components"": 68}",stage3_local_cv,4,0.800625,4.274
stage3_122,stage3_seed_0,"{""model__C"": 12.0, ""model__gamma"": 0.02, ""pca__n_components"": 68}",68,12.0,0.02,"{""model__C"": 12.0, ""model__gamma"": 0.02, ""pca__n_components"": 68}",stage3_local_cv,0,0.799375,4.114
stage3_122,stage3_seed_0,"{""model__C"": 12.0, ""model__gamma"": 0.02, ""pca__n_components"": 68}",68,12.0,0.02,"{""model__C"": 12.0, ""model__gamma"": 0.02, ""pca__n_components"": 68}",stage3_local_cv,1,0.809375,5.538
stage3_122,stage3_seed_0,"{""model__C"": 12.0, ""model__gamma"": 0.02, ""pca__n_components"": 68}",68,12.0,0.02,"{""model__C"": 12.0, ""model__gamma"": 0.02, ""pca__n_components"": 68}",stage3_local_cv,2,0.795,3.973
stage3_122,stage3_seed_0,"{""model__C"": 12.0, ""model__gamma"": 0.02, ""pca__n_components"": 68}",68,12.0,0.02,"{""model__C"": 12.0, ""model__gamma"": 0.02, ""pca__n_components"": 68}",stage3_local_cv,3,0.79875,4.606
stage3_122,stage3_seed_0,"{""model__C"": 12.0, ""model__gamma"": 0.02, ""pca__n_components"": 68}",68,12.0,0.02,"{""model__C"": 12.0, ""model__gamma"": 0.02, ""pca__n_components"": 68}",stage3_local_cv,4,0.796875,5.176
stage3_123,stage3_seed_0,"{""model__C"": 12.0, ""model__gamma"": 0.03, ""pca__n_components"": 68}",68,12.0,0.03,"{""model__C"": 12.0, ""model__gamma"": 0.03, ""pca__n_components"": 68}",stage3_local_cv,0,0.784375,5.505
stage3_123,stage3_seed_0,"{""model__C"": 12.0, ""model__gamma"": 0.03, ""pca__n_components"": 68}",68,12.0,0.03,"{""model__C"": 12.0, ""model__gamma"": 0.03, ""pca__n_components"": 68}",stage3_local_cv,1,0.7825,4.078
stage3_123,stage3_seed_0,"{""model__C"": 12.0, ""model__gamma"": 0.03, ""pca__n_components"": 68}",68,12.0,0.03,"{""model__C"": 12.0, ""model__gamma"": 0.03, ""pca__n_components"": 68}",stage3_local_cv,2,0.76875,5.308
stage3_123,stage3_seed_0,"{""model__C"": 12.0, ""model__gamma"": 0.03, ""pca__n_components"": 68}",68,12.0,0.03,"{""model__C"": 12.0, ""model__gamma"": 0.03, ""pca__n_components"": 68}",stage3_local_cv,3,0.775,4.033
stage3_123,stage3_seed_0,"{""model__C"": 12.0, ""model__gamma"": 0.03, ""pca__n_components"": 68}",68,12.0,0.03,"{""model__C"": 12.0, ""model__gamma"": 0.03, ""pca__n_components"": 68}",stage3_local_cv,4,0.77,4.451
stage3_124,stage3_seed_0,"{""model__C"": 12.0, ""model__gamma"": 0.04, ""pca__n_components"": 68}",68,12.0,0.04,"{""model__C"": 12.0, ""model__gamma"": 0.04, ""pca__n_components"": 68}",stage3_local_cv,0,0.76,4.822
stage3_124,stage3_seed_0,"{""model__C"": 12.0, ""model__gamma"": 0.04, ""pca__n_components"": 68}",68,12.0,0.04,"{""model__C"": 12.0, ""model__gamma"": 0.04, ""pca__n_components"": 68}",stage3_local_cv,1,0.77,4.111
stage3_124,stage3_seed_0,"{""model__C"": 12.0, ""model__gamma"": 0.04, ""pca__n_components"": 68}",68,12.0,0.04,"{""model__C"": 12.0, ""model__gamma"": 0.04, ""pca__n_components"": 68}",stage3_local_cv,2,0.739375,3.918
stage3_124,stage3_seed_0,"{""model__C"": 12.0, ""model__gamma"": 0.04, ""pca__n_components"": 68}",68,12.0,0.04,"{""model__C"": 12.0, ""model__gamma"": 0.04, ""pca__n_components"": 68}",stage3_local_cv,3,0.764375,5.444
stage3_124,stage3_seed_0,"{""model__C"": 12.0, ""model__gamma"": 0.04, ""pca__n_components"": 68}",68,12.0,0.04,"{""model__C"": 12.0, ""model__gamma"": 0.04, ""pca__n_components"": 68}",stage3_local_cv,4,0.756875,4.021
stage3_125,stage3_seed_0,"{""model__C"": 12.0, ""model__gamma"": 0.08, ""pca__n_components"": 68}",68,12.0,0.08,"{""model__C"": 12.0, ""model__gamma"": 0.08, ""pca__n_components"": 68}",stage3_local_cv,0,0.595,4.084
stage3_125,stage3_seed_0,"{""model__C"": 12.0, ""model__gamma"": 0.08, ""pca__n_components"": 68}",68,12.0,0.08,"{""model__C"": 12.0, ""model__gamma"": 0.08, ""pca__n_components"": 68}",stage3_local_cv,1,0.604375,5.427
stage3_125,stage3_seed_0,"{""model__C"": 12.0, ""model__gamma"": 0.08, ""pca__n_components"": 68}",68,12.0,0.08,"{""model__C"": 12.0, ""model__gamma"": 0.08, ""pca__n_components"": 68}",stage3_local_cv,2,0.80375,3.764
stage3_125,stage3_seed_0,"{""model__C"": 12.0, ""model__gamma"": 0.08, ""pca__n_components"": 68}",68,12.0,0.08,"{""model__C"": 12.0, ""model__gamma"": 0.08, ""pca__n_components"": 68}",stage3_local_cv,3,0.81375,3.923
stage3_125,stage3_seed_0,"{""model__C"": 12.0, ""model__gamma"": 0.08, ""pca__n_components"": 68}",68,12.0,0.08,"{""model__C"": 12.0, ""model__gamma"": 0.08, ""pca__n_components"": 68}",stage3_local_cv,4,0.629375,5.589
stage3_126,stage3_seed_0,"{""model__C"": 2.0, ""model__gamma"": ""scale"", ""pca__n_components"": 72}",72,2.0,scale,"{""model__C"": 2.0, ""model__gamma"": ""scale"", ""pca__n_components"": 72}",stage3_local_cv,0,0.769375,5.037
stage3_126,stage3_seed_0,"{""model__C"": 2.0, ""model__gamma"": ""scale"", ""pca__n_components"": 72}",72,2.0,scale,"{""model__C"": 2.0, ""model__gamma"": ""scale"", ""pca__n_components"": 72}",stage3_local_cv,1,0.758125,4.003
stage3_126,stage3_seed_0,"{""model__C"": 2.0, ""model__gamma"": ""scale"", ""pca__n_components"": 72}",72,2.0,scale,"{""model__C"": 2.0, ""model__gamma"": ""scale"", ""pca__n_components"": 72}",stage3_local_cv,2,0.753125,5.203
stage3_126,stage3_seed_0,"{""model__C"": 2.0, ""model__gamma"": ""scale"", ""pca__n_components"": 72}",72,2.0,scale,"{""model__C"": 2.0, ""model__gamma"": ""scale"", ""pca__n_components"": 72}",stage3_local_cv,3,0.76375,3.906
stage3_126,stage3_seed_0,"{""model__C"": 2.0, ""model__gamma"": ""scale"", ""pca__n_components"": 72}",72,2.0,scale,"{""model__C"": 2.0, ""model__gamma"": ""scale"", ""pca__n_components"": 72}",stage3_local_cv,4,0.753125,3.943
stage3_127,stage3_seed_0,"{""model__C"": 2.0, ""model__gamma"": 0.005, ""pca__n_components"": 72}",72,2.0,0.005,"{""model__C"": 2.0, ""model__gamma"": 0.005, ""pca__n_components"": 72}",stage3_local_cv,0,0.7625,4.002
stage3_127,stage3_seed_0,"{""model__C"": 2.0, ""model__gamma"": 0.005, ""pca__n_components"": 72}",72,2.0,0.005,"{""model__C"": 2.0, ""model__gamma"": 0.005, ""pca__n_components"": 72}",stage3_local_cv,1,0.756875,3.947
stage3_127,stage3_seed_0,"{""model__C"": 2.0, ""model__gamma"": 0.005, ""pca__n_components"": 72}",72,2.0,0.005,"{""model__C"": 2.0, ""model__gamma"": 0.005, ""pca__n_components"": 72}",stage3_local_cv,2,0.748125,3.835
stage3_127,stage3_seed_0,"{""model__C"": 2.0, ""model__gamma"": 0.005, ""pca__n_components"": 72}",72,2.0,0.005,"{""model__C"": 2.0, ""model__gamma"": 0.005, ""pca__n_components"": 72}",stage3_local_cv,3,0.761875,5.163
stage3_127,stage3_seed_0,"{""model__C"": 2.0, ""model__gamma"": 0.005, ""pca__n_components"": 72}",72,2.0,0.005,"{""model__C"": 2.0, ""model__gamma"": 0.005, ""pca__n_components"": 72}",stage3_local_cv,4,0.750625,3.956
stage3_128,stage3_seed_0,"{""model__C"": 2.0, ""model__gamma"": 0.01, ""pca__n_components"": 72}",72,2.0,0.01,"{""model__C"": 2.0, ""model__gamma"": 0.01, ""pca__n_components"": 72}",stage3_local_cv,0,0.80125,4.385
stage3_128,stage3_seed_0,"{""model__C"": 2.0, ""model__gamma"": 0.01, ""pca__n_components"": 72}",72,2.0,0.01,"{""model__C"": 2.0, ""model__gamma"": 0.01, ""pca__n_components"": 72}",stage3_local_cv,1,0.798125,5.893
stage3_128,stage3_seed_0,"{""model__C"": 2.0, ""model__gamma"": 0.01, ""pca__n_components"": 72}",72,2.0,0.01,"{""model__C"": 2.0, ""model__gamma"": 0.01, ""pca__n_components"": 72}",stage3_local_cv,2,0.790625,4.363
stage3_128,stage3_seed_0,"{""model__C"": 2.0, ""model__gamma"": 0.01, ""pca__n_components"": 72}",72,2.0,0.01,"{""model__C"": 2.0, ""model__gamma"": 0.01, ""pca__n_components"": 72}",stage3_local_cv,3,0.791875,4.453
stage3_128,stage3_seed_0,"{""model__C"": 2.0, ""model__gamma"": 0.01, ""pca__n_components"": 72}",72,2.0,0.01,"{""model__C"": 2.0, ""model__gamma"": 0.01, ""pca__n_components"": 72}",stage3_local_cv,4,0.79625,5.779
stage3_129,stage3_seed_0,"{""model__C"": 2.0, ""model__gamma"": 0.02, ""pca__n_components"": 72}",72,2.0,0.02,"{""model__C"": 2.0, ""model__gamma"": 0.02, ""pca__n_components"": 72}",stage3_local_cv,0,0.803125,5.856
stage3_129,stage3_seed_0,"{""model__C"": 2.0, ""model__gamma"": 0.02, ""pca__n_components"": 72}",72,2.0,0.02,"{""model__C"": 2.0, ""model__gamma"": 0.02, ""pca__n_components"": 72}",stage3_local_cv,1,0.813125,4.402
stage3_129,stage3_seed_0,"{""model__C"": 2.0, ""model__gamma"": 0.02, ""pca__n_components"": 72}",72,2.0,0.02,"{""model__C"": 2.0, ""model__gamma"": 0.02, ""pca__n_components"": 72}",stage3_local_cv,2,0.79375,5.739
stage3_129,stage3_seed_0,"{""model__C"": 2.0, ""model__gamma"": 0.02, ""pca__n_components"": 72}",72,2.0,0.02,"{""model__C"": 2.0, ""model__gamma"": 0.02, ""pca__n_components"": 72}",stage3_local_cv,3,0.805625,4.343
stage3_129,stage3_seed_0,"{""model__C"": 2.0, ""model__gamma"": 0.02, ""pca__n_components"": 72}",72,2.0,0.02,"{""model__C"": 2.0, ""model__gamma"": 0.02, ""pca__n_components"": 72}",stage3_local_cv,4,0.803125,4.428
stage3_130,stage3_seed_0,"{""model__C"": 2.0, ""model__gamma"": 0.03, ""pca__n_components"": 72}",72,2.0,0.03,"{""model__C"": 2.0, ""model__gamma"": 0.03, ""pca__n_components"": 72}",stage3_local_cv,0,0.78375,4.374
stage3_130,stage3_seed_0,"{""model__C"": 2.0, ""model__gamma"": 0.03, ""pca__n_components"": 72}",72,2.0,0.03,"{""model__C"": 2.0, ""model__gamma"": 0.03, ""pca__n_components"": 72}",stage3_local_cv,1,0.788125,5.445
stage3_130,stage3_seed_0,"{""model__C"": 2.0, ""model__gamma"": 0.03, ""pca__n_components"": 72}",72,2.0,0.03,"{""model__C"": 2.0, ""model__gamma"": 0.03, ""pca__n_components"": 72}",stage3_local_cv,2,0.773125,4.294
stage3_130,stage3_seed_0,"{""model__C"": 2.0, ""model__gamma"": 0.03, ""pca__n_components"": 72}",72,2.0,0.03,"{""model__C"": 2.0, ""model__gamma"": 0.03, ""pca__n_components"": 72}",stage3_local_cv,3,0.785625,5.57
stage3_130,stage3_seed_0,"{""model__C"": 2.0, ""model__gamma"": 0.03, ""pca__n_components"": 72}",72,2.0,0.03,"{""model__C"": 2.0, ""model__gamma"": 0.03, ""pca__n_components"": 72}",stage3_local_cv,4,0.771875,4.404
stage3_131,stage3_seed_0,"{""model__C"": 2.0, ""model__gamma"": 0.04, ""pca__n_components"": 72}",72,2.0,0.04,"{""model__C"": 2.0, ""model__gamma"": 0.04, ""pca__n_components"": 72}",stage3_local_cv,0,0.764375,4.344
stage3_131,stage3_seed_0,"{""model__C"": 2.0, ""model__gamma"": 0.04, ""pca__n_components"": 72}",72,2.0,0.04,"{""model__C"": 2.0, ""model__gamma"": 0.04, ""pca__n_components"": 72}",stage3_local_cv,1,0.771875,4.799
stage3_131,stage3_seed_0,"{""model__C"": 2.0, ""model__gamma"": 0.04, ""pca__n_components"": 72}",72,2.0,0.04,"{""model__C"": 2.0, ""model__gamma"": 0.04, ""pca__n_components"": 72}",stage3_local_cv,2,0.74,5.319
stage3_131,stage3_seed_0,"{""model__C"": 2.0, ""model__gamma"": 0.04, ""pca__n_components"": 72}",72,2.0,0.04,"{""model__C"": 2.0, ""model__gamma"": 0.04, ""pca__n_components"": 72}",stage3_local_cv,3,0.770625,4.304
stage3_131,stage3_seed_0,"{""model__C"": 2.0, ""model__gamma"": 0.04, ""pca__n_components"": 72}",72,2.0,0.04,"{""model__C"": 2.0, ""model__gamma"": 0.04, ""pca__n_components"": 72}",stage3_local_cv,4,0.755625,5.578
stage3_132,stage3_seed_0,"{""model__C"": 2.0, ""model__gamma"": 0.08, ""pca__n_components"": 72}",72,2.0,0.08,"{""model__C"": 2.0, ""model__gamma"": 0.08, ""pca__n_components"": 72}",stage3_local_cv,0,0.593125,7.286
stage3_132,stage3_seed_0,"{""model__C"": 2.0, ""model__gamma"": 0.08, ""pca__n_components"": 72}",72,2.0,0.08,"{""model__C"": 2.0, ""model__gamma"": 0.08, ""pca__n_components"": 72}",stage3_local_cv,1,0.6025,4.417
stage3_132,stage3_seed_0,"{""model__C"": 2.0, ""model__gamma"": 0.08, ""pca__n_components"": 72}",72,2.0,0.08,"{""model__C"": 2.0, ""model__gamma"": 0.08, ""pca__n_components"": 72}",stage3_local_cv,2,0.715625,4.634
stage3_132,stage3_seed_0,"{""model__C"": 2.0, ""model__gamma"": 0.08, ""pca__n_components"": 72}",72,2.0,0.08,"{""model__C"": 2.0, ""model__gamma"": 0.08, ""pca__n_components"": 72}",stage3_local_cv,3,0.78625,4.167
stage3_132,stage3_seed_0,"{""model__C"": 2.0, ""model__gamma"": 0.08, ""pca__n_components"": 72}",72,2.0,0.08,"{""model__C"": 2.0, ""model__gamma"": 0.08, ""pca__n_components"": 72}",stage3_local_cv,4,0.64125,4.285
stage3_133,stage3_seed_0,"{""model__C"": 3.0, ""model__gamma"": ""scale"", ""pca__n_components"": 72}",72,3.0,scale,"{""model__C"": 3.0, ""model__gamma"": ""scale"", ""pca__n_components"": 72}",stage3_local_cv,0,0.78375,4.063
stage3_133,stage3_seed_0,"{""model__C"": 3.0, ""model__gamma"": ""scale"", ""pca__n_components"": 72}",72,3.0,scale,"{""model__C"": 3.0, ""model__gamma"": ""scale"", ""pca__n_components"": 72}",stage3_local_cv,1,0.775625,5.361
stage3_133,stage3_seed_0,"{""model__C"": 3.0, ""model__gamma"": ""scale"", ""pca__n_components"": 72}",72,3.0,scale,"{""model__C"": 3.0, ""model__gamma"": ""scale"", ""pca__n_components"": 72}",stage3_local_cv,2,0.77,4.009
stage3_133,stage3_seed_0,"{""model__C"": 3.0, ""model__gamma"": ""scale"", ""pca__n_components"": 72}",72,3.0,scale,"{""model__C"": 3.0, ""model__gamma"": ""scale"", ""pca__n_components"": 72}",stage3_local_cv,3,0.776875,5.321
stage3_133,stage3_seed_0,"{""model__C"": 3.0, ""model__gamma"": ""scale"", ""pca__n_components"": 72}",72,3.0,scale,"{""model__C"": 3.0, ""model__gamma"": ""scale"", ""pca__n_components"": 72}",stage3_local_cv,4,0.766875,5.139
stage3_134,stage3_seed_0,"{""model__C"": 3.0, ""model__gamma"": 0.005, ""pca__n_components"": 72}",72,3.0,0.005,"{""model__C"": 3.0, ""model__gamma"": 0.005, ""pca__n_components"": 72}",stage3_local_cv,0,0.785,5.189
stage3_134,stage3_seed_0,"{""model__C"": 3.0, ""model__gamma"": 0.005, ""pca__n_components"": 72}",72,3.0,0.005,"{""model__C"": 3.0, ""model__gamma"": 0.005, ""pca__n_components"": 72}",stage3_local_cv,1,0.771875,4.154
stage3_134,stage3_seed_0,"{""model__C"": 3.0, ""model__gamma"": 0.005, ""pca__n_components"": 72}",72,3.0,0.005,"{""model__C"": 3.0, ""model__gamma"": 0.005, ""pca__n_components"": 72}",stage3_local_cv,2,0.76875,5.128
stage3_134,stage3_seed_0,"{""model__C"": 3.0, ""model__gamma"": 0.005, ""pca__n_components"": 72}",72,3.0,0.005,"{""model__C"": 3.0, ""model__gamma"": 0.005, ""pca__n_components"": 72}",stage3_local_cv,3,0.775,4.068
stage3_134,stage3_seed_0,"{""model__C"": 3.0, ""model__gamma"": 0.005, ""pca__n_components"": 72}",72,3.0,0.005,"{""model__C"": 3.0, ""model__gamma"": 0.005, ""pca__n_components"": 72}",stage3_local_cv,4,0.764375,4.561
stage3_135,stage3_seed_0,"{""model__C"": 3.0, ""model__gamma"": 0.01, ""pca__n_components"": 72}",72,3.0,0.01,"{""model__C"": 3.0, ""model__gamma"": 0.01, ""pca__n_components"": 72}",stage3_local_cv,0,0.810625,4.741
stage3_135,stage3_seed_0,"{""model__C"": 3.0, ""model__gamma"": 0.01, ""pca__n_components"": 72}",72,3.0,0.01,"{""model__C"": 3.0, ""model__gamma"": 0.01, ""pca__n_components"": 72}",stage3_local_cv,1,0.8075,4.545
stage3_135,stage3_seed_0,"{""model__C"": 3.0, ""model__gamma"": 0.01, ""pca__n_components"": 72}",72,3.0,0.01,"{""model__C"": 3.0, ""model__gamma"": 0.01, ""pca__n_components"": 72}",stage3_local_cv,2,0.801875,4.716
stage3_135,stage3_seed_0,"{""model__C"": 3.0, ""model__gamma"": 0.01, ""pca__n_components"": 72}",72,3.0,0.01,"{""model__C"": 3.0, ""model__gamma"": 0.01, ""pca__n_components"": 72}",stage3_local_cv,3,0.805625,5.505
stage3_135,stage3_seed_0,"{""model__C"": 3.0, ""model__gamma"": 0.01, ""pca__n_components"": 72}",72,3.0,0.01,"{""model__C"": 3.0, ""model__gamma"": 0.01, ""pca__n_components"": 72}",stage3_local_cv,4,0.805625,4.489
stage3_136,stage3_seed_0,"{""model__C"": 3.0, ""model__gamma"": 0.02, ""pca__n_components"": 72}",72,3.0,0.02,"{""model__C"": 3.0, ""model__gamma"": 0.02, ""pca__n_components"": 72}",stage3_local_cv,0,0.803125,4.471
stage3_136,stage3_seed_0,"{""model__C"": 3.0, ""model__gamma"": 0.02, ""pca__n_components"": 72}",72,3.0,0.02,"{""model__C"": 3.0, ""model__gamma"": 0.02, ""pca__n_components"": 72}",stage3_local_cv,1,0.815,5.764
stage3_136,stage3_seed_0,"{""model__C"": 3.0, ""model__gamma"": 0.02, ""pca__n_components"": 72}",72,3.0,0.02,"{""model__C"": 3.0, ""model__gamma"": 0.02, ""pca__n_components"": 72}",stage3_local_cv,2,0.793125,4.274
stage3_136,stage3_seed_0,"{""model__C"": 3.0, ""model__gamma"": 0.02, ""pca__n_components"": 72}",72,3.0,0.02,"{""model__C"": 3.0, ""model__gamma"": 0.02, ""pca__n_components"": 72}",stage3_local_cv,3,0.804375,4.858
stage3_136,stage3_seed_0,"{""model__C"": 3.0, ""model__gamma"": 0.02, ""pca__n_components"": 72}",72,3.0,0.02,"{""model__C"": 3.0, ""model__gamma"": 0.02, ""pca__n_components"": 72}",stage3_local_cv,4,0.8025,5.885
stage3_137,stage3_seed_0,"{""model__C"": 3.0, ""model__gamma"": 0.03, ""pca__n_components"": 72}",72,3.0,0.03,"{""model__C"": 3.0, ""model__gamma"": 0.03, ""pca__n_components"": 72}",stage3_local_cv,0,0.78375,5.694
stage3_137,stage3_seed_0,"{""model__C"": 3.0, ""model__gamma"": 0.03, ""pca__n_components"": 72}",72,3.0,0.03,"{""model__C"": 3.0, ""model__gamma"": 0.03, ""pca__n_components"": 72}",stage3_local_cv,1,0.78875,4.352
stage3_137,stage3_seed_0,"{""model__C"": 3.0, ""model__gamma"": 0.03, ""pca__n_components"": 72}",72,3.0,0.03,"{""model__C"": 3.0, ""model__gamma"": 0.03, ""pca__n_components"": 72}",stage3_local_cv,2,0.773125,5.718
stage3_137,stage3_seed_0,"{""model__C"": 3.0, ""model__gamma"": 0.03, ""pca__n_components"": 72}",72,3.0,0.03,"{""model__C"": 3.0, ""model__gamma"": 0.03, ""pca__n_components"": 72}",stage3_local_cv,3,0.781875,4.292
stage3_137,stage3_seed_0,"{""model__C"": 3.0, ""model__gamma"": 0.03, ""pca__n_components"": 72}",72,3.0,0.03,"{""model__C"": 3.0, ""model__gamma"": 0.03, ""pca__n_components"": 72}",stage3_local_cv,4,0.7725,4.356
stage3_138,stage3_seed_0,"{""model__C"": 3.0, ""model__gamma"": 0.04, ""pca__n_components"": 72}",72,3.0,0.04,"{""model__C"": 3.0, ""model__gamma"": 0.04, ""pca__n_components"": 72}",stage3_local_cv,0,0.765,4.373
stage3_138,stage3_seed_0,"{""model__C"": 3.0, ""model__gamma"": 0.04, ""pca__n_components"": 72}",72,3.0,0.04,"{""model__C"": 3.0, ""model__gamma"": 0.04, ""pca__n_components"": 72}",stage3_local_cv,1,0.77125,4.489
stage3_138,stage3_seed_0,"{""model__C"": 3.0, ""model__gamma"": 0.04, ""pca__n_components"": 72}",72,3.0,0.04,"{""model__C"": 3.0, ""model__gamma"": 0.04, ""pca__n_components"": 72}",stage3_local_cv,2,0.74125,4.261
stage3_138,stage3_seed_0,"{""model__C"": 3.0, ""model__gamma"": 0.04, ""pca__n_components"": 72}",72,3.0,0.04,"{""model__C"": 3.0, ""model__gamma"": 0.04, ""pca__n_components"": 72}",stage3_local_cv,3,0.770625,5.654
stage3_138,stage3_seed_0,"{""model__C"": 3.0, ""model__gamma"": 0.04, ""pca__n_components"": 72}",72,3.0,0.04,"{""model__C"": 3.0, ""model__gamma"": 0.04, ""pca__n_components"": 72}",stage3_local_cv,4,0.756875,4.426
stage3_139,stage3_seed_0,"{""model__C"": 3.0, ""model__gamma"": 0.08, ""pca__n_components"": 72}",72,3.0,0.08,"{""model__C"": 3.0, ""model__gamma"": 0.08, ""pca__n_components"": 72}",stage3_local_cv,0,0.59375,4.511
stage3_139,stage3_seed_0,"{""model__C"": 3.0, ""model__gamma"": 0.08, ""pca__n_components"": 72}",72,3.0,0.08,"{""model__C"": 3.0, ""model__gamma"": 0.08, ""pca__n_components"": 72}",stage3_local_cv,1,0.6,5.57
stage3_139,stage3_seed_0,"{""model__C"": 3.0, ""model__gamma"": 0.08, ""pca__n_components"": 72}",72,3.0,0.08,"{""model__C"": 3.0, ""model__gamma"": 0.08, ""pca__n_components"": 72}",stage3_local_cv,2,0.719375,4.124
stage3_139,stage3_seed_0,"{""model__C"": 3.0, ""model__gamma"": 0.08, ""pca__n_components"": 72}",72,3.0,0.08,"{""model__C"": 3.0, ""model__gamma"": 0.08, ""pca__n_components"": 72}",stage3_local_cv,3,0.796875,4.185
stage3_139,stage3_seed_0,"{""model__C"": 3.0, ""model__gamma"": 0.08, ""pca__n_components"": 72}",72,3.0,0.08,"{""model__C"": 3.0, ""model__gamma"": 0.08, ""pca__n_components"": 72}",stage3_local_cv,4,0.63875,5.612
stage3_140,stage3_seed_0,"{""model__C"": 4.0, ""model__gamma"": ""scale"", ""pca__n_components"": 72}",72,4.0,scale,"{""model__C"": 4.0, ""model__gamma"": ""scale"", ""pca__n_components"": 72}",stage3_local_cv,0,0.79125,5.378
stage3_140,stage3_seed_0,"{""model__C"": 4.0, ""model__gamma"": ""scale"", ""pca__n_components"": 72}",72,4.0,scale,"{""model__C"": 4.0, ""model__gamma"": ""scale"", ""pca__n_components"": 72}",stage3_local_cv,1,0.785,4.306
stage3_140,stage3_seed_0,"{""model__C"": 4.0, ""model__gamma"": ""scale"", ""pca__n_components"": 72}",72,4.0,scale,"{""model__C"": 4.0, ""model__gamma"": ""scale"", ""pca__n_components"": 72}",stage3_local_cv,2,0.78125,5.424
stage3_140,stage3_seed_0,"{""model__C"": 4.0, ""model__gamma"": ""scale"", ""pca__n_components"": 72}",72,4.0,scale,"{""model__C"": 4.0, ""model__gamma"": ""scale"", ""pca__n_components"": 72}",stage3_local_cv,3,0.780625,4.239
stage3_140,stage3_seed_0,"{""model__C"": 4.0, ""model__gamma"": ""scale"", ""pca__n_components"": 72}",72,4.0,scale,"{""model__C"": 4.0, ""model__gamma"": ""scale"", ""pca__n_components"": 72}",stage3_local_cv,4,0.78375,4.197
stage3_141,stage3_seed_0,"{""model__C"": 4.0, ""model__gamma"": 0.005, ""pca__n_components"": 72}",72,4.0,0.005,"{""model__C"": 4.0, ""model__gamma"": 0.005, ""pca__n_components"": 72}",stage3_local_cv,0,0.791875,4.138
stage3_141,stage3_seed_0,"{""model__C"": 4.0, ""model__gamma"": 0.005, ""pca__n_components"": 72}",72,4.0,0.005,"{""model__C"": 4.0, ""model__gamma"": 0.005, ""pca__n_components"": 72}",stage3_local_cv,1,0.783125,5.397
stage3_141,stage3_seed_0,"{""model__C"": 4.0, ""model__gamma"": 0.005, ""pca__n_components"": 72}",72,4.0,0.005,"{""model__C"": 4.0, ""model__gamma"": 0.005, ""pca__n_components"": 72}",stage3_local_cv,2,0.778125,4.136
stage3_141,stage3_seed_0,"{""model__C"": 4.0, ""model__gamma"": 0.005, ""pca__n_components"": 72}",72,4.0,0.005,"{""model__C"": 4.0, ""model__gamma"": 0.005, ""pca__n_components"": 72}",stage3_local_cv,3,0.78,5.282
stage3_141,stage3_seed_0,"{""model__C"": 4.0, ""model__gamma"": 0.005, ""pca__n_components"": 72}",72,4.0,0.005,"{""model__C"": 4.0, ""model__gamma"": 0.005, ""pca__n_components"": 72}",stage3_local_cv,4,0.778125,4.486
stage3_142,stage3_seed_0,"{""model__C"": 4.0, ""model__gamma"": 0.01, ""pca__n_components"": 72}",72,4.0,0.01,"{""model__C"": 4.0, ""model__gamma"": 0.01, ""pca__n_components"": 72}",stage3_local_cv,0,0.805625,5.804
stage3_142,stage3_seed_0,"{""model__C"": 4.0, ""model__gamma"": 0.01, ""pca__n_components"": 72}",72,4.0,0.01,"{""model__C"": 4.0, ""model__gamma"": 0.01, ""pca__n_components"": 72}",stage3_local_cv,1,0.81125,4.965
stage3_142,stage3_seed_0,"{""model__C"": 4.0, ""model__gamma"": 0.01, ""pca__n_components"": 72}",72,4.0,0.01,"{""model__C"": 4.0, ""model__gamma"": 0.01, ""pca__n_components"": 72}",stage3_local_cv,2,0.80375,4.702
stage3_142,stage3_seed_0,"{""model__C"": 4.0, ""model__gamma"": 0.01, ""pca__n_components"": 72}",72,4.0,0.01,"{""model__C"": 4.0, ""model__gamma"": 0.01, ""pca__n_components"": 72}",stage3_local_cv,3,0.805,4.56
stage3_142,stage3_seed_0,"{""model__C"": 4.0, ""model__gamma"": 0.01, ""pca__n_components"": 72}",72,4.0,0.01,"{""model__C"": 4.0, ""model__gamma"": 0.01, ""pca__n_components"": 72}",stage3_local_cv,4,0.79875,5.658
stage3_143,stage3_seed_0,"{""model__C"": 4.0, ""model__gamma"": 0.02, ""pca__n_components"": 72}",72,4.0,0.02,"{""model__C"": 4.0, ""model__gamma"": 0.02, ""pca__n_components"": 72}",stage3_local_cv,0,0.799375,4.74
stage3_143,stage3_seed_0,"{""model__C"": 4.0, ""model__gamma"": 0.02, ""pca__n_components"": 72}",72,4.0,0.02,"{""model__C"": 4.0, ""model__gamma"": 0.02, ""pca__n_components"": 72}",stage3_local_cv,1,0.813125,4.388
stage3_143,stage3_seed_0,"{""model__C"": 4.0, ""model__gamma"": 0.02, ""pca__n_components"": 72}",72,4.0,0.02,"{""model__C"": 4.0, ""model__gamma"": 0.02, ""pca__n_components"": 72}",stage3_local_cv,2,0.79375,5.534
stage3_143,stage3_seed_0,"{""model__C"": 4.0, ""model__gamma"": 0.02, ""pca__n_components"": 72}",72,4.0,0.02,"{""model__C"": 4.0, ""model__gamma"": 0.02, ""pca__n_components"": 72}",stage3_local_cv,3,0.80375,4.782
stage3_143,stage3_seed_0,"{""model__C"": 4.0, ""model__gamma"": 0.02, ""pca__n_components"": 72}",72,4.0,0.02,"{""model__C"": 4.0, ""model__gamma"": 0.02, ""pca__n_components"": 72}",stage3_local_cv,4,0.799375,4.393
stage3_144,stage3_seed_0,"{""model__C"": 4.0, ""model__gamma"": 0.03, ""pca__n_components"": 72}",72,4.0,0.03,"{""model__C"": 4.0, ""model__gamma"": 0.03, ""pca__n_components"": 72}",stage3_local_cv,0,0.783125,4.392
stage3_144,stage3_seed_0,"{""model__C"": 4.0, ""model__gamma"": 0.03, ""pca__n_components"": 72}",72,4.0,0.03,"{""model__C"": 4.0, ""model__gamma"": 0.03, ""pca__n_components"": 72}",stage3_local_cv,1,0.78875,5.785
stage3_144,stage3_seed_0,"{""model__C"": 4.0, ""model__gamma"": 0.03, ""pca__n_components"": 72}",72,4.0,0.03,"{""model__C"": 4.0, ""model__gamma"": 0.03, ""pca__n_components"": 72}",stage3_local_cv,2,0.7725,4.267
stage3_144,stage3_seed_0,"{""model__C"": 4.0, ""model__gamma"": 0.03, ""pca__n_components"": 72}",72,4.0,0.03,"{""model__C"": 4.0, ""model__gamma"": 0.03, ""pca__n_components"": 72}",stage3_local_cv,3,0.78,5.246
stage3_144,stage3_seed_0,"{""model__C"": 4.0, ""model__gamma"": 0.03, ""pca__n_components"": 72}",72,4.0,0.03,"{""model__C"": 4.0, ""model__gamma"": 0.03, ""pca__n_components"": 72}",stage3_local_cv,4,0.775625,5.948
stage3_145,stage3_seed_0,"{""model__C"": 4.0, ""model__gamma"": 0.04, ""pca__n_components"": 72}",72,4.0,0.04,"{""model__C"": 4.0, ""model__gamma"": 0.04, ""pca__n_components"": 72}",stage3_local_cv,0,0.7625,7.219
stage3_145,stage3_seed_0,"{""model__C"": 4.0, ""model__gamma"": 0.04, ""pca__n_components"": 72}",72,4.0,0.04,"{""model__C"": 4.0, ""model__gamma"": 0.04, ""pca__n_components"": 72}",stage3_local_cv,1,0.771875,4.33
stage3_145,stage3_seed_0,"{""model__C"": 4.0, ""model__gamma"": 0.04, ""pca__n_components"": 72}",72,4.0,0.04,"{""model__C"": 4.0, ""model__gamma"": 0.04, ""pca__n_components"": 72}",stage3_local_cv,2,0.739375,5.565
stage3_145,stage3_seed_0,"{""model__C"": 4.0, ""model__gamma"": 0.04, ""pca__n_components"": 72}",72,4.0,0.04,"{""model__C"": 4.0, ""model__gamma"": 0.04, ""pca__n_components"": 72}",stage3_local_cv,3,0.77,4.325
stage3_145,stage3_seed_0,"{""model__C"": 4.0, ""model__gamma"": 0.04, ""pca__n_components"": 72}",72,4.0,0.04,"{""model__C"": 4.0, ""model__gamma"": 0.04, ""pca__n_components"": 72}",stage3_local_cv,4,0.755625,4.316
stage3_146,stage3_seed_0,"{""model__C"": 4.0, ""model__gamma"": 0.08, ""pca__n_components"": 72}",72,4.0,0.08,"{""model__C"": 4.0, ""model__gamma"": 0.08, ""pca__n_components"": 72}",stage3_local_cv,0,0.59125,4.485
stage3_146,stage3_seed_0,"{""model__C"": 4.0, ""model__gamma"": 0.08, ""pca__n_components"": 72}",72,4.0,0.08,"{""model__C"": 4.0, ""model__gamma"": 0.08, ""pca__n_components"": 72}",stage3_local_cv,1,0.598125,4.379
stage3_146,stage3_seed_0,"{""model__C"": 4.0, ""model__gamma"": 0.08, ""pca__n_components"": 72}",72,4.0,0.08,"{""model__C"": 4.0, ""model__gamma"": 0.08, ""pca__n_components"": 72}",stage3_local_cv,2,0.7375,4.456
stage3_146,stage3_seed_0,"{""model__C"": 4.0, ""model__gamma"": 0.08, ""pca__n_components"": 72}",72,4.0,0.08,"{""model__C"": 4.0, ""model__gamma"": 0.08, ""pca__n_components"": 72}",stage3_local_cv,3,0.783125,5.675
stage3_146,stage3_seed_0,"{""model__C"": 4.0, ""model__gamma"": 0.08, ""pca__n_components"": 72}",72,4.0,0.08,"{""model__C"": 4.0, ""model__gamma"": 0.08, ""pca__n_components"": 72}",stage3_local_cv,4,0.63375,4.278
stage3_147,stage3_seed_0,"{""model__C"": 6.0, ""model__gamma"": ""scale"", ""pca__n_components"": 72}",72,6.0,scale,"{""model__C"": 6.0, ""model__gamma"": ""scale"", ""pca__n_components"": 72}",stage3_local_cv,0,0.805625,6.193
stage3_147,stage3_seed_0,"{""model__C"": 6.0, ""model__gamma"": ""scale"", ""pca__n_components"": 72}",72,6.0,scale,"{""model__C"": 6.0, ""model__gamma"": ""scale"", ""pca__n_components"": 72}",stage3_local_cv,1,0.798125,6.303
stage3_147,stage3_seed_0,"{""model__C"": 6.0, ""model__gamma"": ""scale"", ""pca__n_components"": 72}",72,6.0,scale,"{""model__C"": 6.0, ""model__gamma"": ""scale"", ""pca__n_components"": 72}",stage3_local_cv,2,0.79125,5.227
stage3_147,stage3_seed_0,"{""model__C"": 6.0, ""model__gamma"": ""scale"", ""pca__n_components"": 72}",72,6.0,scale,"{""model__C"": 6.0, ""model__gamma"": ""scale"", ""pca__n_components"": 72}",stage3_local_cv,3,0.78875,5.259
stage3_147,stage3_seed_0,"{""model__C"": 6.0, ""model__gamma"": ""scale"", ""pca__n_components"": 72}",72,6.0,scale,"{""model__C"": 6.0, ""model__gamma"": ""scale"", ""pca__n_components"": 72}",stage3_local_cv,4,0.791875,6.089
stage3_148,stage3_seed_0,"{""model__C"": 6.0, ""model__gamma"": 0.005, ""pca__n_components"": 72}",72,6.0,0.005,"{""model__C"": 6.0, ""model__gamma"": 0.005, ""pca__n_components"": 72}",stage3_local_cv,0,0.800625,4.551
stage3_148,stage3_seed_0,"{""model__C"": 6.0, ""model__gamma"": 0.005, ""pca__n_components"": 72}",72,6.0,0.005,"{""model__C"": 6.0, ""model__gamma"": 0.005, ""pca__n_components"": 72}",stage3_local_cv,1,0.794375,4.546
stage3_148,stage3_seed_0,"{""model__C"": 6.0, ""model__gamma"": 0.005, ""pca__n_components"": 72}",72,6.0,0.005,"{""model__C"": 6.0, ""model__gamma"": 0.005, ""pca__n_components"": 72}",stage3_local_cv,2,0.789375,5.636
stage3_148,stage3_seed_0,"{""model__C"": 6.0, ""model__gamma"": 0.005, ""pca__n_components"": 72}",72,6.0,0.005,"{""model__C"": 6.0, ""model__gamma"": 0.005, ""pca__n_components"": 72}",stage3_local_cv,3,0.786875,4.547
stage3_148,stage3_seed_0,"{""model__C"": 6.0, ""model__gamma"": 0.005, ""pca__n_components"": 72}",72,6.0,0.005,"{""model__C"": 6.0, ""model__gamma"": 0.005, ""pca__n_components"": 72}",stage3_local_cv,4,0.78875,4.491
stage3_149,stage3_seed_0,"{""model__C"": 6.0, ""model__gamma"": 0.01, ""pca__n_components"": 72}",72,6.0,0.01,"{""model__C"": 6.0, ""model__gamma"": 0.01, ""pca__n_components"": 72}",stage3_local_cv,0,0.8075,4.874
stage3_149,stage3_seed_0,"{""model__C"": 6.0, ""model__gamma"": 0.01, ""pca__n_components"": 72}",72,6.0,0.01,"{""model__C"": 6.0, ""model__gamma"": 0.01, ""pca__n_components"": 72}",stage3_local_cv,1,0.81625,6.06
stage3_149,stage3_seed_0,"{""model__C"": 6.0, ""model__gamma"": 0.01, ""pca__n_components"": 72}",72,6.0,0.01,"{""model__C"": 6.0, ""model__gamma"": 0.01, ""pca__n_components"": 72}",stage3_local_cv,2,0.81,4.507
stage3_149,stage3_seed_0,"{""model__C"": 6.0, ""model__gamma"": 0.01, ""pca__n_components"": 72}",72,6.0,0.01,"{""model__C"": 6.0, ""model__gamma"": 0.01, ""pca__n_components"": 72}",stage3_local_cv,3,0.816875,5.799
stage3_149,stage3_seed_0,"{""model__C"": 6.0, ""model__gamma"": 0.01, ""pca__n_components"": 72}",72,6.0,0.01,"{""model__C"": 6.0, ""model__gamma"": 0.01, ""pca__n_components"": 72}",stage3_local_cv,4,0.79875,5.68
stage3_150,stage3_seed_0,"{""model__C"": 6.0, ""model__gamma"": 0.02, ""pca__n_components"": 72}",72,6.0,0.02,"{""model__C"": 6.0, ""model__gamma"": 0.02, ""pca__n_components"": 72}",stage3_local_cv,0,0.799375,5.681
stage3_150,stage3_seed_0,"{""model__C"": 6.0, ""model__gamma"": 0.02, ""pca__n_components"": 72}",72,6.0,0.02,"{""model__C"": 6.0, ""model__gamma"": 0.02, ""pca__n_components"": 72}",stage3_local_cv,1,0.811875,4.41
stage3_150,stage3_seed_0,"{""model__C"": 6.0, ""model__gamma"": 0.02, ""pca__n_components"": 72}",72,6.0,0.02,"{""model__C"": 6.0, ""model__gamma"": 0.02, ""pca__n_components"": 72}",stage3_local_cv,2,0.791875,4.453
stage3_150,stage3_seed_0,"{""model__C"": 6.0, ""model__gamma"": 0.02, ""pca__n_components"": 72}",72,6.0,0.02,"{""model__C"": 6.0, ""model__gamma"": 0.02, ""pca__n_components"": 72}",stage3_local_cv,3,0.8,4.375
stage3_150,stage3_seed_0,"{""model__C"": 6.0, ""model__gamma"": 0.02, ""pca__n_components"": 72}",72,6.0,0.02,"{""model__C"": 6.0, ""model__gamma"": 0.02, ""pca__n_components"": 72}",stage3_local_cv,4,0.79875,4.772
stage3_151,stage3_seed_0,"{""model__C"": 6.0, ""model__gamma"": 0.03, ""pca__n_components"": 72}",72,6.0,0.03,"{""model__C"": 6.0, ""model__gamma"": 0.03, ""pca__n_components"": 72}",stage3_local_cv,0,0.780625,4.34
stage3_151,stage3_seed_0,"{""model__C"": 6.0, ""model__gamma"": 0.03, ""pca__n_components"": 72}",72,6.0,0.03,"{""model__C"": 6.0, ""model__gamma"": 0.03, ""pca__n_components"": 72}",stage3_local_cv,1,0.785625,4.38
stage3_151,stage3_seed_0,"{""model__C"": 6.0, ""model__gamma"": 0.03, ""pca__n_components"": 72}",72,6.0,0.03,"{""model__C"": 6.0, ""model__gamma"": 0.03, ""pca__n_components"": 72}",stage3_local_cv,2,0.770625,5.464
stage3_151,stage3_seed_0,"{""model__C"": 6.0, ""model__gamma"": 0.03, ""pca__n_components"": 72}",72,6.0,0.03,"{""model__C"": 6.0, ""model__gamma"": 0.03, ""pca__n_components"": 72}",stage3_local_cv,3,0.780625,5.901
stage3_151,stage3_seed_0,"{""model__C"": 6.0, ""model__gamma"": 0.03, ""pca__n_components"": 72}",72,6.0,0.03,"{""model__C"": 6.0, ""model__gamma"": 0.03, ""pca__n_components"": 72}",stage3_local_cv,4,0.77,4.362
stage3_152,stage3_seed_0,"{""model__C"": 6.0, ""model__gamma"": 0.04, ""pca__n_components"": 72}",72,6.0,0.04,"{""model__C"": 6.0, ""model__gamma"": 0.04, ""pca__n_components"": 72}",stage3_local_cv,0,0.765,4.635
stage3_152,stage3_seed_0,"{""model__C"": 6.0, ""model__gamma"": 0.04, ""pca__n_components"": 72}",72,6.0,0.04,"{""model__C"": 6.0, ""model__gamma"": 0.04, ""pca__n_components"": 72}",stage3_local_cv,1,0.77375,5.806
stage3_152,stage3_seed_0,"{""model__C"": 6.0, ""model__gamma"": 0.04, ""pca__n_components"": 72}",72,6.0,0.04,"{""model__C"": 6.0, ""model__gamma"": 0.04, ""pca__n_components"": 72}",stage3_local_cv,2,0.73875,4.246
stage3_152,stage3_seed_0,"{""model__C"": 6.0, ""model__gamma"": 0.04, ""pca__n_components"": 72}",72,6.0,0.04,"{""model__C"": 6.0, ""model__gamma"": 0.04, ""pca__n_components"": 72}",stage3_local_cv,3,0.766875,4.316
stage3_152,stage3_seed_0,"{""model__C"": 6.0, ""model__gamma"": 0.04, ""pca__n_components"": 72}",72,6.0,0.04,"{""model__C"": 6.0, ""model__gamma"": 0.04, ""pca__n_components"": 72}",stage3_local_cv,4,0.75875,5.663
stage3_153,stage3_seed_0,"{""model__C"": 6.0, ""model__gamma"": 0.08, ""pca__n_components"": 72}",72,6.0,0.08,"{""model__C"": 6.0, ""model__gamma"": 0.08, ""pca__n_components"": 72}",stage3_local_cv,0,0.589375,5.416
stage3_153,stage3_seed_0,"{""model__C"": 6.0, ""model__gamma"": 0.08, ""pca__n_components"": 72}",72,6.0,0.08,"{""model__C"": 6.0, ""model__gamma"": 0.08, ""pca__n_components"": 72}",stage3_local_cv,1,0.595,4.386
stage3_153,stage3_seed_0,"{""model__C"": 6.0, ""model__gamma"": 0.08, ""pca__n_components"": 72}",72,6.0,0.08,"{""model__C"": 6.0, ""model__gamma"": 0.08, ""pca__n_components"": 72}",stage3_local_cv,2,0.7325,5.259
stage3_153,stage3_seed_0,"{""model__C"": 6.0, ""model__gamma"": 0.08, ""pca__n_components"": 72}",72,6.0,0.08,"{""model__C"": 6.0, ""model__gamma"": 0.08, ""pca__n_components"": 72}",stage3_local_cv,3,0.793125,4.167
stage3_153,stage3_seed_0,"{""model__C"": 6.0, ""model__gamma"": 0.08, ""pca__n_components"": 72}",72,6.0,0.08,"{""model__C"": 6.0, ""model__gamma"": 0.08, ""pca__n_components"": 72}",stage3_local_cv,4,0.626875,4.301
stage3_154,stage3_seed_0,"{""model__C"": 8.0, ""model__gamma"": ""scale"", ""pca__n_components"": 72}",72,8.0,scale,"{""model__C"": 8.0, ""model__gamma"": ""scale"", ""pca__n_components"": 72}",stage3_local_cv,0,0.81,5.004
stage3_154,stage3_seed_0,"{""model__C"": 8.0, ""model__gamma"": ""scale"", ""pca__n_components"": 72}",72,8.0,scale,"{""model__C"": 8.0, ""model__gamma"": ""scale"", ""pca__n_components"": 72}",stage3_local_cv,1,0.805625,6.173
stage3_154,stage3_seed_0,"{""model__C"": 8.0, ""model__gamma"": ""scale"", ""pca__n_components"": 72}",72,8.0,scale,"{""model__C"": 8.0, ""model__gamma"": ""scale"", ""pca__n_components"": 72}",stage3_local_cv,2,0.794375,5.745
stage3_154,stage3_seed_0,"{""model__C"": 8.0, ""model__gamma"": ""scale"", ""pca__n_components"": 72}",72,8.0,scale,"{""model__C"": 8.0, ""model__gamma"": ""scale"", ""pca__n_components"": 72}",stage3_local_cv,3,0.795625,6.193
stage3_154,stage3_seed_0,"{""model__C"": 8.0, ""model__gamma"": ""scale"", ""pca__n_components"": 72}",72,8.0,scale,"{""model__C"": 8.0, ""model__gamma"": ""scale"", ""pca__n_components"": 72}",stage3_local_cv,4,0.790625,5.468
stage3_155,stage3_seed_0,"{""model__C"": 8.0, ""model__gamma"": 0.005, ""pca__n_components"": 72}",72,8.0,0.005,"{""model__C"": 8.0, ""model__gamma"": 0.005, ""pca__n_components"": 72}",stage3_local_cv,0,0.8125,6.134
stage3_155,stage3_seed_0,"{""model__C"": 8.0, ""model__gamma"": 0.005, ""pca__n_components"": 72}",72,8.0,0.005,"{""model__C"": 8.0, ""model__gamma"": 0.005, ""pca__n_components"": 72}",stage3_local_cv,1,0.801875,6.035
stage3_155,stage3_seed_0,"{""model__C"": 8.0, ""model__gamma"": 0.005, ""pca__n_components"": 72}",72,8.0,0.005,"{""model__C"": 8.0, ""model__gamma"": 0.005, ""pca__n_components"": 72}",stage3_local_cv,2,0.794375,5.024
stage3_155,stage3_seed_0,"{""model__C"": 8.0, ""model__gamma"": 0.005, ""pca__n_components"": 72}",72,8.0,0.005,"{""model__C"": 8.0, ""model__gamma"": 0.005, ""pca__n_components"": 72}",stage3_local_cv,3,0.794375,5.447
stage3_155,stage3_seed_0,"{""model__C"": 8.0, ""model__gamma"": 0.005, ""pca__n_components"": 72}",72,8.0,0.005,"{""model__C"": 8.0, ""model__gamma"": 0.005, ""pca__n_components"": 72}",stage3_local_cv,4,0.790625,5.972
stage3_156,stage3_seed_0,"{""model__C"": 8.0, ""model__gamma"": 0.01, ""pca__n_components"": 72}",72,8.0,0.01,"{""model__C"": 8.0, ""model__gamma"": 0.01, ""pca__n_components"": 72}",stage3_local_cv,0,0.808125,4.517
stage3_156,stage3_seed_0,"{""model__C"": 8.0, ""model__gamma"": 0.01, ""pca__n_components"": 72}",72,8.0,0.01,"{""model__C"": 8.0, ""model__gamma"": 0.01, ""pca__n_components"": 72}",stage3_local_cv,1,0.810625,4.576
stage3_156,stage3_seed_0,"{""model__C"": 8.0, ""model__gamma"": 0.01, ""pca__n_components"": 72}",72,8.0,0.01,"{""model__C"": 8.0, ""model__gamma"": 0.01, ""pca__n_components"": 72}",stage3_local_cv,2,0.813125,5.928
stage3_156,stage3_seed_0,"{""model__C"": 8.0, ""model__gamma"": 0.01, ""pca__n_components"": 72}",72,8.0,0.01,"{""model__C"": 8.0, ""model__gamma"": 0.01, ""pca__n_components"": 72}",stage3_local_cv,3,0.8125,5.969
stage3_156,stage3_seed_0,"{""model__C"": 8.0, ""model__gamma"": 0.01, ""pca__n_components"": 72}",72,8.0,0.01,"{""model__C"": 8.0, ""model__gamma"": 0.01, ""pca__n_components"": 72}",stage3_local_cv,4,0.80125,4.56
stage3_157,stage3_seed_0,"{""model__C"": 8.0, ""model__gamma"": 0.02, ""pca__n_components"": 72}",72,8.0,0.02,"{""model__C"": 8.0, ""model__gamma"": 0.02, ""pca__n_components"": 72}",stage3_local_cv,0,0.79625,4.389
stage3_157,stage3_seed_0,"{""model__C"": 8.0, ""model__gamma"": 0.02, ""pca__n_components"": 72}",72,8.0,0.02,"{""model__C"": 8.0, ""model__gamma"": 0.02, ""pca__n_components"": 72}",stage3_local_cv,1,0.811875,5.77
stage3_157,stage3_seed_0,"{""model__C"": 8.0, ""model__gamma"": 0.02, ""pca__n_components"": 72}",72,8.0,0.02,"{""model__C"": 8.0, ""model__gamma"": 0.02, ""pca__n_components"": 72}",stage3_local_cv,2,0.794375,4.309
stage3_157,stage3_seed_0,"{""model__C"": 8.0, ""model__gamma"": 0.02, ""pca__n_components"": 72}",72,8.0,0.02,"{""model__C"": 8.0, ""model__gamma"": 0.02, ""pca__n_components"": 72}",stage3_local_cv,3,0.800625,4.359
stage3_157,stage3_seed_0,"{""model__C"": 8.0, ""model__gamma"": 0.02, ""pca__n_components"": 72}",72,8.0,0.02,"{""model__C"": 8.0, ""model__gamma"": 0.02, ""pca__n_components"": 72}",stage3_local_cv,4,0.7975,5.684
stage3_158,stage3_seed_0,"{""model__C"": 8.0, ""model__gamma"": 0.03, ""pca__n_components"": 72}",72,8.0,0.03,"{""model__C"": 8.0, ""model__gamma"": 0.03, ""pca__n_components"": 72}",stage3_local_cv,0,0.779375,5.63
stage3_158,stage3_seed_0,"{""model__C"": 8.0, ""model__gamma"": 0.03, ""pca__n_components"": 72}",72,8.0,0.03,"{""model__C"": 8.0, ""model__gamma"": 0.03, ""pca__n_components"": 72}",stage3_local_cv,1,0.7825,4.433
stage3_158,stage3_seed_0,"{""model__C"": 8.0, ""model__gamma"": 0.03, ""pca__n_components"": 72}",72,8.0,0.03,"{""model__C"": 8.0, ""model__gamma"": 0.03, ""pca__n_components"": 72}",stage3_local_cv,2,0.76875,5.291
stage3_158,stage3_seed_0,"{""model__C"": 8.0, ""model__gamma"": 0.03, ""pca__n_components"": 72}",72,8.0,0.03,"{""model__C"": 8.0, ""model__gamma"": 0.03, ""pca__n_components"": 72}",stage3_local_cv,3,0.78125,4.359
stage3_158,stage3_seed_0,"{""model__C"": 8.0, ""model__gamma"": 0.03, ""pca__n_components"": 72}",72,8.0,0.03,"{""model__C"": 8.0, ""model__gamma"": 0.03, ""pca__n_components"": 72}",stage3_local_cv,4,0.770625,4.362
stage3_159,stage3_seed_0,"{""model__C"": 8.0, ""model__gamma"": 0.04, ""pca__n_components"": 72}",72,8.0,0.04,"{""model__C"": 8.0, ""model__gamma"": 0.04, ""pca__n_components"": 72}",stage3_local_cv,0,0.7625,4.392
stage3_159,stage3_seed_0,"{""model__C"": 8.0, ""model__gamma"": 0.04, ""pca__n_components"": 72}",72,8.0,0.04,"{""model__C"": 8.0, ""model__gamma"": 0.04, ""pca__n_components"": 72}",stage3_local_cv,1,0.77125,6.439
stage3_159,stage3_seed_0,"{""model__C"": 8.0, ""model__gamma"": 0.04, ""pca__n_components"": 72}",72,8.0,0.04,"{""model__C"": 8.0, ""model__gamma"": 0.04, ""pca__n_components"": 72}",stage3_local_cv,2,0.738125,4.841
stage3_159,stage3_seed_0,"{""model__C"": 8.0, ""model__gamma"": 0.04, ""pca__n_components"": 72}",72,8.0,0.04,"{""model__C"": 8.0, ""model__gamma"": 0.04, ""pca__n_components"": 72}",stage3_local_cv,3,0.76625,5.588
stage3_159,stage3_seed_0,"{""model__C"": 8.0, ""model__gamma"": 0.04, ""pca__n_components"": 72}",72,8.0,0.04,"{""model__C"": 8.0, ""model__gamma"": 0.04, ""pca__n_components"": 72}",stage3_local_cv,4,0.75625,4.35
stage3_160,stage3_seed_0,"{""model__C"": 8.0, ""model__gamma"": 0.08, ""pca__n_components"": 72}",72,8.0,0.08,"{""model__C"": 8.0, ""model__gamma"": 0.08, ""pca__n_components"": 72}",stage3_local_cv,0,0.58875,5.549
stage3_160,stage3_seed_0,"{""model__C"": 8.0, ""model__gamma"": 0.08, ""pca__n_components"": 72}",72,8.0,0.08,"{""model__C"": 8.0, ""model__gamma"": 0.08, ""pca__n_components"": 72}",stage3_local_cv,1,0.595,4.561
stage3_160,stage3_seed_0,"{""model__C"": 8.0, ""model__gamma"": 0.08, ""pca__n_components"": 72}",72,8.0,0.08,"{""model__C"": 8.0, ""model__gamma"": 0.08, ""pca__n_components"": 72}",stage3_local_cv,2,0.734375,4.108
stage3_160,stage3_seed_0,"{""model__C"": 8.0, ""model__gamma"": 0.08, ""pca__n_components"": 72}",72,8.0,0.08,"{""model__C"": 8.0, ""model__gamma"": 0.08, ""pca__n_components"": 72}",stage3_local_cv,3,0.781875,4.137
stage3_160,stage3_seed_0,"{""model__C"": 8.0, ""model__gamma"": 0.08, ""pca__n_components"": 72}",72,8.0,0.08,"{""model__C"": 8.0, ""model__gamma"": 0.08, ""pca__n_components"": 72}",stage3_local_cv,4,0.6225,5.614
stage3_161,stage3_seed_0,"{""model__C"": 12.0, ""model__gamma"": ""scale"", ""pca__n_components"": 72}",72,12.0,scale,"{""model__C"": 12.0, ""model__gamma"": ""scale"", ""pca__n_components"": 72}",stage3_local_cv,0,0.80875,5.835
stage3_161,stage3_seed_0,"{""model__C"": 12.0, ""model__gamma"": ""scale"", ""pca__n_components"": 72}",72,12.0,scale,"{""model__C"": 12.0, ""model__gamma"": ""scale"", ""pca__n_components"": 72}",stage3_local_cv,1,0.81,5.118
stage3_161,stage3_seed_0,"{""model__C"": 12.0, ""model__gamma"": ""scale"", ""pca__n_components"": 72}",72,12.0,scale,"{""model__C"": 12.0, ""model__gamma"": ""scale"", ""pca__n_components"": 72}",stage3_local_cv,2,0.8,6.892
stage3_161,stage3_seed_0,"{""model__C"": 12.0, ""model__gamma"": ""scale"", ""pca__n_components"": 72}",72,12.0,scale,"{""model__C"": 12.0, ""model__gamma"": ""scale"", ""pca__n_components"": 72}",stage3_local_cv,3,0.795,6.119
stage3_161,stage3_seed_0,"{""model__C"": 12.0, ""model__gamma"": ""scale"", ""pca__n_components"": 72}",72,12.0,scale,"{""model__C"": 12.0, ""model__gamma"": ""scale"", ""pca__n_components"": 72}",stage3_local_cv,4,0.7925,5.135
stage3_162,stage3_seed_0,"{""model__C"": 12.0, ""model__gamma"": 0.005, ""pca__n_components"": 72}",72,12.0,0.005,"{""model__C"": 12.0, ""model__gamma"": 0.005, ""pca__n_components"": 72}",stage3_local_cv,0,0.811875,5.986
stage3_162,stage3_seed_0,"{""model__C"": 12.0, ""model__gamma"": 0.005, ""pca__n_components"": 72}",72,12.0,0.005,"{""model__C"": 12.0, ""model__gamma"": 0.005, ""pca__n_components"": 72}",stage3_local_cv,1,0.806875,6.641
stage3_162,stage3_seed_0,"{""model__C"": 12.0, ""model__gamma"": 0.005, ""pca__n_components"": 72}",72,12.0,0.005,"{""model__C"": 12.0, ""model__gamma"": 0.005, ""pca__n_components"": 72}",stage3_local_cv,2,0.799375,5.173
stage3_162,stage3_seed_0,"{""model__C"": 12.0, ""model__gamma"": 0.005, ""pca__n_components"": 72}",72,12.0,0.005,"{""model__C"": 12.0, ""model__gamma"": 0.005, ""pca__n_components"": 72}",stage3_local_cv,3,0.798125,5.718
stage3_162,stage3_seed_0,"{""model__C"": 12.0, ""model__gamma"": 0.005, ""pca__n_components"": 72}",72,12.0,0.005,"{""model__C"": 12.0, ""model__gamma"": 0.005, ""pca__n_components"": 72}",stage3_local_cv,4,0.7975,6.453
stage3_163,stage3_seed_0,"{""model__C"": 12.0, ""model__gamma"": 0.01, ""pca__n_components"": 72}",72,12.0,0.01,"{""model__C"": 12.0, ""model__gamma"": 0.01, ""pca__n_components"": 72}",stage3_local_cv,0,0.80625,5.464
stage3_163,stage3_seed_0,"{""model__C"": 12.0, ""model__gamma"": 0.01, ""pca__n_components"": 72}",72,12.0,0.01,"{""model__C"": 12.0, ""model__gamma"": 0.01, ""pca__n_components"": 72}",stage3_local_cv,1,0.810625,4.683
stage3_163,stage3_seed_0,"{""model__C"": 12.0, ""model__gamma"": 0.01, ""pca__n_components"": 72}",72,12.0,0.01,"{""model__C"": 12.0, ""model__gamma"": 0.01, ""pca__n_components"": 72}",stage3_local_cv,2,0.808125,5.697
stage3_163,stage3_seed_0,"{""model__C"": 12.0, ""model__gamma"": 0.01, ""pca__n_components"": 72}",72,12.0,0.01,"{""model__C"": 12.0, ""model__gamma"": 0.01, ""pca__n_components"": 72}",stage3_local_cv,3,0.801875,4.565
stage3_163,stage3_seed_0,"{""model__C"": 12.0, ""model__gamma"": 0.01, ""pca__n_components"": 72}",72,12.0,0.01,"{""model__C"": 12.0, ""model__gamma"": 0.01, ""pca__n_components"": 72}",stage3_local_cv,4,0.799375,4.588
stage3_164,stage3_seed_0,"{""model__C"": 12.0, ""model__gamma"": 0.02, ""pca__n_components"": 72}",72,12.0,0.02,"{""model__C"": 12.0, ""model__gamma"": 0.02, ""pca__n_components"": 72}",stage3_local_cv,0,0.795625,4.391
stage3_164,stage3_seed_0,"{""model__C"": 12.0, ""model__gamma"": 0.02, ""pca__n_components"": 72}",72,12.0,0.02,"{""model__C"": 12.0, ""model__gamma"": 0.02, ""pca__n_components"": 72}",stage3_local_cv,1,0.810625,6.044
stage3_164,stage3_seed_0,"{""model__C"": 12.0, ""model__gamma"": 0.02, ""pca__n_components"": 72}",72,12.0,0.02,"{""model__C"": 12.0, ""model__gamma"": 0.02, ""pca__n_components"": 72}",stage3_local_cv,2,0.789375,4.709
stage3_164,stage3_seed_0,"{""model__C"": 12.0, ""model__gamma"": 0.02, ""pca__n_components"": 72}",72,12.0,0.02,"{""model__C"": 12.0, ""model__gamma"": 0.02, ""pca__n_components"": 72}",stage3_local_cv,3,0.799375,5.66
stage3_164,stage3_seed_0,"{""model__C"": 12.0, ""model__gamma"": 0.02, ""pca__n_components"": 72}",72,12.0,0.02,"{""model__C"": 12.0, ""model__gamma"": 0.02, ""pca__n_components"": 72}",stage3_local_cv,4,0.791875,4.463
stage3_165,stage3_seed_0,"{""model__C"": 12.0, ""model__gamma"": 0.03, ""pca__n_components"": 72}",72,12.0,0.03,"{""model__C"": 12.0, ""model__gamma"": 0.03, ""pca__n_components"": 72}",stage3_local_cv,0,0.779375,5.923
stage3_165,stage3_seed_0,"{""model__C"": 12.0, ""model__gamma"": 0.03, ""pca__n_components"": 72}",72,12.0,0.03,"{""model__C"": 12.0, ""model__gamma"": 0.03, ""pca__n_components"": 72}",stage3_local_cv,1,0.785,5.188
stage3_165,stage3_seed_0,"{""model__C"": 12.0, ""model__gamma"": 0.03, ""pca__n_components"": 72}",72,12.0,0.03,"{""model__C"": 12.0, ""model__gamma"": 0.03, ""pca__n_components"": 72}",stage3_local_cv,2,0.765,4.346
stage3_165,stage3_seed_0,"{""model__C"": 12.0, ""model__gamma"": 0.03, ""pca__n_components"": 72}",72,12.0,0.03,"{""model__C"": 12.0, ""model__gamma"": 0.03, ""pca__n_components"": 72}",stage3_local_cv,3,0.779375,4.372
stage3_165,stage3_seed_0,"{""model__C"": 12.0, ""model__gamma"": 0.03, ""pca__n_components"": 72}",72,12.0,0.03,"{""model__C"": 12.0, ""model__gamma"": 0.03, ""pca__n_components"": 72}",stage3_local_cv,4,0.768125,5.547
stage3_166,stage3_seed_0,"{""model__C"": 12.0, ""model__gamma"": 0.04, ""pca__n_components"": 72}",72,12.0,0.04,"{""model__C"": 12.0, ""model__gamma"": 0.04, ""pca__n_components"": 72}",stage3_local_cv,0,0.760625,4.333
stage3_166,stage3_seed_0,"{""model__C"": 12.0, ""model__gamma"": 0.04, ""pca__n_components"": 72}",72,12.0,0.04,"{""model__C"": 12.0, ""model__gamma"": 0.04, ""pca__n_components"": 72}",stage3_local_cv,1,0.7675,4.554
stage3_166,stage3_seed_0,"{""model__C"": 12.0, ""model__gamma"": 0.04, ""pca__n_components"": 72}",72,12.0,0.04,"{""model__C"": 12.0, ""model__gamma"": 0.04, ""pca__n_components"": 72}",stage3_local_cv,2,0.7375,5.805
stage3_166,stage3_seed_0,"{""model__C"": 12.0, ""model__gamma"": 0.04, ""pca__n_components"": 72}",72,12.0,0.04,"{""model__C"": 12.0, ""model__gamma"": 0.04, ""pca__n_components"": 72}",stage3_local_cv,3,0.764375,5.045
stage3_166,stage3_seed_0,"{""model__C"": 12.0, ""model__gamma"": 0.04, ""pca__n_components"": 72}",72,12.0,0.04,"{""model__C"": 12.0, ""model__gamma"": 0.04, ""pca__n_components"": 72}",stage3_local_cv,4,0.751875,4.372
stage3_167,stage3_seed_0,"{""model__C"": 12.0, ""model__gamma"": 0.08, ""pca__n_components"": 72}",72,12.0,0.08,"{""model__C"": 12.0, ""model__gamma"": 0.08, ""pca__n_components"": 72}",stage3_local_cv,0,0.585,4.319
stage3_167,stage3_seed_0,"{""model__C"": 12.0, ""model__gamma"": 0.08, ""pca__n_components"": 72}",72,12.0,0.08,"{""model__C"": 12.0, ""model__gamma"": 0.08, ""pca__n_components"": 72}",stage3_local_cv,1,0.594375,5.777
stage3_167,stage3_seed_0,"{""model__C"": 12.0, ""model__gamma"": 0.08, ""pca__n_components"": 72}",72,12.0,0.08,"{""model__C"": 12.0, ""model__gamma"": 0.08, ""pca__n_components"": 72}",stage3_local_cv,2,0.719375,4.183
stage3_167,stage3_seed_0,"{""model__C"": 12.0, ""model__gamma"": 0.08, ""pca__n_components"": 72}",72,12.0,0.08,"{""model__C"": 12.0, ""model__gamma"": 0.08, ""pca__n_components"": 72}",stage3_local_cv,3,0.745,4.851
stage3_167,stage3_seed_0,"{""model__C"": 12.0, ""model__gamma"": 0.08, ""pca__n_components"": 72}",72,12.0,0.08,"{""model__C"": 12.0, ""model__gamma"": 0.08, ""pca__n_components"": 72}",stage3_local_cv,4,0.6125,5.887
stage3_168,stage3_seed_0,"{""model__C"": 2.0, ""model__gamma"": ""scale"", ""pca__n_components"": 76}",76,2.0,scale,"{""model__C"": 2.0, ""model__gamma"": ""scale"", ""pca__n_components"": 76}",stage3_local_cv,0,0.768125,5.142
stage3_168,stage3_seed_0,"{""model__C"": 2.0, ""model__gamma"": ""scale"", ""pca__n_components"": 76}",76,2.0,scale,"{""model__C"": 2.0, ""model__gamma"": ""scale"", ""pca__n_components"": 76}",stage3_local_cv,1,0.76,4.228
stage3_168,stage3_seed_0,"{""model__C"": 2.0, ""model__gamma"": ""scale"", ""pca__n_components"": 76}",76,2.0,scale,"{""model__C"": 2.0, ""model__gamma"": ""scale"", ""pca__n_components"": 76}",stage3_local_cv,2,0.7525,4.112
stage3_168,stage3_seed_0,"{""model__C"": 2.0, ""model__gamma"": ""scale"", ""pca__n_components"": 76}",76,2.0,scale,"{""model__C"": 2.0, ""model__gamma"": ""scale"", ""pca__n_components"": 76}",stage3_local_cv,3,0.7625,4.179
stage3_168,stage3_seed_0,"{""model__C"": 2.0, ""model__gamma"": ""scale"", ""pca__n_components"": 76}",76,2.0,scale,"{""model__C"": 2.0, ""model__gamma"": ""scale"", ""pca__n_components"": 76}",stage3_local_cv,4,0.75,4.235
stage3_169,stage3_seed_0,"{""model__C"": 2.0, ""model__gamma"": 0.005, ""pca__n_components"": 76}",76,2.0,0.005,"{""model__C"": 2.0, ""model__gamma"": 0.005, ""pca__n_components"": 76}",stage3_local_cv,0,0.76375,4.017
stage3_169,stage3_seed_0,"{""model__C"": 2.0, ""model__gamma"": 0.005, ""pca__n_components"": 76}",76,2.0,0.005,"{""model__C"": 2.0, ""model__gamma"": 0.005, ""pca__n_components"": 76}",stage3_local_cv,1,0.75375,4.982
stage3_169,stage3_seed_0,"{""model__C"": 2.0, ""model__gamma"": 0.005, ""pca__n_components"": 76}",76,2.0,0.005,"{""model__C"": 2.0, ""model__gamma"": 0.005, ""pca__n_components"": 76}",stage3_local_cv,2,0.750625,5.315
stage3_169,stage3_seed_0,"{""model__C"": 2.0, ""model__gamma"": 0.005, ""pca__n_components"": 76}",76,2.0,0.005,"{""model__C"": 2.0, ""model__gamma"": 0.005, ""pca__n_components"": 76}",stage3_local_cv,3,0.760625,5.432
stage3_169,stage3_seed_0,"{""model__C"": 2.0, ""model__gamma"": 0.005, ""pca__n_components"": 76}",76,2.0,0.005,"{""model__C"": 2.0, ""model__gamma"": 0.005, ""pca__n_components"": 76}",stage3_local_cv,4,0.7525,4.185
stage3_170,stage3_seed_0,"{""model__C"": 2.0, ""model__gamma"": 0.01, ""pca__n_components"": 76}",76,2.0,0.01,"{""model__C"": 2.0, ""model__gamma"": 0.01, ""pca__n_components"": 76}",stage3_local_cv,0,0.79875,4.496
stage3_170,stage3_seed_0,"{""model__C"": 2.0, ""model__gamma"": 0.01, ""pca__n_components"": 76}",76,2.0,0.01,"{""model__C"": 2.0, ""model__gamma"": 0.01, ""pca__n_components"": 76}",stage3_local_cv,1,0.79625,5.479
stage3_170,stage3_seed_0,"{""model__C"": 2.0, ""model__gamma"": 0.01, ""pca__n_components"": 76}",76,2.0,0.01,"{""model__C"": 2.0, ""model__gamma"": 0.01, ""pca__n_components"": 76}",stage3_local_cv,2,0.79375,4.626
stage3_170,stage3_seed_0,"{""model__C"": 2.0, ""model__gamma"": 0.01, ""pca__n_components"": 76}",76,2.0,0.01,"{""model__C"": 2.0, ""model__gamma"": 0.01, ""pca__n_components"": 76}",stage3_local_cv,3,0.791875,4.72
stage3_170,stage3_seed_0,"{""model__C"": 2.0, ""model__gamma"": 0.01, ""pca__n_components"": 76}",76,2.0,0.01,"{""model__C"": 2.0, ""model__gamma"": 0.01, ""pca__n_components"": 76}",stage3_local_cv,4,0.801875,5.869
stage3_171,stage3_seed_0,"{""model__C"": 2.0, ""model__gamma"": 0.02, ""pca__n_components"": 76}",76,2.0,0.02,"{""model__C"": 2.0, ""model__gamma"": 0.02, ""pca__n_components"": 76}",stage3_local_cv,0,0.805625,5.958
stage3_171,stage3_seed_0,"{""model__C"": 2.0, ""model__gamma"": 0.02, ""pca__n_components"": 76}",76,2.0,0.02,"{""model__C"": 2.0, ""model__gamma"": 0.02, ""pca__n_components"": 76}",stage3_local_cv,1,0.809375,4.657
stage3_171,stage3_seed_0,"{""model__C"": 2.0, ""model__gamma"": 0.02, ""pca__n_components"": 76}",76,2.0,0.02,"{""model__C"": 2.0, ""model__gamma"": 0.02, ""pca__n_components"": 76}",stage3_local_cv,2,0.79875,5.03
stage3_171,stage3_seed_0,"{""model__C"": 2.0, ""model__gamma"": 0.02, ""pca__n_components"": 76}",76,2.0,0.02,"{""model__C"": 2.0, ""model__gamma"": 0.02, ""pca__n_components"": 76}",stage3_local_cv,3,0.805,4.647
stage3_171,stage3_seed_0,"{""model__C"": 2.0, ""model__gamma"": 0.02, ""pca__n_components"": 76}",76,2.0,0.02,"{""model__C"": 2.0, ""model__gamma"": 0.02, ""pca__n_components"": 76}",stage3_local_cv,4,0.80125,4.709
stage3_172,stage3_seed_0,"{""model__C"": 2.0, ""model__gamma"": 0.03, ""pca__n_components"": 76}",76,2.0,0.03,"{""model__C"": 2.0, ""model__gamma"": 0.03, ""pca__n_components"": 76}",stage3_local_cv,0,0.784375,4.524
stage3_172,stage3_seed_0,"{""model__C"": 2.0, ""model__gamma"": 0.03, ""pca__n_components"": 76}",76,2.0,0.03,"{""model__C"": 2.0, ""model__gamma"": 0.03, ""pca__n_components"": 76}",stage3_local_cv,1,0.789375,6.01
stage3_172,stage3_seed_0,"{""model__C"": 2.0, ""model__gamma"": 0.03, ""pca__n_components"": 76}",76,2.0,0.03,"{""model__C"": 2.0, ""model__gamma"": 0.03, ""pca__n_components"": 76}",stage3_local_cv,2,0.773125,5.632
stage3_172,stage3_seed_0,"{""model__C"": 2.0, ""model__gamma"": 0.03, ""pca__n_components"": 76}",76,2.0,0.03,"{""model__C"": 2.0, ""model__gamma"": 0.03, ""pca__n_components"": 76}",stage3_local_cv,3,0.783125,5.91
stage3_172,stage3_seed_0,"{""model__C"": 2.0, ""model__gamma"": 0.03, ""pca__n_components"": 76}",76,2.0,0.03,"{""model__C"": 2.0, ""model__gamma"": 0.03, ""pca__n_components"": 76}",stage3_local_cv,4,0.77125,5.559
stage3_173,stage3_seed_0,"{""model__C"": 2.0, ""model__gamma"": 0.04, ""pca__n_components"": 76}",76,2.0,0.04,"{""model__C"": 2.0, ""model__gamma"": 0.04, ""pca__n_components"": 76}",stage3_local_cv,0,0.76375,5.966
stage3_173,stage3_seed_0,"{""model__C"": 2.0, ""model__gamma"": 0.04, ""pca__n_components"": 76}",76,2.0,0.04,"{""model__C"": 2.0, ""model__gamma"": 0.04, ""pca__n_components"": 76}",stage3_local_cv,1,0.7725,4.65
stage3_173,stage3_seed_0,"{""model__C"": 2.0, ""model__gamma"": 0.04, ""pca__n_components"": 76}",76,2.0,0.04,"{""model__C"": 2.0, ""model__gamma"": 0.04, ""pca__n_components"": 76}",stage3_local_cv,2,0.74125,4.613
stage3_173,stage3_seed_0,"{""model__C"": 2.0, ""model__gamma"": 0.04, ""pca__n_components"": 76}",76,2.0,0.04,"{""model__C"": 2.0, ""model__gamma"": 0.04, ""pca__n_components"": 76}",stage3_local_cv,3,0.769375,4.618
stage3_173,stage3_seed_0,"{""model__C"": 2.0, ""model__gamma"": 0.04, ""pca__n_components"": 76}",76,2.0,0.04,"{""model__C"": 2.0, ""model__gamma"": 0.04, ""pca__n_components"": 76}",stage3_local_cv,4,0.753125,5.12
stage3_174,stage3_seed_0,"{""model__C"": 2.0, ""model__gamma"": 0.08, ""pca__n_components"": 76}",76,2.0,0.08,"{""model__C"": 2.0, ""model__gamma"": 0.08, ""pca__n_components"": 76}",stage3_local_cv,0,0.58,4.796
stage3_174,stage3_seed_0,"{""model__C"": 2.0, ""model__gamma"": 0.08, ""pca__n_components"": 76}",76,2.0,0.08,"{""model__C"": 2.0, ""model__gamma"": 0.08, ""pca__n_components"": 76}",stage3_local_cv,1,0.593125,5.246
stage3_174,stage3_seed_0,"{""model__C"": 2.0, ""model__gamma"": 0.08, ""pca__n_components"": 76}",76,2.0,0.08,"{""model__C"": 2.0, ""model__gamma"": 0.08, ""pca__n_components"": 76}",stage3_local_cv,2,0.68125,5.981
stage3_174,stage3_seed_0,"{""model__C"": 2.0, ""model__gamma"": 0.08, ""pca__n_components"": 76}",76,2.0,0.08,"{""model__C"": 2.0, ""model__gamma"": 0.08, ""pca__n_components"": 76}",stage3_local_cv,3,0.728125,5.894
stage3_174,stage3_seed_0,"{""model__C"": 2.0, ""model__gamma"": 0.08, ""pca__n_components"": 76}",76,2.0,0.08,"{""model__C"": 2.0, ""model__gamma"": 0.08, ""pca__n_components"": 76}",stage3_local_cv,4,0.6275,4.574
stage3_175,stage3_seed_0,"{""model__C"": 3.0, ""model__gamma"": ""scale"", ""pca__n_components"": 76}",76,3.0,scale,"{""model__C"": 3.0, ""model__gamma"": ""scale"", ""pca__n_components"": 76}",stage3_local_cv,0,0.781875,4.22
stage3_175,stage3_seed_0,"{""model__C"": 3.0, ""model__gamma"": ""scale"", ""pca__n_components"": 76}",76,3.0,scale,"{""model__C"": 3.0, ""model__gamma"": ""scale"", ""pca__n_components"": 76}",stage3_local_cv,1,0.771875,5.291
stage3_175,stage3_seed_0,"{""model__C"": 3.0, ""model__gamma"": ""scale"", ""pca__n_components"": 76}",76,3.0,scale,"{""model__C"": 3.0, ""model__gamma"": ""scale"", ""pca__n_components"": 76}",stage3_local_cv,2,0.769375,4.32
stage3_175,stage3_seed_0,"{""model__C"": 3.0, ""model__gamma"": ""scale"", ""pca__n_components"": 76}",76,3.0,scale,"{""model__C"": 3.0, ""model__gamma"": ""scale"", ""pca__n_components"": 76}",stage3_local_cv,3,0.775,4.478
stage3_175,stage3_seed_0,"{""model__C"": 3.0, ""model__gamma"": ""scale"", ""pca__n_components"": 76}",76,3.0,scale,"{""model__C"": 3.0, ""model__gamma"": ""scale"", ""pca__n_components"": 76}",stage3_local_cv,4,0.76875,5.384
stage3_176,stage3_seed_0,"{""model__C"": 3.0, ""model__gamma"": 0.005, ""pca__n_components"": 76}",76,3.0,0.005,"{""model__C"": 3.0, ""model__gamma"": 0.005, ""pca__n_components"": 76}",stage3_local_cv,0,0.77875,5.268
stage3_176,stage3_seed_0,"{""model__C"": 3.0, ""model__gamma"": 0.005, ""pca__n_components"": 76}",76,3.0,0.005,"{""model__C"": 3.0, ""model__gamma"": 0.005, ""pca__n_components"": 76}",stage3_local_cv,1,0.7675,4.353
stage3_176,stage3_seed_0,"{""model__C"": 3.0, ""model__gamma"": 0.005, ""pca__n_components"": 76}",76,3.0,0.005,"{""model__C"": 3.0, ""model__gamma"": 0.005, ""pca__n_components"": 76}",stage3_local_cv,2,0.7675,4.315
stage3_176,stage3_seed_0,"{""model__C"": 3.0, ""model__gamma"": 0.005, ""pca__n_components"": 76}",76,3.0,0.005,"{""model__C"": 3.0, ""model__gamma"": 0.005, ""pca__n_components"": 76}",stage3_local_cv,3,0.775625,4.305
stage3_176,stage3_seed_0,"{""model__C"": 3.0, ""model__gamma"": 0.005, ""pca__n_components"": 76}",76,3.0,0.005,"{""model__C"": 3.0, ""model__gamma"": 0.005, ""pca__n_components"": 76}",stage3_local_cv,4,0.764375,4.307
stage3_177,stage3_seed_0,"{""model__C"": 3.0, ""model__gamma"": 0.01, ""pca__n_components"": 76}",76,3.0,0.01,"{""model__C"": 3.0, ""model__gamma"": 0.01, ""pca__n_components"": 76}",stage3_local_cv,0,0.809375,4.68
stage3_177,stage3_seed_0,"{""model__C"": 3.0, ""model__gamma"": 0.01, ""pca__n_components"": 76}",76,3.0,0.01,"{""model__C"": 3.0, ""model__gamma"": 0.01, ""pca__n_components"": 76}",stage3_local_cv,1,0.808125,6.233
stage3_177,stage3_seed_0,"{""model__C"": 3.0, ""model__gamma"": 0.01, ""pca__n_components"": 76}",76,3.0,0.01,"{""model__C"": 3.0, ""model__gamma"": 0.01, ""pca__n_components"": 76}",stage3_local_cv,2,0.803125,6.144
stage3_177,stage3_seed_0,"{""model__C"": 3.0, ""model__gamma"": 0.01, ""pca__n_components"": 76}",76,3.0,0.01,"{""model__C"": 3.0, ""model__gamma"": 0.01, ""pca__n_components"": 76}",stage3_local_cv,3,0.8,6.064
stage3_177,stage3_seed_0,"{""model__C"": 3.0, ""model__gamma"": 0.01, ""pca__n_components"": 76}",76,3.0,0.01,"{""model__C"": 3.0, ""model__gamma"": 0.01, ""pca__n_components"": 76}",stage3_local_cv,4,0.806875,4.805
stage3_178,stage3_seed_0,"{""model__C"": 3.0, ""model__gamma"": 0.02, ""pca__n_components"": 76}",76,3.0,0.02,"{""model__C"": 3.0, ""model__gamma"": 0.02, ""pca__n_components"": 76}",stage3_local_cv,0,0.801875,4.61
stage3_178,stage3_seed_0,"{""model__C"": 3.0, ""model__gamma"": 0.02, ""pca__n_components"": 76}",76,3.0,0.02,"{""model__C"": 3.0, ""model__gamma"": 0.02, ""pca__n_components"": 76}",stage3_local_cv,1,0.815,4.675
stage3_178,stage3_seed_0,"{""model__C"": 3.0, ""model__gamma"": 0.02, ""pca__n_components"": 76}",76,3.0,0.02,"{""model__C"": 3.0, ""model__gamma"": 0.02, ""pca__n_components"": 76}",stage3_local_cv,2,0.796875,4.632
stage3_178,stage3_seed_0,"{""model__C"": 3.0, ""model__gamma"": 0.02, ""pca__n_components"": 76}",76,3.0,0.02,"{""model__C"": 3.0, ""model__gamma"": 0.02, ""pca__n_components"": 76}",stage3_local_cv,3,0.803125,4.622
stage3_178,stage3_seed_0,"{""model__C"": 3.0, ""model__gamma"": 0.02, ""pca__n_components"": 76}",76,3.0,0.02,"{""model__C"": 3.0, ""model__gamma"": 0.02, ""pca__n_components"": 76}",stage3_local_cv,4,0.801875,5.855
stage3_179,stage3_seed_0,"{""model__C"": 3.0, ""model__gamma"": 0.03, ""pca__n_components"": 76}",76,3.0,0.03,"{""model__C"": 3.0, ""model__gamma"": 0.03, ""pca__n_components"": 76}",stage3_local_cv,0,0.7825,5.823
stage3_179,stage3_seed_0,"{""model__C"": 3.0, ""model__gamma"": 0.03, ""pca__n_components"": 76}",76,3.0,0.03,"{""model__C"": 3.0, ""model__gamma"": 0.03, ""pca__n_components"": 76}",stage3_local_cv,1,0.790625,4.669
stage3_179,stage3_seed_0,"{""model__C"": 3.0, ""model__gamma"": 0.03, ""pca__n_components"": 76}",76,3.0,0.03,"{""model__C"": 3.0, ""model__gamma"": 0.03, ""pca__n_components"": 76}",stage3_local_cv,2,0.773125,5.982
stage3_179,stage3_seed_0,"{""model__C"": 3.0, ""model__gamma"": 0.03, ""pca__n_components"": 76}",76,3.0,0.03,"{""model__C"": 3.0, ""model__gamma"": 0.03, ""pca__n_components"": 76}",stage3_local_cv,3,0.780625,5.679
stage3_179,stage3_seed_0,"{""model__C"": 3.0, ""model__gamma"": 0.03, ""pca__n_components"": 76}",76,3.0,0.03,"{""model__C"": 3.0, ""model__gamma"": 0.03, ""pca__n_components"": 76}",stage3_local_cv,4,0.77,4.657
stage3_180,stage3_seed_0,"{""model__C"": 3.0, ""model__gamma"": 0.04, ""pca__n_components"": 76}",76,3.0,0.04,"{""model__C"": 3.0, ""model__gamma"": 0.04, ""pca__n_components"": 76}",stage3_local_cv,0,0.761875,4.563
stage3_180,stage3_seed_0,"{""model__C"": 3.0, ""model__gamma"": 0.04, ""pca__n_components"": 76}",76,3.0,0.04,"{""model__C"": 3.0, ""model__gamma"": 0.04, ""pca__n_components"": 76}",stage3_local_cv,1,0.7725,6.006
stage3_180,stage3_seed_0,"{""model__C"": 3.0, ""model__gamma"": 0.04, ""pca__n_components"": 76}",76,3.0,0.04,"{""model__C"": 3.0, ""model__gamma"": 0.04, ""pca__n_components"": 76}",stage3_local_cv,2,0.740625,4.895
stage3_180,stage3_seed_0,"{""model__C"": 3.0, ""model__gamma"": 0.04, ""pca__n_components"": 76}",76,3.0,0.04,"{""model__C"": 3.0, ""model__gamma"": 0.04, ""pca__n_components"": 76}",stage3_local_cv,3,0.77,5.102
stage3_180,stage3_seed_0,"{""model__C"": 3.0, ""model__gamma"": 0.04, ""pca__n_components"": 76}",76,3.0,0.04,"{""model__C"": 3.0, ""model__gamma"": 0.04, ""pca__n_components"": 76}",stage3_local_cv,4,0.755,6.015
stage3_181,stage3_seed_0,"{""model__C"": 3.0, ""model__gamma"": 0.08, ""pca__n_components"": 76}",76,3.0,0.08,"{""model__C"": 3.0, ""model__gamma"": 0.08, ""pca__n_components"": 76}",stage3_local_cv,0,0.5775,6.18
stage3_181,stage3_seed_0,"{""model__C"": 3.0, ""model__gamma"": 0.08, ""pca__n_components"": 76}",76,3.0,0.08,"{""model__C"": 3.0, ""model__gamma"": 0.08, ""pca__n_components"": 76}",stage3_local_cv,1,0.59,4.787
stage3_181,stage3_seed_0,"{""model__C"": 3.0, ""model__gamma"": 0.08, ""pca__n_components"": 76}",76,3.0,0.08,"{""model__C"": 3.0, ""model__gamma"": 0.08, ""pca__n_components"": 76}",stage3_local_cv,2,0.685625,4.591
stage3_181,stage3_seed_0,"{""model__C"": 3.0, ""model__gamma"": 0.08, ""pca__n_components"": 76}",76,3.0,0.08,"{""model__C"": 3.0, ""model__gamma"": 0.08, ""pca__n_components"": 76}",stage3_local_cv,3,0.7375,4.492
stage3_181,stage3_seed_0,"{""model__C"": 3.0, ""model__gamma"": 0.08, ""pca__n_components"": 76}",76,3.0,0.08,"{""model__C"": 3.0, ""model__gamma"": 0.08, ""pca__n_components"": 76}",stage3_local_cv,4,0.623125,4.525
stage3_182,stage3_seed_0,"{""model__C"": 4.0, ""model__gamma"": ""scale"", ""pca__n_components"": 76}",76,4.0,scale,"{""model__C"": 4.0, ""model__gamma"": ""scale"", ""pca__n_components"": 76}",stage3_local_cv,0,0.796875,4.334
stage3_182,stage3_seed_0,"{""model__C"": 4.0, ""model__gamma"": ""scale"", ""pca__n_components"": 76}",76,4.0,scale,"{""model__C"": 4.0, ""model__gamma"": ""scale"", ""pca__n_components"": 76}",stage3_local_cv,1,0.78125,5.855
stage3_182,stage3_seed_0,"{""model__C"": 4.0, ""model__gamma"": ""scale"", ""pca__n_components"": 76}",76,4.0,scale,"{""model__C"": 4.0, ""model__gamma"": ""scale"", ""pca__n_components"": 76}",stage3_local_cv,2,0.781875,5.67
stage3_182,stage3_seed_0,"{""model__C"": 4.0, ""model__gamma"": ""scale"", ""pca__n_components"": 76}",76,4.0,scale,"{""model__C"": 4.0, ""model__gamma"": ""scale"", ""pca__n_components"": 76}",stage3_local_cv,3,0.78,5.58
stage3_182,stage3_seed_0,"{""model__C"": 4.0, ""model__gamma"": ""scale"", ""pca__n_components"": 76}",76,4.0,scale,"{""model__C"": 4.0, ""model__gamma"": ""scale"", ""pca__n_components"": 76}",stage3_local_cv,4,0.781875,4.45
stage3_183,stage3_seed_0,"{""model__C"": 4.0, ""model__gamma"": 0.005, ""pca__n_components"": 76}",76,4.0,0.005,"{""model__C"": 4.0, ""model__gamma"": 0.005, ""pca__n_components"": 76}",stage3_local_cv,0,0.788125,4.297
stage3_183,stage3_seed_0,"{""model__C"": 4.0, ""model__gamma"": 0.005, ""pca__n_components"": 76}",76,4.0,0.005,"{""model__C"": 4.0, ""model__gamma"": 0.005, ""pca__n_components"": 76}",stage3_local_cv,1,0.7775,4.526
stage3_183,stage3_seed_0,"{""model__C"": 4.0, ""model__gamma"": 0.005, ""pca__n_components"": 76}",76,4.0,0.005,"{""model__C"": 4.0, ""model__gamma"": 0.005, ""pca__n_components"": 76}",stage3_local_cv,2,0.78,4.44
stage3_183,stage3_seed_0,"{""model__C"": 4.0, ""model__gamma"": 0.005, ""pca__n_components"": 76}",76,4.0,0.005,"{""model__C"": 4.0, ""model__gamma"": 0.005, ""pca__n_components"": 76}",stage3_local_cv,3,0.77625,4.508
stage3_183,stage3_seed_0,"{""model__C"": 4.0, ""model__gamma"": 0.005, ""pca__n_components"": 76}",76,4.0,0.005,"{""model__C"": 4.0, ""model__gamma"": 0.005, ""pca__n_components"": 76}",stage3_local_cv,4,0.77875,5.741
stage3_184,stage3_seed_0,"{""model__C"": 4.0, ""model__gamma"": 0.01, ""pca__n_components"": 76}",76,4.0,0.01,"{""model__C"": 4.0, ""model__gamma"": 0.01, ""pca__n_components"": 76}",stage3_local_cv,0,0.81125,5.997
stage3_184,stage3_seed_0,"{""model__C"": 4.0, ""model__gamma"": 0.01, ""pca__n_components"": 76}",76,4.0,0.01,"{""model__C"": 4.0, ""model__gamma"": 0.01, ""pca__n_components"": 76}",stage3_local_cv,1,0.81125,4.859
stage3_184,stage3_seed_0,"{""model__C"": 4.0, ""model__gamma"": 0.01, ""pca__n_components"": 76}",76,4.0,0.01,"{""model__C"": 4.0, ""model__gamma"": 0.01, ""pca__n_components"": 76}",stage3_local_cv,2,0.8075,5.515
stage3_184,stage3_seed_0,"{""model__C"": 4.0, ""model__gamma"": 0.01, ""pca__n_components"": 76}",76,4.0,0.01,"{""model__C"": 4.0, ""model__gamma"": 0.01, ""pca__n_components"": 76}",stage3_local_cv,3,0.805625,5.171
stage3_184,stage3_seed_0,"{""model__C"": 4.0, ""model__gamma"": 0.01, ""pca__n_components"": 76}",76,4.0,0.01,"{""model__C"": 4.0, ""model__gamma"": 0.01, ""pca__n_components"": 76}",stage3_local_cv,4,0.804375,4.779
stage3_185,stage3_seed_0,"{""model__C"": 4.0, ""model__gamma"": 0.02, ""pca__n_components"": 76}",76,4.0,0.02,"{""model__C"": 4.0, ""model__gamma"": 0.02, ""pca__n_components"": 76}",stage3_local_cv,0,0.801875,4.561
stage3_185,stage3_seed_0,"{""model__C"": 4.0, ""model__gamma"": 0.02, ""pca__n_components"": 76}",76,4.0,0.02,"{""model__C"": 4.0, ""model__gamma"": 0.02, ""pca__n_components"": 76}",stage3_local_cv,1,0.813125,6.173
stage3_185,stage3_seed_0,"{""model__C"": 4.0, ""model__gamma"": 0.02, ""pca__n_components"": 76}",76,4.0,0.02,"{""model__C"": 4.0, ""model__gamma"": 0.02, ""pca__n_components"": 76}",stage3_local_cv,2,0.79875,5.463
stage3_185,stage3_seed_0,"{""model__C"": 4.0, ""model__gamma"": 0.02, ""pca__n_components"": 76}",76,4.0,0.02,"{""model__C"": 4.0, ""model__gamma"": 0.02, ""pca__n_components"": 76}",stage3_local_cv,3,0.80125,5.565
stage3_185,stage3_seed_0,"{""model__C"": 4.0, ""model__gamma"": 0.02, ""pca__n_components"": 76}",76,4.0,0.02,"{""model__C"": 4.0, ""model__gamma"": 0.02, ""pca__n_components"": 76}",stage3_local_cv,4,0.8,6.133
stage3_186,stage3_seed_0,"{""model__C"": 4.0, ""model__gamma"": 0.03, ""pca__n_components"": 76}",76,4.0,0.03,"{""model__C"": 4.0, ""model__gamma"": 0.03, ""pca__n_components"": 76}",stage3_local_cv,0,0.781875,5.76
stage3_186,stage3_seed_0,"{""model__C"": 4.0, ""model__gamma"": 0.03, ""pca__n_components"": 76}",76,4.0,0.03,"{""model__C"": 4.0, ""model__gamma"": 0.03, ""pca__n_components"": 76}",stage3_local_cv,1,0.78875,4.653
stage3_186,stage3_seed_0,"{""model__C"": 4.0, ""model__gamma"": 0.03, ""pca__n_components"": 76}",76,4.0,0.03,"{""model__C"": 4.0, ""model__gamma"": 0.03, ""pca__n_components"": 76}",stage3_local_cv,2,0.7725,4.644
stage3_186,stage3_seed_0,"{""model__C"": 4.0, ""model__gamma"": 0.03, ""pca__n_components"": 76}",76,4.0,0.03,"{""model__C"": 4.0, ""model__gamma"": 0.03, ""pca__n_components"": 76}",stage3_local_cv,3,0.779375,4.559
stage3_186,stage3_seed_0,"{""model__C"": 4.0, ""model__gamma"": 0.03, ""pca__n_components"": 76}",76,4.0,0.03,"{""model__C"": 4.0, ""model__gamma"": 0.03, ""pca__n_components"": 76}",stage3_local_cv,4,0.770625,4.659
stage3_187,stage3_seed_0,"{""model__C"": 4.0, ""model__gamma"": 0.04, ""pca__n_components"": 76}",76,4.0,0.04,"{""model__C"": 4.0, ""model__gamma"": 0.04, ""pca__n_components"": 76}",stage3_local_cv,0,0.761875,4.985
stage3_187,stage3_seed_0,"{""model__C"": 4.0, ""model__gamma"": 0.04, ""pca__n_components"": 76}",76,4.0,0.04,"{""model__C"": 4.0, ""model__gamma"": 0.04, ""pca__n_components"": 76}",stage3_local_cv,1,0.77125,6.173
stage3_187,stage3_seed_0,"{""model__C"": 4.0, ""model__gamma"": 0.04, ""pca__n_components"": 76}",76,4.0,0.04,"{""model__C"": 4.0, ""model__gamma"": 0.04, ""pca__n_components"": 76}",stage3_local_cv,2,0.739375,6.019
stage3_187,stage3_seed_0,"{""model__C"": 4.0, ""model__gamma"": 0.04, ""pca__n_components"": 76}",76,4.0,0.04,"{""model__C"": 4.0, ""model__gamma"": 0.04, ""pca__n_components"": 76}",stage3_local_cv,3,0.77,6.033
stage3_187,stage3_seed_0,"{""model__C"": 4.0, ""model__gamma"": 0.04, ""pca__n_components"": 76}",76,4.0,0.04,"{""model__C"": 4.0, ""model__gamma"": 0.04, ""pca__n_components"": 76}",stage3_local_cv,4,0.753125,4.658
stage3_188,stage3_seed_0,"{""model__C"": 4.0, ""model__gamma"": 0.08, ""pca__n_components"": 76}",76,4.0,0.08,"{""model__C"": 4.0, ""model__gamma"": 0.08, ""pca__n_components"": 76}",stage3_local_cv,0,0.5775,4.595
stage3_188,stage3_seed_0,"{""model__C"": 4.0, ""model__gamma"": 0.08, ""pca__n_components"": 76}",76,4.0,0.08,"{""model__C"": 4.0, ""model__gamma"": 0.08, ""pca__n_components"": 76}",stage3_local_cv,1,0.5875,4.797
stage3_188,stage3_seed_0,"{""model__C"": 4.0, ""model__gamma"": 0.08, ""pca__n_components"": 76}",76,4.0,0.08,"{""model__C"": 4.0, ""model__gamma"": 0.08, ""pca__n_components"": 76}",stage3_local_cv,2,0.689375,4.54
stage3_188,stage3_seed_0,"{""model__C"": 4.0, ""model__gamma"": 0.08, ""pca__n_components"": 76}",76,4.0,0.08,"{""model__C"": 4.0, ""model__gamma"": 0.08, ""pca__n_components"": 76}",stage3_local_cv,3,0.735,4.522
stage3_188,stage3_seed_0,"{""model__C"": 4.0, ""model__gamma"": 0.08, ""pca__n_components"": 76}",76,4.0,0.08,"{""model__C"": 4.0, ""model__gamma"": 0.08, ""pca__n_components"": 76}",stage3_local_cv,4,0.616875,5.83
stage3_189,stage3_seed_0,"{""model__C"": 6.0, ""model__gamma"": ""scale"", ""pca__n_components"": 76}",76,6.0,scale,"{""model__C"": 6.0, ""model__gamma"": ""scale"", ""pca__n_components"": 76}",stage3_local_cv,0,0.805,6.214
stage3_189,stage3_seed_0,"{""model__C"": 6.0, ""model__gamma"": ""scale"", ""pca__n_components"": 76}",76,6.0,scale,"{""model__C"": 6.0, ""model__gamma"": ""scale"", ""pca__n_components"": 76}",stage3_local_cv,1,0.7975,5.152
stage3_189,stage3_seed_0,"{""model__C"": 6.0, ""model__gamma"": ""scale"", ""pca__n_components"": 76}",76,6.0,scale,"{""model__C"": 6.0, ""model__gamma"": ""scale"", ""pca__n_components"": 76}",stage3_local_cv,2,0.79125,5.979
stage3_189,stage3_seed_0,"{""model__C"": 6.0, ""model__gamma"": ""scale"", ""pca__n_components"": 76}",76,6.0,scale,"{""model__C"": 6.0, ""model__gamma"": ""scale"", ""pca__n_components"": 76}",stage3_local_cv,3,0.79,6.501
stage3_189,stage3_seed_0,"{""model__C"": 6.0, ""model__gamma"": ""scale"", ""pca__n_components"": 76}",76,6.0,scale,"{""model__C"": 6.0, ""model__gamma"": ""scale"", ""pca__n_components"": 76}",stage3_local_cv,4,0.79375,5.183
stage3_190,stage3_seed_0,"{""model__C"": 6.0, ""model__gamma"": 0.005, ""pca__n_components"": 76}",76,6.0,0.005,"{""model__C"": 6.0, ""model__gamma"": 0.005, ""pca__n_components"": 76}",stage3_local_cv,0,0.803125,4.922
stage3_190,stage3_seed_0,"{""model__C"": 6.0, ""model__gamma"": 0.005, ""pca__n_components"": 76}",76,6.0,0.005,"{""model__C"": 6.0, ""model__gamma"": 0.005, ""pca__n_components"": 76}",stage3_local_cv,1,0.795,6.5
stage3_190,stage3_seed_0,"{""model__C"": 6.0, ""model__gamma"": 0.005, ""pca__n_components"": 76}",76,6.0,0.005,"{""model__C"": 6.0, ""model__gamma"": 0.005, ""pca__n_components"": 76}",stage3_local_cv,2,0.786875,5.835
stage3_190,stage3_seed_0,"{""model__C"": 6.0, ""model__gamma"": 0.005, ""pca__n_components"": 76}",76,6.0,0.005,"{""model__C"": 6.0, ""model__gamma"": 0.005, ""pca__n_components"": 76}",stage3_local_cv,3,0.7875,5.607
stage3_190,stage3_seed_0,"{""model__C"": 6.0, ""model__gamma"": 0.005, ""pca__n_components"": 76}",76,6.0,0.005,"{""model__C"": 6.0, ""model__gamma"": 0.005, ""pca__n_components"": 76}",stage3_local_cv,4,0.789375,6.134
stage3_191,stage3_seed_0,"{""model__C"": 6.0, ""model__gamma"": 0.01, ""pca__n_components"": 76}",76,6.0,0.01,"{""model__C"": 6.0, ""model__gamma"": 0.01, ""pca__n_components"": 76}",stage3_local_cv,0,0.80875,6.121
stage3_191,stage3_seed_0,"{""model__C"": 6.0, ""model__gamma"": 0.01, ""pca__n_components"": 76}",76,6.0,0.01,"{""model__C"": 6.0, ""model__gamma"": 0.01, ""pca__n_components"": 76}",stage3_local_cv,1,0.805,4.887
stage3_191,stage3_seed_0,"{""model__C"": 6.0, ""model__gamma"": 0.01, ""pca__n_components"": 76}",76,6.0,0.01,"{""model__C"": 6.0, ""model__gamma"": 0.01, ""pca__n_components"": 76}",stage3_local_cv,2,0.808125,5.276
stage3_191,stage3_seed_0,"{""model__C"": 6.0, ""model__gamma"": 0.01, ""pca__n_components"": 76}",76,6.0,0.01,"{""model__C"": 6.0, ""model__gamma"": 0.01, ""pca__n_components"": 76}",stage3_local_cv,3,0.811875,4.716
stage3_191,stage3_seed_0,"{""model__C"": 6.0, ""model__gamma"": 0.01, ""pca__n_components"": 76}",76,6.0,0.01,"{""model__C"": 6.0, ""model__gamma"": 0.01, ""pca__n_components"": 76}",stage3_local_cv,4,0.806875,4.911
stage3_192,stage3_seed_0,"{""model__C"": 6.0, ""model__gamma"": 0.02, ""pca__n_components"": 76}",76,6.0,0.02,"{""model__C"": 6.0, ""model__gamma"": 0.02, ""pca__n_components"": 76}",stage3_local_cv,0,0.8,4.823
stage3_192,stage3_seed_0,"{""model__C"": 6.0, ""model__gamma"": 0.02, ""pca__n_components"": 76}",76,6.0,0.02,"{""model__C"": 6.0, ""model__gamma"": 0.02, ""pca__n_components"": 76}",stage3_local_cv,1,0.8125,6.216
stage3_192,stage3_seed_0,"{""model__C"": 6.0, ""model__gamma"": 0.02, ""pca__n_components"": 76}",76,6.0,0.02,"{""model__C"": 6.0, ""model__gamma"": 0.02, ""pca__n_components"": 76}",stage3_local_cv,2,0.794375,6.079
stage3_192,stage3_seed_0,"{""model__C"": 6.0, ""model__gamma"": 0.02, ""pca__n_components"": 76}",76,6.0,0.02,"{""model__C"": 6.0, ""model__gamma"": 0.02, ""pca__n_components"": 76}",stage3_local_cv,3,0.79625,5.968
stage3_192,stage3_seed_0,"{""model__C"": 6.0, ""model__gamma"": 0.02, ""pca__n_components"": 76}",76,6.0,0.02,"{""model__C"": 6.0, ""model__gamma"": 0.02, ""pca__n_components"": 76}",stage3_local_cv,4,0.79875,5.41
stage3_193,stage3_seed_0,"{""model__C"": 6.0, ""model__gamma"": 0.03, ""pca__n_components"": 76}",76,6.0,0.03,"{""model__C"": 6.0, ""model__gamma"": 0.03, ""pca__n_components"": 76}",stage3_local_cv,0,0.78,4.569
stage3_193,stage3_seed_0,"{""model__C"": 6.0, ""model__gamma"": 0.03, ""pca__n_components"": 76}",76,6.0,0.03,"{""model__C"": 6.0, ""model__gamma"": 0.03, ""pca__n_components"": 76}",stage3_local_cv,1,0.78625,5.445
stage3_193,stage3_seed_0,"{""model__C"": 6.0, ""model__gamma"": 0.03, ""pca__n_components"": 76}",76,6.0,0.03,"{""model__C"": 6.0, ""model__gamma"": 0.03, ""pca__n_components"": 76}",stage3_local_cv,2,0.76875,4.622
stage3_193,stage3_seed_0,"{""model__C"": 6.0, ""model__gamma"": 0.03, ""pca__n_components"": 76}",76,6.0,0.03,"{""model__C"": 6.0, ""model__gamma"": 0.03, ""pca__n_components"": 76}",stage3_local_cv,3,0.781875,4.581
stage3_193,stage3_seed_0,"{""model__C"": 6.0, ""model__gamma"": 0.03, ""pca__n_components"": 76}",76,6.0,0.03,"{""model__C"": 6.0, ""model__gamma"": 0.03, ""pca__n_components"": 76}",stage3_local_cv,4,0.769375,5.271
stage3_194,stage3_seed_0,"{""model__C"": 6.0, ""model__gamma"": 0.04, ""pca__n_components"": 76}",76,6.0,0.04,"{""model__C"": 6.0, ""model__gamma"": 0.04, ""pca__n_components"": 76}",stage3_local_cv,0,0.7625,5.912
stage3_194,stage3_seed_0,"{""model__C"": 6.0, ""model__gamma"": 0.04, ""pca__n_components"": 76}",76,6.0,0.04,"{""model__C"": 6.0, ""model__gamma"": 0.04, ""pca__n_components"": 76}",stage3_local_cv,1,0.77125,5.693
stage3_194,stage3_seed_0,"{""model__C"": 6.0, ""model__gamma"": 0.04, ""pca__n_components"": 76}",76,6.0,0.04,"{""model__C"": 6.0, ""model__gamma"": 0.04, ""pca__n_components"": 76}",stage3_local_cv,2,0.739375,6.252
stage3_194,stage3_seed_0,"{""model__C"": 6.0, ""model__gamma"": 0.04, ""pca__n_components"": 76}",76,6.0,0.04,"{""model__C"": 6.0, ""model__gamma"": 0.04, ""pca__n_components"": 76}",stage3_local_cv,3,0.76875,5.609
stage3_194,stage3_seed_0,"{""model__C"": 6.0, ""model__gamma"": 0.04, ""pca__n_components"": 76}",76,6.0,0.04,"{""model__C"": 6.0, ""model__gamma"": 0.04, ""pca__n_components"": 76}",stage3_local_cv,4,0.751875,4.632
stage3_195,stage3_seed_0,"{""model__C"": 6.0, ""model__gamma"": 0.08, ""pca__n_components"": 76}",76,6.0,0.08,"{""model__C"": 6.0, ""model__gamma"": 0.08, ""pca__n_components"": 76}",stage3_local_cv,0,0.576875,4.6
stage3_195,stage3_seed_0,"{""model__C"": 6.0, ""model__gamma"": 0.08, ""pca__n_components"": 76}",76,6.0,0.08,"{""model__C"": 6.0, ""model__gamma"": 0.08, ""pca__n_components"": 76}",stage3_local_cv,1,0.5875,5.212
stage3_195,stage3_seed_0,"{""model__C"": 6.0, ""model__gamma"": 0.08, ""pca__n_components"": 76}",76,6.0,0.08,"{""model__C"": 6.0, ""model__gamma"": 0.08, ""pca__n_components"": 76}",stage3_local_cv,2,0.69,4.546
stage3_195,stage3_seed_0,"{""model__C"": 6.0, ""model__gamma"": 0.08, ""pca__n_components"": 76}",76,6.0,0.08,"{""model__C"": 6.0, ""model__gamma"": 0.08, ""pca__n_components"": 76}",stage3_local_cv,3,0.743125,4.784
stage3_195,stage3_seed_0,"{""model__C"": 6.0, ""model__gamma"": 0.08, ""pca__n_components"": 76}",76,6.0,0.08,"{""model__C"": 6.0, ""model__gamma"": 0.08, ""pca__n_components"": 76}",stage3_local_cv,4,0.61375,5.899
stage3_196,stage3_seed_0,"{""model__C"": 8.0, ""model__gamma"": ""scale"", ""pca__n_components"": 76}",76,8.0,scale,"{""model__C"": 8.0, ""model__gamma"": ""scale"", ""pca__n_components"": 76}",stage3_local_cv,0,0.810625,7.023
stage3_196,stage3_seed_0,"{""model__C"": 8.0, ""model__gamma"": ""scale"", ""pca__n_components"": 76}",76,8.0,scale,"{""model__C"": 8.0, ""model__gamma"": ""scale"", ""pca__n_components"": 76}",stage3_local_cv,1,0.801875,5.311
stage3_196,stage3_seed_0,"{""model__C"": 8.0, ""model__gamma"": ""scale"", ""pca__n_components"": 76}",76,8.0,scale,"{""model__C"": 8.0, ""model__gamma"": ""scale"", ""pca__n_components"": 76}",stage3_local_cv,2,0.79625,6.345
stage3_196,stage3_seed_0,"{""model__C"": 8.0, ""model__gamma"": ""scale"", ""pca__n_components"": 76}",76,8.0,scale,"{""model__C"": 8.0, ""model__gamma"": ""scale"", ""pca__n_components"": 76}",stage3_local_cv,3,0.79,5.251
stage3_196,stage3_seed_0,"{""model__C"": 8.0, ""model__gamma"": ""scale"", ""pca__n_components"": 76}",76,8.0,scale,"{""model__C"": 8.0, ""model__gamma"": ""scale"", ""pca__n_components"": 76}",stage3_local_cv,4,0.79625,5.734
stage3_197,stage3_seed_0,"{""model__C"": 8.0, ""model__gamma"": 0.005, ""pca__n_components"": 76}",76,8.0,0.005,"{""model__C"": 8.0, ""model__gamma"": 0.005, ""pca__n_components"": 76}",stage3_local_cv,0,0.8075,5.568
stage3_197,stage3_seed_0,"{""model__C"": 8.0, ""model__gamma"": 0.005, ""pca__n_components"": 76}",76,8.0,0.005,"{""model__C"": 8.0, ""model__gamma"": 0.005, ""pca__n_components"": 76}",stage3_local_cv,1,0.8,6.704
stage3_197,stage3_seed_0,"{""model__C"": 8.0, ""model__gamma"": 0.005, ""pca__n_components"": 76}",76,8.0,0.005,"{""model__C"": 8.0, ""model__gamma"": 0.005, ""pca__n_components"": 76}",stage3_local_cv,2,0.798125,6.748
stage3_197,stage3_seed_0,"{""model__C"": 8.0, ""model__gamma"": 0.005, ""pca__n_components"": 76}",76,8.0,0.005,"{""model__C"": 8.0, ""model__gamma"": 0.005, ""pca__n_components"": 76}",stage3_local_cv,3,0.791875,6.984
stage3_197,stage3_seed_0,"{""model__C"": 8.0, ""model__gamma"": 0.005, ""pca__n_components"": 76}",76,8.0,0.005,"{""model__C"": 8.0, ""model__gamma"": 0.005, ""pca__n_components"": 76}",stage3_local_cv,4,0.79375,6.52
stage3_198,stage3_seed_0,"{""model__C"": 8.0, ""model__gamma"": 0.01, ""pca__n_components"": 76}",76,8.0,0.01,"{""model__C"": 8.0, ""model__gamma"": 0.01, ""pca__n_components"": 76}",stage3_local_cv,0,0.808125,5.209
stage3_198,stage3_seed_0,"{""model__C"": 8.0, ""model__gamma"": 0.01, ""pca__n_components"": 76}",76,8.0,0.01,"{""model__C"": 8.0, ""model__gamma"": 0.01, ""pca__n_components"": 76}",stage3_local_cv,1,0.8075,4.915
stage3_198,stage3_seed_0,"{""model__C"": 8.0, ""model__gamma"": 0.01, ""pca__n_components"": 76}",76,8.0,0.01,"{""model__C"": 8.0, ""model__gamma"": 0.01, ""pca__n_components"": 76}",stage3_local_cv,2,0.805,4.887
stage3_198,stage3_seed_0,"{""model__C"": 8.0, ""model__gamma"": 0.01, ""pca__n_components"": 76}",76,8.0,0.01,"{""model__C"": 8.0, ""model__gamma"": 0.01, ""pca__n_components"": 76}",stage3_local_cv,3,0.809375,4.844
stage3_198,stage3_seed_0,"{""model__C"": 8.0, ""model__gamma"": 0.01, ""pca__n_components"": 76}",76,8.0,0.01,"{""model__C"": 8.0, ""model__gamma"": 0.01, ""pca__n_components"": 76}",stage3_local_cv,4,0.803125,4.884
stage3_199,stage3_seed_0,"{""model__C"": 8.0, ""model__gamma"": 0.02, ""pca__n_components"": 76}",76,8.0,0.02,"{""model__C"": 8.0, ""model__gamma"": 0.02, ""pca__n_components"": 76}",stage3_local_cv,0,0.79875,5.599
stage3_199,stage3_seed_0,"{""model__C"": 8.0, ""model__gamma"": 0.02, ""pca__n_components"": 76}",76,8.0,0.02,"{""model__C"": 8.0, ""model__gamma"": 0.02, ""pca__n_components"": 76}",stage3_local_cv,1,0.813125,6.204
stage3_199,stage3_seed_0,"{""model__C"": 8.0, ""model__gamma"": 0.02, ""pca__n_components"": 76}",76,8.0,0.02,"{""model__C"": 8.0, ""model__gamma"": 0.02, ""pca__n_components"": 76}",stage3_local_cv,2,0.795,6.06
stage3_199,stage3_seed_0,"{""model__C"": 8.0, ""model__gamma"": 0.02, ""pca__n_components"": 76}",76,8.0,0.02,"{""model__C"": 8.0, ""model__gamma"": 0.02, ""pca__n_components"": 76}",stage3_local_cv,3,0.8,5.949
stage3_199,stage3_seed_0,"{""model__C"": 8.0, ""model__gamma"": 0.02, ""pca__n_components"": 76}",76,8.0,0.02,"{""model__C"": 8.0, ""model__gamma"": 0.02, ""pca__n_components"": 76}",stage3_local_cv,4,0.8,5.017
stage3_200,stage3_seed_0,"{""model__C"": 8.0, ""model__gamma"": 0.03, ""pca__n_components"": 76}",76,8.0,0.03,"{""model__C"": 8.0, ""model__gamma"": 0.03, ""pca__n_components"": 76}",stage3_local_cv,0,0.779375,4.594
stage3_200,stage3_seed_0,"{""model__C"": 8.0, ""model__gamma"": 0.03, ""pca__n_components"": 76}",76,8.0,0.03,"{""model__C"": 8.0, ""model__gamma"": 0.03, ""pca__n_components"": 76}",stage3_local_cv,1,0.78625,4.713
stage3_200,stage3_seed_0,"{""model__C"": 8.0, ""model__gamma"": 0.03, ""pca__n_components"": 76}",76,8.0,0.03,"{""model__C"": 8.0, ""model__gamma"": 0.03, ""pca__n_components"": 76}",stage3_local_cv,2,0.76625,4.631
stage3_200,stage3_seed_0,"{""model__C"": 8.0, ""model__gamma"": 0.03, ""pca__n_components"": 76}",76,8.0,0.03,"{""model__C"": 8.0, ""model__gamma"": 0.03, ""pca__n_components"": 76}",stage3_local_cv,3,0.7825,4.649
stage3_200,stage3_seed_0,"{""model__C"": 8.0, ""model__gamma"": 0.03, ""pca__n_components"": 76}",76,8.0,0.03,"{""model__C"": 8.0, ""model__gamma"": 0.03, ""pca__n_components"": 76}",stage3_local_cv,4,0.770625,5.607
stage3_201,stage3_seed_0,"{""model__C"": 8.0, ""model__gamma"": 0.04, ""pca__n_components"": 76}",76,8.0,0.04,"{""model__C"": 8.0, ""model__gamma"": 0.04, ""pca__n_components"": 76}",stage3_local_cv,0,0.76375,6.077
stage3_201,stage3_seed_0,"{""model__C"": 8.0, ""model__gamma"": 0.04, ""pca__n_components"": 76}",76,8.0,0.04,"{""model__C"": 8.0, ""model__gamma"": 0.04, ""pca__n_components"": 76}",stage3_local_cv,1,0.77125,4.947
stage3_201,stage3_seed_0,"{""model__C"": 8.0, ""model__gamma"": 0.04, ""pca__n_components"": 76}",76,8.0,0.04,"{""model__C"": 8.0, ""model__gamma"": 0.04, ""pca__n_components"": 76}",stage3_local_cv,2,0.740625,6.049
stage3_201,stage3_seed_0,"{""model__C"": 8.0, ""model__gamma"": 0.04, ""pca__n_components"": 76}",76,8.0,0.04,"{""model__C"": 8.0, ""model__gamma"": 0.04, ""pca__n_components"": 76}",stage3_local_cv,3,0.765,4.585
stage3_201,stage3_seed_0,"{""model__C"": 8.0, ""model__gamma"": 0.04, ""pca__n_components"": 76}",76,8.0,0.04,"{""model__C"": 8.0, ""model__gamma"": 0.04, ""pca__n_components"": 76}",stage3_local_cv,4,0.75125,4.651
stage3_202,stage3_seed_0,"{""model__C"": 8.0, ""model__gamma"": 0.08, ""pca__n_components"": 76}",76,8.0,0.08,"{""model__C"": 8.0, ""model__gamma"": 0.08, ""pca__n_components"": 76}",stage3_local_cv,0,0.575625,4.638
stage3_202,stage3_seed_0,"{""model__C"": 8.0, ""model__gamma"": 0.08, ""pca__n_components"": 76}",76,8.0,0.08,"{""model__C"": 8.0, ""model__gamma"": 0.08, ""pca__n_components"": 76}",stage3_local_cv,1,0.58625,5.965
stage3_202,stage3_seed_0,"{""model__C"": 8.0, ""model__gamma"": 0.08, ""pca__n_components"": 76}",76,8.0,0.08,"{""model__C"": 8.0, ""model__gamma"": 0.08, ""pca__n_components"": 76}",stage3_local_cv,2,0.700625,4.717
stage3_202,stage3_seed_0,"{""model__C"": 8.0, ""model__gamma"": 0.08, ""pca__n_components"": 76}",76,8.0,0.08,"{""model__C"": 8.0, ""model__gamma"": 0.08, ""pca__n_components"": 76}",stage3_local_cv,3,0.7325,5.746
stage3_202,stage3_seed_0,"{""model__C"": 8.0, ""model__gamma"": 0.08, ""pca__n_components"": 76}",76,8.0,0.08,"{""model__C"": 8.0, ""model__gamma"": 0.08, ""pca__n_components"": 76}",stage3_local_cv,4,0.611875,5.982
stage3_203,stage3_seed_0,"{""model__C"": 12.0, ""model__gamma"": ""scale"", ""pca__n_components"": 76}",76,12.0,scale,"{""model__C"": 12.0, ""model__gamma"": ""scale"", ""pca__n_components"": 76}",stage3_local_cv,0,0.80875,6.975
stage3_203,stage3_seed_0,"{""model__C"": 12.0, ""model__gamma"": ""scale"", ""pca__n_components"": 76}",76,12.0,scale,"{""model__C"": 12.0, ""model__gamma"": ""scale"", ""pca__n_components"": 76}",stage3_local_cv,1,0.809375,5.506
stage3_203,stage3_seed_0,"{""model__C"": 12.0, ""model__gamma"": ""scale"", ""pca__n_components"": 76}",76,12.0,scale,"{""model__C"": 12.0, ""model__gamma"": ""scale"", ""pca__n_components"": 76}",stage3_local_cv,2,0.7975,5.381
stage3_203,stage3_seed_0,"{""model__C"": 12.0, ""model__gamma"": ""scale"", ""pca__n_components"": 76}",76,12.0,scale,"{""model__C"": 12.0, ""model__gamma"": ""scale"", ""pca__n_components"": 76}",stage3_local_cv,3,0.795625,5.382
stage3_203,stage3_seed_0,"{""model__C"": 12.0, ""model__gamma"": ""scale"", ""pca__n_components"": 76}",76,12.0,scale,"{""model__C"": 12.0, ""model__gamma"": ""scale"", ""pca__n_components"": 76}",stage3_local_cv,4,0.79875,5.328
stage3_204,stage3_seed_0,"{""model__C"": 12.0, ""model__gamma"": 0.005, ""pca__n_components"": 76}",76,12.0,0.005,"{""model__C"": 12.0, ""model__gamma"": 0.005, ""pca__n_components"": 76}",stage3_local_cv,0,0.813125,5.562
stage3_204,stage3_seed_0,"{""model__C"": 12.0, ""model__gamma"": 0.005, ""pca__n_components"": 76}",76,12.0,0.005,"{""model__C"": 12.0, ""model__gamma"": 0.005, ""pca__n_components"": 76}",stage3_local_cv,1,0.8075,7.311
stage3_204,stage3_seed_0,"{""model__C"": 12.0, ""model__gamma"": 0.005, ""pca__n_components"": 76}",76,12.0,0.005,"{""model__C"": 12.0, ""model__gamma"": 0.005, ""pca__n_components"": 76}",stage3_local_cv,2,0.799375,6.749
stage3_204,stage3_seed_0,"{""model__C"": 12.0, ""model__gamma"": 0.005, ""pca__n_components"": 76}",76,12.0,0.005,"{""model__C"": 12.0, ""model__gamma"": 0.005, ""pca__n_components"": 76}",stage3_local_cv,3,0.79375,7.254
stage3_204,stage3_seed_0,"{""model__C"": 12.0, ""model__gamma"": 0.005, ""pca__n_components"": 76}",76,12.0,0.005,"{""model__C"": 12.0, ""model__gamma"": 0.005, ""pca__n_components"": 76}",stage3_local_cv,4,0.798125,7.218
stage3_205,stage3_seed_0,"{""model__C"": 12.0, ""model__gamma"": 0.01, ""pca__n_components"": 76}",76,12.0,0.01,"{""model__C"": 12.0, ""model__gamma"": 0.01, ""pca__n_components"": 76}",stage3_local_cv,0,0.803125,4.898
stage3_205,stage3_seed_0,"{""model__C"": 12.0, ""model__gamma"": 0.01, ""pca__n_components"": 76}",76,12.0,0.01,"{""model__C"": 12.0, ""model__gamma"": 0.01, ""pca__n_components"": 76}",stage3_local_cv,1,0.810625,4.857
stage3_205,stage3_seed_0,"{""model__C"": 12.0, ""model__gamma"": 0.01, ""pca__n_components"": 76}",76,12.0,0.01,"{""model__C"": 12.0, ""model__gamma"": 0.01, ""pca__n_components"": 76}",stage3_local_cv,2,0.80875,4.861
stage3_205,stage3_seed_0,"{""model__C"": 12.0, ""model__gamma"": 0.01, ""pca__n_components"": 76}",76,12.0,0.01,"{""model__C"": 12.0, ""model__gamma"": 0.01, ""pca__n_components"": 76}",stage3_local_cv,3,0.800625,4.766
stage3_205,stage3_seed_0,"{""model__C"": 12.0, ""model__gamma"": 0.01, ""pca__n_components"": 76}",76,12.0,0.01,"{""model__C"": 12.0, ""model__gamma"": 0.01, ""pca__n_components"": 76}",stage3_local_cv,4,0.799375,4.834
stage3_206,stage3_seed_0,"{""model__C"": 12.0, ""model__gamma"": 0.02, ""pca__n_components"": 76}",76,12.0,0.02,"{""model__C"": 12.0, ""model__gamma"": 0.02, ""pca__n_components"": 76}",stage3_local_cv,0,0.793125,5.975
stage3_206,stage3_seed_0,"{""model__C"": 12.0, ""model__gamma"": 0.02, ""pca__n_components"": 76}",76,12.0,0.02,"{""model__C"": 12.0, ""model__gamma"": 0.02, ""pca__n_components"": 76}",stage3_local_cv,1,0.80875,6.288
stage3_206,stage3_seed_0,"{""model__C"": 12.0, ""model__gamma"": 0.02, ""pca__n_components"": 76}",76,12.0,0.02,"{""model__C"": 12.0, ""model__gamma"": 0.02, ""pca__n_components"": 76}",stage3_local_cv,2,0.7925,6.105
stage3_206,stage3_seed_0,"{""model__C"": 12.0, ""model__gamma"": 0.02, ""pca__n_components"": 76}",76,12.0,0.02,"{""model__C"": 12.0, ""model__gamma"": 0.02, ""pca__n_components"": 76}",stage3_local_cv,3,0.795625,6.222
stage3_206,stage3_seed_0,"{""model__C"": 12.0, ""model__gamma"": 0.02, ""pca__n_components"": 76}",76,12.0,0.02,"{""model__C"": 12.0, ""model__gamma"": 0.02, ""pca__n_components"": 76}",stage3_local_cv,4,0.79375,4.708
stage3_207,stage3_seed_0,"{""model__C"": 12.0, ""model__gamma"": 0.03, ""pca__n_components"": 76}",76,12.0,0.03,"{""model__C"": 12.0, ""model__gamma"": 0.03, ""pca__n_components"": 76}",stage3_local_cv,0,0.7775,4.728
stage3_207,stage3_seed_0,"{""model__C"": 12.0, ""model__gamma"": 0.03, ""pca__n_components"": 76}",76,12.0,0.03,"{""model__C"": 12.0, ""model__gamma"": 0.03, ""pca__n_components"": 76}",stage3_local_cv,1,0.784375,4.659
stage3_207,stage3_seed_0,"{""model__C"": 12.0, ""model__gamma"": 0.03, ""pca__n_components"": 76}",76,12.0,0.03,"{""model__C"": 12.0, ""model__gamma"": 0.03, ""pca__n_components"": 76}",stage3_local_cv,2,0.764375,4.674
stage3_207,stage3_seed_0,"{""model__C"": 12.0, ""model__gamma"": 0.03, ""pca__n_components"": 76}",76,12.0,0.03,"{""model__C"": 12.0, ""model__gamma"": 0.03, ""pca__n_components"": 76}",stage3_local_cv,3,0.778125,4.588
stage3_207,stage3_seed_0,"{""model__C"": 12.0, ""model__gamma"": 0.03, ""pca__n_components"": 76}",76,12.0,0.03,"{""model__C"": 12.0, ""model__gamma"": 0.03, ""pca__n_components"": 76}",stage3_local_cv,4,0.766875,5.904
stage3_208,stage3_seed_0,"{""model__C"": 12.0, ""model__gamma"": 0.04, ""pca__n_components"": 76}",76,12.0,0.04,"{""model__C"": 12.0, ""model__gamma"": 0.04, ""pca__n_components"": 76}",stage3_local_cv,0,0.761875,6.185
stage3_208,stage3_seed_0,"{""model__C"": 12.0, ""model__gamma"": 0.04, ""pca__n_components"": 76}",76,12.0,0.04,"{""model__C"": 12.0, ""model__gamma"": 0.04, ""pca__n_components"": 76}",stage3_local_cv,1,0.76875,4.752
stage3_208,stage3_seed_0,"{""model__C"": 12.0, ""model__gamma"": 0.04, ""pca__n_components"": 76}",76,12.0,0.04,"{""model__C"": 12.0, ""model__gamma"": 0.04, ""pca__n_components"": 76}",stage3_local_cv,2,0.741875,5.122
stage3_208,stage3_seed_0,"{""model__C"": 12.0, ""model__gamma"": 0.04, ""pca__n_components"": 76}",76,12.0,0.04,"{""model__C"": 12.0, ""model__gamma"": 0.04, ""pca__n_components"": 76}",stage3_local_cv,3,0.763125,4.584
stage3_208,stage3_seed_0,"{""model__C"": 12.0, ""model__gamma"": 0.04, ""pca__n_components"": 76}",76,12.0,0.04,"{""model__C"": 12.0, ""model__gamma"": 0.04, ""pca__n_components"": 76}",stage3_local_cv,4,0.755625,4.647
stage3_209,stage3_seed_0,"{""model__C"": 12.0, ""model__gamma"": 0.08, ""pca__n_components"": 76}",76,12.0,0.08,"{""model__C"": 12.0, ""model__gamma"": 0.08, ""pca__n_components"": 76}",stage3_local_cv,0,0.571875,4.678
stage3_209,stage3_seed_0,"{""model__C"": 12.0, ""model__gamma"": 0.08, ""pca__n_components"": 76}",76,12.0,0.08,"{""model__C"": 12.0, ""model__gamma"": 0.08, ""pca__n_components"": 76}",stage3_local_cv,1,0.5825,6.063
stage3_209,stage3_seed_0,"{""model__C"": 12.0, ""model__gamma"": 0.08, ""pca__n_components"": 76}",76,12.0,0.08,"{""model__C"": 12.0, ""model__gamma"": 0.08, ""pca__n_components"": 76}",stage3_local_cv,2,0.685,5.526
stage3_209,stage3_seed_0,"{""model__C"": 12.0, ""model__gamma"": 0.08, ""pca__n_components"": 76}",76,12.0,0.08,"{""model__C"": 12.0, ""model__gamma"": 0.08, ""pca__n_components"": 76}",stage3_local_cv,3,0.715625,5.789
stage3_209,stage3_seed_0,"{""model__C"": 12.0, ""model__gamma"": 0.08, ""pca__n_components"": 76}",76,12.0,0.08,"{""model__C"": 12.0, ""model__gamma"": 0.08, ""pca__n_components"": 76}",stage3_local_cv,4,0.6025,6.024
stage3_210,stage3_seed_0,"{""model__C"": 2.0, ""model__gamma"": ""scale"", ""pca__n_components"": 80}",80,2.0,scale,"{""model__C"": 2.0, ""model__gamma"": ""scale"", ""pca__n_components"": 80}",stage3_local_cv,0,0.766875,3.644
stage3_210,stage3_seed_0,"{""model__C"": 2.0, ""model__gamma"": ""scale"", ""pca__n_components"": 80}",80,2.0,scale,"{""model__C"": 2.0, ""model__gamma"": ""scale"", ""pca__n_components"": 80}",stage3_local_cv,1,0.759375,3.752
stage3_210,stage3_seed_0,"{""model__C"": 2.0, ""model__gamma"": ""scale"", ""pca__n_components"": 80}",80,2.0,scale,"{""model__C"": 2.0, ""model__gamma"": ""scale"", ""pca__n_components"": 80}",stage3_local_cv,2,0.75375,3.768
stage3_210,stage3_seed_0,"{""model__C"": 2.0, ""model__gamma"": ""scale"", ""pca__n_components"": 80}",80,2.0,scale,"{""model__C"": 2.0, ""model__gamma"": ""scale"", ""pca__n_components"": 80}",stage3_local_cv,3,0.76375,3.718
stage3_210,stage3_seed_0,"{""model__C"": 2.0, ""model__gamma"": ""scale"", ""pca__n_components"": 80}",80,2.0,scale,"{""model__C"": 2.0, ""model__gamma"": ""scale"", ""pca__n_components"": 80}",stage3_local_cv,4,0.748125,3.788
stage3_211,stage3_seed_0,"{""model__C"": 2.0, ""model__gamma"": 0.005, ""pca__n_components"": 80}",80,2.0,0.005,"{""model__C"": 2.0, ""model__gamma"": 0.005, ""pca__n_components"": 80}",stage3_local_cv,0,0.76375,4.801
stage3_211,stage3_seed_0,"{""model__C"": 2.0, ""model__gamma"": 0.005, ""pca__n_components"": 80}",80,2.0,0.005,"{""model__C"": 2.0, ""model__gamma"": 0.005, ""pca__n_components"": 80}",stage3_local_cv,1,0.755,3.915
stage3_211,stage3_seed_0,"{""model__C"": 2.0, ""model__gamma"": 0.005, ""pca__n_components"": 80}",80,2.0,0.005,"{""model__C"": 2.0, ""model__gamma"": 0.005, ""pca__n_components"": 80}",stage3_local_cv,2,0.751875,4.505
stage3_211,stage3_seed_0,"{""model__C"": 2.0, ""model__gamma"": 0.005, ""pca__n_components"": 80}",80,2.0,0.005,"{""model__C"": 2.0, ""model__gamma"": 0.005, ""pca__n_components"": 80}",stage3_local_cv,3,0.761875,3.695
stage3_211,stage3_seed_0,"{""model__C"": 2.0, ""model__gamma"": 0.005, ""pca__n_components"": 80}",80,2.0,0.005,"{""model__C"": 2.0, ""model__gamma"": 0.005, ""pca__n_components"": 80}",stage3_local_cv,4,0.746875,3.695
stage3_212,stage3_seed_0,"{""model__C"": 2.0, ""model__gamma"": 0.01, ""pca__n_components"": 80}",80,2.0,0.01,"{""model__C"": 2.0, ""model__gamma"": 0.01, ""pca__n_components"": 80}",stage3_local_cv,0,0.79625,4.127
stage3_212,stage3_seed_0,"{""model__C"": 2.0, ""model__gamma"": 0.01, ""pca__n_components"": 80}",80,2.0,0.01,"{""model__C"": 2.0, ""model__gamma"": 0.01, ""pca__n_components"": 80}",stage3_local_cv,1,0.796875,5.39
stage3_212,stage3_seed_0,"{""model__C"": 2.0, ""model__gamma"": 0.01, ""pca__n_components"": 80}",80,2.0,0.01,"{""model__C"": 2.0, ""model__gamma"": 0.01, ""pca__n_components"": 80}",stage3_local_cv,2,0.791875,4.97
stage3_212,stage3_seed_0,"{""model__C"": 2.0, ""model__gamma"": 0.01, ""pca__n_components"": 80}",80,2.0,0.01,"{""model__C"": 2.0, ""model__gamma"": 0.01, ""pca__n_components"": 80}",stage3_local_cv,3,0.795,5.434
stage3_212,stage3_seed_0,"{""model__C"": 2.0, ""model__gamma"": 0.01, ""pca__n_components"": 80}",80,2.0,0.01,"{""model__C"": 2.0, ""model__gamma"": 0.01, ""pca__n_components"": 80}",stage3_local_cv,4,0.8025,5.332
stage3_213,stage3_seed_0,"{""model__C"": 2.0, ""model__gamma"": 0.02, ""pca__n_components"": 80}",80,2.0,0.02,"{""model__C"": 2.0, ""model__gamma"": 0.02, ""pca__n_components"": 80}",stage3_local_cv,0,0.805,4.065
stage3_213,stage3_seed_0,"{""model__C"": 2.0, ""model__gamma"": 0.02, ""pca__n_components"": 80}",80,2.0,0.02,"{""model__C"": 2.0, ""model__gamma"": 0.02, ""pca__n_components"": 80}",stage3_local_cv,1,0.81,4.162
stage3_213,stage3_seed_0,"{""model__C"": 2.0, ""model__gamma"": 0.02, ""pca__n_components"": 80}",80,2.0,0.02,"{""model__C"": 2.0, ""model__gamma"": 0.02, ""pca__n_components"": 80}",stage3_local_cv,2,0.798125,4.148
stage3_213,stage3_seed_0,"{""model__C"": 2.0, ""model__gamma"": 0.02, ""pca__n_components"": 80}",80,2.0,0.02,"{""model__C"": 2.0, ""model__gamma"": 0.02, ""pca__n_components"": 80}",stage3_local_cv,3,0.800625,3.915
stage3_213,stage3_seed_0,"{""model__C"": 2.0, ""model__gamma"": 0.02, ""pca__n_components"": 80}",80,2.0,0.02,"{""model__C"": 2.0, ""model__gamma"": 0.02, ""pca__n_components"": 80}",stage3_local_cv,4,0.79875,4.116
stage3_214,stage3_seed_0,"{""model__C"": 2.0, ""model__gamma"": 0.03, ""pca__n_components"": 80}",80,2.0,0.03,"{""model__C"": 2.0, ""model__gamma"": 0.03, ""pca__n_components"": 80}",stage3_local_cv,0,0.781875,5.435
stage3_214,stage3_seed_0,"{""model__C"": 2.0, ""model__gamma"": 0.03, ""pca__n_components"": 80}",80,2.0,0.03,"{""model__C"": 2.0, ""model__gamma"": 0.03, ""pca__n_components"": 80}",stage3_local_cv,1,0.785625,4.973
stage3_214,stage3_seed_0,"{""model__C"": 2.0, ""model__gamma"": 0.03, ""pca__n_components"": 80}",80,2.0,0.03,"{""model__C"": 2.0, ""model__gamma"": 0.03, ""pca__n_components"": 80}",stage3_local_cv,2,0.77,5.641
stage3_214,stage3_seed_0,"{""model__C"": 2.0, ""model__gamma"": 0.03, ""pca__n_components"": 80}",80,2.0,0.03,"{""model__C"": 2.0, ""model__gamma"": 0.03, ""pca__n_components"": 80}",stage3_local_cv,3,0.78,3.942
stage3_214,stage3_seed_0,"{""model__C"": 2.0, ""model__gamma"": 0.03, ""pca__n_components"": 80}",80,2.0,0.03,"{""model__C"": 2.0, ""model__gamma"": 0.03, ""pca__n_components"": 80}",stage3_local_cv,4,0.76625,4.163
stage3_215,stage3_seed_0,"{""model__C"": 2.0, ""model__gamma"": 0.04, ""pca__n_components"": 80}",80,2.0,0.04,"{""model__C"": 2.0, ""model__gamma"": 0.04, ""pca__n_components"": 80}",stage3_local_cv,0,0.765625,4.054
stage3_215,stage3_seed_0,"{""model__C"": 2.0, ""model__gamma"": 0.04, ""pca__n_components"": 80}",80,2.0,0.04,"{""model__C"": 2.0, ""model__gamma"": 0.04, ""pca__n_components"": 80}",stage3_local_cv,1,0.7725,4.76
stage3_215,stage3_seed_0,"{""model__C"": 2.0, ""model__gamma"": 0.04, ""pca__n_components"": 80}",80,2.0,0.04,"{""model__C"": 2.0, ""model__gamma"": 0.04, ""pca__n_components"": 80}",stage3_local_cv,2,0.74,4.21
stage3_215,stage3_seed_0,"{""model__C"": 2.0, ""model__gamma"": 0.04, ""pca__n_components"": 80}",80,2.0,0.04,"{""model__C"": 2.0, ""model__gamma"": 0.04, ""pca__n_components"": 80}",stage3_local_cv,3,0.7725,5.363
stage3_215,stage3_seed_0,"{""model__C"": 2.0, ""model__gamma"": 0.04, ""pca__n_components"": 80}",80,2.0,0.04,"{""model__C"": 2.0, ""model__gamma"": 0.04, ""pca__n_components"": 80}",stage3_local_cv,4,0.7525,5.296
stage3_216,stage3_seed_0,"{""model__C"": 2.0, ""model__gamma"": 0.08, ""pca__n_components"": 80}",80,2.0,0.08,"{""model__C"": 2.0, ""model__gamma"": 0.08, ""pca__n_components"": 80}",stage3_local_cv,0,0.57625,4.121
stage3_216,stage3_seed_0,"{""model__C"": 2.0, ""model__gamma"": 0.08, ""pca__n_components"": 80}",80,2.0,0.08,"{""model__C"": 2.0, ""model__gamma"": 0.08, ""pca__n_components"": 80}",stage3_local_cv,1,0.586875,4.033
stage3_216,stage3_seed_0,"{""model__C"": 2.0, ""model__gamma"": 0.08, ""pca__n_components"": 80}",80,2.0,0.08,"{""model__C"": 2.0, ""model__gamma"": 0.08, ""pca__n_components"": 80}",stage3_local_cv,2,0.6675,3.979
stage3_216,stage3_seed_0,"{""model__C"": 2.0, ""model__gamma"": 0.08, ""pca__n_components"": 80}",80,2.0,0.08,"{""model__C"": 2.0, ""model__gamma"": 0.08, ""pca__n_components"": 80}",stage3_local_cv,3,0.69,3.759
stage3_216,stage3_seed_0,"{""model__C"": 2.0, ""model__gamma"": 0.08, ""pca__n_components"": 80}",80,2.0,0.08,"{""model__C"": 2.0, ""model__gamma"": 0.08, ""pca__n_components"": 80}",stage3_local_cv,4,0.61125,3.997
stage3_217,stage3_seed_0,"{""model__C"": 3.0, ""model__gamma"": ""scale"", ""pca__n_components"": 80}",80,3.0,scale,"{""model__C"": 3.0, ""model__gamma"": ""scale"", ""pca__n_components"": 80}",stage3_local_cv,0,0.784375,4.948
stage3_217,stage3_seed_0,"{""model__C"": 3.0, ""model__gamma"": ""scale"", ""pca__n_components"": 80}",80,3.0,scale,"{""model__C"": 3.0, ""model__gamma"": ""scale"", ""pca__n_components"": 80}",stage3_local_cv,1,0.76875,4.982
stage3_217,stage3_seed_0,"{""model__C"": 3.0, ""model__gamma"": ""scale"", ""pca__n_components"": 80}",80,3.0,scale,"{""model__C"": 3.0, ""model__gamma"": ""scale"", ""pca__n_components"": 80}",stage3_local_cv,2,0.7675,5.159
stage3_217,stage3_seed_0,"{""model__C"": 3.0, ""model__gamma"": ""scale"", ""pca__n_components"": 80}",80,3.0,scale,"{""model__C"": 3.0, ""model__gamma"": ""scale"", ""pca__n_components"": 80}",stage3_local_cv,3,0.775625,3.785
stage3_217,stage3_seed_0,"{""model__C"": 3.0, ""model__gamma"": ""scale"", ""pca__n_components"": 80}",80,3.0,scale,"{""model__C"": 3.0, ""model__gamma"": ""scale"", ""pca__n_components"": 80}",stage3_local_cv,4,0.7675,3.887
stage3_218,stage3_seed_0,"{""model__C"": 3.0, ""model__gamma"": 0.005, ""pca__n_components"": 80}",80,3.0,0.005,"{""model__C"": 3.0, ""model__gamma"": 0.005, ""pca__n_components"": 80}",stage3_local_cv,0,0.778125,3.78
stage3_218,stage3_seed_0,"{""model__C"": 3.0, ""model__gamma"": 0.005, ""pca__n_components"": 80}",80,3.0,0.005,"{""model__C"": 3.0, ""model__gamma"": 0.005, ""pca__n_components"": 80}",stage3_local_cv,1,0.76625,4.386
stage3_218,stage3_seed_0,"{""model__C"": 3.0, ""model__gamma"": 0.005, ""pca__n_components"": 80}",80,3.0,0.005,"{""model__C"": 3.0, ""model__gamma"": 0.005, ""pca__n_components"": 80}",stage3_local_cv,2,0.764375,3.878
stage3_218,stage3_seed_0,"{""model__C"": 3.0, ""model__gamma"": 0.005, ""pca__n_components"": 80}",80,3.0,0.005,"{""model__C"": 3.0, ""model__gamma"": 0.005, ""pca__n_components"": 80}",stage3_local_cv,3,0.773125,4.997
stage3_218,stage3_seed_0,"{""model__C"": 3.0, ""model__gamma"": 0.005, ""pca__n_components"": 80}",80,3.0,0.005,"{""model__C"": 3.0, ""model__gamma"": 0.005, ""pca__n_components"": 80}",stage3_local_cv,4,0.76375,5.046
stage3_219,stage3_seed_0,"{""model__C"": 3.0, ""model__gamma"": 0.01, ""pca__n_components"": 80}",80,3.0,0.01,"{""model__C"": 3.0, ""model__gamma"": 0.01, ""pca__n_components"": 80}",stage3_local_cv,0,0.8125,4.181
stage3_219,stage3_seed_0,"{""model__C"": 3.0, ""model__gamma"": 0.01, ""pca__n_components"": 80}",80,3.0,0.01,"{""model__C"": 3.0, ""model__gamma"": 0.01, ""pca__n_components"": 80}",stage3_local_cv,1,0.805,4.276
stage3_219,stage3_seed_0,"{""model__C"": 3.0, ""model__gamma"": 0.01, ""pca__n_components"": 80}",80,3.0,0.01,"{""model__C"": 3.0, ""model__gamma"": 0.01, ""pca__n_components"": 80}",stage3_local_cv,2,0.80125,4.336
stage3_219,stage3_seed_0,"{""model__C"": 3.0, ""model__gamma"": 0.01, ""pca__n_components"": 80}",80,3.0,0.01,"{""model__C"": 3.0, ""model__gamma"": 0.01, ""pca__n_components"": 80}",stage3_local_cv,3,0.803125,4.121
stage3_219,stage3_seed_0,"{""model__C"": 3.0, ""model__gamma"": 0.01, ""pca__n_components"": 80}",80,3.0,0.01,"{""model__C"": 3.0, ""model__gamma"": 0.01, ""pca__n_components"": 80}",stage3_local_cv,4,0.80875,4.221
stage3_220,stage3_seed_0,"{""model__C"": 3.0, ""model__gamma"": 0.02, ""pca__n_components"": 80}",80,3.0,0.02,"{""model__C"": 3.0, ""model__gamma"": 0.02, ""pca__n_components"": 80}",stage3_local_cv,0,0.8025,5.446
stage3_220,stage3_seed_0,"{""model__C"": 3.0, ""model__gamma"": 0.02, ""pca__n_components"": 80}",80,3.0,0.02,"{""model__C"": 3.0, ""model__gamma"": 0.02, ""pca__n_components"": 80}",stage3_local_cv,1,0.814375,5.636
stage3_220,stage3_seed_0,"{""model__C"": 3.0, ""model__gamma"": 0.02, ""pca__n_components"": 80}",80,3.0,0.02,"{""model__C"": 3.0, ""model__gamma"": 0.02, ""pca__n_components"": 80}",stage3_local_cv,2,0.795,5.632
stage3_220,stage3_seed_0,"{""model__C"": 3.0, ""model__gamma"": 0.02, ""pca__n_components"": 80}",80,3.0,0.02,"{""model__C"": 3.0, ""model__gamma"": 0.02, ""pca__n_components"": 80}",stage3_local_cv,3,0.804375,3.902
stage3_220,stage3_seed_0,"{""model__C"": 3.0, ""model__gamma"": 0.02, ""pca__n_components"": 80}",80,3.0,0.02,"{""model__C"": 3.0, ""model__gamma"": 0.02, ""pca__n_components"": 80}",stage3_local_cv,4,0.80125,4.039
stage3_221,stage3_seed_0,"{""model__C"": 3.0, ""model__gamma"": 0.03, ""pca__n_components"": 80}",80,3.0,0.03,"{""model__C"": 3.0, ""model__gamma"": 0.03, ""pca__n_components"": 80}",stage3_local_cv,0,0.78125,4.056
stage3_221,stage3_seed_0,"{""model__C"": 3.0, ""model__gamma"": 0.03, ""pca__n_components"": 80}",80,3.0,0.03,"{""model__C"": 3.0, ""model__gamma"": 0.03, ""pca__n_components"": 80}",stage3_local_cv,1,0.78875,4.232
stage3_221,stage3_seed_0,"{""model__C"": 3.0, ""model__gamma"": 0.03, ""pca__n_components"": 80}",80,3.0,0.03,"{""model__C"": 3.0, ""model__gamma"": 0.03, ""pca__n_components"": 80}",stage3_local_cv,2,0.769375,4.075
stage3_221,stage3_seed_0,"{""model__C"": 3.0, ""model__gamma"": 0.03, ""pca__n_components"": 80}",80,3.0,0.03,"{""model__C"": 3.0, ""model__gamma"": 0.03, ""pca__n_components"": 80}",stage3_local_cv,3,0.783125,5.216
stage3_221,stage3_seed_0,"{""model__C"": 3.0, ""model__gamma"": 0.03, ""pca__n_components"": 80}",80,3.0,0.03,"{""model__C"": 3.0, ""model__gamma"": 0.03, ""pca__n_components"": 80}",stage3_local_cv,4,0.768125,5.439
stage3_222,stage3_seed_0,"{""model__C"": 3.0, ""model__gamma"": 0.04, ""pca__n_components"": 80}",80,3.0,0.04,"{""model__C"": 3.0, ""model__gamma"": 0.04, ""pca__n_components"": 80}",stage3_local_cv,0,0.764375,4.095
stage3_222,stage3_seed_0,"{""model__C"": 3.0, ""model__gamma"": 0.04, ""pca__n_components"": 80}",80,3.0,0.04,"{""model__C"": 3.0, ""model__gamma"": 0.04, ""pca__n_components"": 80}",stage3_local_cv,1,0.77125,4.063
stage3_222,stage3_seed_0,"{""model__C"": 3.0, ""model__gamma"": 0.04, ""pca__n_components"": 80}",80,3.0,0.04,"{""model__C"": 3.0, ""model__gamma"": 0.04, ""pca__n_components"": 80}",stage3_local_cv,2,0.740625,4.01
stage3_222,stage3_seed_0,"{""model__C"": 3.0, ""model__gamma"": 0.04, ""pca__n_components"": 80}",80,3.0,0.04,"{""model__C"": 3.0, ""model__gamma"": 0.04, ""pca__n_components"": 80}",stage3_local_cv,3,0.773125,3.949
stage3_222,stage3_seed_0,"{""model__C"": 3.0, ""model__gamma"": 0.04, ""pca__n_components"": 80}",80,3.0,0.04,"{""model__C"": 3.0, ""model__gamma"": 0.04, ""pca__n_components"": 80}",stage3_local_cv,4,0.751875,4.041
stage3_223,stage3_seed_0,"{""model__C"": 3.0, ""model__gamma"": 0.08, ""pca__n_components"": 80}",80,3.0,0.08,"{""model__C"": 3.0, ""model__gamma"": 0.08, ""pca__n_components"": 80}",stage3_local_cv,0,0.571875,5.494
stage3_223,stage3_seed_0,"{""model__C"": 3.0, ""model__gamma"": 0.08, ""pca__n_components"": 80}",80,3.0,0.08,"{""model__C"": 3.0, ""model__gamma"": 0.08, ""pca__n_components"": 80}",stage3_local_cv,1,0.58625,5.64
stage3_223,stage3_seed_0,"{""model__C"": 3.0, ""model__gamma"": 0.08, ""pca__n_components"": 80}",80,3.0,0.08,"{""model__C"": 3.0, ""model__gamma"": 0.08, ""pca__n_components"": 80}",stage3_local_cv,2,0.671875,5.358
stage3_223,stage3_seed_0,"{""model__C"": 3.0, ""model__gamma"": 0.08, ""pca__n_components"": 80}",80,3.0,0.08,"{""model__C"": 3.0, ""model__gamma"": 0.08, ""pca__n_components"": 80}",stage3_local_cv,3,0.690625,3.871
stage3_223,stage3_seed_0,"{""model__C"": 3.0, ""model__gamma"": 0.08, ""pca__n_components"": 80}",80,3.0,0.08,"{""model__C"": 3.0, ""model__gamma"": 0.08, ""pca__n_components"": 80}",stage3_local_cv,4,0.61125,4.203
stage3_224,stage3_seed_0,"{""model__C"": 4.0, ""model__gamma"": ""scale"", ""pca__n_components"": 80}",80,4.0,scale,"{""model__C"": 4.0, ""model__gamma"": ""scale"", ""pca__n_components"": 80}",stage3_local_cv,0,0.793125,4.0
stage3_224,stage3_seed_0,"{""model__C"": 4.0, ""model__gamma"": ""scale"", ""pca__n_components"": 80}",80,4.0,scale,"{""model__C"": 4.0, ""model__gamma"": ""scale"", ""pca__n_components"": 80}",stage3_local_cv,1,0.78125,4.063
stage3_224,stage3_seed_0,"{""model__C"": 4.0, ""model__gamma"": ""scale"", ""pca__n_components"": 80}",80,4.0,scale,"{""model__C"": 4.0, ""model__gamma"": ""scale"", ""pca__n_components"": 80}",stage3_local_cv,2,0.775,4.08
stage3_224,stage3_seed_0,"{""model__C"": 4.0, ""model__gamma"": ""scale"", ""pca__n_components"": 80}",80,4.0,scale,"{""model__C"": 4.0, ""model__gamma"": ""scale"", ""pca__n_components"": 80}",stage3_local_cv,3,0.778125,5.228
stage3_224,stage3_seed_0,"{""model__C"": 4.0, ""model__gamma"": ""scale"", ""pca__n_components"": 80}",80,4.0,scale,"{""model__C"": 4.0, ""model__gamma"": ""scale"", ""pca__n_components"": 80}",stage3_local_cv,4,0.778125,5.193
stage3_225,stage3_seed_0,"{""model__C"": 4.0, ""model__gamma"": 0.005, ""pca__n_components"": 80}",80,4.0,0.005,"{""model__C"": 4.0, ""model__gamma"": 0.005, ""pca__n_components"": 80}",stage3_local_cv,0,0.790625,4.004
stage3_225,stage3_seed_0,"{""model__C"": 4.0, ""model__gamma"": 0.005, ""pca__n_components"": 80}",80,4.0,0.005,"{""model__C"": 4.0, ""model__gamma"": 0.005, ""pca__n_components"": 80}",stage3_local_cv,1,0.77625,4.032
stage3_225,stage3_seed_0,"{""model__C"": 4.0, ""model__gamma"": 0.005, ""pca__n_components"": 80}",80,4.0,0.005,"{""model__C"": 4.0, ""model__gamma"": 0.005, ""pca__n_components"": 80}",stage3_local_cv,2,0.775,4.021
stage3_225,stage3_seed_0,"{""model__C"": 4.0, ""model__gamma"": 0.005, ""pca__n_components"": 80}",80,4.0,0.005,"{""model__C"": 4.0, ""model__gamma"": 0.005, ""pca__n_components"": 80}",stage3_local_cv,3,0.776875,3.963
stage3_225,stage3_seed_0,"{""model__C"": 4.0, ""model__gamma"": 0.005, ""pca__n_components"": 80}",80,4.0,0.005,"{""model__C"": 4.0, ""model__gamma"": 0.005, ""pca__n_components"": 80}",stage3_local_cv,4,0.774375,4.012
stage3_226,stage3_seed_0,"{""model__C"": 4.0, ""model__gamma"": 0.01, ""pca__n_components"": 80}",80,4.0,0.01,"{""model__C"": 4.0, ""model__gamma"": 0.01, ""pca__n_components"": 80}",stage3_local_cv,0,0.81125,5.552
stage3_226,stage3_seed_0,"{""model__C"": 4.0, ""model__gamma"": 0.01, ""pca__n_components"": 80}",80,4.0,0.01,"{""model__C"": 4.0, ""model__gamma"": 0.01, ""pca__n_components"": 80}",stage3_local_cv,1,0.8075,5.624
stage3_226,stage3_seed_0,"{""model__C"": 4.0, ""model__gamma"": 0.01, ""pca__n_components"": 80}",80,4.0,0.01,"{""model__C"": 4.0, ""model__gamma"": 0.01, ""pca__n_components"": 80}",stage3_local_cv,2,0.803125,5.718
stage3_226,stage3_seed_0,"{""model__C"": 4.0, ""model__gamma"": 0.01, ""pca__n_components"": 80}",80,4.0,0.01,"{""model__C"": 4.0, ""model__gamma"": 0.01, ""pca__n_components"": 80}",stage3_local_cv,3,0.8025,4.151
stage3_226,stage3_seed_0,"{""model__C"": 4.0, ""model__gamma"": 0.01, ""pca__n_components"": 80}",80,4.0,0.01,"{""model__C"": 4.0, ""model__gamma"": 0.01, ""pca__n_components"": 80}",stage3_local_cv,4,0.80375,5.248
stage3_227,stage3_seed_0,"{""model__C"": 4.0, ""model__gamma"": 0.02, ""pca__n_components"": 80}",80,4.0,0.02,"{""model__C"": 4.0, ""model__gamma"": 0.02, ""pca__n_components"": 80}",stage3_local_cv,0,0.80375,4.108
stage3_227,stage3_seed_0,"{""model__C"": 4.0, ""model__gamma"": 0.02, ""pca__n_components"": 80}",80,4.0,0.02,"{""model__C"": 4.0, ""model__gamma"": 0.02, ""pca__n_components"": 80}",stage3_local_cv,1,0.8125,4.228
stage3_227,stage3_seed_0,"{""model__C"": 4.0, ""model__gamma"": 0.02, ""pca__n_components"": 80}",80,4.0,0.02,"{""model__C"": 4.0, ""model__gamma"": 0.02, ""pca__n_components"": 80}",stage3_local_cv,2,0.794375,4.13
stage3_227,stage3_seed_0,"{""model__C"": 4.0, ""model__gamma"": 0.02, ""pca__n_components"": 80}",80,4.0,0.02,"{""model__C"": 4.0, ""model__gamma"": 0.02, ""pca__n_components"": 80}",stage3_local_cv,3,0.799375,5.333
stage3_227,stage3_seed_0,"{""model__C"": 4.0, ""model__gamma"": 0.02, ""pca__n_components"": 80}",80,4.0,0.02,"{""model__C"": 4.0, ""model__gamma"": 0.02, ""pca__n_components"": 80}",stage3_local_cv,4,0.8,4.732
stage3_228,stage3_seed_0,"{""model__C"": 4.0, ""model__gamma"": 0.03, ""pca__n_components"": 80}",80,4.0,0.03,"{""model__C"": 4.0, ""model__gamma"": 0.03, ""pca__n_components"": 80}",stage3_local_cv,0,0.780625,5.431
stage3_228,stage3_seed_0,"{""model__C"": 4.0, ""model__gamma"": 0.03, ""pca__n_components"": 80}",80,4.0,0.03,"{""model__C"": 4.0, ""model__gamma"": 0.03, ""pca__n_components"": 80}",stage3_local_cv,1,0.788125,4.127
stage3_228,stage3_seed_0,"{""model__C"": 4.0, ""model__gamma"": 0.03, ""pca__n_components"": 80}",80,4.0,0.03,"{""model__C"": 4.0, ""model__gamma"": 0.03, ""pca__n_components"": 80}",stage3_local_cv,2,0.76875,4.127
stage3_228,stage3_seed_0,"{""model__C"": 4.0, ""model__gamma"": 0.03, ""pca__n_components"": 80}",80,4.0,0.03,"{""model__C"": 4.0, ""model__gamma"": 0.03, ""pca__n_components"": 80}",stage3_local_cv,3,0.78,3.933
stage3_228,stage3_seed_0,"{""model__C"": 4.0, ""model__gamma"": 0.03, ""pca__n_components"": 80}",80,4.0,0.03,"{""model__C"": 4.0, ""model__gamma"": 0.03, ""pca__n_components"": 80}",stage3_local_cv,4,0.76875,4.084
stage3_229,stage3_seed_0,"{""model__C"": 4.0, ""model__gamma"": 0.04, ""pca__n_components"": 80}",80,4.0,0.04,"{""model__C"": 4.0, ""model__gamma"": 0.04, ""pca__n_components"": 80}",stage3_local_cv,0,0.765625,4.799
stage3_229,stage3_seed_0,"{""model__C"": 4.0, ""model__gamma"": 0.04, ""pca__n_components"": 80}",80,4.0,0.04,"{""model__C"": 4.0, ""model__gamma"": 0.04, ""pca__n_components"": 80}",stage3_local_cv,1,0.770625,5.397
stage3_229,stage3_seed_0,"{""model__C"": 4.0, ""model__gamma"": 0.04, ""pca__n_components"": 80}",80,4.0,0.04,"{""model__C"": 4.0, ""model__gamma"": 0.04, ""pca__n_components"": 80}",stage3_local_cv,2,0.739375,5.429
stage3_229,stage3_seed_0,"{""model__C"": 4.0, ""model__gamma"": 0.04, ""pca__n_components"": 80}",80,4.0,0.04,"{""model__C"": 4.0, ""model__gamma"": 0.04, ""pca__n_components"": 80}",stage3_local_cv,3,0.773125,3.956
stage3_229,stage3_seed_0,"{""model__C"": 4.0, ""model__gamma"": 0.04, ""pca__n_components"": 80}",80,4.0,0.04,"{""model__C"": 4.0, ""model__gamma"": 0.04, ""pca__n_components"": 80}",stage3_local_cv,4,0.75375,5.555
stage3_230,stage3_seed_0,"{""model__C"": 4.0, ""model__gamma"": 0.08, ""pca__n_components"": 80}",80,4.0,0.08,"{""model__C"": 4.0, ""model__gamma"": 0.08, ""pca__n_components"": 80}",stage3_local_cv,0,0.564375,4.092
stage3_230,stage3_seed_0,"{""model__C"": 4.0, ""model__gamma"": 0.08, ""pca__n_components"": 80}",80,4.0,0.08,"{""model__C"": 4.0, ""model__gamma"": 0.08, ""pca__n_components"": 80}",stage3_local_cv,1,0.58375,4.087
stage3_230,stage3_seed_0,"{""model__C"": 4.0, ""model__gamma"": 0.08, ""pca__n_components"": 80}",80,4.0,0.08,"{""model__C"": 4.0, ""model__gamma"": 0.08, ""pca__n_components"": 80}",stage3_local_cv,2,0.675625,3.963
stage3_230,stage3_seed_0,"{""model__C"": 4.0, ""model__gamma"": 0.08, ""pca__n_components"": 80}",80,4.0,0.08,"{""model__C"": 4.0, ""model__gamma"": 0.08, ""pca__n_components"": 80}",stage3_local_cv,3,0.688125,5.145
stage3_230,stage3_seed_0,"{""model__C"": 4.0, ""model__gamma"": 0.08, ""pca__n_components"": 80}",80,4.0,0.08,"{""model__C"": 4.0, ""model__gamma"": 0.08, ""pca__n_components"": 80}",stage3_local_cv,4,0.60875,4.142
stage3_231,stage3_seed_0,"{""model__C"": 6.0, ""model__gamma"": ""scale"", ""pca__n_components"": 80}",80,6.0,scale,"{""model__C"": 6.0, ""model__gamma"": ""scale"", ""pca__n_components"": 80}",stage3_local_cv,0,0.80125,8.402
stage3_231,stage3_seed_0,"{""model__C"": 6.0, ""model__gamma"": ""scale"", ""pca__n_components"": 80}",80,6.0,scale,"{""model__C"": 6.0, ""model__gamma"": ""scale"", ""pca__n_components"": 80}",stage3_local_cv,1,0.79875,5.26
stage3_231,stage3_seed_0,"{""model__C"": 6.0, ""model__gamma"": ""scale"", ""pca__n_components"": 80}",80,6.0,scale,"{""model__C"": 6.0, ""model__gamma"": ""scale"", ""pca__n_components"": 80}",stage3_local_cv,2,0.79,5.338
stage3_231,stage3_seed_0,"{""model__C"": 6.0, ""model__gamma"": ""scale"", ""pca__n_components"": 80}",80,6.0,scale,"{""model__C"": 6.0, ""model__gamma"": ""scale"", ""pca__n_components"": 80}",stage3_local_cv,3,0.78875,4.572
stage3_231,stage3_seed_0,"{""model__C"": 6.0, ""model__gamma"": ""scale"", ""pca__n_components"": 80}",80,6.0,scale,"{""model__C"": 6.0, ""model__gamma"": ""scale"", ""pca__n_components"": 80}",stage3_local_cv,4,0.789375,4.815
stage3_232,stage3_seed_0,"{""model__C"": 6.0, ""model__gamma"": 0.005, ""pca__n_components"": 80}",80,6.0,0.005,"{""model__C"": 6.0, ""model__gamma"": 0.005, ""pca__n_components"": 80}",stage3_local_cv,0,0.800625,6.076
stage3_232,stage3_seed_0,"{""model__C"": 6.0, ""model__gamma"": 0.005, ""pca__n_components"": 80}",80,6.0,0.005,"{""model__C"": 6.0, ""model__gamma"": 0.005, ""pca__n_components"": 80}",stage3_local_cv,1,0.79375,5.847
stage3_232,stage3_seed_0,"{""model__C"": 6.0, ""model__gamma"": 0.005, ""pca__n_components"": 80}",80,6.0,0.005,"{""model__C"": 6.0, ""model__gamma"": 0.005, ""pca__n_components"": 80}",stage3_local_cv,2,0.785,5.525
stage3_232,stage3_seed_0,"{""model__C"": 6.0, ""model__gamma"": 0.005, ""pca__n_components"": 80}",80,6.0,0.005,"{""model__C"": 6.0, ""model__gamma"": 0.005, ""pca__n_components"": 80}",stage3_local_cv,3,0.788125,5.737
stage3_232,stage3_seed_0,"{""model__C"": 6.0, ""model__gamma"": 0.005, ""pca__n_components"": 80}",80,6.0,0.005,"{""model__C"": 6.0, ""model__gamma"": 0.005, ""pca__n_components"": 80}",stage3_local_cv,4,0.785625,5.913
stage3_233,stage3_seed_0,"{""model__C"": 6.0, ""model__gamma"": 0.01, ""pca__n_components"": 80}",80,6.0,0.01,"{""model__C"": 6.0, ""model__gamma"": 0.01, ""pca__n_components"": 80}",stage3_local_cv,0,0.813125,4.828
stage3_233,stage3_seed_0,"{""model__C"": 6.0, ""model__gamma"": 0.01, ""pca__n_components"": 80}",80,6.0,0.01,"{""model__C"": 6.0, ""model__gamma"": 0.01, ""pca__n_components"": 80}",stage3_local_cv,1,0.805,4.425
stage3_233,stage3_seed_0,"{""model__C"": 6.0, ""model__gamma"": 0.01, ""pca__n_components"": 80}",80,6.0,0.01,"{""model__C"": 6.0, ""model__gamma"": 0.01, ""pca__n_components"": 80}",stage3_local_cv,2,0.8075,4.376
stage3_233,stage3_seed_0,"{""model__C"": 6.0, ""model__gamma"": 0.01, ""pca__n_components"": 80}",80,6.0,0.01,"{""model__C"": 6.0, ""model__gamma"": 0.01, ""pca__n_components"": 80}",stage3_local_cv,3,0.8075,4.351
stage3_233,stage3_seed_0,"{""model__C"": 6.0, ""model__gamma"": 0.01, ""pca__n_components"": 80}",80,6.0,0.01,"{""model__C"": 6.0, ""model__gamma"": 0.01, ""pca__n_components"": 80}",stage3_local_cv,4,0.801875,4.343
stage3_234,stage3_seed_0,"{""model__C"": 6.0, ""model__gamma"": 0.02, ""pca__n_components"": 80}",80,6.0,0.02,"{""model__C"": 6.0, ""model__gamma"": 0.02, ""pca__n_components"": 80}",stage3_local_cv,0,0.79875,5.275
stage3_234,stage3_seed_0,"{""model__C"": 6.0, ""model__gamma"": 0.02, ""pca__n_components"": 80}",80,6.0,0.02,"{""model__C"": 6.0, ""model__gamma"": 0.02, ""pca__n_components"": 80}",stage3_local_cv,1,0.8075,5.648
stage3_234,stage3_seed_0,"{""model__C"": 6.0, ""model__gamma"": 0.02, ""pca__n_components"": 80}",80,6.0,0.02,"{""model__C"": 6.0, ""model__gamma"": 0.02, ""pca__n_components"": 80}",stage3_local_cv,2,0.7925,5.743
stage3_234,stage3_seed_0,"{""model__C"": 6.0, ""model__gamma"": 0.02, ""pca__n_components"": 80}",80,6.0,0.02,"{""model__C"": 6.0, ""model__gamma"": 0.02, ""pca__n_components"": 80}",stage3_local_cv,3,0.79875,3.98
stage3_234,stage3_seed_0,"{""model__C"": 6.0, ""model__gamma"": 0.02, ""pca__n_components"": 80}",80,6.0,0.02,"{""model__C"": 6.0, ""model__gamma"": 0.02, ""pca__n_components"": 80}",stage3_local_cv,4,0.799375,4.392
stage3_235,stage3_seed_0,"{""model__C"": 6.0, ""model__gamma"": 0.03, ""pca__n_components"": 80}",80,6.0,0.03,"{""model__C"": 6.0, ""model__gamma"": 0.03, ""pca__n_components"": 80}",stage3_local_cv,0,0.779375,4.107
stage3_235,stage3_seed_0,"{""model__C"": 6.0, ""model__gamma"": 0.03, ""pca__n_components"": 80}",80,6.0,0.03,"{""model__C"": 6.0, ""model__gamma"": 0.03, ""pca__n_components"": 80}",stage3_local_cv,1,0.78625,4.081
stage3_235,stage3_seed_0,"{""model__C"": 6.0, ""model__gamma"": 0.03, ""pca__n_components"": 80}",80,6.0,0.03,"{""model__C"": 6.0, ""model__gamma"": 0.03, ""pca__n_components"": 80}",stage3_local_cv,2,0.764375,4.116
stage3_235,stage3_seed_0,"{""model__C"": 6.0, ""model__gamma"": 0.03, ""pca__n_components"": 80}",80,6.0,0.03,"{""model__C"": 6.0, ""model__gamma"": 0.03, ""pca__n_components"": 80}",stage3_local_cv,3,0.7825,5.498
stage3_235,stage3_seed_0,"{""model__C"": 6.0, ""model__gamma"": 0.03, ""pca__n_components"": 80}",80,6.0,0.03,"{""model__C"": 6.0, ""model__gamma"": 0.03, ""pca__n_components"": 80}",stage3_local_cv,4,0.76875,5.249
stage3_236,stage3_seed_0,"{""model__C"": 6.0, ""model__gamma"": 0.04, ""pca__n_components"": 80}",80,6.0,0.04,"{""model__C"": 6.0, ""model__gamma"": 0.04, ""pca__n_components"": 80}",stage3_local_cv,0,0.764375,5.036
stage3_236,stage3_seed_0,"{""model__C"": 6.0, ""model__gamma"": 0.04, ""pca__n_components"": 80}",80,6.0,0.04,"{""model__C"": 6.0, ""model__gamma"": 0.04, ""pca__n_components"": 80}",stage3_local_cv,1,0.771875,4.044
stage3_236,stage3_seed_0,"{""model__C"": 6.0, ""model__gamma"": 0.04, ""pca__n_components"": 80}",80,6.0,0.04,"{""model__C"": 6.0, ""model__gamma"": 0.04, ""pca__n_components"": 80}",stage3_local_cv,2,0.740625,4.138
stage3_236,stage3_seed_0,"{""model__C"": 6.0, ""model__gamma"": 0.04, ""pca__n_components"": 80}",80,6.0,0.04,"{""model__C"": 6.0, ""model__gamma"": 0.04, ""pca__n_components"": 80}",stage3_local_cv,3,0.769375,3.892
stage3_236,stage3_seed_0,"{""model__C"": 6.0, ""model__gamma"": 0.04, ""pca__n_components"": 80}",80,6.0,0.04,"{""model__C"": 6.0, ""model__gamma"": 0.04, ""pca__n_components"": 80}",stage3_local_cv,4,0.753125,4.025
stage3_237,stage3_seed_0,"{""model__C"": 6.0, ""model__gamma"": 0.08, ""pca__n_components"": 80}",80,6.0,0.08,"{""model__C"": 6.0, ""model__gamma"": 0.08, ""pca__n_components"": 80}",stage3_local_cv,0,0.561875,4.819
stage3_237,stage3_seed_0,"{""model__C"": 6.0, ""model__gamma"": 0.08, ""pca__n_components"": 80}",80,6.0,0.08,"{""model__C"": 6.0, ""model__gamma"": 0.08, ""pca__n_components"": 80}",stage3_local_cv,1,0.5825,5.555
stage3_237,stage3_seed_0,"{""model__C"": 6.0, ""model__gamma"": 0.08, ""pca__n_components"": 80}",80,6.0,0.08,"{""model__C"": 6.0, ""model__gamma"": 0.08, ""pca__n_components"": 80}",stage3_local_cv,2,0.674375,5.416
stage3_237,stage3_seed_0,"{""model__C"": 6.0, ""model__gamma"": 0.08, ""pca__n_components"": 80}",80,6.0,0.08,"{""model__C"": 6.0, ""model__gamma"": 0.08, ""pca__n_components"": 80}",stage3_local_cv,3,0.683125,3.802
stage3_237,stage3_seed_0,"{""model__C"": 6.0, ""model__gamma"": 0.08, ""pca__n_components"": 80}",80,6.0,0.08,"{""model__C"": 6.0, ""model__gamma"": 0.08, ""pca__n_components"": 80}",stage3_local_cv,4,0.603125,4.65
stage3_238,stage3_seed_0,"{""model__C"": 8.0, ""model__gamma"": ""scale"", ""pca__n_components"": 80}",80,8.0,scale,"{""model__C"": 8.0, ""model__gamma"": ""scale"", ""pca__n_components"": 80}",stage3_local_cv,0,0.808125,5.237
stage3_238,stage3_seed_0,"{""model__C"": 8.0, ""model__gamma"": ""scale"", ""pca__n_components"": 80}",80,8.0,scale,"{""model__C"": 8.0, ""model__gamma"": ""scale"", ""pca__n_components"": 80}",stage3_local_cv,1,0.795,4.879
stage3_238,stage3_seed_0,"{""model__C"": 8.0, ""model__gamma"": ""scale"", ""pca__n_components"": 80}",80,8.0,scale,"{""model__C"": 8.0, ""model__gamma"": ""scale"", ""pca__n_components"": 80}",stage3_local_cv,2,0.798125,4.846
stage3_238,stage3_seed_0,"{""model__C"": 8.0, ""model__gamma"": ""scale"", ""pca__n_components"": 80}",80,8.0,scale,"{""model__C"": 8.0, ""model__gamma"": ""scale"", ""pca__n_components"": 80}",stage3_local_cv,3,0.790625,6.177
stage3_238,stage3_seed_0,"{""model__C"": 8.0, ""model__gamma"": ""scale"", ""pca__n_components"": 80}",80,8.0,scale,"{""model__C"": 8.0, ""model__gamma"": ""scale"", ""pca__n_components"": 80}",stage3_local_cv,4,0.790625,5.979
stage3_239,stage3_seed_0,"{""model__C"": 8.0, ""model__gamma"": 0.005, ""pca__n_components"": 80}",80,8.0,0.005,"{""model__C"": 8.0, ""model__gamma"": 0.005, ""pca__n_components"": 80}",stage3_local_cv,0,0.80375,6.084
stage3_239,stage3_seed_0,"{""model__C"": 8.0, ""model__gamma"": 0.005, ""pca__n_components"": 80}",80,8.0,0.005,"{""model__C"": 8.0, ""model__gamma"": 0.005, ""pca__n_components"": 80}",stage3_local_cv,1,0.79875,5.499
stage3_239,stage3_seed_0,"{""model__C"": 8.0, ""model__gamma"": 0.005, ""pca__n_components"": 80}",80,8.0,0.005,"{""model__C"": 8.0, ""model__gamma"": 0.005, ""pca__n_components"": 80}",stage3_local_cv,2,0.7975,6.172
stage3_239,stage3_seed_0,"{""model__C"": 8.0, ""model__gamma"": 0.005, ""pca__n_components"": 80}",80,8.0,0.005,"{""model__C"": 8.0, ""model__gamma"": 0.005, ""pca__n_components"": 80}",stage3_local_cv,3,0.79,4.752
stage3_239,stage3_seed_0,"{""model__C"": 8.0, ""model__gamma"": 0.005, ""pca__n_components"": 80}",80,8.0,0.005,"{""model__C"": 8.0, ""model__gamma"": 0.005, ""pca__n_components"": 80}",stage3_local_cv,4,0.789375,5.161
stage3_240,stage3_seed_0,"{""model__C"": 8.0, ""model__gamma"": 0.01, ""pca__n_components"": 80}",80,8.0,0.01,"{""model__C"": 8.0, ""model__gamma"": 0.01, ""pca__n_components"": 80}",stage3_local_cv,0,0.810625,4.383
stage3_240,stage3_seed_0,"{""model__C"": 8.0, ""model__gamma"": 0.01, ""pca__n_components"": 80}",80,8.0,0.01,"{""model__C"": 8.0, ""model__gamma"": 0.01, ""pca__n_components"": 80}",stage3_local_cv,1,0.806875,5.205
stage3_240,stage3_seed_0,"{""model__C"": 8.0, ""model__gamma"": 0.01, ""pca__n_components"": 80}",80,8.0,0.01,"{""model__C"": 8.0, ""model__gamma"": 0.01, ""pca__n_components"": 80}",stage3_local_cv,2,0.805625,4.984
stage3_240,stage3_seed_0,"{""model__C"": 8.0, ""model__gamma"": 0.01, ""pca__n_components"": 80}",80,8.0,0.01,"{""model__C"": 8.0, ""model__gamma"": 0.01, ""pca__n_components"": 80}",stage3_local_cv,3,0.80375,4.677
stage3_240,stage3_seed_0,"{""model__C"": 8.0, ""model__gamma"": 0.01, ""pca__n_components"": 80}",80,8.0,0.01,"{""model__C"": 8.0, ""model__gamma"": 0.01, ""pca__n_components"": 80}",stage3_local_cv,4,0.80125,5.878
stage3_241,stage3_seed_0,"{""model__C"": 8.0, ""model__gamma"": 0.02, ""pca__n_components"": 80}",80,8.0,0.02,"{""model__C"": 8.0, ""model__gamma"": 0.02, ""pca__n_components"": 80}",stage3_local_cv,0,0.795625,4.268
stage3_241,stage3_seed_0,"{""model__C"": 8.0, ""model__gamma"": 0.02, ""pca__n_components"": 80}",80,8.0,0.02,"{""model__C"": 8.0, ""model__gamma"": 0.02, ""pca__n_components"": 80}",stage3_local_cv,1,0.8075,4.096
stage3_241,stage3_seed_0,"{""model__C"": 8.0, ""model__gamma"": 0.02, ""pca__n_components"": 80}",80,8.0,0.02,"{""model__C"": 8.0, ""model__gamma"": 0.02, ""pca__n_components"": 80}",stage3_local_cv,2,0.793125,4.112
stage3_241,stage3_seed_0,"{""model__C"": 8.0, ""model__gamma"": 0.02, ""pca__n_components"": 80}",80,8.0,0.02,"{""model__C"": 8.0, ""model__gamma"": 0.02, ""pca__n_components"": 80}",stage3_local_cv,3,0.796875,4.884
stage3_241,stage3_seed_0,"{""model__C"": 8.0, ""model__gamma"": 0.02, ""pca__n_components"": 80}",80,8.0,0.02,"{""model__C"": 8.0, ""model__gamma"": 0.02, ""pca__n_components"": 80}",stage3_local_cv,4,0.7975,4.123
stage3_242,stage3_seed_0,"{""model__C"": 8.0, ""model__gamma"": 0.03, ""pca__n_components"": 80}",80,8.0,0.03,"{""model__C"": 8.0, ""model__gamma"": 0.03, ""pca__n_components"": 80}",stage3_local_cv,0,0.7775,5.447
stage3_242,stage3_seed_0,"{""model__C"": 8.0, ""model__gamma"": 0.03, ""pca__n_components"": 80}",80,8.0,0.03,"{""model__C"": 8.0, ""model__gamma"": 0.03, ""pca__n_components"": 80}",stage3_local_cv,1,0.785,5.885
stage3_242,stage3_seed_0,"{""model__C"": 8.0, ""model__gamma"": 0.03, ""pca__n_components"": 80}",80,8.0,0.03,"{""model__C"": 8.0, ""model__gamma"": 0.03, ""pca__n_components"": 80}",stage3_local_cv,2,0.764375,5.733
stage3_242,stage3_seed_0,"{""model__C"": 8.0, ""model__gamma"": 0.03, ""pca__n_components"": 80}",80,8.0,0.03,"{""model__C"": 8.0, ""model__gamma"": 0.03, ""pca__n_components"": 80}",stage3_local_cv,3,0.78,3.958
stage3_242,stage3_seed_0,"{""model__C"": 8.0, ""model__gamma"": 0.03, ""pca__n_components"": 80}",80,8.0,0.03,"{""model__C"": 8.0, ""model__gamma"": 0.03, ""pca__n_components"": 80}",stage3_local_cv,4,0.76625,4.252
stage3_243,stage3_seed_0,"{""model__C"": 8.0, ""model__gamma"": 0.04, ""pca__n_components"": 80}",80,8.0,0.04,"{""model__C"": 8.0, ""model__gamma"": 0.04, ""pca__n_components"": 80}",stage3_local_cv,0,0.763125,4.126
stage3_243,stage3_seed_0,"{""model__C"": 8.0, ""model__gamma"": 0.04, ""pca__n_components"": 80}",80,8.0,0.04,"{""model__C"": 8.0, ""model__gamma"": 0.04, ""pca__n_components"": 80}",stage3_local_cv,1,0.77,4.092
stage3_243,stage3_seed_0,"{""model__C"": 8.0, ""model__gamma"": 0.04, ""pca__n_components"": 80}",80,8.0,0.04,"{""model__C"": 8.0, ""model__gamma"": 0.04, ""pca__n_components"": 80}",stage3_local_cv,2,0.73875,4.087
stage3_243,stage3_seed_0,"{""model__C"": 8.0, ""model__gamma"": 0.04, ""pca__n_components"": 80}",80,8.0,0.04,"{""model__C"": 8.0, ""model__gamma"": 0.04, ""pca__n_components"": 80}",stage3_local_cv,3,0.765625,4.833
stage3_243,stage3_seed_0,"{""model__C"": 8.0, ""model__gamma"": 0.04, ""pca__n_components"": 80}",80,8.0,0.04,"{""model__C"": 8.0, ""model__gamma"": 0.04, ""pca__n_components"": 80}",stage3_local_cv,4,0.751875,5.173
stage3_244,stage3_seed_0,"{""model__C"": 8.0, ""model__gamma"": 0.08, ""pca__n_components"": 80}",80,8.0,0.08,"{""model__C"": 8.0, ""model__gamma"": 0.08, ""pca__n_components"": 80}",stage3_local_cv,0,0.560625,4.841
stage3_244,stage3_seed_0,"{""model__C"": 8.0, ""model__gamma"": 0.08, ""pca__n_components"": 80}",80,8.0,0.08,"{""model__C"": 8.0, ""model__gamma"": 0.08, ""pca__n_components"": 80}",stage3_local_cv,1,0.580625,4.117
stage3_244,stage3_seed_0,"{""model__C"": 8.0, ""model__gamma"": 0.08, ""pca__n_components"": 80}",80,8.0,0.08,"{""model__C"": 8.0, ""model__gamma"": 0.08, ""pca__n_components"": 80}",stage3_local_cv,2,0.66375,4.056
stage3_244,stage3_seed_0,"{""model__C"": 8.0, ""model__gamma"": 0.08, ""pca__n_components"": 80}",80,8.0,0.08,"{""model__C"": 8.0, ""model__gamma"": 0.08, ""pca__n_components"": 80}",stage3_local_cv,3,0.67625,4.45
stage3_244,stage3_seed_0,"{""model__C"": 8.0, ""model__gamma"": 0.08, ""pca__n_components"": 80}",80,8.0,0.08,"{""model__C"": 8.0, ""model__gamma"": 0.08, ""pca__n_components"": 80}",stage3_local_cv,4,0.600625,4.059
stage3_245,stage3_seed_0,"{""model__C"": 12.0, ""model__gamma"": ""scale"", ""pca__n_components"": 80}",80,12.0,scale,"{""model__C"": 12.0, ""model__gamma"": ""scale"", ""pca__n_components"": 80}",stage3_local_cv,0,0.809375,5.74
stage3_245,stage3_seed_0,"{""model__C"": 12.0, ""model__gamma"": ""scale"", ""pca__n_components"": 80}",80,12.0,scale,"{""model__C"": 12.0, ""model__gamma"": ""scale"", ""pca__n_components"": 80}",stage3_local_cv,1,0.80625,6.635
stage3_245,stage3_seed_0,"{""model__C"": 12.0, ""model__gamma"": ""scale"", ""pca__n_components"": 80}",80,12.0,scale,"{""model__C"": 12.0, ""model__gamma"": ""scale"", ""pca__n_components"": 80}",stage3_local_cv,2,0.79625,6.569
stage3_245,stage3_seed_0,"{""model__C"": 12.0, ""model__gamma"": ""scale"", ""pca__n_components"": 80}",80,12.0,scale,"{""model__C"": 12.0, ""model__gamma"": ""scale"", ""pca__n_components"": 80}",stage3_local_cv,3,0.790625,4.804
stage3_245,stage3_seed_0,"{""model__C"": 12.0, ""model__gamma"": ""scale"", ""pca__n_components"": 80}",80,12.0,scale,"{""model__C"": 12.0, ""model__gamma"": ""scale"", ""pca__n_components"": 80}",stage3_local_cv,4,0.8,6.228
stage3_246,stage3_seed_0,"{""model__C"": 12.0, ""model__gamma"": 0.005, ""pca__n_components"": 80}",80,12.0,0.005,"{""model__C"": 12.0, ""model__gamma"": 0.005, ""pca__n_components"": 80}",stage3_local_cv,0,0.81,4.937
stage3_246,stage3_seed_0,"{""model__C"": 12.0, ""model__gamma"": 0.005, ""pca__n_components"": 80}",80,12.0,0.005,"{""model__C"": 12.0, ""model__gamma"": 0.005, ""pca__n_components"": 80}",stage3_local_cv,1,0.805,5.444
stage3_246,stage3_seed_0,"{""model__C"": 12.0, ""model__gamma"": 0.005, ""pca__n_components"": 80}",80,12.0,0.005,"{""model__C"": 12.0, ""model__gamma"": 0.005, ""pca__n_components"": 80}",stage3_local_cv,2,0.7975,4.949
stage3_246,stage3_seed_0,"{""model__C"": 12.0, ""model__gamma"": 0.005, ""pca__n_components"": 80}",80,12.0,0.005,"{""model__C"": 12.0, ""model__gamma"": 0.005, ""pca__n_components"": 80}",stage3_local_cv,3,0.788125,6.472
stage3_246,stage3_seed_0,"{""model__C"": 12.0, ""model__gamma"": 0.005, ""pca__n_components"": 80}",80,12.0,0.005,"{""model__C"": 12.0, ""model__gamma"": 0.005, ""pca__n_components"": 80}",stage3_local_cv,4,0.7975,5.075
stage3_247,stage3_seed_0,"{""model__C"": 12.0, ""model__gamma"": 0.01, ""pca__n_components"": 80}",80,12.0,0.01,"{""model__C"": 12.0, ""model__gamma"": 0.01, ""pca__n_components"": 80}",stage3_local_cv,0,0.799375,5.748
stage3_247,stage3_seed_0,"{""model__C"": 12.0, ""model__gamma"": 0.01, ""pca__n_components"": 80}",80,12.0,0.01,"{""model__C"": 12.0, ""model__gamma"": 0.01, ""pca__n_components"": 80}",stage3_local_cv,1,0.808125,5.698
stage3_247,stage3_seed_0,"{""model__C"": 12.0, ""model__gamma"": 0.01, ""pca__n_components"": 80}",80,12.0,0.01,"{""model__C"": 12.0, ""model__gamma"": 0.01, ""pca__n_components"": 80}",stage3_local_cv,2,0.8025,5.406
stage3_247,stage3_seed_0,"{""model__C"": 12.0, ""model__gamma"": 0.01, ""pca__n_components"": 80}",80,12.0,0.01,"{""model__C"": 12.0, ""model__gamma"": 0.01, ""pca__n_components"": 80}",stage3_local_cv,3,0.799375,4.162
stage3_247,stage3_seed_0,"{""model__C"": 12.0, ""model__gamma"": 0.01, ""pca__n_components"": 80}",80,12.0,0.01,"{""model__C"": 12.0, ""model__gamma"": 0.01, ""pca__n_components"": 80}",stage3_local_cv,4,0.79625,4.263
stage3_248,stage3_seed_0,"{""model__C"": 12.0, ""model__gamma"": 0.02, ""pca__n_components"": 80}",80,12.0,0.02,"{""model__C"": 12.0, ""model__gamma"": 0.02, ""pca__n_components"": 80}",stage3_local_cv,0,0.793125,4.191
stage3_248,stage3_seed_0,"{""model__C"": 12.0, ""model__gamma"": 0.02, ""pca__n_components"": 80}",80,12.0,0.02,"{""model__C"": 12.0, ""model__gamma"": 0.02, ""pca__n_components"": 80}",stage3_local_cv,1,0.80625,4.405
stage3_248,stage3_seed_0,"{""model__C"": 12.0, ""model__gamma"": 0.02, ""pca__n_components"": 80}",80,12.0,0.02,"{""model__C"": 12.0, ""model__gamma"": 0.02, ""pca__n_components"": 80}",stage3_local_cv,2,0.79,4.612
stage3_248,stage3_seed_0,"{""model__C"": 12.0, ""model__gamma"": 0.02, ""pca__n_components"": 80}",80,12.0,0.02,"{""model__C"": 12.0, ""model__gamma"": 0.02, ""pca__n_components"": 80}",stage3_local_cv,3,0.794375,4.009
stage3_248,stage3_seed_0,"{""model__C"": 12.0, ""model__gamma"": 0.02, ""pca__n_components"": 80}",80,12.0,0.02,"{""model__C"": 12.0, ""model__gamma"": 0.02, ""pca__n_components"": 80}",stage3_local_cv,4,0.794375,5.407
stage3_249,stage3_seed_0,"{""model__C"": 12.0, ""model__gamma"": 0.03, ""pca__n_components"": 80}",80,12.0,0.03,"{""model__C"": 12.0, ""model__gamma"": 0.03, ""pca__n_components"": 80}",stage3_local_cv,0,0.775,4.2
stage3_249,stage3_seed_0,"{""model__C"": 12.0, ""model__gamma"": 0.03, ""pca__n_components"": 80}",80,12.0,0.03,"{""model__C"": 12.0, ""model__gamma"": 0.03, ""pca__n_components"": 80}",stage3_local_cv,1,0.784375,4.202
stage3_249,stage3_seed_0,"{""model__C"": 12.0, ""model__gamma"": 0.03, ""pca__n_components"": 80}",80,12.0,0.03,"{""model__C"": 12.0, ""model__gamma"": 0.03, ""pca__n_components"": 80}",stage3_local_cv,2,0.760625,4.047
stage3_249,stage3_seed_0,"{""model__C"": 12.0, ""model__gamma"": 0.03, ""pca__n_components"": 80}",80,12.0,0.03,"{""model__C"": 12.0, ""model__gamma"": 0.03, ""pca__n_components"": 80}",stage3_local_cv,3,0.776875,5.269
stage3_249,stage3_seed_0,"{""model__C"": 12.0, ""model__gamma"": 0.03, ""pca__n_components"": 80}",80,12.0,0.03,"{""model__C"": 12.0, ""model__gamma"": 0.03, ""pca__n_components"": 80}",stage3_local_cv,4,0.765,4.08
stage3_250,stage3_seed_0,"{""model__C"": 12.0, ""model__gamma"": 0.04, ""pca__n_components"": 80}",80,12.0,0.04,"{""model__C"": 12.0, ""model__gamma"": 0.04, ""pca__n_components"": 80}",stage3_local_cv,0,0.758125,5.447
stage3_250,stage3_seed_0,"{""model__C"": 12.0, ""model__gamma"": 0.04, ""pca__n_components"": 80}",80,12.0,0.04,"{""model__C"": 12.0, ""model__gamma"": 0.04, ""pca__n_components"": 80}",stage3_local_cv,1,0.769375,5.636
stage3_250,stage3_seed_0,"{""model__C"": 12.0, ""model__gamma"": 0.04, ""pca__n_components"": 80}",80,12.0,0.04,"{""model__C"": 12.0, ""model__gamma"": 0.04, ""pca__n_components"": 80}",stage3_local_cv,2,0.73875,5.771
stage3_250,stage3_seed_0,"{""model__C"": 12.0, ""model__gamma"": 0.04, ""pca__n_components"": 80}",80,12.0,0.04,"{""model__C"": 12.0, ""model__gamma"": 0.04, ""pca__n_components"": 80}",stage3_local_cv,3,0.76375,3.947
stage3_250,stage3_seed_0,"{""model__C"": 12.0, ""model__gamma"": 0.04, ""pca__n_components"": 80}",80,12.0,0.04,"{""model__C"": 12.0, ""model__gamma"": 0.04, ""pca__n_components"": 80}",stage3_local_cv,4,0.7525,4.053
stage3_251,stage3_seed_0,"{""model__C"": 12.0, ""model__gamma"": 0.08, ""pca__n_components"": 80}",80,12.0,0.08,"{""model__C"": 12.0, ""model__gamma"": 0.08, ""pca__n_components"": 80}",stage3_local_cv,0,0.556875,4.192
stage3_251,stage3_seed_0,"{""model__C"": 12.0, ""model__gamma"": 0.08, ""pca__n_components"": 80}",80,12.0,0.08,"{""model__C"": 12.0, ""model__gamma"": 0.08, ""pca__n_components"": 80}",stage3_local_cv,1,0.5775,5.566
stage3_251,stage3_seed_0,"{""model__C"": 12.0, ""model__gamma"": 0.08, ""pca__n_components"": 80}",80,12.0,0.08,"{""model__C"": 12.0, ""model__gamma"": 0.08, ""pca__n_components"": 80}",stage3_local_cv,2,0.66125,3.975
stage3_251,stage3_seed_0,"{""model__C"": 12.0, ""model__gamma"": 0.08, ""pca__n_components"": 80}",80,12.0,0.08,"{""model__C"": 12.0, ""model__gamma"": 0.08, ""pca__n_components"": 80}",stage3_local_cv,3,0.659375,3.861
stage3_251,stage3_seed_0,"{""model__C"": 12.0, ""model__gamma"": 0.08, ""pca__n_components"": 80}",80,12.0,0.08,"{""model__C"": 12.0, ""model__gamma"": 0.08, ""pca__n_components"": 80}",stage3_local_cv,4,0.5975,5.295
stage3_252,stage3_seed_0,"{""model__C"": 2.0, ""model__gamma"": ""scale"", ""pca__n_components"": 84}",84,2.0,scale,"{""model__C"": 2.0, ""model__gamma"": ""scale"", ""pca__n_components"": 84}",stage3_local_cv,0,0.7675,3.919
stage3_252,stage3_seed_0,"{""model__C"": 2.0, ""model__gamma"": ""scale"", ""pca__n_components"": 84}",84,2.0,scale,"{""model__C"": 2.0, ""model__gamma"": ""scale"", ""pca__n_components"": 84}",stage3_local_cv,1,0.76,4.079
stage3_252,stage3_seed_0,"{""model__C"": 2.0, ""model__gamma"": ""scale"", ""pca__n_components"": 84}",84,2.0,scale,"{""model__C"": 2.0, ""model__gamma"": ""scale"", ""pca__n_components"": 84}",stage3_local_cv,2,0.75125,3.989
stage3_252,stage3_seed_0,"{""model__C"": 2.0, ""model__gamma"": ""scale"", ""pca__n_components"": 84}",84,2.0,scale,"{""model__C"": 2.0, ""model__gamma"": ""scale"", ""pca__n_components"": 84}",stage3_local_cv,3,0.764375,5.144
stage3_252,stage3_seed_0,"{""model__C"": 2.0, ""model__gamma"": ""scale"", ""pca__n_components"": 84}",84,2.0,scale,"{""model__C"": 2.0, ""model__gamma"": ""scale"", ""pca__n_components"": 84}",stage3_local_cv,4,0.75,3.945
stage3_253,stage3_seed_0,"{""model__C"": 2.0, ""model__gamma"": 0.005, ""pca__n_components"": 84}",84,2.0,0.005,"{""model__C"": 2.0, ""model__gamma"": 0.005, ""pca__n_components"": 84}",stage3_local_cv,0,0.764375,5.225
stage3_253,stage3_seed_0,"{""model__C"": 2.0, ""model__gamma"": 0.005, ""pca__n_components"": 84}",84,2.0,0.005,"{""model__C"": 2.0, ""model__gamma"": 0.005, ""pca__n_components"": 84}",stage3_local_cv,1,0.755,5.207
stage3_253,stage3_seed_0,"{""model__C"": 2.0, ""model__gamma"": 0.005, ""pca__n_components"": 84}",84,2.0,0.005,"{""model__C"": 2.0, ""model__gamma"": 0.005, ""pca__n_components"": 84}",stage3_local_cv,2,0.75,5.121
stage3_253,stage3_seed_0,"{""model__C"": 2.0, ""model__gamma"": 0.005, ""pca__n_components"": 84}",84,2.0,0.005,"{""model__C"": 2.0, ""model__gamma"": 0.005, ""pca__n_components"": 84}",stage3_local_cv,3,0.761875,3.887
stage3_253,stage3_seed_0,"{""model__C"": 2.0, ""model__gamma"": 0.005, ""pca__n_components"": 84}",84,2.0,0.005,"{""model__C"": 2.0, ""model__gamma"": 0.005, ""pca__n_components"": 84}",stage3_local_cv,4,0.74875,3.913
stage3_254,stage3_seed_0,"{""model__C"": 2.0, ""model__gamma"": 0.01, ""pca__n_components"": 84}",84,2.0,0.01,"{""model__C"": 2.0, ""model__gamma"": 0.01, ""pca__n_components"": 84}",stage3_local_cv,0,0.804375,4.428
stage3_254,stage3_seed_0,"{""model__C"": 2.0, ""model__gamma"": 0.01, ""pca__n_components"": 84}",84,2.0,0.01,"{""model__C"": 2.0, ""model__gamma"": 0.01, ""pca__n_components"": 84}",stage3_local_cv,1,0.8,4.543
stage3_254,stage3_seed_0,"{""model__C"": 2.0, ""model__gamma"": 0.01, ""pca__n_components"": 84}",84,2.0,0.01,"{""model__C"": 2.0, ""model__gamma"": 0.01, ""pca__n_components"": 84}",stage3_local_cv,2,0.79,4.454
stage3_254,stage3_seed_0,"{""model__C"": 2.0, ""model__gamma"": 0.01, ""pca__n_components"": 84}",84,2.0,0.01,"{""model__C"": 2.0, ""model__gamma"": 0.01, ""pca__n_components"": 84}",stage3_local_cv,3,0.79875,4.566
stage3_254,stage3_seed_0,"{""model__C"": 2.0, ""model__gamma"": 0.01, ""pca__n_components"": 84}",84,2.0,0.01,"{""model__C"": 2.0, ""model__gamma"": 0.01, ""pca__n_components"": 84}",stage3_local_cv,4,0.801875,5.683
stage3_255,stage3_seed_0,"{""model__C"": 2.0, ""model__gamma"": 0.02, ""pca__n_components"": 84}",84,2.0,0.02,"{""model__C"": 2.0, ""model__gamma"": 0.02, ""pca__n_components"": 84}",stage3_local_cv,0,0.804375,5.09
stage3_255,stage3_seed_0,"{""model__C"": 2.0, ""model__gamma"": 0.02, ""pca__n_components"": 84}",84,2.0,0.02,"{""model__C"": 2.0, ""model__gamma"": 0.02, ""pca__n_components"": 84}",stage3_local_cv,1,0.809375,5.577
stage3_255,stage3_seed_0,"{""model__C"": 2.0, ""model__gamma"": 0.02, ""pca__n_components"": 84}",84,2.0,0.02,"{""model__C"": 2.0, ""model__gamma"": 0.02, ""pca__n_components"": 84}",stage3_local_cv,2,0.796875,4.362
stage3_255,stage3_seed_0,"{""model__C"": 2.0, ""model__gamma"": 0.02, ""pca__n_components"": 84}",84,2.0,0.02,"{""model__C"": 2.0, ""model__gamma"": 0.02, ""pca__n_components"": 84}",stage3_local_cv,3,0.80375,5.286
stage3_255,stage3_seed_0,"{""model__C"": 2.0, ""model__gamma"": 0.02, ""pca__n_components"": 84}",84,2.0,0.02,"{""model__C"": 2.0, ""model__gamma"": 0.02, ""pca__n_components"": 84}",stage3_local_cv,4,0.8,4.346
stage3_256,stage3_seed_0,"{""model__C"": 2.0, ""model__gamma"": 0.03, ""pca__n_components"": 84}",84,2.0,0.03,"{""model__C"": 2.0, ""model__gamma"": 0.03, ""pca__n_components"": 84}",stage3_local_cv,0,0.78125,4.951
stage3_256,stage3_seed_0,"{""model__C"": 2.0, ""model__gamma"": 0.03, ""pca__n_components"": 84}",84,2.0,0.03,"{""model__C"": 2.0, ""model__gamma"": 0.03, ""pca__n_components"": 84}",stage3_local_cv,1,0.785,4.808
stage3_256,stage3_seed_0,"{""model__C"": 2.0, ""model__gamma"": 0.03, ""pca__n_components"": 84}",84,2.0,0.03,"{""model__C"": 2.0, ""model__gamma"": 0.03, ""pca__n_components"": 84}",stage3_local_cv,2,0.76625,5.692
stage3_256,stage3_seed_0,"{""model__C"": 2.0, ""model__gamma"": 0.03, ""pca__n_components"": 84}",84,2.0,0.03,"{""model__C"": 2.0, ""model__gamma"": 0.03, ""pca__n_components"": 84}",stage3_local_cv,3,0.785,4.225
stage3_256,stage3_seed_0,"{""model__C"": 2.0, ""model__gamma"": 0.03, ""pca__n_components"": 84}",84,2.0,0.03,"{""model__C"": 2.0, ""model__gamma"": 0.03, ""pca__n_components"": 84}",stage3_local_cv,4,0.764375,5.805
stage3_257,stage3_seed_0,"{""model__C"": 2.0, ""model__gamma"": 0.04, ""pca__n_components"": 84}",84,2.0,0.04,"{""model__C"": 2.0, ""model__gamma"": 0.04, ""pca__n_components"": 84}",stage3_local_cv,0,0.7625,4.202
stage3_257,stage3_seed_0,"{""model__C"": 2.0, ""model__gamma"": 0.04, ""pca__n_components"": 84}",84,2.0,0.04,"{""model__C"": 2.0, ""model__gamma"": 0.04, ""pca__n_components"": 84}",stage3_local_cv,1,0.77,4.325
stage3_257,stage3_seed_0,"{""model__C"": 2.0, ""model__gamma"": 0.04, ""pca__n_components"": 84}",84,2.0,0.04,"{""model__C"": 2.0, ""model__gamma"": 0.04, ""pca__n_components"": 84}",stage3_local_cv,2,0.73875,4.32
stage3_257,stage3_seed_0,"{""model__C"": 2.0, ""model__gamma"": 0.04, ""pca__n_components"": 84}",84,2.0,0.04,"{""model__C"": 2.0, ""model__gamma"": 0.04, ""pca__n_components"": 84}",stage3_local_cv,3,0.77125,5.552
stage3_257,stage3_seed_0,"{""model__C"": 2.0, ""model__gamma"": 0.04, ""pca__n_components"": 84}",84,2.0,0.04,"{""model__C"": 2.0, ""model__gamma"": 0.04, ""pca__n_components"": 84}",stage3_local_cv,4,0.74875,4.397
stage3_258,stage3_seed_0,"{""model__C"": 2.0, ""model__gamma"": 0.08, ""pca__n_components"": 84}",84,2.0,0.08,"{""model__C"": 2.0, ""model__gamma"": 0.08, ""pca__n_components"": 84}",stage3_local_cv,0,0.575,5.895
stage3_258,stage3_seed_0,"{""model__C"": 2.0, ""model__gamma"": 0.08, ""pca__n_components"": 84}",84,2.0,0.08,"{""model__C"": 2.0, ""model__gamma"": 0.08, ""pca__n_components"": 84}",stage3_local_cv,1,0.58375,5.897
stage3_258,stage3_seed_0,"{""model__C"": 2.0, ""model__gamma"": 0.08, ""pca__n_components"": 84}",84,2.0,0.08,"{""model__C"": 2.0, ""model__gamma"": 0.08, ""pca__n_components"": 84}",stage3_local_cv,2,0.664375,4.233
stage3_258,stage3_seed_0,"{""model__C"": 2.0, ""model__gamma"": 0.08, ""pca__n_components"": 84}",84,2.0,0.08,"{""model__C"": 2.0, ""model__gamma"": 0.08, ""pca__n_components"": 84}",stage3_local_cv,3,0.785625,4.185
stage3_258,stage3_seed_0,"{""model__C"": 2.0, ""model__gamma"": 0.08, ""pca__n_components"": 84}",84,2.0,0.08,"{""model__C"": 2.0, ""model__gamma"": 0.08, ""pca__n_components"": 84}",stage3_local_cv,4,0.615,4.252
stage3_259,stage3_seed_0,"{""model__C"": 3.0, ""model__gamma"": ""scale"", ""pca__n_components"": 84}",84,3.0,scale,"{""model__C"": 3.0, ""model__gamma"": ""scale"", ""pca__n_components"": 84}",stage3_local_cv,0,0.788125,4.063
stage3_259,stage3_seed_0,"{""model__C"": 3.0, ""model__gamma"": ""scale"", ""pca__n_components"": 84}",84,3.0,scale,"{""model__C"": 3.0, ""model__gamma"": ""scale"", ""pca__n_components"": 84}",stage3_local_cv,1,0.76875,4.106
stage3_259,stage3_seed_0,"{""model__C"": 3.0, ""model__gamma"": ""scale"", ""pca__n_components"": 84}",84,3.0,scale,"{""model__C"": 3.0, ""model__gamma"": ""scale"", ""pca__n_components"": 84}",stage3_local_cv,2,0.768125,5.41
stage3_259,stage3_seed_0,"{""model__C"": 3.0, ""model__gamma"": ""scale"", ""pca__n_components"": 84}",84,3.0,scale,"{""model__C"": 3.0, ""model__gamma"": ""scale"", ""pca__n_components"": 84}",stage3_local_cv,3,0.774375,4.047
stage3_259,stage3_seed_0,"{""model__C"": 3.0, ""model__gamma"": ""scale"", ""pca__n_components"": 84}",84,3.0,scale,"{""model__C"": 3.0, ""model__gamma"": ""scale"", ""pca__n_components"": 84}",stage3_local_cv,4,0.765625,5.182
stage3_260,stage3_seed_0,"{""model__C"": 3.0, ""model__gamma"": 0.005, ""pca__n_components"": 84}",84,3.0,0.005,"{""model__C"": 3.0, ""model__gamma"": 0.005, ""pca__n_components"": 84}",stage3_local_cv,0,0.781875,4.099
stage3_260,stage3_seed_0,"{""model__C"": 3.0, ""model__gamma"": 0.005, ""pca__n_components"": 84}",84,3.0,0.005,"{""model__C"": 3.0, ""model__gamma"": 0.005, ""pca__n_components"": 84}",stage3_local_cv,1,0.7675,4.101
stage3_260,stage3_seed_0,"{""model__C"": 3.0, ""model__gamma"": 0.005, ""pca__n_components"": 84}",84,3.0,0.005,"{""model__C"": 3.0, ""model__gamma"": 0.005, ""pca__n_components"": 84}",stage3_local_cv,2,0.764375,4.08
stage3_260,stage3_seed_0,"{""model__C"": 3.0, ""model__gamma"": 0.005, ""pca__n_components"": 84}",84,3.0,0.005,"{""model__C"": 3.0, ""model__gamma"": 0.005, ""pca__n_components"": 84}",stage3_local_cv,3,0.77375,5.226
stage3_260,stage3_seed_0,"{""model__C"": 3.0, ""model__gamma"": 0.005, ""pca__n_components"": 84}",84,3.0,0.005,"{""model__C"": 3.0, ""model__gamma"": 0.005, ""pca__n_components"": 84}",stage3_local_cv,4,0.761875,4.062
stage3_261,stage3_seed_0,"{""model__C"": 3.0, ""model__gamma"": 0.01, ""pca__n_components"": 84}",84,3.0,0.01,"{""model__C"": 3.0, ""model__gamma"": 0.01, ""pca__n_components"": 84}",stage3_local_cv,0,0.809375,5.774
stage3_261,stage3_seed_0,"{""model__C"": 3.0, ""model__gamma"": 0.01, ""pca__n_components"": 84}",84,3.0,0.01,"{""model__C"": 3.0, ""model__gamma"": 0.01, ""pca__n_components"": 84}",stage3_local_cv,1,0.806875,5.712
stage3_261,stage3_seed_0,"{""model__C"": 3.0, ""model__gamma"": 0.01, ""pca__n_components"": 84}",84,3.0,0.01,"{""model__C"": 3.0, ""model__gamma"": 0.01, ""pca__n_components"": 84}",stage3_local_cv,2,0.801875,5.595
stage3_261,stage3_seed_0,"{""model__C"": 3.0, ""model__gamma"": 0.01, ""pca__n_components"": 84}",84,3.0,0.01,"{""model__C"": 3.0, ""model__gamma"": 0.01, ""pca__n_components"": 84}",stage3_local_cv,3,0.8,4.468
stage3_261,stage3_seed_0,"{""model__C"": 3.0, ""model__gamma"": 0.01, ""pca__n_components"": 84}",84,3.0,0.01,"{""model__C"": 3.0, ""model__gamma"": 0.01, ""pca__n_components"": 84}",stage3_local_cv,4,0.808125,4.489
stage3_262,stage3_seed_0,"{""model__C"": 3.0, ""model__gamma"": 0.02, ""pca__n_components"": 84}",84,3.0,0.02,"{""model__C"": 3.0, ""model__gamma"": 0.02, ""pca__n_components"": 84}",stage3_local_cv,0,0.805625,4.254
stage3_262,stage3_seed_0,"{""model__C"": 3.0, ""model__gamma"": 0.02, ""pca__n_components"": 84}",84,3.0,0.02,"{""model__C"": 3.0, ""model__gamma"": 0.02, ""pca__n_components"": 84}",stage3_local_cv,1,0.813125,4.437
stage3_262,stage3_seed_0,"{""model__C"": 3.0, ""model__gamma"": 0.02, ""pca__n_components"": 84}",84,3.0,0.02,"{""model__C"": 3.0, ""model__gamma"": 0.02, ""pca__n_components"": 84}",stage3_local_cv,2,0.79375,4.906
stage3_262,stage3_seed_0,"{""model__C"": 3.0, ""model__gamma"": 0.02, ""pca__n_components"": 84}",84,3.0,0.02,"{""model__C"": 3.0, ""model__gamma"": 0.02, ""pca__n_components"": 84}",stage3_local_cv,3,0.804375,4.318
stage3_262,stage3_seed_0,"{""model__C"": 3.0, ""model__gamma"": 0.02, ""pca__n_components"": 84}",84,3.0,0.02,"{""model__C"": 3.0, ""model__gamma"": 0.02, ""pca__n_components"": 84}",stage3_local_cv,4,0.8,5.61
stage3_263,stage3_seed_0,"{""model__C"": 3.0, ""model__gamma"": 0.03, ""pca__n_components"": 84}",84,3.0,0.03,"{""model__C"": 3.0, ""model__gamma"": 0.03, ""pca__n_components"": 84}",stage3_local_cv,0,0.779375,4.237
stage3_263,stage3_seed_0,"{""model__C"": 3.0, ""model__gamma"": 0.03, ""pca__n_components"": 84}",84,3.0,0.03,"{""model__C"": 3.0, ""model__gamma"": 0.03, ""pca__n_components"": 84}",stage3_local_cv,1,0.78625,4.497
stage3_263,stage3_seed_0,"{""model__C"": 3.0, ""model__gamma"": 0.03, ""pca__n_components"": 84}",84,3.0,0.03,"{""model__C"": 3.0, ""model__gamma"": 0.03, ""pca__n_components"": 84}",stage3_local_cv,2,0.77,4.283
stage3_263,stage3_seed_0,"{""model__C"": 3.0, ""model__gamma"": 0.03, ""pca__n_components"": 84}",84,3.0,0.03,"{""model__C"": 3.0, ""model__gamma"": 0.03, ""pca__n_components"": 84}",stage3_local_cv,3,0.783125,5.552
stage3_263,stage3_seed_0,"{""model__C"": 3.0, ""model__gamma"": 0.03, ""pca__n_components"": 84}",84,3.0,0.03,"{""model__C"": 3.0, ""model__gamma"": 0.03, ""pca__n_components"": 84}",stage3_local_cv,4,0.765,4.328
stage3_264,stage3_seed_0,"{""model__C"": 3.0, ""model__gamma"": 0.04, ""pca__n_components"": 84}",84,3.0,0.04,"{""model__C"": 3.0, ""model__gamma"": 0.04, ""pca__n_components"": 84}",stage3_local_cv,0,0.76625,5.588
stage3_264,stage3_seed_0,"{""model__C"": 3.0, ""model__gamma"": 0.04, ""pca__n_components"": 84}",84,3.0,0.04,"{""model__C"": 3.0, ""model__gamma"": 0.04, ""pca__n_components"": 84}",stage3_local_cv,1,0.76875,5.618
stage3_264,stage3_seed_0,"{""model__C"": 3.0, ""model__gamma"": 0.04, ""pca__n_components"": 84}",84,3.0,0.04,"{""model__C"": 3.0, ""model__gamma"": 0.04, ""pca__n_components"": 84}",stage3_local_cv,2,0.739375,5.864
stage3_264,stage3_seed_0,"{""model__C"": 3.0, ""model__gamma"": 0.04, ""pca__n_components"": 84}",84,3.0,0.04,"{""model__C"": 3.0, ""model__gamma"": 0.04, ""pca__n_components"": 84}",stage3_local_cv,3,0.77,4.193
stage3_264,stage3_seed_0,"{""model__C"": 3.0, ""model__gamma"": 0.04, ""pca__n_components"": 84}",84,3.0,0.04,"{""model__C"": 3.0, ""model__gamma"": 0.04, ""pca__n_components"": 84}",stage3_local_cv,4,0.749375,5.108
stage3_265,stage3_seed_0,"{""model__C"": 3.0, ""model__gamma"": 0.08, ""pca__n_components"": 84}",84,3.0,0.08,"{""model__C"": 3.0, ""model__gamma"": 0.08, ""pca__n_components"": 84}",stage3_local_cv,0,0.57125,4.254
stage3_265,stage3_seed_0,"{""model__C"": 3.0, ""model__gamma"": 0.08, ""pca__n_components"": 84}",84,3.0,0.08,"{""model__C"": 3.0, ""model__gamma"": 0.08, ""pca__n_components"": 84}",stage3_local_cv,1,0.580625,4.338
stage3_265,stage3_seed_0,"{""model__C"": 3.0, ""model__gamma"": 0.08, ""pca__n_components"": 84}",84,3.0,0.08,"{""model__C"": 3.0, ""model__gamma"": 0.08, ""pca__n_components"": 84}",stage3_local_cv,2,0.666875,4.337
stage3_265,stage3_seed_0,"{""model__C"": 3.0, ""model__gamma"": 0.08, ""pca__n_components"": 84}",84,3.0,0.08,"{""model__C"": 3.0, ""model__gamma"": 0.08, ""pca__n_components"": 84}",stage3_local_cv,3,0.8125,4.027
stage3_265,stage3_seed_0,"{""model__C"": 3.0, ""model__gamma"": 0.08, ""pca__n_components"": 84}",84,3.0,0.08,"{""model__C"": 3.0, ""model__gamma"": 0.08, ""pca__n_components"": 84}",stage3_local_cv,4,0.60875,4.848
stage3_266,stage3_seed_0,"{""model__C"": 4.0, ""model__gamma"": ""scale"", ""pca__n_components"": 84}",84,4.0,scale,"{""model__C"": 4.0, ""model__gamma"": ""scale"", ""pca__n_components"": 84}",stage3_local_cv,0,0.795,4.594
stage3_266,stage3_seed_0,"{""model__C"": 4.0, ""model__gamma"": ""scale"", ""pca__n_components"": 84}",84,4.0,scale,"{""model__C"": 4.0, ""model__gamma"": ""scale"", ""pca__n_components"": 84}",stage3_local_cv,1,0.7825,5.454
stage3_266,stage3_seed_0,"{""model__C"": 4.0, ""model__gamma"": ""scale"", ""pca__n_components"": 84}",84,4.0,scale,"{""model__C"": 4.0, ""model__gamma"": ""scale"", ""pca__n_components"": 84}",stage3_local_cv,2,0.78,4.254
stage3_266,stage3_seed_0,"{""model__C"": 4.0, ""model__gamma"": ""scale"", ""pca__n_components"": 84}",84,4.0,scale,"{""model__C"": 4.0, ""model__gamma"": ""scale"", ""pca__n_components"": 84}",stage3_local_cv,3,0.779375,5.523
stage3_266,stage3_seed_0,"{""model__C"": 4.0, ""model__gamma"": ""scale"", ""pca__n_components"": 84}",84,4.0,scale,"{""model__C"": 4.0, ""model__gamma"": ""scale"", ""pca__n_components"": 84}",stage3_local_cv,4,0.780625,4.279
stage3_267,stage3_seed_0,"{""model__C"": 4.0, ""model__gamma"": 0.005, ""pca__n_components"": 84}",84,4.0,0.005,"{""model__C"": 4.0, ""model__gamma"": 0.005, ""pca__n_components"": 84}",stage3_local_cv,0,0.791875,5.331
stage3_267,stage3_seed_0,"{""model__C"": 4.0, ""model__gamma"": 0.005, ""pca__n_components"": 84}",84,4.0,0.005,"{""model__C"": 4.0, ""model__gamma"": 0.005, ""pca__n_components"": 84}",stage3_local_cv,1,0.78125,4.636
stage3_267,stage3_seed_0,"{""model__C"": 4.0, ""model__gamma"": 0.005, ""pca__n_components"": 84}",84,4.0,0.005,"{""model__C"": 4.0, ""model__gamma"": 0.005, ""pca__n_components"": 84}",stage3_local_cv,2,0.774375,5.43
stage3_267,stage3_seed_0,"{""model__C"": 4.0, ""model__gamma"": 0.005, ""pca__n_components"": 84}",84,4.0,0.005,"{""model__C"": 4.0, ""model__gamma"": 0.005, ""pca__n_components"": 84}",stage3_local_cv,3,0.7775,4.137
stage3_267,stage3_seed_0,"{""model__C"": 4.0, ""model__gamma"": 0.005, ""pca__n_components"": 84}",84,4.0,0.005,"{""model__C"": 4.0, ""model__gamma"": 0.005, ""pca__n_components"": 84}",stage3_local_cv,4,0.775,5.488
stage3_268,stage3_seed_0,"{""model__C"": 4.0, ""model__gamma"": 0.01, ""pca__n_components"": 84}",84,4.0,0.01,"{""model__C"": 4.0, ""model__gamma"": 0.01, ""pca__n_components"": 84}",stage3_local_cv,0,0.809375,4.531
stage3_268,stage3_seed_0,"{""model__C"": 4.0, ""model__gamma"": 0.01, ""pca__n_components"": 84}",84,4.0,0.01,"{""model__C"": 4.0, ""model__gamma"": 0.01, ""pca__n_components"": 84}",stage3_local_cv,1,0.805625,4.586
stage3_268,stage3_seed_0,"{""model__C"": 4.0, ""model__gamma"": 0.01, ""pca__n_components"": 84}",84,4.0,0.01,"{""model__C"": 4.0, ""model__gamma"": 0.01, ""pca__n_components"": 84}",stage3_local_cv,2,0.804375,4.516
stage3_268,stage3_seed_0,"{""model__C"": 4.0, ""model__gamma"": 0.01, ""pca__n_components"": 84}",84,4.0,0.01,"{""model__C"": 4.0, ""model__gamma"": 0.01, ""pca__n_components"": 84}",stage3_local_cv,3,0.801875,5.404
stage3_268,stage3_seed_0,"{""model__C"": 4.0, ""model__gamma"": 0.01, ""pca__n_components"": 84}",84,4.0,0.01,"{""model__C"": 4.0, ""model__gamma"": 0.01, ""pca__n_components"": 84}",stage3_local_cv,4,0.805,4.544
stage3_269,stage3_seed_0,"{""model__C"": 4.0, ""model__gamma"": 0.02, ""pca__n_components"": 84}",84,4.0,0.02,"{""model__C"": 4.0, ""model__gamma"": 0.02, ""pca__n_components"": 84}",stage3_local_cv,0,0.801875,5.839
stage3_269,stage3_seed_0,"{""model__C"": 4.0, ""model__gamma"": 0.02, ""pca__n_components"": 84}",84,4.0,0.02,"{""model__C"": 4.0, ""model__gamma"": 0.02, ""pca__n_components"": 84}",stage3_local_cv,1,0.813125,5.713
stage3_269,stage3_seed_0,"{""model__C"": 4.0, ""model__gamma"": 0.02, ""pca__n_components"": 84}",84,4.0,0.02,"{""model__C"": 4.0, ""model__gamma"": 0.02, ""pca__n_components"": 84}",stage3_local_cv,2,0.795,4.65
stage3_269,stage3_seed_0,"{""model__C"": 4.0, ""model__gamma"": 0.02, ""pca__n_components"": 84}",84,4.0,0.02,"{""model__C"": 4.0, ""model__gamma"": 0.02, ""pca__n_components"": 84}",stage3_local_cv,3,0.805625,4.862
stage3_269,stage3_seed_0,"{""model__C"": 4.0, ""model__gamma"": 0.02, ""pca__n_components"": 84}",84,4.0,0.02,"{""model__C"": 4.0, ""model__gamma"": 0.02, ""pca__n_components"": 84}",stage3_local_cv,4,0.799375,4.337
stage3_270,stage3_seed_0,"{""model__C"": 4.0, ""model__gamma"": 0.03, ""pca__n_components"": 84}",84,4.0,0.03,"{""model__C"": 4.0, ""model__gamma"": 0.03, ""pca__n_components"": 84}",stage3_local_cv,0,0.780625,4.251
stage3_270,stage3_seed_0,"{""model__C"": 4.0, ""model__gamma"": 0.03, ""pca__n_components"": 84}",84,4.0,0.03,"{""model__C"": 4.0, ""model__gamma"": 0.03, ""pca__n_components"": 84}",stage3_local_cv,1,0.785,4.559
stage3_270,stage3_seed_0,"{""model__C"": 4.0, ""model__gamma"": 0.03, ""pca__n_components"": 84}",84,4.0,0.03,"{""model__C"": 4.0, ""model__gamma"": 0.03, ""pca__n_components"": 84}",stage3_local_cv,2,0.77,5.408
stage3_270,stage3_seed_0,"{""model__C"": 4.0, ""model__gamma"": 0.03, ""pca__n_components"": 84}",84,4.0,0.03,"{""model__C"": 4.0, ""model__gamma"": 0.03, ""pca__n_components"": 84}",stage3_local_cv,3,0.78125,4.249
stage3_270,stage3_seed_0,"{""model__C"": 4.0, ""model__gamma"": 0.03, ""pca__n_components"": 84}",84,4.0,0.03,"{""model__C"": 4.0, ""model__gamma"": 0.03, ""pca__n_components"": 84}",stage3_local_cv,4,0.769375,5.615
stage3_271,stage3_seed_0,"{""model__C"": 4.0, ""model__gamma"": 0.04, ""pca__n_components"": 84}",84,4.0,0.04,"{""model__C"": 4.0, ""model__gamma"": 0.04, ""pca__n_components"": 84}",stage3_local_cv,0,0.766875,4.345
stage3_271,stage3_seed_0,"{""model__C"": 4.0, ""model__gamma"": 0.04, ""pca__n_components"": 84}",84,4.0,0.04,"{""model__C"": 4.0, ""model__gamma"": 0.04, ""pca__n_components"": 84}",stage3_local_cv,1,0.771875,4.33
stage3_271,stage3_seed_0,"{""model__C"": 4.0, ""model__gamma"": 0.04, ""pca__n_components"": 84}",84,4.0,0.04,"{""model__C"": 4.0, ""model__gamma"": 0.04, ""pca__n_components"": 84}",stage3_local_cv,2,0.7425,4.403
stage3_271,stage3_seed_0,"{""model__C"": 4.0, ""model__gamma"": 0.04, ""pca__n_components"": 84}",84,4.0,0.04,"{""model__C"": 4.0, ""model__gamma"": 0.04, ""pca__n_components"": 84}",stage3_local_cv,3,0.769375,5.643
stage3_271,stage3_seed_0,"{""model__C"": 4.0, ""model__gamma"": 0.04, ""pca__n_components"": 84}",84,4.0,0.04,"{""model__C"": 4.0, ""model__gamma"": 0.04, ""pca__n_components"": 84}",stage3_local_cv,4,0.749375,4.292
stage3_272,stage3_seed_0,"{""model__C"": 4.0, ""model__gamma"": 0.08, ""pca__n_components"": 84}",84,4.0,0.08,"{""model__C"": 4.0, ""model__gamma"": 0.08, ""pca__n_components"": 84}",stage3_local_cv,0,0.5675,7.083
stage3_272,stage3_seed_0,"{""model__C"": 4.0, ""model__gamma"": 0.08, ""pca__n_components"": 84}",84,4.0,0.08,"{""model__C"": 4.0, ""model__gamma"": 0.08, ""pca__n_components"": 84}",stage3_local_cv,1,0.578125,5.711
stage3_272,stage3_seed_0,"{""model__C"": 4.0, ""model__gamma"": 0.08, ""pca__n_components"": 84}",84,4.0,0.08,"{""model__C"": 4.0, ""model__gamma"": 0.08, ""pca__n_components"": 84}",stage3_local_cv,2,0.661875,5.723
stage3_272,stage3_seed_0,"{""model__C"": 4.0, ""model__gamma"": 0.08, ""pca__n_components"": 84}",84,4.0,0.08,"{""model__C"": 4.0, ""model__gamma"": 0.08, ""pca__n_components"": 84}",stage3_local_cv,3,0.79375,4.005
stage3_272,stage3_seed_0,"{""model__C"": 4.0, ""model__gamma"": 0.08, ""pca__n_components"": 84}",84,4.0,0.08,"{""model__C"": 4.0, ""model__gamma"": 0.08, ""pca__n_components"": 84}",stage3_local_cv,4,0.60625,4.455
stage3_273,stage3_seed_0,"{""model__C"": 6.0, ""model__gamma"": ""scale"", ""pca__n_components"": 84}",84,6.0,scale,"{""model__C"": 6.0, ""model__gamma"": ""scale"", ""pca__n_components"": 84}",stage3_local_cv,0,0.80625,5.178
stage3_273,stage3_seed_0,"{""model__C"": 6.0, ""model__gamma"": ""scale"", ""pca__n_components"": 84}",84,6.0,scale,"{""model__C"": 6.0, ""model__gamma"": ""scale"", ""pca__n_components"": 84}",stage3_local_cv,1,0.796875,4.884
stage3_273,stage3_seed_0,"{""model__C"": 6.0, ""model__gamma"": ""scale"", ""pca__n_components"": 84}",84,6.0,scale,"{""model__C"": 6.0, ""model__gamma"": ""scale"", ""pca__n_components"": 84}",stage3_local_cv,2,0.7925,5.033
stage3_273,stage3_seed_0,"{""model__C"": 6.0, ""model__gamma"": ""scale"", ""pca__n_components"": 84}",84,6.0,scale,"{""model__C"": 6.0, ""model__gamma"": ""scale"", ""pca__n_components"": 84}",stage3_local_cv,3,0.78625,5.16
stage3_273,stage3_seed_0,"{""model__C"": 6.0, ""model__gamma"": ""scale"", ""pca__n_components"": 84}",84,6.0,scale,"{""model__C"": 6.0, ""model__gamma"": ""scale"", ""pca__n_components"": 84}",stage3_local_cv,4,0.79625,5.93
stage3_274,stage3_seed_0,"{""model__C"": 6.0, ""model__gamma"": 0.005, ""pca__n_components"": 84}",84,6.0,0.005,"{""model__C"": 6.0, ""model__gamma"": 0.005, ""pca__n_components"": 84}",stage3_local_cv,0,0.804375,6.296
stage3_274,stage3_seed_0,"{""model__C"": 6.0, ""model__gamma"": 0.005, ""pca__n_components"": 84}",84,6.0,0.005,"{""model__C"": 6.0, ""model__gamma"": 0.005, ""pca__n_components"": 84}",stage3_local_cv,1,0.795,6.24
stage3_274,stage3_seed_0,"{""model__C"": 6.0, ""model__gamma"": 0.005, ""pca__n_components"": 84}",84,6.0,0.005,"{""model__C"": 6.0, ""model__gamma"": 0.005, ""pca__n_components"": 84}",stage3_local_cv,2,0.790625,5.411
stage3_274,stage3_seed_0,"{""model__C"": 6.0, ""model__gamma"": 0.005, ""pca__n_components"": 84}",84,6.0,0.005,"{""model__C"": 6.0, ""model__gamma"": 0.005, ""pca__n_components"": 84}",stage3_local_cv,3,0.784375,6.492
stage3_274,stage3_seed_0,"{""model__C"": 6.0, ""model__gamma"": 0.005, ""pca__n_components"": 84}",84,6.0,0.005,"{""model__C"": 6.0, ""model__gamma"": 0.005, ""pca__n_components"": 84}",stage3_local_cv,4,0.79125,4.865
stage3_275,stage3_seed_0,"{""model__C"": 6.0, ""model__gamma"": 0.01, ""pca__n_components"": 84}",84,6.0,0.01,"{""model__C"": 6.0, ""model__gamma"": 0.01, ""pca__n_components"": 84}",stage3_local_cv,0,0.80875,4.579
stage3_275,stage3_seed_0,"{""model__C"": 6.0, ""model__gamma"": 0.01, ""pca__n_components"": 84}",84,6.0,0.01,"{""model__C"": 6.0, ""model__gamma"": 0.01, ""pca__n_components"": 84}",stage3_local_cv,1,0.80875,4.627
stage3_275,stage3_seed_0,"{""model__C"": 6.0, ""model__gamma"": 0.01, ""pca__n_components"": 84}",84,6.0,0.01,"{""model__C"": 6.0, ""model__gamma"": 0.01, ""pca__n_components"": 84}",stage3_local_cv,2,0.813125,5.775
stage3_275,stage3_seed_0,"{""model__C"": 6.0, ""model__gamma"": 0.01, ""pca__n_components"": 84}",84,6.0,0.01,"{""model__C"": 6.0, ""model__gamma"": 0.01, ""pca__n_components"": 84}",stage3_local_cv,3,0.803125,4.522
stage3_275,stage3_seed_0,"{""model__C"": 6.0, ""model__gamma"": 0.01, ""pca__n_components"": 84}",84,6.0,0.01,"{""model__C"": 6.0, ""model__gamma"": 0.01, ""pca__n_components"": 84}",stage3_local_cv,4,0.799375,5.857
stage3_276,stage3_seed_0,"{""model__C"": 6.0, ""model__gamma"": 0.02, ""pca__n_components"": 84}",84,6.0,0.02,"{""model__C"": 6.0, ""model__gamma"": 0.02, ""pca__n_components"": 84}",stage3_local_cv,0,0.796875,4.297
stage3_276,stage3_seed_0,"{""model__C"": 6.0, ""model__gamma"": 0.02, ""pca__n_components"": 84}",84,6.0,0.02,"{""model__C"": 6.0, ""model__gamma"": 0.02, ""pca__n_components"": 84}",stage3_local_cv,1,0.81125,4.508
stage3_276,stage3_seed_0,"{""model__C"": 6.0, ""model__gamma"": 0.02, ""pca__n_components"": 84}",84,6.0,0.02,"{""model__C"": 6.0, ""model__gamma"": 0.02, ""pca__n_components"": 84}",stage3_local_cv,2,0.793125,4.438
stage3_276,stage3_seed_0,"{""model__C"": 6.0, ""model__gamma"": 0.02, ""pca__n_components"": 84}",84,6.0,0.02,"{""model__C"": 6.0, ""model__gamma"": 0.02, ""pca__n_components"": 84}",stage3_local_cv,3,0.8025,5.691
stage3_276,stage3_seed_0,"{""model__C"": 6.0, ""model__gamma"": 0.02, ""pca__n_components"": 84}",84,6.0,0.02,"{""model__C"": 6.0, ""model__gamma"": 0.02, ""pca__n_components"": 84}",stage3_local_cv,4,0.799375,4.388
stage3_277,stage3_seed_0,"{""model__C"": 6.0, ""model__gamma"": 0.03, ""pca__n_components"": 84}",84,6.0,0.03,"{""model__C"": 6.0, ""model__gamma"": 0.03, ""pca__n_components"": 84}",stage3_local_cv,0,0.78,5.593
stage3_277,stage3_seed_0,"{""model__C"": 6.0, ""model__gamma"": 0.03, ""pca__n_components"": 84}",84,6.0,0.03,"{""model__C"": 6.0, ""model__gamma"": 0.03, ""pca__n_components"": 84}",stage3_local_cv,1,0.783125,5.674
stage3_277,stage3_seed_0,"{""model__C"": 6.0, ""model__gamma"": 0.03, ""pca__n_components"": 84}",84,6.0,0.03,"{""model__C"": 6.0, ""model__gamma"": 0.03, ""pca__n_components"": 84}",stage3_local_cv,2,0.766875,6.037
stage3_277,stage3_seed_0,"{""model__C"": 6.0, ""model__gamma"": 0.03, ""pca__n_components"": 84}",84,6.0,0.03,"{""model__C"": 6.0, ""model__gamma"": 0.03, ""pca__n_components"": 84}",stage3_local_cv,3,0.779375,4.228
stage3_277,stage3_seed_0,"{""model__C"": 6.0, ""model__gamma"": 0.03, ""pca__n_components"": 84}",84,6.0,0.03,"{""model__C"": 6.0, ""model__gamma"": 0.03, ""pca__n_components"": 84}",stage3_local_cv,4,0.76875,4.322
stage3_278,stage3_seed_0,"{""model__C"": 6.0, ""model__gamma"": 0.04, ""pca__n_components"": 84}",84,6.0,0.04,"{""model__C"": 6.0, ""model__gamma"": 0.04, ""pca__n_components"": 84}",stage3_local_cv,0,0.761875,4.219
stage3_278,stage3_seed_0,"{""model__C"": 6.0, ""model__gamma"": 0.04, ""pca__n_components"": 84}",84,6.0,0.04,"{""model__C"": 6.0, ""model__gamma"": 0.04, ""pca__n_components"": 84}",stage3_local_cv,1,0.77125,4.347
stage3_278,stage3_seed_0,"{""model__C"": 6.0, ""model__gamma"": 0.04, ""pca__n_components"": 84}",84,6.0,0.04,"{""model__C"": 6.0, ""model__gamma"": 0.04, ""pca__n_components"": 84}",stage3_local_cv,2,0.73875,4.29
stage3_278,stage3_seed_0,"{""model__C"": 6.0, ""model__gamma"": 0.04, ""pca__n_components"": 84}",84,6.0,0.04,"{""model__C"": 6.0, ""model__gamma"": 0.04, ""pca__n_components"": 84}",stage3_local_cv,3,0.766875,4.19
stage3_278,stage3_seed_0,"{""model__C"": 6.0, ""model__gamma"": 0.04, ""pca__n_components"": 84}",84,6.0,0.04,"{""model__C"": 6.0, ""model__gamma"": 0.04, ""pca__n_components"": 84}",stage3_local_cv,4,0.75,5.549
stage3_279,stage3_seed_0,"{""model__C"": 6.0, ""model__gamma"": 0.08, ""pca__n_components"": 84}",84,6.0,0.08,"{""model__C"": 6.0, ""model__gamma"": 0.08, ""pca__n_components"": 84}",stage3_local_cv,0,0.55875,4.807
stage3_279,stage3_seed_0,"{""model__C"": 6.0, ""model__gamma"": 0.08, ""pca__n_components"": 84}",84,6.0,0.08,"{""model__C"": 6.0, ""model__gamma"": 0.08, ""pca__n_components"": 84}",stage3_local_cv,1,0.575625,5.079
stage3_279,stage3_seed_0,"{""model__C"": 6.0, ""model__gamma"": 0.08, ""pca__n_components"": 84}",84,6.0,0.08,"{""model__C"": 6.0, ""model__gamma"": 0.08, ""pca__n_components"": 84}",stage3_local_cv,2,0.649375,4.267
stage3_279,stage3_seed_0,"{""model__C"": 6.0, ""model__gamma"": 0.08, ""pca__n_components"": 84}",84,6.0,0.08,"{""model__C"": 6.0, ""model__gamma"": 0.08, ""pca__n_components"": 84}",stage3_local_cv,3,0.730625,5.511
stage3_279,stage3_seed_0,"{""model__C"": 6.0, ""model__gamma"": 0.08, ""pca__n_components"": 84}",84,6.0,0.08,"{""model__C"": 6.0, ""model__gamma"": 0.08, ""pca__n_components"": 84}",stage3_local_cv,4,0.598125,4.295
stage3_280,stage3_seed_0,"{""model__C"": 8.0, ""model__gamma"": ""scale"", ""pca__n_components"": 84}",84,8.0,scale,"{""model__C"": 8.0, ""model__gamma"": ""scale"", ""pca__n_components"": 84}",stage3_local_cv,0,0.811875,5.834
stage3_280,stage3_seed_0,"{""model__C"": 8.0, ""model__gamma"": ""scale"", ""pca__n_components"": 84}",84,8.0,scale,"{""model__C"": 8.0, ""model__gamma"": ""scale"", ""pca__n_components"": 84}",stage3_local_cv,1,0.805,5.892
stage3_280,stage3_seed_0,"{""model__C"": 8.0, ""model__gamma"": ""scale"", ""pca__n_components"": 84}",84,8.0,scale,"{""model__C"": 8.0, ""model__gamma"": ""scale"", ""pca__n_components"": 84}",stage3_local_cv,2,0.791875,6.211
stage3_280,stage3_seed_0,"{""model__C"": 8.0, ""model__gamma"": ""scale"", ""pca__n_components"": 84}",84,8.0,scale,"{""model__C"": 8.0, ""model__gamma"": ""scale"", ""pca__n_components"": 84}",stage3_local_cv,3,0.788125,4.842
stage3_280,stage3_seed_0,"{""model__C"": 8.0, ""model__gamma"": ""scale"", ""pca__n_components"": 84}",84,8.0,scale,"{""model__C"": 8.0, ""model__gamma"": ""scale"", ""pca__n_components"": 84}",stage3_local_cv,4,0.7975,6.687
stage3_281,stage3_seed_0,"{""model__C"": 8.0, ""model__gamma"": 0.005, ""pca__n_components"": 84}",84,8.0,0.005,"{""model__C"": 8.0, ""model__gamma"": 0.005, ""pca__n_components"": 84}",stage3_local_cv,0,0.808125,4.949
stage3_281,stage3_seed_0,"{""model__C"": 8.0, ""model__gamma"": 0.005, ""pca__n_components"": 84}",84,8.0,0.005,"{""model__C"": 8.0, ""model__gamma"": 0.005, ""pca__n_components"": 84}",stage3_local_cv,1,0.804375,4.998
stage3_281,stage3_seed_0,"{""model__C"": 8.0, ""model__gamma"": 0.005, ""pca__n_components"": 84}",84,8.0,0.005,"{""model__C"": 8.0, ""model__gamma"": 0.005, ""pca__n_components"": 84}",stage3_local_cv,2,0.791875,5.045
stage3_281,stage3_seed_0,"{""model__C"": 8.0, ""model__gamma"": 0.005, ""pca__n_components"": 84}",84,8.0,0.005,"{""model__C"": 8.0, ""model__gamma"": 0.005, ""pca__n_components"": 84}",stage3_local_cv,3,0.788125,6.642
stage3_281,stage3_seed_0,"{""model__C"": 8.0, ""model__gamma"": 0.005, ""pca__n_components"": 84}",84,8.0,0.005,"{""model__C"": 8.0, ""model__gamma"": 0.005, ""pca__n_components"": 84}",stage3_local_cv,4,0.795,5.079
stage3_282,stage3_seed_0,"{""model__C"": 8.0, ""model__gamma"": 0.01, ""pca__n_components"": 84}",84,8.0,0.01,"{""model__C"": 8.0, ""model__gamma"": 0.01, ""pca__n_components"": 84}",stage3_local_cv,0,0.804375,5.834
stage3_282,stage3_seed_0,"{""model__C"": 8.0, ""model__gamma"": 0.01, ""pca__n_components"": 84}",84,8.0,0.01,"{""model__C"": 8.0, ""model__gamma"": 0.01, ""pca__n_components"": 84}",stage3_local_cv,1,0.80875,6.081
stage3_282,stage3_seed_0,"{""model__C"": 8.0, ""model__gamma"": 0.01, ""pca__n_components"": 84}",84,8.0,0.01,"{""model__C"": 8.0, ""model__gamma"": 0.01, ""pca__n_components"": 84}",stage3_local_cv,2,0.81375,6.039
stage3_282,stage3_seed_0,"{""model__C"": 8.0, ""model__gamma"": 0.01, ""pca__n_components"": 84}",84,8.0,0.01,"{""model__C"": 8.0, ""model__gamma"": 0.01, ""pca__n_components"": 84}",stage3_local_cv,3,0.798125,4.571
stage3_282,stage3_seed_0,"{""model__C"": 8.0, ""model__gamma"": 0.01, ""pca__n_components"": 84}",84,8.0,0.01,"{""model__C"": 8.0, ""model__gamma"": 0.01, ""pca__n_components"": 84}",stage3_local_cv,4,0.798125,4.892
stage3_283,stage3_seed_0,"{""model__C"": 8.0, ""model__gamma"": 0.02, ""pca__n_components"": 84}",84,8.0,0.02,"{""model__C"": 8.0, ""model__gamma"": 0.02, ""pca__n_components"": 84}",stage3_local_cv,0,0.793125,4.694
stage3_283,stage3_seed_0,"{""model__C"": 8.0, ""model__gamma"": 0.02, ""pca__n_components"": 84}",84,8.0,0.02,"{""model__C"": 8.0, ""model__gamma"": 0.02, ""pca__n_components"": 84}",stage3_local_cv,1,0.808125,4.4
stage3_283,stage3_seed_0,"{""model__C"": 8.0, ""model__gamma"": 0.02, ""pca__n_components"": 84}",84,8.0,0.02,"{""model__C"": 8.0, ""model__gamma"": 0.02, ""pca__n_components"": 84}",stage3_local_cv,2,0.79375,4.582
stage3_283,stage3_seed_0,"{""model__C"": 8.0, ""model__gamma"": 0.02, ""pca__n_components"": 84}",84,8.0,0.02,"{""model__C"": 8.0, ""model__gamma"": 0.02, ""pca__n_components"": 84}",stage3_local_cv,3,0.800625,4.288
stage3_283,stage3_seed_0,"{""model__C"": 8.0, ""model__gamma"": 0.02, ""pca__n_components"": 84}",84,8.0,0.02,"{""model__C"": 8.0, ""model__gamma"": 0.02, ""pca__n_components"": 84}",stage3_local_cv,4,0.7975,5.346
stage3_284,stage3_seed_0,"{""model__C"": 8.0, ""model__gamma"": 0.03, ""pca__n_components"": 84}",84,8.0,0.03,"{""model__C"": 8.0, ""model__gamma"": 0.03, ""pca__n_components"": 84}",stage3_local_cv,0,0.77875,4.359
stage3_284,stage3_seed_0,"{""model__C"": 8.0, ""model__gamma"": 0.03, ""pca__n_components"": 84}",84,8.0,0.03,"{""model__C"": 8.0, ""model__gamma"": 0.03, ""pca__n_components"": 84}",stage3_local_cv,1,0.781875,4.958
stage3_284,stage3_seed_0,"{""model__C"": 8.0, ""model__gamma"": 0.03, ""pca__n_components"": 84}",84,8.0,0.03,"{""model__C"": 8.0, ""model__gamma"": 0.03, ""pca__n_components"": 84}",stage3_local_cv,2,0.764375,4.508
stage3_284,stage3_seed_0,"{""model__C"": 8.0, ""model__gamma"": 0.03, ""pca__n_components"": 84}",84,8.0,0.03,"{""model__C"": 8.0, ""model__gamma"": 0.03, ""pca__n_components"": 84}",stage3_local_cv,3,0.7775,5.568
stage3_284,stage3_seed_0,"{""model__C"": 8.0, ""model__gamma"": 0.03, ""pca__n_components"": 84}",84,8.0,0.03,"{""model__C"": 8.0, ""model__gamma"": 0.03, ""pca__n_components"": 84}",stage3_local_cv,4,0.766875,4.307
stage3_285,stage3_seed_0,"{""model__C"": 8.0, ""model__gamma"": 0.04, ""pca__n_components"": 84}",84,8.0,0.04,"{""model__C"": 8.0, ""model__gamma"": 0.04, ""pca__n_components"": 84}",stage3_local_cv,0,0.7625,5.524
stage3_285,stage3_seed_0,"{""model__C"": 8.0, ""model__gamma"": 0.04, ""pca__n_components"": 84}",84,8.0,0.04,"{""model__C"": 8.0, ""model__gamma"": 0.04, ""pca__n_components"": 84}",stage3_local_cv,1,0.77125,5.245
stage3_285,stage3_seed_0,"{""model__C"": 8.0, ""model__gamma"": 0.04, ""pca__n_components"": 84}",84,8.0,0.04,"{""model__C"": 8.0, ""model__gamma"": 0.04, ""pca__n_components"": 84}",stage3_local_cv,2,0.738125,5.724
stage3_285,stage3_seed_0,"{""model__C"": 8.0, ""model__gamma"": 0.04, ""pca__n_components"": 84}",84,8.0,0.04,"{""model__C"": 8.0, ""model__gamma"": 0.04, ""pca__n_components"": 84}",stage3_local_cv,3,0.76375,4.24
stage3_285,stage3_seed_0,"{""model__C"": 8.0, ""model__gamma"": 0.04, ""pca__n_components"": 84}",84,8.0,0.04,"{""model__C"": 8.0, ""model__gamma"": 0.04, ""pca__n_components"": 84}",stage3_local_cv,4,0.74875,5.883
stage3_286,stage3_seed_0,"{""model__C"": 8.0, ""model__gamma"": 0.08, ""pca__n_components"": 84}",84,8.0,0.08,"{""model__C"": 8.0, ""model__gamma"": 0.08, ""pca__n_components"": 84}",stage3_local_cv,0,0.558125,4.306
stage3_286,stage3_seed_0,"{""model__C"": 8.0, ""model__gamma"": 0.08, ""pca__n_components"": 84}",84,8.0,0.08,"{""model__C"": 8.0, ""model__gamma"": 0.08, ""pca__n_components"": 84}",stage3_local_cv,1,0.57125,4.437
stage3_286,stage3_seed_0,"{""model__C"": 8.0, ""model__gamma"": 0.08, ""pca__n_components"": 84}",84,8.0,0.08,"{""model__C"": 8.0, ""model__gamma"": 0.08, ""pca__n_components"": 84}",stage3_local_cv,2,0.63375,4.199
stage3_286,stage3_seed_0,"{""model__C"": 8.0, ""model__gamma"": 0.08, ""pca__n_components"": 84}",84,8.0,0.08,"{""model__C"": 8.0, ""model__gamma"": 0.08, ""pca__n_components"": 84}",stage3_local_cv,3,0.69375,4.089
stage3_286,stage3_seed_0,"{""model__C"": 8.0, ""model__gamma"": 0.08, ""pca__n_components"": 84}",84,8.0,0.08,"{""model__C"": 8.0, ""model__gamma"": 0.08, ""pca__n_components"": 84}",stage3_local_cv,4,0.59375,4.303
stage3_287,stage3_seed_0,"{""model__C"": 12.0, ""model__gamma"": ""scale"", ""pca__n_components"": 84}",84,12.0,scale,"{""model__C"": 12.0, ""model__gamma"": ""scale"", ""pca__n_components"": 84}",stage3_local_cv,0,0.80875,6.426
stage3_287,stage3_seed_0,"{""model__C"": 12.0, ""model__gamma"": ""scale"", ""pca__n_components"": 84}",84,12.0,scale,"{""model__C"": 12.0, ""model__gamma"": ""scale"", ""pca__n_components"": 84}",stage3_local_cv,1,0.8075,6.56
stage3_287,stage3_seed_0,"{""model__C"": 12.0, ""model__gamma"": ""scale"", ""pca__n_components"": 84}",84,12.0,scale,"{""model__C"": 12.0, ""model__gamma"": ""scale"", ""pca__n_components"": 84}",stage3_local_cv,2,0.7975,6.721
stage3_287,stage3_seed_0,"{""model__C"": 12.0, ""model__gamma"": ""scale"", ""pca__n_components"": 84}",84,12.0,scale,"{""model__C"": 12.0, ""model__gamma"": ""scale"", ""pca__n_components"": 84}",stage3_local_cv,3,0.79125,6.423
stage3_287,stage3_seed_0,"{""model__C"": 12.0, ""model__gamma"": ""scale"", ""pca__n_components"": 84}",84,12.0,scale,"{""model__C"": 12.0, ""model__gamma"": ""scale"", ""pca__n_components"": 84}",stage3_local_cv,4,0.800625,5.116
stage3_288,stage3_seed_0,"{""model__C"": 12.0, ""model__gamma"": 0.005, ""pca__n_components"": 84}",84,12.0,0.005,"{""model__C"": 12.0, ""model__gamma"": 0.005, ""pca__n_components"": 84}",stage3_local_cv,0,0.81,5.101
stage3_288,stage3_seed_0,"{""model__C"": 12.0, ""model__gamma"": 0.005, ""pca__n_components"": 84}",84,12.0,0.005,"{""model__C"": 12.0, ""model__gamma"": 0.005, ""pca__n_components"": 84}",stage3_local_cv,1,0.805,5.178
stage3_288,stage3_seed_0,"{""model__C"": 12.0, ""model__gamma"": 0.005, ""pca__n_components"": 84}",84,12.0,0.005,"{""model__C"": 12.0, ""model__gamma"": 0.005, ""pca__n_components"": 84}",stage3_local_cv,2,0.793125,5.597
stage3_288,stage3_seed_0,"{""model__C"": 12.0, ""model__gamma"": 0.005, ""pca__n_components"": 84}",84,12.0,0.005,"{""model__C"": 12.0, ""model__gamma"": 0.005, ""pca__n_components"": 84}",stage3_local_cv,3,0.790625,4.98
stage3_288,stage3_seed_0,"{""model__C"": 12.0, ""model__gamma"": 0.005, ""pca__n_components"": 84}",84,12.0,0.005,"{""model__C"": 12.0, ""model__gamma"": 0.005, ""pca__n_components"": 84}",stage3_local_cv,4,0.801875,6.557
stage3_289,stage3_seed_0,"{""model__C"": 12.0, ""model__gamma"": 0.01, ""pca__n_components"": 84}",84,12.0,0.01,"{""model__C"": 12.0, ""model__gamma"": 0.01, ""pca__n_components"": 84}",stage3_local_cv,0,0.800625,4.485
stage3_289,stage3_seed_0,"{""model__C"": 12.0, ""model__gamma"": 0.01, ""pca__n_components"": 84}",84,12.0,0.01,"{""model__C"": 12.0, ""model__gamma"": 0.01, ""pca__n_components"": 84}",stage3_local_cv,1,0.806875,5.184
stage3_289,stage3_seed_0,"{""model__C"": 12.0, ""model__gamma"": 0.01, ""pca__n_components"": 84}",84,12.0,0.01,"{""model__C"": 12.0, ""model__gamma"": 0.01, ""pca__n_components"": 84}",stage3_local_cv,2,0.809375,4.631
stage3_289,stage3_seed_0,"{""model__C"": 12.0, ""model__gamma"": 0.01, ""pca__n_components"": 84}",84,12.0,0.01,"{""model__C"": 12.0, ""model__gamma"": 0.01, ""pca__n_components"": 84}",stage3_local_cv,3,0.798125,5.79
stage3_289,stage3_seed_0,"{""model__C"": 12.0, ""model__gamma"": 0.01, ""pca__n_components"": 84}",84,12.0,0.01,"{""model__C"": 12.0, ""model__gamma"": 0.01, ""pca__n_components"": 84}",stage3_local_cv,4,0.796875,4.545
stage3_290,stage3_seed_0,"{""model__C"": 12.0, ""model__gamma"": 0.02, ""pca__n_components"": 84}",84,12.0,0.02,"{""model__C"": 12.0, ""model__gamma"": 0.02, ""pca__n_components"": 84}",stage3_local_cv,0,0.79125,5.755
stage3_290,stage3_seed_0,"{""model__C"": 12.0, ""model__gamma"": 0.02, ""pca__n_components"": 84}",84,12.0,0.02,"{""model__C"": 12.0, ""model__gamma"": 0.02, ""pca__n_components"": 84}",stage3_local_cv,1,0.805625,5.221
stage3_290,stage3_seed_0,"{""model__C"": 12.0, ""model__gamma"": 0.02, ""pca__n_components"": 84}",84,12.0,0.02,"{""model__C"": 12.0, ""model__gamma"": 0.02, ""pca__n_components"": 84}",stage3_local_cv,2,0.79625,5.743
stage3_290,stage3_seed_0,"{""model__C"": 12.0, ""model__gamma"": 0.02, ""pca__n_components"": 84}",84,12.0,0.02,"{""model__C"": 12.0, ""model__gamma"": 0.02, ""pca__n_components"": 84}",stage3_local_cv,3,0.794375,4.29
stage3_290,stage3_seed_0,"{""model__C"": 12.0, ""model__gamma"": 0.02, ""pca__n_components"": 84}",84,12.0,0.02,"{""model__C"": 12.0, ""model__gamma"": 0.02, ""pca__n_components"": 84}",stage3_local_cv,4,0.798125,5.886
stage3_291,stage3_seed_0,"{""model__C"": 12.0, ""model__gamma"": 0.03, ""pca__n_components"": 84}",84,12.0,0.03,"{""model__C"": 12.0, ""model__gamma"": 0.03, ""pca__n_components"": 84}",stage3_local_cv,0,0.7775,4.506
stage3_291,stage3_seed_0,"{""model__C"": 12.0, ""model__gamma"": 0.03, ""pca__n_components"": 84}",84,12.0,0.03,"{""model__C"": 12.0, ""model__gamma"": 0.03, ""pca__n_components"": 84}",stage3_local_cv,1,0.783125,4.394
stage3_291,stage3_seed_0,"{""model__C"": 12.0, ""model__gamma"": 0.03, ""pca__n_components"": 84}",84,12.0,0.03,"{""model__C"": 12.0, ""model__gamma"": 0.03, ""pca__n_components"": 84}",stage3_local_cv,2,0.761875,4.349
stage3_291,stage3_seed_0,"{""model__C"": 12.0, ""model__gamma"": 0.03, ""pca__n_components"": 84}",84,12.0,0.03,"{""model__C"": 12.0, ""model__gamma"": 0.03, ""pca__n_components"": 84}",stage3_local_cv,3,0.773125,4.251
stage3_291,stage3_seed_0,"{""model__C"": 12.0, ""model__gamma"": 0.03, ""pca__n_components"": 84}",84,12.0,0.03,"{""model__C"": 12.0, ""model__gamma"": 0.03, ""pca__n_components"": 84}",stage3_local_cv,4,0.769375,4.378
stage3_292,stage3_seed_0,"{""model__C"": 12.0, ""model__gamma"": 0.04, ""pca__n_components"": 84}",84,12.0,0.04,"{""model__C"": 12.0, ""model__gamma"": 0.04, ""pca__n_components"": 84}",stage3_local_cv,0,0.76125,5.32
stage3_292,stage3_seed_0,"{""model__C"": 12.0, ""model__gamma"": 0.04, ""pca__n_components"": 84}",84,12.0,0.04,"{""model__C"": 12.0, ""model__gamma"": 0.04, ""pca__n_components"": 84}",stage3_local_cv,1,0.768125,5.995
stage3_292,stage3_seed_0,"{""model__C"": 12.0, ""model__gamma"": 0.04, ""pca__n_components"": 84}",84,12.0,0.04,"{""model__C"": 12.0, ""model__gamma"": 0.04, ""pca__n_components"": 84}",stage3_local_cv,2,0.7375,4.77
stage3_292,stage3_seed_0,"{""model__C"": 12.0, ""model__gamma"": 0.04, ""pca__n_components"": 84}",84,12.0,0.04,"{""model__C"": 12.0, ""model__gamma"": 0.04, ""pca__n_components"": 84}",stage3_local_cv,3,0.761875,5.525
stage3_292,stage3_seed_0,"{""model__C"": 12.0, ""model__gamma"": 0.04, ""pca__n_components"": 84}",84,12.0,0.04,"{""model__C"": 12.0, ""model__gamma"": 0.04, ""pca__n_components"": 84}",stage3_local_cv,4,0.750625,4.309
stage3_293,stage3_seed_0,"{""model__C"": 12.0, ""model__gamma"": 0.08, ""pca__n_components"": 84}",84,12.0,0.08,"{""model__C"": 12.0, ""model__gamma"": 0.08, ""pca__n_components"": 84}",stage3_local_cv,0,0.554375,4.788
stage3_293,stage3_seed_0,"{""model__C"": 12.0, ""model__gamma"": 0.08, ""pca__n_components"": 84}",84,12.0,0.08,"{""model__C"": 12.0, ""model__gamma"": 0.08, ""pca__n_components"": 84}",stage3_local_cv,1,0.565,4.495
stage3_293,stage3_seed_0,"{""model__C"": 12.0, ""model__gamma"": 0.08, ""pca__n_components"": 84}",84,12.0,0.08,"{""model__C"": 12.0, ""model__gamma"": 0.08, ""pca__n_components"": 84}",stage3_local_cv,2,0.616875,5.318
stage3_293,stage3_seed_0,"{""model__C"": 12.0, ""model__gamma"": 0.08, ""pca__n_components"": 84}",84,12.0,0.08,"{""model__C"": 12.0, ""model__gamma"": 0.08, ""pca__n_components"": 84}",stage3_local_cv,3,0.66875,4.12
stage3_293,stage3_seed_0,"{""model__C"": 12.0, ""model__gamma"": 0.08, ""pca__n_components"": 84}",84,12.0,0.08,"{""model__C"": 12.0, ""model__gamma"": 0.08, ""pca__n_components"": 84}",stage3_local_cv,4,0.585,5.659
stage3_294,stage3_seed_0,"{""model__C"": 2.0, ""model__gamma"": ""scale"", ""pca__n_components"": 88}",88,2.0,scale,"{""model__C"": 2.0, ""model__gamma"": ""scale"", ""pca__n_components"": 88}",stage3_local_cv,0,0.769375,4.189
stage3_294,stage3_seed_0,"{""model__C"": 2.0, ""model__gamma"": ""scale"", ""pca__n_components"": 88}",88,2.0,scale,"{""model__C"": 2.0, ""model__gamma"": ""scale"", ""pca__n_components"": 88}",stage3_local_cv,1,0.75875,4.247
stage3_294,stage3_seed_0,"{""model__C"": 2.0, ""model__gamma"": ""scale"", ""pca__n_components"": 88}",88,2.0,scale,"{""model__C"": 2.0, ""model__gamma"": ""scale"", ""pca__n_components"": 88}",stage3_local_cv,2,0.75875,4.159
stage3_294,stage3_seed_0,"{""model__C"": 2.0, ""model__gamma"": ""scale"", ""pca__n_components"": 88}",88,2.0,scale,"{""model__C"": 2.0, ""model__gamma"": ""scale"", ""pca__n_components"": 88}",stage3_local_cv,3,0.76875,4.316
stage3_294,stage3_seed_0,"{""model__C"": 2.0, ""model__gamma"": ""scale"", ""pca__n_components"": 88}",88,2.0,scale,"{""model__C"": 2.0, ""model__gamma"": ""scale"", ""pca__n_components"": 88}",stage3_local_cv,4,0.755625,4.186
stage3_295,stage3_seed_0,"{""model__C"": 2.0, ""model__gamma"": 0.005, ""pca__n_components"": 88}",88,2.0,0.005,"{""model__C"": 2.0, ""model__gamma"": 0.005, ""pca__n_components"": 88}",stage3_local_cv,0,0.766875,5.422
stage3_295,stage3_seed_0,"{""model__C"": 2.0, ""model__gamma"": 0.005, ""pca__n_components"": 88}",88,2.0,0.005,"{""model__C"": 2.0, ""model__gamma"": 0.005, ""pca__n_components"": 88}",stage3_local_cv,1,0.756875,5.315
stage3_295,stage3_seed_0,"{""model__C"": 2.0, ""model__gamma"": 0.005, ""pca__n_components"": 88}",88,2.0,0.005,"{""model__C"": 2.0, ""model__gamma"": 0.005, ""pca__n_components"": 88}",stage3_local_cv,2,0.755625,5.363
stage3_295,stage3_seed_0,"{""model__C"": 2.0, ""model__gamma"": 0.005, ""pca__n_components"": 88}",88,2.0,0.005,"{""model__C"": 2.0, ""model__gamma"": 0.005, ""pca__n_components"": 88}",stage3_local_cv,3,0.765,5.272
stage3_295,stage3_seed_0,"{""model__C"": 2.0, ""model__gamma"": 0.005, ""pca__n_components"": 88}",88,2.0,0.005,"{""model__C"": 2.0, ""model__gamma"": 0.005, ""pca__n_components"": 88}",stage3_local_cv,4,0.751875,4.355
stage3_296,stage3_seed_0,"{""model__C"": 2.0, ""model__gamma"": 0.01, ""pca__n_components"": 88}",88,2.0,0.01,"{""model__C"": 2.0, ""model__gamma"": 0.01, ""pca__n_components"": 88}",stage3_local_cv,0,0.804375,4.736
stage3_296,stage3_seed_0,"{""model__C"": 2.0, ""model__gamma"": 0.01, ""pca__n_components"": 88}",88,2.0,0.01,"{""model__C"": 2.0, ""model__gamma"": 0.01, ""pca__n_components"": 88}",stage3_local_cv,1,0.799375,4.745
stage3_296,stage3_seed_0,"{""model__C"": 2.0, ""model__gamma"": 0.01, ""pca__n_components"": 88}",88,2.0,0.01,"{""model__C"": 2.0, ""model__gamma"": 0.01, ""pca__n_components"": 88}",stage3_local_cv,2,0.79125,5.021
stage3_296,stage3_seed_0,"{""model__C"": 2.0, ""model__gamma"": 0.01, ""pca__n_components"": 88}",88,2.0,0.01,"{""model__C"": 2.0, ""model__gamma"": 0.01, ""pca__n_components"": 88}",stage3_local_cv,3,0.798125,4.694
stage3_296,stage3_seed_0,"{""model__C"": 2.0, ""model__gamma"": 0.01, ""pca__n_components"": 88}",88,2.0,0.01,"{""model__C"": 2.0, ""model__gamma"": 0.01, ""pca__n_components"": 88}",stage3_local_cv,4,0.8025,5.737
stage3_297,stage3_seed_0,"{""model__C"": 2.0, ""model__gamma"": 0.02, ""pca__n_components"": 88}",88,2.0,0.02,"{""model__C"": 2.0, ""model__gamma"": 0.02, ""pca__n_components"": 88}",stage3_local_cv,0,0.805,4.608
stage3_297,stage3_seed_0,"{""model__C"": 2.0, ""model__gamma"": 0.02, ""pca__n_components"": 88}",88,2.0,0.02,"{""model__C"": 2.0, ""model__gamma"": 0.02, ""pca__n_components"": 88}",stage3_local_cv,1,0.808125,5.245
stage3_297,stage3_seed_0,"{""model__C"": 2.0, ""model__gamma"": 0.02, ""pca__n_components"": 88}",88,2.0,0.02,"{""model__C"": 2.0, ""model__gamma"": 0.02, ""pca__n_components"": 88}",stage3_local_cv,2,0.7975,4.612
stage3_297,stage3_seed_0,"{""model__C"": 2.0, ""model__gamma"": 0.02, ""pca__n_components"": 88}",88,2.0,0.02,"{""model__C"": 2.0, ""model__gamma"": 0.02, ""pca__n_components"": 88}",stage3_local_cv,3,0.803125,6.147
stage3_297,stage3_seed_0,"{""model__C"": 2.0, ""model__gamma"": 0.02, ""pca__n_components"": 88}",88,2.0,0.02,"{""model__C"": 2.0, ""model__gamma"": 0.02, ""pca__n_components"": 88}",stage3_local_cv,4,0.798125,4.671
stage3_298,stage3_seed_0,"{""model__C"": 2.0, ""model__gamma"": 0.03, ""pca__n_components"": 88}",88,2.0,0.03,"{""model__C"": 2.0, ""model__gamma"": 0.03, ""pca__n_components"": 88}",stage3_local_cv,0,0.779375,5.907
stage3_298,stage3_seed_0,"{""model__C"": 2.0, ""model__gamma"": 0.03, ""pca__n_components"": 88}",88,2.0,0.03,"{""model__C"": 2.0, ""model__gamma"": 0.03, ""pca__n_components"": 88}",stage3_local_cv,1,0.78375,5.516
stage3_298,stage3_seed_0,"{""model__C"": 2.0, ""model__gamma"": 0.03, ""pca__n_components"": 88}",88,2.0,0.03,"{""model__C"": 2.0, ""model__gamma"": 0.03, ""pca__n_components"": 88}",stage3_local_cv,2,0.7675,5.958
stage3_298,stage3_seed_0,"{""model__C"": 2.0, ""model__gamma"": 0.03, ""pca__n_components"": 88}",88,2.0,0.03,"{""model__C"": 2.0, ""model__gamma"": 0.03, ""pca__n_components"": 88}",stage3_local_cv,3,0.78375,4.519
stage3_298,stage3_seed_0,"{""model__C"": 2.0, ""model__gamma"": 0.03, ""pca__n_components"": 88}",88,2.0,0.03,"{""model__C"": 2.0, ""model__gamma"": 0.03, ""pca__n_components"": 88}",stage3_local_cv,4,0.765,6.015
stage3_299,stage3_seed_0,"{""model__C"": 2.0, ""model__gamma"": 0.04, ""pca__n_components"": 88}",88,2.0,0.04,"{""model__C"": 2.0, ""model__gamma"": 0.04, ""pca__n_components"": 88}",stage3_local_cv,0,0.759375,4.501
stage3_299,stage3_seed_0,"{""model__C"": 2.0, ""model__gamma"": 0.04, ""pca__n_components"": 88}",88,2.0,0.04,"{""model__C"": 2.0, ""model__gamma"": 0.04, ""pca__n_components"": 88}",stage3_local_cv,1,0.770625,4.608
stage3_299,stage3_seed_0,"{""model__C"": 2.0, ""model__gamma"": 0.04, ""pca__n_components"": 88}",88,2.0,0.04,"{""model__C"": 2.0, ""model__gamma"": 0.04, ""pca__n_components"": 88}",stage3_local_cv,2,0.7375,4.635
stage3_299,stage3_seed_0,"{""model__C"": 2.0, ""model__gamma"": 0.04, ""pca__n_components"": 88}",88,2.0,0.04,"{""model__C"": 2.0, ""model__gamma"": 0.04, ""pca__n_components"": 88}",stage3_local_cv,3,0.77125,4.609
stage3_299,stage3_seed_0,"{""model__C"": 2.0, ""model__gamma"": 0.04, ""pca__n_components"": 88}",88,2.0,0.04,"{""model__C"": 2.0, ""model__gamma"": 0.04, ""pca__n_components"": 88}",stage3_local_cv,4,0.75125,4.575
stage3_300,stage3_seed_0,"{""model__C"": 2.0, ""model__gamma"": 0.08, ""pca__n_components"": 88}",88,2.0,0.08,"{""model__C"": 2.0, ""model__gamma"": 0.08, ""pca__n_components"": 88}",stage3_local_cv,0,0.574375,5.62
stage3_300,stage3_seed_0,"{""model__C"": 2.0, ""model__gamma"": 0.08, ""pca__n_components"": 88}",88,2.0,0.08,"{""model__C"": 2.0, ""model__gamma"": 0.08, ""pca__n_components"": 88}",stage3_local_cv,1,0.586875,6.068
stage3_300,stage3_seed_0,"{""model__C"": 2.0, ""model__gamma"": 0.08, ""pca__n_components"": 88}",88,2.0,0.08,"{""model__C"": 2.0, ""model__gamma"": 0.08, ""pca__n_components"": 88}",stage3_local_cv,2,0.6725,5.281
stage3_300,stage3_seed_0,"{""model__C"": 2.0, ""model__gamma"": 0.08, ""pca__n_components"": 88}",88,2.0,0.08,"{""model__C"": 2.0, ""model__gamma"": 0.08, ""pca__n_components"": 88}",stage3_local_cv,3,0.730625,5.658
stage3_300,stage3_seed_0,"{""model__C"": 2.0, ""model__gamma"": 0.08, ""pca__n_components"": 88}",88,2.0,0.08,"{""model__C"": 2.0, ""model__gamma"": 0.08, ""pca__n_components"": 88}",stage3_local_cv,4,0.625,4.498
stage3_301,stage3_seed_0,"{""model__C"": 3.0, ""model__gamma"": ""scale"", ""pca__n_components"": 88}",88,3.0,scale,"{""model__C"": 3.0, ""model__gamma"": ""scale"", ""pca__n_components"": 88}",stage3_local_cv,0,0.784375,4.781
stage3_301,stage3_seed_0,"{""model__C"": 3.0, ""model__gamma"": ""scale"", ""pca__n_components"": 88}",88,3.0,scale,"{""model__C"": 3.0, ""model__gamma"": ""scale"", ""pca__n_components"": 88}",stage3_local_cv,1,0.77375,4.371
stage3_301,stage3_seed_0,"{""model__C"": 3.0, ""model__gamma"": ""scale"", ""pca__n_components"": 88}",88,3.0,scale,"{""model__C"": 3.0, ""model__gamma"": ""scale"", ""pca__n_components"": 88}",stage3_local_cv,2,0.768125,5.098
stage3_301,stage3_seed_0,"{""model__C"": 3.0, ""model__gamma"": ""scale"", ""pca__n_components"": 88}",88,3.0,scale,"{""model__C"": 3.0, ""model__gamma"": ""scale"", ""pca__n_components"": 88}",stage3_local_cv,3,0.78125,4.348
stage3_301,stage3_seed_0,"{""model__C"": 3.0, ""model__gamma"": ""scale"", ""pca__n_components"": 88}",88,3.0,scale,"{""model__C"": 3.0, ""model__gamma"": ""scale"", ""pca__n_components"": 88}",stage3_local_cv,4,0.7675,5.566
stage3_302,stage3_seed_0,"{""model__C"": 3.0, ""model__gamma"": 0.005, ""pca__n_components"": 88}",88,3.0,0.005,"{""model__C"": 3.0, ""model__gamma"": 0.005, ""pca__n_components"": 88}",stage3_local_cv,0,0.781875,4.314
stage3_302,stage3_seed_0,"{""model__C"": 3.0, ""model__gamma"": 0.005, ""pca__n_components"": 88}",88,3.0,0.005,"{""model__C"": 3.0, ""model__gamma"": 0.005, ""pca__n_components"": 88}",stage3_local_cv,1,0.77125,4.388
stage3_302,stage3_seed_0,"{""model__C"": 3.0, ""model__gamma"": 0.005, ""pca__n_components"": 88}",88,3.0,0.005,"{""model__C"": 3.0, ""model__gamma"": 0.005, ""pca__n_components"": 88}",stage3_local_cv,2,0.766875,4.313
stage3_302,stage3_seed_0,"{""model__C"": 3.0, ""model__gamma"": 0.005, ""pca__n_components"": 88}",88,3.0,0.005,"{""model__C"": 3.0, ""model__gamma"": 0.005, ""pca__n_components"": 88}",stage3_local_cv,3,0.778125,5.28
stage3_302,stage3_seed_0,"{""model__C"": 3.0, ""model__gamma"": 0.005, ""pca__n_components"": 88}",88,3.0,0.005,"{""model__C"": 3.0, ""model__gamma"": 0.005, ""pca__n_components"": 88}",stage3_local_cv,4,0.761875,4.3
stage3_303,stage3_seed_0,"{""model__C"": 3.0, ""model__gamma"": 0.01, ""pca__n_components"": 88}",88,3.0,0.01,"{""model__C"": 3.0, ""model__gamma"": 0.01, ""pca__n_components"": 88}",stage3_local_cv,0,0.810625,6.066
stage3_303,stage3_seed_0,"{""model__C"": 3.0, ""model__gamma"": 0.01, ""pca__n_components"": 88}",88,3.0,0.01,"{""model__C"": 3.0, ""model__gamma"": 0.01, ""pca__n_components"": 88}",stage3_local_cv,1,0.805,6.145
stage3_303,stage3_seed_0,"{""model__C"": 3.0, ""model__gamma"": 0.01, ""pca__n_components"": 88}",88,3.0,0.01,"{""model__C"": 3.0, ""model__gamma"": 0.01, ""pca__n_components"": 88}",stage3_local_cv,2,0.80125,6.221
stage3_303,stage3_seed_0,"{""model__C"": 3.0, ""model__gamma"": 0.01, ""pca__n_components"": 88}",88,3.0,0.01,"{""model__C"": 3.0, ""model__gamma"": 0.01, ""pca__n_components"": 88}",stage3_local_cv,3,0.8025,5.198
stage3_303,stage3_seed_0,"{""model__C"": 3.0, ""model__gamma"": 0.01, ""pca__n_components"": 88}",88,3.0,0.01,"{""model__C"": 3.0, ""model__gamma"": 0.01, ""pca__n_components"": 88}",stage3_local_cv,4,0.8125,6.263
stage3_304,stage3_seed_0,"{""model__C"": 3.0, ""model__gamma"": 0.02, ""pca__n_components"": 88}",88,3.0,0.02,"{""model__C"": 3.0, ""model__gamma"": 0.02, ""pca__n_components"": 88}",stage3_local_cv,0,0.80375,4.591
stage3_304,stage3_seed_0,"{""model__C"": 3.0, ""model__gamma"": 0.02, ""pca__n_components"": 88}",88,3.0,0.02,"{""model__C"": 3.0, ""model__gamma"": 0.02, ""pca__n_components"": 88}",stage3_local_cv,1,0.810625,4.631
stage3_304,stage3_seed_0,"{""model__C"": 3.0, ""model__gamma"": 0.02, ""pca__n_components"": 88}",88,3.0,0.02,"{""model__C"": 3.0, ""model__gamma"": 0.02, ""pca__n_components"": 88}",stage3_local_cv,2,0.796875,4.621
stage3_304,stage3_seed_0,"{""model__C"": 3.0, ""model__gamma"": 0.02, ""pca__n_components"": 88}",88,3.0,0.02,"{""model__C"": 3.0, ""model__gamma"": 0.02, ""pca__n_components"": 88}",stage3_local_cv,3,0.803125,4.602
stage3_304,stage3_seed_0,"{""model__C"": 3.0, ""model__gamma"": 0.02, ""pca__n_components"": 88}",88,3.0,0.02,"{""model__C"": 3.0, ""model__gamma"": 0.02, ""pca__n_components"": 88}",stage3_local_cv,4,0.800625,4.617
stage3_305,stage3_seed_0,"{""model__C"": 3.0, ""model__gamma"": 0.03, ""pca__n_components"": 88}",88,3.0,0.03,"{""model__C"": 3.0, ""model__gamma"": 0.03, ""pca__n_components"": 88}",stage3_local_cv,0,0.779375,4.526
stage3_305,stage3_seed_0,"{""model__C"": 3.0, ""model__gamma"": 0.03, ""pca__n_components"": 88}",88,3.0,0.03,"{""model__C"": 3.0, ""model__gamma"": 0.03, ""pca__n_components"": 88}",stage3_local_cv,1,0.785,6.361
stage3_305,stage3_seed_0,"{""model__C"": 3.0, ""model__gamma"": 0.03, ""pca__n_components"": 88}",88,3.0,0.03,"{""model__C"": 3.0, ""model__gamma"": 0.03, ""pca__n_components"": 88}",stage3_local_cv,2,0.769375,4.682
stage3_305,stage3_seed_0,"{""model__C"": 3.0, ""model__gamma"": 0.03, ""pca__n_components"": 88}",88,3.0,0.03,"{""model__C"": 3.0, ""model__gamma"": 0.03, ""pca__n_components"": 88}",stage3_local_cv,3,0.7825,5.806
stage3_305,stage3_seed_0,"{""model__C"": 3.0, ""model__gamma"": 0.03, ""pca__n_components"": 88}",88,3.0,0.03,"{""model__C"": 3.0, ""model__gamma"": 0.03, ""pca__n_components"": 88}",stage3_local_cv,4,0.7675,4.578
stage3_306,stage3_seed_0,"{""model__C"": 3.0, ""model__gamma"": 0.04, ""pca__n_components"": 88}",88,3.0,0.04,"{""model__C"": 3.0, ""model__gamma"": 0.04, ""pca__n_components"": 88}",stage3_local_cv,0,0.76125,5.817
stage3_306,stage3_seed_0,"{""model__C"": 3.0, ""model__gamma"": 0.04, ""pca__n_components"": 88}",88,3.0,0.04,"{""model__C"": 3.0, ""model__gamma"": 0.04, ""pca__n_components"": 88}",stage3_local_cv,1,0.77,4.814
stage3_306,stage3_seed_0,"{""model__C"": 3.0, ""model__gamma"": 0.04, ""pca__n_components"": 88}",88,3.0,0.04,"{""model__C"": 3.0, ""model__gamma"": 0.04, ""pca__n_components"": 88}",stage3_local_cv,2,0.738125,5.904
stage3_306,stage3_seed_0,"{""model__C"": 3.0, ""model__gamma"": 0.04, ""pca__n_components"": 88}",88,3.0,0.04,"{""model__C"": 3.0, ""model__gamma"": 0.04, ""pca__n_components"": 88}",stage3_local_cv,3,0.76875,4.572
stage3_306,stage3_seed_0,"{""model__C"": 3.0, ""model__gamma"": 0.04, ""pca__n_components"": 88}",88,3.0,0.04,"{""model__C"": 3.0, ""model__gamma"": 0.04, ""pca__n_components"": 88}",stage3_local_cv,4,0.75125,5.861
stage3_307,stage3_seed_0,"{""model__C"": 3.0, ""model__gamma"": 0.08, ""pca__n_components"": 88}",88,3.0,0.08,"{""model__C"": 3.0, ""model__gamma"": 0.08, ""pca__n_components"": 88}",stage3_local_cv,0,0.57375,4.496
stage3_307,stage3_seed_0,"{""model__C"": 3.0, ""model__gamma"": 0.08, ""pca__n_components"": 88}",88,3.0,0.08,"{""model__C"": 3.0, ""model__gamma"": 0.08, ""pca__n_components"": 88}",stage3_local_cv,1,0.585625,4.586
stage3_307,stage3_seed_0,"{""model__C"": 3.0, ""model__gamma"": 0.08, ""pca__n_components"": 88}",88,3.0,0.08,"{""model__C"": 3.0, ""model__gamma"": 0.08, ""pca__n_components"": 88}",stage3_local_cv,2,0.67375,4.486
stage3_307,stage3_seed_0,"{""model__C"": 3.0, ""model__gamma"": 0.08, ""pca__n_components"": 88}",88,3.0,0.08,"{""model__C"": 3.0, ""model__gamma"": 0.08, ""pca__n_components"": 88}",stage3_local_cv,3,0.73,4.922
stage3_307,stage3_seed_0,"{""model__C"": 3.0, ""model__gamma"": 0.08, ""pca__n_components"": 88}",88,3.0,0.08,"{""model__C"": 3.0, ""model__gamma"": 0.08, ""pca__n_components"": 88}",stage3_local_cv,4,0.62125,4.548
stage3_308,stage3_seed_0,"{""model__C"": 4.0, ""model__gamma"": ""scale"", ""pca__n_components"": 88}",88,4.0,scale,"{""model__C"": 4.0, ""model__gamma"": ""scale"", ""pca__n_components"": 88}",stage3_local_cv,0,0.7975,5.883
stage3_308,stage3_seed_0,"{""model__C"": 4.0, ""model__gamma"": ""scale"", ""pca__n_components"": 88}",88,4.0,scale,"{""model__C"": 4.0, ""model__gamma"": ""scale"", ""pca__n_components"": 88}",stage3_local_cv,1,0.7825,5.719
stage3_308,stage3_seed_0,"{""model__C"": 4.0, ""model__gamma"": ""scale"", ""pca__n_components"": 88}",88,4.0,scale,"{""model__C"": 4.0, ""model__gamma"": ""scale"", ""pca__n_components"": 88}",stage3_local_cv,2,0.78125,5.83
stage3_308,stage3_seed_0,"{""model__C"": 4.0, ""model__gamma"": ""scale"", ""pca__n_components"": 88}",88,4.0,scale,"{""model__C"": 4.0, ""model__gamma"": ""scale"", ""pca__n_components"": 88}",stage3_local_cv,3,0.785,5.362
stage3_308,stage3_seed_0,"{""model__C"": 4.0, ""model__gamma"": ""scale"", ""pca__n_components"": 88}",88,4.0,scale,"{""model__C"": 4.0, ""model__gamma"": ""scale"", ""pca__n_components"": 88}",stage3_local_cv,4,0.784375,5.736
stage3_309,stage3_seed_0,"{""model__C"": 4.0, ""model__gamma"": 0.005, ""pca__n_components"": 88}",88,4.0,0.005,"{""model__C"": 4.0, ""model__gamma"": 0.005, ""pca__n_components"": 88}",stage3_local_cv,0,0.7925,4.482
stage3_309,stage3_seed_0,"{""model__C"": 4.0, ""model__gamma"": 0.005, ""pca__n_components"": 88}",88,4.0,0.005,"{""model__C"": 4.0, ""model__gamma"": 0.005, ""pca__n_components"": 88}",stage3_local_cv,1,0.780625,4.484
stage3_309,stage3_seed_0,"{""model__C"": 4.0, ""model__gamma"": 0.005, ""pca__n_components"": 88}",88,4.0,0.005,"{""model__C"": 4.0, ""model__gamma"": 0.005, ""pca__n_components"": 88}",stage3_local_cv,2,0.778125,4.55
stage3_309,stage3_seed_0,"{""model__C"": 4.0, ""model__gamma"": 0.005, ""pca__n_components"": 88}",88,4.0,0.005,"{""model__C"": 4.0, ""model__gamma"": 0.005, ""pca__n_components"": 88}",stage3_local_cv,3,0.785,4.465
stage3_309,stage3_seed_0,"{""model__C"": 4.0, ""model__gamma"": 0.005, ""pca__n_components"": 88}",88,4.0,0.005,"{""model__C"": 4.0, ""model__gamma"": 0.005, ""pca__n_components"": 88}",stage3_local_cv,4,0.78125,4.692
stage3_310,stage3_seed_0,"{""model__C"": 4.0, ""model__gamma"": 0.01, ""pca__n_components"": 88}",88,4.0,0.01,"{""model__C"": 4.0, ""model__gamma"": 0.01, ""pca__n_components"": 88}",stage3_local_cv,0,0.810625,4.805
stage3_310,stage3_seed_0,"{""model__C"": 4.0, ""model__gamma"": 0.01, ""pca__n_components"": 88}",88,4.0,0.01,"{""model__C"": 4.0, ""model__gamma"": 0.01, ""pca__n_components"": 88}",stage3_local_cv,1,0.806875,6.19
stage3_310,stage3_seed_0,"{""model__C"": 4.0, ""model__gamma"": 0.01, ""pca__n_components"": 88}",88,4.0,0.01,"{""model__C"": 4.0, ""model__gamma"": 0.01, ""pca__n_components"": 88}",stage3_local_cv,2,0.805625,4.709
stage3_310,stage3_seed_0,"{""model__C"": 4.0, ""model__gamma"": 0.01, ""pca__n_components"": 88}",88,4.0,0.01,"{""model__C"": 4.0, ""model__gamma"": 0.01, ""pca__n_components"": 88}",stage3_local_cv,3,0.80125,6.065
stage3_310,stage3_seed_0,"{""model__C"": 4.0, ""model__gamma"": 0.01, ""pca__n_components"": 88}",88,4.0,0.01,"{""model__C"": 4.0, ""model__gamma"": 0.01, ""pca__n_components"": 88}",stage3_local_cv,4,0.806875,4.84
stage3_311,stage3_seed_0,"{""model__C"": 4.0, ""model__gamma"": 0.02, ""pca__n_components"": 88}",88,4.0,0.02,"{""model__C"": 4.0, ""model__gamma"": 0.02, ""pca__n_components"": 88}",stage3_local_cv,0,0.8,5.918
stage3_311,stage3_seed_0,"{""model__C"": 4.0, ""model__gamma"": 0.02, ""pca__n_components"": 88}",88,4.0,0.02,"{""model__C"": 4.0, ""model__gamma"": 0.02, ""pca__n_components"": 88}",stage3_local_cv,1,0.809375,4.988
stage3_311,stage3_seed_0,"{""model__C"": 4.0, ""model__gamma"": 0.02, ""pca__n_components"": 88}",88,4.0,0.02,"{""model__C"": 4.0, ""model__gamma"": 0.02, ""pca__n_components"": 88}",stage3_local_cv,2,0.794375,5.998
stage3_311,stage3_seed_0,"{""model__C"": 4.0, ""model__gamma"": 0.02, ""pca__n_components"": 88}",88,4.0,0.02,"{""model__C"": 4.0, ""model__gamma"": 0.02, ""pca__n_components"": 88}",stage3_local_cv,3,0.803125,4.648
stage3_311,stage3_seed_0,"{""model__C"": 4.0, ""model__gamma"": 0.02, ""pca__n_components"": 88}",88,4.0,0.02,"{""model__C"": 4.0, ""model__gamma"": 0.02, ""pca__n_components"": 88}",stage3_local_cv,4,0.800625,5.888
stage3_312,stage3_seed_0,"{""model__C"": 4.0, ""model__gamma"": 0.03, ""pca__n_components"": 88}",88,4.0,0.03,"{""model__C"": 4.0, ""model__gamma"": 0.03, ""pca__n_components"": 88}",stage3_local_cv,0,0.77875,4.53
stage3_312,stage3_seed_0,"{""model__C"": 4.0, ""model__gamma"": 0.03, ""pca__n_components"": 88}",88,4.0,0.03,"{""model__C"": 4.0, ""model__gamma"": 0.03, ""pca__n_components"": 88}",stage3_local_cv,1,0.783125,4.565
stage3_312,stage3_seed_0,"{""model__C"": 4.0, ""model__gamma"": 0.03, ""pca__n_components"": 88}",88,4.0,0.03,"{""model__C"": 4.0, ""model__gamma"": 0.03, ""pca__n_components"": 88}",stage3_local_cv,2,0.766875,4.63
stage3_312,stage3_seed_0,"{""model__C"": 4.0, ""model__gamma"": 0.03, ""pca__n_components"": 88}",88,4.0,0.03,"{""model__C"": 4.0, ""model__gamma"": 0.03, ""pca__n_components"": 88}",stage3_local_cv,3,0.781875,4.772
stage3_312,stage3_seed_0,"{""model__C"": 4.0, ""model__gamma"": 0.03, ""pca__n_components"": 88}",88,4.0,0.03,"{""model__C"": 4.0, ""model__gamma"": 0.03, ""pca__n_components"": 88}",stage3_local_cv,4,0.769375,4.587
stage3_313,stage3_seed_0,"{""model__C"": 4.0, ""model__gamma"": 0.04, ""pca__n_components"": 88}",88,4.0,0.04,"{""model__C"": 4.0, ""model__gamma"": 0.04, ""pca__n_components"": 88}",stage3_local_cv,0,0.763125,5.7
stage3_313,stage3_seed_0,"{""model__C"": 4.0, ""model__gamma"": 0.04, ""pca__n_components"": 88}",88,4.0,0.04,"{""model__C"": 4.0, ""model__gamma"": 0.04, ""pca__n_components"": 88}",stage3_local_cv,1,0.77125,5.965
stage3_313,stage3_seed_0,"{""model__C"": 4.0, ""model__gamma"": 0.04, ""pca__n_components"": 88}",88,4.0,0.04,"{""model__C"": 4.0, ""model__gamma"": 0.04, ""pca__n_components"": 88}",stage3_local_cv,2,0.74,5.717
stage3_313,stage3_seed_0,"{""model__C"": 4.0, ""model__gamma"": 0.04, ""pca__n_components"": 88}",88,4.0,0.04,"{""model__C"": 4.0, ""model__gamma"": 0.04, ""pca__n_components"": 88}",stage3_local_cv,3,0.765625,5.613
stage3_313,stage3_seed_0,"{""model__C"": 4.0, ""model__gamma"": 0.04, ""pca__n_components"": 88}",88,4.0,0.04,"{""model__C"": 4.0, ""model__gamma"": 0.04, ""pca__n_components"": 88}",stage3_local_cv,4,0.7525,5.817
stage3_314,stage3_seed_0,"{""model__C"": 4.0, ""model__gamma"": 0.08, ""pca__n_components"": 88}",88,4.0,0.08,"{""model__C"": 4.0, ""model__gamma"": 0.08, ""pca__n_components"": 88}",stage3_local_cv,0,0.568125,4.933
stage3_314,stage3_seed_0,"{""model__C"": 4.0, ""model__gamma"": 0.08, ""pca__n_components"": 88}",88,4.0,0.08,"{""model__C"": 4.0, ""model__gamma"": 0.08, ""pca__n_components"": 88}",stage3_local_cv,1,0.57875,4.62
stage3_314,stage3_seed_0,"{""model__C"": 4.0, ""model__gamma"": 0.08, ""pca__n_components"": 88}",88,4.0,0.08,"{""model__C"": 4.0, ""model__gamma"": 0.08, ""pca__n_components"": 88}",stage3_local_cv,2,0.661875,4.957
stage3_314,stage3_seed_0,"{""model__C"": 4.0, ""model__gamma"": 0.08, ""pca__n_components"": 88}",88,4.0,0.08,"{""model__C"": 4.0, ""model__gamma"": 0.08, ""pca__n_components"": 88}",stage3_local_cv,3,0.7025,4.449
stage3_314,stage3_seed_0,"{""model__C"": 4.0, ""model__gamma"": 0.08, ""pca__n_components"": 88}",88,4.0,0.08,"{""model__C"": 4.0, ""model__gamma"": 0.08, ""pca__n_components"": 88}",stage3_local_cv,4,0.61125,4.772
stage3_315,stage3_seed_0,"{""model__C"": 6.0, ""model__gamma"": ""scale"", ""pca__n_components"": 88}",88,6.0,scale,"{""model__C"": 6.0, ""model__gamma"": ""scale"", ""pca__n_components"": 88}",stage3_local_cv,0,0.81125,5.517
stage3_315,stage3_seed_0,"{""model__C"": 6.0, ""model__gamma"": ""scale"", ""pca__n_components"": 88}",88,6.0,scale,"{""model__C"": 6.0, ""model__gamma"": ""scale"", ""pca__n_components"": 88}",stage3_local_cv,1,0.79125,6.425
stage3_315,stage3_seed_0,"{""model__C"": 6.0, ""model__gamma"": ""scale"", ""pca__n_components"": 88}",88,6.0,scale,"{""model__C"": 6.0, ""model__gamma"": ""scale"", ""pca__n_components"": 88}",stage3_local_cv,2,0.794375,5.539
stage3_315,stage3_seed_0,"{""model__C"": 6.0, ""model__gamma"": ""scale"", ""pca__n_components"": 88}",88,6.0,scale,"{""model__C"": 6.0, ""model__gamma"": ""scale"", ""pca__n_components"": 88}",stage3_local_cv,3,0.790625,6.607
stage3_315,stage3_seed_0,"{""model__C"": 6.0, ""model__gamma"": ""scale"", ""pca__n_components"": 88}",88,6.0,scale,"{""model__C"": 6.0, ""model__gamma"": ""scale"", ""pca__n_components"": 88}",stage3_local_cv,4,0.788125,5.564
stage3_316,stage3_seed_0,"{""model__C"": 6.0, ""model__gamma"": 0.005, ""pca__n_components"": 88}",88,6.0,0.005,"{""model__C"": 6.0, ""model__gamma"": 0.005, ""pca__n_components"": 88}",stage3_local_cv,0,0.809375,6.417
stage3_316,stage3_seed_0,"{""model__C"": 6.0, ""model__gamma"": 0.005, ""pca__n_components"": 88}",88,6.0,0.005,"{""model__C"": 6.0, ""model__gamma"": 0.005, ""pca__n_components"": 88}",stage3_local_cv,1,0.79125,5.914
stage3_316,stage3_seed_0,"{""model__C"": 6.0, ""model__gamma"": 0.005, ""pca__n_components"": 88}",88,6.0,0.005,"{""model__C"": 6.0, ""model__gamma"": 0.005, ""pca__n_components"": 88}",stage3_local_cv,2,0.79375,6.485
stage3_316,stage3_seed_0,"{""model__C"": 6.0, ""model__gamma"": 0.005, ""pca__n_components"": 88}",88,6.0,0.005,"{""model__C"": 6.0, ""model__gamma"": 0.005, ""pca__n_components"": 88}",stage3_local_cv,3,0.788125,5.098
stage3_316,stage3_seed_0,"{""model__C"": 6.0, ""model__gamma"": 0.005, ""pca__n_components"": 88}",88,6.0,0.005,"{""model__C"": 6.0, ""model__gamma"": 0.005, ""pca__n_components"": 88}",stage3_local_cv,4,0.786875,6.695
stage3_317,stage3_seed_0,"{""model__C"": 6.0, ""model__gamma"": 0.01, ""pca__n_components"": 88}",88,6.0,0.01,"{""model__C"": 6.0, ""model__gamma"": 0.01, ""pca__n_components"": 88}",stage3_local_cv,0,0.813125,4.802
stage3_317,stage3_seed_0,"{""model__C"": 6.0, ""model__gamma"": 0.01, ""pca__n_components"": 88}",88,6.0,0.01,"{""model__C"": 6.0, ""model__gamma"": 0.01, ""pca__n_components"": 88}",stage3_local_cv,1,0.801875,5.133
stage3_317,stage3_seed_0,"{""model__C"": 6.0, ""model__gamma"": 0.01, ""pca__n_components"": 88}",88,6.0,0.01,"{""model__C"": 6.0, ""model__gamma"": 0.01, ""pca__n_components"": 88}",stage3_local_cv,2,0.81125,4.879
stage3_317,stage3_seed_0,"{""model__C"": 6.0, ""model__gamma"": 0.01, ""pca__n_components"": 88}",88,6.0,0.01,"{""model__C"": 6.0, ""model__gamma"": 0.01, ""pca__n_components"": 88}",stage3_local_cv,3,0.805625,6.169
stage3_317,stage3_seed_0,"{""model__C"": 6.0, ""model__gamma"": 0.01, ""pca__n_components"": 88}",88,6.0,0.01,"{""model__C"": 6.0, ""model__gamma"": 0.01, ""pca__n_components"": 88}",stage3_local_cv,4,0.79875,4.849
stage3_318,stage3_seed_0,"{""model__C"": 6.0, ""model__gamma"": 0.02, ""pca__n_components"": 88}",88,6.0,0.02,"{""model__C"": 6.0, ""model__gamma"": 0.02, ""pca__n_components"": 88}",stage3_local_cv,0,0.798125,6.11
stage3_318,stage3_seed_0,"{""model__C"": 6.0, ""model__gamma"": 0.02, ""pca__n_components"": 88}",88,6.0,0.02,"{""model__C"": 6.0, ""model__gamma"": 0.02, ""pca__n_components"": 88}",stage3_local_cv,1,0.805,5.814
stage3_318,stage3_seed_0,"{""model__C"": 6.0, ""model__gamma"": 0.02, ""pca__n_components"": 88}",88,6.0,0.02,"{""model__C"": 6.0, ""model__gamma"": 0.02, ""pca__n_components"": 88}",stage3_local_cv,2,0.795625,6.187
stage3_318,stage3_seed_0,"{""model__C"": 6.0, ""model__gamma"": 0.02, ""pca__n_components"": 88}",88,6.0,0.02,"{""model__C"": 6.0, ""model__gamma"": 0.02, ""pca__n_components"": 88}",stage3_local_cv,3,0.80125,4.893
stage3_318,stage3_seed_0,"{""model__C"": 6.0, ""model__gamma"": 0.02, ""pca__n_components"": 88}",88,6.0,0.02,"{""model__C"": 6.0, ""model__gamma"": 0.02, ""pca__n_components"": 88}",stage3_local_cv,4,0.80125,5.908
stage3_319,stage3_seed_0,"{""model__C"": 6.0, ""model__gamma"": 0.03, ""pca__n_components"": 88}",88,6.0,0.03,"{""model__C"": 6.0, ""model__gamma"": 0.03, ""pca__n_components"": 88}",stage3_local_cv,0,0.779375,4.592
stage3_319,stage3_seed_0,"{""model__C"": 6.0, ""model__gamma"": 0.03, ""pca__n_components"": 88}",88,6.0,0.03,"{""model__C"": 6.0, ""model__gamma"": 0.03, ""pca__n_components"": 88}",stage3_local_cv,1,0.783125,4.658
stage3_319,stage3_seed_0,"{""model__C"": 6.0, ""model__gamma"": 0.03, ""pca__n_components"": 88}",88,6.0,0.03,"{""model__C"": 6.0, ""model__gamma"": 0.03, ""pca__n_components"": 88}",stage3_local_cv,2,0.765625,4.538
stage3_319,stage3_seed_0,"{""model__C"": 6.0, ""model__gamma"": 0.03, ""pca__n_components"": 88}",88,6.0,0.03,"{""model__C"": 6.0, ""model__gamma"": 0.03, ""pca__n_components"": 88}",stage3_local_cv,3,0.778125,4.58
stage3_319,stage3_seed_0,"{""model__C"": 6.0, ""model__gamma"": 0.03, ""pca__n_components"": 88}",88,6.0,0.03,"{""model__C"": 6.0, ""model__gamma"": 0.03, ""pca__n_components"": 88}",stage3_local_cv,4,0.768125,4.813
stage3_320,stage3_seed_0,"{""model__C"": 6.0, ""model__gamma"": 0.04, ""pca__n_components"": 88}",88,6.0,0.04,"{""model__C"": 6.0, ""model__gamma"": 0.04, ""pca__n_components"": 88}",stage3_local_cv,0,0.764375,4.573
stage3_320,stage3_seed_0,"{""model__C"": 6.0, ""model__gamma"": 0.04, ""pca__n_components"": 88}",88,6.0,0.04,"{""model__C"": 6.0, ""model__gamma"": 0.04, ""pca__n_components"": 88}",stage3_local_cv,1,0.773125,6.151
stage3_320,stage3_seed_0,"{""model__C"": 6.0, ""model__gamma"": 0.04, ""pca__n_components"": 88}",88,6.0,0.04,"{""model__C"": 6.0, ""model__gamma"": 0.04, ""pca__n_components"": 88}",stage3_local_cv,2,0.736875,4.62
stage3_320,stage3_seed_0,"{""model__C"": 6.0, ""model__gamma"": 0.04, ""pca__n_components"": 88}",88,6.0,0.04,"{""model__C"": 6.0, ""model__gamma"": 0.04, ""pca__n_components"": 88}",stage3_local_cv,3,0.76375,5.854
stage3_320,stage3_seed_0,"{""model__C"": 6.0, ""model__gamma"": 0.04, ""pca__n_components"": 88}",88,6.0,0.04,"{""model__C"": 6.0, ""model__gamma"": 0.04, ""pca__n_components"": 88}",stage3_local_cv,4,0.7525,5.477
stage3_321,stage3_seed_0,"{""model__C"": 6.0, ""model__gamma"": 0.08, ""pca__n_components"": 88}",88,6.0,0.08,"{""model__C"": 6.0, ""model__gamma"": 0.08, ""pca__n_components"": 88}",stage3_local_cv,0,0.560625,5.988
stage3_321,stage3_seed_0,"{""model__C"": 6.0, ""model__gamma"": 0.08, ""pca__n_components"": 88}",88,6.0,0.08,"{""model__C"": 6.0, ""model__gamma"": 0.08, ""pca__n_components"": 88}",stage3_local_cv,1,0.575,4.626
stage3_321,stage3_seed_0,"{""model__C"": 6.0, ""model__gamma"": 0.08, ""pca__n_components"": 88}",88,6.0,0.08,"{""model__C"": 6.0, ""model__gamma"": 0.08, ""pca__n_components"": 88}",stage3_local_cv,2,0.64375,5.826
stage3_321,stage3_seed_0,"{""model__C"": 6.0, ""model__gamma"": 0.08, ""pca__n_components"": 88}",88,6.0,0.08,"{""model__C"": 6.0, ""model__gamma"": 0.08, ""pca__n_components"": 88}",stage3_local_cv,3,0.67375,4.487
stage3_321,stage3_seed_0,"{""model__C"": 6.0, ""model__gamma"": 0.08, ""pca__n_components"": 88}",88,6.0,0.08,"{""model__C"": 6.0, ""model__gamma"": 0.08, ""pca__n_components"": 88}",stage3_local_cv,4,0.59625,5.166
stage3_322,stage3_seed_0,"{""model__C"": 8.0, ""model__gamma"": ""scale"", ""pca__n_components"": 88}",88,8.0,scale,"{""model__C"": 8.0, ""model__gamma"": ""scale"", ""pca__n_components"": 88}",stage3_local_cv,0,0.806875,5.135
stage3_322,stage3_seed_0,"{""model__C"": 8.0, ""model__gamma"": ""scale"", ""pca__n_components"": 88}",88,8.0,scale,"{""model__C"": 8.0, ""model__gamma"": ""scale"", ""pca__n_components"": 88}",stage3_local_cv,1,0.80125,5.949
stage3_322,stage3_seed_0,"{""model__C"": 8.0, ""model__gamma"": ""scale"", ""pca__n_components"": 88}",88,8.0,scale,"{""model__C"": 8.0, ""model__gamma"": ""scale"", ""pca__n_components"": 88}",stage3_local_cv,2,0.800625,5.688
stage3_322,stage3_seed_0,"{""model__C"": 8.0, ""model__gamma"": ""scale"", ""pca__n_components"": 88}",88,8.0,scale,"{""model__C"": 8.0, ""model__gamma"": ""scale"", ""pca__n_components"": 88}",stage3_local_cv,3,0.796875,7.006
stage3_322,stage3_seed_0,"{""model__C"": 8.0, ""model__gamma"": ""scale"", ""pca__n_components"": 88}",88,8.0,scale,"{""model__C"": 8.0, ""model__gamma"": ""scale"", ""pca__n_components"": 88}",stage3_local_cv,4,0.791875,5.674
stage3_323,stage3_seed_0,"{""model__C"": 8.0, ""model__gamma"": 0.005, ""pca__n_components"": 88}",88,8.0,0.005,"{""model__C"": 8.0, ""model__gamma"": 0.005, ""pca__n_components"": 88}",stage3_local_cv,0,0.806875,6.913
stage3_323,stage3_seed_0,"{""model__C"": 8.0, ""model__gamma"": 0.005, ""pca__n_components"": 88}",88,8.0,0.005,"{""model__C"": 8.0, ""model__gamma"": 0.005, ""pca__n_components"": 88}",stage3_local_cv,1,0.8,6.234
stage3_323,stage3_seed_0,"{""model__C"": 8.0, ""model__gamma"": 0.005, ""pca__n_components"": 88}",88,8.0,0.005,"{""model__C"": 8.0, ""model__gamma"": 0.005, ""pca__n_components"": 88}",stage3_local_cv,2,0.801875,6.461
stage3_323,stage3_seed_0,"{""model__C"": 8.0, ""model__gamma"": 0.005, ""pca__n_components"": 88}",88,8.0,0.005,"{""model__C"": 8.0, ""model__gamma"": 0.005, ""pca__n_components"": 88}",stage3_local_cv,3,0.79625,5.268
stage3_323,stage3_seed_0,"{""model__C"": 8.0, ""model__gamma"": 0.005, ""pca__n_components"": 88}",88,8.0,0.005,"{""model__C"": 8.0, ""model__gamma"": 0.005, ""pca__n_components"": 88}",stage3_local_cv,4,0.789375,6.527
stage3_324,stage3_seed_0,"{""model__C"": 8.0, ""model__gamma"": 0.01, ""pca__n_components"": 88}",88,8.0,0.01,"{""model__C"": 8.0, ""model__gamma"": 0.01, ""pca__n_components"": 88}",stage3_local_cv,0,0.8075,4.789
stage3_324,stage3_seed_0,"{""model__C"": 8.0, ""model__gamma"": 0.01, ""pca__n_components"": 88}",88,8.0,0.01,"{""model__C"": 8.0, ""model__gamma"": 0.01, ""pca__n_components"": 88}",stage3_local_cv,1,0.801875,4.82
stage3_324,stage3_seed_0,"{""model__C"": 8.0, ""model__gamma"": 0.01, ""pca__n_components"": 88}",88,8.0,0.01,"{""model__C"": 8.0, ""model__gamma"": 0.01, ""pca__n_components"": 88}",stage3_local_cv,2,0.81125,4.848
stage3_324,stage3_seed_0,"{""model__C"": 8.0, ""model__gamma"": 0.01, ""pca__n_components"": 88}",88,8.0,0.01,"{""model__C"": 8.0, ""model__gamma"": 0.01, ""pca__n_components"": 88}",stage3_local_cv,3,0.801875,5.245
stage3_324,stage3_seed_0,"{""model__C"": 8.0, ""model__gamma"": 0.01, ""pca__n_components"": 88}",88,8.0,0.01,"{""model__C"": 8.0, ""model__gamma"": 0.01, ""pca__n_components"": 88}",stage3_local_cv,4,0.796875,4.864
stage3_325,stage3_seed_0,"{""model__C"": 8.0, ""model__gamma"": 0.02, ""pca__n_components"": 88}",88,8.0,0.02,"{""model__C"": 8.0, ""model__gamma"": 0.02, ""pca__n_components"": 88}",stage3_local_cv,0,0.796875,5.351
stage3_325,stage3_seed_0,"{""model__C"": 8.0, ""model__gamma"": 0.02, ""pca__n_components"": 88}",88,8.0,0.02,"{""model__C"": 8.0, ""model__gamma"": 0.02, ""pca__n_components"": 88}",stage3_local_cv,1,0.805625,6.025
stage3_325,stage3_seed_0,"{""model__C"": 8.0, ""model__gamma"": 0.02, ""pca__n_components"": 88}",88,8.0,0.02,"{""model__C"": 8.0, ""model__gamma"": 0.02, ""pca__n_components"": 88}",stage3_local_cv,2,0.79625,5.649
stage3_325,stage3_seed_0,"{""model__C"": 8.0, ""model__gamma"": 0.02, ""pca__n_components"": 88}",88,8.0,0.02,"{""model__C"": 8.0, ""model__gamma"": 0.02, ""pca__n_components"": 88}",stage3_local_cv,3,0.799375,5.514
stage3_325,stage3_seed_0,"{""model__C"": 8.0, ""model__gamma"": 0.02, ""pca__n_components"": 88}",88,8.0,0.02,"{""model__C"": 8.0, ""model__gamma"": 0.02, ""pca__n_components"": 88}",stage3_local_cv,4,0.8,6.013
stage3_326,stage3_seed_0,"{""model__C"": 8.0, ""model__gamma"": 0.03, ""pca__n_components"": 88}",88,8.0,0.03,"{""model__C"": 8.0, ""model__gamma"": 0.03, ""pca__n_components"": 88}",stage3_local_cv,0,0.778125,5.329
stage3_326,stage3_seed_0,"{""model__C"": 8.0, ""model__gamma"": 0.03, ""pca__n_components"": 88}",88,8.0,0.03,"{""model__C"": 8.0, ""model__gamma"": 0.03, ""pca__n_components"": 88}",stage3_local_cv,1,0.783125,5.396
stage3_326,stage3_seed_0,"{""model__C"": 8.0, ""model__gamma"": 0.03, ""pca__n_components"": 88}",88,8.0,0.03,"{""model__C"": 8.0, ""model__gamma"": 0.03, ""pca__n_components"": 88}",stage3_local_cv,2,0.764375,5.102
stage3_326,stage3_seed_0,"{""model__C"": 8.0, ""model__gamma"": 0.03, ""pca__n_components"": 88}",88,8.0,0.03,"{""model__C"": 8.0, ""model__gamma"": 0.03, ""pca__n_components"": 88}",stage3_local_cv,3,0.775625,4.698
stage3_326,stage3_seed_0,"{""model__C"": 8.0, ""model__gamma"": 0.03, ""pca__n_components"": 88}",88,8.0,0.03,"{""model__C"": 8.0, ""model__gamma"": 0.03, ""pca__n_components"": 88}",stage3_local_cv,4,0.769375,4.606
stage3_327,stage3_seed_0,"{""model__C"": 8.0, ""model__gamma"": 0.04, ""pca__n_components"": 88}",88,8.0,0.04,"{""model__C"": 8.0, ""model__gamma"": 0.04, ""pca__n_components"": 88}",stage3_local_cv,0,0.7625,4.537
stage3_327,stage3_seed_0,"{""model__C"": 8.0, ""model__gamma"": 0.04, ""pca__n_components"": 88}",88,8.0,0.04,"{""model__C"": 8.0, ""model__gamma"": 0.04, ""pca__n_components"": 88}",stage3_local_cv,1,0.77125,6.334
stage3_327,stage3_seed_0,"{""model__C"": 8.0, ""model__gamma"": 0.04, ""pca__n_components"": 88}",88,8.0,0.04,"{""model__C"": 8.0, ""model__gamma"": 0.04, ""pca__n_components"": 88}",stage3_local_cv,2,0.73875,4.61
stage3_327,stage3_seed_0,"{""model__C"": 8.0, ""model__gamma"": 0.04, ""pca__n_components"": 88}",88,8.0,0.04,"{""model__C"": 8.0, ""model__gamma"": 0.04, ""pca__n_components"": 88}",stage3_local_cv,3,0.763125,5.885
stage3_327,stage3_seed_0,"{""model__C"": 8.0, ""model__gamma"": 0.04, ""pca__n_components"": 88}",88,8.0,0.04,"{""model__C"": 8.0, ""model__gamma"": 0.04, ""pca__n_components"": 88}",stage3_local_cv,4,0.75,4.527
stage3_328,stage3_seed_0,"{""model__C"": 8.0, ""model__gamma"": 0.08, ""pca__n_components"": 88}",88,8.0,0.08,"{""model__C"": 8.0, ""model__gamma"": 0.08, ""pca__n_components"": 88}",stage3_local_cv,0,0.556875,6.072
stage3_328,stage3_seed_0,"{""model__C"": 8.0, ""model__gamma"": 0.08, ""pca__n_components"": 88}",88,8.0,0.08,"{""model__C"": 8.0, ""model__gamma"": 0.08, ""pca__n_components"": 88}",stage3_local_cv,1,0.57,4.691
stage3_328,stage3_seed_0,"{""model__C"": 8.0, ""model__gamma"": 0.08, ""pca__n_components"": 88}",88,8.0,0.08,"{""model__C"": 8.0, ""model__gamma"": 0.08, ""pca__n_components"": 88}",stage3_local_cv,2,0.625,5.897
stage3_328,stage3_seed_0,"{""model__C"": 8.0, ""model__gamma"": 0.08, ""pca__n_components"": 88}",88,8.0,0.08,"{""model__C"": 8.0, ""model__gamma"": 0.08, ""pca__n_components"": 88}",stage3_local_cv,3,0.645,4.579
stage3_328,stage3_seed_0,"{""model__C"": 8.0, ""model__gamma"": 0.08, ""pca__n_components"": 88}",88,8.0,0.08,"{""model__C"": 8.0, ""model__gamma"": 0.08, ""pca__n_components"": 88}",stage3_local_cv,4,0.590625,5.828
stage3_329,stage3_seed_0,"{""model__C"": 12.0, ""model__gamma"": ""scale"", ""pca__n_components"": 88}",88,12.0,scale,"{""model__C"": 12.0, ""model__gamma"": ""scale"", ""pca__n_components"": 88}",stage3_local_cv,0,0.80375,5.821
stage3_329,stage3_seed_0,"{""model__C"": 12.0, ""model__gamma"": ""scale"", ""pca__n_components"": 88}",88,12.0,scale,"{""model__C"": 12.0, ""model__gamma"": ""scale"", ""pca__n_components"": 88}",stage3_local_cv,1,0.81,5.538
stage3_329,stage3_seed_0,"{""model__C"": 12.0, ""model__gamma"": ""scale"", ""pca__n_components"": 88}",88,12.0,scale,"{""model__C"": 12.0, ""model__gamma"": ""scale"", ""pca__n_components"": 88}",stage3_local_cv,2,0.796875,5.343
stage3_329,stage3_seed_0,"{""model__C"": 12.0, ""model__gamma"": ""scale"", ""pca__n_components"": 88}",88,12.0,scale,"{""model__C"": 12.0, ""model__gamma"": ""scale"", ""pca__n_components"": 88}",stage3_local_cv,3,0.795,6.269
stage3_329,stage3_seed_0,"{""model__C"": 12.0, ""model__gamma"": ""scale"", ""pca__n_components"": 88}",88,12.0,scale,"{""model__C"": 12.0, ""model__gamma"": ""scale"", ""pca__n_components"": 88}",stage3_local_cv,4,0.8,5.268
stage3_330,stage3_seed_0,"{""model__C"": 12.0, ""model__gamma"": 0.005, ""pca__n_components"": 88}",88,12.0,0.005,"{""model__C"": 12.0, ""model__gamma"": 0.005, ""pca__n_components"": 88}",stage3_local_cv,0,0.803125,6.813
stage3_330,stage3_seed_0,"{""model__C"": 12.0, ""model__gamma"": 0.005, ""pca__n_components"": 88}",88,12.0,0.005,"{""model__C"": 12.0, ""model__gamma"": 0.005, ""pca__n_components"": 88}",stage3_local_cv,1,0.80875,7.041
stage3_330,stage3_seed_0,"{""model__C"": 12.0, ""model__gamma"": 0.005, ""pca__n_components"": 88}",88,12.0,0.005,"{""model__C"": 12.0, ""model__gamma"": 0.005, ""pca__n_components"": 88}",stage3_local_cv,2,0.795625,6.896
stage3_330,stage3_seed_0,"{""model__C"": 12.0, ""model__gamma"": 0.005, ""pca__n_components"": 88}",88,12.0,0.005,"{""model__C"": 12.0, ""model__gamma"": 0.005, ""pca__n_components"": 88}",stage3_local_cv,3,0.79875,5.903
stage3_330,stage3_seed_0,"{""model__C"": 12.0, ""model__gamma"": 0.005, ""pca__n_components"": 88}",88,12.0,0.005,"{""model__C"": 12.0, ""model__gamma"": 0.005, ""pca__n_components"": 88}",stage3_local_cv,4,0.800625,6.514
stage3_331,stage3_seed_0,"{""model__C"": 12.0, ""model__gamma"": 0.01, ""pca__n_components"": 88}",88,12.0,0.01,"{""model__C"": 12.0, ""model__gamma"": 0.01, ""pca__n_components"": 88}",stage3_local_cv,0,0.80625,4.912
stage3_331,stage3_seed_0,"{""model__C"": 12.0, ""model__gamma"": 0.01, ""pca__n_components"": 88}",88,12.0,0.01,"{""model__C"": 12.0, ""model__gamma"": 0.01, ""pca__n_components"": 88}",stage3_local_cv,1,0.80625,4.876
stage3_331,stage3_seed_0,"{""model__C"": 12.0, ""model__gamma"": 0.01, ""pca__n_components"": 88}",88,12.0,0.01,"{""model__C"": 12.0, ""model__gamma"": 0.01, ""pca__n_components"": 88}",stage3_local_cv,2,0.805,4.869
stage3_331,stage3_seed_0,"{""model__C"": 12.0, ""model__gamma"": 0.01, ""pca__n_components"": 88}",88,12.0,0.01,"{""model__C"": 12.0, ""model__gamma"": 0.01, ""pca__n_components"": 88}",stage3_local_cv,3,0.798125,4.906
stage3_331,stage3_seed_0,"{""model__C"": 12.0, ""model__gamma"": 0.01, ""pca__n_components"": 88}",88,12.0,0.01,"{""model__C"": 12.0, ""model__gamma"": 0.01, ""pca__n_components"": 88}",stage3_local_cv,4,0.800625,4.787
stage3_332,stage3_seed_0,"{""model__C"": 12.0, ""model__gamma"": 0.02, ""pca__n_components"": 88}",88,12.0,0.02,"{""model__C"": 12.0, ""model__gamma"": 0.02, ""pca__n_components"": 88}",stage3_local_cv,0,0.79625,4.619
stage3_332,stage3_seed_0,"{""model__C"": 12.0, ""model__gamma"": 0.02, ""pca__n_components"": 88}",88,12.0,0.02,"{""model__C"": 12.0, ""model__gamma"": 0.02, ""pca__n_components"": 88}",stage3_local_cv,1,0.805625,6.051
stage3_332,stage3_seed_0,"{""model__C"": 12.0, ""model__gamma"": 0.02, ""pca__n_components"": 88}",88,12.0,0.02,"{""model__C"": 12.0, ""model__gamma"": 0.02, ""pca__n_components"": 88}",stage3_local_cv,2,0.79375,4.616
stage3_332,stage3_seed_0,"{""model__C"": 12.0, ""model__gamma"": 0.02, ""pca__n_components"": 88}",88,12.0,0.02,"{""model__C"": 12.0, ""model__gamma"": 0.02, ""pca__n_components"": 88}",stage3_local_cv,3,0.79625,5.998
stage3_332,stage3_seed_0,"{""model__C"": 12.0, ""model__gamma"": 0.02, ""pca__n_components"": 88}",88,12.0,0.02,"{""model__C"": 12.0, ""model__gamma"": 0.02, ""pca__n_components"": 88}",stage3_local_cv,4,0.796875,6.032
stage3_333,stage3_seed_0,"{""model__C"": 12.0, ""model__gamma"": 0.03, ""pca__n_components"": 88}",88,12.0,0.03,"{""model__C"": 12.0, ""model__gamma"": 0.03, ""pca__n_components"": 88}",stage3_local_cv,0,0.779375,5.911
stage3_333,stage3_seed_0,"{""model__C"": 12.0, ""model__gamma"": 0.03, ""pca__n_components"": 88}",88,12.0,0.03,"{""model__C"": 12.0, ""model__gamma"": 0.03, ""pca__n_components"": 88}",stage3_local_cv,1,0.786875,4.678
stage3_333,stage3_seed_0,"{""model__C"": 12.0, ""model__gamma"": 0.03, ""pca__n_components"": 88}",88,12.0,0.03,"{""model__C"": 12.0, ""model__gamma"": 0.03, ""pca__n_components"": 88}",stage3_local_cv,2,0.761875,5.981
stage3_333,stage3_seed_0,"{""model__C"": 12.0, ""model__gamma"": 0.03, ""pca__n_components"": 88}",88,12.0,0.03,"{""model__C"": 12.0, ""model__gamma"": 0.03, ""pca__n_components"": 88}",stage3_local_cv,3,0.77125,4.631
stage3_333,stage3_seed_0,"{""model__C"": 12.0, ""model__gamma"": 0.03, ""pca__n_components"": 88}",88,12.0,0.03,"{""model__C"": 12.0, ""model__gamma"": 0.03, ""pca__n_components"": 88}",stage3_local_cv,4,0.7675,4.704
stage3_334,stage3_seed_0,"{""model__C"": 12.0, ""model__gamma"": 0.04, ""pca__n_components"": 88}",88,12.0,0.04,"{""model__C"": 12.0, ""model__gamma"": 0.04, ""pca__n_components"": 88}",stage3_local_cv,0,0.764375,4.563
stage3_334,stage3_seed_0,"{""model__C"": 12.0, ""model__gamma"": 0.04, ""pca__n_components"": 88}",88,12.0,0.04,"{""model__C"": 12.0, ""model__gamma"": 0.04, ""pca__n_components"": 88}",stage3_local_cv,1,0.769375,5.815
stage3_334,stage3_seed_0,"{""model__C"": 12.0, ""model__gamma"": 0.04, ""pca__n_components"": 88}",88,12.0,0.04,"{""model__C"": 12.0, ""model__gamma"": 0.04, ""pca__n_components"": 88}",stage3_local_cv,2,0.73625,4.726
stage3_334,stage3_seed_0,"{""model__C"": 12.0, ""model__gamma"": 0.04, ""pca__n_components"": 88}",88,12.0,0.04,"{""model__C"": 12.0, ""model__gamma"": 0.04, ""pca__n_components"": 88}",stage3_local_cv,3,0.760625,6.286
stage3_334,stage3_seed_0,"{""model__C"": 12.0, ""model__gamma"": 0.04, ""pca__n_components"": 88}",88,12.0,0.04,"{""model__C"": 12.0, ""model__gamma"": 0.04, ""pca__n_components"": 88}",stage3_local_cv,4,0.746875,4.794
stage3_335,stage3_seed_0,"{""model__C"": 12.0, ""model__gamma"": 0.08, ""pca__n_components"": 88}",88,12.0,0.08,"{""model__C"": 12.0, ""model__gamma"": 0.08, ""pca__n_components"": 88}",stage3_local_cv,0,0.5525,6.249
stage3_335,stage3_seed_0,"{""model__C"": 12.0, ""model__gamma"": 0.08, ""pca__n_components"": 88}",88,12.0,0.08,"{""model__C"": 12.0, ""model__gamma"": 0.08, ""pca__n_components"": 88}",stage3_local_cv,1,0.5625,5.054
stage3_335,stage3_seed_0,"{""model__C"": 12.0, ""model__gamma"": 0.08, ""pca__n_components"": 88}",88,12.0,0.08,"{""model__C"": 12.0, ""model__gamma"": 0.08, ""pca__n_components"": 88}",stage3_local_cv,2,0.6025,6.219
stage3_335,stage3_seed_0,"{""model__C"": 12.0, ""model__gamma"": 0.08, ""pca__n_components"": 88}",88,12.0,0.08,"{""model__C"": 12.0, ""model__gamma"": 0.08, ""pca__n_components"": 88}",stage3_local_cv,3,0.613125,4.606
stage3_335,stage3_seed_0,"{""model__C"": 12.0, ""model__gamma"": 0.08, ""pca__n_components"": 88}",88,12.0,0.08,"{""model__C"": 12.0, ""model__gamma"": 0.08, ""pca__n_components"": 88}",stage3_local_cv,4,0.581875,5.868
stage3_336,stage3_seed_1,"{""model__C"": 4.0, ""model__gamma"": 0.001, ""pca__n_components"": 84}",84,4.0,0.001,"{""model__C"": 4.0, ""model__gamma"": 0.001, ""pca__n_components"": 84}",stage3_local_cv,0,0.71125,3.774
stage3_336,stage3_seed_1,"{""model__C"": 4.0, ""model__gamma"": 0.001, ""pca__n_components"": 84}",84,4.0,0.001,"{""model__C"": 4.0, ""model__gamma"": 0.001, ""pca__n_components"": 84}",stage3_local_cv,1,0.699375,3.692
stage3_336,stage3_seed_1,"{""model__C"": 4.0, ""model__gamma"": 0.001, ""pca__n_components"": 84}",84,4.0,0.001,"{""model__C"": 4.0, ""model__gamma"": 0.001, ""pca__n_components"": 84}",stage3_local_cv,2,0.68875,3.613
stage3_336,stage3_seed_1,"{""model__C"": 4.0, ""model__gamma"": 0.001, ""pca__n_components"": 84}",84,4.0,0.001,"{""model__C"": 4.0, ""model__gamma"": 0.001, ""pca__n_components"": 84}",stage3_local_cv,3,0.725625,3.587
stage3_336,stage3_seed_1,"{""model__C"": 4.0, ""model__gamma"": 0.001, ""pca__n_components"": 84}",84,4.0,0.001,"{""model__C"": 4.0, ""model__gamma"": 0.001, ""pca__n_components"": 84}",stage3_local_cv,4,0.695625,3.653
stage3_337,stage3_seed_1,"{""model__C"": 4.0, ""model__gamma"": 0.0025, ""pca__n_components"": 84}",84,4.0,0.0025,"{""model__C"": 4.0, ""model__gamma"": 0.0025, ""pca__n_components"": 84}",stage3_local_cv,0,0.750625,3.969
stage3_337,stage3_seed_1,"{""model__C"": 4.0, ""model__gamma"": 0.0025, ""pca__n_components"": 84}",84,4.0,0.0025,"{""model__C"": 4.0, ""model__gamma"": 0.0025, ""pca__n_components"": 84}",stage3_local_cv,1,0.730625,5.179
stage3_337,stage3_seed_1,"{""model__C"": 4.0, ""model__gamma"": 0.0025, ""pca__n_components"": 84}",84,4.0,0.0025,"{""model__C"": 4.0, ""model__gamma"": 0.0025, ""pca__n_components"": 84}",stage3_local_cv,2,0.72625,3.902
stage3_337,stage3_seed_1,"{""model__C"": 4.0, ""model__gamma"": 0.0025, ""pca__n_components"": 84}",84,4.0,0.0025,"{""model__C"": 4.0, ""model__gamma"": 0.0025, ""pca__n_components"": 84}",stage3_local_cv,3,0.755625,5.06
stage3_337,stage3_seed_1,"{""model__C"": 4.0, ""model__gamma"": 0.0025, ""pca__n_components"": 84}",84,4.0,0.0025,"{""model__C"": 4.0, ""model__gamma"": 0.0025, ""pca__n_components"": 84}",stage3_local_cv,4,0.7275,3.916
stage3_338,stage3_seed_1,"{""model__C"": 6.0, ""model__gamma"": 0.001, ""pca__n_components"": 84}",84,6.0,0.001,"{""model__C"": 6.0, ""model__gamma"": 0.001, ""pca__n_components"": 84}",stage3_local_cv,0,0.716875,5.078
stage3_338,stage3_seed_1,"{""model__C"": 6.0, ""model__gamma"": 0.001, ""pca__n_components"": 84}",84,6.0,0.001,"{""model__C"": 6.0, ""model__gamma"": 0.001, ""pca__n_components"": 84}",stage3_local_cv,1,0.705625,3.894
stage3_338,stage3_seed_1,"{""model__C"": 6.0, ""model__gamma"": 0.001, ""pca__n_components"": 84}",84,6.0,0.001,"{""model__C"": 6.0, ""model__gamma"": 0.001, ""pca__n_components"": 84}",stage3_local_cv,2,0.69625,4.832
stage3_338,stage3_seed_1,"{""model__C"": 6.0, ""model__gamma"": 0.001, ""pca__n_components"": 84}",84,6.0,0.001,"{""model__C"": 6.0, ""model__gamma"": 0.001, ""pca__n_components"": 84}",stage3_local_cv,3,0.73125,3.773
stage3_338,stage3_seed_1,"{""model__C"": 6.0, ""model__gamma"": 0.001, ""pca__n_components"": 84}",84,6.0,0.001,"{""model__C"": 6.0, ""model__gamma"": 0.001, ""pca__n_components"": 84}",stage3_local_cv,4,0.704375,4.96
stage3_339,stage3_seed_1,"{""model__C"": 6.0, ""model__gamma"": 0.0025, ""pca__n_components"": 84}",84,6.0,0.0025,"{""model__C"": 6.0, ""model__gamma"": 0.0025, ""pca__n_components"": 84}",stage3_local_cv,0,0.75875,4.222
stage3_339,stage3_seed_1,"{""model__C"": 6.0, ""model__gamma"": 0.0025, ""pca__n_components"": 84}",84,6.0,0.0025,"{""model__C"": 6.0, ""model__gamma"": 0.0025, ""pca__n_components"": 84}",stage3_local_cv,1,0.749375,4.219
stage3_339,stage3_seed_1,"{""model__C"": 6.0, ""model__gamma"": 0.0025, ""pca__n_components"": 84}",84,6.0,0.0025,"{""model__C"": 6.0, ""model__gamma"": 0.0025, ""pca__n_components"": 84}",stage3_local_cv,2,0.740625,4.404
stage3_339,stage3_seed_1,"{""model__C"": 6.0, ""model__gamma"": 0.0025, ""pca__n_components"": 84}",84,6.0,0.0025,"{""model__C"": 6.0, ""model__gamma"": 0.0025, ""pca__n_components"": 84}",stage3_local_cv,3,0.760625,4.155
stage3_339,stage3_seed_1,"{""model__C"": 6.0, ""model__gamma"": 0.0025, ""pca__n_components"": 84}",84,6.0,0.0025,"{""model__C"": 6.0, ""model__gamma"": 0.0025, ""pca__n_components"": 84}",stage3_local_cv,4,0.736875,4.107
stage3_340,stage3_seed_1,"{""model__C"": 8.0, ""model__gamma"": 0.001, ""pca__n_components"": 84}",84,8.0,0.001,"{""model__C"": 8.0, ""model__gamma"": 0.001, ""pca__n_components"": 84}",stage3_local_cv,0,0.724375,3.973
stage3_340,stage3_seed_1,"{""model__C"": 8.0, ""model__gamma"": 0.001, ""pca__n_components"": 84}",84,8.0,0.001,"{""model__C"": 8.0, ""model__gamma"": 0.001, ""pca__n_components"": 84}",stage3_local_cv,1,0.7075,5.029
stage3_340,stage3_seed_1,"{""model__C"": 8.0, ""model__gamma"": 0.001, ""pca__n_components"": 84}",84,8.0,0.001,"{""model__C"": 8.0, ""model__gamma"": 0.001, ""pca__n_components"": 84}",stage3_local_cv,2,0.69875,3.879
stage3_340,stage3_seed_1,"{""model__C"": 8.0, ""model__gamma"": 0.001, ""pca__n_components"": 84}",84,8.0,0.001,"{""model__C"": 8.0, ""model__gamma"": 0.001, ""pca__n_components"": 84}",stage3_local_cv,3,0.73625,5.048
stage3_340,stage3_seed_1,"{""model__C"": 8.0, ""model__gamma"": 0.001, ""pca__n_components"": 84}",84,8.0,0.001,"{""model__C"": 8.0, ""model__gamma"": 0.001, ""pca__n_components"": 84}",stage3_local_cv,4,0.70875,3.854
stage3_341,stage3_seed_1,"{""model__C"": 8.0, ""model__gamma"": 0.0025, ""pca__n_components"": 84}",84,8.0,0.0025,"{""model__C"": 8.0, ""model__gamma"": 0.0025, ""pca__n_components"": 84}",stage3_local_cv,0,0.769375,5.479
stage3_341,stage3_seed_1,"{""model__C"": 8.0, ""model__gamma"": 0.0025, ""pca__n_components"": 84}",84,8.0,0.0025,"{""model__C"": 8.0, ""model__gamma"": 0.0025, ""pca__n_components"": 84}",stage3_local_cv,1,0.76,4.421
stage3_341,stage3_seed_1,"{""model__C"": 8.0, ""model__gamma"": 0.0025, ""pca__n_components"": 84}",84,8.0,0.0025,"{""model__C"": 8.0, ""model__gamma"": 0.0025, ""pca__n_components"": 84}",stage3_local_cv,2,0.76,5.54
stage3_341,stage3_seed_1,"{""model__C"": 8.0, ""model__gamma"": 0.0025, ""pca__n_components"": 84}",84,8.0,0.0025,"{""model__C"": 8.0, ""model__gamma"": 0.0025, ""pca__n_components"": 84}",stage3_local_cv,3,0.765,4.211
stage3_341,stage3_seed_1,"{""model__C"": 8.0, ""model__gamma"": 0.0025, ""pca__n_components"": 84}",84,8.0,0.0025,"{""model__C"": 8.0, ""model__gamma"": 0.0025, ""pca__n_components"": 84}",stage3_local_cv,4,0.754375,5.483
stage3_342,stage3_seed_1,"{""model__C"": 12.0, ""model__gamma"": 0.001, ""pca__n_components"": 84}",84,12.0,0.001,"{""model__C"": 12.0, ""model__gamma"": 0.001, ""pca__n_components"": 84}",stage3_local_cv,0,0.731875,4.241
stage3_342,stage3_seed_1,"{""model__C"": 12.0, ""model__gamma"": 0.001, ""pca__n_components"": 84}",84,12.0,0.001,"{""model__C"": 12.0, ""model__gamma"": 0.001, ""pca__n_components"": 84}",stage3_local_cv,1,0.716875,4.122
stage3_342,stage3_seed_1,"{""model__C"": 12.0, ""model__gamma"": 0.001, ""pca__n_components"": 84}",84,12.0,0.001,"{""model__C"": 12.0, ""model__gamma"": 0.001, ""pca__n_components"": 84}",stage3_local_cv,2,0.705625,4.13
stage3_342,stage3_seed_1,"{""model__C"": 12.0, ""model__gamma"": 0.001, ""pca__n_components"": 84}",84,12.0,0.001,"{""model__C"": 12.0, ""model__gamma"": 0.001, ""pca__n_components"": 84}",stage3_local_cv,3,0.745625,4.081
stage3_342,stage3_seed_1,"{""model__C"": 12.0, ""model__gamma"": 0.001, ""pca__n_components"": 84}",84,12.0,0.001,"{""model__C"": 12.0, ""model__gamma"": 0.001, ""pca__n_components"": 84}",stage3_local_cv,4,0.716875,4.075
stage3_343,stage3_seed_1,"{""model__C"": 12.0, ""model__gamma"": 0.0025, ""pca__n_components"": 84}",84,12.0,0.0025,"{""model__C"": 12.0, ""model__gamma"": 0.0025, ""pca__n_components"": 84}",stage3_local_cv,0,0.776875,4.825
stage3_343,stage3_seed_1,"{""model__C"": 12.0, ""model__gamma"": 0.0025, ""pca__n_components"": 84}",84,12.0,0.0025,"{""model__C"": 12.0, ""model__gamma"": 0.0025, ""pca__n_components"": 84}",stage3_local_cv,1,0.77625,5.697
stage3_343,stage3_seed_1,"{""model__C"": 12.0, ""model__gamma"": 0.0025, ""pca__n_components"": 84}",84,12.0,0.0025,"{""model__C"": 12.0, ""model__gamma"": 0.0025, ""pca__n_components"": 84}",stage3_local_cv,2,0.770625,4.605
stage3_343,stage3_seed_1,"{""model__C"": 12.0, ""model__gamma"": 0.0025, ""pca__n_components"": 84}",84,12.0,0.0025,"{""model__C"": 12.0, ""model__gamma"": 0.0025, ""pca__n_components"": 84}",stage3_local_cv,3,0.775625,5.614
stage3_343,stage3_seed_1,"{""model__C"": 12.0, ""model__gamma"": 0.0025, ""pca__n_components"": 84}",84,12.0,0.0025,"{""model__C"": 12.0, ""model__gamma"": 0.0025, ""pca__n_components"": 84}",stage3_local_cv,4,0.7625,5.664
stage3_344,stage3_seed_1,"{""model__C"": 16.0, ""model__gamma"": ""scale"", ""pca__n_components"": 84}",84,16.0,scale,"{""model__C"": 16.0, ""model__gamma"": ""scale"", ""pca__n_components"": 84}",stage3_local_cv,0,0.801875,7.17
stage3_344,stage3_seed_1,"{""model__C"": 16.0, ""model__gamma"": ""scale"", ""pca__n_components"": 84}",84,16.0,scale,"{""model__C"": 16.0, ""model__gamma"": ""scale"", ""pca__n_components"": 84}",stage3_local_cv,1,0.809375,5.133
stage3_344,stage3_seed_1,"{""model__C"": 16.0, ""model__gamma"": ""scale"", ""pca__n_components"": 84}",84,16.0,scale,"{""model__C"": 16.0, ""model__gamma"": ""scale"", ""pca__n_components"": 84}",stage3_local_cv,2,0.794375,6.485
stage3_344,stage3_seed_1,"{""model__C"": 16.0, ""model__gamma"": ""scale"", ""pca__n_components"": 84}",84,16.0,scale,"{""model__C"": 16.0, ""model__gamma"": ""scale"", ""pca__n_components"": 84}",stage3_local_cv,3,0.786875,5.081
stage3_344,stage3_seed_1,"{""model__C"": 16.0, ""model__gamma"": ""scale"", ""pca__n_components"": 84}",84,16.0,scale,"{""model__C"": 16.0, ""model__gamma"": ""scale"", ""pca__n_components"": 84}",stage3_local_cv,4,0.79625,5.517
stage3_345,stage3_seed_1,"{""model__C"": 16.0, ""model__gamma"": 0.001, ""pca__n_components"": 84}",84,16.0,0.001,"{""model__C"": 16.0, ""model__gamma"": 0.001, ""pca__n_components"": 84}",stage3_local_cv,0,0.736875,4.383
stage3_345,stage3_seed_1,"{""model__C"": 16.0, ""model__gamma"": 0.001, ""pca__n_components"": 84}",84,16.0,0.001,"{""model__C"": 16.0, ""model__gamma"": 0.001, ""pca__n_components"": 84}",stage3_local_cv,1,0.723125,4.92
stage3_345,stage3_seed_1,"{""model__C"": 16.0, ""model__gamma"": 0.001, ""pca__n_components"": 84}",84,16.0,0.001,"{""model__C"": 16.0, ""model__gamma"": 0.001, ""pca__n_components"": 84}",stage3_local_cv,2,0.70875,4.32
stage3_345,stage3_seed_1,"{""model__C"": 16.0, ""model__gamma"": 0.001, ""pca__n_components"": 84}",84,16.0,0.001,"{""model__C"": 16.0, ""model__gamma"": 0.001, ""pca__n_components"": 84}",stage3_local_cv,3,0.750625,4.468
stage3_345,stage3_seed_1,"{""model__C"": 16.0, ""model__gamma"": 0.001, ""pca__n_components"": 84}",84,16.0,0.001,"{""model__C"": 16.0, ""model__gamma"": 0.001, ""pca__n_components"": 84}",stage3_local_cv,4,0.725,4.164
stage3_346,stage3_seed_1,"{""model__C"": 16.0, ""model__gamma"": 0.0025, ""pca__n_components"": 84}",84,16.0,0.0025,"{""model__C"": 16.0, ""model__gamma"": 0.0025, ""pca__n_components"": 84}",stage3_local_cv,0,0.789375,6.167
stage3_346,stage3_seed_1,"{""model__C"": 16.0, ""model__gamma"": 0.0025, ""pca__n_components"": 84}",84,16.0,0.0025,"{""model__C"": 16.0, ""model__gamma"": 0.0025, ""pca__n_components"": 84}",stage3_local_cv,1,0.78,5.952
stage3_346,stage3_seed_1,"{""model__C"": 16.0, ""model__gamma"": 0.0025, ""pca__n_components"": 84}",84,16.0,0.0025,"{""model__C"": 16.0, ""model__gamma"": 0.0025, ""pca__n_components"": 84}",stage3_local_cv,2,0.781875,6.327
stage3_346,stage3_seed_1,"{""model__C"": 16.0, ""model__gamma"": 0.0025, ""pca__n_components"": 84}",84,16.0,0.0025,"{""model__C"": 16.0, ""model__gamma"": 0.0025, ""pca__n_components"": 84}",stage3_local_cv,3,0.783125,5.99
stage3_346,stage3_seed_1,"{""model__C"": 16.0, ""model__gamma"": 0.0025, ""pca__n_components"": 84}",84,16.0,0.0025,"{""model__C"": 16.0, ""model__gamma"": 0.0025, ""pca__n_components"": 84}",stage3_local_cv,4,0.77375,6.183
stage3_347,stage3_seed_1,"{""model__C"": 16.0, ""model__gamma"": 0.005, ""pca__n_components"": 84}",84,16.0,0.005,"{""model__C"": 16.0, ""model__gamma"": 0.005, ""pca__n_components"": 84}",stage3_local_cv,0,0.806875,5.776
stage3_347,stage3_seed_1,"{""model__C"": 16.0, ""model__gamma"": 0.005, ""pca__n_components"": 84}",84,16.0,0.005,"{""model__C"": 16.0, ""model__gamma"": 0.005, ""pca__n_components"": 84}",stage3_local_cv,1,0.810625,5.256
stage3_347,stage3_seed_1,"{""model__C"": 16.0, ""model__gamma"": 0.005, ""pca__n_components"": 84}",84,16.0,0.005,"{""model__C"": 16.0, ""model__gamma"": 0.005, ""pca__n_components"": 84}",stage3_local_cv,2,0.7975,5.362
stage3_347,stage3_seed_1,"{""model__C"": 16.0, ""model__gamma"": 0.005, ""pca__n_components"": 84}",84,16.0,0.005,"{""model__C"": 16.0, ""model__gamma"": 0.005, ""pca__n_components"": 84}",stage3_local_cv,3,0.790625,5.547
stage3_347,stage3_seed_1,"{""model__C"": 16.0, ""model__gamma"": 0.005, ""pca__n_components"": 84}",84,16.0,0.005,"{""model__C"": 16.0, ""model__gamma"": 0.005, ""pca__n_components"": 84}",stage3_local_cv,4,0.79875,5.596
stage3_348,stage3_seed_1,"{""model__C"": 16.0, ""model__gamma"": 0.01, ""pca__n_components"": 84}",84,16.0,0.01,"{""model__C"": 16.0, ""model__gamma"": 0.01, ""pca__n_components"": 84}",stage3_local_cv,0,0.796875,6.145
stage3_348,stage3_seed_1,"{""model__C"": 16.0, ""model__gamma"": 0.01, ""pca__n_components"": 84}",84,16.0,0.01,"{""model__C"": 16.0, ""model__gamma"": 0.01, ""pca__n_components"": 84}",stage3_local_cv,1,0.805625,5.895
stage3_348,stage3_seed_1,"{""model__C"": 16.0, ""model__gamma"": 0.01, ""pca__n_components"": 84}",84,16.0,0.01,"{""model__C"": 16.0, ""model__gamma"": 0.01, ""pca__n_components"": 84}",stage3_local_cv,2,0.80375,4.525
stage3_348,stage3_seed_1,"{""model__C"": 16.0, ""model__gamma"": 0.01, ""pca__n_components"": 84}",84,16.0,0.01,"{""model__C"": 16.0, ""model__gamma"": 0.01, ""pca__n_components"": 84}",stage3_local_cv,3,0.794375,5.846
stage3_348,stage3_seed_1,"{""model__C"": 16.0, ""model__gamma"": 0.01, ""pca__n_components"": 84}",84,16.0,0.01,"{""model__C"": 16.0, ""model__gamma"": 0.01, ""pca__n_components"": 84}",stage3_local_cv,4,0.79625,5.996
stage3_349,stage3_seed_1,"{""model__C"": 16.0, ""model__gamma"": 0.02, ""pca__n_components"": 84}",84,16.0,0.02,"{""model__C"": 16.0, ""model__gamma"": 0.02, ""pca__n_components"": 84}",stage3_local_cv,0,0.79125,4.772
stage3_349,stage3_seed_1,"{""model__C"": 16.0, ""model__gamma"": 0.02, ""pca__n_components"": 84}",84,16.0,0.02,"{""model__C"": 16.0, ""model__gamma"": 0.02, ""pca__n_components"": 84}",stage3_local_cv,1,0.805,4.437
stage3_349,stage3_seed_1,"{""model__C"": 16.0, ""model__gamma"": 0.02, ""pca__n_components"": 84}",84,16.0,0.02,"{""model__C"": 16.0, ""model__gamma"": 0.02, ""pca__n_components"": 84}",stage3_local_cv,2,0.79375,5.751
stage3_349,stage3_seed_1,"{""model__C"": 16.0, ""model__gamma"": 0.02, ""pca__n_components"": 84}",84,16.0,0.02,"{""model__C"": 16.0, ""model__gamma"": 0.02, ""pca__n_components"": 84}",stage3_local_cv,3,0.793125,4.306
stage3_349,stage3_seed_1,"{""model__C"": 16.0, ""model__gamma"": 0.02, ""pca__n_components"": 84}",84,16.0,0.02,"{""model__C"": 16.0, ""model__gamma"": 0.02, ""pca__n_components"": 84}",stage3_local_cv,4,0.7975,4.439
stage3_350,stage3_seed_1,"{""model__C"": 24.0, ""model__gamma"": ""scale"", ""pca__n_components"": 84}",84,24.0,scale,"{""model__C"": 24.0, ""model__gamma"": ""scale"", ""pca__n_components"": 84}",stage3_local_cv,0,0.794375,5.3
stage3_350,stage3_seed_1,"{""model__C"": 24.0, ""model__gamma"": ""scale"", ""pca__n_components"": 84}",84,24.0,scale,"{""model__C"": 24.0, ""model__gamma"": ""scale"", ""pca__n_components"": 84}",stage3_local_cv,1,0.805,6.441
stage3_350,stage3_seed_1,"{""model__C"": 24.0, ""model__gamma"": ""scale"", ""pca__n_components"": 84}",84,24.0,scale,"{""model__C"": 24.0, ""model__gamma"": ""scale"", ""pca__n_components"": 84}",stage3_local_cv,2,0.79375,5.054
stage3_350,stage3_seed_1,"{""model__C"": 24.0, ""model__gamma"": ""scale"", ""pca__n_components"": 84}",84,24.0,scale,"{""model__C"": 24.0, ""model__gamma"": ""scale"", ""pca__n_components"": 84}",stage3_local_cv,3,0.79125,6.268
stage3_350,stage3_seed_1,"{""model__C"": 24.0, ""model__gamma"": ""scale"", ""pca__n_components"": 84}",84,24.0,scale,"{""model__C"": 24.0, ""model__gamma"": ""scale"", ""pca__n_components"": 84}",stage3_local_cv,4,0.784375,6.068
stage3_351,stage3_seed_1,"{""model__C"": 24.0, ""model__gamma"": 0.001, ""pca__n_components"": 84}",84,24.0,0.001,"{""model__C"": 24.0, ""model__gamma"": 0.001, ""pca__n_components"": 84}",stage3_local_cv,0,0.74625,6.008
stage3_351,stage3_seed_1,"{""model__C"": 24.0, ""model__gamma"": 0.001, ""pca__n_components"": 84}",84,24.0,0.001,"{""model__C"": 24.0, ""model__gamma"": 0.001, ""pca__n_components"": 84}",stage3_local_cv,1,0.738125,4.974
stage3_351,stage3_seed_1,"{""model__C"": 24.0, ""model__gamma"": 0.001, ""pca__n_components"": 84}",84,24.0,0.001,"{""model__C"": 24.0, ""model__gamma"": 0.001, ""pca__n_components"": 84}",stage3_local_cv,2,0.7275,5.765
stage3_351,stage3_seed_1,"{""model__C"": 24.0, ""model__gamma"": 0.001, ""pca__n_components"": 84}",84,24.0,0.001,"{""model__C"": 24.0, ""model__gamma"": 0.001, ""pca__n_components"": 84}",stage3_local_cv,3,0.753125,4.837
stage3_351,stage3_seed_1,"{""model__C"": 24.0, ""model__gamma"": 0.001, ""pca__n_components"": 84}",84,24.0,0.001,"{""model__C"": 24.0, ""model__gamma"": 0.001, ""pca__n_components"": 84}",stage3_local_cv,4,0.7375,5.263
stage3_352,stage3_seed_1,"{""model__C"": 24.0, ""model__gamma"": 0.0025, ""pca__n_components"": 84}",84,24.0,0.0025,"{""model__C"": 24.0, ""model__gamma"": 0.0025, ""pca__n_components"": 84}",stage3_local_cv,0,0.7975,5.953
stage3_352,stage3_seed_1,"{""model__C"": 24.0, ""model__gamma"": 0.0025, ""pca__n_components"": 84}",84,24.0,0.0025,"{""model__C"": 24.0, ""model__gamma"": 0.0025, ""pca__n_components"": 84}",stage3_local_cv,1,0.79,5.904
stage3_352,stage3_seed_1,"{""model__C"": 24.0, ""model__gamma"": 0.0025, ""pca__n_components"": 84}",84,24.0,0.0025,"{""model__C"": 24.0, ""model__gamma"": 0.0025, ""pca__n_components"": 84}",stage3_local_cv,2,0.796875,5.862
stage3_352,stage3_seed_1,"{""model__C"": 24.0, ""model__gamma"": 0.0025, ""pca__n_components"": 84}",84,24.0,0.0025,"{""model__C"": 24.0, ""model__gamma"": 0.0025, ""pca__n_components"": 84}",stage3_local_cv,3,0.78875,5.725
stage3_352,stage3_seed_1,"{""model__C"": 24.0, ""model__gamma"": 0.0025, ""pca__n_components"": 84}",84,24.0,0.0025,"{""model__C"": 24.0, ""model__gamma"": 0.0025, ""pca__n_components"": 84}",stage3_local_cv,4,0.78625,5.866
stage3_353,stage3_seed_1,"{""model__C"": 24.0, ""model__gamma"": 0.005, ""pca__n_components"": 84}",84,24.0,0.005,"{""model__C"": 24.0, ""model__gamma"": 0.005, ""pca__n_components"": 84}",stage3_local_cv,0,0.7975,6.683
stage3_353,stage3_seed_1,"{""model__C"": 24.0, ""model__gamma"": 0.005, ""pca__n_components"": 84}",84,24.0,0.005,"{""model__C"": 24.0, ""model__gamma"": 0.005, ""pca__n_components"": 84}",stage3_local_cv,1,0.809375,6.527
stage3_353,stage3_seed_1,"{""model__C"": 24.0, ""model__gamma"": 0.005, ""pca__n_components"": 84}",84,24.0,0.005,"{""model__C"": 24.0, ""model__gamma"": 0.005, ""pca__n_components"": 84}",stage3_local_cv,2,0.791875,6.878
stage3_353,stage3_seed_1,"{""model__C"": 24.0, ""model__gamma"": 0.005, ""pca__n_components"": 84}",84,24.0,0.005,"{""model__C"": 24.0, ""model__gamma"": 0.005, ""pca__n_components"": 84}",stage3_local_cv,3,0.79,6.464
stage3_353,stage3_seed_1,"{""model__C"": 24.0, ""model__gamma"": 0.005, ""pca__n_components"": 84}",84,24.0,0.005,"{""model__C"": 24.0, ""model__gamma"": 0.005, ""pca__n_components"": 84}",stage3_local_cv,4,0.786875,6.434
stage3_354,stage3_seed_1,"{""model__C"": 24.0, ""model__gamma"": 0.01, ""pca__n_components"": 84}",84,24.0,0.01,"{""model__C"": 24.0, ""model__gamma"": 0.01, ""pca__n_components"": 84}",stage3_local_cv,0,0.78625,4.722
stage3_354,stage3_seed_1,"{""model__C"": 24.0, ""model__gamma"": 0.01, ""pca__n_components"": 84}",84,24.0,0.01,"{""model__C"": 24.0, ""model__gamma"": 0.01, ""pca__n_components"": 84}",stage3_local_cv,1,0.80125,4.572
stage3_354,stage3_seed_1,"{""model__C"": 24.0, ""model__gamma"": 0.01, ""pca__n_components"": 84}",84,24.0,0.01,"{""model__C"": 24.0, ""model__gamma"": 0.01, ""pca__n_components"": 84}",stage3_local_cv,2,0.795,4.798
stage3_354,stage3_seed_1,"{""model__C"": 24.0, ""model__gamma"": 0.01, ""pca__n_components"": 84}",84,24.0,0.01,"{""model__C"": 24.0, ""model__gamma"": 0.01, ""pca__n_components"": 84}",stage3_local_cv,3,0.7925,4.417
stage3_354,stage3_seed_1,"{""model__C"": 24.0, ""model__gamma"": 0.01, ""pca__n_components"": 84}",84,24.0,0.01,"{""model__C"": 24.0, ""model__gamma"": 0.01, ""pca__n_components"": 84}",stage3_local_cv,4,0.795,4.577
stage3_355,stage3_seed_1,"{""model__C"": 24.0, ""model__gamma"": 0.02, ""pca__n_components"": 84}",84,24.0,0.02,"{""model__C"": 24.0, ""model__gamma"": 0.02, ""pca__n_components"": 84}",stage3_local_cv,0,0.79,5.766
stage3_355,stage3_seed_1,"{""model__C"": 24.0, ""model__gamma"": 0.02, ""pca__n_components"": 84}",84,24.0,0.02,"{""model__C"": 24.0, ""model__gamma"": 0.02, ""pca__n_components"": 84}",stage3_local_cv,1,0.7975,5.915
stage3_355,stage3_seed_1,"{""model__C"": 24.0, ""model__gamma"": 0.02, ""pca__n_components"": 84}",84,24.0,0.02,"{""model__C"": 24.0, ""model__gamma"": 0.02, ""pca__n_components"": 84}",stage3_local_cv,2,0.785625,4.318
stage3_355,stage3_seed_1,"{""model__C"": 24.0, ""model__gamma"": 0.02, ""pca__n_components"": 84}",84,24.0,0.02,"{""model__C"": 24.0, ""model__gamma"": 0.02, ""pca__n_components"": 84}",stage3_local_cv,3,0.786875,5.991
stage3_355,stage3_seed_1,"{""model__C"": 24.0, ""model__gamma"": 0.02, ""pca__n_components"": 84}",84,24.0,0.02,"{""model__C"": 24.0, ""model__gamma"": 0.02, ""pca__n_components"": 84}",stage3_local_cv,4,0.79,5.946
stage3_356,stage3_seed_1,"{""model__C"": 4.0, ""model__gamma"": 0.001, ""pca__n_components"": 88}",88,4.0,0.001,"{""model__C"": 4.0, ""model__gamma"": 0.001, ""pca__n_components"": 88}",stage3_local_cv,0,0.714375,4.228
stage3_356,stage3_seed_1,"{""model__C"": 4.0, ""model__gamma"": 0.001, ""pca__n_components"": 88}",88,4.0,0.001,"{""model__C"": 4.0, ""model__gamma"": 0.001, ""pca__n_components"": 88}",stage3_local_cv,1,0.7,3.87
stage3_356,stage3_seed_1,"{""model__C"": 4.0, ""model__gamma"": 0.001, ""pca__n_components"": 88}",88,4.0,0.001,"{""model__C"": 4.0, ""model__gamma"": 0.001, ""pca__n_components"": 88}",stage3_local_cv,2,0.69,5.091
stage3_356,stage3_seed_1,"{""model__C"": 4.0, ""model__gamma"": 0.001, ""pca__n_components"": 88}",88,4.0,0.001,"{""model__C"": 4.0, ""model__gamma"": 0.001, ""pca__n_components"": 88}",stage3_local_cv,3,0.724375,3.903
stage3_356,stage3_seed_1,"{""model__C"": 4.0, ""model__gamma"": 0.001, ""pca__n_components"": 88}",88,4.0,0.001,"{""model__C"": 4.0, ""model__gamma"": 0.001, ""pca__n_components"": 88}",stage3_local_cv,4,0.696875,3.894
stage3_357,stage3_seed_1,"{""model__C"": 4.0, ""model__gamma"": 0.0025, ""pca__n_components"": 88}",88,4.0,0.0025,"{""model__C"": 4.0, ""model__gamma"": 0.0025, ""pca__n_components"": 88}",stage3_local_cv,0,0.75625,4.231
stage3_357,stage3_seed_1,"{""model__C"": 4.0, ""model__gamma"": 0.0025, ""pca__n_components"": 88}",88,4.0,0.0025,"{""model__C"": 4.0, ""model__gamma"": 0.0025, ""pca__n_components"": 88}",stage3_local_cv,1,0.73875,4.217
stage3_357,stage3_seed_1,"{""model__C"": 4.0, ""model__gamma"": 0.0025, ""pca__n_components"": 88}",88,4.0,0.0025,"{""model__C"": 4.0, ""model__gamma"": 0.0025, ""pca__n_components"": 88}",stage3_local_cv,2,0.736875,4.172
stage3_357,stage3_seed_1,"{""model__C"": 4.0, ""model__gamma"": 0.0025, ""pca__n_components"": 88}",88,4.0,0.0025,"{""model__C"": 4.0, ""model__gamma"": 0.0025, ""pca__n_components"": 88}",stage3_local_cv,3,0.755,4.204
stage3_357,stage3_seed_1,"{""model__C"": 4.0, ""model__gamma"": 0.0025, ""pca__n_components"": 88}",88,4.0,0.0025,"{""model__C"": 4.0, ""model__gamma"": 0.0025, ""pca__n_components"": 88}",stage3_local_cv,4,0.730625,4.146
stage3_358,stage3_seed_1,"{""model__C"": 6.0, ""model__gamma"": 0.001, ""pca__n_components"": 88}",88,6.0,0.001,"{""model__C"": 6.0, ""model__gamma"": 0.001, ""pca__n_components"": 88}",stage3_local_cv,0,0.72,5.228
stage3_358,stage3_seed_1,"{""model__C"": 6.0, ""model__gamma"": 0.001, ""pca__n_components"": 88}",88,6.0,0.001,"{""model__C"": 6.0, ""model__gamma"": 0.001, ""pca__n_components"": 88}",stage3_local_cv,1,0.701875,5.1
stage3_358,stage3_seed_1,"{""model__C"": 6.0, ""model__gamma"": 0.001, ""pca__n_components"": 88}",88,6.0,0.001,"{""model__C"": 6.0, ""model__gamma"": 0.001, ""pca__n_components"": 88}",stage3_local_cv,2,0.698125,4.014
stage3_358,stage3_seed_1,"{""model__C"": 6.0, ""model__gamma"": 0.001, ""pca__n_components"": 88}",88,6.0,0.001,"{""model__C"": 6.0, ""model__gamma"": 0.001, ""pca__n_components"": 88}",stage3_local_cv,3,0.73,5.165
stage3_358,stage3_seed_1,"{""model__C"": 6.0, ""model__gamma"": 0.001, ""pca__n_components"": 88}",88,6.0,0.001,"{""model__C"": 6.0, ""model__gamma"": 0.001, ""pca__n_components"": 88}",stage3_local_cv,4,0.7075,5.07
stage3_359,stage3_seed_1,"{""model__C"": 6.0, ""model__gamma"": 0.0025, ""pca__n_components"": 88}",88,6.0,0.0025,"{""model__C"": 6.0, ""model__gamma"": 0.0025, ""pca__n_components"": 88}",stage3_local_cv,0,0.76,4.596
stage3_359,stage3_seed_1,"{""model__C"": 6.0, ""model__gamma"": 0.0025, ""pca__n_components"": 88}",88,6.0,0.0025,"{""model__C"": 6.0, ""model__gamma"": 0.0025, ""pca__n_components"": 88}",stage3_local_cv,1,0.749375,4.359
stage3_359,stage3_seed_1,"{""model__C"": 6.0, ""model__gamma"": 0.0025, ""pca__n_components"": 88}",88,6.0,0.0025,"{""model__C"": 6.0, ""model__gamma"": 0.0025, ""pca__n_components"": 88}",stage3_local_cv,2,0.75375,5.43
stage3_359,stage3_seed_1,"{""model__C"": 6.0, ""model__gamma"": 0.0025, ""pca__n_components"": 88}",88,6.0,0.0025,"{""model__C"": 6.0, ""model__gamma"": 0.0025, ""pca__n_components"": 88}",stage3_local_cv,3,0.75875,4.406
stage3_359,stage3_seed_1,"{""model__C"": 6.0, ""model__gamma"": 0.0025, ""pca__n_components"": 88}",88,6.0,0.0025,"{""model__C"": 6.0, ""model__gamma"": 0.0025, ""pca__n_components"": 88}",stage3_local_cv,4,0.739375,4.31
stage3_360,stage3_seed_1,"{""model__C"": 8.0, ""model__gamma"": 0.001, ""pca__n_components"": 88}",88,8.0,0.001,"{""model__C"": 8.0, ""model__gamma"": 0.001, ""pca__n_components"": 88}",stage3_local_cv,0,0.726875,4.228
stage3_360,stage3_seed_1,"{""model__C"": 8.0, ""model__gamma"": 0.001, ""pca__n_components"": 88}",88,8.0,0.001,"{""model__C"": 8.0, ""model__gamma"": 0.001, ""pca__n_components"": 88}",stage3_local_cv,1,0.710625,4.145
stage3_360,stage3_seed_1,"{""model__C"": 8.0, ""model__gamma"": 0.001, ""pca__n_components"": 88}",88,8.0,0.001,"{""model__C"": 8.0, ""model__gamma"": 0.001, ""pca__n_components"": 88}",stage3_local_cv,2,0.704375,4.11
stage3_360,stage3_seed_1,"{""model__C"": 8.0, ""model__gamma"": 0.001, ""pca__n_components"": 88}",88,8.0,0.001,"{""model__C"": 8.0, ""model__gamma"": 0.001, ""pca__n_components"": 88}",stage3_local_cv,3,0.73625,4.143
stage3_360,stage3_seed_1,"{""model__C"": 8.0, ""model__gamma"": 0.001, ""pca__n_components"": 88}",88,8.0,0.001,"{""model__C"": 8.0, ""model__gamma"": 0.001, ""pca__n_components"": 88}",stage3_local_cv,4,0.715,4.098
stage3_361,stage3_seed_1,"{""model__C"": 8.0, ""model__gamma"": 0.0025, ""pca__n_components"": 88}",88,8.0,0.0025,"{""model__C"": 8.0, ""model__gamma"": 0.0025, ""pca__n_components"": 88}",stage3_local_cv,0,0.768125,5.702
stage3_361,stage3_seed_1,"{""model__C"": 8.0, ""model__gamma"": 0.0025, ""pca__n_components"": 88}",88,8.0,0.0025,"{""model__C"": 8.0, ""model__gamma"": 0.0025, ""pca__n_components"": 88}",stage3_local_cv,1,0.763125,5.803
stage3_361,stage3_seed_1,"{""model__C"": 8.0, ""model__gamma"": 0.0025, ""pca__n_components"": 88}",88,8.0,0.0025,"{""model__C"": 8.0, ""model__gamma"": 0.0025, ""pca__n_components"": 88}",stage3_local_cv,2,0.761875,4.553
stage3_361,stage3_seed_1,"{""model__C"": 8.0, ""model__gamma"": 0.0025, ""pca__n_components"": 88}",88,8.0,0.0025,"{""model__C"": 8.0, ""model__gamma"": 0.0025, ""pca__n_components"": 88}",stage3_local_cv,3,0.771875,5.708
stage3_361,stage3_seed_1,"{""model__C"": 8.0, ""model__gamma"": 0.0025, ""pca__n_components"": 88}",88,8.0,0.0025,"{""model__C"": 8.0, ""model__gamma"": 0.0025, ""pca__n_components"": 88}",stage3_local_cv,4,0.753125,5.553
stage3_362,stage3_seed_1,"{""model__C"": 12.0, ""model__gamma"": 0.001, ""pca__n_components"": 88}",88,12.0,0.001,"{""model__C"": 12.0, ""model__gamma"": 0.001, ""pca__n_components"": 88}",stage3_local_cv,0,0.731875,4.413
stage3_362,stage3_seed_1,"{""model__C"": 12.0, ""model__gamma"": 0.001, ""pca__n_components"": 88}",88,12.0,0.001,"{""model__C"": 12.0, ""model__gamma"": 0.001, ""pca__n_components"": 88}",stage3_local_cv,1,0.724375,4.304
stage3_362,stage3_seed_1,"{""model__C"": 12.0, ""model__gamma"": 0.001, ""pca__n_components"": 88}",88,12.0,0.001,"{""model__C"": 12.0, ""model__gamma"": 0.001, ""pca__n_components"": 88}",stage3_local_cv,2,0.709375,5.526
stage3_362,stage3_seed_1,"{""model__C"": 12.0, ""model__gamma"": 0.001, ""pca__n_components"": 88}",88,12.0,0.001,"{""model__C"": 12.0, ""model__gamma"": 0.001, ""pca__n_components"": 88}",stage3_local_cv,3,0.749375,4.328
stage3_362,stage3_seed_1,"{""model__C"": 12.0, ""model__gamma"": 0.001, ""pca__n_components"": 88}",88,12.0,0.001,"{""model__C"": 12.0, ""model__gamma"": 0.001, ""pca__n_components"": 88}",stage3_local_cv,4,0.716875,4.246
stage3_363,stage3_seed_1,"{""model__C"": 12.0, ""model__gamma"": 0.0025, ""pca__n_components"": 88}",88,12.0,0.0025,"{""model__C"": 12.0, ""model__gamma"": 0.0025, ""pca__n_components"": 88}",stage3_local_cv,0,0.78375,5.275
stage3_363,stage3_seed_1,"{""model__C"": 12.0, ""model__gamma"": 0.0025, ""pca__n_components"": 88}",88,12.0,0.0025,"{""model__C"": 12.0, ""model__gamma"": 0.0025, ""pca__n_components"": 88}",stage3_local_cv,1,0.773125,6.051
stage3_363,stage3_seed_1,"{""model__C"": 12.0, ""model__gamma"": 0.0025, ""pca__n_components"": 88}",88,12.0,0.0025,"{""model__C"": 12.0, ""model__gamma"": 0.0025, ""pca__n_components"": 88}",stage3_local_cv,2,0.77125,4.858
stage3_363,stage3_seed_1,"{""model__C"": 12.0, ""model__gamma"": 0.0025, ""pca__n_components"": 88}",88,12.0,0.0025,"{""model__C"": 12.0, ""model__gamma"": 0.0025, ""pca__n_components"": 88}",stage3_local_cv,3,0.78375,5.867
stage3_363,stage3_seed_1,"{""model__C"": 12.0, ""model__gamma"": 0.0025, ""pca__n_components"": 88}",88,12.0,0.0025,"{""model__C"": 12.0, ""model__gamma"": 0.0025, ""pca__n_components"": 88}",stage3_local_cv,4,0.765,5.575
stage3_364,stage3_seed_1,"{""model__C"": 16.0, ""model__gamma"": ""scale"", ""pca__n_components"": 88}",88,16.0,scale,"{""model__C"": 16.0, ""model__gamma"": ""scale"", ""pca__n_components"": 88}",stage3_local_cv,0,0.8025,6.48
stage3_364,stage3_seed_1,"{""model__C"": 16.0, ""model__gamma"": ""scale"", ""pca__n_components"": 88}",88,16.0,scale,"{""model__C"": 16.0, ""model__gamma"": ""scale"", ""pca__n_components"": 88}",stage3_local_cv,1,0.8075,5.876
stage3_364,stage3_seed_1,"{""model__C"": 16.0, ""model__gamma"": ""scale"", ""pca__n_components"": 88}",88,16.0,scale,"{""model__C"": 16.0, ""model__gamma"": ""scale"", ""pca__n_components"": 88}",stage3_local_cv,2,0.800625,6.893
stage3_364,stage3_seed_1,"{""model__C"": 16.0, ""model__gamma"": ""scale"", ""pca__n_components"": 88}",88,16.0,scale,"{""model__C"": 16.0, ""model__gamma"": ""scale"", ""pca__n_components"": 88}",stage3_local_cv,3,0.79125,5.955
stage3_364,stage3_seed_1,"{""model__C"": 16.0, ""model__gamma"": ""scale"", ""pca__n_components"": 88}",88,16.0,scale,"{""model__C"": 16.0, ""model__gamma"": ""scale"", ""pca__n_components"": 88}",stage3_local_cv,4,0.7925,5.966
stage3_365,stage3_seed_1,"{""model__C"": 16.0, ""model__gamma"": 0.001, ""pca__n_components"": 88}",88,16.0,0.001,"{""model__C"": 16.0, ""model__gamma"": 0.001, ""pca__n_components"": 88}",stage3_local_cv,0,0.74,4.592
stage3_365,stage3_seed_1,"{""model__C"": 16.0, ""model__gamma"": 0.001, ""pca__n_components"": 88}",88,16.0,0.001,"{""model__C"": 16.0, ""model__gamma"": 0.001, ""pca__n_components"": 88}",stage3_local_cv,1,0.730625,4.503
stage3_365,stage3_seed_1,"{""model__C"": 16.0, ""model__gamma"": 0.001, ""pca__n_components"": 88}",88,16.0,0.001,"{""model__C"": 16.0, ""model__gamma"": 0.001, ""pca__n_components"": 88}",stage3_local_cv,2,0.721875,4.423
stage3_365,stage3_seed_1,"{""model__C"": 16.0, ""model__gamma"": 0.001, ""pca__n_components"": 88}",88,16.0,0.001,"{""model__C"": 16.0, ""model__gamma"": 0.001, ""pca__n_components"": 88}",stage3_local_cv,3,0.75125,4.524
stage3_365,stage3_seed_1,"{""model__C"": 16.0, ""model__gamma"": 0.001, ""pca__n_components"": 88}",88,16.0,0.001,"{""model__C"": 16.0, ""model__gamma"": 0.001, ""pca__n_components"": 88}",stage3_local_cv,4,0.725,4.404
stage3_366,stage3_seed_1,"{""model__C"": 16.0, ""model__gamma"": 0.0025, ""pca__n_components"": 88}",88,16.0,0.0025,"{""model__C"": 16.0, ""model__gamma"": 0.0025, ""pca__n_components"": 88}",stage3_local_cv,0,0.79,6.629
stage3_366,stage3_seed_1,"{""model__C"": 16.0, ""model__gamma"": 0.0025, ""pca__n_components"": 88}",88,16.0,0.0025,"{""model__C"": 16.0, ""model__gamma"": 0.0025, ""pca__n_components"": 88}",stage3_local_cv,1,0.77875,6.521
stage3_366,stage3_seed_1,"{""model__C"": 16.0, ""model__gamma"": 0.0025, ""pca__n_components"": 88}",88,16.0,0.0025,"{""model__C"": 16.0, ""model__gamma"": 0.0025, ""pca__n_components"": 88}",stage3_local_cv,2,0.788125,5.396
stage3_366,stage3_seed_1,"{""model__C"": 16.0, ""model__gamma"": 0.0025, ""pca__n_components"": 88}",88,16.0,0.0025,"{""model__C"": 16.0, ""model__gamma"": 0.0025, ""pca__n_components"": 88}",stage3_local_cv,3,0.785625,6.524
stage3_366,stage3_seed_1,"{""model__C"": 16.0, ""model__gamma"": 0.0025, ""pca__n_components"": 88}",88,16.0,0.0025,"{""model__C"": 16.0, ""model__gamma"": 0.0025, ""pca__n_components"": 88}",stage3_local_cv,4,0.77375,6.296
stage3_367,stage3_seed_1,"{""model__C"": 16.0, ""model__gamma"": 0.005, ""pca__n_components"": 88}",88,16.0,0.005,"{""model__C"": 16.0, ""model__gamma"": 0.005, ""pca__n_components"": 88}",stage3_local_cv,0,0.8075,5.614
stage3_367,stage3_seed_1,"{""model__C"": 16.0, ""model__gamma"": 0.005, ""pca__n_components"": 88}",88,16.0,0.005,"{""model__C"": 16.0, ""model__gamma"": 0.005, ""pca__n_components"": 88}",stage3_local_cv,1,0.81,5.515
stage3_367,stage3_seed_1,"{""model__C"": 16.0, ""model__gamma"": 0.005, ""pca__n_components"": 88}",88,16.0,0.005,"{""model__C"": 16.0, ""model__gamma"": 0.005, ""pca__n_components"": 88}",stage3_local_cv,2,0.79875,6.621
stage3_367,stage3_seed_1,"{""model__C"": 16.0, ""model__gamma"": 0.005, ""pca__n_components"": 88}",88,16.0,0.005,"{""model__C"": 16.0, ""model__gamma"": 0.005, ""pca__n_components"": 88}",stage3_local_cv,3,0.790625,5.505
stage3_367,stage3_seed_1,"{""model__C"": 16.0, ""model__gamma"": 0.005, ""pca__n_components"": 88}",88,16.0,0.005,"{""model__C"": 16.0, ""model__gamma"": 0.005, ""pca__n_components"": 88}",stage3_local_cv,4,0.79375,5.907
stage3_368,stage3_seed_1,"{""model__C"": 16.0, ""model__gamma"": 0.01, ""pca__n_components"": 88}",88,16.0,0.01,"{""model__C"": 16.0, ""model__gamma"": 0.01, ""pca__n_components"": 88}",stage3_local_cv,0,0.80375,6.335
stage3_368,stage3_seed_1,"{""model__C"": 16.0, ""model__gamma"": 0.01, ""pca__n_components"": 88}",88,16.0,0.01,"{""model__C"": 16.0, ""model__gamma"": 0.01, ""pca__n_components"": 88}",stage3_local_cv,1,0.804375,6.24
stage3_368,stage3_seed_1,"{""model__C"": 16.0, ""model__gamma"": 0.01, ""pca__n_components"": 88}",88,16.0,0.01,"{""model__C"": 16.0, ""model__gamma"": 0.01, ""pca__n_components"": 88}",stage3_local_cv,2,0.80625,4.91
stage3_368,stage3_seed_1,"{""model__C"": 16.0, ""model__gamma"": 0.01, ""pca__n_components"": 88}",88,16.0,0.01,"{""model__C"": 16.0, ""model__gamma"": 0.01, ""pca__n_components"": 88}",stage3_local_cv,3,0.795625,6.203
stage3_368,stage3_seed_1,"{""model__C"": 16.0, ""model__gamma"": 0.01, ""pca__n_components"": 88}",88,16.0,0.01,"{""model__C"": 16.0, ""model__gamma"": 0.01, ""pca__n_components"": 88}",stage3_local_cv,4,0.8,6.069
stage3_369,stage3_seed_1,"{""model__C"": 16.0, ""model__gamma"": 0.02, ""pca__n_components"": 88}",88,16.0,0.02,"{""model__C"": 16.0, ""model__gamma"": 0.02, ""pca__n_components"": 88}",stage3_local_cv,0,0.793125,4.82
stage3_369,stage3_seed_1,"{""model__C"": 16.0, ""model__gamma"": 0.02, ""pca__n_components"": 88}",88,16.0,0.02,"{""model__C"": 16.0, ""model__gamma"": 0.02, ""pca__n_components"": 88}",stage3_local_cv,1,0.804375,4.729
stage3_369,stage3_seed_1,"{""model__C"": 16.0, ""model__gamma"": 0.02, ""pca__n_components"": 88}",88,16.0,0.02,"{""model__C"": 16.0, ""model__gamma"": 0.02, ""pca__n_components"": 88}",stage3_local_cv,2,0.791875,5.987
stage3_369,stage3_seed_1,"{""model__C"": 16.0, ""model__gamma"": 0.02, ""pca__n_components"": 88}",88,16.0,0.02,"{""model__C"": 16.0, ""model__gamma"": 0.02, ""pca__n_components"": 88}",stage3_local_cv,3,0.7925,4.646
stage3_369,stage3_seed_1,"{""model__C"": 16.0, ""model__gamma"": 0.02, ""pca__n_components"": 88}",88,16.0,0.02,"{""model__C"": 16.0, ""model__gamma"": 0.02, ""pca__n_components"": 88}",stage3_local_cv,4,0.798125,4.646
stage3_370,stage3_seed_1,"{""model__C"": 24.0, ""model__gamma"": ""scale"", ""pca__n_components"": 88}",88,24.0,scale,"{""model__C"": 24.0, ""model__gamma"": ""scale"", ""pca__n_components"": 88}",stage3_local_cv,0,0.7975,6.8
stage3_370,stage3_seed_1,"{""model__C"": 24.0, ""model__gamma"": ""scale"", ""pca__n_components"": 88}",88,24.0,scale,"{""model__C"": 24.0, ""model__gamma"": ""scale"", ""pca__n_components"": 88}",stage3_local_cv,1,0.80375,6.611
stage3_370,stage3_seed_1,"{""model__C"": 24.0, ""model__gamma"": ""scale"", ""pca__n_components"": 88}",88,24.0,scale,"{""model__C"": 24.0, ""model__gamma"": ""scale"", ""pca__n_components"": 88}",stage3_local_cv,2,0.794375,5.351
stage3_370,stage3_seed_1,"{""model__C"": 24.0, ""model__gamma"": ""scale"", ""pca__n_components"": 88}",88,24.0,scale,"{""model__C"": 24.0, ""model__gamma"": ""scale"", ""pca__n_components"": 88}",stage3_local_cv,3,0.795625,6.677
stage3_370,stage3_seed_1,"{""model__C"": 24.0, ""model__gamma"": ""scale"", ""pca__n_components"": 88}",88,24.0,scale,"{""model__C"": 24.0, ""model__gamma"": ""scale"", ""pca__n_components"": 88}",stage3_local_cv,4,0.78625,6.588
stage3_371,stage3_seed_1,"{""model__C"": 24.0, ""model__gamma"": 0.001, ""pca__n_components"": 88}",88,24.0,0.001,"{""model__C"": 24.0, ""model__gamma"": 0.001, ""pca__n_components"": 88}",stage3_local_cv,0,0.753125,5.216
stage3_371,stage3_seed_1,"{""model__C"": 24.0, ""model__gamma"": 0.001, ""pca__n_components"": 88}",88,24.0,0.001,"{""model__C"": 24.0, ""model__gamma"": 0.001, ""pca__n_components"": 88}",stage3_local_cv,1,0.73875,5.078
stage3_371,stage3_seed_1,"{""model__C"": 24.0, ""model__gamma"": 0.001, ""pca__n_components"": 88}",88,24.0,0.001,"{""model__C"": 24.0, ""model__gamma"": 0.001, ""pca__n_components"": 88}",stage3_local_cv,2,0.74,6.008
stage3_371,stage3_seed_1,"{""model__C"": 24.0, ""model__gamma"": 0.001, ""pca__n_components"": 88}",88,24.0,0.001,"{""model__C"": 24.0, ""model__gamma"": 0.001, ""pca__n_components"": 88}",stage3_local_cv,3,0.754375,5.148
stage3_371,stage3_seed_1,"{""model__C"": 24.0, ""model__gamma"": 0.001, ""pca__n_components"": 88}",88,24.0,0.001,"{""model__C"": 24.0, ""model__gamma"": 0.001, ""pca__n_components"": 88}",stage3_local_cv,4,0.734375,4.914
stage3_372,stage3_seed_1,"{""model__C"": 24.0, ""model__gamma"": 0.0025, ""pca__n_components"": 88}",88,24.0,0.0025,"{""model__C"": 24.0, ""model__gamma"": 0.0025, ""pca__n_components"": 88}",stage3_local_cv,0,0.7975,6.798
stage3_372,stage3_seed_1,"{""model__C"": 24.0, ""model__gamma"": 0.0025, ""pca__n_components"": 88}",88,24.0,0.0025,"{""model__C"": 24.0, ""model__gamma"": 0.0025, ""pca__n_components"": 88}",stage3_local_cv,1,0.79,6.51
stage3_372,stage3_seed_1,"{""model__C"": 24.0, ""model__gamma"": 0.0025, ""pca__n_components"": 88}",88,24.0,0.0025,"{""model__C"": 24.0, ""model__gamma"": 0.0025, ""pca__n_components"": 88}",stage3_local_cv,2,0.79375,6.175
stage3_372,stage3_seed_1,"{""model__C"": 24.0, ""model__gamma"": 0.0025, ""pca__n_components"": 88}",88,24.0,0.0025,"{""model__C"": 24.0, ""model__gamma"": 0.0025, ""pca__n_components"": 88}",stage3_local_cv,3,0.79625,6.519
stage3_372,stage3_seed_1,"{""model__C"": 24.0, ""model__gamma"": 0.0025, ""pca__n_components"": 88}",88,24.0,0.0025,"{""model__C"": 24.0, ""model__gamma"": 0.0025, ""pca__n_components"": 88}",stage3_local_cv,4,0.78625,6.605
stage3_373,stage3_seed_1,"{""model__C"": 24.0, ""model__gamma"": 0.005, ""pca__n_components"": 88}",88,24.0,0.005,"{""model__C"": 24.0, ""model__gamma"": 0.005, ""pca__n_components"": 88}",stage3_local_cv,0,0.798125,6.41
stage3_373,stage3_seed_1,"{""model__C"": 24.0, ""model__gamma"": 0.005, ""pca__n_components"": 88}",88,24.0,0.005,"{""model__C"": 24.0, ""model__gamma"": 0.005, ""pca__n_components"": 88}",stage3_local_cv,1,0.809375,6.484
stage3_373,stage3_seed_1,"{""model__C"": 24.0, ""model__gamma"": 0.005, ""pca__n_components"": 88}",88,24.0,0.005,"{""model__C"": 24.0, ""model__gamma"": 0.005, ""pca__n_components"": 88}",stage3_local_cv,2,0.7925,6.721
stage3_373,stage3_seed_1,"{""model__C"": 24.0, ""model__gamma"": 0.005, ""pca__n_components"": 88}",88,24.0,0.005,"{""model__C"": 24.0, ""model__gamma"": 0.005, ""pca__n_components"": 88}",stage3_local_cv,3,0.7875,6.395
stage3_373,stage3_seed_1,"{""model__C"": 24.0, ""model__gamma"": 0.005, ""pca__n_components"": 88}",88,24.0,0.005,"{""model__C"": 24.0, ""model__gamma"": 0.005, ""pca__n_components"": 88}",stage3_local_cv,4,0.785,6.016
stage3_374,stage3_seed_1,"{""model__C"": 24.0, ""model__gamma"": 0.01, ""pca__n_components"": 88}",88,24.0,0.01,"{""model__C"": 24.0, ""model__gamma"": 0.01, ""pca__n_components"": 88}",stage3_local_cv,0,0.795625,5.006
stage3_374,stage3_seed_1,"{""model__C"": 24.0, ""model__gamma"": 0.01, ""pca__n_components"": 88}",88,24.0,0.01,"{""model__C"": 24.0, ""model__gamma"": 0.01, ""pca__n_components"": 88}",stage3_local_cv,1,0.7975,4.896
stage3_374,stage3_seed_1,"{""model__C"": 24.0, ""model__gamma"": 0.01, ""pca__n_components"": 88}",88,24.0,0.01,"{""model__C"": 24.0, ""model__gamma"": 0.01, ""pca__n_components"": 88}",stage3_local_cv,2,0.8,5.111
stage3_374,stage3_seed_1,"{""model__C"": 24.0, ""model__gamma"": 0.01, ""pca__n_components"": 88}",88,24.0,0.01,"{""model__C"": 24.0, ""model__gamma"": 0.01, ""pca__n_components"": 88}",stage3_local_cv,3,0.789375,4.827
stage3_374,stage3_seed_1,"{""model__C"": 24.0, ""model__gamma"": 0.01, ""pca__n_components"": 88}",88,24.0,0.01,"{""model__C"": 24.0, ""model__gamma"": 0.01, ""pca__n_components"": 88}",stage3_local_cv,4,0.79625,5.168
stage3_375,stage3_seed_1,"{""model__C"": 24.0, ""model__gamma"": 0.02, ""pca__n_components"": 88}",88,24.0,0.02,"{""model__C"": 24.0, ""model__gamma"": 0.02, ""pca__n_components"": 88}",stage3_local_cv,0,0.7925,6.132
stage3_375,stage3_seed_1,"{""model__C"": 24.0, ""model__gamma"": 0.02, ""pca__n_components"": 88}",88,24.0,0.02,"{""model__C"": 24.0, ""model__gamma"": 0.02, ""pca__n_components"": 88}",stage3_local_cv,1,0.80125,6.225
stage3_375,stage3_seed_1,"{""model__C"": 24.0, ""model__gamma"": 0.02, ""pca__n_components"": 88}",88,24.0,0.02,"{""model__C"": 24.0, ""model__gamma"": 0.02, ""pca__n_components"": 88}",stage3_local_cv,2,0.7875,4.663
stage3_375,stage3_seed_1,"{""model__C"": 24.0, ""model__gamma"": 0.02, ""pca__n_components"": 88}",88,24.0,0.02,"{""model__C"": 24.0, ""model__gamma"": 0.02, ""pca__n_components"": 88}",stage3_local_cv,3,0.789375,5.981
stage3_375,stage3_seed_1,"{""model__C"": 24.0, ""model__gamma"": 0.02, ""pca__n_components"": 88}",88,24.0,0.02,"{""model__C"": 24.0, ""model__gamma"": 0.02, ""pca__n_components"": 88}",stage3_local_cv,4,0.789375,5.835
stage3_376,stage3_seed_1,"{""model__C"": 4.0, ""model__gamma"": ""scale"", ""pca__n_components"": 92}",92,4.0,scale,"{""model__C"": 4.0, ""model__gamma"": ""scale"", ""pca__n_components"": 92}",stage3_local_cv,0,0.799375,4.819
stage3_376,stage3_seed_1,"{""model__C"": 4.0, ""model__gamma"": ""scale"", ""pca__n_components"": 92}",92,4.0,scale,"{""model__C"": 4.0, ""model__gamma"": ""scale"", ""pca__n_components"": 92}",stage3_local_cv,1,0.781875,4.868
stage3_376,stage3_seed_1,"{""model__C"": 4.0, ""model__gamma"": ""scale"", ""pca__n_components"": 92}",92,4.0,scale,"{""model__C"": 4.0, ""model__gamma"": ""scale"", ""pca__n_components"": 92}",stage3_local_cv,2,0.77875,6.014
stage3_376,stage3_seed_1,"{""model__C"": 4.0, ""model__gamma"": ""scale"", ""pca__n_components"": 92}",92,4.0,scale,"{""model__C"": 4.0, ""model__gamma"": ""scale"", ""pca__n_components"": 92}",stage3_local_cv,3,0.783125,4.767
stage3_376,stage3_seed_1,"{""model__C"": 4.0, ""model__gamma"": ""scale"", ""pca__n_components"": 92}",92,4.0,scale,"{""model__C"": 4.0, ""model__gamma"": ""scale"", ""pca__n_components"": 92}",stage3_local_cv,4,0.785625,4.794
stage3_377,stage3_seed_1,"{""model__C"": 4.0, ""model__gamma"": 0.001, ""pca__n_components"": 92}",92,4.0,0.001,"{""model__C"": 4.0, ""model__gamma"": 0.001, ""pca__n_components"": 92}",stage3_local_cv,0,0.719375,5.413
stage3_377,stage3_seed_1,"{""model__C"": 4.0, ""model__gamma"": 0.001, ""pca__n_components"": 92}",92,4.0,0.001,"{""model__C"": 4.0, ""model__gamma"": 0.001, ""pca__n_components"": 92}",stage3_local_cv,1,0.6975,5.032
stage3_377,stage3_seed_1,"{""model__C"": 4.0, ""model__gamma"": 0.001, ""pca__n_components"": 92}",92,4.0,0.001,"{""model__C"": 4.0, ""model__gamma"": 0.001, ""pca__n_components"": 92}",stage3_local_cv,2,0.689375,4.124
stage3_377,stage3_seed_1,"{""model__C"": 4.0, ""model__gamma"": 0.001, ""pca__n_components"": 92}",92,4.0,0.001,"{""model__C"": 4.0, ""model__gamma"": 0.001, ""pca__n_components"": 92}",stage3_local_cv,3,0.72125,4.893
stage3_377,stage3_seed_1,"{""model__C"": 4.0, ""model__gamma"": 0.001, ""pca__n_components"": 92}",92,4.0,0.001,"{""model__C"": 4.0, ""model__gamma"": 0.001, ""pca__n_components"": 92}",stage3_local_cv,4,0.698125,5.194
stage3_378,stage3_seed_1,"{""model__C"": 4.0, ""model__gamma"": 0.0025, ""pca__n_components"": 92}",92,4.0,0.0025,"{""model__C"": 4.0, ""model__gamma"": 0.0025, ""pca__n_components"": 92}",stage3_local_cv,0,0.755,4.725
stage3_378,stage3_seed_1,"{""model__C"": 4.0, ""model__gamma"": 0.0025, ""pca__n_components"": 92}",92,4.0,0.0025,"{""model__C"": 4.0, ""model__gamma"": 0.0025, ""pca__n_components"": 92}",stage3_local_cv,1,0.7325,5.139
stage3_378,stage3_seed_1,"{""model__C"": 4.0, ""model__gamma"": 0.0025, ""pca__n_components"": 92}",92,4.0,0.0025,"{""model__C"": 4.0, ""model__gamma"": 0.0025, ""pca__n_components"": 92}",stage3_local_cv,2,0.735625,4.753
stage3_378,stage3_seed_1,"{""model__C"": 4.0, ""model__gamma"": 0.0025, ""pca__n_components"": 92}",92,4.0,0.0025,"{""model__C"": 4.0, ""model__gamma"": 0.0025, ""pca__n_components"": 92}",stage3_local_cv,3,0.75,5.141
stage3_378,stage3_seed_1,"{""model__C"": 4.0, ""model__gamma"": 0.0025, ""pca__n_components"": 92}",92,4.0,0.0025,"{""model__C"": 4.0, ""model__gamma"": 0.0025, ""pca__n_components"": 92}",stage3_local_cv,4,0.73125,4.727
stage3_379,stage3_seed_1,"{""model__C"": 4.0, ""model__gamma"": 0.005, ""pca__n_components"": 92}",92,4.0,0.005,"{""model__C"": 4.0, ""model__gamma"": 0.005, ""pca__n_components"": 92}",stage3_local_cv,0,0.794375,5.076
stage3_379,stage3_seed_1,"{""model__C"": 4.0, ""model__gamma"": 0.005, ""pca__n_components"": 92}",92,4.0,0.005,"{""model__C"": 4.0, ""model__gamma"": 0.005, ""pca__n_components"": 92}",stage3_local_cv,1,0.781875,4.673
stage3_379,stage3_seed_1,"{""model__C"": 4.0, ""model__gamma"": 0.005, ""pca__n_components"": 92}",92,4.0,0.005,"{""model__C"": 4.0, ""model__gamma"": 0.005, ""pca__n_components"": 92}",stage3_local_cv,2,0.774375,5.729
stage3_379,stage3_seed_1,"{""model__C"": 4.0, ""model__gamma"": 0.005, ""pca__n_components"": 92}",92,4.0,0.005,"{""model__C"": 4.0, ""model__gamma"": 0.005, ""pca__n_components"": 92}",stage3_local_cv,3,0.78375,4.798
stage3_379,stage3_seed_1,"{""model__C"": 4.0, ""model__gamma"": 0.005, ""pca__n_components"": 92}",92,4.0,0.005,"{""model__C"": 4.0, ""model__gamma"": 0.005, ""pca__n_components"": 92}",stage3_local_cv,4,0.78,4.725
stage3_380,stage3_seed_1,"{""model__C"": 4.0, ""model__gamma"": 0.01, ""pca__n_components"": 92}",92,4.0,0.01,"{""model__C"": 4.0, ""model__gamma"": 0.01, ""pca__n_components"": 92}",stage3_local_cv,0,0.811875,7.529
stage3_380,stage3_seed_1,"{""model__C"": 4.0, ""model__gamma"": 0.01, ""pca__n_components"": 92}",92,4.0,0.01,"{""model__C"": 4.0, ""model__gamma"": 0.01, ""pca__n_components"": 92}",stage3_local_cv,1,0.804375,6.524
stage3_380,stage3_seed_1,"{""model__C"": 4.0, ""model__gamma"": 0.01, ""pca__n_components"": 92}",92,4.0,0.01,"{""model__C"": 4.0, ""model__gamma"": 0.01, ""pca__n_components"": 92}",stage3_local_cv,2,0.806875,5.136
stage3_380,stage3_seed_1,"{""model__C"": 4.0, ""model__gamma"": 0.01, ""pca__n_components"": 92}",92,4.0,0.01,"{""model__C"": 4.0, ""model__gamma"": 0.01, ""pca__n_components"": 92}",stage3_local_cv,3,0.801875,6.43
stage3_380,stage3_seed_1,"{""model__C"": 4.0, ""model__gamma"": 0.01, ""pca__n_components"": 92}",92,4.0,0.01,"{""model__C"": 4.0, ""model__gamma"": 0.01, ""pca__n_components"": 92}",stage3_local_cv,4,0.803125,6.446
stage3_381,stage3_seed_1,"{""model__C"": 4.0, ""model__gamma"": 0.02, ""pca__n_components"": 92}",92,4.0,0.02,"{""model__C"": 4.0, ""model__gamma"": 0.02, ""pca__n_components"": 92}",stage3_local_cv,0,0.800625,5.083
stage3_381,stage3_seed_1,"{""model__C"": 4.0, ""model__gamma"": 0.02, ""pca__n_components"": 92}",92,4.0,0.02,"{""model__C"": 4.0, ""model__gamma"": 0.02, ""pca__n_components"": 92}",stage3_local_cv,1,0.808125,5.056
stage3_381,stage3_seed_1,"{""model__C"": 4.0, ""model__gamma"": 0.02, ""pca__n_components"": 92}",92,4.0,0.02,"{""model__C"": 4.0, ""model__gamma"": 0.02, ""pca__n_components"": 92}",stage3_local_cv,2,0.7975,6.367
stage3_381,stage3_seed_1,"{""model__C"": 4.0, ""model__gamma"": 0.02, ""pca__n_components"": 92}",92,4.0,0.02,"{""model__C"": 4.0, ""model__gamma"": 0.02, ""pca__n_components"": 92}",stage3_local_cv,3,0.800625,5.03
stage3_381,stage3_seed_1,"{""model__C"": 4.0, ""model__gamma"": 0.02, ""pca__n_components"": 92}",92,4.0,0.02,"{""model__C"": 4.0, ""model__gamma"": 0.02, ""pca__n_components"": 92}",stage3_local_cv,4,0.8,5.045
stage3_382,stage3_seed_1,"{""model__C"": 6.0, ""model__gamma"": ""scale"", ""pca__n_components"": 92}",92,6.0,scale,"{""model__C"": 6.0, ""model__gamma"": ""scale"", ""pca__n_components"": 92}",stage3_local_cv,0,0.80625,6.622
stage3_382,stage3_seed_1,"{""model__C"": 6.0, ""model__gamma"": ""scale"", ""pca__n_components"": 92}",92,6.0,scale,"{""model__C"": 6.0, ""model__gamma"": ""scale"", ""pca__n_components"": 92}",stage3_local_cv,1,0.795,7.13
stage3_382,stage3_seed_1,"{""model__C"": 6.0, ""model__gamma"": ""scale"", ""pca__n_components"": 92}",92,6.0,scale,"{""model__C"": 6.0, ""model__gamma"": ""scale"", ""pca__n_components"": 92}",stage3_local_cv,2,0.794375,5.401
stage3_382,stage3_seed_1,"{""model__C"": 6.0, ""model__gamma"": ""scale"", ""pca__n_components"": 92}",92,6.0,scale,"{""model__C"": 6.0, ""model__gamma"": ""scale"", ""pca__n_components"": 92}",stage3_local_cv,3,0.7925,6.72
stage3_382,stage3_seed_1,"{""model__C"": 6.0, ""model__gamma"": ""scale"", ""pca__n_components"": 92}",92,6.0,scale,"{""model__C"": 6.0, ""model__gamma"": ""scale"", ""pca__n_components"": 92}",stage3_local_cv,4,0.79375,7.016
stage3_383,stage3_seed_1,"{""model__C"": 6.0, ""model__gamma"": 0.001, ""pca__n_components"": 92}",92,6.0,0.001,"{""model__C"": 6.0, ""model__gamma"": 0.001, ""pca__n_components"": 92}",stage3_local_cv,0,0.723125,4.268
stage3_383,stage3_seed_1,"{""model__C"": 6.0, ""model__gamma"": 0.001, ""pca__n_components"": 92}",92,6.0,0.001,"{""model__C"": 6.0, ""model__gamma"": 0.001, ""pca__n_components"": 92}",stage3_local_cv,1,0.7025,4.357
stage3_383,stage3_seed_1,"{""model__C"": 6.0, ""model__gamma"": 0.001, ""pca__n_components"": 92}",92,6.0,0.001,"{""model__C"": 6.0, ""model__gamma"": 0.001, ""pca__n_components"": 92}",stage3_local_cv,2,0.695625,5.393
stage3_383,stage3_seed_1,"{""model__C"": 6.0, ""model__gamma"": 0.001, ""pca__n_components"": 92}",92,6.0,0.001,"{""model__C"": 6.0, ""model__gamma"": 0.001, ""pca__n_components"": 92}",stage3_local_cv,3,0.728125,4.355
stage3_383,stage3_seed_1,"{""model__C"": 6.0, ""model__gamma"": 0.001, ""pca__n_components"": 92}",92,6.0,0.001,"{""model__C"": 6.0, ""model__gamma"": 0.001, ""pca__n_components"": 92}",stage3_local_cv,4,0.705625,4.205
stage3_384,stage3_seed_1,"{""model__C"": 6.0, ""model__gamma"": 0.0025, ""pca__n_components"": 92}",92,6.0,0.0025,"{""model__C"": 6.0, ""model__gamma"": 0.0025, ""pca__n_components"": 92}",stage3_local_cv,0,0.764375,4.825
stage3_384,stage3_seed_1,"{""model__C"": 6.0, ""model__gamma"": 0.0025, ""pca__n_components"": 92}",92,6.0,0.0025,"{""model__C"": 6.0, ""model__gamma"": 0.0025, ""pca__n_components"": 92}",stage3_local_cv,1,0.753125,4.683
stage3_384,stage3_seed_1,"{""model__C"": 6.0, ""model__gamma"": 0.0025, ""pca__n_components"": 92}",92,6.0,0.0025,"{""model__C"": 6.0, ""model__gamma"": 0.0025, ""pca__n_components"": 92}",stage3_local_cv,2,0.753125,4.913
stage3_384,stage3_seed_1,"{""model__C"": 6.0, ""model__gamma"": 0.0025, ""pca__n_components"": 92}",92,6.0,0.0025,"{""model__C"": 6.0, ""model__gamma"": 0.0025, ""pca__n_components"": 92}",stage3_local_cv,3,0.76125,4.646
stage3_384,stage3_seed_1,"{""model__C"": 6.0, ""model__gamma"": 0.0025, ""pca__n_components"": 92}",92,6.0,0.0025,"{""model__C"": 6.0, ""model__gamma"": 0.0025, ""pca__n_components"": 92}",stage3_local_cv,4,0.741875,4.824
stage3_385,stage3_seed_1,"{""model__C"": 6.0, ""model__gamma"": 0.005, ""pca__n_components"": 92}",92,6.0,0.005,"{""model__C"": 6.0, ""model__gamma"": 0.005, ""pca__n_components"": 92}",stage3_local_cv,0,0.8025,6.616
stage3_385,stage3_seed_1,"{""model__C"": 6.0, ""model__gamma"": 0.005, ""pca__n_components"": 92}",92,6.0,0.005,"{""model__C"": 6.0, ""model__gamma"": 0.005, ""pca__n_components"": 92}",stage3_local_cv,1,0.79,7.32
stage3_385,stage3_seed_1,"{""model__C"": 6.0, ""model__gamma"": 0.005, ""pca__n_components"": 92}",92,6.0,0.005,"{""model__C"": 6.0, ""model__gamma"": 0.005, ""pca__n_components"": 92}",stage3_local_cv,2,0.7925,5.878
stage3_385,stage3_seed_1,"{""model__C"": 6.0, ""model__gamma"": 0.005, ""pca__n_components"": 92}",92,6.0,0.005,"{""model__C"": 6.0, ""model__gamma"": 0.005, ""pca__n_components"": 92}",stage3_local_cv,3,0.789375,6.739
stage3_385,stage3_seed_1,"{""model__C"": 6.0, ""model__gamma"": 0.005, ""pca__n_components"": 92}",92,6.0,0.005,"{""model__C"": 6.0, ""model__gamma"": 0.005, ""pca__n_components"": 92}",stage3_local_cv,4,0.79125,6.543
stage3_386,stage3_seed_1,"{""model__C"": 6.0, ""model__gamma"": 0.01, ""pca__n_components"": 92}",92,6.0,0.01,"{""model__C"": 6.0, ""model__gamma"": 0.01, ""pca__n_components"": 92}",stage3_local_cv,0,0.809375,5.204
stage3_386,stage3_seed_1,"{""model__C"": 6.0, ""model__gamma"": 0.01, ""pca__n_components"": 92}",92,6.0,0.01,"{""model__C"": 6.0, ""model__gamma"": 0.01, ""pca__n_components"": 92}",stage3_local_cv,1,0.8025,5.223
stage3_386,stage3_seed_1,"{""model__C"": 6.0, ""model__gamma"": 0.01, ""pca__n_components"": 92}",92,6.0,0.01,"{""model__C"": 6.0, ""model__gamma"": 0.01, ""pca__n_components"": 92}",stage3_local_cv,2,0.814375,6.431
stage3_386,stage3_seed_1,"{""model__C"": 6.0, ""model__gamma"": 0.01, ""pca__n_components"": 92}",92,6.0,0.01,"{""model__C"": 6.0, ""model__gamma"": 0.01, ""pca__n_components"": 92}",stage3_local_cv,3,0.806875,5.187
stage3_386,stage3_seed_1,"{""model__C"": 6.0, ""model__gamma"": 0.01, ""pca__n_components"": 92}",92,6.0,0.01,"{""model__C"": 6.0, ""model__gamma"": 0.01, ""pca__n_components"": 92}",stage3_local_cv,4,0.800625,5.162
stage3_387,stage3_seed_1,"{""model__C"": 6.0, ""model__gamma"": 0.02, ""pca__n_components"": 92}",92,6.0,0.02,"{""model__C"": 6.0, ""model__gamma"": 0.02, ""pca__n_components"": 92}",stage3_local_cv,0,0.798125,6.352
stage3_387,stage3_seed_1,"{""model__C"": 6.0, ""model__gamma"": 0.02, ""pca__n_components"": 92}",92,6.0,0.02,"{""model__C"": 6.0, ""model__gamma"": 0.02, ""pca__n_components"": 92}",stage3_local_cv,1,0.805,6.401
stage3_387,stage3_seed_1,"{""model__C"": 6.0, ""model__gamma"": 0.02, ""pca__n_components"": 92}",92,6.0,0.02,"{""model__C"": 6.0, ""model__gamma"": 0.02, ""pca__n_components"": 92}",stage3_local_cv,2,0.795625,4.998
stage3_387,stage3_seed_1,"{""model__C"": 6.0, ""model__gamma"": 0.02, ""pca__n_components"": 92}",92,6.0,0.02,"{""model__C"": 6.0, ""model__gamma"": 0.02, ""pca__n_components"": 92}",stage3_local_cv,3,0.8,6.266
stage3_387,stage3_seed_1,"{""model__C"": 6.0, ""model__gamma"": 0.02, ""pca__n_components"": 92}",92,6.0,0.02,"{""model__C"": 6.0, ""model__gamma"": 0.02, ""pca__n_components"": 92}",stage3_local_cv,4,0.8,6.257
stage3_388,stage3_seed_1,"{""model__C"": 8.0, ""model__gamma"": ""scale"", ""pca__n_components"": 92}",92,8.0,scale,"{""model__C"": 8.0, ""model__gamma"": ""scale"", ""pca__n_components"": 92}",stage3_local_cv,0,0.80875,5.531
stage3_388,stage3_seed_1,"{""model__C"": 8.0, ""model__gamma"": ""scale"", ""pca__n_components"": 92}",92,8.0,scale,"{""model__C"": 8.0, ""model__gamma"": ""scale"", ""pca__n_components"": 92}",stage3_local_cv,1,0.800625,6.123
stage3_388,stage3_seed_1,"{""model__C"": 8.0, ""model__gamma"": ""scale"", ""pca__n_components"": 92}",92,8.0,scale,"{""model__C"": 8.0, ""model__gamma"": ""scale"", ""pca__n_components"": 92}",stage3_local_cv,2,0.801875,7.258
stage3_388,stage3_seed_1,"{""model__C"": 8.0, ""model__gamma"": ""scale"", ""pca__n_components"": 92}",92,8.0,scale,"{""model__C"": 8.0, ""model__gamma"": ""scale"", ""pca__n_components"": 92}",stage3_local_cv,3,0.795,6.039
stage3_388,stage3_seed_1,"{""model__C"": 8.0, ""model__gamma"": ""scale"", ""pca__n_components"": 92}",92,8.0,scale,"{""model__C"": 8.0, ""model__gamma"": ""scale"", ""pca__n_components"": 92}",stage3_local_cv,4,0.793125,5.523
stage3_389,stage3_seed_1,"{""model__C"": 8.0, ""model__gamma"": 0.001, ""pca__n_components"": 92}",92,8.0,0.001,"{""model__C"": 8.0, ""model__gamma"": 0.001, ""pca__n_components"": 92}",stage3_local_cv,0,0.725,5.489
stage3_389,stage3_seed_1,"{""model__C"": 8.0, ""model__gamma"": 0.001, ""pca__n_components"": 92}",92,8.0,0.001,"{""model__C"": 8.0, ""model__gamma"": 0.001, ""pca__n_components"": 92}",stage3_local_cv,1,0.71,5.545
stage3_389,stage3_seed_1,"{""model__C"": 8.0, ""model__gamma"": 0.001, ""pca__n_components"": 92}",92,8.0,0.001,"{""model__C"": 8.0, ""model__gamma"": 0.001, ""pca__n_components"": 92}",stage3_local_cv,2,0.699375,4.352
stage3_389,stage3_seed_1,"{""model__C"": 8.0, ""model__gamma"": 0.001, ""pca__n_components"": 92}",92,8.0,0.001,"{""model__C"": 8.0, ""model__gamma"": 0.001, ""pca__n_components"": 92}",stage3_local_cv,3,0.73625,5.503
stage3_389,stage3_seed_1,"{""model__C"": 8.0, ""model__gamma"": 0.001, ""pca__n_components"": 92}",92,8.0,0.001,"{""model__C"": 8.0, ""model__gamma"": 0.001, ""pca__n_components"": 92}",stage3_local_cv,4,0.716875,5.401
stage3_390,stage3_seed_1,"{""model__C"": 8.0, ""model__gamma"": 0.0025, ""pca__n_components"": 92}",92,8.0,0.0025,"{""model__C"": 8.0, ""model__gamma"": 0.0025, ""pca__n_components"": 92}",stage3_local_cv,0,0.77125,4.827
stage3_390,stage3_seed_1,"{""model__C"": 8.0, ""model__gamma"": 0.0025, ""pca__n_components"": 92}",92,8.0,0.0025,"{""model__C"": 8.0, ""model__gamma"": 0.0025, ""pca__n_components"": 92}",stage3_local_cv,1,0.76375,4.826
stage3_390,stage3_seed_1,"{""model__C"": 8.0, ""model__gamma"": 0.0025, ""pca__n_components"": 92}",92,8.0,0.0025,"{""model__C"": 8.0, ""model__gamma"": 0.0025, ""pca__n_components"": 92}",stage3_local_cv,2,0.76375,6.165
stage3_390,stage3_seed_1,"{""model__C"": 8.0, ""model__gamma"": 0.0025, ""pca__n_components"": 92}",92,8.0,0.0025,"{""model__C"": 8.0, ""model__gamma"": 0.0025, ""pca__n_components"": 92}",stage3_local_cv,3,0.770625,4.874
stage3_390,stage3_seed_1,"{""model__C"": 8.0, ""model__gamma"": 0.0025, ""pca__n_components"": 92}",92,8.0,0.0025,"{""model__C"": 8.0, ""model__gamma"": 0.0025, ""pca__n_components"": 92}",stage3_local_cv,4,0.760625,4.824
stage3_391,stage3_seed_1,"{""model__C"": 8.0, ""model__gamma"": 0.005, ""pca__n_components"": 92}",92,8.0,0.005,"{""model__C"": 8.0, ""model__gamma"": 0.005, ""pca__n_components"": 92}",stage3_local_cv,0,0.808125,6.236
stage3_391,stage3_seed_1,"{""model__C"": 8.0, ""model__gamma"": 0.005, ""pca__n_components"": 92}",92,8.0,0.005,"{""model__C"": 8.0, ""model__gamma"": 0.005, ""pca__n_components"": 92}",stage3_local_cv,1,0.798125,6.404
stage3_391,stage3_seed_1,"{""model__C"": 8.0, ""model__gamma"": 0.005, ""pca__n_components"": 92}",92,8.0,0.005,"{""model__C"": 8.0, ""model__gamma"": 0.005, ""pca__n_components"": 92}",stage3_local_cv,2,0.799375,5.646
stage3_391,stage3_seed_1,"{""model__C"": 8.0, ""model__gamma"": 0.005, ""pca__n_components"": 92}",92,8.0,0.005,"{""model__C"": 8.0, ""model__gamma"": 0.005, ""pca__n_components"": 92}",stage3_local_cv,3,0.798125,6.268
stage3_391,stage3_seed_1,"{""model__C"": 8.0, ""model__gamma"": 0.005, ""pca__n_components"": 92}",92,8.0,0.005,"{""model__C"": 8.0, ""model__gamma"": 0.005, ""pca__n_components"": 92}",stage3_local_cv,4,0.791875,6.446
stage3_392,stage3_seed_1,"{""model__C"": 8.0, ""model__gamma"": 0.01, ""pca__n_components"": 92}",92,8.0,0.01,"{""model__C"": 8.0, ""model__gamma"": 0.01, ""pca__n_components"": 92}",stage3_local_cv,0,0.805,5.99
stage3_392,stage3_seed_1,"{""model__C"": 8.0, ""model__gamma"": 0.01, ""pca__n_components"": 92}",92,8.0,0.01,"{""model__C"": 8.0, ""model__gamma"": 0.01, ""pca__n_components"": 92}",stage3_local_cv,1,0.8025,5.866
stage3_392,stage3_seed_1,"{""model__C"": 8.0, ""model__gamma"": 0.01, ""pca__n_components"": 92}",92,8.0,0.01,"{""model__C"": 8.0, ""model__gamma"": 0.01, ""pca__n_components"": 92}",stage3_local_cv,2,0.81125,5.791
stage3_392,stage3_seed_1,"{""model__C"": 8.0, ""model__gamma"": 0.01, ""pca__n_components"": 92}",92,8.0,0.01,"{""model__C"": 8.0, ""model__gamma"": 0.01, ""pca__n_components"": 92}",stage3_local_cv,3,0.806875,5.822
stage3_392,stage3_seed_1,"{""model__C"": 8.0, ""model__gamma"": 0.01, ""pca__n_components"": 92}",92,8.0,0.01,"{""model__C"": 8.0, ""model__gamma"": 0.01, ""pca__n_components"": 92}",stage3_local_cv,4,0.800625,5.668
stage3_393,stage3_seed_1,"{""model__C"": 8.0, ""model__gamma"": 0.02, ""pca__n_components"": 92}",92,8.0,0.02,"{""model__C"": 8.0, ""model__gamma"": 0.02, ""pca__n_components"": 92}",stage3_local_cv,0,0.7975,5.072
stage3_393,stage3_seed_1,"{""model__C"": 8.0, ""model__gamma"": 0.02, ""pca__n_components"": 92}",92,8.0,0.02,"{""model__C"": 8.0, ""model__gamma"": 0.02, ""pca__n_components"": 92}",stage3_local_cv,1,0.8075,6.281
stage3_393,stage3_seed_1,"{""model__C"": 8.0, ""model__gamma"": 0.02, ""pca__n_components"": 92}",92,8.0,0.02,"{""model__C"": 8.0, ""model__gamma"": 0.02, ""pca__n_components"": 92}",stage3_local_cv,2,0.79625,5.842
stage3_393,stage3_seed_1,"{""model__C"": 8.0, ""model__gamma"": 0.02, ""pca__n_components"": 92}",92,8.0,0.02,"{""model__C"": 8.0, ""model__gamma"": 0.02, ""pca__n_components"": 92}",stage3_local_cv,3,0.798125,5.041
stage3_393,stage3_seed_1,"{""model__C"": 8.0, ""model__gamma"": 0.02, ""pca__n_components"": 92}",92,8.0,0.02,"{""model__C"": 8.0, ""model__gamma"": 0.02, ""pca__n_components"": 92}",stage3_local_cv,4,0.8,5.059
stage3_394,stage3_seed_1,"{""model__C"": 12.0, ""model__gamma"": ""scale"", ""pca__n_components"": 92}",92,12.0,scale,"{""model__C"": 12.0, ""model__gamma"": ""scale"", ""pca__n_components"": 92}",stage3_local_cv,0,0.81625,6.939
stage3_394,stage3_seed_1,"{""model__C"": 12.0, ""model__gamma"": ""scale"", ""pca__n_components"": 92}",92,12.0,scale,"{""model__C"": 12.0, ""model__gamma"": ""scale"", ""pca__n_components"": 92}",stage3_local_cv,1,0.808125,7.364
stage3_394,stage3_seed_1,"{""model__C"": 12.0, ""model__gamma"": ""scale"", ""pca__n_components"": 92}",92,12.0,scale,"{""model__C"": 12.0, ""model__gamma"": ""scale"", ""pca__n_components"": 92}",stage3_local_cv,2,0.80375,6.126
stage3_394,stage3_seed_1,"{""model__C"": 12.0, ""model__gamma"": ""scale"", ""pca__n_components"": 92}",92,12.0,scale,"{""model__C"": 12.0, ""model__gamma"": ""scale"", ""pca__n_components"": 92}",stage3_local_cv,3,0.79375,6.952
stage3_394,stage3_seed_1,"{""model__C"": 12.0, ""model__gamma"": ""scale"", ""pca__n_components"": 92}",92,12.0,scale,"{""model__C"": 12.0, ""model__gamma"": ""scale"", ""pca__n_components"": 92}",stage3_local_cv,4,0.795,6.849
stage3_395,stage3_seed_1,"{""model__C"": 12.0, ""model__gamma"": 0.001, ""pca__n_components"": 92}",92,12.0,0.001,"{""model__C"": 12.0, ""model__gamma"": 0.001, ""pca__n_components"": 92}",stage3_local_cv,0,0.7325,4.62
stage3_395,stage3_seed_1,"{""model__C"": 12.0, ""model__gamma"": 0.001, ""pca__n_components"": 92}",92,12.0,0.001,"{""model__C"": 12.0, ""model__gamma"": 0.001, ""pca__n_components"": 92}",stage3_local_cv,1,0.721875,4.687
stage3_395,stage3_seed_1,"{""model__C"": 12.0, ""model__gamma"": 0.001, ""pca__n_components"": 92}",92,12.0,0.001,"{""model__C"": 12.0, ""model__gamma"": 0.001, ""pca__n_components"": 92}",stage3_local_cv,2,0.711875,5.977
stage3_395,stage3_seed_1,"{""model__C"": 12.0, ""model__gamma"": 0.001, ""pca__n_components"": 92}",92,12.0,0.001,"{""model__C"": 12.0, ""model__gamma"": 0.001, ""pca__n_components"": 92}",stage3_local_cv,3,0.745,4.665
stage3_395,stage3_seed_1,"{""model__C"": 12.0, ""model__gamma"": 0.001, ""pca__n_components"": 92}",92,12.0,0.001,"{""model__C"": 12.0, ""model__gamma"": 0.001, ""pca__n_components"": 92}",stage3_local_cv,4,0.725,4.559
stage3_396,stage3_seed_1,"{""model__C"": 12.0, ""model__gamma"": 0.0025, ""pca__n_components"": 92}",92,12.0,0.0025,"{""model__C"": 12.0, ""model__gamma"": 0.0025, ""pca__n_components"": 92}",stage3_local_cv,0,0.784375,6.284
stage3_396,stage3_seed_1,"{""model__C"": 12.0, ""model__gamma"": 0.0025, ""pca__n_components"": 92}",92,12.0,0.0025,"{""model__C"": 12.0, ""model__gamma"": 0.0025, ""pca__n_components"": 92}",stage3_local_cv,1,0.771875,6.445
stage3_396,stage3_seed_1,"{""model__C"": 12.0, ""model__gamma"": 0.0025, ""pca__n_components"": 92}",92,12.0,0.0025,"{""model__C"": 12.0, ""model__gamma"": 0.0025, ""pca__n_components"": 92}",stage3_local_cv,2,0.77375,5.054
stage3_396,stage3_seed_1,"{""model__C"": 12.0, ""model__gamma"": 0.0025, ""pca__n_components"": 92}",92,12.0,0.0025,"{""model__C"": 12.0, ""model__gamma"": 0.0025, ""pca__n_components"": 92}",stage3_local_cv,3,0.78,6.216
stage3_396,stage3_seed_1,"{""model__C"": 12.0, ""model__gamma"": 0.0025, ""pca__n_components"": 92}",92,12.0,0.0025,"{""model__C"": 12.0, ""model__gamma"": 0.0025, ""pca__n_components"": 92}",stage3_local_cv,4,0.7675,6.174
stage3_397,stage3_seed_1,"{""model__C"": 12.0, ""model__gamma"": 0.005, ""pca__n_components"": 92}",92,12.0,0.005,"{""model__C"": 12.0, ""model__gamma"": 0.005, ""pca__n_components"": 92}",stage3_local_cv,0,0.8125,5.764
stage3_397,stage3_seed_1,"{""model__C"": 12.0, ""model__gamma"": 0.005, ""pca__n_components"": 92}",92,12.0,0.005,"{""model__C"": 12.0, ""model__gamma"": 0.005, ""pca__n_components"": 92}",stage3_local_cv,1,0.806875,5.721
stage3_397,stage3_seed_1,"{""model__C"": 12.0, ""model__gamma"": 0.005, ""pca__n_components"": 92}",92,12.0,0.005,"{""model__C"": 12.0, ""model__gamma"": 0.005, ""pca__n_components"": 92}",stage3_local_cv,2,0.805,7.023
stage3_397,stage3_seed_1,"{""model__C"": 12.0, ""model__gamma"": 0.005, ""pca__n_components"": 92}",92,12.0,0.005,"{""model__C"": 12.0, ""model__gamma"": 0.005, ""pca__n_components"": 92}",stage3_local_cv,3,0.79375,5.772
stage3_397,stage3_seed_1,"{""model__C"": 12.0, ""model__gamma"": 0.005, ""pca__n_components"": 92}",92,12.0,0.005,"{""model__C"": 12.0, ""model__gamma"": 0.005, ""pca__n_components"": 92}",stage3_local_cv,4,0.796875,6.182
stage3_398,stage3_seed_1,"{""model__C"": 12.0, ""model__gamma"": 0.01, ""pca__n_components"": 92}",92,12.0,0.01,"{""model__C"": 12.0, ""model__gamma"": 0.01, ""pca__n_components"": 92}",stage3_local_cv,0,0.80125,6.859
stage3_398,stage3_seed_1,"{""model__C"": 12.0, ""model__gamma"": 0.01, ""pca__n_components"": 92}",92,12.0,0.01,"{""model__C"": 12.0, ""model__gamma"": 0.01, ""pca__n_components"": 92}",stage3_local_cv,1,0.799375,6.562
stage3_398,stage3_seed_1,"{""model__C"": 12.0, ""model__gamma"": 0.01, ""pca__n_components"": 92}",92,12.0,0.01,"{""model__C"": 12.0, ""model__gamma"": 0.01, ""pca__n_components"": 92}",stage3_local_cv,2,0.80625,5.154
stage3_398,stage3_seed_1,"{""model__C"": 12.0, ""model__gamma"": 0.01, ""pca__n_components"": 92}",92,12.0,0.01,"{""model__C"": 12.0, ""model__gamma"": 0.01, ""pca__n_components"": 92}",stage3_local_cv,3,0.8,6.694
stage3_398,stage3_seed_1,"{""model__C"": 12.0, ""model__gamma"": 0.01, ""pca__n_components"": 92}",92,12.0,0.01,"{""model__C"": 12.0, ""model__gamma"": 0.01, ""pca__n_components"": 92}",stage3_local_cv,4,0.8025,6.421
stage3_399,stage3_seed_1,"{""model__C"": 12.0, ""model__gamma"": 0.02, ""pca__n_components"": 92}",92,12.0,0.02,"{""model__C"": 12.0, ""model__gamma"": 0.02, ""pca__n_components"": 92}",stage3_local_cv,0,0.795,5.013
stage3_399,stage3_seed_1,"{""model__C"": 12.0, ""model__gamma"": 0.02, ""pca__n_components"": 92}",92,12.0,0.02,"{""model__C"": 12.0, ""model__gamma"": 0.02, ""pca__n_components"": 92}",stage3_local_cv,1,0.806875,5.096
stage3_399,stage3_seed_1,"{""model__C"": 12.0, ""model__gamma"": 0.02, ""pca__n_components"": 92}",92,12.0,0.02,"{""model__C"": 12.0, ""model__gamma"": 0.02, ""pca__n_components"": 92}",stage3_local_cv,2,0.79625,6.608
stage3_399,stage3_seed_1,"{""model__C"": 12.0, ""model__gamma"": 0.02, ""pca__n_components"": 92}",92,12.0,0.02,"{""model__C"": 12.0, ""model__gamma"": 0.02, ""pca__n_components"": 92}",stage3_local_cv,3,0.794375,5.078
stage3_399,stage3_seed_1,"{""model__C"": 12.0, ""model__gamma"": 0.02, ""pca__n_components"": 92}",92,12.0,0.02,"{""model__C"": 12.0, ""model__gamma"": 0.02, ""pca__n_components"": 92}",stage3_local_cv,4,0.7975,5.045
stage3_400,stage3_seed_1,"{""model__C"": 16.0, ""model__gamma"": ""scale"", ""pca__n_components"": 92}",92,16.0,scale,"{""model__C"": 16.0, ""model__gamma"": ""scale"", ""pca__n_components"": 92}",stage3_local_cv,0,0.804375,7.532
stage3_400,stage3_seed_1,"{""model__C"": 16.0, ""model__gamma"": ""scale"", ""pca__n_components"": 92}",92,16.0,scale,"{""model__C"": 16.0, ""model__gamma"": ""scale"", ""pca__n_components"": 92}",stage3_local_cv,1,0.808125,7.164
stage3_400,stage3_seed_1,"{""model__C"": 16.0, ""model__gamma"": ""scale"", ""pca__n_components"": 92}",92,16.0,scale,"{""model__C"": 16.0, ""model__gamma"": ""scale"", ""pca__n_components"": 92}",stage3_local_cv,2,0.8025,6.327
stage3_400,stage3_seed_1,"{""model__C"": 16.0, ""model__gamma"": ""scale"", ""pca__n_components"": 92}",92,16.0,scale,"{""model__C"": 16.0, ""model__gamma"": ""scale"", ""pca__n_components"": 92}",stage3_local_cv,3,0.790625,6.877
stage3_400,stage3_seed_1,"{""model__C"": 16.0, ""model__gamma"": ""scale"", ""pca__n_components"": 92}",92,16.0,scale,"{""model__C"": 16.0, ""model__gamma"": ""scale"", ""pca__n_components"": 92}",stage3_local_cv,4,0.793125,7.088
stage3_401,stage3_seed_1,"{""model__C"": 16.0, ""model__gamma"": 0.001, ""pca__n_components"": 92}",92,16.0,0.001,"{""model__C"": 16.0, ""model__gamma"": 0.001, ""pca__n_components"": 92}",stage3_local_cv,0,0.74125,4.98
stage3_401,stage3_seed_1,"{""model__C"": 16.0, ""model__gamma"": 0.001, ""pca__n_components"": 92}",92,16.0,0.001,"{""model__C"": 16.0, ""model__gamma"": 0.001, ""pca__n_components"": 92}",stage3_local_cv,1,0.724375,4.81
stage3_401,stage3_seed_1,"{""model__C"": 16.0, ""model__gamma"": 0.001, ""pca__n_components"": 92}",92,16.0,0.001,"{""model__C"": 16.0, ""model__gamma"": 0.001, ""pca__n_components"": 92}",stage3_local_cv,2,0.723125,5.918
stage3_401,stage3_seed_1,"{""model__C"": 16.0, ""model__gamma"": 0.001, ""pca__n_components"": 92}",92,16.0,0.001,"{""model__C"": 16.0, ""model__gamma"": 0.001, ""pca__n_components"": 92}",stage3_local_cv,3,0.74625,5.175
stage3_401,stage3_seed_1,"{""model__C"": 16.0, ""model__gamma"": 0.001, ""pca__n_components"": 92}",92,16.0,0.001,"{""model__C"": 16.0, ""model__gamma"": 0.001, ""pca__n_components"": 92}",stage3_local_cv,4,0.72625,4.762
stage3_402,stage3_seed_1,"{""model__C"": 16.0, ""model__gamma"": 0.0025, ""pca__n_components"": 92}",92,16.0,0.0025,"{""model__C"": 16.0, ""model__gamma"": 0.0025, ""pca__n_components"": 92}",stage3_local_cv,0,0.8,5.608
stage3_402,stage3_seed_1,"{""model__C"": 16.0, ""model__gamma"": 0.0025, ""pca__n_components"": 92}",92,16.0,0.0025,"{""model__C"": 16.0, ""model__gamma"": 0.0025, ""pca__n_components"": 92}",stage3_local_cv,1,0.785625,6.501
stage3_402,stage3_seed_1,"{""model__C"": 16.0, ""model__gamma"": 0.0025, ""pca__n_components"": 92}",92,16.0,0.0025,"{""model__C"": 16.0, ""model__gamma"": 0.0025, ""pca__n_components"": 92}",stage3_local_cv,2,0.785625,5.898
stage3_402,stage3_seed_1,"{""model__C"": 16.0, ""model__gamma"": 0.0025, ""pca__n_components"": 92}",92,16.0,0.0025,"{""model__C"": 16.0, ""model__gamma"": 0.0025, ""pca__n_components"": 92}",stage3_local_cv,3,0.7875,5.525
stage3_402,stage3_seed_1,"{""model__C"": 16.0, ""model__gamma"": 0.0025, ""pca__n_components"": 92}",92,16.0,0.0025,"{""model__C"": 16.0, ""model__gamma"": 0.0025, ""pca__n_components"": 92}",stage3_local_cv,4,0.778125,5.973
stage3_403,stage3_seed_1,"{""model__C"": 16.0, ""model__gamma"": 0.005, ""pca__n_components"": 92}",92,16.0,0.005,"{""model__C"": 16.0, ""model__gamma"": 0.005, ""pca__n_components"": 92}",stage3_local_cv,0,0.808125,7.087
stage3_403,stage3_seed_1,"{""model__C"": 16.0, ""model__gamma"": 0.005, ""pca__n_components"": 92}",92,16.0,0.005,"{""model__C"": 16.0, ""model__gamma"": 0.005, ""pca__n_components"": 92}",stage3_local_cv,1,0.804375,6.851
stage3_403,stage3_seed_1,"{""model__C"": 16.0, ""model__gamma"": 0.005, ""pca__n_components"": 92}",92,16.0,0.005,"{""model__C"": 16.0, ""model__gamma"": 0.005, ""pca__n_components"": 92}",stage3_local_cv,2,0.80125,6.584
stage3_403,stage3_seed_1,"{""model__C"": 16.0, ""model__gamma"": 0.005, ""pca__n_components"": 92}",92,16.0,0.005,"{""model__C"": 16.0, ""model__gamma"": 0.005, ""pca__n_components"": 92}",stage3_local_cv,3,0.7925,7.596
stage3_403,stage3_seed_1,"{""model__C"": 16.0, ""model__gamma"": 0.005, ""pca__n_components"": 92}",92,16.0,0.005,"{""model__C"": 16.0, ""model__gamma"": 0.005, ""pca__n_components"": 92}",stage3_local_cv,4,0.79,6.472
stage3_404,stage3_seed_1,"{""model__C"": 16.0, ""model__gamma"": 0.01, ""pca__n_components"": 92}",92,16.0,0.01,"{""model__C"": 16.0, ""model__gamma"": 0.01, ""pca__n_components"": 92}",stage3_local_cv,0,0.8,5.15
stage3_404,stage3_seed_1,"{""model__C"": 16.0, ""model__gamma"": 0.01, ""pca__n_components"": 92}",92,16.0,0.01,"{""model__C"": 16.0, ""model__gamma"": 0.01, ""pca__n_components"": 92}",stage3_local_cv,1,0.795625,6.116
stage3_404,stage3_seed_1,"{""model__C"": 16.0, ""model__gamma"": 0.01, ""pca__n_components"": 92}",92,16.0,0.01,"{""model__C"": 16.0, ""model__gamma"": 0.01, ""pca__n_components"": 92}",stage3_local_cv,2,0.805,6.18
stage3_404,stage3_seed_1,"{""model__C"": 16.0, ""model__gamma"": 0.01, ""pca__n_components"": 92}",92,16.0,0.01,"{""model__C"": 16.0, ""model__gamma"": 0.01, ""pca__n_components"": 92}",stage3_local_cv,3,0.8,5.234
stage3_404,stage3_seed_1,"{""model__C"": 16.0, ""model__gamma"": 0.01, ""pca__n_components"": 92}",92,16.0,0.01,"{""model__C"": 16.0, ""model__gamma"": 0.01, ""pca__n_components"": 92}",stage3_local_cv,4,0.801875,5.137
stage3_405,stage3_seed_1,"{""model__C"": 16.0, ""model__gamma"": 0.02, ""pca__n_components"": 92}",92,16.0,0.02,"{""model__C"": 16.0, ""model__gamma"": 0.02, ""pca__n_components"": 92}",stage3_local_cv,0,0.794375,6.404
stage3_405,stage3_seed_1,"{""model__C"": 16.0, ""model__gamma"": 0.02, ""pca__n_components"": 92}",92,16.0,0.02,"{""model__C"": 16.0, ""model__gamma"": 0.02, ""pca__n_components"": 92}",stage3_local_cv,1,0.80125,5.81
stage3_405,stage3_seed_1,"{""model__C"": 16.0, ""model__gamma"": 0.02, ""pca__n_components"": 92}",92,16.0,0.02,"{""model__C"": 16.0, ""model__gamma"": 0.02, ""pca__n_components"": 92}",stage3_local_cv,2,0.79375,5.079
stage3_405,stage3_seed_1,"{""model__C"": 16.0, ""model__gamma"": 0.02, ""pca__n_components"": 92}",92,16.0,0.02,"{""model__C"": 16.0, ""model__gamma"": 0.02, ""pca__n_components"": 92}",stage3_local_cv,3,0.793125,6.428
stage3_405,stage3_seed_1,"{""model__C"": 16.0, ""model__gamma"": 0.02, ""pca__n_components"": 92}",92,16.0,0.02,"{""model__C"": 16.0, ""model__gamma"": 0.02, ""pca__n_components"": 92}",stage3_local_cv,4,0.794375,6.268
stage3_406,stage3_seed_1,"{""model__C"": 24.0, ""model__gamma"": ""scale"", ""pca__n_components"": 92}",92,24.0,scale,"{""model__C"": 24.0, ""model__gamma"": ""scale"", ""pca__n_components"": 92}",stage3_local_cv,0,0.8,5.703
stage3_406,stage3_seed_1,"{""model__C"": 24.0, ""model__gamma"": ""scale"", ""pca__n_components"": 92}",92,24.0,scale,"{""model__C"": 24.0, ""model__gamma"": ""scale"", ""pca__n_components"": 92}",stage3_local_cv,1,0.799375,6.679
stage3_406,stage3_seed_1,"{""model__C"": 24.0, ""model__gamma"": ""scale"", ""pca__n_components"": 92}",92,24.0,scale,"{""model__C"": 24.0, ""model__gamma"": ""scale"", ""pca__n_components"": 92}",stage3_local_cv,2,0.798125,7.056
stage3_406,stage3_seed_1,"{""model__C"": 24.0, ""model__gamma"": ""scale"", ""pca__n_components"": 92}",92,24.0,scale,"{""model__C"": 24.0, ""model__gamma"": ""scale"", ""pca__n_components"": 92}",stage3_local_cv,3,0.796875,5.68
stage3_406,stage3_seed_1,"{""model__C"": 24.0, ""model__gamma"": ""scale"", ""pca__n_components"": 92}",92,24.0,scale,"{""model__C"": 24.0, ""model__gamma"": ""scale"", ""pca__n_components"": 92}",stage3_local_cv,4,0.7875,6.228
stage3_407,stage3_seed_1,"{""model__C"": 24.0, ""model__gamma"": 0.001, ""pca__n_components"": 92}",92,24.0,0.001,"{""model__C"": 24.0, ""model__gamma"": 0.001, ""pca__n_components"": 92}",stage3_local_cv,0,0.755,6.069
stage3_407,stage3_seed_1,"{""model__C"": 24.0, ""model__gamma"": 0.001, ""pca__n_components"": 92}",92,24.0,0.001,"{""model__C"": 24.0, ""model__gamma"": 0.001, ""pca__n_components"": 92}",stage3_local_cv,1,0.74,6.068
stage3_407,stage3_seed_1,"{""model__C"": 24.0, ""model__gamma"": 0.001, ""pca__n_components"": 92}",92,24.0,0.001,"{""model__C"": 24.0, ""model__gamma"": 0.001, ""pca__n_components"": 92}",stage3_local_cv,2,0.74,5.0
stage3_407,stage3_seed_1,"{""model__C"": 24.0, ""model__gamma"": 0.001, ""pca__n_components"": 92}",92,24.0,0.001,"{""model__C"": 24.0, ""model__gamma"": 0.001, ""pca__n_components"": 92}",stage3_local_cv,3,0.751875,6.13
stage3_407,stage3_seed_1,"{""model__C"": 24.0, ""model__gamma"": 0.001, ""pca__n_components"": 92}",92,24.0,0.001,"{""model__C"": 24.0, ""model__gamma"": 0.001, ""pca__n_components"": 92}",stage3_local_cv,4,0.73125,6.293
stage3_408,stage3_seed_1,"{""model__C"": 24.0, ""model__gamma"": 0.0025, ""pca__n_components"": 92}",92,24.0,0.0025,"{""model__C"": 24.0, ""model__gamma"": 0.0025, ""pca__n_components"": 92}",stage3_local_cv,0,0.801875,6.405
stage3_408,stage3_seed_1,"{""model__C"": 24.0, ""model__gamma"": 0.0025, ""pca__n_components"": 92}",92,24.0,0.0025,"{""model__C"": 24.0, ""model__gamma"": 0.0025, ""pca__n_components"": 92}",stage3_local_cv,1,0.78625,6.464
stage3_408,stage3_seed_1,"{""model__C"": 24.0, ""model__gamma"": 0.0025, ""pca__n_components"": 92}",92,24.0,0.0025,"{""model__C"": 24.0, ""model__gamma"": 0.0025, ""pca__n_components"": 92}",stage3_local_cv,2,0.794375,7.563
stage3_408,stage3_seed_1,"{""model__C"": 24.0, ""model__gamma"": 0.0025, ""pca__n_components"": 92}",92,24.0,0.0025,"{""model__C"": 24.0, ""model__gamma"": 0.0025, ""pca__n_components"": 92}",stage3_local_cv,3,0.79375,6.381
stage3_408,stage3_seed_1,"{""model__C"": 24.0, ""model__gamma"": 0.0025, ""pca__n_components"": 92}",92,24.0,0.0025,"{""model__C"": 24.0, ""model__gamma"": 0.0025, ""pca__n_components"": 92}",stage3_local_cv,4,0.78625,6.302
stage3_409,stage3_seed_1,"{""model__C"": 24.0, ""model__gamma"": 0.005, ""pca__n_components"": 92}",92,24.0,0.005,"{""model__C"": 24.0, ""model__gamma"": 0.005, ""pca__n_components"": 92}",stage3_local_cv,0,0.801875,7.11
stage3_409,stage3_seed_1,"{""model__C"": 24.0, ""model__gamma"": 0.005, ""pca__n_components"": 92}",92,24.0,0.005,"{""model__C"": 24.0, ""model__gamma"": 0.005, ""pca__n_components"": 92}",stage3_local_cv,1,0.8025,6.954
stage3_409,stage3_seed_1,"{""model__C"": 24.0, ""model__gamma"": 0.005, ""pca__n_components"": 92}",92,24.0,0.005,"{""model__C"": 24.0, ""model__gamma"": 0.005, ""pca__n_components"": 92}",stage3_local_cv,2,0.795625,6.218
stage3_409,stage3_seed_1,"{""model__C"": 24.0, ""model__gamma"": 0.005, ""pca__n_components"": 92}",92,24.0,0.005,"{""model__C"": 24.0, ""model__gamma"": 0.005, ""pca__n_components"": 92}",stage3_local_cv,3,0.785625,7.15
stage3_409,stage3_seed_1,"{""model__C"": 24.0, ""model__gamma"": 0.005, ""pca__n_components"": 92}",92,24.0,0.005,"{""model__C"": 24.0, ""model__gamma"": 0.005, ""pca__n_components"": 92}",stage3_local_cv,4,0.79,6.932
stage3_410,stage3_seed_1,"{""model__C"": 24.0, ""model__gamma"": 0.01, ""pca__n_components"": 92}",92,24.0,0.01,"{""model__C"": 24.0, ""model__gamma"": 0.01, ""pca__n_components"": 92}",stage3_local_cv,0,0.795625,5.222
stage3_410,stage3_seed_1,"{""model__C"": 24.0, ""model__gamma"": 0.01, ""pca__n_components"": 92}",92,24.0,0.01,"{""model__C"": 24.0, ""model__gamma"": 0.01, ""pca__n_components"": 92}",stage3_local_cv,1,0.795,5.115
stage3_410,stage3_seed_1,"{""model__C"": 24.0, ""model__gamma"": 0.01, ""pca__n_components"": 92}",92,24.0,0.01,"{""model__C"": 24.0, ""model__gamma"": 0.01, ""pca__n_components"": 92}",stage3_local_cv,2,0.805625,6.606
stage3_410,stage3_seed_1,"{""model__C"": 24.0, ""model__gamma"": 0.01, ""pca__n_components"": 92}",92,24.0,0.01,"{""model__C"": 24.0, ""model__gamma"": 0.01, ""pca__n_components"": 92}",stage3_local_cv,3,0.793125,5.241
stage3_410,stage3_seed_1,"{""model__C"": 24.0, ""model__gamma"": 0.01, ""pca__n_components"": 92}",92,24.0,0.01,"{""model__C"": 24.0, ""model__gamma"": 0.01, ""pca__n_components"": 92}",stage3_local_cv,4,0.79125,5.212
stage3_411,stage3_seed_1,"{""model__C"": 24.0, ""model__gamma"": 0.02, ""pca__n_components"": 92}",92,24.0,0.02,"{""model__C"": 24.0, ""model__gamma"": 0.02, ""pca__n_components"": 92}",stage3_local_cv,0,0.7925,6.446
stage3_411,stage3_seed_1,"{""model__C"": 24.0, ""model__gamma"": 0.02, ""pca__n_components"": 92}",92,24.0,0.02,"{""model__C"": 24.0, ""model__gamma"": 0.02, ""pca__n_components"": 92}",stage3_local_cv,1,0.798125,6.421
stage3_411,stage3_seed_1,"{""model__C"": 24.0, ""model__gamma"": 0.02, ""pca__n_components"": 92}",92,24.0,0.02,"{""model__C"": 24.0, ""model__gamma"": 0.02, ""pca__n_components"": 92}",stage3_local_cv,2,0.7875,5.067
stage3_411,stage3_seed_1,"{""model__C"": 24.0, ""model__gamma"": 0.02, ""pca__n_components"": 92}",92,24.0,0.02,"{""model__C"": 24.0, ""model__gamma"": 0.02, ""pca__n_components"": 92}",stage3_local_cv,3,0.79,6.54
stage3_411,stage3_seed_1,"{""model__C"": 24.0, ""model__gamma"": 0.02, ""pca__n_components"": 92}",92,24.0,0.02,"{""model__C"": 24.0, ""model__gamma"": 0.02, ""pca__n_components"": 92}",stage3_local_cv,4,0.78875,6.442
stage3_412,stage3_seed_1,"{""model__C"": 4.0, ""model__gamma"": ""scale"", ""pca__n_components"": 96}",96,4.0,scale,"{""model__C"": 4.0, ""model__gamma"": ""scale"", ""pca__n_components"": 96}",stage3_local_cv,0,0.796875,4.687
stage3_412,stage3_seed_1,"{""model__C"": 4.0, ""model__gamma"": ""scale"", ""pca__n_components"": 96}",96,4.0,scale,"{""model__C"": 4.0, ""model__gamma"": ""scale"", ""pca__n_components"": 96}",stage3_local_cv,1,0.781875,4.355
stage3_412,stage3_seed_1,"{""model__C"": 4.0, ""model__gamma"": ""scale"", ""pca__n_components"": 96}",96,4.0,scale,"{""model__C"": 4.0, ""model__gamma"": ""scale"", ""pca__n_components"": 96}",stage3_local_cv,2,0.77875,5.72
stage3_412,stage3_seed_1,"{""model__C"": 4.0, ""model__gamma"": ""scale"", ""pca__n_components"": 96}",96,4.0,scale,"{""model__C"": 4.0, ""model__gamma"": ""scale"", ""pca__n_components"": 96}",stage3_local_cv,3,0.785625,4.482
stage3_412,stage3_seed_1,"{""model__C"": 4.0, ""model__gamma"": ""scale"", ""pca__n_components"": 96}",96,4.0,scale,"{""model__C"": 4.0, ""model__gamma"": ""scale"", ""pca__n_components"": 96}",stage3_local_cv,4,0.779375,4.316
stage3_413,stage3_seed_1,"{""model__C"": 4.0, ""model__gamma"": 0.001, ""pca__n_components"": 96}",96,4.0,0.001,"{""model__C"": 4.0, ""model__gamma"": 0.001, ""pca__n_components"": 96}",stage3_local_cv,0,0.718125,3.803
stage3_413,stage3_seed_1,"{""model__C"": 4.0, ""model__gamma"": 0.001, ""pca__n_components"": 96}",96,4.0,0.001,"{""model__C"": 4.0, ""model__gamma"": 0.001, ""pca__n_components"": 96}",stage3_local_cv,1,0.698125,3.969
stage3_413,stage3_seed_1,"{""model__C"": 4.0, ""model__gamma"": 0.001, ""pca__n_components"": 96}",96,4.0,0.001,"{""model__C"": 4.0, ""model__gamma"": 0.001, ""pca__n_components"": 96}",stage3_local_cv,2,0.69,3.757
stage3_413,stage3_seed_1,"{""model__C"": 4.0, ""model__gamma"": 0.001, ""pca__n_components"": 96}",96,4.0,0.001,"{""model__C"": 4.0, ""model__gamma"": 0.001, ""pca__n_components"": 96}",stage3_local_cv,3,0.7175,3.691
stage3_413,stage3_seed_1,"{""model__C"": 4.0, ""model__gamma"": 0.001, ""pca__n_components"": 96}",96,4.0,0.001,"{""model__C"": 4.0, ""model__gamma"": 0.001, ""pca__n_components"": 96}",stage3_local_cv,4,0.70125,3.715
stage3_414,stage3_seed_1,"{""model__C"": 4.0, ""model__gamma"": 0.0025, ""pca__n_components"": 96}",96,4.0,0.0025,"{""model__C"": 4.0, ""model__gamma"": 0.0025, ""pca__n_components"": 96}",stage3_local_cv,0,0.755,5.244
stage3_414,stage3_seed_1,"{""model__C"": 4.0, ""model__gamma"": 0.0025, ""pca__n_components"": 96}",96,4.0,0.0025,"{""model__C"": 4.0, ""model__gamma"": 0.0025, ""pca__n_components"": 96}",stage3_local_cv,1,0.736875,5.19
stage3_414,stage3_seed_1,"{""model__C"": 4.0, ""model__gamma"": 0.0025, ""pca__n_components"": 96}",96,4.0,0.0025,"{""model__C"": 4.0, ""model__gamma"": 0.0025, ""pca__n_components"": 96}",stage3_local_cv,2,0.7375,4.025
stage3_414,stage3_seed_1,"{""model__C"": 4.0, ""model__gamma"": 0.0025, ""pca__n_components"": 96}",96,4.0,0.0025,"{""model__C"": 4.0, ""model__gamma"": 0.0025, ""pca__n_components"": 96}",stage3_local_cv,3,0.756875,5.126
stage3_414,stage3_seed_1,"{""model__C"": 4.0, ""model__gamma"": 0.0025, ""pca__n_components"": 96}",96,4.0,0.0025,"{""model__C"": 4.0, ""model__gamma"": 0.0025, ""pca__n_components"": 96}",stage3_local_cv,4,0.73125,5.045
stage3_415,stage3_seed_1,"{""model__C"": 4.0, ""model__gamma"": 0.005, ""pca__n_components"": 96}",96,4.0,0.005,"{""model__C"": 4.0, ""model__gamma"": 0.005, ""pca__n_components"": 96}",stage3_local_cv,0,0.79375,4.517
stage3_415,stage3_seed_1,"{""model__C"": 4.0, ""model__gamma"": 0.005, ""pca__n_components"": 96}",96,4.0,0.005,"{""model__C"": 4.0, ""model__gamma"": 0.005, ""pca__n_components"": 96}",stage3_local_cv,1,0.776875,4.304
stage3_415,stage3_seed_1,"{""model__C"": 4.0, ""model__gamma"": 0.005, ""pca__n_components"": 96}",96,4.0,0.005,"{""model__C"": 4.0, ""model__gamma"": 0.005, ""pca__n_components"": 96}",stage3_local_cv,2,0.7775,5.453
stage3_415,stage3_seed_1,"{""model__C"": 4.0, ""model__gamma"": 0.005, ""pca__n_components"": 96}",96,4.0,0.005,"{""model__C"": 4.0, ""model__gamma"": 0.005, ""pca__n_components"": 96}",stage3_local_cv,3,0.786875,4.424
stage3_415,stage3_seed_1,"{""model__C"": 4.0, ""model__gamma"": 0.005, ""pca__n_components"": 96}",96,4.0,0.005,"{""model__C"": 4.0, ""model__gamma"": 0.005, ""pca__n_components"": 96}",stage3_local_cv,4,0.776875,4.269
stage3_416,stage3_seed_1,"{""model__C"": 4.0, ""model__gamma"": 0.01, ""pca__n_components"": 96}",96,4.0,0.01,"{""model__C"": 4.0, ""model__gamma"": 0.01, ""pca__n_components"": 96}",stage3_local_cv,0,0.81375,4.718
stage3_416,stage3_seed_1,"{""model__C"": 4.0, ""model__gamma"": 0.01, ""pca__n_components"": 96}",96,4.0,0.01,"{""model__C"": 4.0, ""model__gamma"": 0.01, ""pca__n_components"": 96}",stage3_local_cv,1,0.8025,5.989
stage3_416,stage3_seed_1,"{""model__C"": 4.0, ""model__gamma"": 0.01, ""pca__n_components"": 96}",96,4.0,0.01,"{""model__C"": 4.0, ""model__gamma"": 0.01, ""pca__n_components"": 96}",stage3_local_cv,2,0.808125,4.627
stage3_416,stage3_seed_1,"{""model__C"": 4.0, ""model__gamma"": 0.01, ""pca__n_components"": 96}",96,4.0,0.01,"{""model__C"": 4.0, ""model__gamma"": 0.01, ""pca__n_components"": 96}",stage3_local_cv,3,0.8025,4.631
stage3_416,stage3_seed_1,"{""model__C"": 4.0, ""model__gamma"": 0.01, ""pca__n_components"": 96}",96,4.0,0.01,"{""model__C"": 4.0, ""model__gamma"": 0.01, ""pca__n_components"": 96}",stage3_local_cv,4,0.808125,5.001
stage3_417,stage3_seed_1,"{""model__C"": 4.0, ""model__gamma"": 0.02, ""pca__n_components"": 96}",96,4.0,0.02,"{""model__C"": 4.0, ""model__gamma"": 0.02, ""pca__n_components"": 96}",stage3_local_cv,0,0.80375,5.924
stage3_417,stage3_seed_1,"{""model__C"": 4.0, ""model__gamma"": 0.02, ""pca__n_components"": 96}",96,4.0,0.02,"{""model__C"": 4.0, ""model__gamma"": 0.02, ""pca__n_components"": 96}",stage3_local_cv,1,0.811875,4.736
stage3_417,stage3_seed_1,"{""model__C"": 4.0, ""model__gamma"": 0.02, ""pca__n_components"": 96}",96,4.0,0.02,"{""model__C"": 4.0, ""model__gamma"": 0.02, ""pca__n_components"": 96}",stage3_local_cv,2,0.795625,4.403
stage3_417,stage3_seed_1,"{""model__C"": 4.0, ""model__gamma"": 0.02, ""pca__n_components"": 96}",96,4.0,0.02,"{""model__C"": 4.0, ""model__gamma"": 0.02, ""pca__n_components"": 96}",stage3_local_cv,3,0.801875,5.713
stage3_417,stage3_seed_1,"{""model__C"": 4.0, ""model__gamma"": 0.02, ""pca__n_components"": 96}",96,4.0,0.02,"{""model__C"": 4.0, ""model__gamma"": 0.02, ""pca__n_components"": 96}",stage3_local_cv,4,0.799375,5.437
stage3_418,stage3_seed_1,"{""model__C"": 6.0, ""model__gamma"": ""scale"", ""pca__n_components"": 96}",96,6.0,scale,"{""model__C"": 6.0, ""model__gamma"": ""scale"", ""pca__n_components"": 96}",stage3_local_cv,0,0.8075,5.079
stage3_418,stage3_seed_1,"{""model__C"": 6.0, ""model__gamma"": ""scale"", ""pca__n_components"": 96}",96,6.0,scale,"{""model__C"": 6.0, ""model__gamma"": ""scale"", ""pca__n_components"": 96}",stage3_local_cv,1,0.7925,5.346
stage3_418,stage3_seed_1,"{""model__C"": 6.0, ""model__gamma"": ""scale"", ""pca__n_components"": 96}",96,6.0,scale,"{""model__C"": 6.0, ""model__gamma"": ""scale"", ""pca__n_components"": 96}",stage3_local_cv,2,0.790625,6.238
stage3_418,stage3_seed_1,"{""model__C"": 6.0, ""model__gamma"": ""scale"", ""pca__n_components"": 96}",96,6.0,scale,"{""model__C"": 6.0, ""model__gamma"": ""scale"", ""pca__n_components"": 96}",stage3_local_cv,3,0.796875,5.048
stage3_418,stage3_seed_1,"{""model__C"": 6.0, ""model__gamma"": ""scale"", ""pca__n_components"": 96}",96,6.0,scale,"{""model__C"": 6.0, ""model__gamma"": ""scale"", ""pca__n_components"": 96}",stage3_local_cv,4,0.8,5.285
stage3_419,stage3_seed_1,"{""model__C"": 6.0, ""model__gamma"": 0.001, ""pca__n_components"": 96}",96,6.0,0.001,"{""model__C"": 6.0, ""model__gamma"": 0.001, ""pca__n_components"": 96}",stage3_local_cv,0,0.72625,4.927
stage3_419,stage3_seed_1,"{""model__C"": 6.0, ""model__gamma"": 0.001, ""pca__n_components"": 96}",96,6.0,0.001,"{""model__C"": 6.0, ""model__gamma"": 0.001, ""pca__n_components"": 96}",stage3_local_cv,1,0.705625,5.061
stage3_419,stage3_seed_1,"{""model__C"": 6.0, ""model__gamma"": 0.001, ""pca__n_components"": 96}",96,6.0,0.001,"{""model__C"": 6.0, ""model__gamma"": 0.001, ""pca__n_components"": 96}",stage3_local_cv,2,0.6925,3.804
stage3_419,stage3_seed_1,"{""model__C"": 6.0, ""model__gamma"": 0.001, ""pca__n_components"": 96}",96,6.0,0.001,"{""model__C"": 6.0, ""model__gamma"": 0.001, ""pca__n_components"": 96}",stage3_local_cv,3,0.73125,4.858
stage3_419,stage3_seed_1,"{""model__C"": 6.0, ""model__gamma"": 0.001, ""pca__n_components"": 96}",96,6.0,0.001,"{""model__C"": 6.0, ""model__gamma"": 0.001, ""pca__n_components"": 96}",stage3_local_cv,4,0.706875,4.934
stage3_420,stage3_seed_1,"{""model__C"": 6.0, ""model__gamma"": 0.0025, ""pca__n_components"": 96}",96,6.0,0.0025,"{""model__C"": 6.0, ""model__gamma"": 0.0025, ""pca__n_components"": 96}",stage3_local_cv,0,0.76375,4.749
stage3_420,stage3_seed_1,"{""model__C"": 6.0, ""model__gamma"": 0.0025, ""pca__n_components"": 96}",96,6.0,0.0025,"{""model__C"": 6.0, ""model__gamma"": 0.0025, ""pca__n_components"": 96}",stage3_local_cv,1,0.750625,4.301
stage3_420,stage3_seed_1,"{""model__C"": 6.0, ""model__gamma"": 0.0025, ""pca__n_components"": 96}",96,6.0,0.0025,"{""model__C"": 6.0, ""model__gamma"": 0.0025, ""pca__n_components"": 96}",stage3_local_cv,2,0.750625,4.437
stage3_420,stage3_seed_1,"{""model__C"": 6.0, ""model__gamma"": 0.0025, ""pca__n_components"": 96}",96,6.0,0.0025,"{""model__C"": 6.0, ""model__gamma"": 0.0025, ""pca__n_components"": 96}",stage3_local_cv,3,0.760625,4.698
stage3_420,stage3_seed_1,"{""model__C"": 6.0, ""model__gamma"": 0.0025, ""pca__n_components"": 96}",96,6.0,0.0025,"{""model__C"": 6.0, ""model__gamma"": 0.0025, ""pca__n_components"": 96}",stage3_local_cv,4,0.745,4.186
stage3_421,stage3_seed_1,"{""model__C"": 6.0, ""model__gamma"": 0.005, ""pca__n_components"": 96}",96,6.0,0.005,"{""model__C"": 6.0, ""model__gamma"": 0.005, ""pca__n_components"": 96}",stage3_local_cv,0,0.805625,5.061
stage3_421,stage3_seed_1,"{""model__C"": 6.0, ""model__gamma"": 0.005, ""pca__n_components"": 96}",96,6.0,0.005,"{""model__C"": 6.0, ""model__gamma"": 0.005, ""pca__n_components"": 96}",stage3_local_cv,1,0.786875,5.526
stage3_421,stage3_seed_1,"{""model__C"": 6.0, ""model__gamma"": 0.005, ""pca__n_components"": 96}",96,6.0,0.005,"{""model__C"": 6.0, ""model__gamma"": 0.005, ""pca__n_components"": 96}",stage3_local_cv,2,0.788125,5.965
stage3_421,stage3_seed_1,"{""model__C"": 6.0, ""model__gamma"": 0.005, ""pca__n_components"": 96}",96,6.0,0.005,"{""model__C"": 6.0, ""model__gamma"": 0.005, ""pca__n_components"": 96}",stage3_local_cv,3,0.79375,4.976
stage3_421,stage3_seed_1,"{""model__C"": 6.0, ""model__gamma"": 0.005, ""pca__n_components"": 96}",96,6.0,0.005,"{""model__C"": 6.0, ""model__gamma"": 0.005, ""pca__n_components"": 96}",stage3_local_cv,4,0.79375,5.313
stage3_422,stage3_seed_1,"{""model__C"": 6.0, ""model__gamma"": 0.01, ""pca__n_components"": 96}",96,6.0,0.01,"{""model__C"": 6.0, ""model__gamma"": 0.01, ""pca__n_components"": 96}",stage3_local_cv,0,0.81375,5.957
stage3_422,stage3_seed_1,"{""model__C"": 6.0, ""model__gamma"": 0.01, ""pca__n_components"": 96}",96,6.0,0.01,"{""model__C"": 6.0, ""model__gamma"": 0.01, ""pca__n_components"": 96}",stage3_local_cv,1,0.803125,5.471
stage3_422,stage3_seed_1,"{""model__C"": 6.0, ""model__gamma"": 0.01, ""pca__n_components"": 96}",96,6.0,0.01,"{""model__C"": 6.0, ""model__gamma"": 0.01, ""pca__n_components"": 96}",stage3_local_cv,2,0.81625,4.703
stage3_422,stage3_seed_1,"{""model__C"": 6.0, ""model__gamma"": 0.01, ""pca__n_components"": 96}",96,6.0,0.01,"{""model__C"": 6.0, ""model__gamma"": 0.01, ""pca__n_components"": 96}",stage3_local_cv,3,0.8075,5.929
stage3_422,stage3_seed_1,"{""model__C"": 6.0, ""model__gamma"": 0.01, ""pca__n_components"": 96}",96,6.0,0.01,"{""model__C"": 6.0, ""model__gamma"": 0.01, ""pca__n_components"": 96}",stage3_local_cv,4,0.80375,5.945
stage3_423,stage3_seed_1,"{""model__C"": 6.0, ""model__gamma"": 0.02, ""pca__n_components"": 96}",96,6.0,0.02,"{""model__C"": 6.0, ""model__gamma"": 0.02, ""pca__n_components"": 96}",stage3_local_cv,0,0.79875,4.547
stage3_423,stage3_seed_1,"{""model__C"": 6.0, ""model__gamma"": 0.02, ""pca__n_components"": 96}",96,6.0,0.02,"{""model__C"": 6.0, ""model__gamma"": 0.02, ""pca__n_components"": 96}",stage3_local_cv,1,0.80875,4.557
stage3_423,stage3_seed_1,"{""model__C"": 6.0, ""model__gamma"": 0.02, ""pca__n_components"": 96}",96,6.0,0.02,"{""model__C"": 6.0, ""model__gamma"": 0.02, ""pca__n_components"": 96}",stage3_local_cv,2,0.79625,5.86
stage3_423,stage3_seed_1,"{""model__C"": 6.0, ""model__gamma"": 0.02, ""pca__n_components"": 96}",96,6.0,0.02,"{""model__C"": 6.0, ""model__gamma"": 0.02, ""pca__n_components"": 96}",stage3_local_cv,3,0.8,4.392
stage3_423,stage3_seed_1,"{""model__C"": 6.0, ""model__gamma"": 0.02, ""pca__n_components"": 96}",96,6.0,0.02,"{""model__C"": 6.0, ""model__gamma"": 0.02, ""pca__n_components"": 96}",stage3_local_cv,4,0.79875,4.38
stage3_424,stage3_seed_1,"{""model__C"": 8.0, ""model__gamma"": ""scale"", ""pca__n_components"": 96}",96,8.0,scale,"{""model__C"": 8.0, ""model__gamma"": ""scale"", ""pca__n_components"": 96}",stage3_local_cv,0,0.805,6.75
stage3_424,stage3_seed_1,"{""model__C"": 8.0, ""model__gamma"": ""scale"", ""pca__n_components"": 96}",96,8.0,scale,"{""model__C"": 8.0, ""model__gamma"": ""scale"", ""pca__n_components"": 96}",stage3_local_cv,1,0.801875,6.26
stage3_424,stage3_seed_1,"{""model__C"": 8.0, ""model__gamma"": ""scale"", ""pca__n_components"": 96}",96,8.0,scale,"{""model__C"": 8.0, ""model__gamma"": ""scale"", ""pca__n_components"": 96}",stage3_local_cv,2,0.803125,5.455
stage3_424,stage3_seed_1,"{""model__C"": 8.0, ""model__gamma"": ""scale"", ""pca__n_components"": 96}",96,8.0,scale,"{""model__C"": 8.0, ""model__gamma"": ""scale"", ""pca__n_components"": 96}",stage3_local_cv,3,0.79875,5.903
stage3_424,stage3_seed_1,"{""model__C"": 8.0, ""model__gamma"": ""scale"", ""pca__n_components"": 96}",96,8.0,scale,"{""model__C"": 8.0, ""model__gamma"": ""scale"", ""pca__n_components"": 96}",stage3_local_cv,4,0.80125,6.668
stage3_425,stage3_seed_1,"{""model__C"": 8.0, ""model__gamma"": 0.001, ""pca__n_components"": 96}",96,8.0,0.001,"{""model__C"": 8.0, ""model__gamma"": 0.001, ""pca__n_components"": 96}",stage3_local_cv,0,0.726875,4.347
stage3_425,stage3_seed_1,"{""model__C"": 8.0, ""model__gamma"": 0.001, ""pca__n_components"": 96}",96,8.0,0.001,"{""model__C"": 8.0, ""model__gamma"": 0.001, ""pca__n_components"": 96}",stage3_local_cv,1,0.70625,3.95
stage3_425,stage3_seed_1,"{""model__C"": 8.0, ""model__gamma"": 0.001, ""pca__n_components"": 96}",96,8.0,0.001,"{""model__C"": 8.0, ""model__gamma"": 0.001, ""pca__n_components"": 96}",stage3_local_cv,2,0.6975,3.94
stage3_425,stage3_seed_1,"{""model__C"": 8.0, ""model__gamma"": 0.001, ""pca__n_components"": 96}",96,8.0,0.001,"{""model__C"": 8.0, ""model__gamma"": 0.001, ""pca__n_components"": 96}",stage3_local_cv,3,0.736875,4.53
stage3_425,stage3_seed_1,"{""model__C"": 8.0, ""model__gamma"": 0.001, ""pca__n_components"": 96}",96,8.0,0.001,"{""model__C"": 8.0, ""model__gamma"": 0.001, ""pca__n_components"": 96}",stage3_local_cv,4,0.715625,4.022
stage3_426,stage3_seed_1,"{""model__C"": 8.0, ""model__gamma"": 0.0025, ""pca__n_components"": 96}",96,8.0,0.0025,"{""model__C"": 8.0, ""model__gamma"": 0.0025, ""pca__n_components"": 96}",stage3_local_cv,0,0.7725,4.432
stage3_426,stage3_seed_1,"{""model__C"": 8.0, ""model__gamma"": 0.0025, ""pca__n_components"": 96}",96,8.0,0.0025,"{""model__C"": 8.0, ""model__gamma"": 0.0025, ""pca__n_components"": 96}",stage3_local_cv,1,0.763125,4.413
stage3_426,stage3_seed_1,"{""model__C"": 8.0, ""model__gamma"": 0.0025, ""pca__n_components"": 96}",96,8.0,0.0025,"{""model__C"": 8.0, ""model__gamma"": 0.0025, ""pca__n_components"": 96}",stage3_local_cv,2,0.765625,5.668
stage3_426,stage3_seed_1,"{""model__C"": 8.0, ""model__gamma"": 0.0025, ""pca__n_components"": 96}",96,8.0,0.0025,"{""model__C"": 8.0, ""model__gamma"": 0.0025, ""pca__n_components"": 96}",stage3_local_cv,3,0.77,4.399
stage3_426,stage3_seed_1,"{""model__C"": 8.0, ""model__gamma"": 0.0025, ""pca__n_components"": 96}",96,8.0,0.0025,"{""model__C"": 8.0, ""model__gamma"": 0.0025, ""pca__n_components"": 96}",stage3_local_cv,4,0.758125,4.255
stage3_427,stage3_seed_1,"{""model__C"": 8.0, ""model__gamma"": 0.005, ""pca__n_components"": 96}",96,8.0,0.005,"{""model__C"": 8.0, ""model__gamma"": 0.005, ""pca__n_components"": 96}",stage3_local_cv,0,0.805625,6.377
stage3_427,stage3_seed_1,"{""model__C"": 8.0, ""model__gamma"": 0.005, ""pca__n_components"": 96}",96,8.0,0.005,"{""model__C"": 8.0, ""model__gamma"": 0.005, ""pca__n_components"": 96}",stage3_local_cv,1,0.8,6.418
stage3_427,stage3_seed_1,"{""model__C"": 8.0, ""model__gamma"": 0.005, ""pca__n_components"": 96}",96,8.0,0.005,"{""model__C"": 8.0, ""model__gamma"": 0.005, ""pca__n_components"": 96}",stage3_local_cv,2,0.801875,5.019
stage3_427,stage3_seed_1,"{""model__C"": 8.0, ""model__gamma"": 0.005, ""pca__n_components"": 96}",96,8.0,0.005,"{""model__C"": 8.0, ""model__gamma"": 0.005, ""pca__n_components"": 96}",stage3_local_cv,3,0.796875,6.683
stage3_427,stage3_seed_1,"{""model__C"": 8.0, ""model__gamma"": 0.005, ""pca__n_components"": 96}",96,8.0,0.005,"{""model__C"": 8.0, ""model__gamma"": 0.005, ""pca__n_components"": 96}",stage3_local_cv,4,0.800625,6.223
stage3_428,stage3_seed_1,"{""model__C"": 8.0, ""model__gamma"": 0.01, ""pca__n_components"": 96}",96,8.0,0.01,"{""model__C"": 8.0, ""model__gamma"": 0.01, ""pca__n_components"": 96}",stage3_local_cv,0,0.813125,4.671
stage3_428,stage3_seed_1,"{""model__C"": 8.0, ""model__gamma"": 0.01, ""pca__n_components"": 96}",96,8.0,0.01,"{""model__C"": 8.0, ""model__gamma"": 0.01, ""pca__n_components"": 96}",stage3_local_cv,1,0.80375,4.671
stage3_428,stage3_seed_1,"{""model__C"": 8.0, ""model__gamma"": 0.01, ""pca__n_components"": 96}",96,8.0,0.01,"{""model__C"": 8.0, ""model__gamma"": 0.01, ""pca__n_components"": 96}",stage3_local_cv,2,0.811875,6.07
stage3_428,stage3_seed_1,"{""model__C"": 8.0, ""model__gamma"": 0.01, ""pca__n_components"": 96}",96,8.0,0.01,"{""model__C"": 8.0, ""model__gamma"": 0.01, ""pca__n_components"": 96}",stage3_local_cv,3,0.805,4.579
stage3_428,stage3_seed_1,"{""model__C"": 8.0, ""model__gamma"": 0.01, ""pca__n_components"": 96}",96,8.0,0.01,"{""model__C"": 8.0, ""model__gamma"": 0.01, ""pca__n_components"": 96}",stage3_local_cv,4,0.80375,4.697
stage3_429,stage3_seed_1,"{""model__C"": 8.0, ""model__gamma"": 0.02, ""pca__n_components"": 96}",96,8.0,0.02,"{""model__C"": 8.0, ""model__gamma"": 0.02, ""pca__n_components"": 96}",stage3_local_cv,0,0.794375,5.352
stage3_429,stage3_seed_1,"{""model__C"": 8.0, ""model__gamma"": 0.02, ""pca__n_components"": 96}",96,8.0,0.02,"{""model__C"": 8.0, ""model__gamma"": 0.02, ""pca__n_components"": 96}",stage3_local_cv,1,0.809375,6.144
stage3_429,stage3_seed_1,"{""model__C"": 8.0, ""model__gamma"": 0.02, ""pca__n_components"": 96}",96,8.0,0.02,"{""model__C"": 8.0, ""model__gamma"": 0.02, ""pca__n_components"": 96}",stage3_local_cv,2,0.798125,4.404
stage3_429,stage3_seed_1,"{""model__C"": 8.0, ""model__gamma"": 0.02, ""pca__n_components"": 96}",96,8.0,0.02,"{""model__C"": 8.0, ""model__gamma"": 0.02, ""pca__n_components"": 96}",stage3_local_cv,3,0.799375,4.63
stage3_429,stage3_seed_1,"{""model__C"": 8.0, ""model__gamma"": 0.02, ""pca__n_components"": 96}",96,8.0,0.02,"{""model__C"": 8.0, ""model__gamma"": 0.02, ""pca__n_components"": 96}",stage3_local_cv,4,0.8,5.949
stage3_430,stage3_seed_1,"{""model__C"": 12.0, ""model__gamma"": ""scale"", ""pca__n_components"": 96}",96,12.0,scale,"{""model__C"": 12.0, ""model__gamma"": ""scale"", ""pca__n_components"": 96}",stage3_local_cv,0,0.81,5.905
stage3_430,stage3_seed_1,"{""model__C"": 12.0, ""model__gamma"": ""scale"", ""pca__n_components"": 96}",96,12.0,scale,"{""model__C"": 12.0, ""model__gamma"": ""scale"", ""pca__n_components"": 96}",stage3_local_cv,1,0.8075,5.14
stage3_430,stage3_seed_1,"{""model__C"": 12.0, ""model__gamma"": ""scale"", ""pca__n_components"": 96}",96,12.0,scale,"{""model__C"": 12.0, ""model__gamma"": ""scale"", ""pca__n_components"": 96}",stage3_local_cv,2,0.8,6.42
stage3_430,stage3_seed_1,"{""model__C"": 12.0, ""model__gamma"": ""scale"", ""pca__n_components"": 96}",96,12.0,scale,"{""model__C"": 12.0, ""model__gamma"": ""scale"", ""pca__n_components"": 96}",stage3_local_cv,3,0.7975,6.177
stage3_430,stage3_seed_1,"{""model__C"": 12.0, ""model__gamma"": ""scale"", ""pca__n_components"": 96}",96,12.0,scale,"{""model__C"": 12.0, ""model__gamma"": ""scale"", ""pca__n_components"": 96}",stage3_local_cv,4,0.79625,5.079
stage3_431,stage3_seed_1,"{""model__C"": 12.0, ""model__gamma"": 0.001, ""pca__n_components"": 96}",96,12.0,0.001,"{""model__C"": 12.0, ""model__gamma"": 0.001, ""pca__n_components"": 96}",stage3_local_cv,0,0.735,4.339
stage3_431,stage3_seed_1,"{""model__C"": 12.0, ""model__gamma"": 0.001, ""pca__n_components"": 96}",96,12.0,0.001,"{""model__C"": 12.0, ""model__gamma"": 0.001, ""pca__n_components"": 96}",stage3_local_cv,1,0.719375,4.139
stage3_431,stage3_seed_1,"{""model__C"": 12.0, ""model__gamma"": 0.001, ""pca__n_components"": 96}",96,12.0,0.001,"{""model__C"": 12.0, ""model__gamma"": 0.001, ""pca__n_components"": 96}",stage3_local_cv,2,0.71125,4.901
stage3_431,stage3_seed_1,"{""model__C"": 12.0, ""model__gamma"": 0.001, ""pca__n_components"": 96}",96,12.0,0.001,"{""model__C"": 12.0, ""model__gamma"": 0.001, ""pca__n_components"": 96}",stage3_local_cv,3,0.74125,4.207
stage3_431,stage3_seed_1,"{""model__C"": 12.0, ""model__gamma"": 0.001, ""pca__n_components"": 96}",96,12.0,0.001,"{""model__C"": 12.0, ""model__gamma"": 0.001, ""pca__n_components"": 96}",stage3_local_cv,4,0.725625,4.219
stage3_432,stage3_seed_1,"{""model__C"": 12.0, ""model__gamma"": 0.0025, ""pca__n_components"": 96}",96,12.0,0.0025,"{""model__C"": 12.0, ""model__gamma"": 0.0025, ""pca__n_components"": 96}",stage3_local_cv,0,0.791875,5.845
stage3_432,stage3_seed_1,"{""model__C"": 12.0, ""model__gamma"": 0.0025, ""pca__n_components"": 96}",96,12.0,0.0025,"{""model__C"": 12.0, ""model__gamma"": 0.0025, ""pca__n_components"": 96}",stage3_local_cv,1,0.770625,6.15
stage3_432,stage3_seed_1,"{""model__C"": 12.0, ""model__gamma"": 0.0025, ""pca__n_components"": 96}",96,12.0,0.0025,"{""model__C"": 12.0, ""model__gamma"": 0.0025, ""pca__n_components"": 96}",stage3_local_cv,2,0.773125,4.775
stage3_432,stage3_seed_1,"{""model__C"": 12.0, ""model__gamma"": 0.0025, ""pca__n_components"": 96}",96,12.0,0.0025,"{""model__C"": 12.0, ""model__gamma"": 0.0025, ""pca__n_components"": 96}",stage3_local_cv,3,0.783125,5.708
stage3_432,stage3_seed_1,"{""model__C"": 12.0, ""model__gamma"": 0.0025, ""pca__n_components"": 96}",96,12.0,0.0025,"{""model__C"": 12.0, ""model__gamma"": 0.0025, ""pca__n_components"": 96}",stage3_local_cv,4,0.773125,5.937
stage3_433,stage3_seed_1,"{""model__C"": 12.0, ""model__gamma"": 0.005, ""pca__n_components"": 96}",96,12.0,0.005,"{""model__C"": 12.0, ""model__gamma"": 0.005, ""pca__n_components"": 96}",stage3_local_cv,0,0.8125,5.846
stage3_433,stage3_seed_1,"{""model__C"": 12.0, ""model__gamma"": 0.005, ""pca__n_components"": 96}",96,12.0,0.005,"{""model__C"": 12.0, ""model__gamma"": 0.005, ""pca__n_components"": 96}",stage3_local_cv,1,0.8075,5.113
stage3_433,stage3_seed_1,"{""model__C"": 12.0, ""model__gamma"": 0.005, ""pca__n_components"": 96}",96,12.0,0.005,"{""model__C"": 12.0, ""model__gamma"": 0.005, ""pca__n_components"": 96}",stage3_local_cv,2,0.799375,6.566
stage3_433,stage3_seed_1,"{""model__C"": 12.0, ""model__gamma"": 0.005, ""pca__n_components"": 96}",96,12.0,0.005,"{""model__C"": 12.0, ""model__gamma"": 0.005, ""pca__n_components"": 96}",stage3_local_cv,3,0.79875,5.677
stage3_433,stage3_seed_1,"{""model__C"": 12.0, ""model__gamma"": 0.005, ""pca__n_components"": 96}",96,12.0,0.005,"{""model__C"": 12.0, ""model__gamma"": 0.005, ""pca__n_components"": 96}",stage3_local_cv,4,0.799375,5.113
stage3_434,stage3_seed_1,"{""model__C"": 12.0, ""model__gamma"": 0.01, ""pca__n_components"": 96}",96,12.0,0.01,"{""model__C"": 12.0, ""model__gamma"": 0.01, ""pca__n_components"": 96}",stage3_local_cv,0,0.809375,6.252
stage3_434,stage3_seed_1,"{""model__C"": 12.0, ""model__gamma"": 0.01, ""pca__n_components"": 96}",96,12.0,0.01,"{""model__C"": 12.0, ""model__gamma"": 0.01, ""pca__n_components"": 96}",stage3_local_cv,1,0.799375,6.366
stage3_434,stage3_seed_1,"{""model__C"": 12.0, ""model__gamma"": 0.01, ""pca__n_components"": 96}",96,12.0,0.01,"{""model__C"": 12.0, ""model__gamma"": 0.01, ""pca__n_components"": 96}",stage3_local_cv,2,0.80875,4.594
stage3_434,stage3_seed_1,"{""model__C"": 12.0, ""model__gamma"": 0.01, ""pca__n_components"": 96}",96,12.0,0.01,"{""model__C"": 12.0, ""model__gamma"": 0.01, ""pca__n_components"": 96}",stage3_local_cv,3,0.799375,5.75
stage3_434,stage3_seed_1,"{""model__C"": 12.0, ""model__gamma"": 0.01, ""pca__n_components"": 96}",96,12.0,0.01,"{""model__C"": 12.0, ""model__gamma"": 0.01, ""pca__n_components"": 96}",stage3_local_cv,4,0.805,6.086
stage3_435,stage3_seed_1,"{""model__C"": 12.0, ""model__gamma"": 0.02, ""pca__n_components"": 96}",96,12.0,0.02,"{""model__C"": 12.0, ""model__gamma"": 0.02, ""pca__n_components"": 96}",stage3_local_cv,0,0.795,4.595
stage3_435,stage3_seed_1,"{""model__C"": 12.0, ""model__gamma"": 0.02, ""pca__n_components"": 96}",96,12.0,0.02,"{""model__C"": 12.0, ""model__gamma"": 0.02, ""pca__n_components"": 96}",stage3_local_cv,1,0.806875,5.956
stage3_435,stage3_seed_1,"{""model__C"": 12.0, ""model__gamma"": 0.02, ""pca__n_components"": 96}",96,12.0,0.02,"{""model__C"": 12.0, ""model__gamma"": 0.02, ""pca__n_components"": 96}",stage3_local_cv,2,0.79375,4.582
stage3_435,stage3_seed_1,"{""model__C"": 12.0, ""model__gamma"": 0.02, ""pca__n_components"": 96}",96,12.0,0.02,"{""model__C"": 12.0, ""model__gamma"": 0.02, ""pca__n_components"": 96}",stage3_local_cv,3,0.79375,4.813
stage3_435,stage3_seed_1,"{""model__C"": 12.0, ""model__gamma"": 0.02, ""pca__n_components"": 96}",96,12.0,0.02,"{""model__C"": 12.0, ""model__gamma"": 0.02, ""pca__n_components"": 96}",stage3_local_cv,4,0.795,4.471
stage3_436,stage3_seed_1,"{""model__C"": 16.0, ""model__gamma"": ""scale"", ""pca__n_components"": 96}",96,16.0,scale,"{""model__C"": 16.0, ""model__gamma"": ""scale"", ""pca__n_components"": 96}",stage3_local_cv,0,0.80125,5.19
stage3_436,stage3_seed_1,"{""model__C"": 16.0, ""model__gamma"": ""scale"", ""pca__n_components"": 96}",96,16.0,scale,"{""model__C"": 16.0, ""model__gamma"": ""scale"", ""pca__n_components"": 96}",stage3_local_cv,1,0.80625,6.509
stage3_436,stage3_seed_1,"{""model__C"": 16.0, ""model__gamma"": ""scale"", ""pca__n_components"": 96}",96,16.0,scale,"{""model__C"": 16.0, ""model__gamma"": ""scale"", ""pca__n_components"": 96}",stage3_local_cv,2,0.800625,6.278
stage3_436,stage3_seed_1,"{""model__C"": 16.0, ""model__gamma"": ""scale"", ""pca__n_components"": 96}",96,16.0,scale,"{""model__C"": 16.0, ""model__gamma"": ""scale"", ""pca__n_components"": 96}",stage3_local_cv,3,0.79375,5.198
stage3_436,stage3_seed_1,"{""model__C"": 16.0, ""model__gamma"": ""scale"", ""pca__n_components"": 96}",96,16.0,scale,"{""model__C"": 16.0, ""model__gamma"": ""scale"", ""pca__n_components"": 96}",stage3_local_cv,4,0.7925,5.589
stage3_437,stage3_seed_1,"{""model__C"": 16.0, ""model__gamma"": 0.001, ""pca__n_components"": 96}",96,16.0,0.001,"{""model__C"": 16.0, ""model__gamma"": 0.001, ""pca__n_components"": 96}",stage3_local_cv,0,0.740625,5.686
stage3_437,stage3_seed_1,"{""model__C"": 16.0, ""model__gamma"": 0.001, ""pca__n_components"": 96}",96,16.0,0.001,"{""model__C"": 16.0, ""model__gamma"": 0.001, ""pca__n_components"": 96}",stage3_local_cv,1,0.7275,4.603
stage3_437,stage3_seed_1,"{""model__C"": 16.0, ""model__gamma"": 0.001, ""pca__n_components"": 96}",96,16.0,0.001,"{""model__C"": 16.0, ""model__gamma"": 0.001, ""pca__n_components"": 96}",stage3_local_cv,2,0.721875,4.376
stage3_437,stage3_seed_1,"{""model__C"": 16.0, ""model__gamma"": 0.001, ""pca__n_components"": 96}",96,16.0,0.001,"{""model__C"": 16.0, ""model__gamma"": 0.001, ""pca__n_components"": 96}",stage3_local_cv,3,0.745625,5.431
stage3_437,stage3_seed_1,"{""model__C"": 16.0, ""model__gamma"": 0.001, ""pca__n_components"": 96}",96,16.0,0.001,"{""model__C"": 16.0, ""model__gamma"": 0.001, ""pca__n_components"": 96}",stage3_local_cv,4,0.723125,5.102
stage3_438,stage3_seed_1,"{""model__C"": 16.0, ""model__gamma"": 0.0025, ""pca__n_components"": 96}",96,16.0,0.0025,"{""model__C"": 16.0, ""model__gamma"": 0.0025, ""pca__n_components"": 96}",stage3_local_cv,0,0.79875,5.334
stage3_438,stage3_seed_1,"{""model__C"": 16.0, ""model__gamma"": 0.0025, ""pca__n_components"": 96}",96,16.0,0.0025,"{""model__C"": 16.0, ""model__gamma"": 0.0025, ""pca__n_components"": 96}",stage3_local_cv,1,0.785,5.134
stage3_438,stage3_seed_1,"{""model__C"": 16.0, ""model__gamma"": 0.0025, ""pca__n_components"": 96}",96,16.0,0.0025,"{""model__C"": 16.0, ""model__gamma"": 0.0025, ""pca__n_components"": 96}",stage3_local_cv,2,0.786875,6.061
stage3_438,stage3_seed_1,"{""model__C"": 16.0, ""model__gamma"": 0.0025, ""pca__n_components"": 96}",96,16.0,0.0025,"{""model__C"": 16.0, ""model__gamma"": 0.0025, ""pca__n_components"": 96}",stage3_local_cv,3,0.7925,5.112
stage3_438,stage3_seed_1,"{""model__C"": 16.0, ""model__gamma"": 0.0025, ""pca__n_components"": 96}",96,16.0,0.0025,"{""model__C"": 16.0, ""model__gamma"": 0.0025, ""pca__n_components"": 96}",stage3_local_cv,4,0.77625,5.191
stage3_439,stage3_seed_1,"{""model__C"": 16.0, ""model__gamma"": 0.005, ""pca__n_components"": 96}",96,16.0,0.005,"{""model__C"": 16.0, ""model__gamma"": 0.005, ""pca__n_components"": 96}",stage3_local_cv,0,0.805,6.717
stage3_439,stage3_seed_1,"{""model__C"": 16.0, ""model__gamma"": 0.005, ""pca__n_components"": 96}",96,16.0,0.005,"{""model__C"": 16.0, ""model__gamma"": 0.005, ""pca__n_components"": 96}",stage3_local_cv,1,0.808125,7.032
stage3_439,stage3_seed_1,"{""model__C"": 16.0, ""model__gamma"": 0.005, ""pca__n_components"": 96}",96,16.0,0.005,"{""model__C"": 16.0, ""model__gamma"": 0.005, ""pca__n_components"": 96}",stage3_local_cv,2,0.796875,5.246
stage3_439,stage3_seed_1,"{""model__C"": 16.0, ""model__gamma"": 0.005, ""pca__n_components"": 96}",96,16.0,0.005,"{""model__C"": 16.0, ""model__gamma"": 0.005, ""pca__n_components"": 96}",stage3_local_cv,3,0.795,7.104
stage3_439,stage3_seed_1,"{""model__C"": 16.0, ""model__gamma"": 0.005, ""pca__n_components"": 96}",96,16.0,0.005,"{""model__C"": 16.0, ""model__gamma"": 0.005, ""pca__n_components"": 96}",stage3_local_cv,4,0.795,6.95
stage3_440,stage3_seed_1,"{""model__C"": 16.0, ""model__gamma"": 0.01, ""pca__n_components"": 96}",96,16.0,0.01,"{""model__C"": 16.0, ""model__gamma"": 0.01, ""pca__n_components"": 96}",stage3_local_cv,0,0.804375,4.696
stage3_440,stage3_seed_1,"{""model__C"": 16.0, ""model__gamma"": 0.01, ""pca__n_components"": 96}",96,16.0,0.01,"{""model__C"": 16.0, ""model__gamma"": 0.01, ""pca__n_components"": 96}",stage3_local_cv,1,0.796875,4.612
stage3_440,stage3_seed_1,"{""model__C"": 16.0, ""model__gamma"": 0.01, ""pca__n_components"": 96}",96,16.0,0.01,"{""model__C"": 16.0, ""model__gamma"": 0.01, ""pca__n_components"": 96}",stage3_local_cv,2,0.80625,5.566
stage3_440,stage3_seed_1,"{""model__C"": 16.0, ""model__gamma"": 0.01, ""pca__n_components"": 96}",96,16.0,0.01,"{""model__C"": 16.0, ""model__gamma"": 0.01, ""pca__n_components"": 96}",stage3_local_cv,3,0.795625,4.582
stage3_440,stage3_seed_1,"{""model__C"": 16.0, ""model__gamma"": 0.01, ""pca__n_components"": 96}",96,16.0,0.01,"{""model__C"": 16.0, ""model__gamma"": 0.01, ""pca__n_components"": 96}",stage3_local_cv,4,0.8025,4.631
stage3_441,stage3_seed_1,"{""model__C"": 16.0, ""model__gamma"": 0.02, ""pca__n_components"": 96}",96,16.0,0.02,"{""model__C"": 16.0, ""model__gamma"": 0.02, ""pca__n_components"": 96}",stage3_local_cv,0,0.794375,5.173
stage3_441,stage3_seed_1,"{""model__C"": 16.0, ""model__gamma"": 0.02, ""pca__n_components"": 96}",96,16.0,0.02,"{""model__C"": 16.0, ""model__gamma"": 0.02, ""pca__n_components"": 96}",stage3_local_cv,1,0.803125,6.484
stage3_441,stage3_seed_1,"{""model__C"": 16.0, ""model__gamma"": 0.02, ""pca__n_components"": 96}",96,16.0,0.02,"{""model__C"": 16.0, ""model__gamma"": 0.02, ""pca__n_components"": 96}",stage3_local_cv,2,0.79,5.05
stage3_441,stage3_seed_1,"{""model__C"": 16.0, ""model__gamma"": 0.02, ""pca__n_components"": 96}",96,16.0,0.02,"{""model__C"": 16.0, ""model__gamma"": 0.02, ""pca__n_components"": 96}",stage3_local_cv,3,0.791875,4.372
stage3_441,stage3_seed_1,"{""model__C"": 16.0, ""model__gamma"": 0.02, ""pca__n_components"": 96}",96,16.0,0.02,"{""model__C"": 16.0, ""model__gamma"": 0.02, ""pca__n_components"": 96}",stage3_local_cv,4,0.7925,5.797
stage3_442,stage3_seed_1,"{""model__C"": 24.0, ""model__gamma"": ""scale"", ""pca__n_components"": 96}",96,24.0,scale,"{""model__C"": 24.0, ""model__gamma"": ""scale"", ""pca__n_components"": 96}",stage3_local_cv,0,0.801875,6.254
stage3_442,stage3_seed_1,"{""model__C"": 24.0, ""model__gamma"": ""scale"", ""pca__n_components"": 96}",96,24.0,scale,"{""model__C"": 24.0, ""model__gamma"": ""scale"", ""pca__n_components"": 96}",stage3_local_cv,1,0.8025,5.206
stage3_442,stage3_seed_1,"{""model__C"": 24.0, ""model__gamma"": ""scale"", ""pca__n_components"": 96}",96,24.0,scale,"{""model__C"": 24.0, ""model__gamma"": ""scale"", ""pca__n_components"": 96}",stage3_local_cv,2,0.790625,5.606
stage3_442,stage3_seed_1,"{""model__C"": 24.0, ""model__gamma"": ""scale"", ""pca__n_components"": 96}",96,24.0,scale,"{""model__C"": 24.0, ""model__gamma"": ""scale"", ""pca__n_components"": 96}",stage3_local_cv,3,0.796875,6.376
stage3_442,stage3_seed_1,"{""model__C"": 24.0, ""model__gamma"": ""scale"", ""pca__n_components"": 96}",96,24.0,scale,"{""model__C"": 24.0, ""model__gamma"": ""scale"", ""pca__n_components"": 96}",stage3_local_cv,4,0.7875,5.3
stage3_443,stage3_seed_1,"{""model__C"": 24.0, ""model__gamma"": 0.001, ""pca__n_components"": 96}",96,24.0,0.001,"{""model__C"": 24.0, ""model__gamma"": 0.001, ""pca__n_components"": 96}",stage3_local_cv,0,0.756875,4.686
stage3_443,stage3_seed_1,"{""model__C"": 24.0, ""model__gamma"": 0.001, ""pca__n_components"": 96}",96,24.0,0.001,"{""model__C"": 24.0, ""model__gamma"": 0.001, ""pca__n_components"": 96}",stage3_local_cv,1,0.74,5.274
stage3_443,stage3_seed_1,"{""model__C"": 24.0, ""model__gamma"": 0.001, ""pca__n_components"": 96}",96,24.0,0.001,"{""model__C"": 24.0, ""model__gamma"": 0.001, ""pca__n_components"": 96}",stage3_local_cv,2,0.741875,5.739
stage3_443,stage3_seed_1,"{""model__C"": 24.0, ""model__gamma"": 0.001, ""pca__n_components"": 96}",96,24.0,0.001,"{""model__C"": 24.0, ""model__gamma"": 0.001, ""pca__n_components"": 96}",stage3_local_cv,3,0.756875,4.711
stage3_443,stage3_seed_1,"{""model__C"": 24.0, ""model__gamma"": 0.001, ""pca__n_components"": 96}",96,24.0,0.001,"{""model__C"": 24.0, ""model__gamma"": 0.001, ""pca__n_components"": 96}",stage3_local_cv,4,0.733125,4.633
stage3_444,stage3_seed_1,"{""model__C"": 24.0, ""model__gamma"": 0.0025, ""pca__n_components"": 96}",96,24.0,0.0025,"{""model__C"": 24.0, ""model__gamma"": 0.0025, ""pca__n_components"": 96}",stage3_local_cv,0,0.804375,7.214
stage3_444,stage3_seed_1,"{""model__C"": 24.0, ""model__gamma"": 0.0025, ""pca__n_components"": 96}",96,24.0,0.0025,"{""model__C"": 24.0, ""model__gamma"": 0.0025, ""pca__n_components"": 96}",stage3_local_cv,1,0.78875,6.729
stage3_444,stage3_seed_1,"{""model__C"": 24.0, ""model__gamma"": 0.0025, ""pca__n_components"": 96}",96,24.0,0.0025,"{""model__C"": 24.0, ""model__gamma"": 0.0025, ""pca__n_components"": 96}",stage3_local_cv,2,0.79375,5.973
stage3_444,stage3_seed_1,"{""model__C"": 24.0, ""model__gamma"": 0.0025, ""pca__n_components"": 96}",96,24.0,0.0025,"{""model__C"": 24.0, ""model__gamma"": 0.0025, ""pca__n_components"": 96}",stage3_local_cv,3,0.79625,6.91
stage3_444,stage3_seed_1,"{""model__C"": 24.0, ""model__gamma"": 0.0025, ""pca__n_components"": 96}",96,24.0,0.0025,"{""model__C"": 24.0, ""model__gamma"": 0.0025, ""pca__n_components"": 96}",stage3_local_cv,4,0.785625,7.142
stage3_445,stage3_seed_1,"{""model__C"": 24.0, ""model__gamma"": 0.005, ""pca__n_components"": 96}",96,24.0,0.005,"{""model__C"": 24.0, ""model__gamma"": 0.005, ""pca__n_components"": 96}",stage3_local_cv,0,0.80125,5.345
stage3_445,stage3_seed_1,"{""model__C"": 24.0, ""model__gamma"": 0.005, ""pca__n_components"": 96}",96,24.0,0.005,"{""model__C"": 24.0, ""model__gamma"": 0.005, ""pca__n_components"": 96}",stage3_local_cv,1,0.805,5.146
stage3_445,stage3_seed_1,"{""model__C"": 24.0, ""model__gamma"": 0.005, ""pca__n_components"": 96}",96,24.0,0.005,"{""model__C"": 24.0, ""model__gamma"": 0.005, ""pca__n_components"": 96}",stage3_local_cv,2,0.795625,6.606
stage3_445,stage3_seed_1,"{""model__C"": 24.0, ""model__gamma"": 0.005, ""pca__n_components"": 96}",96,24.0,0.005,"{""model__C"": 24.0, ""model__gamma"": 0.005, ""pca__n_components"": 96}",stage3_local_cv,3,0.785,5.668
stage3_445,stage3_seed_1,"{""model__C"": 24.0, ""model__gamma"": 0.005, ""pca__n_components"": 96}",96,24.0,0.005,"{""model__C"": 24.0, ""model__gamma"": 0.005, ""pca__n_components"": 96}",stage3_local_cv,4,0.7875,5.18
stage3_446,stage3_seed_1,"{""model__C"": 24.0, ""model__gamma"": 0.01, ""pca__n_components"": 96}",96,24.0,0.01,"{""model__C"": 24.0, ""model__gamma"": 0.01, ""pca__n_components"": 96}",stage3_local_cv,0,0.795,6.128
stage3_446,stage3_seed_1,"{""model__C"": 24.0, ""model__gamma"": 0.01, ""pca__n_components"": 96}",96,24.0,0.01,"{""model__C"": 24.0, ""model__gamma"": 0.01, ""pca__n_components"": 96}",stage3_local_cv,1,0.791875,5.918
stage3_446,stage3_seed_1,"{""model__C"": 24.0, ""model__gamma"": 0.01, ""pca__n_components"": 96}",96,24.0,0.01,"{""model__C"": 24.0, ""model__gamma"": 0.01, ""pca__n_components"": 96}",stage3_local_cv,2,0.805,4.609
stage3_446,stage3_seed_1,"{""model__C"": 24.0, ""model__gamma"": 0.01, ""pca__n_components"": 96}",96,24.0,0.01,"{""model__C"": 24.0, ""model__gamma"": 0.01, ""pca__n_components"": 96}",stage3_local_cv,3,0.79375,5.95
stage3_446,stage3_seed_1,"{""model__C"": 24.0, ""model__gamma"": 0.01, ""pca__n_components"": 96}",96,24.0,0.01,"{""model__C"": 24.0, ""model__gamma"": 0.01, ""pca__n_components"": 96}",stage3_local_cv,4,0.796875,5.861
stage3_447,stage3_seed_1,"{""model__C"": 24.0, ""model__gamma"": 0.02, ""pca__n_components"": 96}",96,24.0,0.02,"{""model__C"": 24.0, ""model__gamma"": 0.02, ""pca__n_components"": 96}",stage3_local_cv,0,0.790625,4.634
stage3_447,stage3_seed_1,"{""model__C"": 24.0, ""model__gamma"": 0.02, ""pca__n_components"": 96}",96,24.0,0.02,"{""model__C"": 24.0, ""model__gamma"": 0.02, ""pca__n_components"": 96}",stage3_local_cv,1,0.799375,4.657
stage3_447,stage3_seed_1,"{""model__C"": 24.0, ""model__gamma"": 0.02, ""pca__n_components"": 96}",96,24.0,0.02,"{""model__C"": 24.0, ""model__gamma"": 0.02, ""pca__n_components"": 96}",stage3_local_cv,2,0.788125,4.387
stage3_447,stage3_seed_1,"{""model__C"": 24.0, ""model__gamma"": 0.02, ""pca__n_components"": 96}",96,24.0,0.02,"{""model__C"": 24.0, ""model__gamma"": 0.02, ""pca__n_components"": 96}",stage3_local_cv,3,0.7925,4.434
stage3_447,stage3_seed_1,"{""model__C"": 24.0, ""model__gamma"": 0.02, ""pca__n_components"": 96}",96,24.0,0.02,"{""model__C"": 24.0, ""model__gamma"": 0.02, ""pca__n_components"": 96}",stage3_local_cv,4,0.785625,4.52
stage3_448,stage3_seed_1,"{""model__C"": 4.0, ""model__gamma"": ""scale"", ""pca__n_components"": 100}",100,4.0,scale,"{""model__C"": 4.0, ""model__gamma"": ""scale"", ""pca__n_components"": 100}",stage3_local_cv,0,0.7975,5.088
stage3_448,stage3_seed_1,"{""model__C"": 4.0, ""model__gamma"": ""scale"", ""pca__n_components"": 100}",100,4.0,scale,"{""model__C"": 4.0, ""model__gamma"": ""scale"", ""pca__n_components"": 100}",stage3_local_cv,1,0.785,5.859
stage3_448,stage3_seed_1,"{""model__C"": 4.0, ""model__gamma"": ""scale"", ""pca__n_components"": 100}",100,4.0,scale,"{""model__C"": 4.0, ""model__gamma"": ""scale"", ""pca__n_components"": 100}",stage3_local_cv,2,0.78125,5.893
stage3_448,stage3_seed_1,"{""model__C"": 4.0, ""model__gamma"": ""scale"", ""pca__n_components"": 100}",100,4.0,scale,"{""model__C"": 4.0, ""model__gamma"": ""scale"", ""pca__n_components"": 100}",stage3_local_cv,3,0.788125,4.701
stage3_448,stage3_seed_1,"{""model__C"": 4.0, ""model__gamma"": ""scale"", ""pca__n_components"": 100}",100,4.0,scale,"{""model__C"": 4.0, ""model__gamma"": ""scale"", ""pca__n_components"": 100}",stage3_local_cv,4,0.77875,5.424
stage3_449,stage3_seed_1,"{""model__C"": 4.0, ""model__gamma"": 0.001, ""pca__n_components"": 100}",100,4.0,0.001,"{""model__C"": 4.0, ""model__gamma"": 0.001, ""pca__n_components"": 100}",stage3_local_cv,0,0.716875,4.959
stage3_449,stage3_seed_1,"{""model__C"": 4.0, ""model__gamma"": 0.001, ""pca__n_components"": 100}",100,4.0,0.001,"{""model__C"": 4.0, ""model__gamma"": 0.001, ""pca__n_components"": 100}",stage3_local_cv,1,0.700625,3.918
stage3_449,stage3_seed_1,"{""model__C"": 4.0, ""model__gamma"": 0.001, ""pca__n_components"": 100}",100,4.0,0.001,"{""model__C"": 4.0, ""model__gamma"": 0.001, ""pca__n_components"": 100}",stage3_local_cv,2,0.69,3.828
stage3_449,stage3_seed_1,"{""model__C"": 4.0, ""model__gamma"": 0.001, ""pca__n_components"": 100}",100,4.0,0.001,"{""model__C"": 4.0, ""model__gamma"": 0.001, ""pca__n_components"": 100}",stage3_local_cv,3,0.7225,5.233
stage3_449,stage3_seed_1,"{""model__C"": 4.0, ""model__gamma"": 0.001, ""pca__n_components"": 100}",100,4.0,0.001,"{""model__C"": 4.0, ""model__gamma"": 0.001, ""pca__n_components"": 100}",stage3_local_cv,4,0.700625,4.321
stage3_450,stage3_seed_1,"{""model__C"": 4.0, ""model__gamma"": 0.0025, ""pca__n_components"": 100}",100,4.0,0.0025,"{""model__C"": 4.0, ""model__gamma"": 0.0025, ""pca__n_components"": 100}",stage3_local_cv,0,0.754375,4.283
stage3_450,stage3_seed_1,"{""model__C"": 4.0, ""model__gamma"": 0.0025, ""pca__n_components"": 100}",100,4.0,0.0025,"{""model__C"": 4.0, ""model__gamma"": 0.0025, ""pca__n_components"": 100}",stage3_local_cv,1,0.7425,4.081
stage3_450,stage3_seed_1,"{""model__C"": 4.0, ""model__gamma"": 0.0025, ""pca__n_components"": 100}",100,4.0,0.0025,"{""model__C"": 4.0, ""model__gamma"": 0.0025, ""pca__n_components"": 100}",stage3_local_cv,2,0.735625,4.916
stage3_450,stage3_seed_1,"{""model__C"": 4.0, ""model__gamma"": 0.0025, ""pca__n_components"": 100}",100,4.0,0.0025,"{""model__C"": 4.0, ""model__gamma"": 0.0025, ""pca__n_components"": 100}",stage3_local_cv,3,0.75375,4.253
stage3_450,stage3_seed_1,"{""model__C"": 4.0, ""model__gamma"": 0.0025, ""pca__n_components"": 100}",100,4.0,0.0025,"{""model__C"": 4.0, ""model__gamma"": 0.0025, ""pca__n_components"": 100}",stage3_local_cv,4,0.735,4.145
stage3_451,stage3_seed_1,"{""model__C"": 4.0, ""model__gamma"": 0.005, ""pca__n_components"": 100}",100,4.0,0.005,"{""model__C"": 4.0, ""model__gamma"": 0.005, ""pca__n_components"": 100}",stage3_local_cv,0,0.795625,6.046
stage3_451,stage3_seed_1,"{""model__C"": 4.0, ""model__gamma"": 0.005, ""pca__n_components"": 100}",100,4.0,0.005,"{""model__C"": 4.0, ""model__gamma"": 0.005, ""pca__n_components"": 100}",stage3_local_cv,1,0.784375,5.673
stage3_451,stage3_seed_1,"{""model__C"": 4.0, ""model__gamma"": 0.005, ""pca__n_components"": 100}",100,4.0,0.005,"{""model__C"": 4.0, ""model__gamma"": 0.005, ""pca__n_components"": 100}",stage3_local_cv,2,0.78,5.27
stage3_451,stage3_seed_1,"{""model__C"": 4.0, ""model__gamma"": 0.005, ""pca__n_components"": 100}",100,4.0,0.005,"{""model__C"": 4.0, ""model__gamma"": 0.005, ""pca__n_components"": 100}",stage3_local_cv,3,0.78875,5.656
stage3_451,stage3_seed_1,"{""model__C"": 4.0, ""model__gamma"": 0.005, ""pca__n_components"": 100}",100,4.0,0.005,"{""model__C"": 4.0, ""model__gamma"": 0.005, ""pca__n_components"": 100}",stage3_local_cv,4,0.774375,5.793
stage3_452,stage3_seed_1,"{""model__C"": 4.0, ""model__gamma"": 0.01, ""pca__n_components"": 100}",100,4.0,0.01,"{""model__C"": 4.0, ""model__gamma"": 0.01, ""pca__n_components"": 100}",stage3_local_cv,0,0.8125,5.134
stage3_452,stage3_seed_1,"{""model__C"": 4.0, ""model__gamma"": 0.01, ""pca__n_components"": 100}",100,4.0,0.01,"{""model__C"": 4.0, ""model__gamma"": 0.01, ""pca__n_components"": 100}",stage3_local_cv,1,0.801875,4.782
stage3_452,stage3_seed_1,"{""model__C"": 4.0, ""model__gamma"": 0.01, ""pca__n_components"": 100}",100,4.0,0.01,"{""model__C"": 4.0, ""model__gamma"": 0.01, ""pca__n_components"": 100}",stage3_local_cv,2,0.80875,4.756
stage3_452,stage3_seed_1,"{""model__C"": 4.0, ""model__gamma"": 0.01, ""pca__n_components"": 100}",100,4.0,0.01,"{""model__C"": 4.0, ""model__gamma"": 0.01, ""pca__n_components"": 100}",stage3_local_cv,3,0.804375,5.353
stage3_452,stage3_seed_1,"{""model__C"": 4.0, ""model__gamma"": 0.01, ""pca__n_components"": 100}",100,4.0,0.01,"{""model__C"": 4.0, ""model__gamma"": 0.01, ""pca__n_components"": 100}",stage3_local_cv,4,0.8075,4.718
stage3_453,stage3_seed_1,"{""model__C"": 4.0, ""model__gamma"": 0.02, ""pca__n_components"": 100}",100,4.0,0.02,"{""model__C"": 4.0, ""model__gamma"": 0.02, ""pca__n_components"": 100}",stage3_local_cv,0,0.806875,4.901
stage3_453,stage3_seed_1,"{""model__C"": 4.0, ""model__gamma"": 0.02, ""pca__n_components"": 100}",100,4.0,0.02,"{""model__C"": 4.0, ""model__gamma"": 0.02, ""pca__n_components"": 100}",stage3_local_cv,1,0.809375,4.642
stage3_453,stage3_seed_1,"{""model__C"": 4.0, ""model__gamma"": 0.02, ""pca__n_components"": 100}",100,4.0,0.02,"{""model__C"": 4.0, ""model__gamma"": 0.02, ""pca__n_components"": 100}",stage3_local_cv,2,0.79625,6.04
stage3_453,stage3_seed_1,"{""model__C"": 4.0, ""model__gamma"": 0.02, ""pca__n_components"": 100}",100,4.0,0.02,"{""model__C"": 4.0, ""model__gamma"": 0.02, ""pca__n_components"": 100}",stage3_local_cv,3,0.8025,4.779
stage3_453,stage3_seed_1,"{""model__C"": 4.0, ""model__gamma"": 0.02, ""pca__n_components"": 100}",100,4.0,0.02,"{""model__C"": 4.0, ""model__gamma"": 0.02, ""pca__n_components"": 100}",stage3_local_cv,4,0.799375,4.607
stage3_454,stage3_seed_1,"{""model__C"": 6.0, ""model__gamma"": ""scale"", ""pca__n_components"": 100}",100,6.0,scale,"{""model__C"": 6.0, ""model__gamma"": ""scale"", ""pca__n_components"": 100}",stage3_local_cv,0,0.8075,6.623
stage3_454,stage3_seed_1,"{""model__C"": 6.0, ""model__gamma"": ""scale"", ""pca__n_components"": 100}",100,6.0,scale,"{""model__C"": 6.0, ""model__gamma"": ""scale"", ""pca__n_components"": 100}",stage3_local_cv,1,0.7975,7.026
stage3_454,stage3_seed_1,"{""model__C"": 6.0, ""model__gamma"": ""scale"", ""pca__n_components"": 100}",100,6.0,scale,"{""model__C"": 6.0, ""model__gamma"": ""scale"", ""pca__n_components"": 100}",stage3_local_cv,2,0.798125,5.527
stage3_454,stage3_seed_1,"{""model__C"": 6.0, ""model__gamma"": ""scale"", ""pca__n_components"": 100}",100,6.0,scale,"{""model__C"": 6.0, ""model__gamma"": ""scale"", ""pca__n_components"": 100}",stage3_local_cv,3,0.7975,6.717
stage3_454,stage3_seed_1,"{""model__C"": 6.0, ""model__gamma"": ""scale"", ""pca__n_components"": 100}",100,6.0,scale,"{""model__C"": 6.0, ""model__gamma"": ""scale"", ""pca__n_components"": 100}",stage3_local_cv,4,0.79625,6.397
stage3_455,stage3_seed_1,"{""model__C"": 6.0, ""model__gamma"": 0.001, ""pca__n_components"": 100}",100,6.0,0.001,"{""model__C"": 6.0, ""model__gamma"": 0.001, ""pca__n_components"": 100}",stage3_local_cv,0,0.725,4.103
stage3_455,stage3_seed_1,"{""model__C"": 6.0, ""model__gamma"": 0.001, ""pca__n_components"": 100}",100,6.0,0.001,"{""model__C"": 6.0, ""model__gamma"": 0.001, ""pca__n_components"": 100}",stage3_local_cv,1,0.705625,4.025
stage3_455,stage3_seed_1,"{""model__C"": 6.0, ""model__gamma"": 0.001, ""pca__n_components"": 100}",100,6.0,0.001,"{""model__C"": 6.0, ""model__gamma"": 0.001, ""pca__n_components"": 100}",stage3_local_cv,2,0.69875,4.563
stage3_455,stage3_seed_1,"{""model__C"": 6.0, ""model__gamma"": 0.001, ""pca__n_components"": 100}",100,6.0,0.001,"{""model__C"": 6.0, ""model__gamma"": 0.001, ""pca__n_components"": 100}",stage3_local_cv,3,0.729375,4.148
stage3_455,stage3_seed_1,"{""model__C"": 6.0, ""model__gamma"": 0.001, ""pca__n_components"": 100}",100,6.0,0.001,"{""model__C"": 6.0, ""model__gamma"": 0.001, ""pca__n_components"": 100}",stage3_local_cv,4,0.706875,4.015
stage3_456,stage3_seed_1,"{""model__C"": 6.0, ""model__gamma"": 0.0025, ""pca__n_components"": 100}",100,6.0,0.0025,"{""model__C"": 6.0, ""model__gamma"": 0.0025, ""pca__n_components"": 100}",stage3_local_cv,0,0.765625,5.777
stage3_456,stage3_seed_1,"{""model__C"": 6.0, ""model__gamma"": 0.0025, ""pca__n_components"": 100}",100,6.0,0.0025,"{""model__C"": 6.0, ""model__gamma"": 0.0025, ""pca__n_components"": 100}",stage3_local_cv,1,0.7525,5.734
stage3_456,stage3_seed_1,"{""model__C"": 6.0, ""model__gamma"": 0.0025, ""pca__n_components"": 100}",100,6.0,0.0025,"{""model__C"": 6.0, ""model__gamma"": 0.0025, ""pca__n_components"": 100}",stage3_local_cv,2,0.75625,5.188
stage3_456,stage3_seed_1,"{""model__C"": 6.0, ""model__gamma"": 0.0025, ""pca__n_components"": 100}",100,6.0,0.0025,"{""model__C"": 6.0, ""model__gamma"": 0.0025, ""pca__n_components"": 100}",stage3_local_cv,3,0.761875,5.77
stage3_456,stage3_seed_1,"{""model__C"": 6.0, ""model__gamma"": 0.0025, ""pca__n_components"": 100}",100,6.0,0.0025,"{""model__C"": 6.0, ""model__gamma"": 0.0025, ""pca__n_components"": 100}",stage3_local_cv,4,0.74625,5.647
stage3_457,stage3_seed_1,"{""model__C"": 6.0, ""model__gamma"": 0.005, ""pca__n_components"": 100}",100,6.0,0.005,"{""model__C"": 6.0, ""model__gamma"": 0.005, ""pca__n_components"": 100}",stage3_local_cv,0,0.80875,5.854
stage3_457,stage3_seed_1,"{""model__C"": 6.0, ""model__gamma"": 0.005, ""pca__n_components"": 100}",100,6.0,0.005,"{""model__C"": 6.0, ""model__gamma"": 0.005, ""pca__n_components"": 100}",stage3_local_cv,1,0.7975,5.183
stage3_457,stage3_seed_1,"{""model__C"": 6.0, ""model__gamma"": 0.005, ""pca__n_components"": 100}",100,6.0,0.005,"{""model__C"": 6.0, ""model__gamma"": 0.005, ""pca__n_components"": 100}",stage3_local_cv,2,0.795625,5.488
stage3_457,stage3_seed_1,"{""model__C"": 6.0, ""model__gamma"": 0.005, ""pca__n_components"": 100}",100,6.0,0.005,"{""model__C"": 6.0, ""model__gamma"": 0.005, ""pca__n_components"": 100}",stage3_local_cv,3,0.79625,5.765
stage3_457,stage3_seed_1,"{""model__C"": 6.0, ""model__gamma"": 0.005, ""pca__n_components"": 100}",100,6.0,0.005,"{""model__C"": 6.0, ""model__gamma"": 0.005, ""pca__n_components"": 100}",stage3_local_cv,4,0.795,5.301
stage3_458,stage3_seed_1,"{""model__C"": 6.0, ""model__gamma"": 0.01, ""pca__n_components"": 100}",100,6.0,0.01,"{""model__C"": 6.0, ""model__gamma"": 0.01, ""pca__n_components"": 100}",stage3_local_cv,0,0.80875,5.677
stage3_458,stage3_seed_1,"{""model__C"": 6.0, ""model__gamma"": 0.01, ""pca__n_components"": 100}",100,6.0,0.01,"{""model__C"": 6.0, ""model__gamma"": 0.01, ""pca__n_components"": 100}",stage3_local_cv,1,0.8025,4.88
stage3_458,stage3_seed_1,"{""model__C"": 6.0, ""model__gamma"": 0.01, ""pca__n_components"": 100}",100,6.0,0.01,"{""model__C"": 6.0, ""model__gamma"": 0.01, ""pca__n_components"": 100}",stage3_local_cv,2,0.816875,6.139
stage3_458,stage3_seed_1,"{""model__C"": 6.0, ""model__gamma"": 0.01, ""pca__n_components"": 100}",100,6.0,0.01,"{""model__C"": 6.0, ""model__gamma"": 0.01, ""pca__n_components"": 100}",stage3_local_cv,3,0.808125,5.401
stage3_458,stage3_seed_1,"{""model__C"": 6.0, ""model__gamma"": 0.01, ""pca__n_components"": 100}",100,6.0,0.01,"{""model__C"": 6.0, ""model__gamma"": 0.01, ""pca__n_components"": 100}",stage3_local_cv,4,0.8025,5.229
stage3_459,stage3_seed_1,"{""model__C"": 6.0, ""model__gamma"": 0.02, ""pca__n_components"": 100}",100,6.0,0.02,"{""model__C"": 6.0, ""model__gamma"": 0.02, ""pca__n_components"": 100}",stage3_local_cv,0,0.800625,5.538
stage3_459,stage3_seed_1,"{""model__C"": 6.0, ""model__gamma"": 0.02, ""pca__n_components"": 100}",100,6.0,0.02,"{""model__C"": 6.0, ""model__gamma"": 0.02, ""pca__n_components"": 100}",stage3_local_cv,1,0.80875,5.98
stage3_459,stage3_seed_1,"{""model__C"": 6.0, ""model__gamma"": 0.02, ""pca__n_components"": 100}",100,6.0,0.02,"{""model__C"": 6.0, ""model__gamma"": 0.02, ""pca__n_components"": 100}",stage3_local_cv,2,0.79625,4.713
stage3_459,stage3_seed_1,"{""model__C"": 6.0, ""model__gamma"": 0.02, ""pca__n_components"": 100}",100,6.0,0.02,"{""model__C"": 6.0, ""model__gamma"": 0.02, ""pca__n_components"": 100}",stage3_local_cv,3,0.801875,5.521
stage3_459,stage3_seed_1,"{""model__C"": 6.0, ""model__gamma"": 0.02, ""pca__n_components"": 100}",100,6.0,0.02,"{""model__C"": 6.0, ""model__gamma"": 0.02, ""pca__n_components"": 100}",stage3_local_cv,4,0.796875,5.777
stage3_460,stage3_seed_1,"{""model__C"": 8.0, ""model__gamma"": ""scale"", ""pca__n_components"": 100}",100,8.0,scale,"{""model__C"": 8.0, ""model__gamma"": ""scale"", ""pca__n_components"": 100}",stage3_local_cv,0,0.80875,5.319
stage3_460,stage3_seed_1,"{""model__C"": 8.0, ""model__gamma"": ""scale"", ""pca__n_components"": 100}",100,8.0,scale,"{""model__C"": 8.0, ""model__gamma"": ""scale"", ""pca__n_components"": 100}",stage3_local_cv,1,0.806875,5.225
stage3_460,stage3_seed_1,"{""model__C"": 8.0, ""model__gamma"": ""scale"", ""pca__n_components"": 100}",100,8.0,scale,"{""model__C"": 8.0, ""model__gamma"": ""scale"", ""pca__n_components"": 100}",stage3_local_cv,2,0.804375,6.641
stage3_460,stage3_seed_1,"{""model__C"": 8.0, ""model__gamma"": ""scale"", ""pca__n_components"": 100}",100,8.0,scale,"{""model__C"": 8.0, ""model__gamma"": ""scale"", ""pca__n_components"": 100}",stage3_local_cv,3,0.7975,5.777
stage3_460,stage3_seed_1,"{""model__C"": 8.0, ""model__gamma"": ""scale"", ""pca__n_components"": 100}",100,8.0,scale,"{""model__C"": 8.0, ""model__gamma"": ""scale"", ""pca__n_components"": 100}",stage3_local_cv,4,0.800625,5.169
stage3_461,stage3_seed_1,"{""model__C"": 8.0, ""model__gamma"": 0.001, ""pca__n_components"": 100}",100,8.0,0.001,"{""model__C"": 8.0, ""model__gamma"": 0.001, ""pca__n_components"": 100}",stage3_local_cv,0,0.729375,5.354
stage3_461,stage3_seed_1,"{""model__C"": 8.0, ""model__gamma"": 0.001, ""pca__n_components"": 100}",100,8.0,0.001,"{""model__C"": 8.0, ""model__gamma"": 0.001, ""pca__n_components"": 100}",stage3_local_cv,1,0.70875,5.22
stage3_461,stage3_seed_1,"{""model__C"": 8.0, ""model__gamma"": 0.001, ""pca__n_components"": 100}",100,8.0,0.001,"{""model__C"": 8.0, ""model__gamma"": 0.001, ""pca__n_components"": 100}",stage3_local_cv,2,0.700625,4.237
stage3_461,stage3_seed_1,"{""model__C"": 8.0, ""model__gamma"": 0.001, ""pca__n_components"": 100}",100,8.0,0.001,"{""model__C"": 8.0, ""model__gamma"": 0.001, ""pca__n_components"": 100}",stage3_local_cv,3,0.73625,5.371
stage3_461,stage3_seed_1,"{""model__C"": 8.0, ""model__gamma"": 0.001, ""pca__n_components"": 100}",100,8.0,0.001,"{""model__C"": 8.0, ""model__gamma"": 0.001, ""pca__n_components"": 100}",stage3_local_cv,4,0.715,5.182
stage3_462,stage3_seed_1,"{""model__C"": 8.0, ""model__gamma"": 0.0025, ""pca__n_components"": 100}",100,8.0,0.0025,"{""model__C"": 8.0, ""model__gamma"": 0.0025, ""pca__n_components"": 100}",stage3_local_cv,0,0.7775,4.673
stage3_462,stage3_seed_1,"{""model__C"": 8.0, ""model__gamma"": 0.0025, ""pca__n_components"": 100}",100,8.0,0.0025,"{""model__C"": 8.0, ""model__gamma"": 0.0025, ""pca__n_components"": 100}",stage3_local_cv,1,0.765625,4.519
stage3_462,stage3_seed_1,"{""model__C"": 8.0, ""model__gamma"": 0.0025, ""pca__n_components"": 100}",100,8.0,0.0025,"{""model__C"": 8.0, ""model__gamma"": 0.0025, ""pca__n_components"": 100}",stage3_local_cv,2,0.766875,4.509
stage3_462,stage3_seed_1,"{""model__C"": 8.0, ""model__gamma"": 0.0025, ""pca__n_components"": 100}",100,8.0,0.0025,"{""model__C"": 8.0, ""model__gamma"": 0.0025, ""pca__n_components"": 100}",stage3_local_cv,3,0.765625,4.637
stage3_462,stage3_seed_1,"{""model__C"": 8.0, ""model__gamma"": 0.0025, ""pca__n_components"": 100}",100,8.0,0.0025,"{""model__C"": 8.0, ""model__gamma"": 0.0025, ""pca__n_components"": 100}",stage3_local_cv,4,0.759375,4.528
stage3_463,stage3_seed_1,"{""model__C"": 8.0, ""model__gamma"": 0.005, ""pca__n_components"": 100}",100,8.0,0.005,"{""model__C"": 8.0, ""model__gamma"": 0.005, ""pca__n_components"": 100}",stage3_local_cv,0,0.805625,7.171
stage3_463,stage3_seed_1,"{""model__C"": 8.0, ""model__gamma"": 0.005, ""pca__n_components"": 100}",100,8.0,0.005,"{""model__C"": 8.0, ""model__gamma"": 0.005, ""pca__n_components"": 100}",stage3_local_cv,1,0.80875,6.139
stage3_463,stage3_seed_1,"{""model__C"": 8.0, ""model__gamma"": 0.005, ""pca__n_components"": 100}",100,8.0,0.005,"{""model__C"": 8.0, ""model__gamma"": 0.005, ""pca__n_components"": 100}",stage3_local_cv,2,0.801875,6.498
stage3_463,stage3_seed_1,"{""model__C"": 8.0, ""model__gamma"": 0.005, ""pca__n_components"": 100}",100,8.0,0.005,"{""model__C"": 8.0, ""model__gamma"": 0.005, ""pca__n_components"": 100}",stage3_local_cv,3,0.796875,6.674
stage3_463,stage3_seed_1,"{""model__C"": 8.0, ""model__gamma"": 0.005, ""pca__n_components"": 100}",100,8.0,0.005,"{""model__C"": 8.0, ""model__gamma"": 0.005, ""pca__n_components"": 100}",stage3_local_cv,4,0.800625,6.364
stage3_464,stage3_seed_1,"{""model__C"": 8.0, ""model__gamma"": 0.01, ""pca__n_components"": 100}",100,8.0,0.01,"{""model__C"": 8.0, ""model__gamma"": 0.01, ""pca__n_components"": 100}",stage3_local_cv,0,0.809375,5.089
stage3_464,stage3_seed_1,"{""model__C"": 8.0, ""model__gamma"": 0.01, ""pca__n_components"": 100}",100,8.0,0.01,"{""model__C"": 8.0, ""model__gamma"": 0.01, ""pca__n_components"": 100}",stage3_local_cv,1,0.80375,5.825
stage3_464,stage3_seed_1,"{""model__C"": 8.0, ""model__gamma"": 0.01, ""pca__n_components"": 100}",100,8.0,0.01,"{""model__C"": 8.0, ""model__gamma"": 0.01, ""pca__n_components"": 100}",stage3_local_cv,2,0.815,4.714
stage3_464,stage3_seed_1,"{""model__C"": 8.0, ""model__gamma"": 0.01, ""pca__n_components"": 100}",100,8.0,0.01,"{""model__C"": 8.0, ""model__gamma"": 0.01, ""pca__n_components"": 100}",stage3_local_cv,3,0.80375,4.916
stage3_464,stage3_seed_1,"{""model__C"": 8.0, ""model__gamma"": 0.01, ""pca__n_components"": 100}",100,8.0,0.01,"{""model__C"": 8.0, ""model__gamma"": 0.01, ""pca__n_components"": 100}",stage3_local_cv,4,0.803125,5.453
stage3_465,stage3_seed_1,"{""model__C"": 8.0, ""model__gamma"": 0.02, ""pca__n_components"": 100}",100,8.0,0.02,"{""model__C"": 8.0, ""model__gamma"": 0.02, ""pca__n_components"": 100}",stage3_local_cv,0,0.798125,4.734
stage3_465,stage3_seed_1,"{""model__C"": 8.0, ""model__gamma"": 0.02, ""pca__n_components"": 100}",100,8.0,0.02,"{""model__C"": 8.0, ""model__gamma"": 0.02, ""pca__n_components"": 100}",stage3_local_cv,1,0.806875,4.71
stage3_465,stage3_seed_1,"{""model__C"": 8.0, ""model__gamma"": 0.02, ""pca__n_components"": 100}",100,8.0,0.02,"{""model__C"": 8.0, ""model__gamma"": 0.02, ""pca__n_components"": 100}",stage3_local_cv,2,0.7975,6.072
stage3_465,stage3_seed_1,"{""model__C"": 8.0, ""model__gamma"": 0.02, ""pca__n_components"": 100}",100,8.0,0.02,"{""model__C"": 8.0, ""model__gamma"": 0.02, ""pca__n_components"": 100}",stage3_local_cv,3,0.799375,4.762
stage3_465,stage3_seed_1,"{""model__C"": 8.0, ""model__gamma"": 0.02, ""pca__n_components"": 100}",100,8.0,0.02,"{""model__C"": 8.0, ""model__gamma"": 0.02, ""pca__n_components"": 100}",stage3_local_cv,4,0.8,4.705
stage3_466,stage3_seed_1,"{""model__C"": 12.0, ""model__gamma"": ""scale"", ""pca__n_components"": 100}",100,12.0,scale,"{""model__C"": 12.0, ""model__gamma"": ""scale"", ""pca__n_components"": 100}",stage3_local_cv,0,0.80875,7.148
stage3_466,stage3_seed_1,"{""model__C"": 12.0, ""model__gamma"": ""scale"", ""pca__n_components"": 100}",100,12.0,scale,"{""model__C"": 12.0, ""model__gamma"": ""scale"", ""pca__n_components"": 100}",stage3_local_cv,1,0.811875,6.615
stage3_466,stage3_seed_1,"{""model__C"": 12.0, ""model__gamma"": ""scale"", ""pca__n_components"": 100}",100,12.0,scale,"{""model__C"": 12.0, ""model__gamma"": ""scale"", ""pca__n_components"": 100}",stage3_local_cv,2,0.805,5.425
stage3_466,stage3_seed_1,"{""model__C"": 12.0, ""model__gamma"": ""scale"", ""pca__n_components"": 100}",100,12.0,scale,"{""model__C"": 12.0, ""model__gamma"": ""scale"", ""pca__n_components"": 100}",stage3_local_cv,3,0.795625,6.698
stage3_466,stage3_seed_1,"{""model__C"": 12.0, ""model__gamma"": ""scale"", ""pca__n_components"": 100}",100,12.0,scale,"{""model__C"": 12.0, ""model__gamma"": ""scale"", ""pca__n_components"": 100}",stage3_local_cv,4,0.795,7.002
stage3_467,stage3_seed_1,"{""model__C"": 12.0, ""model__gamma"": 0.001, ""pca__n_components"": 100}",100,12.0,0.001,"{""model__C"": 12.0, ""model__gamma"": 0.001, ""pca__n_components"": 100}",stage3_local_cv,0,0.735625,4.42
stage3_467,stage3_seed_1,"{""model__C"": 12.0, ""model__gamma"": 0.001, ""pca__n_components"": 100}",100,12.0,0.001,"{""model__C"": 12.0, ""model__gamma"": 0.001, ""pca__n_components"": 100}",stage3_local_cv,1,0.7275,4.328
stage3_467,stage3_seed_1,"{""model__C"": 12.0, ""model__gamma"": 0.001, ""pca__n_components"": 100}",100,12.0,0.001,"{""model__C"": 12.0, ""model__gamma"": 0.001, ""pca__n_components"": 100}",stage3_local_cv,2,0.71375,4.399
stage3_467,stage3_seed_1,"{""model__C"": 12.0, ""model__gamma"": 0.001, ""pca__n_components"": 100}",100,12.0,0.001,"{""model__C"": 12.0, ""model__gamma"": 0.001, ""pca__n_components"": 100}",stage3_local_cv,3,0.74625,4.467
stage3_467,stage3_seed_1,"{""model__C"": 12.0, ""model__gamma"": 0.001, ""pca__n_components"": 100}",100,12.0,0.001,"{""model__C"": 12.0, ""model__gamma"": 0.001, ""pca__n_components"": 100}",stage3_local_cv,4,0.73,4.296
stage3_468,stage3_seed_1,"{""model__C"": 12.0, ""model__gamma"": 0.0025, ""pca__n_components"": 100}",100,12.0,0.0025,"{""model__C"": 12.0, ""model__gamma"": 0.0025, ""pca__n_components"": 100}",stage3_local_cv,0,0.794375,6.041
stage3_468,stage3_seed_1,"{""model__C"": 12.0, ""model__gamma"": 0.0025, ""pca__n_components"": 100}",100,12.0,0.0025,"{""model__C"": 12.0, ""model__gamma"": 0.0025, ""pca__n_components"": 100}",stage3_local_cv,1,0.778125,5.77
stage3_468,stage3_seed_1,"{""model__C"": 12.0, ""model__gamma"": 0.0025, ""pca__n_components"": 100}",100,12.0,0.0025,"{""model__C"": 12.0, ""model__gamma"": 0.0025, ""pca__n_components"": 100}",stage3_local_cv,2,0.775,6.128
stage3_468,stage3_seed_1,"{""model__C"": 12.0, ""model__gamma"": 0.0025, ""pca__n_components"": 100}",100,12.0,0.0025,"{""model__C"": 12.0, ""model__gamma"": 0.0025, ""pca__n_components"": 100}",stage3_local_cv,3,0.781875,5.945
stage3_468,stage3_seed_1,"{""model__C"": 12.0, ""model__gamma"": 0.0025, ""pca__n_components"": 100}",100,12.0,0.0025,"{""model__C"": 12.0, ""model__gamma"": 0.0025, ""pca__n_components"": 100}",stage3_local_cv,4,0.768125,6.271
stage3_469,stage3_seed_1,"{""model__C"": 12.0, ""model__gamma"": 0.005, ""pca__n_components"": 100}",100,12.0,0.005,"{""model__C"": 12.0, ""model__gamma"": 0.005, ""pca__n_components"": 100}",stage3_local_cv,0,0.806875,5.433
stage3_469,stage3_seed_1,"{""model__C"": 12.0, ""model__gamma"": 0.005, ""pca__n_components"": 100}",100,12.0,0.005,"{""model__C"": 12.0, ""model__gamma"": 0.005, ""pca__n_components"": 100}",stage3_local_cv,1,0.81125,6.436
stage3_469,stage3_seed_1,"{""model__C"": 12.0, ""model__gamma"": 0.005, ""pca__n_components"": 100}",100,12.0,0.005,"{""model__C"": 12.0, ""model__gamma"": 0.005, ""pca__n_components"": 100}",stage3_local_cv,2,0.804375,5.388
stage3_469,stage3_seed_1,"{""model__C"": 12.0, ""model__gamma"": 0.005, ""pca__n_components"": 100}",100,12.0,0.005,"{""model__C"": 12.0, ""model__gamma"": 0.005, ""pca__n_components"": 100}",stage3_local_cv,3,0.798125,5.878
stage3_469,stage3_seed_1,"{""model__C"": 12.0, ""model__gamma"": 0.005, ""pca__n_components"": 100}",100,12.0,0.005,"{""model__C"": 12.0, ""model__gamma"": 0.005, ""pca__n_components"": 100}",stage3_local_cv,4,0.7975,5.675
stage3_470,stage3_seed_1,"{""model__C"": 12.0, ""model__gamma"": 0.01, ""pca__n_components"": 100}",100,12.0,0.01,"{""model__C"": 12.0, ""model__gamma"": 0.01, ""pca__n_components"": 100}",stage3_local_cv,0,0.805,6.111
stage3_470,stage3_seed_1,"{""model__C"": 12.0, ""model__gamma"": 0.01, ""pca__n_components"": 100}",100,12.0,0.01,"{""model__C"": 12.0, ""model__gamma"": 0.01, ""pca__n_components"": 100}",stage3_local_cv,1,0.79875,5.147
stage3_470,stage3_seed_1,"{""model__C"": 12.0, ""model__gamma"": 0.01, ""pca__n_components"": 100}",100,12.0,0.01,"{""model__C"": 12.0, ""model__gamma"": 0.01, ""pca__n_components"": 100}",stage3_local_cv,2,0.8075,6.158
stage3_470,stage3_seed_1,"{""model__C"": 12.0, ""model__gamma"": 0.01, ""pca__n_components"": 100}",100,12.0,0.01,"{""model__C"": 12.0, ""model__gamma"": 0.01, ""pca__n_components"": 100}",stage3_local_cv,3,0.801875,6.432
stage3_470,stage3_seed_1,"{""model__C"": 12.0, ""model__gamma"": 0.01, ""pca__n_components"": 100}",100,12.0,0.01,"{""model__C"": 12.0, ""model__gamma"": 0.01, ""pca__n_components"": 100}",stage3_local_cv,4,0.806875,6.304
stage3_471,stage3_seed_1,"{""model__C"": 12.0, ""model__gamma"": 0.02, ""pca__n_components"": 100}",100,12.0,0.02,"{""model__C"": 12.0, ""model__gamma"": 0.02, ""pca__n_components"": 100}",stage3_local_cv,0,0.795,5.104
stage3_471,stage3_seed_1,"{""model__C"": 12.0, ""model__gamma"": 0.02, ""pca__n_components"": 100}",100,12.0,0.02,"{""model__C"": 12.0, ""model__gamma"": 0.02, ""pca__n_components"": 100}",stage3_local_cv,1,0.805,6.051
stage3_471,stage3_seed_1,"{""model__C"": 12.0, ""model__gamma"": 0.02, ""pca__n_components"": 100}",100,12.0,0.02,"{""model__C"": 12.0, ""model__gamma"": 0.02, ""pca__n_components"": 100}",stage3_local_cv,2,0.7975,4.678
stage3_471,stage3_seed_1,"{""model__C"": 12.0, ""model__gamma"": 0.02, ""pca__n_components"": 100}",100,12.0,0.02,"{""model__C"": 12.0, ""model__gamma"": 0.02, ""pca__n_components"": 100}",stage3_local_cv,3,0.794375,4.759
stage3_471,stage3_seed_1,"{""model__C"": 12.0, ""model__gamma"": 0.02, ""pca__n_components"": 100}",100,12.0,0.02,"{""model__C"": 12.0, ""model__gamma"": 0.02, ""pca__n_components"": 100}",stage3_local_cv,4,0.795,4.922
stage3_472,stage3_seed_1,"{""model__C"": 16.0, ""model__gamma"": ""scale"", ""pca__n_components"": 100}",100,16.0,scale,"{""model__C"": 16.0, ""model__gamma"": ""scale"", ""pca__n_components"": 100}",stage3_local_cv,0,0.800625,5.395
stage3_472,stage3_seed_1,"{""model__C"": 16.0, ""model__gamma"": ""scale"", ""pca__n_components"": 100}",100,16.0,scale,"{""model__C"": 16.0, ""model__gamma"": ""scale"", ""pca__n_components"": 100}",stage3_local_cv,1,0.813125,5.286
stage3_472,stage3_seed_1,"{""model__C"": 16.0, ""model__gamma"": ""scale"", ""pca__n_components"": 100}",100,16.0,scale,"{""model__C"": 16.0, ""model__gamma"": ""scale"", ""pca__n_components"": 100}",stage3_local_cv,2,0.80375,6.147
stage3_472,stage3_seed_1,"{""model__C"": 16.0, ""model__gamma"": ""scale"", ""pca__n_components"": 100}",100,16.0,scale,"{""model__C"": 16.0, ""model__gamma"": ""scale"", ""pca__n_components"": 100}",stage3_local_cv,3,0.79375,5.898
stage3_472,stage3_seed_1,"{""model__C"": 16.0, ""model__gamma"": ""scale"", ""pca__n_components"": 100}",100,16.0,scale,"{""model__C"": 16.0, ""model__gamma"": ""scale"", ""pca__n_components"": 100}",stage3_local_cv,4,0.795,5.335
stage3_473,stage3_seed_1,"{""model__C"": 16.0, ""model__gamma"": 0.001, ""pca__n_components"": 100}",100,16.0,0.001,"{""model__C"": 16.0, ""model__gamma"": 0.001, ""pca__n_components"": 100}",stage3_local_cv,0,0.74125,5.837
stage3_473,stage3_seed_1,"{""model__C"": 16.0, ""model__gamma"": 0.001, ""pca__n_components"": 100}",100,16.0,0.001,"{""model__C"": 16.0, ""model__gamma"": 0.001, ""pca__n_components"": 100}",stage3_local_cv,1,0.734375,5.528
stage3_473,stage3_seed_1,"{""model__C"": 16.0, ""model__gamma"": 0.001, ""pca__n_components"": 100}",100,16.0,0.001,"{""model__C"": 16.0, ""model__gamma"": 0.001, ""pca__n_components"": 100}",stage3_local_cv,2,0.725625,5.225
stage3_473,stage3_seed_1,"{""model__C"": 16.0, ""model__gamma"": 0.001, ""pca__n_components"": 100}",100,16.0,0.001,"{""model__C"": 16.0, ""model__gamma"": 0.001, ""pca__n_components"": 100}",stage3_local_cv,3,0.746875,5.459
stage3_473,stage3_seed_1,"{""model__C"": 16.0, ""model__gamma"": 0.001, ""pca__n_components"": 100}",100,16.0,0.001,"{""model__C"": 16.0, ""model__gamma"": 0.001, ""pca__n_components"": 100}",stage3_local_cv,4,0.73625,5.711
stage3_474,stage3_seed_1,"{""model__C"": 16.0, ""model__gamma"": 0.0025, ""pca__n_components"": 100}",100,16.0,0.0025,"{""model__C"": 16.0, ""model__gamma"": 0.0025, ""pca__n_components"": 100}",stage3_local_cv,0,0.79625,5.474
stage3_474,stage3_seed_1,"{""model__C"": 16.0, ""model__gamma"": 0.0025, ""pca__n_components"": 100}",100,16.0,0.0025,"{""model__C"": 16.0, ""model__gamma"": 0.0025, ""pca__n_components"": 100}",stage3_local_cv,1,0.785625,5.307
stage3_474,stage3_seed_1,"{""model__C"": 16.0, ""model__gamma"": 0.0025, ""pca__n_components"": 100}",100,16.0,0.0025,"{""model__C"": 16.0, ""model__gamma"": 0.0025, ""pca__n_components"": 100}",stage3_local_cv,2,0.789375,5.25
stage3_474,stage3_seed_1,"{""model__C"": 16.0, ""model__gamma"": 0.0025, ""pca__n_components"": 100}",100,16.0,0.0025,"{""model__C"": 16.0, ""model__gamma"": 0.0025, ""pca__n_components"": 100}",stage3_local_cv,3,0.790625,5.391
stage3_474,stage3_seed_1,"{""model__C"": 16.0, ""model__gamma"": 0.0025, ""pca__n_components"": 100}",100,16.0,0.0025,"{""model__C"": 16.0, ""model__gamma"": 0.0025, ""pca__n_components"": 100}",stage3_local_cv,4,0.77625,5.338
stage3_475,stage3_seed_1,"{""model__C"": 16.0, ""model__gamma"": 0.005, ""pca__n_components"": 100}",100,16.0,0.005,"{""model__C"": 16.0, ""model__gamma"": 0.005, ""pca__n_components"": 100}",stage3_local_cv,0,0.804375,6.834
stage3_475,stage3_seed_1,"{""model__C"": 16.0, ""model__gamma"": 0.005, ""pca__n_components"": 100}",100,16.0,0.005,"{""model__C"": 16.0, ""model__gamma"": 0.005, ""pca__n_components"": 100}",stage3_local_cv,1,0.8125,6.647
stage3_475,stage3_seed_1,"{""model__C"": 16.0, ""model__gamma"": 0.005, ""pca__n_components"": 100}",100,16.0,0.005,"{""model__C"": 16.0, ""model__gamma"": 0.005, ""pca__n_components"": 100}",stage3_local_cv,2,0.801875,7.215
stage3_475,stage3_seed_1,"{""model__C"": 16.0, ""model__gamma"": 0.005, ""pca__n_components"": 100}",100,16.0,0.005,"{""model__C"": 16.0, ""model__gamma"": 0.005, ""pca__n_components"": 100}",stage3_local_cv,3,0.795,6.755
stage3_475,stage3_seed_1,"{""model__C"": 16.0, ""model__gamma"": 0.005, ""pca__n_components"": 100}",100,16.0,0.005,"{""model__C"": 16.0, ""model__gamma"": 0.005, ""pca__n_components"": 100}",stage3_local_cv,4,0.794375,6.703
stage3_476,stage3_seed_1,"{""model__C"": 16.0, ""model__gamma"": 0.01, ""pca__n_components"": 100}",100,16.0,0.01,"{""model__C"": 16.0, ""model__gamma"": 0.01, ""pca__n_components"": 100}",stage3_local_cv,0,0.795625,4.994
stage3_476,stage3_seed_1,"{""model__C"": 16.0, ""model__gamma"": 0.01, ""pca__n_components"": 100}",100,16.0,0.01,"{""model__C"": 16.0, ""model__gamma"": 0.01, ""pca__n_components"": 100}",stage3_local_cv,1,0.7975,5.129
stage3_476,stage3_seed_1,"{""model__C"": 16.0, ""model__gamma"": 0.01, ""pca__n_components"": 100}",100,16.0,0.01,"{""model__C"": 16.0, ""model__gamma"": 0.01, ""pca__n_components"": 100}",stage3_local_cv,2,0.80625,5.22
stage3_476,stage3_seed_1,"{""model__C"": 16.0, ""model__gamma"": 0.01, ""pca__n_components"": 100}",100,16.0,0.01,"{""model__C"": 16.0, ""model__gamma"": 0.01, ""pca__n_components"": 100}",stage3_local_cv,3,0.79875,4.972
stage3_476,stage3_seed_1,"{""model__C"": 16.0, ""model__gamma"": 0.01, ""pca__n_components"": 100}",100,16.0,0.01,"{""model__C"": 16.0, ""model__gamma"": 0.01, ""pca__n_components"": 100}",stage3_local_cv,4,0.805,4.788
stage3_477,stage3_seed_1,"{""model__C"": 16.0, ""model__gamma"": 0.02, ""pca__n_components"": 100}",100,16.0,0.02,"{""model__C"": 16.0, ""model__gamma"": 0.02, ""pca__n_components"": 100}",stage3_local_cv,0,0.795625,6.133
stage3_477,stage3_seed_1,"{""model__C"": 16.0, ""model__gamma"": 0.02, ""pca__n_components"": 100}",100,16.0,0.02,"{""model__C"": 16.0, ""model__gamma"": 0.02, ""pca__n_components"": 100}",stage3_local_cv,1,0.80375,4.73
stage3_477,stage3_seed_1,"{""model__C"": 16.0, ""model__gamma"": 0.02, ""pca__n_components"": 100}",100,16.0,0.02,"{""model__C"": 16.0, ""model__gamma"": 0.02, ""pca__n_components"": 100}",stage3_local_cv,2,0.793125,6.166
stage3_477,stage3_seed_1,"{""model__C"": 16.0, ""model__gamma"": 0.02, ""pca__n_components"": 100}",100,16.0,0.02,"{""model__C"": 16.0, ""model__gamma"": 0.02, ""pca__n_components"": 100}",stage3_local_cv,3,0.794375,6.203
stage3_477,stage3_seed_1,"{""model__C"": 16.0, ""model__gamma"": 0.02, ""pca__n_components"": 100}",100,16.0,0.02,"{""model__C"": 16.0, ""model__gamma"": 0.02, ""pca__n_components"": 100}",stage3_local_cv,4,0.79125,5.418
stage3_478,stage3_seed_1,"{""model__C"": 24.0, ""model__gamma"": ""scale"", ""pca__n_components"": 100}",100,24.0,scale,"{""model__C"": 24.0, ""model__gamma"": ""scale"", ""pca__n_components"": 100}",stage3_local_cv,0,0.79875,5.755
stage3_478,stage3_seed_1,"{""model__C"": 24.0, ""model__gamma"": ""scale"", ""pca__n_components"": 100}",100,24.0,scale,"{""model__C"": 24.0, ""model__gamma"": ""scale"", ""pca__n_components"": 100}",stage3_local_cv,1,0.79875,7.226
stage3_478,stage3_seed_1,"{""model__C"": 24.0, ""model__gamma"": ""scale"", ""pca__n_components"": 100}",100,24.0,scale,"{""model__C"": 24.0, ""model__gamma"": ""scale"", ""pca__n_components"": 100}",stage3_local_cv,2,0.80125,5.259
stage3_478,stage3_seed_1,"{""model__C"": 24.0, ""model__gamma"": ""scale"", ""pca__n_components"": 100}",100,24.0,scale,"{""model__C"": 24.0, ""model__gamma"": ""scale"", ""pca__n_components"": 100}",stage3_local_cv,3,0.79625,5.868
stage3_478,stage3_seed_1,"{""model__C"": 24.0, ""model__gamma"": ""scale"", ""pca__n_components"": 100}",100,24.0,scale,"{""model__C"": 24.0, ""model__gamma"": ""scale"", ""pca__n_components"": 100}",stage3_local_cv,4,0.7875,5.986
stage3_479,stage3_seed_1,"{""model__C"": 24.0, ""model__gamma"": 0.001, ""pca__n_components"": 100}",100,24.0,0.001,"{""model__C"": 24.0, ""model__gamma"": 0.001, ""pca__n_components"": 100}",stage3_local_cv,0,0.754375,4.764
stage3_479,stage3_seed_1,"{""model__C"": 24.0, ""model__gamma"": 0.001, ""pca__n_components"": 100}",100,24.0,0.001,"{""model__C"": 24.0, ""model__gamma"": 0.001, ""pca__n_components"": 100}",stage3_local_cv,1,0.744375,4.803
stage3_479,stage3_seed_1,"{""model__C"": 24.0, ""model__gamma"": 0.001, ""pca__n_components"": 100}",100,24.0,0.001,"{""model__C"": 24.0, ""model__gamma"": 0.001, ""pca__n_components"": 100}",stage3_local_cv,2,0.740625,5.74
stage3_479,stage3_seed_1,"{""model__C"": 24.0, ""model__gamma"": 0.001, ""pca__n_components"": 100}",100,24.0,0.001,"{""model__C"": 24.0, ""model__gamma"": 0.001, ""pca__n_components"": 100}",stage3_local_cv,3,0.753125,6.157
stage3_479,stage3_seed_1,"{""model__C"": 24.0, ""model__gamma"": 0.001, ""pca__n_components"": 100}",100,24.0,0.001,"{""model__C"": 24.0, ""model__gamma"": 0.001, ""pca__n_components"": 100}",stage3_local_cv,4,0.73875,4.779
stage3_480,stage3_seed_1,"{""model__C"": 24.0, ""model__gamma"": 0.0025, ""pca__n_components"": 100}",100,24.0,0.0025,"{""model__C"": 24.0, ""model__gamma"": 0.0025, ""pca__n_components"": 100}",stage3_local_cv,0,0.803125,8.422
stage3_480,stage3_seed_1,"{""model__C"": 24.0, ""model__gamma"": 0.0025, ""pca__n_components"": 100}",100,24.0,0.0025,"{""model__C"": 24.0, ""model__gamma"": 0.0025, ""pca__n_components"": 100}",stage3_local_cv,1,0.79125,7.163
stage3_480,stage3_seed_1,"{""model__C"": 24.0, ""model__gamma"": 0.0025, ""pca__n_components"": 100}",100,24.0,0.0025,"{""model__C"": 24.0, ""model__gamma"": 0.0025, ""pca__n_components"": 100}",stage3_local_cv,2,0.795625,7.404
stage3_480,stage3_seed_1,"{""model__C"": 24.0, ""model__gamma"": 0.0025, ""pca__n_components"": 100}",100,24.0,0.0025,"{""model__C"": 24.0, ""model__gamma"": 0.0025, ""pca__n_components"": 100}",stage3_local_cv,3,0.796875,7.271
stage3_480,stage3_seed_1,"{""model__C"": 24.0, ""model__gamma"": 0.0025, ""pca__n_components"": 100}",100,24.0,0.0025,"{""model__C"": 24.0, ""model__gamma"": 0.0025, ""pca__n_components"": 100}",stage3_local_cv,4,0.78875,8.177
stage3_481,stage3_seed_1,"{""model__C"": 24.0, ""model__gamma"": 0.005, ""pca__n_components"": 100}",100,24.0,0.005,"{""model__C"": 24.0, ""model__gamma"": 0.005, ""pca__n_components"": 100}",stage3_local_cv,0,0.795625,7.046
stage3_481,stage3_seed_1,"{""model__C"": 24.0, ""model__gamma"": 0.005, ""pca__n_components"": 100}",100,24.0,0.005,"{""model__C"": 24.0, ""model__gamma"": 0.005, ""pca__n_components"": 100}",stage3_local_cv,1,0.800625,5.47
stage3_481,stage3_seed_1,"{""model__C"": 24.0, ""model__gamma"": 0.005, ""pca__n_components"": 100}",100,24.0,0.005,"{""model__C"": 24.0, ""model__gamma"": 0.005, ""pca__n_components"": 100}",stage3_local_cv,2,0.80125,7.302
stage3_481,stage3_seed_1,"{""model__C"": 24.0, ""model__gamma"": 0.005, ""pca__n_components"": 100}",100,24.0,0.005,"{""model__C"": 24.0, ""model__gamma"": 0.005, ""pca__n_components"": 100}",stage3_local_cv,3,0.789375,6.998
stage3_481,stage3_seed_1,"{""model__C"": 24.0, ""model__gamma"": 0.005, ""pca__n_components"": 100}",100,24.0,0.005,"{""model__C"": 24.0, ""model__gamma"": 0.005, ""pca__n_components"": 100}",stage3_local_cv,4,0.789375,5.332
stage3_482,stage3_seed_1,"{""model__C"": 24.0, ""model__gamma"": 0.01, ""pca__n_components"": 100}",100,24.0,0.01,"{""model__C"": 24.0, ""model__gamma"": 0.01, ""pca__n_components"": 100}",stage3_local_cv,0,0.7925,5.505
stage3_482,stage3_seed_1,"{""model__C"": 24.0, ""model__gamma"": 0.01, ""pca__n_components"": 100}",100,24.0,0.01,"{""model__C"": 24.0, ""model__gamma"": 0.01, ""pca__n_components"": 100}",stage3_local_cv,1,0.7925,6.284
stage3_482,stage3_seed_1,"{""model__C"": 24.0, ""model__gamma"": 0.01, ""pca__n_components"": 100}",100,24.0,0.01,"{""model__C"": 24.0, ""model__gamma"": 0.01, ""pca__n_components"": 100}",stage3_local_cv,2,0.805625,4.768
stage3_482,stage3_seed_1,"{""model__C"": 24.0, ""model__gamma"": 0.01, ""pca__n_components"": 100}",100,24.0,0.01,"{""model__C"": 24.0, ""model__gamma"": 0.01, ""pca__n_components"": 100}",stage3_local_cv,3,0.7925,4.932
stage3_482,stage3_seed_1,"{""model__C"": 24.0, ""model__gamma"": 0.01, ""pca__n_components"": 100}",100,24.0,0.01,"{""model__C"": 24.0, ""model__gamma"": 0.01, ""pca__n_components"": 100}",stage3_local_cv,4,0.79625,6.11
stage3_483,stage3_seed_1,"{""model__C"": 24.0, ""model__gamma"": 0.02, ""pca__n_components"": 100}",100,24.0,0.02,"{""model__C"": 24.0, ""model__gamma"": 0.02, ""pca__n_components"": 100}",stage3_local_cv,0,0.789375,6.261
stage3_483,stage3_seed_1,"{""model__C"": 24.0, ""model__gamma"": 0.02, ""pca__n_components"": 100}",100,24.0,0.02,"{""model__C"": 24.0, ""model__gamma"": 0.02, ""pca__n_components"": 100}",stage3_local_cv,1,0.800625,4.664
stage3_483,stage3_seed_1,"{""model__C"": 24.0, ""model__gamma"": 0.02, ""pca__n_components"": 100}",100,24.0,0.02,"{""model__C"": 24.0, ""model__gamma"": 0.02, ""pca__n_components"": 100}",stage3_local_cv,2,0.788125,4.643
stage3_483,stage3_seed_1,"{""model__C"": 24.0, ""model__gamma"": 0.02, ""pca__n_components"": 100}",100,24.0,0.02,"{""model__C"": 24.0, ""model__gamma"": 0.02, ""pca__n_components"": 100}",stage3_local_cv,3,0.791875,4.993
stage3_483,stage3_seed_1,"{""model__C"": 24.0, ""model__gamma"": 0.02, ""pca__n_components"": 100}",100,24.0,0.02,"{""model__C"": 24.0, ""model__gamma"": 0.02, ""pca__n_components"": 100}",stage3_local_cv,4,0.786875,4.605
stage3_484,stage3_seed_1,"{""model__C"": 4.0, ""model__gamma"": ""scale"", ""pca__n_components"": 104}",104,4.0,scale,"{""model__C"": 4.0, ""model__gamma"": ""scale"", ""pca__n_components"": 104}",stage3_local_cv,0,0.79625,5.981
stage3_484,stage3_seed_1,"{""model__C"": 4.0, ""model__gamma"": ""scale"", ""pca__n_components"": 104}",104,4.0,scale,"{""model__C"": 4.0, ""model__gamma"": ""scale"", ""pca__n_components"": 104}",stage3_local_cv,1,0.789375,4.894
stage3_484,stage3_seed_1,"{""model__C"": 4.0, ""model__gamma"": ""scale"", ""pca__n_components"": 104}",104,4.0,scale,"{""model__C"": 4.0, ""model__gamma"": ""scale"", ""pca__n_components"": 104}",stage3_local_cv,2,0.785,6.093
stage3_484,stage3_seed_1,"{""model__C"": 4.0, ""model__gamma"": ""scale"", ""pca__n_components"": 104}",104,4.0,scale,"{""model__C"": 4.0, ""model__gamma"": ""scale"", ""pca__n_components"": 104}",stage3_local_cv,3,0.794375,5.901
stage3_484,stage3_seed_1,"{""model__C"": 4.0, ""model__gamma"": ""scale"", ""pca__n_components"": 104}",104,4.0,scale,"{""model__C"": 4.0, ""model__gamma"": ""scale"", ""pca__n_components"": 104}",stage3_local_cv,4,0.785,5.899
stage3_485,stage3_seed_1,"{""model__C"": 4.0, ""model__gamma"": 0.001, ""pca__n_components"": 104}",104,4.0,0.001,"{""model__C"": 4.0, ""model__gamma"": 0.001, ""pca__n_components"": 104}",stage3_local_cv,0,0.72125,4.178
stage3_485,stage3_seed_1,"{""model__C"": 4.0, ""model__gamma"": 0.001, ""pca__n_components"": 104}",104,4.0,0.001,"{""model__C"": 4.0, ""model__gamma"": 0.001, ""pca__n_components"": 104}",stage3_local_cv,1,0.69625,5.579
stage3_485,stage3_seed_1,"{""model__C"": 4.0, ""model__gamma"": 0.001, ""pca__n_components"": 104}",104,4.0,0.001,"{""model__C"": 4.0, ""model__gamma"": 0.001, ""pca__n_components"": 104}",stage3_local_cv,2,0.691875,4.233
stage3_485,stage3_seed_1,"{""model__C"": 4.0, ""model__gamma"": 0.001, ""pca__n_components"": 104}",104,4.0,0.001,"{""model__C"": 4.0, ""model__gamma"": 0.001, ""pca__n_components"": 104}",stage3_local_cv,3,0.7225,4.216
stage3_485,stage3_seed_1,"{""model__C"": 4.0, ""model__gamma"": 0.001, ""pca__n_components"": 104}",104,4.0,0.001,"{""model__C"": 4.0, ""model__gamma"": 0.001, ""pca__n_components"": 104}",stage3_local_cv,4,0.70375,4.214
stage3_486,stage3_seed_1,"{""model__C"": 4.0, ""model__gamma"": 0.0025, ""pca__n_components"": 104}",104,4.0,0.0025,"{""model__C"": 4.0, ""model__gamma"": 0.0025, ""pca__n_components"": 104}",stage3_local_cv,0,0.755,5.731
stage3_486,stage3_seed_1,"{""model__C"": 4.0, ""model__gamma"": 0.0025, ""pca__n_components"": 104}",104,4.0,0.0025,"{""model__C"": 4.0, ""model__gamma"": 0.0025, ""pca__n_components"": 104}",stage3_local_cv,1,0.74125,4.547
stage3_486,stage3_seed_1,"{""model__C"": 4.0, ""model__gamma"": 0.0025, ""pca__n_components"": 104}",104,4.0,0.0025,"{""model__C"": 4.0, ""model__gamma"": 0.0025, ""pca__n_components"": 104}",stage3_local_cv,2,0.738125,5.661
stage3_486,stage3_seed_1,"{""model__C"": 4.0, ""model__gamma"": 0.0025, ""pca__n_components"": 104}",104,4.0,0.0025,"{""model__C"": 4.0, ""model__gamma"": 0.0025, ""pca__n_components"": 104}",stage3_local_cv,3,0.751875,5.78
stage3_486,stage3_seed_1,"{""model__C"": 4.0, ""model__gamma"": 0.0025, ""pca__n_components"": 104}",104,4.0,0.0025,"{""model__C"": 4.0, ""model__gamma"": 0.0025, ""pca__n_components"": 104}",stage3_local_cv,4,0.735625,4.514
stage3_487,stage3_seed_1,"{""model__C"": 4.0, ""model__gamma"": 0.005, ""pca__n_components"": 104}",104,4.0,0.005,"{""model__C"": 4.0, ""model__gamma"": 0.005, ""pca__n_components"": 104}",stage3_local_cv,0,0.796875,4.88
stage3_487,stage3_seed_1,"{""model__C"": 4.0, ""model__gamma"": 0.005, ""pca__n_components"": 104}",104,4.0,0.005,"{""model__C"": 4.0, ""model__gamma"": 0.005, ""pca__n_components"": 104}",stage3_local_cv,1,0.7875,6.209
stage3_487,stage3_seed_1,"{""model__C"": 4.0, ""model__gamma"": 0.005, ""pca__n_components"": 104}",104,4.0,0.005,"{""model__C"": 4.0, ""model__gamma"": 0.005, ""pca__n_components"": 104}",stage3_local_cv,2,0.783125,5.063
stage3_487,stage3_seed_1,"{""model__C"": 4.0, ""model__gamma"": 0.005, ""pca__n_components"": 104}",104,4.0,0.005,"{""model__C"": 4.0, ""model__gamma"": 0.005, ""pca__n_components"": 104}",stage3_local_cv,3,0.790625,4.845
stage3_487,stage3_seed_1,"{""model__C"": 4.0, ""model__gamma"": 0.005, ""pca__n_components"": 104}",104,4.0,0.005,"{""model__C"": 4.0, ""model__gamma"": 0.005, ""pca__n_components"": 104}",stage3_local_cv,4,0.784375,5.991
stage3_488,stage3_seed_1,"{""model__C"": 4.0, ""model__gamma"": 0.01, ""pca__n_components"": 104}",104,4.0,0.01,"{""model__C"": 4.0, ""model__gamma"": 0.01, ""pca__n_components"": 104}",stage3_local_cv,0,0.8125,5.207
stage3_488,stage3_seed_1,"{""model__C"": 4.0, ""model__gamma"": 0.01, ""pca__n_components"": 104}",104,4.0,0.01,"{""model__C"": 4.0, ""model__gamma"": 0.01, ""pca__n_components"": 104}",stage3_local_cv,1,0.805,5.345
stage3_488,stage3_seed_1,"{""model__C"": 4.0, ""model__gamma"": 0.01, ""pca__n_components"": 104}",104,4.0,0.01,"{""model__C"": 4.0, ""model__gamma"": 0.01, ""pca__n_components"": 104}",stage3_local_cv,2,0.804375,5.252
stage3_488,stage3_seed_1,"{""model__C"": 4.0, ""model__gamma"": 0.01, ""pca__n_components"": 104}",104,4.0,0.01,"{""model__C"": 4.0, ""model__gamma"": 0.01, ""pca__n_components"": 104}",stage3_local_cv,3,0.804375,5.594
stage3_488,stage3_seed_1,"{""model__C"": 4.0, ""model__gamma"": 0.01, ""pca__n_components"": 104}",104,4.0,0.01,"{""model__C"": 4.0, ""model__gamma"": 0.01, ""pca__n_components"": 104}",stage3_local_cv,4,0.809375,5.109
stage3_489,stage3_seed_1,"{""model__C"": 4.0, ""model__gamma"": 0.02, ""pca__n_components"": 104}",104,4.0,0.02,"{""model__C"": 4.0, ""model__gamma"": 0.02, ""pca__n_components"": 104}",stage3_local_cv,0,0.804375,6.208
stage3_489,stage3_seed_1,"{""model__C"": 4.0, ""model__gamma"": 0.02, ""pca__n_components"": 104}",104,4.0,0.02,"{""model__C"": 4.0, ""model__gamma"": 0.02, ""pca__n_components"": 104}",stage3_local_cv,1,0.80875,5.222
stage3_489,stage3_seed_1,"{""model__C"": 4.0, ""model__gamma"": 0.02, ""pca__n_components"": 104}",104,4.0,0.02,"{""model__C"": 4.0, ""model__gamma"": 0.02, ""pca__n_components"": 104}",stage3_local_cv,2,0.795625,6.328
stage3_489,stage3_seed_1,"{""model__C"": 4.0, ""model__gamma"": 0.02, ""pca__n_components"": 104}",104,4.0,0.02,"{""model__C"": 4.0, ""model__gamma"": 0.02, ""pca__n_components"": 104}",stage3_local_cv,3,0.801875,6.05
stage3_489,stage3_seed_1,"{""model__C"": 4.0, ""model__gamma"": 0.02, ""pca__n_components"": 104}",104,4.0,0.02,"{""model__C"": 4.0, ""model__gamma"": 0.02, ""pca__n_components"": 104}",stage3_local_cv,4,0.798125,6.355
stage3_490,stage3_seed_1,"{""model__C"": 6.0, ""model__gamma"": ""scale"", ""pca__n_components"": 104}",104,6.0,scale,"{""model__C"": 6.0, ""model__gamma"": ""scale"", ""pca__n_components"": 104}",stage3_local_cv,0,0.805625,5.527
stage3_490,stage3_seed_1,"{""model__C"": 6.0, ""model__gamma"": ""scale"", ""pca__n_components"": 104}",104,6.0,scale,"{""model__C"": 6.0, ""model__gamma"": ""scale"", ""pca__n_components"": 104}",stage3_local_cv,1,0.800625,6.599
stage3_490,stage3_seed_1,"{""model__C"": 6.0, ""model__gamma"": ""scale"", ""pca__n_components"": 104}",104,6.0,scale,"{""model__C"": 6.0, ""model__gamma"": ""scale"", ""pca__n_components"": 104}",stage3_local_cv,2,0.801875,5.884
stage3_490,stage3_seed_1,"{""model__C"": 6.0, ""model__gamma"": ""scale"", ""pca__n_components"": 104}",104,6.0,scale,"{""model__C"": 6.0, ""model__gamma"": ""scale"", ""pca__n_components"": 104}",stage3_local_cv,3,0.798125,5.94
stage3_490,stage3_seed_1,"{""model__C"": 6.0, ""model__gamma"": ""scale"", ""pca__n_components"": 104}",104,6.0,scale,"{""model__C"": 6.0, ""model__gamma"": ""scale"", ""pca__n_components"": 104}",stage3_local_cv,4,0.801875,5.911
stage3_491,stage3_seed_1,"{""model__C"": 6.0, ""model__gamma"": 0.001, ""pca__n_components"": 104}",104,6.0,0.001,"{""model__C"": 6.0, ""model__gamma"": 0.001, ""pca__n_components"": 104}",stage3_local_cv,0,0.73125,5.425
stage3_491,stage3_seed_1,"{""model__C"": 6.0, ""model__gamma"": 0.001, ""pca__n_components"": 104}",104,6.0,0.001,"{""model__C"": 6.0, ""model__gamma"": 0.001, ""pca__n_components"": 104}",stage3_local_cv,1,0.705625,4.361
stage3_491,stage3_seed_1,"{""model__C"": 6.0, ""model__gamma"": 0.001, ""pca__n_components"": 104}",104,6.0,0.001,"{""model__C"": 6.0, ""model__gamma"": 0.001, ""pca__n_components"": 104}",stage3_local_cv,2,0.700625,5.344
stage3_491,stage3_seed_1,"{""model__C"": 6.0, ""model__gamma"": 0.001, ""pca__n_components"": 104}",104,6.0,0.001,"{""model__C"": 6.0, ""model__gamma"": 0.001, ""pca__n_components"": 104}",stage3_local_cv,3,0.729375,5.634
stage3_491,stage3_seed_1,"{""model__C"": 6.0, ""model__gamma"": 0.001, ""pca__n_components"": 104}",104,6.0,0.001,"{""model__C"": 6.0, ""model__gamma"": 0.001, ""pca__n_components"": 104}",stage3_local_cv,4,0.705625,5.423
stage3_492,stage3_seed_1,"{""model__C"": 6.0, ""model__gamma"": 0.0025, ""pca__n_components"": 104}",104,6.0,0.0025,"{""model__C"": 6.0, ""model__gamma"": 0.0025, ""pca__n_components"": 104}",stage3_local_cv,0,0.765625,4.603
stage3_492,stage3_seed_1,"{""model__C"": 6.0, ""model__gamma"": 0.0025, ""pca__n_components"": 104}",104,6.0,0.0025,"{""model__C"": 6.0, ""model__gamma"": 0.0025, ""pca__n_components"": 104}",stage3_local_cv,1,0.759375,5.903
stage3_492,stage3_seed_1,"{""model__C"": 6.0, ""model__gamma"": 0.0025, ""pca__n_components"": 104}",104,6.0,0.0025,"{""model__C"": 6.0, ""model__gamma"": 0.0025, ""pca__n_components"": 104}",stage3_local_cv,2,0.760625,4.633
stage3_492,stage3_seed_1,"{""model__C"": 6.0, ""model__gamma"": 0.0025, ""pca__n_components"": 104}",104,6.0,0.0025,"{""model__C"": 6.0, ""model__gamma"": 0.0025, ""pca__n_components"": 104}",stage3_local_cv,3,0.76,4.744
stage3_492,stage3_seed_1,"{""model__C"": 6.0, ""model__gamma"": 0.0025, ""pca__n_components"": 104}",104,6.0,0.0025,"{""model__C"": 6.0, ""model__gamma"": 0.0025, ""pca__n_components"": 104}",stage3_local_cv,4,0.7475,4.872
stage3_493,stage3_seed_1,"{""model__C"": 6.0, ""model__gamma"": 0.005, ""pca__n_components"": 104}",104,6.0,0.005,"{""model__C"": 6.0, ""model__gamma"": 0.005, ""pca__n_components"": 104}",stage3_local_cv,0,0.808125,7.34
stage3_493,stage3_seed_1,"{""model__C"": 6.0, ""model__gamma"": 0.005, ""pca__n_components"": 104}",104,6.0,0.005,"{""model__C"": 6.0, ""model__gamma"": 0.005, ""pca__n_components"": 104}",stage3_local_cv,1,0.8,5.512
stage3_493,stage3_seed_1,"{""model__C"": 6.0, ""model__gamma"": 0.005, ""pca__n_components"": 104}",104,6.0,0.005,"{""model__C"": 6.0, ""model__gamma"": 0.005, ""pca__n_components"": 104}",stage3_local_cv,2,0.79625,7.179
stage3_493,stage3_seed_1,"{""model__C"": 6.0, ""model__gamma"": 0.005, ""pca__n_components"": 104}",104,6.0,0.005,"{""model__C"": 6.0, ""model__gamma"": 0.005, ""pca__n_components"": 104}",stage3_local_cv,3,0.79625,7.139
stage3_493,stage3_seed_1,"{""model__C"": 6.0, ""model__gamma"": 0.005, ""pca__n_components"": 104}",104,6.0,0.005,"{""model__C"": 6.0, ""model__gamma"": 0.005, ""pca__n_components"": 104}",stage3_local_cv,4,0.79875,6.272
stage3_494,stage3_seed_1,"{""model__C"": 6.0, ""model__gamma"": 0.01, ""pca__n_components"": 104}",104,6.0,0.01,"{""model__C"": 6.0, ""model__gamma"": 0.01, ""pca__n_components"": 104}",stage3_local_cv,0,0.81125,5.307
stage3_494,stage3_seed_1,"{""model__C"": 6.0, ""model__gamma"": 0.01, ""pca__n_components"": 104}",104,6.0,0.01,"{""model__C"": 6.0, ""model__gamma"": 0.01, ""pca__n_components"": 104}",stage3_local_cv,1,0.805,6.578
stage3_494,stage3_seed_1,"{""model__C"": 6.0, ""model__gamma"": 0.01, ""pca__n_components"": 104}",104,6.0,0.01,"{""model__C"": 6.0, ""model__gamma"": 0.01, ""pca__n_components"": 104}",stage3_local_cv,2,0.81375,5.402
stage3_494,stage3_seed_1,"{""model__C"": 6.0, ""model__gamma"": 0.01, ""pca__n_components"": 104}",104,6.0,0.01,"{""model__C"": 6.0, ""model__gamma"": 0.01, ""pca__n_components"": 104}",stage3_local_cv,3,0.805,5.188
stage3_494,stage3_seed_1,"{""model__C"": 6.0, ""model__gamma"": 0.01, ""pca__n_components"": 104}",104,6.0,0.01,"{""model__C"": 6.0, ""model__gamma"": 0.01, ""pca__n_components"": 104}",stage3_local_cv,4,0.805,6.194
stage3_495,stage3_seed_1,"{""model__C"": 6.0, ""model__gamma"": 0.02, ""pca__n_components"": 104}",104,6.0,0.02,"{""model__C"": 6.0, ""model__gamma"": 0.02, ""pca__n_components"": 104}",stage3_local_cv,0,0.803125,5.043
stage3_495,stage3_seed_1,"{""model__C"": 6.0, ""model__gamma"": 0.02, ""pca__n_components"": 104}",104,6.0,0.02,"{""model__C"": 6.0, ""model__gamma"": 0.02, ""pca__n_components"": 104}",stage3_local_cv,1,0.8075,5.214
stage3_495,stage3_seed_1,"{""model__C"": 6.0, ""model__gamma"": 0.02, ""pca__n_components"": 104}",104,6.0,0.02,"{""model__C"": 6.0, ""model__gamma"": 0.02, ""pca__n_components"": 104}",stage3_local_cv,2,0.79375,5.034
stage3_495,stage3_seed_1,"{""model__C"": 6.0, ""model__gamma"": 0.02, ""pca__n_components"": 104}",104,6.0,0.02,"{""model__C"": 6.0, ""model__gamma"": 0.02, ""pca__n_components"": 104}",stage3_local_cv,3,0.8,8.05
stage3_495,stage3_seed_1,"{""model__C"": 6.0, ""model__gamma"": 0.02, ""pca__n_components"": 104}",104,6.0,0.02,"{""model__C"": 6.0, ""model__gamma"": 0.02, ""pca__n_components"": 104}",stage3_local_cv,4,0.7975,5.024
stage3_496,stage3_seed_1,"{""model__C"": 8.0, ""model__gamma"": ""scale"", ""pca__n_components"": 104}",104,8.0,scale,"{""model__C"": 8.0, ""model__gamma"": ""scale"", ""pca__n_components"": 104}",stage3_local_cv,0,0.8125,6.726
stage3_496,stage3_seed_1,"{""model__C"": 8.0, ""model__gamma"": ""scale"", ""pca__n_components"": 104}",104,8.0,scale,"{""model__C"": 8.0, ""model__gamma"": ""scale"", ""pca__n_components"": 104}",stage3_local_cv,1,0.81,7.148
stage3_496,stage3_seed_1,"{""model__C"": 8.0, ""model__gamma"": ""scale"", ""pca__n_components"": 104}",104,8.0,scale,"{""model__C"": 8.0, ""model__gamma"": ""scale"", ""pca__n_components"": 104}",stage3_local_cv,2,0.803125,7.247
stage3_496,stage3_seed_1,"{""model__C"": 8.0, ""model__gamma"": ""scale"", ""pca__n_components"": 104}",104,8.0,scale,"{""model__C"": 8.0, ""model__gamma"": ""scale"", ""pca__n_components"": 104}",stage3_local_cv,3,0.799375,5.656
stage3_496,stage3_seed_1,"{""model__C"": 8.0, ""model__gamma"": ""scale"", ""pca__n_components"": 104}",104,8.0,scale,"{""model__C"": 8.0, ""model__gamma"": ""scale"", ""pca__n_components"": 104}",stage3_local_cv,4,0.79625,6.745
stage3_497,stage3_seed_1,"{""model__C"": 8.0, ""model__gamma"": 0.001, ""pca__n_components"": 104}",104,8.0,0.001,"{""model__C"": 8.0, ""model__gamma"": 0.001, ""pca__n_components"": 104}",stage3_local_cv,0,0.73375,4.369
stage3_497,stage3_seed_1,"{""model__C"": 8.0, ""model__gamma"": 0.001, ""pca__n_components"": 104}",104,8.0,0.001,"{""model__C"": 8.0, ""model__gamma"": 0.001, ""pca__n_components"": 104}",stage3_local_cv,1,0.7125,5.108
stage3_497,stage3_seed_1,"{""model__C"": 8.0, ""model__gamma"": 0.001, ""pca__n_components"": 104}",104,8.0,0.001,"{""model__C"": 8.0, ""model__gamma"": 0.001, ""pca__n_components"": 104}",stage3_local_cv,2,0.705,4.407
stage3_497,stage3_seed_1,"{""model__C"": 8.0, ""model__gamma"": 0.001, ""pca__n_components"": 104}",104,8.0,0.001,"{""model__C"": 8.0, ""model__gamma"": 0.001, ""pca__n_components"": 104}",stage3_local_cv,3,0.736875,5.303
stage3_497,stage3_seed_1,"{""model__C"": 8.0, ""model__gamma"": 0.001, ""pca__n_components"": 104}",104,8.0,0.001,"{""model__C"": 8.0, ""model__gamma"": 0.001, ""pca__n_components"": 104}",stage3_local_cv,4,0.714375,4.375
stage3_498,stage3_seed_1,"{""model__C"": 8.0, ""model__gamma"": 0.0025, ""pca__n_components"": 104}",104,8.0,0.0025,"{""model__C"": 8.0, ""model__gamma"": 0.0025, ""pca__n_components"": 104}",stage3_local_cv,0,0.78,5.984
stage3_498,stage3_seed_1,"{""model__C"": 8.0, ""model__gamma"": 0.0025, ""pca__n_components"": 104}",104,8.0,0.0025,"{""model__C"": 8.0, ""model__gamma"": 0.0025, ""pca__n_components"": 104}",stage3_local_cv,1,0.763125,4.839
stage3_498,stage3_seed_1,"{""model__C"": 8.0, ""model__gamma"": 0.0025, ""pca__n_components"": 104}",104,8.0,0.0025,"{""model__C"": 8.0, ""model__gamma"": 0.0025, ""pca__n_components"": 104}",stage3_local_cv,2,0.766875,5.915
stage3_498,stage3_seed_1,"{""model__C"": 8.0, ""model__gamma"": 0.0025, ""pca__n_components"": 104}",104,8.0,0.0025,"{""model__C"": 8.0, ""model__gamma"": 0.0025, ""pca__n_components"": 104}",stage3_local_cv,3,0.765,5.48
stage3_498,stage3_seed_1,"{""model__C"": 8.0, ""model__gamma"": 0.0025, ""pca__n_components"": 104}",104,8.0,0.0025,"{""model__C"": 8.0, ""model__gamma"": 0.0025, ""pca__n_components"": 104}",stage3_local_cv,4,0.75625,5.991
stage3_499,stage3_seed_1,"{""model__C"": 8.0, ""model__gamma"": 0.005, ""pca__n_components"": 104}",104,8.0,0.005,"{""model__C"": 8.0, ""model__gamma"": 0.005, ""pca__n_components"": 104}",stage3_local_cv,0,0.808125,5.588
stage3_499,stage3_seed_1,"{""model__C"": 8.0, ""model__gamma"": 0.005, ""pca__n_components"": 104}",104,8.0,0.005,"{""model__C"": 8.0, ""model__gamma"": 0.005, ""pca__n_components"": 104}",stage3_local_cv,1,0.810625,7.383
stage3_499,stage3_seed_1,"{""model__C"": 8.0, ""model__gamma"": 0.005, ""pca__n_components"": 104}",104,8.0,0.005,"{""model__C"": 8.0, ""model__gamma"": 0.005, ""pca__n_components"": 104}",stage3_local_cv,2,0.804375,5.562
stage3_499,stage3_seed_1,"{""model__C"": 8.0, ""model__gamma"": 0.005, ""pca__n_components"": 104}",104,8.0,0.005,"{""model__C"": 8.0, ""model__gamma"": 0.005, ""pca__n_components"": 104}",stage3_local_cv,3,0.800625,5.612
stage3_499,stage3_seed_1,"{""model__C"": 8.0, ""model__gamma"": 0.005, ""pca__n_components"": 104}",104,8.0,0.005,"{""model__C"": 8.0, ""model__gamma"": 0.005, ""pca__n_components"": 104}",stage3_local_cv,4,0.795625,5.551
stage3_500,stage3_seed_1,"{""model__C"": 8.0, ""model__gamma"": 0.01, ""pca__n_components"": 104}",104,8.0,0.01,"{""model__C"": 8.0, ""model__gamma"": 0.01, ""pca__n_components"": 104}",stage3_local_cv,0,0.808125,6.48
stage3_500,stage3_seed_1,"{""model__C"": 8.0, ""model__gamma"": 0.01, ""pca__n_components"": 104}",104,8.0,0.01,"{""model__C"": 8.0, ""model__gamma"": 0.01, ""pca__n_components"": 104}",stage3_local_cv,1,0.80625,5.193
stage3_500,stage3_seed_1,"{""model__C"": 8.0, ""model__gamma"": 0.01, ""pca__n_components"": 104}",104,8.0,0.01,"{""model__C"": 8.0, ""model__gamma"": 0.01, ""pca__n_components"": 104}",stage3_local_cv,2,0.81125,6.71
stage3_500,stage3_seed_1,"{""model__C"": 8.0, ""model__gamma"": 0.01, ""pca__n_components"": 104}",104,8.0,0.01,"{""model__C"": 8.0, ""model__gamma"": 0.01, ""pca__n_components"": 104}",stage3_local_cv,3,0.8,6.51
stage3_500,stage3_seed_1,"{""model__C"": 8.0, ""model__gamma"": 0.01, ""pca__n_components"": 104}",104,8.0,0.01,"{""model__C"": 8.0, ""model__gamma"": 0.01, ""pca__n_components"": 104}",stage3_local_cv,4,0.80625,6.349
stage3_501,stage3_seed_1,"{""model__C"": 8.0, ""model__gamma"": 0.02, ""pca__n_components"": 104}",104,8.0,0.02,"{""model__C"": 8.0, ""model__gamma"": 0.02, ""pca__n_components"": 104}",stage3_local_cv,0,0.80125,5.353
stage3_501,stage3_seed_1,"{""model__C"": 8.0, ""model__gamma"": 0.02, ""pca__n_components"": 104}",104,8.0,0.02,"{""model__C"": 8.0, ""model__gamma"": 0.02, ""pca__n_components"": 104}",stage3_local_cv,1,0.80625,6.528
stage3_501,stage3_seed_1,"{""model__C"": 8.0, ""model__gamma"": 0.02, ""pca__n_components"": 104}",104,8.0,0.02,"{""model__C"": 8.0, ""model__gamma"": 0.02, ""pca__n_components"": 104}",stage3_local_cv,2,0.795,5.054
stage3_501,stage3_seed_1,"{""model__C"": 8.0, ""model__gamma"": 0.02, ""pca__n_components"": 104}",104,8.0,0.02,"{""model__C"": 8.0, ""model__gamma"": 0.02, ""pca__n_components"": 104}",stage3_local_cv,3,0.79625,4.997
stage3_501,stage3_seed_1,"{""model__C"": 8.0, ""model__gamma"": 0.02, ""pca__n_components"": 104}",104,8.0,0.02,"{""model__C"": 8.0, ""model__gamma"": 0.02, ""pca__n_components"": 104}",stage3_local_cv,4,0.798125,5.451
stage3_502,stage3_seed_1,"{""model__C"": 12.0, ""model__gamma"": ""scale"", ""pca__n_components"": 104}",104,12.0,scale,"{""model__C"": 12.0, ""model__gamma"": ""scale"", ""pca__n_components"": 104}",stage3_local_cv,0,0.808125,5.758
stage3_502,stage3_seed_1,"{""model__C"": 12.0, ""model__gamma"": ""scale"", ""pca__n_components"": 104}",104,12.0,scale,"{""model__C"": 12.0, ""model__gamma"": ""scale"", ""pca__n_components"": 104}",stage3_local_cv,1,0.81125,5.753
stage3_502,stage3_seed_1,"{""model__C"": 12.0, ""model__gamma"": ""scale"", ""pca__n_components"": 104}",104,12.0,scale,"{""model__C"": 12.0, ""model__gamma"": ""scale"", ""pca__n_components"": 104}",stage3_local_cv,2,0.805,6.703
stage3_502,stage3_seed_1,"{""model__C"": 12.0, ""model__gamma"": ""scale"", ""pca__n_components"": 104}",104,12.0,scale,"{""model__C"": 12.0, ""model__gamma"": ""scale"", ""pca__n_components"": 104}",stage3_local_cv,3,0.798125,6.94
stage3_502,stage3_seed_1,"{""model__C"": 12.0, ""model__gamma"": ""scale"", ""pca__n_components"": 104}",104,12.0,scale,"{""model__C"": 12.0, ""model__gamma"": ""scale"", ""pca__n_components"": 104}",stage3_local_cv,4,0.799375,7.088
stage3_503,stage3_seed_1,"{""model__C"": 12.0, ""model__gamma"": 0.001, ""pca__n_components"": 104}",104,12.0,0.001,"{""model__C"": 12.0, ""model__gamma"": 0.001, ""pca__n_components"": 104}",stage3_local_cv,0,0.73875,5.778
stage3_503,stage3_seed_1,"{""model__C"": 12.0, ""model__gamma"": 0.001, ""pca__n_components"": 104}",104,12.0,0.001,"{""model__C"": 12.0, ""model__gamma"": 0.001, ""pca__n_components"": 104}",stage3_local_cv,1,0.7225,5.845
stage3_503,stage3_seed_1,"{""model__C"": 12.0, ""model__gamma"": 0.001, ""pca__n_components"": 104}",104,12.0,0.001,"{""model__C"": 12.0, ""model__gamma"": 0.001, ""pca__n_components"": 104}",stage3_local_cv,2,0.7125,5.099
stage3_503,stage3_seed_1,"{""model__C"": 12.0, ""model__gamma"": 0.001, ""pca__n_components"": 104}",104,12.0,0.001,"{""model__C"": 12.0, ""model__gamma"": 0.001, ""pca__n_components"": 104}",stage3_local_cv,3,0.745625,4.737
stage3_503,stage3_seed_1,"{""model__C"": 12.0, ""model__gamma"": 0.001, ""pca__n_components"": 104}",104,12.0,0.001,"{""model__C"": 12.0, ""model__gamma"": 0.001, ""pca__n_components"": 104}",stage3_local_cv,4,0.7275,5.043
stage3_504,stage3_seed_1,"{""model__C"": 12.0, ""model__gamma"": 0.0025, ""pca__n_components"": 104}",104,12.0,0.0025,"{""model__C"": 12.0, ""model__gamma"": 0.0025, ""pca__n_components"": 104}",stage3_local_cv,0,0.79875,5.1
stage3_504,stage3_seed_1,"{""model__C"": 12.0, ""model__gamma"": 0.0025, ""pca__n_components"": 104}",104,12.0,0.0025,"{""model__C"": 12.0, ""model__gamma"": 0.0025, ""pca__n_components"": 104}",stage3_local_cv,1,0.77875,5.406
stage3_504,stage3_seed_1,"{""model__C"": 12.0, ""model__gamma"": 0.0025, ""pca__n_components"": 104}",104,12.0,0.0025,"{""model__C"": 12.0, ""model__gamma"": 0.0025, ""pca__n_components"": 104}",stage3_local_cv,2,0.776875,5.267
stage3_504,stage3_seed_1,"{""model__C"": 12.0, ""model__gamma"": 0.0025, ""pca__n_components"": 104}",104,12.0,0.0025,"{""model__C"": 12.0, ""model__gamma"": 0.0025, ""pca__n_components"": 104}",stage3_local_cv,3,0.779375,6.652
stage3_504,stage3_seed_1,"{""model__C"": 12.0, ""model__gamma"": 0.0025, ""pca__n_components"": 104}",104,12.0,0.0025,"{""model__C"": 12.0, ""model__gamma"": 0.0025, ""pca__n_components"": 104}",stage3_local_cv,4,0.768125,5.243
stage3_505,stage3_seed_1,"{""model__C"": 12.0, ""model__gamma"": 0.005, ""pca__n_components"": 104}",104,12.0,0.005,"{""model__C"": 12.0, ""model__gamma"": 0.005, ""pca__n_components"": 104}",stage3_local_cv,0,0.8075,7.017
stage3_505,stage3_seed_1,"{""model__C"": 12.0, ""model__gamma"": 0.005, ""pca__n_components"": 104}",104,12.0,0.005,"{""model__C"": 12.0, ""model__gamma"": 0.005, ""pca__n_components"": 104}",stage3_local_cv,1,0.809375,6.491
stage3_505,stage3_seed_1,"{""model__C"": 12.0, ""model__gamma"": 0.005, ""pca__n_components"": 104}",104,12.0,0.005,"{""model__C"": 12.0, ""model__gamma"": 0.005, ""pca__n_components"": 104}",stage3_local_cv,2,0.805,7.455
stage3_505,stage3_seed_1,"{""model__C"": 12.0, ""model__gamma"": 0.005, ""pca__n_components"": 104}",104,12.0,0.005,"{""model__C"": 12.0, ""model__gamma"": 0.005, ""pca__n_components"": 104}",stage3_local_cv,3,0.798125,5.677
stage3_505,stage3_seed_1,"{""model__C"": 12.0, ""model__gamma"": 0.005, ""pca__n_components"": 104}",104,12.0,0.005,"{""model__C"": 12.0, ""model__gamma"": 0.005, ""pca__n_components"": 104}",stage3_local_cv,4,0.79875,6.844
stage3_506,stage3_seed_1,"{""model__C"": 12.0, ""model__gamma"": 0.01, ""pca__n_components"": 104}",104,12.0,0.01,"{""model__C"": 12.0, ""model__gamma"": 0.01, ""pca__n_components"": 104}",stage3_local_cv,0,0.80375,5.18
stage3_506,stage3_seed_1,"{""model__C"": 12.0, ""model__gamma"": 0.01, ""pca__n_components"": 104}",104,12.0,0.01,"{""model__C"": 12.0, ""model__gamma"": 0.01, ""pca__n_components"": 104}",stage3_local_cv,1,0.803125,5.962
stage3_506,stage3_seed_1,"{""model__C"": 12.0, ""model__gamma"": 0.01, ""pca__n_components"": 104}",104,12.0,0.01,"{""model__C"": 12.0, ""model__gamma"": 0.01, ""pca__n_components"": 104}",stage3_local_cv,2,0.81125,5.209
stage3_506,stage3_seed_1,"{""model__C"": 12.0, ""model__gamma"": 0.01, ""pca__n_components"": 104}",104,12.0,0.01,"{""model__C"": 12.0, ""model__gamma"": 0.01, ""pca__n_components"": 104}",stage3_local_cv,3,0.796875,6.344
stage3_506,stage3_seed_1,"{""model__C"": 12.0, ""model__gamma"": 0.01, ""pca__n_components"": 104}",104,12.0,0.01,"{""model__C"": 12.0, ""model__gamma"": 0.01, ""pca__n_components"": 104}",stage3_local_cv,4,0.805625,5.198
stage3_507,stage3_seed_1,"{""model__C"": 12.0, ""model__gamma"": 0.02, ""pca__n_components"": 104}",104,12.0,0.02,"{""model__C"": 12.0, ""model__gamma"": 0.02, ""pca__n_components"": 104}",stage3_local_cv,0,0.7975,6.787
stage3_507,stage3_seed_1,"{""model__C"": 12.0, ""model__gamma"": 0.02, ""pca__n_components"": 104}",104,12.0,0.02,"{""model__C"": 12.0, ""model__gamma"": 0.02, ""pca__n_components"": 104}",stage3_local_cv,1,0.804375,5.091
stage3_507,stage3_seed_1,"{""model__C"": 12.0, ""model__gamma"": 0.02, ""pca__n_components"": 104}",104,12.0,0.02,"{""model__C"": 12.0, ""model__gamma"": 0.02, ""pca__n_components"": 104}",stage3_local_cv,2,0.793125,6.363
stage3_507,stage3_seed_1,"{""model__C"": 12.0, ""model__gamma"": 0.02, ""pca__n_components"": 104}",104,12.0,0.02,"{""model__C"": 12.0, ""model__gamma"": 0.02, ""pca__n_components"": 104}",stage3_local_cv,3,0.795625,5.556
stage3_507,stage3_seed_1,"{""model__C"": 12.0, ""model__gamma"": 0.02, ""pca__n_components"": 104}",104,12.0,0.02,"{""model__C"": 12.0, ""model__gamma"": 0.02, ""pca__n_components"": 104}",stage3_local_cv,4,0.793125,6.321
stage3_508,stage3_seed_1,"{""model__C"": 16.0, ""model__gamma"": ""scale"", ""pca__n_components"": 104}",104,16.0,scale,"{""model__C"": 16.0, ""model__gamma"": ""scale"", ""pca__n_components"": 104}",stage3_local_cv,0,0.804375,5.641
stage3_508,stage3_seed_1,"{""model__C"": 16.0, ""model__gamma"": ""scale"", ""pca__n_components"": 104}",104,16.0,scale,"{""model__C"": 16.0, ""model__gamma"": ""scale"", ""pca__n_components"": 104}",stage3_local_cv,1,0.811875,7.051
stage3_508,stage3_seed_1,"{""model__C"": 16.0, ""model__gamma"": ""scale"", ""pca__n_components"": 104}",104,16.0,scale,"{""model__C"": 16.0, ""model__gamma"": ""scale"", ""pca__n_components"": 104}",stage3_local_cv,2,0.803125,6.253
stage3_508,stage3_seed_1,"{""model__C"": 16.0, ""model__gamma"": ""scale"", ""pca__n_components"": 104}",104,16.0,scale,"{""model__C"": 16.0, ""model__gamma"": ""scale"", ""pca__n_components"": 104}",stage3_local_cv,3,0.793125,5.894
stage3_508,stage3_seed_1,"{""model__C"": 16.0, ""model__gamma"": ""scale"", ""pca__n_components"": 104}",104,16.0,scale,"{""model__C"": 16.0, ""model__gamma"": ""scale"", ""pca__n_components"": 104}",stage3_local_cv,4,0.798125,5.595
stage3_509,stage3_seed_1,"{""model__C"": 16.0, ""model__gamma"": 0.001, ""pca__n_components"": 104}",104,16.0,0.001,"{""model__C"": 16.0, ""model__gamma"": 0.001, ""pca__n_components"": 104}",stage3_local_cv,0,0.7425,5.632
stage3_509,stage3_seed_1,"{""model__C"": 16.0, ""model__gamma"": 0.001, ""pca__n_components"": 104}",104,16.0,0.001,"{""model__C"": 16.0, ""model__gamma"": 0.001, ""pca__n_components"": 104}",stage3_local_cv,1,0.73,4.875
stage3_509,stage3_seed_1,"{""model__C"": 16.0, ""model__gamma"": 0.001, ""pca__n_components"": 104}",104,16.0,0.001,"{""model__C"": 16.0, ""model__gamma"": 0.001, ""pca__n_components"": 104}",stage3_local_cv,2,0.725625,5.756
stage3_509,stage3_seed_1,"{""model__C"": 16.0, ""model__gamma"": 0.001, ""pca__n_components"": 104}",104,16.0,0.001,"{""model__C"": 16.0, ""model__gamma"": 0.001, ""pca__n_components"": 104}",stage3_local_cv,3,0.7475,5.897
stage3_509,stage3_seed_1,"{""model__C"": 16.0, ""model__gamma"": 0.001, ""pca__n_components"": 104}",104,16.0,0.001,"{""model__C"": 16.0, ""model__gamma"": 0.001, ""pca__n_components"": 104}",stage3_local_cv,4,0.73125,5.828
stage3_510,stage3_seed_1,"{""model__C"": 16.0, ""model__gamma"": 0.0025, ""pca__n_components"": 104}",104,16.0,0.0025,"{""model__C"": 16.0, ""model__gamma"": 0.0025, ""pca__n_components"": 104}",stage3_local_cv,0,0.798125,6.346
stage3_510,stage3_seed_1,"{""model__C"": 16.0, ""model__gamma"": 0.0025, ""pca__n_components"": 104}",104,16.0,0.0025,"{""model__C"": 16.0, ""model__gamma"": 0.0025, ""pca__n_components"": 104}",stage3_local_cv,1,0.786875,6.759
stage3_510,stage3_seed_1,"{""model__C"": 16.0, ""model__gamma"": 0.0025, ""pca__n_components"": 104}",104,16.0,0.0025,"{""model__C"": 16.0, ""model__gamma"": 0.0025, ""pca__n_components"": 104}",stage3_local_cv,2,0.7875,5.634
stage3_510,stage3_seed_1,"{""model__C"": 16.0, ""model__gamma"": 0.0025, ""pca__n_components"": 104}",104,16.0,0.0025,"{""model__C"": 16.0, ""model__gamma"": 0.0025, ""pca__n_components"": 104}",stage3_local_cv,3,0.796875,5.734
stage3_510,stage3_seed_1,"{""model__C"": 16.0, ""model__gamma"": 0.0025, ""pca__n_components"": 104}",104,16.0,0.0025,"{""model__C"": 16.0, ""model__gamma"": 0.0025, ""pca__n_components"": 104}",stage3_local_cv,4,0.77875,5.677
stage3_511,stage3_seed_1,"{""model__C"": 16.0, ""model__gamma"": 0.005, ""pca__n_components"": 104}",104,16.0,0.005,"{""model__C"": 16.0, ""model__gamma"": 0.005, ""pca__n_components"": 104}",stage3_local_cv,0,0.805,6.036
stage3_511,stage3_seed_1,"{""model__C"": 16.0, ""model__gamma"": 0.005, ""pca__n_components"": 104}",104,16.0,0.005,"{""model__C"": 16.0, ""model__gamma"": 0.005, ""pca__n_components"": 104}",stage3_local_cv,1,0.810625,5.782
stage3_511,stage3_seed_1,"{""model__C"": 16.0, ""model__gamma"": 0.005, ""pca__n_components"": 104}",104,16.0,0.005,"{""model__C"": 16.0, ""model__gamma"": 0.005, ""pca__n_components"": 104}",stage3_local_cv,2,0.803125,7.618
stage3_511,stage3_seed_1,"{""model__C"": 16.0, ""model__gamma"": 0.005, ""pca__n_components"": 104}",104,16.0,0.005,"{""model__C"": 16.0, ""model__gamma"": 0.005, ""pca__n_components"": 104}",stage3_local_cv,3,0.795,7.517
stage3_511,stage3_seed_1,"{""model__C"": 16.0, ""model__gamma"": 0.005, ""pca__n_components"": 104}",104,16.0,0.005,"{""model__C"": 16.0, ""model__gamma"": 0.005, ""pca__n_components"": 104}",stage3_local_cv,4,0.79625,7.22
stage3_512,stage3_seed_1,"{""model__C"": 16.0, ""model__gamma"": 0.01, ""pca__n_components"": 104}",104,16.0,0.01,"{""model__C"": 16.0, ""model__gamma"": 0.01, ""pca__n_components"": 104}",stage3_local_cv,0,0.799375,6.133
stage3_512,stage3_seed_1,"{""model__C"": 16.0, ""model__gamma"": 0.01, ""pca__n_components"": 104}",104,16.0,0.01,"{""model__C"": 16.0, ""model__gamma"": 0.01, ""pca__n_components"": 104}",stage3_local_cv,1,0.801875,6.588
stage3_512,stage3_seed_1,"{""model__C"": 16.0, ""model__gamma"": 0.01, ""pca__n_components"": 104}",104,16.0,0.01,"{""model__C"": 16.0, ""model__gamma"": 0.01, ""pca__n_components"": 104}",stage3_local_cv,2,0.808125,5.175
stage3_512,stage3_seed_1,"{""model__C"": 16.0, ""model__gamma"": 0.01, ""pca__n_components"": 104}",104,16.0,0.01,"{""model__C"": 16.0, ""model__gamma"": 0.01, ""pca__n_components"": 104}",stage3_local_cv,3,0.795625,5.204
stage3_512,stage3_seed_1,"{""model__C"": 16.0, ""model__gamma"": 0.01, ""pca__n_components"": 104}",104,16.0,0.01,"{""model__C"": 16.0, ""model__gamma"": 0.01, ""pca__n_components"": 104}",stage3_local_cv,4,0.801875,5.252
stage3_513,stage3_seed_1,"{""model__C"": 16.0, ""model__gamma"": 0.02, ""pca__n_components"": 104}",104,16.0,0.02,"{""model__C"": 16.0, ""model__gamma"": 0.02, ""pca__n_components"": 104}",stage3_local_cv,0,0.79625,5.02
stage3_513,stage3_seed_1,"{""model__C"": 16.0, ""model__gamma"": 0.02, ""pca__n_components"": 104}",104,16.0,0.02,"{""model__C"": 16.0, ""model__gamma"": 0.02, ""pca__n_components"": 104}",stage3_local_cv,1,0.804375,5.133
stage3_513,stage3_seed_1,"{""model__C"": 16.0, ""model__gamma"": 0.02, ""pca__n_components"": 104}",104,16.0,0.02,"{""model__C"": 16.0, ""model__gamma"": 0.02, ""pca__n_components"": 104}",stage3_local_cv,2,0.795,6.633
stage3_513,stage3_seed_1,"{""model__C"": 16.0, ""model__gamma"": 0.02, ""pca__n_components"": 104}",104,16.0,0.02,"{""model__C"": 16.0, ""model__gamma"": 0.02, ""pca__n_components"": 104}",stage3_local_cv,3,0.798125,6.396
stage3_513,stage3_seed_1,"{""model__C"": 16.0, ""model__gamma"": 0.02, ""pca__n_components"": 104}",104,16.0,0.02,"{""model__C"": 16.0, ""model__gamma"": 0.02, ""pca__n_components"": 104}",stage3_local_cv,4,0.7925,5.631
stage3_514,stage3_seed_1,"{""model__C"": 24.0, ""model__gamma"": ""scale"", ""pca__n_components"": 104}",104,24.0,scale,"{""model__C"": 24.0, ""model__gamma"": ""scale"", ""pca__n_components"": 104}",stage3_local_cv,0,0.795625,7.089
stage3_514,stage3_seed_1,"{""model__C"": 24.0, ""model__gamma"": ""scale"", ""pca__n_components"": 104}",104,24.0,scale,"{""model__C"": 24.0, ""model__gamma"": ""scale"", ""pca__n_components"": 104}",stage3_local_cv,1,0.808125,7.193
stage3_514,stage3_seed_1,"{""model__C"": 24.0, ""model__gamma"": ""scale"", ""pca__n_components"": 104}",104,24.0,scale,"{""model__C"": 24.0, ""model__gamma"": ""scale"", ""pca__n_components"": 104}",stage3_local_cv,2,0.79375,5.719
stage3_514,stage3_seed_1,"{""model__C"": 24.0, ""model__gamma"": ""scale"", ""pca__n_components"": 104}",104,24.0,scale,"{""model__C"": 24.0, ""model__gamma"": ""scale"", ""pca__n_components"": 104}",stage3_local_cv,3,0.795625,5.708
stage3_514,stage3_seed_1,"{""model__C"": 24.0, ""model__gamma"": ""scale"", ""pca__n_components"": 104}",104,24.0,scale,"{""model__C"": 24.0, ""model__gamma"": ""scale"", ""pca__n_components"": 104}",stage3_local_cv,4,0.7875,6.485
stage3_515,stage3_seed_1,"{""model__C"": 24.0, ""model__gamma"": 0.001, ""pca__n_components"": 104}",104,24.0,0.001,"{""model__C"": 24.0, ""model__gamma"": 0.001, ""pca__n_components"": 104}",stage3_local_cv,0,0.755,5.097
stage3_515,stage3_seed_1,"{""model__C"": 24.0, ""model__gamma"": 0.001, ""pca__n_components"": 104}",104,24.0,0.001,"{""model__C"": 24.0, ""model__gamma"": 0.001, ""pca__n_components"": 104}",stage3_local_cv,1,0.7425,5.243
stage3_515,stage3_seed_1,"{""model__C"": 24.0, ""model__gamma"": 0.001, ""pca__n_components"": 104}",104,24.0,0.001,"{""model__C"": 24.0, ""model__gamma"": 0.001, ""pca__n_components"": 104}",stage3_local_cv,2,0.740625,6.302
stage3_515,stage3_seed_1,"{""model__C"": 24.0, ""model__gamma"": 0.001, ""pca__n_components"": 104}",104,24.0,0.001,"{""model__C"": 24.0, ""model__gamma"": 0.001, ""pca__n_components"": 104}",stage3_local_cv,3,0.755,6.143
stage3_515,stage3_seed_1,"{""model__C"": 24.0, ""model__gamma"": 0.001, ""pca__n_components"": 104}",104,24.0,0.001,"{""model__C"": 24.0, ""model__gamma"": 0.001, ""pca__n_components"": 104}",stage3_local_cv,4,0.735,5.106
stage3_516,stage3_seed_1,"{""model__C"": 24.0, ""model__gamma"": 0.0025, ""pca__n_components"": 104}",104,24.0,0.0025,"{""model__C"": 24.0, ""model__gamma"": 0.0025, ""pca__n_components"": 104}",stage3_local_cv,0,0.804375,8.51
stage3_516,stage3_seed_1,"{""model__C"": 24.0, ""model__gamma"": 0.0025, ""pca__n_components"": 104}",104,24.0,0.0025,"{""model__C"": 24.0, ""model__gamma"": 0.0025, ""pca__n_components"": 104}",stage3_local_cv,1,0.794375,8.763
stage3_516,stage3_seed_1,"{""model__C"": 24.0, ""model__gamma"": 0.0025, ""pca__n_components"": 104}",104,24.0,0.0025,"{""model__C"": 24.0, ""model__gamma"": 0.0025, ""pca__n_components"": 104}",stage3_local_cv,2,0.793125,7.578
stage3_516,stage3_seed_1,"{""model__C"": 24.0, ""model__gamma"": 0.0025, ""pca__n_components"": 104}",104,24.0,0.0025,"{""model__C"": 24.0, ""model__gamma"": 0.0025, ""pca__n_components"": 104}",stage3_local_cv,3,0.8,7.374
stage3_516,stage3_seed_1,"{""model__C"": 24.0, ""model__gamma"": 0.0025, ""pca__n_components"": 104}",104,24.0,0.0025,"{""model__C"": 24.0, ""model__gamma"": 0.0025, ""pca__n_components"": 104}",stage3_local_cv,4,0.7875,8.3
stage3_517,stage3_seed_1,"{""model__C"": 24.0, ""model__gamma"": 0.005, ""pca__n_components"": 104}",104,24.0,0.005,"{""model__C"": 24.0, ""model__gamma"": 0.005, ""pca__n_components"": 104}",stage3_local_cv,0,0.795,6.278
stage3_517,stage3_seed_1,"{""model__C"": 24.0, ""model__gamma"": 0.005, ""pca__n_components"": 104}",104,24.0,0.005,"{""model__C"": 24.0, ""model__gamma"": 0.005, ""pca__n_components"": 104}",stage3_local_cv,1,0.8075,5.749
stage3_517,stage3_seed_1,"{""model__C"": 24.0, ""model__gamma"": 0.005, ""pca__n_components"": 104}",104,24.0,0.005,"{""model__C"": 24.0, ""model__gamma"": 0.005, ""pca__n_components"": 104}",stage3_local_cv,2,0.791875,7.121
stage3_517,stage3_seed_1,"{""model__C"": 24.0, ""model__gamma"": 0.005, ""pca__n_components"": 104}",104,24.0,0.005,"{""model__C"": 24.0, ""model__gamma"": 0.005, ""pca__n_components"": 104}",stage3_local_cv,3,0.789375,7.05
stage3_517,stage3_seed_1,"{""model__C"": 24.0, ""model__gamma"": 0.005, ""pca__n_components"": 104}",104,24.0,0.005,"{""model__C"": 24.0, ""model__gamma"": 0.005, ""pca__n_components"": 104}",stage3_local_cv,4,0.78875,6.348
stage3_518,stage3_seed_1,"{""model__C"": 24.0, ""model__gamma"": 0.01, ""pca__n_components"": 104}",104,24.0,0.01,"{""model__C"": 24.0, ""model__gamma"": 0.01, ""pca__n_components"": 104}",stage3_local_cv,0,0.791875,6.519
stage3_518,stage3_seed_1,"{""model__C"": 24.0, ""model__gamma"": 0.01, ""pca__n_components"": 104}",104,24.0,0.01,"{""model__C"": 24.0, ""model__gamma"": 0.01, ""pca__n_components"": 104}",stage3_local_cv,1,0.79625,6.572
stage3_518,stage3_seed_1,"{""model__C"": 24.0, ""model__gamma"": 0.01, ""pca__n_components"": 104}",104,24.0,0.01,"{""model__C"": 24.0, ""model__gamma"": 0.01, ""pca__n_components"": 104}",stage3_local_cv,2,0.80125,5.224
stage3_518,stage3_seed_1,"{""model__C"": 24.0, ""model__gamma"": 0.01, ""pca__n_components"": 104}",104,24.0,0.01,"{""model__C"": 24.0, ""model__gamma"": 0.01, ""pca__n_components"": 104}",stage3_local_cv,3,0.791875,5.25
stage3_518,stage3_seed_1,"{""model__C"": 24.0, ""model__gamma"": 0.01, ""pca__n_components"": 104}",104,24.0,0.01,"{""model__C"": 24.0, ""model__gamma"": 0.01, ""pca__n_components"": 104}",stage3_local_cv,4,0.79875,5.881
stage3_519,stage3_seed_1,"{""model__C"": 24.0, ""model__gamma"": 0.02, ""pca__n_components"": 104}",104,24.0,0.02,"{""model__C"": 24.0, ""model__gamma"": 0.02, ""pca__n_components"": 104}",stage3_local_cv,0,0.793125,5.016
stage3_519,stage3_seed_1,"{""model__C"": 24.0, ""model__gamma"": 0.02, ""pca__n_components"": 104}",104,24.0,0.02,"{""model__C"": 24.0, ""model__gamma"": 0.02, ""pca__n_components"": 104}",stage3_local_cv,1,0.803125,5.374
stage3_519,stage3_seed_1,"{""model__C"": 24.0, ""model__gamma"": 0.02, ""pca__n_components"": 104}",104,24.0,0.02,"{""model__C"": 24.0, ""model__gamma"": 0.02, ""pca__n_components"": 104}",stage3_local_cv,2,0.78875,6.572
stage3_519,stage3_seed_1,"{""model__C"": 24.0, ""model__gamma"": 0.02, ""pca__n_components"": 104}",104,24.0,0.02,"{""model__C"": 24.0, ""model__gamma"": 0.02, ""pca__n_components"": 104}",stage3_local_cv,3,0.793125,6.581
stage3_519,stage3_seed_1,"{""model__C"": 24.0, ""model__gamma"": 0.02, ""pca__n_components"": 104}",104,24.0,0.02,"{""model__C"": 24.0, ""model__gamma"": 0.02, ""pca__n_components"": 104}",stage3_local_cv,4,0.78875,5.148
stage3_520,stage3_seed_1,"{""model__C"": 4.0, ""model__gamma"": ""scale"", ""pca__n_components"": 108}",108,4.0,scale,"{""model__C"": 4.0, ""model__gamma"": ""scale"", ""pca__n_components"": 108}",stage3_local_cv,0,0.79625,6.351
stage3_520,stage3_seed_1,"{""model__C"": 4.0, ""model__gamma"": ""scale"", ""pca__n_components"": 108}",108,4.0,scale,"{""model__C"": 4.0, ""model__gamma"": ""scale"", ""pca__n_components"": 108}",stage3_local_cv,1,0.7875,5.152
stage3_520,stage3_seed_1,"{""model__C"": 4.0, ""model__gamma"": ""scale"", ""pca__n_components"": 108}",108,4.0,scale,"{""model__C"": 4.0, ""model__gamma"": ""scale"", ""pca__n_components"": 108}",stage3_local_cv,2,0.785,5.157
stage3_520,stage3_seed_1,"{""model__C"": 4.0, ""model__gamma"": ""scale"", ""pca__n_components"": 108}",108,4.0,scale,"{""model__C"": 4.0, ""model__gamma"": ""scale"", ""pca__n_components"": 108}",stage3_local_cv,3,0.790625,5.145
stage3_520,stage3_seed_1,"{""model__C"": 4.0, ""model__gamma"": ""scale"", ""pca__n_components"": 108}",108,4.0,scale,"{""model__C"": 4.0, ""model__gamma"": ""scale"", ""pca__n_components"": 108}",stage3_local_cv,4,0.785625,6.306
stage3_521,stage3_seed_1,"{""model__C"": 4.0, ""model__gamma"": 0.001, ""pca__n_components"": 108}",108,4.0,0.001,"{""model__C"": 4.0, ""model__gamma"": 0.001, ""pca__n_components"": 108}",stage3_local_cv,0,0.721875,4.363
stage3_521,stage3_seed_1,"{""model__C"": 4.0, ""model__gamma"": 0.001, ""pca__n_components"": 108}",108,4.0,0.001,"{""model__C"": 4.0, ""model__gamma"": 0.001, ""pca__n_components"": 108}",stage3_local_cv,1,0.70125,5.783
stage3_521,stage3_seed_1,"{""model__C"": 4.0, ""model__gamma"": 0.001, ""pca__n_components"": 108}",108,4.0,0.001,"{""model__C"": 4.0, ""model__gamma"": 0.001, ""pca__n_components"": 108}",stage3_local_cv,2,0.6975,4.462
stage3_521,stage3_seed_1,"{""model__C"": 4.0, ""model__gamma"": 0.001, ""pca__n_components"": 108}",108,4.0,0.001,"{""model__C"": 4.0, ""model__gamma"": 0.001, ""pca__n_components"": 108}",stage3_local_cv,3,0.721875,4.666
stage3_521,stage3_seed_1,"{""model__C"": 4.0, ""model__gamma"": 0.001, ""pca__n_components"": 108}",108,4.0,0.001,"{""model__C"": 4.0, ""model__gamma"": 0.001, ""pca__n_components"": 108}",stage3_local_cv,4,0.6975,4.506
stage3_522,stage3_seed_1,"{""model__C"": 4.0, ""model__gamma"": 0.0025, ""pca__n_components"": 108}",108,4.0,0.0025,"{""model__C"": 4.0, ""model__gamma"": 0.0025, ""pca__n_components"": 108}",stage3_local_cv,0,0.758125,4.657
stage3_522,stage3_seed_1,"{""model__C"": 4.0, ""model__gamma"": 0.0025, ""pca__n_components"": 108}",108,4.0,0.0025,"{""model__C"": 4.0, ""model__gamma"": 0.0025, ""pca__n_components"": 108}",stage3_local_cv,1,0.7425,4.804
stage3_522,stage3_seed_1,"{""model__C"": 4.0, ""model__gamma"": 0.0025, ""pca__n_components"": 108}",108,4.0,0.0025,"{""model__C"": 4.0, ""model__gamma"": 0.0025, ""pca__n_components"": 108}",stage3_local_cv,2,0.740625,5.88
stage3_522,stage3_seed_1,"{""model__C"": 4.0, ""model__gamma"": 0.0025, ""pca__n_components"": 108}",108,4.0,0.0025,"{""model__C"": 4.0, ""model__gamma"": 0.0025, ""pca__n_components"": 108}",stage3_local_cv,3,0.75125,5.801
stage3_522,stage3_seed_1,"{""model__C"": 4.0, ""model__gamma"": 0.0025, ""pca__n_components"": 108}",108,4.0,0.0025,"{""model__C"": 4.0, ""model__gamma"": 0.0025, ""pca__n_components"": 108}",stage3_local_cv,4,0.735,5.966
stage3_523,stage3_seed_1,"{""model__C"": 4.0, ""model__gamma"": 0.005, ""pca__n_components"": 108}",108,4.0,0.005,"{""model__C"": 4.0, ""model__gamma"": 0.005, ""pca__n_components"": 108}",stage3_local_cv,0,0.79375,6.322
stage3_523,stage3_seed_1,"{""model__C"": 4.0, ""model__gamma"": 0.005, ""pca__n_components"": 108}",108,4.0,0.005,"{""model__C"": 4.0, ""model__gamma"": 0.005, ""pca__n_components"": 108}",stage3_local_cv,1,0.78875,6.315
stage3_523,stage3_seed_1,"{""model__C"": 4.0, ""model__gamma"": 0.005, ""pca__n_components"": 108}",108,4.0,0.005,"{""model__C"": 4.0, ""model__gamma"": 0.005, ""pca__n_components"": 108}",stage3_local_cv,2,0.785625,5.069
stage3_523,stage3_seed_1,"{""model__C"": 4.0, ""model__gamma"": 0.005, ""pca__n_components"": 108}",108,4.0,0.005,"{""model__C"": 4.0, ""model__gamma"": 0.005, ""pca__n_components"": 108}",stage3_local_cv,3,0.78625,4.994
stage3_523,stage3_seed_1,"{""model__C"": 4.0, ""model__gamma"": 0.005, ""pca__n_components"": 108}",108,4.0,0.005,"{""model__C"": 4.0, ""model__gamma"": 0.005, ""pca__n_components"": 108}",stage3_local_cv,4,0.7825,5.045
stage3_524,stage3_seed_1,"{""model__C"": 4.0, ""model__gamma"": 0.01, ""pca__n_components"": 108}",108,4.0,0.01,"{""model__C"": 4.0, ""model__gamma"": 0.01, ""pca__n_components"": 108}",stage3_local_cv,0,0.814375,5.396
stage3_524,stage3_seed_1,"{""model__C"": 4.0, ""model__gamma"": 0.01, ""pca__n_components"": 108}",108,4.0,0.01,"{""model__C"": 4.0, ""model__gamma"": 0.01, ""pca__n_components"": 108}",stage3_local_cv,1,0.80625,5.574
stage3_524,stage3_seed_1,"{""model__C"": 4.0, ""model__gamma"": 0.01, ""pca__n_components"": 108}",108,4.0,0.01,"{""model__C"": 4.0, ""model__gamma"": 0.01, ""pca__n_components"": 108}",stage3_local_cv,2,0.8075,6.847
stage3_524,stage3_seed_1,"{""model__C"": 4.0, ""model__gamma"": 0.01, ""pca__n_components"": 108}",108,4.0,0.01,"{""model__C"": 4.0, ""model__gamma"": 0.01, ""pca__n_components"": 108}",stage3_local_cv,3,0.80125,6.694
stage3_524,stage3_seed_1,"{""model__C"": 4.0, ""model__gamma"": 0.01, ""pca__n_components"": 108}",108,4.0,0.01,"{""model__C"": 4.0, ""model__gamma"": 0.01, ""pca__n_components"": 108}",stage3_local_cv,4,0.810625,6.208
stage3_525,stage3_seed_1,"{""model__C"": 4.0, ""model__gamma"": 0.02, ""pca__n_components"": 108}",108,4.0,0.02,"{""model__C"": 4.0, ""model__gamma"": 0.02, ""pca__n_components"": 108}",stage3_local_cv,0,0.804375,6.613
stage3_525,stage3_seed_1,"{""model__C"": 4.0, ""model__gamma"": 0.02, ""pca__n_components"": 108}",108,4.0,0.02,"{""model__C"": 4.0, ""model__gamma"": 0.02, ""pca__n_components"": 108}",stage3_local_cv,1,0.80625,6.9
stage3_525,stage3_seed_1,"{""model__C"": 4.0, ""model__gamma"": 0.02, ""pca__n_components"": 108}",108,4.0,0.02,"{""model__C"": 4.0, ""model__gamma"": 0.02, ""pca__n_components"": 108}",stage3_local_cv,2,0.795,5.402
stage3_525,stage3_seed_1,"{""model__C"": 4.0, ""model__gamma"": 0.02, ""pca__n_components"": 108}",108,4.0,0.02,"{""model__C"": 4.0, ""model__gamma"": 0.02, ""pca__n_components"": 108}",stage3_local_cv,3,0.799375,5.298
stage3_525,stage3_seed_1,"{""model__C"": 4.0, ""model__gamma"": 0.02, ""pca__n_components"": 108}",108,4.0,0.02,"{""model__C"": 4.0, ""model__gamma"": 0.02, ""pca__n_components"": 108}",stage3_local_cv,4,0.7975,6.088
stage3_526,stage3_seed_1,"{""model__C"": 6.0, ""model__gamma"": ""scale"", ""pca__n_components"": 108}",108,6.0,scale,"{""model__C"": 6.0, ""model__gamma"": ""scale"", ""pca__n_components"": 108}",stage3_local_cv,0,0.80875,6.114
stage3_526,stage3_seed_1,"{""model__C"": 6.0, ""model__gamma"": ""scale"", ""pca__n_components"": 108}",108,6.0,scale,"{""model__C"": 6.0, ""model__gamma"": ""scale"", ""pca__n_components"": 108}",stage3_local_cv,1,0.80125,5.904
stage3_526,stage3_seed_1,"{""model__C"": 6.0, ""model__gamma"": ""scale"", ""pca__n_components"": 108}",108,6.0,scale,"{""model__C"": 6.0, ""model__gamma"": ""scale"", ""pca__n_components"": 108}",stage3_local_cv,2,0.79625,6.863
stage3_526,stage3_seed_1,"{""model__C"": 6.0, ""model__gamma"": ""scale"", ""pca__n_components"": 108}",108,6.0,scale,"{""model__C"": 6.0, ""model__gamma"": ""scale"", ""pca__n_components"": 108}",stage3_local_cv,3,0.80125,6.818
stage3_526,stage3_seed_1,"{""model__C"": 6.0, ""model__gamma"": ""scale"", ""pca__n_components"": 108}",108,6.0,scale,"{""model__C"": 6.0, ""model__gamma"": ""scale"", ""pca__n_components"": 108}",stage3_local_cv,4,0.796875,6.192
stage3_527,stage3_seed_1,"{""model__C"": 6.0, ""model__gamma"": 0.001, ""pca__n_components"": 108}",108,6.0,0.001,"{""model__C"": 6.0, ""model__gamma"": 0.001, ""pca__n_components"": 108}",stage3_local_cv,0,0.72625,5.707
stage3_527,stage3_seed_1,"{""model__C"": 6.0, ""model__gamma"": 0.001, ""pca__n_components"": 108}",108,6.0,0.001,"{""model__C"": 6.0, ""model__gamma"": 0.001, ""pca__n_components"": 108}",stage3_local_cv,1,0.715625,4.861
stage3_527,stage3_seed_1,"{""model__C"": 6.0, ""model__gamma"": 0.001, ""pca__n_components"": 108}",108,6.0,0.001,"{""model__C"": 6.0, ""model__gamma"": 0.001, ""pca__n_components"": 108}",stage3_local_cv,2,0.703125,4.588
stage3_527,stage3_seed_1,"{""model__C"": 6.0, ""model__gamma"": 0.001, ""pca__n_components"": 108}",108,6.0,0.001,"{""model__C"": 6.0, ""model__gamma"": 0.001, ""pca__n_components"": 108}",stage3_local_cv,3,0.7275,4.555
stage3_527,stage3_seed_1,"{""model__C"": 6.0, ""model__gamma"": 0.001, ""pca__n_components"": 108}",108,6.0,0.001,"{""model__C"": 6.0, ""model__gamma"": 0.001, ""pca__n_components"": 108}",stage3_local_cv,4,0.70875,5.458
stage3_528,stage3_seed_1,"{""model__C"": 6.0, ""model__gamma"": 0.0025, ""pca__n_components"": 108}",108,6.0,0.0025,"{""model__C"": 6.0, ""model__gamma"": 0.0025, ""pca__n_components"": 108}",stage3_local_cv,0,0.763125,4.829
stage3_528,stage3_seed_1,"{""model__C"": 6.0, ""model__gamma"": 0.0025, ""pca__n_components"": 108}",108,6.0,0.0025,"{""model__C"": 6.0, ""model__gamma"": 0.0025, ""pca__n_components"": 108}",stage3_local_cv,1,0.755,6.122
stage3_528,stage3_seed_1,"{""model__C"": 6.0, ""model__gamma"": 0.0025, ""pca__n_components"": 108}",108,6.0,0.0025,"{""model__C"": 6.0, ""model__gamma"": 0.0025, ""pca__n_components"": 108}",stage3_local_cv,2,0.756875,5.127
stage3_528,stage3_seed_1,"{""model__C"": 6.0, ""model__gamma"": 0.0025, ""pca__n_components"": 108}",108,6.0,0.0025,"{""model__C"": 6.0, ""model__gamma"": 0.0025, ""pca__n_components"": 108}",stage3_local_cv,3,0.764375,5.341
stage3_528,stage3_seed_1,"{""model__C"": 6.0, ""model__gamma"": 0.0025, ""pca__n_components"": 108}",108,6.0,0.0025,"{""model__C"": 6.0, ""model__gamma"": 0.0025, ""pca__n_components"": 108}",stage3_local_cv,4,0.7475,4.922
stage3_529,stage3_seed_1,"{""model__C"": 6.0, ""model__gamma"": 0.005, ""pca__n_components"": 108}",108,6.0,0.005,"{""model__C"": 6.0, ""model__gamma"": 0.005, ""pca__n_components"": 108}",stage3_local_cv,0,0.8125,6.508
stage3_529,stage3_seed_1,"{""model__C"": 6.0, ""model__gamma"": 0.005, ""pca__n_components"": 108}",108,6.0,0.005,"{""model__C"": 6.0, ""model__gamma"": 0.005, ""pca__n_components"": 108}",stage3_local_cv,1,0.798125,5.754
stage3_529,stage3_seed_1,"{""model__C"": 6.0, ""model__gamma"": 0.005, ""pca__n_components"": 108}",108,6.0,0.005,"{""model__C"": 6.0, ""model__gamma"": 0.005, ""pca__n_components"": 108}",stage3_local_cv,2,0.79625,6.78
stage3_529,stage3_seed_1,"{""model__C"": 6.0, ""model__gamma"": 0.005, ""pca__n_components"": 108}",108,6.0,0.005,"{""model__C"": 6.0, ""model__gamma"": 0.005, ""pca__n_components"": 108}",stage3_local_cv,3,0.79875,6.649
stage3_529,stage3_seed_1,"{""model__C"": 6.0, ""model__gamma"": 0.005, ""pca__n_components"": 108}",108,6.0,0.005,"{""model__C"": 6.0, ""model__gamma"": 0.005, ""pca__n_components"": 108}",stage3_local_cv,4,0.79625,6.957
stage3_530,stage3_seed_1,"{""model__C"": 6.0, ""model__gamma"": 0.01, ""pca__n_components"": 108}",108,6.0,0.01,"{""model__C"": 6.0, ""model__gamma"": 0.01, ""pca__n_components"": 108}",stage3_local_cv,0,0.813125,5.972
stage3_530,stage3_seed_1,"{""model__C"": 6.0, ""model__gamma"": 0.01, ""pca__n_components"": 108}",108,6.0,0.01,"{""model__C"": 6.0, ""model__gamma"": 0.01, ""pca__n_components"": 108}",stage3_local_cv,1,0.80125,6.804
stage3_530,stage3_seed_1,"{""model__C"": 6.0, ""model__gamma"": 0.01, ""pca__n_components"": 108}",108,6.0,0.01,"{""model__C"": 6.0, ""model__gamma"": 0.01, ""pca__n_components"": 108}",stage3_local_cv,2,0.815625,5.442
stage3_530,stage3_seed_1,"{""model__C"": 6.0, ""model__gamma"": 0.01, ""pca__n_components"": 108}",108,6.0,0.01,"{""model__C"": 6.0, ""model__gamma"": 0.01, ""pca__n_components"": 108}",stage3_local_cv,3,0.803125,5.473
stage3_530,stage3_seed_1,"{""model__C"": 6.0, ""model__gamma"": 0.01, ""pca__n_components"": 108}",108,6.0,0.01,"{""model__C"": 6.0, ""model__gamma"": 0.01, ""pca__n_components"": 108}",stage3_local_cv,4,0.809375,5.555
stage3_531,stage3_seed_1,"{""model__C"": 6.0, ""model__gamma"": 0.02, ""pca__n_components"": 108}",108,6.0,0.02,"{""model__C"": 6.0, ""model__gamma"": 0.02, ""pca__n_components"": 108}",stage3_local_cv,0,0.803125,5.321
stage3_531,stage3_seed_1,"{""model__C"": 6.0, ""model__gamma"": 0.02, ""pca__n_components"": 108}",108,6.0,0.02,"{""model__C"": 6.0, ""model__gamma"": 0.02, ""pca__n_components"": 108}",stage3_local_cv,1,0.8075,5.447
stage3_531,stage3_seed_1,"{""model__C"": 6.0, ""model__gamma"": 0.02, ""pca__n_components"": 108}",108,6.0,0.02,"{""model__C"": 6.0, ""model__gamma"": 0.02, ""pca__n_components"": 108}",stage3_local_cv,2,0.79625,6.565
stage3_531,stage3_seed_1,"{""model__C"": 6.0, ""model__gamma"": 0.02, ""pca__n_components"": 108}",108,6.0,0.02,"{""model__C"": 6.0, ""model__gamma"": 0.02, ""pca__n_components"": 108}",stage3_local_cv,3,0.799375,6.596
stage3_531,stage3_seed_1,"{""model__C"": 6.0, ""model__gamma"": 0.02, ""pca__n_components"": 108}",108,6.0,0.02,"{""model__C"": 6.0, ""model__gamma"": 0.02, ""pca__n_components"": 108}",stage3_local_cv,4,0.79375,6.787
stage3_532,stage3_seed_1,"{""model__C"": 8.0, ""model__gamma"": ""scale"", ""pca__n_components"": 108}",108,8.0,scale,"{""model__C"": 8.0, ""model__gamma"": ""scale"", ""pca__n_components"": 108}",stage3_local_cv,0,0.813125,6.966
stage3_532,stage3_seed_1,"{""model__C"": 8.0, ""model__gamma"": ""scale"", ""pca__n_components"": 108}",108,8.0,scale,"{""model__C"": 8.0, ""model__gamma"": ""scale"", ""pca__n_components"": 108}",stage3_local_cv,1,0.80875,7.249
stage3_532,stage3_seed_1,"{""model__C"": 8.0, ""model__gamma"": ""scale"", ""pca__n_components"": 108}",108,8.0,scale,"{""model__C"": 8.0, ""model__gamma"": ""scale"", ""pca__n_components"": 108}",stage3_local_cv,2,0.800625,5.865
stage3_532,stage3_seed_1,"{""model__C"": 8.0, ""model__gamma"": ""scale"", ""pca__n_components"": 108}",108,8.0,scale,"{""model__C"": 8.0, ""model__gamma"": ""scale"", ""pca__n_components"": 108}",stage3_local_cv,3,0.799375,5.794
stage3_532,stage3_seed_1,"{""model__C"": 8.0, ""model__gamma"": ""scale"", ""pca__n_components"": 108}",108,8.0,scale,"{""model__C"": 8.0, ""model__gamma"": ""scale"", ""pca__n_components"": 108}",stage3_local_cv,4,0.7975,5.82
stage3_533,stage3_seed_1,"{""model__C"": 8.0, ""model__gamma"": 0.001, ""pca__n_components"": 108}",108,8.0,0.001,"{""model__C"": 8.0, ""model__gamma"": 0.001, ""pca__n_components"": 108}",stage3_local_cv,0,0.72875,4.583
stage3_533,stage3_seed_1,"{""model__C"": 8.0, ""model__gamma"": 0.001, ""pca__n_components"": 108}",108,8.0,0.001,"{""model__C"": 8.0, ""model__gamma"": 0.001, ""pca__n_components"": 108}",stage3_local_cv,1,0.714375,4.755
stage3_533,stage3_seed_1,"{""model__C"": 8.0, ""model__gamma"": 0.001, ""pca__n_components"": 108}",108,8.0,0.001,"{""model__C"": 8.0, ""model__gamma"": 0.001, ""pca__n_components"": 108}",stage3_local_cv,2,0.705625,5.839
stage3_533,stage3_seed_1,"{""model__C"": 8.0, ""model__gamma"": 0.001, ""pca__n_components"": 108}",108,8.0,0.001,"{""model__C"": 8.0, ""model__gamma"": 0.001, ""pca__n_components"": 108}",stage3_local_cv,3,0.73625,5.838
stage3_533,stage3_seed_1,"{""model__C"": 8.0, ""model__gamma"": 0.001, ""pca__n_components"": 108}",108,8.0,0.001,"{""model__C"": 8.0, ""model__gamma"": 0.001, ""pca__n_components"": 108}",stage3_local_cv,4,0.7175,5.849
stage3_534,stage3_seed_1,"{""model__C"": 8.0, ""model__gamma"": 0.0025, ""pca__n_components"": 108}",108,8.0,0.0025,"{""model__C"": 8.0, ""model__gamma"": 0.0025, ""pca__n_components"": 108}",stage3_local_cv,0,0.775,6.057
stage3_534,stage3_seed_1,"{""model__C"": 8.0, ""model__gamma"": 0.0025, ""pca__n_components"": 108}",108,8.0,0.0025,"{""model__C"": 8.0, ""model__gamma"": 0.0025, ""pca__n_components"": 108}",stage3_local_cv,1,0.761875,6.439
stage3_534,stage3_seed_1,"{""model__C"": 8.0, ""model__gamma"": 0.0025, ""pca__n_components"": 108}",108,8.0,0.0025,"{""model__C"": 8.0, ""model__gamma"": 0.0025, ""pca__n_components"": 108}",stage3_local_cv,2,0.764375,5.128
stage3_534,stage3_seed_1,"{""model__C"": 8.0, ""model__gamma"": 0.0025, ""pca__n_components"": 108}",108,8.0,0.0025,"{""model__C"": 8.0, ""model__gamma"": 0.0025, ""pca__n_components"": 108}",stage3_local_cv,3,0.76875,5.121
stage3_534,stage3_seed_1,"{""model__C"": 8.0, ""model__gamma"": 0.0025, ""pca__n_components"": 108}",108,8.0,0.0025,"{""model__C"": 8.0, ""model__gamma"": 0.0025, ""pca__n_components"": 108}",stage3_local_cv,4,0.76125,5.09
stage3_535,stage3_seed_1,"{""model__C"": 8.0, ""model__gamma"": 0.005, ""pca__n_components"": 108}",108,8.0,0.005,"{""model__C"": 8.0, ""model__gamma"": 0.005, ""pca__n_components"": 108}",stage3_local_cv,0,0.814375,5.782
stage3_535,stage3_seed_1,"{""model__C"": 8.0, ""model__gamma"": 0.005, ""pca__n_components"": 108}",108,8.0,0.005,"{""model__C"": 8.0, ""model__gamma"": 0.005, ""pca__n_components"": 108}",stage3_local_cv,1,0.808125,5.809
stage3_535,stage3_seed_1,"{""model__C"": 8.0, ""model__gamma"": 0.005, ""pca__n_components"": 108}",108,8.0,0.005,"{""model__C"": 8.0, ""model__gamma"": 0.005, ""pca__n_components"": 108}",stage3_local_cv,2,0.80125,7.071
stage3_535,stage3_seed_1,"{""model__C"": 8.0, ""model__gamma"": 0.005, ""pca__n_components"": 108}",108,8.0,0.005,"{""model__C"": 8.0, ""model__gamma"": 0.005, ""pca__n_components"": 108}",stage3_local_cv,3,0.7975,7.493
stage3_535,stage3_seed_1,"{""model__C"": 8.0, ""model__gamma"": 0.005, ""pca__n_components"": 108}",108,8.0,0.005,"{""model__C"": 8.0, ""model__gamma"": 0.005, ""pca__n_components"": 108}",stage3_local_cv,4,0.7925,6.826
stage3_536,stage3_seed_1,"{""model__C"": 8.0, ""model__gamma"": 0.01, ""pca__n_components"": 108}",108,8.0,0.01,"{""model__C"": 8.0, ""model__gamma"": 0.01, ""pca__n_components"": 108}",stage3_local_cv,0,0.813125,6.866
stage3_536,stage3_seed_1,"{""model__C"": 8.0, ""model__gamma"": 0.01, ""pca__n_components"": 108}",108,8.0,0.01,"{""model__C"": 8.0, ""model__gamma"": 0.01, ""pca__n_components"": 108}",stage3_local_cv,1,0.80625,7.055
stage3_536,stage3_seed_1,"{""model__C"": 8.0, ""model__gamma"": 0.01, ""pca__n_components"": 108}",108,8.0,0.01,"{""model__C"": 8.0, ""model__gamma"": 0.01, ""pca__n_components"": 108}",stage3_local_cv,2,0.813125,5.45
stage3_536,stage3_seed_1,"{""model__C"": 8.0, ""model__gamma"": 0.01, ""pca__n_components"": 108}",108,8.0,0.01,"{""model__C"": 8.0, ""model__gamma"": 0.01, ""pca__n_components"": 108}",stage3_local_cv,3,0.799375,5.505
stage3_536,stage3_seed_1,"{""model__C"": 8.0, ""model__gamma"": 0.01, ""pca__n_components"": 108}",108,8.0,0.01,"{""model__C"": 8.0, ""model__gamma"": 0.01, ""pca__n_components"": 108}",stage3_local_cv,4,0.809375,5.958
stage3_537,stage3_seed_1,"{""model__C"": 8.0, ""model__gamma"": 0.02, ""pca__n_components"": 108}",108,8.0,0.02,"{""model__C"": 8.0, ""model__gamma"": 0.02, ""pca__n_components"": 108}",stage3_local_cv,0,0.80125,5.302
stage3_537,stage3_seed_1,"{""model__C"": 8.0, ""model__gamma"": 0.02, ""pca__n_components"": 108}",108,8.0,0.02,"{""model__C"": 8.0, ""model__gamma"": 0.02, ""pca__n_components"": 108}",stage3_local_cv,1,0.806875,5.563
stage3_537,stage3_seed_1,"{""model__C"": 8.0, ""model__gamma"": 0.02, ""pca__n_components"": 108}",108,8.0,0.02,"{""model__C"": 8.0, ""model__gamma"": 0.02, ""pca__n_components"": 108}",stage3_local_cv,2,0.796875,6.847
stage3_537,stage3_seed_1,"{""model__C"": 8.0, ""model__gamma"": 0.02, ""pca__n_components"": 108}",108,8.0,0.02,"{""model__C"": 8.0, ""model__gamma"": 0.02, ""pca__n_components"": 108}",stage3_local_cv,3,0.7975,6.74
stage3_537,stage3_seed_1,"{""model__C"": 8.0, ""model__gamma"": 0.02, ""pca__n_components"": 108}",108,8.0,0.02,"{""model__C"": 8.0, ""model__gamma"": 0.02, ""pca__n_components"": 108}",stage3_local_cv,4,0.795,6.385
stage3_538,stage3_seed_1,"{""model__C"": 12.0, ""model__gamma"": ""scale"", ""pca__n_components"": 108}",108,12.0,scale,"{""model__C"": 12.0, ""model__gamma"": ""scale"", ""pca__n_components"": 108}",stage3_local_cv,0,0.809375,7.737
stage3_538,stage3_seed_1,"{""model__C"": 12.0, ""model__gamma"": ""scale"", ""pca__n_components"": 108}",108,12.0,scale,"{""model__C"": 12.0, ""model__gamma"": ""scale"", ""pca__n_components"": 108}",stage3_local_cv,1,0.810625,7.126
stage3_538,stage3_seed_1,"{""model__C"": 12.0, ""model__gamma"": ""scale"", ""pca__n_components"": 108}",108,12.0,scale,"{""model__C"": 12.0, ""model__gamma"": ""scale"", ""pca__n_components"": 108}",stage3_local_cv,2,0.804375,5.99
stage3_538,stage3_seed_1,"{""model__C"": 12.0, ""model__gamma"": ""scale"", ""pca__n_components"": 108}",108,12.0,scale,"{""model__C"": 12.0, ""model__gamma"": ""scale"", ""pca__n_components"": 108}",stage3_local_cv,3,0.794375,5.957
stage3_538,stage3_seed_1,"{""model__C"": 12.0, ""model__gamma"": ""scale"", ""pca__n_components"": 108}",108,12.0,scale,"{""model__C"": 12.0, ""model__gamma"": ""scale"", ""pca__n_components"": 108}",stage3_local_cv,4,0.799375,7.255
stage3_539,stage3_seed_1,"{""model__C"": 12.0, ""model__gamma"": 0.001, ""pca__n_components"": 108}",108,12.0,0.001,"{""model__C"": 12.0, ""model__gamma"": 0.001, ""pca__n_components"": 108}",stage3_local_cv,0,0.736875,4.786
stage3_539,stage3_seed_1,"{""model__C"": 12.0, ""model__gamma"": 0.001, ""pca__n_components"": 108}",108,12.0,0.001,"{""model__C"": 12.0, ""model__gamma"": 0.001, ""pca__n_components"": 108}",stage3_local_cv,1,0.723125,5.349
stage3_539,stage3_seed_1,"{""model__C"": 12.0, ""model__gamma"": 0.001, ""pca__n_components"": 108}",108,12.0,0.001,"{""model__C"": 12.0, ""model__gamma"": 0.001, ""pca__n_components"": 108}",stage3_local_cv,2,0.718125,6.005
stage3_539,stage3_seed_1,"{""model__C"": 12.0, ""model__gamma"": 0.001, ""pca__n_components"": 108}",108,12.0,0.001,"{""model__C"": 12.0, ""model__gamma"": 0.001, ""pca__n_components"": 108}",stage3_local_cv,3,0.7425,5.968
stage3_539,stage3_seed_1,"{""model__C"": 12.0, ""model__gamma"": 0.001, ""pca__n_components"": 108}",108,12.0,0.001,"{""model__C"": 12.0, ""model__gamma"": 0.001, ""pca__n_components"": 108}",stage3_local_cv,4,0.7225,5.147
stage3_540,stage3_seed_1,"{""model__C"": 12.0, ""model__gamma"": 0.0025, ""pca__n_components"": 108}",108,12.0,0.0025,"{""model__C"": 12.0, ""model__gamma"": 0.0025, ""pca__n_components"": 108}",stage3_local_cv,0,0.800625,6.5
stage3_540,stage3_seed_1,"{""model__C"": 12.0, ""model__gamma"": 0.0025, ""pca__n_components"": 108}",108,12.0,0.0025,"{""model__C"": 12.0, ""model__gamma"": 0.0025, ""pca__n_components"": 108}",stage3_local_cv,1,0.785625,5.547
stage3_540,stage3_seed_1,"{""model__C"": 12.0, ""model__gamma"": 0.0025, ""pca__n_components"": 108}",108,12.0,0.0025,"{""model__C"": 12.0, ""model__gamma"": 0.0025, ""pca__n_components"": 108}",stage3_local_cv,2,0.78,5.741
stage3_540,stage3_seed_1,"{""model__C"": 12.0, ""model__gamma"": 0.0025, ""pca__n_components"": 108}",108,12.0,0.0025,"{""model__C"": 12.0, ""model__gamma"": 0.0025, ""pca__n_components"": 108}",stage3_local_cv,3,0.78125,5.498
stage3_540,stage3_seed_1,"{""model__C"": 12.0, ""model__gamma"": 0.0025, ""pca__n_components"": 108}",108,12.0,0.0025,"{""model__C"": 12.0, ""model__gamma"": 0.0025, ""pca__n_components"": 108}",stage3_local_cv,4,0.7675,6.501
stage3_541,stage3_seed_1,"{""model__C"": 12.0, ""model__gamma"": 0.005, ""pca__n_components"": 108}",108,12.0,0.005,"{""model__C"": 12.0, ""model__gamma"": 0.005, ""pca__n_components"": 108}",stage3_local_cv,0,0.8125,6.799
stage3_541,stage3_seed_1,"{""model__C"": 12.0, ""model__gamma"": 0.005, ""pca__n_components"": 108}",108,12.0,0.005,"{""model__C"": 12.0, ""model__gamma"": 0.005, ""pca__n_components"": 108}",stage3_local_cv,1,0.81,7.274
stage3_541,stage3_seed_1,"{""model__C"": 12.0, ""model__gamma"": 0.005, ""pca__n_components"": 108}",108,12.0,0.005,"{""model__C"": 12.0, ""model__gamma"": 0.005, ""pca__n_components"": 108}",stage3_local_cv,2,0.80375,7.068
stage3_541,stage3_seed_1,"{""model__C"": 12.0, ""model__gamma"": 0.005, ""pca__n_components"": 108}",108,12.0,0.005,"{""model__C"": 12.0, ""model__gamma"": 0.005, ""pca__n_components"": 108}",stage3_local_cv,3,0.79625,7.382
stage3_541,stage3_seed_1,"{""model__C"": 12.0, ""model__gamma"": 0.005, ""pca__n_components"": 108}",108,12.0,0.005,"{""model__C"": 12.0, ""model__gamma"": 0.005, ""pca__n_components"": 108}",stage3_local_cv,4,0.796875,5.94
stage3_542,stage3_seed_1,"{""model__C"": 12.0, ""model__gamma"": 0.01, ""pca__n_components"": 108}",108,12.0,0.01,"{""model__C"": 12.0, ""model__gamma"": 0.01, ""pca__n_components"": 108}",stage3_local_cv,0,0.80625,6.684
stage3_542,stage3_seed_1,"{""model__C"": 12.0, ""model__gamma"": 0.01, ""pca__n_components"": 108}",108,12.0,0.01,"{""model__C"": 12.0, ""model__gamma"": 0.01, ""pca__n_components"": 108}",stage3_local_cv,1,0.801875,5.559
stage3_542,stage3_seed_1,"{""model__C"": 12.0, ""model__gamma"": 0.01, ""pca__n_components"": 108}",108,12.0,0.01,"{""model__C"": 12.0, ""model__gamma"": 0.01, ""pca__n_components"": 108}",stage3_local_cv,2,0.81125,5.822
stage3_542,stage3_seed_1,"{""model__C"": 12.0, ""model__gamma"": 0.01, ""pca__n_components"": 108}",108,12.0,0.01,"{""model__C"": 12.0, ""model__gamma"": 0.01, ""pca__n_components"": 108}",stage3_local_cv,3,0.798125,5.534
stage3_542,stage3_seed_1,"{""model__C"": 12.0, ""model__gamma"": 0.01, ""pca__n_components"": 108}",108,12.0,0.01,"{""model__C"": 12.0, ""model__gamma"": 0.01, ""pca__n_components"": 108}",stage3_local_cv,4,0.808125,6.683
stage3_543,stage3_seed_1,"{""model__C"": 12.0, ""model__gamma"": 0.02, ""pca__n_components"": 108}",108,12.0,0.02,"{""model__C"": 12.0, ""model__gamma"": 0.02, ""pca__n_components"": 108}",stage3_local_cv,0,0.79625,5.547
stage3_543,stage3_seed_1,"{""model__C"": 12.0, ""model__gamma"": 0.02, ""pca__n_components"": 108}",108,12.0,0.02,"{""model__C"": 12.0, ""model__gamma"": 0.02, ""pca__n_components"": 108}",stage3_local_cv,1,0.80625,6.776
stage3_543,stage3_seed_1,"{""model__C"": 12.0, ""model__gamma"": 0.02, ""pca__n_components"": 108}",108,12.0,0.02,"{""model__C"": 12.0, ""model__gamma"": 0.02, ""pca__n_components"": 108}",stage3_local_cv,2,0.794375,5.882
stage3_543,stage3_seed_1,"{""model__C"": 12.0, ""model__gamma"": 0.02, ""pca__n_components"": 108}",108,12.0,0.02,"{""model__C"": 12.0, ""model__gamma"": 0.02, ""pca__n_components"": 108}",stage3_local_cv,3,0.79625,6.485
stage3_543,stage3_seed_1,"{""model__C"": 12.0, ""model__gamma"": 0.02, ""pca__n_components"": 108}",108,12.0,0.02,"{""model__C"": 12.0, ""model__gamma"": 0.02, ""pca__n_components"": 108}",stage3_local_cv,4,0.7975,5.475
stage3_544,stage3_seed_1,"{""model__C"": 16.0, ""model__gamma"": ""scale"", ""pca__n_components"": 108}",108,16.0,scale,"{""model__C"": 16.0, ""model__gamma"": ""scale"", ""pca__n_components"": 108}",stage3_local_cv,0,0.8025,6.748
stage3_544,stage3_seed_1,"{""model__C"": 16.0, ""model__gamma"": ""scale"", ""pca__n_components"": 108}",108,16.0,scale,"{""model__C"": 16.0, ""model__gamma"": ""scale"", ""pca__n_components"": 108}",stage3_local_cv,1,0.808125,6.018
stage3_544,stage3_seed_1,"{""model__C"": 16.0, ""model__gamma"": ""scale"", ""pca__n_components"": 108}",108,16.0,scale,"{""model__C"": 16.0, ""model__gamma"": ""scale"", ""pca__n_components"": 108}",stage3_local_cv,2,0.80375,7.29
stage3_544,stage3_seed_1,"{""model__C"": 16.0, ""model__gamma"": ""scale"", ""pca__n_components"": 108}",108,16.0,scale,"{""model__C"": 16.0, ""model__gamma"": ""scale"", ""pca__n_components"": 108}",stage3_local_cv,3,0.790625,6.221
stage3_544,stage3_seed_1,"{""model__C"": 16.0, ""model__gamma"": ""scale"", ""pca__n_components"": 108}",108,16.0,scale,"{""model__C"": 16.0, ""model__gamma"": ""scale"", ""pca__n_components"": 108}",stage3_local_cv,4,0.8,7.226
stage3_545,stage3_seed_1,"{""model__C"": 16.0, ""model__gamma"": 0.001, ""pca__n_components"": 108}",108,16.0,0.001,"{""model__C"": 16.0, ""model__gamma"": 0.001, ""pca__n_components"": 108}",stage3_local_cv,0,0.745625,5.532
stage3_545,stage3_seed_1,"{""model__C"": 16.0, ""model__gamma"": 0.001, ""pca__n_components"": 108}",108,16.0,0.001,"{""model__C"": 16.0, ""model__gamma"": 0.001, ""pca__n_components"": 108}",stage3_local_cv,1,0.73,6.354
stage3_545,stage3_seed_1,"{""model__C"": 16.0, ""model__gamma"": 0.001, ""pca__n_components"": 108}",108,16.0,0.001,"{""model__C"": 16.0, ""model__gamma"": 0.001, ""pca__n_components"": 108}",stage3_local_cv,2,0.725625,5.159
stage3_545,stage3_seed_1,"{""model__C"": 16.0, ""model__gamma"": 0.001, ""pca__n_components"": 108}",108,16.0,0.001,"{""model__C"": 16.0, ""model__gamma"": 0.001, ""pca__n_components"": 108}",stage3_local_cv,3,0.744375,5.464
stage3_545,stage3_seed_1,"{""model__C"": 16.0, ""model__gamma"": 0.001, ""pca__n_components"": 108}",108,16.0,0.001,"{""model__C"": 16.0, ""model__gamma"": 0.001, ""pca__n_components"": 108}",stage3_local_cv,4,0.73,5.13
stage3_546,stage3_seed_1,"{""model__C"": 16.0, ""model__gamma"": 0.0025, ""pca__n_components"": 108}",108,16.0,0.0025,"{""model__C"": 16.0, ""model__gamma"": 0.0025, ""pca__n_components"": 108}",stage3_local_cv,0,0.80625,5.883
stage3_546,stage3_seed_1,"{""model__C"": 16.0, ""model__gamma"": 0.0025, ""pca__n_components"": 108}",108,16.0,0.0025,"{""model__C"": 16.0, ""model__gamma"": 0.0025, ""pca__n_components"": 108}",stage3_local_cv,1,0.79,5.967
stage3_546,stage3_seed_1,"{""model__C"": 16.0, ""model__gamma"": 0.0025, ""pca__n_components"": 108}",108,16.0,0.0025,"{""model__C"": 16.0, ""model__gamma"": 0.0025, ""pca__n_components"": 108}",stage3_local_cv,2,0.7875,7.017
stage3_546,stage3_seed_1,"{""model__C"": 16.0, ""model__gamma"": 0.0025, ""pca__n_components"": 108}",108,16.0,0.0025,"{""model__C"": 16.0, ""model__gamma"": 0.0025, ""pca__n_components"": 108}",stage3_local_cv,3,0.795,6.806
stage3_546,stage3_seed_1,"{""model__C"": 16.0, ""model__gamma"": 0.0025, ""pca__n_components"": 108}",108,16.0,0.0025,"{""model__C"": 16.0, ""model__gamma"": 0.0025, ""pca__n_components"": 108}",stage3_local_cv,4,0.7725,7.075
stage3_547,stage3_seed_1,"{""model__C"": 16.0, ""model__gamma"": 0.005, ""pca__n_components"": 108}",108,16.0,0.005,"{""model__C"": 16.0, ""model__gamma"": 0.005, ""pca__n_components"": 108}",stage3_local_cv,0,0.803125,7.089
stage3_547,stage3_seed_1,"{""model__C"": 16.0, ""model__gamma"": 0.005, ""pca__n_components"": 108}",108,16.0,0.005,"{""model__C"": 16.0, ""model__gamma"": 0.005, ""pca__n_components"": 108}",stage3_local_cv,1,0.81375,7.43
stage3_547,stage3_seed_1,"{""model__C"": 16.0, ""model__gamma"": 0.005, ""pca__n_components"": 108}",108,16.0,0.005,"{""model__C"": 16.0, ""model__gamma"": 0.005, ""pca__n_components"": 108}",stage3_local_cv,2,0.805,7.523
stage3_547,stage3_seed_1,"{""model__C"": 16.0, ""model__gamma"": 0.005, ""pca__n_components"": 108}",108,16.0,0.005,"{""model__C"": 16.0, ""model__gamma"": 0.005, ""pca__n_components"": 108}",stage3_local_cv,3,0.7925,6.907
stage3_547,stage3_seed_1,"{""model__C"": 16.0, ""model__gamma"": 0.005, ""pca__n_components"": 108}",108,16.0,0.005,"{""model__C"": 16.0, ""model__gamma"": 0.005, ""pca__n_components"": 108}",stage3_local_cv,4,0.798125,6.022
stage3_548,stage3_seed_1,"{""model__C"": 16.0, ""model__gamma"": 0.01, ""pca__n_components"": 108}",108,16.0,0.01,"{""model__C"": 16.0, ""model__gamma"": 0.01, ""pca__n_components"": 108}",stage3_local_cv,0,0.803125,5.442
stage3_548,stage3_seed_1,"{""model__C"": 16.0, ""model__gamma"": 0.01, ""pca__n_components"": 108}",108,16.0,0.01,"{""model__C"": 16.0, ""model__gamma"": 0.01, ""pca__n_components"": 108}",stage3_local_cv,1,0.7975,5.447
stage3_548,stage3_seed_1,"{""model__C"": 16.0, ""model__gamma"": 0.01, ""pca__n_components"": 108}",108,16.0,0.01,"{""model__C"": 16.0, ""model__gamma"": 0.01, ""pca__n_components"": 108}",stage3_local_cv,2,0.805,6.005
stage3_548,stage3_seed_1,"{""model__C"": 16.0, ""model__gamma"": 0.01, ""pca__n_components"": 108}",108,16.0,0.01,"{""model__C"": 16.0, ""model__gamma"": 0.01, ""pca__n_components"": 108}",stage3_local_cv,3,0.796875,6.03
stage3_548,stage3_seed_1,"{""model__C"": 16.0, ""model__gamma"": 0.01, ""pca__n_components"": 108}",108,16.0,0.01,"{""model__C"": 16.0, ""model__gamma"": 0.01, ""pca__n_components"": 108}",stage3_local_cv,4,0.8025,6.719
stage3_549,stage3_seed_1,"{""model__C"": 16.0, ""model__gamma"": 0.02, ""pca__n_components"": 108}",108,16.0,0.02,"{""model__C"": 16.0, ""model__gamma"": 0.02, ""pca__n_components"": 108}",stage3_local_cv,0,0.79375,6.562
stage3_549,stage3_seed_1,"{""model__C"": 16.0, ""model__gamma"": 0.02, ""pca__n_components"": 108}",108,16.0,0.02,"{""model__C"": 16.0, ""model__gamma"": 0.02, ""pca__n_components"": 108}",stage3_local_cv,1,0.804375,6.808
stage3_549,stage3_seed_1,"{""model__C"": 16.0, ""model__gamma"": 0.02, ""pca__n_components"": 108}",108,16.0,0.02,"{""model__C"": 16.0, ""model__gamma"": 0.02, ""pca__n_components"": 108}",stage3_local_cv,2,0.793125,5.533
stage3_549,stage3_seed_1,"{""model__C"": 16.0, ""model__gamma"": 0.02, ""pca__n_components"": 108}",108,16.0,0.02,"{""model__C"": 16.0, ""model__gamma"": 0.02, ""pca__n_components"": 108}",stage3_local_cv,3,0.79625,5.496
stage3_549,stage3_seed_1,"{""model__C"": 16.0, ""model__gamma"": 0.02, ""pca__n_components"": 108}",108,16.0,0.02,"{""model__C"": 16.0, ""model__gamma"": 0.02, ""pca__n_components"": 108}",stage3_local_cv,4,0.79375,5.375
stage3_550,stage3_seed_1,"{""model__C"": 24.0, ""model__gamma"": ""scale"", ""pca__n_components"": 108}",108,24.0,scale,"{""model__C"": 24.0, ""model__gamma"": ""scale"", ""pca__n_components"": 108}",stage3_local_cv,0,0.794375,5.916
stage3_550,stage3_seed_1,"{""model__C"": 24.0, ""model__gamma"": ""scale"", ""pca__n_components"": 108}",108,24.0,scale,"{""model__C"": 24.0, ""model__gamma"": ""scale"", ""pca__n_components"": 108}",stage3_local_cv,1,0.798125,5.972
stage3_550,stage3_seed_1,"{""model__C"": 24.0, ""model__gamma"": ""scale"", ""pca__n_components"": 108}",108,24.0,scale,"{""model__C"": 24.0, ""model__gamma"": ""scale"", ""pca__n_components"": 108}",stage3_local_cv,2,0.79625,7.035
stage3_550,stage3_seed_1,"{""model__C"": 24.0, ""model__gamma"": ""scale"", ""pca__n_components"": 108}",108,24.0,scale,"{""model__C"": 24.0, ""model__gamma"": ""scale"", ""pca__n_components"": 108}",stage3_local_cv,3,0.7925,7.534
stage3_550,stage3_seed_1,"{""model__C"": 24.0, ""model__gamma"": ""scale"", ""pca__n_components"": 108}",108,24.0,scale,"{""model__C"": 24.0, ""model__gamma"": ""scale"", ""pca__n_components"": 108}",stage3_local_cv,4,0.789375,7.191
stage3_551,stage3_seed_1,"{""model__C"": 24.0, ""model__gamma"": 0.001, ""pca__n_components"": 108}",108,24.0,0.001,"{""model__C"": 24.0, ""model__gamma"": 0.001, ""pca__n_components"": 108}",stage3_local_cv,0,0.753125,6.439
stage3_551,stage3_seed_1,"{""model__C"": 24.0, ""model__gamma"": 0.001, ""pca__n_components"": 108}",108,24.0,0.001,"{""model__C"": 24.0, ""model__gamma"": 0.001, ""pca__n_components"": 108}",stage3_local_cv,1,0.743125,6.406
stage3_551,stage3_seed_1,"{""model__C"": 24.0, ""model__gamma"": 0.001, ""pca__n_components"": 108}",108,24.0,0.001,"{""model__C"": 24.0, ""model__gamma"": 0.001, ""pca__n_components"": 108}",stage3_local_cv,2,0.735,5.415
stage3_551,stage3_seed_1,"{""model__C"": 24.0, ""model__gamma"": 0.001, ""pca__n_components"": 108}",108,24.0,0.001,"{""model__C"": 24.0, ""model__gamma"": 0.001, ""pca__n_components"": 108}",stage3_local_cv,3,0.751875,5.477
stage3_551,stage3_seed_1,"{""model__C"": 24.0, ""model__gamma"": 0.001, ""pca__n_components"": 108}",108,24.0,0.001,"{""model__C"": 24.0, ""model__gamma"": 0.001, ""pca__n_components"": 108}",stage3_local_cv,4,0.738125,5.374
stage3_552,stage3_seed_1,"{""model__C"": 24.0, ""model__gamma"": 0.0025, ""pca__n_components"": 108}",108,24.0,0.0025,"{""model__C"": 24.0, ""model__gamma"": 0.0025, ""pca__n_components"": 108}",stage3_local_cv,0,0.813125,7.676
stage3_552,stage3_seed_1,"{""model__C"": 24.0, ""model__gamma"": 0.0025, ""pca__n_components"": 108}",108,24.0,0.0025,"{""model__C"": 24.0, ""model__gamma"": 0.0025, ""pca__n_components"": 108}",stage3_local_cv,1,0.7925,7.669
stage3_552,stage3_seed_1,"{""model__C"": 24.0, ""model__gamma"": 0.0025, ""pca__n_components"": 108}",108,24.0,0.0025,"{""model__C"": 24.0, ""model__gamma"": 0.0025, ""pca__n_components"": 108}",stage3_local_cv,2,0.798125,8.878
stage3_552,stage3_seed_1,"{""model__C"": 24.0, ""model__gamma"": 0.0025, ""pca__n_components"": 108}",108,24.0,0.0025,"{""model__C"": 24.0, ""model__gamma"": 0.0025, ""pca__n_components"": 108}",stage3_local_cv,3,0.8025,8.691
stage3_552,stage3_seed_1,"{""model__C"": 24.0, ""model__gamma"": 0.0025, ""pca__n_components"": 108}",108,24.0,0.0025,"{""model__C"": 24.0, ""model__gamma"": 0.0025, ""pca__n_components"": 108}",stage3_local_cv,4,0.788125,8.671
stage3_553,stage3_seed_1,"{""model__C"": 24.0, ""model__gamma"": 0.005, ""pca__n_components"": 108}",108,24.0,0.005,"{""model__C"": 24.0, ""model__gamma"": 0.005, ""pca__n_components"": 108}",stage3_local_cv,0,0.795,7.169
stage3_553,stage3_seed_1,"{""model__C"": 24.0, ""model__gamma"": 0.005, ""pca__n_components"": 108}",108,24.0,0.005,"{""model__C"": 24.0, ""model__gamma"": 0.005, ""pca__n_components"": 108}",stage3_local_cv,1,0.800625,8.007
stage3_553,stage3_seed_1,"{""model__C"": 24.0, ""model__gamma"": 0.005, ""pca__n_components"": 108}",108,24.0,0.005,"{""model__C"": 24.0, ""model__gamma"": 0.005, ""pca__n_components"": 108}",stage3_local_cv,2,0.793125,7.466
stage3_553,stage3_seed_1,"{""model__C"": 24.0, ""model__gamma"": 0.005, ""pca__n_components"": 108}",108,24.0,0.005,"{""model__C"": 24.0, ""model__gamma"": 0.005, ""pca__n_components"": 108}",stage3_local_cv,3,0.783125,7.31
stage3_553,stage3_seed_1,"{""model__C"": 24.0, ""model__gamma"": 0.005, ""pca__n_components"": 108}",108,24.0,0.005,"{""model__C"": 24.0, ""model__gamma"": 0.005, ""pca__n_components"": 108}",stage3_local_cv,4,0.793125,6.036
stage3_554,stage3_seed_1,"{""model__C"": 24.0, ""model__gamma"": 0.01, ""pca__n_components"": 108}",108,24.0,0.01,"{""model__C"": 24.0, ""model__gamma"": 0.01, ""pca__n_components"": 108}",stage3_local_cv,0,0.795625,5.42
stage3_554,stage3_seed_1,"{""model__C"": 24.0, ""model__gamma"": 0.01, ""pca__n_components"": 108}",108,24.0,0.01,"{""model__C"": 24.0, ""model__gamma"": 0.01, ""pca__n_components"": 108}",stage3_local_cv,1,0.79,5.484
stage3_554,stage3_seed_1,"{""model__C"": 24.0, ""model__gamma"": 0.01, ""pca__n_components"": 108}",108,24.0,0.01,"{""model__C"": 24.0, ""model__gamma"": 0.01, ""pca__n_components"": 108}",stage3_local_cv,2,0.798125,5.436
stage3_554,stage3_seed_1,"{""model__C"": 24.0, ""model__gamma"": 0.01, ""pca__n_components"": 108}",108,24.0,0.01,"{""model__C"": 24.0, ""model__gamma"": 0.01, ""pca__n_components"": 108}",stage3_local_cv,3,0.795,5.491
stage3_554,stage3_seed_1,"{""model__C"": 24.0, ""model__gamma"": 0.01, ""pca__n_components"": 108}",108,24.0,0.01,"{""model__C"": 24.0, ""model__gamma"": 0.01, ""pca__n_components"": 108}",stage3_local_cv,4,0.799375,6.747
stage3_555,stage3_seed_1,"{""model__C"": 24.0, ""model__gamma"": 0.02, ""pca__n_components"": 108}",108,24.0,0.02,"{""model__C"": 24.0, ""model__gamma"": 0.02, ""pca__n_components"": 108}",stage3_local_cv,0,0.79375,6.606
stage3_555,stage3_seed_1,"{""model__C"": 24.0, ""model__gamma"": 0.02, ""pca__n_components"": 108}",108,24.0,0.02,"{""model__C"": 24.0, ""model__gamma"": 0.02, ""pca__n_components"": 108}",stage3_local_cv,1,0.805,6.8
stage3_555,stage3_seed_1,"{""model__C"": 24.0, ""model__gamma"": 0.02, ""pca__n_components"": 108}",108,24.0,0.02,"{""model__C"": 24.0, ""model__gamma"": 0.02, ""pca__n_components"": 108}",stage3_local_cv,2,0.788125,6.396
stage3_555,stage3_seed_1,"{""model__C"": 24.0, ""model__gamma"": 0.02, ""pca__n_components"": 108}",108,24.0,0.02,"{""model__C"": 24.0, ""model__gamma"": 0.02, ""pca__n_components"": 108}",stage3_local_cv,3,0.79375,6.658
stage3_555,stage3_seed_1,"{""model__C"": 24.0, ""model__gamma"": 0.02, ""pca__n_components"": 108}",108,24.0,0.02,"{""model__C"": 24.0, ""model__gamma"": 0.02, ""pca__n_components"": 108}",stage3_local_cv,4,0.789375,5.428
stage3_556,stage3_seed_1,"{""model__C"": 4.0, ""model__gamma"": ""scale"", ""pca__n_components"": 112}",112,4.0,scale,"{""model__C"": 4.0, ""model__gamma"": ""scale"", ""pca__n_components"": 112}",stage3_local_cv,0,0.798125,4.497
stage3_556,stage3_seed_1,"{""model__C"": 4.0, ""model__gamma"": ""scale"", ""pca__n_components"": 112}",112,4.0,scale,"{""model__C"": 4.0, ""model__gamma"": ""scale"", ""pca__n_components"": 112}",stage3_local_cv,1,0.785,4.576
stage3_556,stage3_seed_1,"{""model__C"": 4.0, ""model__gamma"": ""scale"", ""pca__n_components"": 112}",112,4.0,scale,"{""model__C"": 4.0, ""model__gamma"": ""scale"", ""pca__n_components"": 112}",stage3_local_cv,2,0.79,5.112
stage3_556,stage3_seed_1,"{""model__C"": 4.0, ""model__gamma"": ""scale"", ""pca__n_components"": 112}",112,4.0,scale,"{""model__C"": 4.0, ""model__gamma"": ""scale"", ""pca__n_components"": 112}",stage3_local_cv,3,0.793125,4.76
stage3_556,stage3_seed_1,"{""model__C"": 4.0, ""model__gamma"": ""scale"", ""pca__n_components"": 112}",112,4.0,scale,"{""model__C"": 4.0, ""model__gamma"": ""scale"", ""pca__n_components"": 112}",stage3_local_cv,4,0.789375,5.822
stage3_557,stage3_seed_1,"{""model__C"": 4.0, ""model__gamma"": 0.001, ""pca__n_components"": 112}",112,4.0,0.001,"{""model__C"": 4.0, ""model__gamma"": 0.001, ""pca__n_components"": 112}",stage3_local_cv,0,0.723125,5.036
stage3_557,stage3_seed_1,"{""model__C"": 4.0, ""model__gamma"": 0.001, ""pca__n_components"": 112}",112,4.0,0.001,"{""model__C"": 4.0, ""model__gamma"": 0.001, ""pca__n_components"": 112}",stage3_local_cv,1,0.705,4.675
stage3_557,stage3_seed_1,"{""model__C"": 4.0, ""model__gamma"": 0.001, ""pca__n_components"": 112}",112,4.0,0.001,"{""model__C"": 4.0, ""model__gamma"": 0.001, ""pca__n_components"": 112}",stage3_local_cv,2,0.693125,4.071
stage3_557,stage3_seed_1,"{""model__C"": 4.0, ""model__gamma"": 0.001, ""pca__n_components"": 112}",112,4.0,0.001,"{""model__C"": 4.0, ""model__gamma"": 0.001, ""pca__n_components"": 112}",stage3_local_cv,3,0.721875,3.967
stage3_557,stage3_seed_1,"{""model__C"": 4.0, ""model__gamma"": 0.001, ""pca__n_components"": 112}",112,4.0,0.001,"{""model__C"": 4.0, ""model__gamma"": 0.001, ""pca__n_components"": 112}",stage3_local_cv,4,0.705625,4.046
stage3_558,stage3_seed_1,"{""model__C"": 4.0, ""model__gamma"": 0.0025, ""pca__n_components"": 112}",112,4.0,0.0025,"{""model__C"": 4.0, ""model__gamma"": 0.0025, ""pca__n_components"": 112}",stage3_local_cv,0,0.76125,4.309
stage3_558,stage3_seed_1,"{""model__C"": 4.0, ""model__gamma"": 0.0025, ""pca__n_components"": 112}",112,4.0,0.0025,"{""model__C"": 4.0, ""model__gamma"": 0.0025, ""pca__n_components"": 112}",stage3_local_cv,1,0.743125,4.914
stage3_558,stage3_seed_1,"{""model__C"": 4.0, ""model__gamma"": 0.0025, ""pca__n_components"": 112}",112,4.0,0.0025,"{""model__C"": 4.0, ""model__gamma"": 0.0025, ""pca__n_components"": 112}",stage3_local_cv,2,0.7375,5.345
stage3_558,stage3_seed_1,"{""model__C"": 4.0, ""model__gamma"": 0.0025, ""pca__n_components"": 112}",112,4.0,0.0025,"{""model__C"": 4.0, ""model__gamma"": 0.0025, ""pca__n_components"": 112}",stage3_local_cv,3,0.753125,5.276
stage3_558,stage3_seed_1,"{""model__C"": 4.0, ""model__gamma"": 0.0025, ""pca__n_components"": 112}",112,4.0,0.0025,"{""model__C"": 4.0, ""model__gamma"": 0.0025, ""pca__n_components"": 112}",stage3_local_cv,4,0.73875,4.401
stage3_559,stage3_seed_1,"{""model__C"": 4.0, ""model__gamma"": 0.005, ""pca__n_components"": 112}",112,4.0,0.005,"{""model__C"": 4.0, ""model__gamma"": 0.005, ""pca__n_components"": 112}",stage3_local_cv,0,0.7975,4.509
stage3_559,stage3_seed_1,"{""model__C"": 4.0, ""model__gamma"": 0.005, ""pca__n_components"": 112}",112,4.0,0.005,"{""model__C"": 4.0, ""model__gamma"": 0.005, ""pca__n_components"": 112}",stage3_local_cv,1,0.78375,4.505
stage3_559,stage3_seed_1,"{""model__C"": 4.0, ""model__gamma"": 0.005, ""pca__n_components"": 112}",112,4.0,0.005,"{""model__C"": 4.0, ""model__gamma"": 0.005, ""pca__n_components"": 112}",stage3_local_cv,2,0.78875,4.732
stage3_559,stage3_seed_1,"{""model__C"": 4.0, ""model__gamma"": 0.005, ""pca__n_components"": 112}",112,4.0,0.005,"{""model__C"": 4.0, ""model__gamma"": 0.005, ""pca__n_components"": 112}",stage3_local_cv,3,0.791875,4.609
stage3_559,stage3_seed_1,"{""model__C"": 4.0, ""model__gamma"": 0.005, ""pca__n_components"": 112}",112,4.0,0.005,"{""model__C"": 4.0, ""model__gamma"": 0.005, ""pca__n_components"": 112}",stage3_local_cv,4,0.785625,5.92
stage3_560,stage3_seed_1,"{""model__C"": 4.0, ""model__gamma"": 0.01, ""pca__n_components"": 112}",112,4.0,0.01,"{""model__C"": 4.0, ""model__gamma"": 0.01, ""pca__n_components"": 112}",stage3_local_cv,0,0.8125,6.018
stage3_560,stage3_seed_1,"{""model__C"": 4.0, ""model__gamma"": 0.01, ""pca__n_components"": 112}",112,4.0,0.01,"{""model__C"": 4.0, ""model__gamma"": 0.01, ""pca__n_components"": 112}",stage3_local_cv,1,0.806875,6.306
stage3_560,stage3_seed_1,"{""model__C"": 4.0, ""model__gamma"": 0.01, ""pca__n_components"": 112}",112,4.0,0.01,"{""model__C"": 4.0, ""model__gamma"": 0.01, ""pca__n_components"": 112}",stage3_local_cv,2,0.80375,5.362
stage3_560,stage3_seed_1,"{""model__C"": 4.0, ""model__gamma"": 0.01, ""pca__n_components"": 112}",112,4.0,0.01,"{""model__C"": 4.0, ""model__gamma"": 0.01, ""pca__n_components"": 112}",stage3_local_cv,3,0.801875,4.986
stage3_560,stage3_seed_1,"{""model__C"": 4.0, ""model__gamma"": 0.01, ""pca__n_components"": 112}",112,4.0,0.01,"{""model__C"": 4.0, ""model__gamma"": 0.01, ""pca__n_components"": 112}",stage3_local_cv,4,0.813125,5.051
stage3_561,stage3_seed_1,"{""model__C"": 4.0, ""model__gamma"": 0.02, ""pca__n_components"": 112}",112,4.0,0.02,"{""model__C"": 4.0, ""model__gamma"": 0.02, ""pca__n_components"": 112}",stage3_local_cv,0,0.806875,4.582
stage3_561,stage3_seed_1,"{""model__C"": 4.0, ""model__gamma"": 0.02, ""pca__n_components"": 112}",112,4.0,0.02,"{""model__C"": 4.0, ""model__gamma"": 0.02, ""pca__n_components"": 112}",stage3_local_cv,1,0.8075,4.618
stage3_561,stage3_seed_1,"{""model__C"": 4.0, ""model__gamma"": 0.02, ""pca__n_components"": 112}",112,4.0,0.02,"{""model__C"": 4.0, ""model__gamma"": 0.02, ""pca__n_components"": 112}",stage3_local_cv,2,0.7975,5.752
stage3_561,stage3_seed_1,"{""model__C"": 4.0, ""model__gamma"": 0.02, ""pca__n_components"": 112}",112,4.0,0.02,"{""model__C"": 4.0, ""model__gamma"": 0.02, ""pca__n_components"": 112}",stage3_local_cv,3,0.79875,5.779
stage3_561,stage3_seed_1,"{""model__C"": 4.0, ""model__gamma"": 0.02, ""pca__n_components"": 112}",112,4.0,0.02,"{""model__C"": 4.0, ""model__gamma"": 0.02, ""pca__n_components"": 112}",stage3_local_cv,4,0.796875,6.217
stage3_562,stage3_seed_1,"{""model__C"": 6.0, ""model__gamma"": ""scale"", ""pca__n_components"": 112}",112,6.0,scale,"{""model__C"": 6.0, ""model__gamma"": ""scale"", ""pca__n_components"": 112}",stage3_local_cv,0,0.81,6.597
stage3_562,stage3_seed_1,"{""model__C"": 6.0, ""model__gamma"": ""scale"", ""pca__n_components"": 112}",112,6.0,scale,"{""model__C"": 6.0, ""model__gamma"": ""scale"", ""pca__n_components"": 112}",stage3_local_cv,1,0.804375,5.459
stage3_562,stage3_seed_1,"{""model__C"": 6.0, ""model__gamma"": ""scale"", ""pca__n_components"": 112}",112,6.0,scale,"{""model__C"": 6.0, ""model__gamma"": ""scale"", ""pca__n_components"": 112}",stage3_local_cv,2,0.8,5.263
stage3_562,stage3_seed_1,"{""model__C"": 6.0, ""model__gamma"": ""scale"", ""pca__n_components"": 112}",112,6.0,scale,"{""model__C"": 6.0, ""model__gamma"": ""scale"", ""pca__n_components"": 112}",stage3_local_cv,3,0.799375,5.106
stage3_562,stage3_seed_1,"{""model__C"": 6.0, ""model__gamma"": ""scale"", ""pca__n_components"": 112}",112,6.0,scale,"{""model__C"": 6.0, ""model__gamma"": ""scale"", ""pca__n_components"": 112}",stage3_local_cv,4,0.798125,5.778
stage3_563,stage3_seed_1,"{""model__C"": 6.0, ""model__gamma"": 0.001, ""pca__n_components"": 112}",112,6.0,0.001,"{""model__C"": 6.0, ""model__gamma"": 0.001, ""pca__n_components"": 112}",stage3_local_cv,0,0.72625,4.261
stage3_563,stage3_seed_1,"{""model__C"": 6.0, ""model__gamma"": 0.001, ""pca__n_components"": 112}",112,6.0,0.001,"{""model__C"": 6.0, ""model__gamma"": 0.001, ""pca__n_components"": 112}",stage3_local_cv,1,0.7125,5.071
stage3_563,stage3_seed_1,"{""model__C"": 6.0, ""model__gamma"": 0.001, ""pca__n_components"": 112}",112,6.0,0.001,"{""model__C"": 6.0, ""model__gamma"": 0.001, ""pca__n_components"": 112}",stage3_local_cv,2,0.700625,5.272
stage3_563,stage3_seed_1,"{""model__C"": 6.0, ""model__gamma"": 0.001, ""pca__n_components"": 112}",112,6.0,0.001,"{""model__C"": 6.0, ""model__gamma"": 0.001, ""pca__n_components"": 112}",stage3_local_cv,3,0.7275,5.004
stage3_563,stage3_seed_1,"{""model__C"": 6.0, ""model__gamma"": 0.001, ""pca__n_components"": 112}",112,6.0,0.001,"{""model__C"": 6.0, ""model__gamma"": 0.001, ""pca__n_components"": 112}",stage3_local_cv,4,0.718125,5.174
stage3_564,stage3_seed_1,"{""model__C"": 6.0, ""model__gamma"": 0.0025, ""pca__n_components"": 112}",112,6.0,0.0025,"{""model__C"": 6.0, ""model__gamma"": 0.0025, ""pca__n_components"": 112}",stage3_local_cv,0,0.76875,4.248
stage3_564,stage3_seed_1,"{""model__C"": 6.0, ""model__gamma"": 0.0025, ""pca__n_components"": 112}",112,6.0,0.0025,"{""model__C"": 6.0, ""model__gamma"": 0.0025, ""pca__n_components"": 112}",stage3_local_cv,1,0.75375,4.409
stage3_564,stage3_seed_1,"{""model__C"": 6.0, ""model__gamma"": 0.0025, ""pca__n_components"": 112}",112,6.0,0.0025,"{""model__C"": 6.0, ""model__gamma"": 0.0025, ""pca__n_components"": 112}",stage3_local_cv,2,0.749375,4.544
stage3_564,stage3_seed_1,"{""model__C"": 6.0, ""model__gamma"": 0.0025, ""pca__n_components"": 112}",112,6.0,0.0025,"{""model__C"": 6.0, ""model__gamma"": 0.0025, ""pca__n_components"": 112}",stage3_local_cv,3,0.7625,4.414
stage3_564,stage3_seed_1,"{""model__C"": 6.0, ""model__gamma"": 0.0025, ""pca__n_components"": 112}",112,6.0,0.0025,"{""model__C"": 6.0, ""model__gamma"": 0.0025, ""pca__n_components"": 112}",stage3_local_cv,4,0.75,4.974
stage3_565,stage3_seed_1,"{""model__C"": 6.0, ""model__gamma"": 0.005, ""pca__n_components"": 112}",112,6.0,0.005,"{""model__C"": 6.0, ""model__gamma"": 0.005, ""pca__n_components"": 112}",stage3_local_cv,0,0.808125,6.157
stage3_565,stage3_seed_1,"{""model__C"": 6.0, ""model__gamma"": 0.005, ""pca__n_components"": 112}",112,6.0,0.005,"{""model__C"": 6.0, ""model__gamma"": 0.005, ""pca__n_components"": 112}",stage3_local_cv,1,0.8025,6.439
stage3_565,stage3_seed_1,"{""model__C"": 6.0, ""model__gamma"": 0.005, ""pca__n_components"": 112}",112,6.0,0.005,"{""model__C"": 6.0, ""model__gamma"": 0.005, ""pca__n_components"": 112}",stage3_local_cv,2,0.79875,6.772
stage3_565,stage3_seed_1,"{""model__C"": 6.0, ""model__gamma"": 0.005, ""pca__n_components"": 112}",112,6.0,0.005,"{""model__C"": 6.0, ""model__gamma"": 0.005, ""pca__n_components"": 112}",stage3_local_cv,3,0.796875,5.082
stage3_565,stage3_seed_1,"{""model__C"": 6.0, ""model__gamma"": 0.005, ""pca__n_components"": 112}",112,6.0,0.005,"{""model__C"": 6.0, ""model__gamma"": 0.005, ""pca__n_components"": 112}",stage3_local_cv,4,0.7975,5.359
stage3_566,stage3_seed_1,"{""model__C"": 6.0, ""model__gamma"": 0.01, ""pca__n_components"": 112}",112,6.0,0.01,"{""model__C"": 6.0, ""model__gamma"": 0.01, ""pca__n_components"": 112}",stage3_local_cv,0,0.81625,5.057
stage3_566,stage3_seed_1,"{""model__C"": 6.0, ""model__gamma"": 0.01, ""pca__n_components"": 112}",112,6.0,0.01,"{""model__C"": 6.0, ""model__gamma"": 0.01, ""pca__n_components"": 112}",stage3_local_cv,1,0.804375,4.884
stage3_566,stage3_seed_1,"{""model__C"": 6.0, ""model__gamma"": 0.01, ""pca__n_components"": 112}",112,6.0,0.01,"{""model__C"": 6.0, ""model__gamma"": 0.01, ""pca__n_components"": 112}",stage3_local_cv,2,0.813125,5.328
stage3_566,stage3_seed_1,"{""model__C"": 6.0, ""model__gamma"": 0.01, ""pca__n_components"": 112}",112,6.0,0.01,"{""model__C"": 6.0, ""model__gamma"": 0.01, ""pca__n_components"": 112}",stage3_local_cv,3,0.80625,6.015
stage3_566,stage3_seed_1,"{""model__C"": 6.0, ""model__gamma"": 0.01, ""pca__n_components"": 112}",112,6.0,0.01,"{""model__C"": 6.0, ""model__gamma"": 0.01, ""pca__n_components"": 112}",stage3_local_cv,4,0.810625,6.259
stage3_567,stage3_seed_1,"{""model__C"": 6.0, ""model__gamma"": 0.02, ""pca__n_components"": 112}",112,6.0,0.02,"{""model__C"": 6.0, ""model__gamma"": 0.02, ""pca__n_components"": 112}",stage3_local_cv,0,0.803125,5.308
stage3_567,stage3_seed_1,"{""model__C"": 6.0, ""model__gamma"": 0.02, ""pca__n_components"": 112}",112,6.0,0.02,"{""model__C"": 6.0, ""model__gamma"": 0.02, ""pca__n_components"": 112}",stage3_local_cv,1,0.804375,4.621
stage3_567,stage3_seed_1,"{""model__C"": 6.0, ""model__gamma"": 0.02, ""pca__n_components"": 112}",112,6.0,0.02,"{""model__C"": 6.0, ""model__gamma"": 0.02, ""pca__n_components"": 112}",stage3_local_cv,2,0.7975,4.923
stage3_567,stage3_seed_1,"{""model__C"": 6.0, ""model__gamma"": 0.02, ""pca__n_components"": 112}",112,6.0,0.02,"{""model__C"": 6.0, ""model__gamma"": 0.02, ""pca__n_components"": 112}",stage3_local_cv,3,0.800625,4.707
stage3_567,stage3_seed_1,"{""model__C"": 6.0, ""model__gamma"": 0.02, ""pca__n_components"": 112}",112,6.0,0.02,"{""model__C"": 6.0, ""model__gamma"": 0.02, ""pca__n_components"": 112}",stage3_local_cv,4,0.795,4.977
stage3_568,stage3_seed_1,"{""model__C"": 8.0, ""model__gamma"": ""scale"", ""pca__n_components"": 112}",112,8.0,scale,"{""model__C"": 8.0, ""model__gamma"": ""scale"", ""pca__n_components"": 112}",stage3_local_cv,0,0.809375,6.209
stage3_568,stage3_seed_1,"{""model__C"": 8.0, ""model__gamma"": ""scale"", ""pca__n_components"": 112}",112,8.0,scale,"{""model__C"": 8.0, ""model__gamma"": ""scale"", ""pca__n_components"": 112}",stage3_local_cv,1,0.8125,6.573
stage3_568,stage3_seed_1,"{""model__C"": 8.0, ""model__gamma"": ""scale"", ""pca__n_components"": 112}",112,8.0,scale,"{""model__C"": 8.0, ""model__gamma"": ""scale"", ""pca__n_components"": 112}",stage3_local_cv,2,0.800625,6.588
stage3_568,stage3_seed_1,"{""model__C"": 8.0, ""model__gamma"": ""scale"", ""pca__n_components"": 112}",112,8.0,scale,"{""model__C"": 8.0, ""model__gamma"": ""scale"", ""pca__n_components"": 112}",stage3_local_cv,3,0.799375,6.428
stage3_568,stage3_seed_1,"{""model__C"": 8.0, ""model__gamma"": ""scale"", ""pca__n_components"": 112}",112,8.0,scale,"{""model__C"": 8.0, ""model__gamma"": ""scale"", ""pca__n_components"": 112}",stage3_local_cv,4,0.80125,7.063
stage3_569,stage3_seed_1,"{""model__C"": 8.0, ""model__gamma"": 0.001, ""pca__n_components"": 112}",112,8.0,0.001,"{""model__C"": 8.0, ""model__gamma"": 0.001, ""pca__n_components"": 112}",stage3_local_cv,0,0.73125,4.045
stage3_569,stage3_seed_1,"{""model__C"": 8.0, ""model__gamma"": 0.001, ""pca__n_components"": 112}",112,8.0,0.001,"{""model__C"": 8.0, ""model__gamma"": 0.001, ""pca__n_components"": 112}",stage3_local_cv,1,0.7125,4.085
stage3_569,stage3_seed_1,"{""model__C"": 8.0, ""model__gamma"": 0.001, ""pca__n_components"": 112}",112,8.0,0.001,"{""model__C"": 8.0, ""model__gamma"": 0.001, ""pca__n_components"": 112}",stage3_local_cv,2,0.70375,4.345
stage3_569,stage3_seed_1,"{""model__C"": 8.0, ""model__gamma"": 0.001, ""pca__n_components"": 112}",112,8.0,0.001,"{""model__C"": 8.0, ""model__gamma"": 0.001, ""pca__n_components"": 112}",stage3_local_cv,3,0.7375,4.113
stage3_569,stage3_seed_1,"{""model__C"": 8.0, ""model__gamma"": 0.001, ""pca__n_components"": 112}",112,8.0,0.001,"{""model__C"": 8.0, ""model__gamma"": 0.001, ""pca__n_components"": 112}",stage3_local_cv,4,0.725,4.325
stage3_570,stage3_seed_1,"{""model__C"": 8.0, ""model__gamma"": 0.0025, ""pca__n_components"": 112}",112,8.0,0.0025,"{""model__C"": 8.0, ""model__gamma"": 0.0025, ""pca__n_components"": 112}",stage3_local_cv,0,0.779375,5.523
stage3_570,stage3_seed_1,"{""model__C"": 8.0, ""model__gamma"": 0.0025, ""pca__n_components"": 112}",112,8.0,0.0025,"{""model__C"": 8.0, ""model__gamma"": 0.0025, ""pca__n_components"": 112}",stage3_local_cv,1,0.76625,5.864
stage3_570,stage3_seed_1,"{""model__C"": 8.0, ""model__gamma"": 0.0025, ""pca__n_components"": 112}",112,8.0,0.0025,"{""model__C"": 8.0, ""model__gamma"": 0.0025, ""pca__n_components"": 112}",stage3_local_cv,2,0.76125,5.834
stage3_570,stage3_seed_1,"{""model__C"": 8.0, ""model__gamma"": 0.0025, ""pca__n_components"": 112}",112,8.0,0.0025,"{""model__C"": 8.0, ""model__gamma"": 0.0025, ""pca__n_components"": 112}",stage3_local_cv,3,0.773125,4.732
stage3_570,stage3_seed_1,"{""model__C"": 8.0, ""model__gamma"": 0.0025, ""pca__n_components"": 112}",112,8.0,0.0025,"{""model__C"": 8.0, ""model__gamma"": 0.0025, ""pca__n_components"": 112}",stage3_local_cv,4,0.760625,5.646
stage3_571,stage3_seed_1,"{""model__C"": 8.0, ""model__gamma"": 0.005, ""pca__n_components"": 112}",112,8.0,0.005,"{""model__C"": 8.0, ""model__gamma"": 0.005, ""pca__n_components"": 112}",stage3_local_cv,0,0.809375,5.108
stage3_571,stage3_seed_1,"{""model__C"": 8.0, ""model__gamma"": 0.005, ""pca__n_components"": 112}",112,8.0,0.005,"{""model__C"": 8.0, ""model__gamma"": 0.005, ""pca__n_components"": 112}",stage3_local_cv,1,0.811875,5.343
stage3_571,stage3_seed_1,"{""model__C"": 8.0, ""model__gamma"": 0.005, ""pca__n_components"": 112}",112,8.0,0.005,"{""model__C"": 8.0, ""model__gamma"": 0.005, ""pca__n_components"": 112}",stage3_local_cv,2,0.800625,5.336
stage3_571,stage3_seed_1,"{""model__C"": 8.0, ""model__gamma"": 0.005, ""pca__n_components"": 112}",112,8.0,0.005,"{""model__C"": 8.0, ""model__gamma"": 0.005, ""pca__n_components"": 112}",stage3_local_cv,3,0.79875,6.292
stage3_571,stage3_seed_1,"{""model__C"": 8.0, ""model__gamma"": 0.005, ""pca__n_components"": 112}",112,8.0,0.005,"{""model__C"": 8.0, ""model__gamma"": 0.005, ""pca__n_components"": 112}",stage3_local_cv,4,0.8,5.897
stage3_572,stage3_seed_1,"{""model__C"": 8.0, ""model__gamma"": 0.01, ""pca__n_components"": 112}",112,8.0,0.01,"{""model__C"": 8.0, ""model__gamma"": 0.01, ""pca__n_components"": 112}",stage3_local_cv,0,0.815,5.577
stage3_572,stage3_seed_1,"{""model__C"": 8.0, ""model__gamma"": 0.01, ""pca__n_components"": 112}",112,8.0,0.01,"{""model__C"": 8.0, ""model__gamma"": 0.01, ""pca__n_components"": 112}",stage3_local_cv,1,0.805,4.822
stage3_572,stage3_seed_1,"{""model__C"": 8.0, ""model__gamma"": 0.01, ""pca__n_components"": 112}",112,8.0,0.01,"{""model__C"": 8.0, ""model__gamma"": 0.01, ""pca__n_components"": 112}",stage3_local_cv,2,0.810625,5.777
stage3_572,stage3_seed_1,"{""model__C"": 8.0, ""model__gamma"": 0.01, ""pca__n_components"": 112}",112,8.0,0.01,"{""model__C"": 8.0, ""model__gamma"": 0.01, ""pca__n_components"": 112}",stage3_local_cv,3,0.8,4.824
stage3_572,stage3_seed_1,"{""model__C"": 8.0, ""model__gamma"": 0.01, ""pca__n_components"": 112}",112,8.0,0.01,"{""model__C"": 8.0, ""model__gamma"": 0.01, ""pca__n_components"": 112}",stage3_local_cv,4,0.808125,4.987
stage3_573,stage3_seed_1,"{""model__C"": 8.0, ""model__gamma"": 0.02, ""pca__n_components"": 112}",112,8.0,0.02,"{""model__C"": 8.0, ""model__gamma"": 0.02, ""pca__n_components"": 112}",stage3_local_cv,0,0.80125,5.202
stage3_573,stage3_seed_1,"{""model__C"": 8.0, ""model__gamma"": 0.02, ""pca__n_components"": 112}",112,8.0,0.02,"{""model__C"": 8.0, ""model__gamma"": 0.02, ""pca__n_components"": 112}",stage3_local_cv,1,0.804375,6.078
stage3_573,stage3_seed_1,"{""model__C"": 8.0, ""model__gamma"": 0.02, ""pca__n_components"": 112}",112,8.0,0.02,"{""model__C"": 8.0, ""model__gamma"": 0.02, ""pca__n_components"": 112}",stage3_local_cv,2,0.798125,5.509
stage3_573,stage3_seed_1,"{""model__C"": 8.0, ""model__gamma"": 0.02, ""pca__n_components"": 112}",112,8.0,0.02,"{""model__C"": 8.0, ""model__gamma"": 0.02, ""pca__n_components"": 112}",stage3_local_cv,3,0.7975,5.94
stage3_573,stage3_seed_1,"{""model__C"": 8.0, ""model__gamma"": 0.02, ""pca__n_components"": 112}",112,8.0,0.02,"{""model__C"": 8.0, ""model__gamma"": 0.02, ""pca__n_components"": 112}",stage3_local_cv,4,0.7975,6.065
stage3_574,stage3_seed_1,"{""model__C"": 12.0, ""model__gamma"": ""scale"", ""pca__n_components"": 112}",112,12.0,scale,"{""model__C"": 12.0, ""model__gamma"": ""scale"", ""pca__n_components"": 112}",stage3_local_cv,0,0.80875,5.316
stage3_574,stage3_seed_1,"{""model__C"": 12.0, ""model__gamma"": ""scale"", ""pca__n_components"": 112}",112,12.0,scale,"{""model__C"": 12.0, ""model__gamma"": ""scale"", ""pca__n_components"": 112}",stage3_local_cv,1,0.815,5.22
stage3_574,stage3_seed_1,"{""model__C"": 12.0, ""model__gamma"": ""scale"", ""pca__n_components"": 112}",112,12.0,scale,"{""model__C"": 12.0, ""model__gamma"": ""scale"", ""pca__n_components"": 112}",stage3_local_cv,2,0.805,5.454
stage3_574,stage3_seed_1,"{""model__C"": 12.0, ""model__gamma"": ""scale"", ""pca__n_components"": 112}",112,12.0,scale,"{""model__C"": 12.0, ""model__gamma"": ""scale"", ""pca__n_components"": 112}",stage3_local_cv,3,0.8,5.198
stage3_574,stage3_seed_1,"{""model__C"": 12.0, ""model__gamma"": ""scale"", ""pca__n_components"": 112}",112,12.0,scale,"{""model__C"": 12.0, ""model__gamma"": ""scale"", ""pca__n_components"": 112}",stage3_local_cv,4,0.805,5.442
stage3_575,stage3_seed_1,"{""model__C"": 12.0, ""model__gamma"": 0.001, ""pca__n_components"": 112}",112,12.0,0.001,"{""model__C"": 12.0, ""model__gamma"": 0.001, ""pca__n_components"": 112}",stage3_local_cv,0,0.735,5.382
stage3_575,stage3_seed_1,"{""model__C"": 12.0, ""model__gamma"": 0.001, ""pca__n_components"": 112}",112,12.0,0.001,"{""model__C"": 12.0, ""model__gamma"": 0.001, ""pca__n_components"": 112}",stage3_local_cv,1,0.725,5.43
stage3_575,stage3_seed_1,"{""model__C"": 12.0, ""model__gamma"": 0.001, ""pca__n_components"": 112}",112,12.0,0.001,"{""model__C"": 12.0, ""model__gamma"": 0.001, ""pca__n_components"": 112}",stage3_local_cv,2,0.71625,5.652
stage3_575,stage3_seed_1,"{""model__C"": 12.0, ""model__gamma"": 0.001, ""pca__n_components"": 112}",112,12.0,0.001,"{""model__C"": 12.0, ""model__gamma"": 0.001, ""pca__n_components"": 112}",stage3_local_cv,3,0.743125,5.177
stage3_575,stage3_seed_1,"{""model__C"": 12.0, ""model__gamma"": 0.001, ""pca__n_components"": 112}",112,12.0,0.001,"{""model__C"": 12.0, ""model__gamma"": 0.001, ""pca__n_components"": 112}",stage3_local_cv,4,0.729375,5.462
stage3_576,stage3_seed_1,"{""model__C"": 12.0, ""model__gamma"": 0.0025, ""pca__n_components"": 112}",112,12.0,0.0025,"{""model__C"": 12.0, ""model__gamma"": 0.0025, ""pca__n_components"": 112}",stage3_local_cv,0,0.79375,4.903
stage3_576,stage3_seed_1,"{""model__C"": 12.0, ""model__gamma"": 0.0025, ""pca__n_components"": 112}",112,12.0,0.0025,"{""model__C"": 12.0, ""model__gamma"": 0.0025, ""pca__n_components"": 112}",stage3_local_cv,1,0.78125,4.926
stage3_576,stage3_seed_1,"{""model__C"": 12.0, ""model__gamma"": 0.0025, ""pca__n_components"": 112}",112,12.0,0.0025,"{""model__C"": 12.0, ""model__gamma"": 0.0025, ""pca__n_components"": 112}",stage3_local_cv,2,0.778125,5.148
stage3_576,stage3_seed_1,"{""model__C"": 12.0, ""model__gamma"": 0.0025, ""pca__n_components"": 112}",112,12.0,0.0025,"{""model__C"": 12.0, ""model__gamma"": 0.0025, ""pca__n_components"": 112}",stage3_local_cv,3,0.786875,5.501
stage3_576,stage3_seed_1,"{""model__C"": 12.0, ""model__gamma"": 0.0025, ""pca__n_components"": 112}",112,12.0,0.0025,"{""model__C"": 12.0, ""model__gamma"": 0.0025, ""pca__n_components"": 112}",stage3_local_cv,4,0.774375,5.182
stage3_577,stage3_seed_1,"{""model__C"": 12.0, ""model__gamma"": 0.005, ""pca__n_components"": 112}",112,12.0,0.005,"{""model__C"": 12.0, ""model__gamma"": 0.005, ""pca__n_components"": 112}",stage3_local_cv,0,0.81125,6.664
stage3_577,stage3_seed_1,"{""model__C"": 12.0, ""model__gamma"": 0.005, ""pca__n_components"": 112}",112,12.0,0.005,"{""model__C"": 12.0, ""model__gamma"": 0.005, ""pca__n_components"": 112}",stage3_local_cv,1,0.815625,5.438
stage3_577,stage3_seed_1,"{""model__C"": 12.0, ""model__gamma"": 0.005, ""pca__n_components"": 112}",112,12.0,0.005,"{""model__C"": 12.0, ""model__gamma"": 0.005, ""pca__n_components"": 112}",stage3_local_cv,2,0.805,7.307
stage3_577,stage3_seed_1,"{""model__C"": 12.0, ""model__gamma"": 0.005, ""pca__n_components"": 112}",112,12.0,0.005,"{""model__C"": 12.0, ""model__gamma"": 0.005, ""pca__n_components"": 112}",stage3_local_cv,3,0.799375,5.797
stage3_577,stage3_seed_1,"{""model__C"": 12.0, ""model__gamma"": 0.005, ""pca__n_components"": 112}",112,12.0,0.005,"{""model__C"": 12.0, ""model__gamma"": 0.005, ""pca__n_components"": 112}",stage3_local_cv,4,0.805625,6.905
stage3_578,stage3_seed_1,"{""model__C"": 12.0, ""model__gamma"": 0.01, ""pca__n_components"": 112}",112,12.0,0.01,"{""model__C"": 12.0, ""model__gamma"": 0.01, ""pca__n_components"": 112}",stage3_local_cv,0,0.806875,4.746
stage3_578,stage3_seed_1,"{""model__C"": 12.0, ""model__gamma"": 0.01, ""pca__n_components"": 112}",112,12.0,0.01,"{""model__C"": 12.0, ""model__gamma"": 0.01, ""pca__n_components"": 112}",stage3_local_cv,1,0.8025,5.915
stage3_578,stage3_seed_1,"{""model__C"": 12.0, ""model__gamma"": 0.01, ""pca__n_components"": 112}",112,12.0,0.01,"{""model__C"": 12.0, ""model__gamma"": 0.01, ""pca__n_components"": 112}",stage3_local_cv,2,0.81,5.011
stage3_578,stage3_seed_1,"{""model__C"": 12.0, ""model__gamma"": 0.01, ""pca__n_components"": 112}",112,12.0,0.01,"{""model__C"": 12.0, ""model__gamma"": 0.01, ""pca__n_components"": 112}",stage3_local_cv,3,0.796875,6.087
stage3_578,stage3_seed_1,"{""model__C"": 12.0, ""model__gamma"": 0.01, ""pca__n_components"": 112}",112,12.0,0.01,"{""model__C"": 12.0, ""model__gamma"": 0.01, ""pca__n_components"": 112}",stage3_local_cv,4,0.805,5.105
stage3_579,stage3_seed_1,"{""model__C"": 12.0, ""model__gamma"": 0.02, ""pca__n_components"": 112}",112,12.0,0.02,"{""model__C"": 12.0, ""model__gamma"": 0.02, ""pca__n_components"": 112}",stage3_local_cv,0,0.79875,4.603
stage3_579,stage3_seed_1,"{""model__C"": 12.0, ""model__gamma"": 0.02, ""pca__n_components"": 112}",112,12.0,0.02,"{""model__C"": 12.0, ""model__gamma"": 0.02, ""pca__n_components"": 112}",stage3_local_cv,1,0.80375,4.723
stage3_579,stage3_seed_1,"{""model__C"": 12.0, ""model__gamma"": 0.02, ""pca__n_components"": 112}",112,12.0,0.02,"{""model__C"": 12.0, ""model__gamma"": 0.02, ""pca__n_components"": 112}",stage3_local_cv,2,0.794375,6.384
stage3_579,stage3_seed_1,"{""model__C"": 12.0, ""model__gamma"": 0.02, ""pca__n_components"": 112}",112,12.0,0.02,"{""model__C"": 12.0, ""model__gamma"": 0.02, ""pca__n_components"": 112}",stage3_local_cv,3,0.7975,4.776
stage3_579,stage3_seed_1,"{""model__C"": 12.0, ""model__gamma"": 0.02, ""pca__n_components"": 112}",112,12.0,0.02,"{""model__C"": 12.0, ""model__gamma"": 0.02, ""pca__n_components"": 112}",stage3_local_cv,4,0.795625,5.096
stage3_580,stage3_seed_1,"{""model__C"": 16.0, ""model__gamma"": ""scale"", ""pca__n_components"": 112}",112,16.0,scale,"{""model__C"": 16.0, ""model__gamma"": ""scale"", ""pca__n_components"": 112}",stage3_local_cv,0,0.798125,6.505
stage3_580,stage3_seed_1,"{""model__C"": 16.0, ""model__gamma"": ""scale"", ""pca__n_components"": 112}",112,16.0,scale,"{""model__C"": 16.0, ""model__gamma"": ""scale"", ""pca__n_components"": 112}",stage3_local_cv,1,0.815625,6.645
stage3_580,stage3_seed_1,"{""model__C"": 16.0, ""model__gamma"": ""scale"", ""pca__n_components"": 112}",112,16.0,scale,"{""model__C"": 16.0, ""model__gamma"": ""scale"", ""pca__n_components"": 112}",stage3_local_cv,2,0.801875,5.474
stage3_580,stage3_seed_1,"{""model__C"": 16.0, ""model__gamma"": ""scale"", ""pca__n_components"": 112}",112,16.0,scale,"{""model__C"": 16.0, ""model__gamma"": ""scale"", ""pca__n_components"": 112}",stage3_local_cv,3,0.7925,7.072
stage3_580,stage3_seed_1,"{""model__C"": 16.0, ""model__gamma"": ""scale"", ""pca__n_components"": 112}",112,16.0,scale,"{""model__C"": 16.0, ""model__gamma"": ""scale"", ""pca__n_components"": 112}",stage3_local_cv,4,0.800625,7.094
stage3_581,stage3_seed_1,"{""model__C"": 16.0, ""model__gamma"": 0.001, ""pca__n_components"": 112}",112,16.0,0.001,"{""model__C"": 16.0, ""model__gamma"": 0.001, ""pca__n_components"": 112}",stage3_local_cv,0,0.74375,4.391
stage3_581,stage3_seed_1,"{""model__C"": 16.0, ""model__gamma"": 0.001, ""pca__n_components"": 112}",112,16.0,0.001,"{""model__C"": 16.0, ""model__gamma"": 0.001, ""pca__n_components"": 112}",stage3_local_cv,1,0.730625,4.515
stage3_581,stage3_seed_1,"{""model__C"": 16.0, ""model__gamma"": 0.001, ""pca__n_components"": 112}",112,16.0,0.001,"{""model__C"": 16.0, ""model__gamma"": 0.001, ""pca__n_components"": 112}",stage3_local_cv,2,0.720625,4.756
stage3_581,stage3_seed_1,"{""model__C"": 16.0, ""model__gamma"": 0.001, ""pca__n_components"": 112}",112,16.0,0.001,"{""model__C"": 16.0, ""model__gamma"": 0.001, ""pca__n_components"": 112}",stage3_local_cv,3,0.7475,4.503
stage3_581,stage3_seed_1,"{""model__C"": 16.0, ""model__gamma"": 0.001, ""pca__n_components"": 112}",112,16.0,0.001,"{""model__C"": 16.0, ""model__gamma"": 0.001, ""pca__n_components"": 112}",stage3_local_cv,4,0.73625,4.729
stage3_582,stage3_seed_1,"{""model__C"": 16.0, ""model__gamma"": 0.0025, ""pca__n_components"": 112}",112,16.0,0.0025,"{""model__C"": 16.0, ""model__gamma"": 0.0025, ""pca__n_components"": 112}",stage3_local_cv,0,0.8075,6.49
stage3_582,stage3_seed_1,"{""model__C"": 16.0, ""model__gamma"": 0.0025, ""pca__n_components"": 112}",112,16.0,0.0025,"{""model__C"": 16.0, ""model__gamma"": 0.0025, ""pca__n_components"": 112}",stage3_local_cv,1,0.78875,6.524
stage3_582,stage3_seed_1,"{""model__C"": 16.0, ""model__gamma"": 0.0025, ""pca__n_components"": 112}",112,16.0,0.0025,"{""model__C"": 16.0, ""model__gamma"": 0.0025, ""pca__n_components"": 112}",stage3_local_cv,2,0.79,6.583
stage3_582,stage3_seed_1,"{""model__C"": 16.0, ""model__gamma"": 0.0025, ""pca__n_components"": 112}",112,16.0,0.0025,"{""model__C"": 16.0, ""model__gamma"": 0.0025, ""pca__n_components"": 112}",stage3_local_cv,3,0.794375,6.586
stage3_582,stage3_seed_1,"{""model__C"": 16.0, ""model__gamma"": 0.0025, ""pca__n_components"": 112}",112,16.0,0.0025,"{""model__C"": 16.0, ""model__gamma"": 0.0025, ""pca__n_components"": 112}",stage3_local_cv,4,0.778125,6.81
stage3_583,stage3_seed_1,"{""model__C"": 16.0, ""model__gamma"": 0.005, ""pca__n_components"": 112}",112,16.0,0.005,"{""model__C"": 16.0, ""model__gamma"": 0.005, ""pca__n_components"": 112}",stage3_local_cv,0,0.805,5.298
stage3_583,stage3_seed_1,"{""model__C"": 16.0, ""model__gamma"": 0.005, ""pca__n_components"": 112}",112,16.0,0.005,"{""model__C"": 16.0, ""model__gamma"": 0.005, ""pca__n_components"": 112}",stage3_local_cv,1,0.81875,5.77
stage3_583,stage3_seed_1,"{""model__C"": 16.0, ""model__gamma"": 0.005, ""pca__n_components"": 112}",112,16.0,0.005,"{""model__C"": 16.0, ""model__gamma"": 0.005, ""pca__n_components"": 112}",stage3_local_cv,2,0.803125,5.475
stage3_583,stage3_seed_1,"{""model__C"": 16.0, ""model__gamma"": 0.005, ""pca__n_components"": 112}",112,16.0,0.005,"{""model__C"": 16.0, ""model__gamma"": 0.005, ""pca__n_components"": 112}",stage3_local_cv,3,0.79625,5.375
stage3_583,stage3_seed_1,"{""model__C"": 16.0, ""model__gamma"": 0.005, ""pca__n_components"": 112}",112,16.0,0.005,"{""model__C"": 16.0, ""model__gamma"": 0.005, ""pca__n_components"": 112}",stage3_local_cv,4,0.800625,5.523
stage3_584,stage3_seed_1,"{""model__C"": 16.0, ""model__gamma"": 0.01, ""pca__n_components"": 112}",112,16.0,0.01,"{""model__C"": 16.0, ""model__gamma"": 0.01, ""pca__n_components"": 112}",stage3_local_cv,0,0.801875,6.176
stage3_584,stage3_seed_1,"{""model__C"": 16.0, ""model__gamma"": 0.01, ""pca__n_components"": 112}",112,16.0,0.01,"{""model__C"": 16.0, ""model__gamma"": 0.01, ""pca__n_components"": 112}",stage3_local_cv,1,0.7975,4.752
stage3_584,stage3_seed_1,"{""model__C"": 16.0, ""model__gamma"": 0.01, ""pca__n_components"": 112}",112,16.0,0.01,"{""model__C"": 16.0, ""model__gamma"": 0.01, ""pca__n_components"": 112}",stage3_local_cv,2,0.805625,6.286
stage3_584,stage3_seed_1,"{""model__C"": 16.0, ""model__gamma"": 0.01, ""pca__n_components"": 112}",112,16.0,0.01,"{""model__C"": 16.0, ""model__gamma"": 0.01, ""pca__n_components"": 112}",stage3_local_cv,3,0.795,5.343
stage3_584,stage3_seed_1,"{""model__C"": 16.0, ""model__gamma"": 0.01, ""pca__n_components"": 112}",112,16.0,0.01,"{""model__C"": 16.0, ""model__gamma"": 0.01, ""pca__n_components"": 112}",stage3_local_cv,4,0.80375,6.303
stage3_585,stage3_seed_1,"{""model__C"": 16.0, ""model__gamma"": 0.02, ""pca__n_components"": 112}",112,16.0,0.02,"{""model__C"": 16.0, ""model__gamma"": 0.02, ""pca__n_components"": 112}",stage3_local_cv,0,0.795625,4.996
stage3_585,stage3_seed_1,"{""model__C"": 16.0, ""model__gamma"": 0.02, ""pca__n_components"": 112}",112,16.0,0.02,"{""model__C"": 16.0, ""model__gamma"": 0.02, ""pca__n_components"": 112}",stage3_local_cv,1,0.8025,6.118
stage3_585,stage3_seed_1,"{""model__C"": 16.0, ""model__gamma"": 0.02, ""pca__n_components"": 112}",112,16.0,0.02,"{""model__C"": 16.0, ""model__gamma"": 0.02, ""pca__n_components"": 112}",stage3_local_cv,2,0.789375,5.027
stage3_585,stage3_seed_1,"{""model__C"": 16.0, ""model__gamma"": 0.02, ""pca__n_components"": 112}",112,16.0,0.02,"{""model__C"": 16.0, ""model__gamma"": 0.02, ""pca__n_components"": 112}",stage3_local_cv,3,0.795625,5.353
stage3_585,stage3_seed_1,"{""model__C"": 16.0, ""model__gamma"": 0.02, ""pca__n_components"": 112}",112,16.0,0.02,"{""model__C"": 16.0, ""model__gamma"": 0.02, ""pca__n_components"": 112}",stage3_local_cv,4,0.793125,5.031
stage3_586,stage3_seed_1,"{""model__C"": 24.0, ""model__gamma"": ""scale"", ""pca__n_components"": 112}",112,24.0,scale,"{""model__C"": 24.0, ""model__gamma"": ""scale"", ""pca__n_components"": 112}",stage3_local_cv,0,0.793125,5.202
stage3_586,stage3_seed_1,"{""model__C"": 24.0, ""model__gamma"": ""scale"", ""pca__n_components"": 112}",112,24.0,scale,"{""model__C"": 24.0, ""model__gamma"": ""scale"", ""pca__n_components"": 112}",stage3_local_cv,1,0.80375,5.638
stage3_586,stage3_seed_1,"{""model__C"": 24.0, ""model__gamma"": ""scale"", ""pca__n_components"": 112}",112,24.0,scale,"{""model__C"": 24.0, ""model__gamma"": ""scale"", ""pca__n_components"": 112}",stage3_local_cv,2,0.796875,6.862
stage3_586,stage3_seed_1,"{""model__C"": 24.0, ""model__gamma"": ""scale"", ""pca__n_components"": 112}",112,24.0,scale,"{""model__C"": 24.0, ""model__gamma"": ""scale"", ""pca__n_components"": 112}",stage3_local_cv,3,0.790625,5.269
stage3_586,stage3_seed_1,"{""model__C"": 24.0, ""model__gamma"": ""scale"", ""pca__n_components"": 112}",112,24.0,scale,"{""model__C"": 24.0, ""model__gamma"": ""scale"", ""pca__n_components"": 112}",stage3_local_cv,4,0.790625,6.909
stage3_587,stage3_seed_1,"{""model__C"": 24.0, ""model__gamma"": 0.001, ""pca__n_components"": 112}",112,24.0,0.001,"{""model__C"": 24.0, ""model__gamma"": 0.001, ""pca__n_components"": 112}",stage3_local_cv,0,0.75125,5.883
stage3_587,stage3_seed_1,"{""model__C"": 24.0, ""model__gamma"": 0.001, ""pca__n_components"": 112}",112,24.0,0.001,"{""model__C"": 24.0, ""model__gamma"": 0.001, ""pca__n_components"": 112}",stage3_local_cv,1,0.740625,5.875
stage3_587,stage3_seed_1,"{""model__C"": 24.0, ""model__gamma"": 0.001, ""pca__n_components"": 112}",112,24.0,0.001,"{""model__C"": 24.0, ""model__gamma"": 0.001, ""pca__n_components"": 112}",stage3_local_cv,2,0.735625,4.994
stage3_587,stage3_seed_1,"{""model__C"": 24.0, ""model__gamma"": 0.001, ""pca__n_components"": 112}",112,24.0,0.001,"{""model__C"": 24.0, ""model__gamma"": 0.001, ""pca__n_components"": 112}",stage3_local_cv,3,0.754375,5.819
stage3_587,stage3_seed_1,"{""model__C"": 24.0, ""model__gamma"": 0.001, ""pca__n_components"": 112}",112,24.0,0.001,"{""model__C"": 24.0, ""model__gamma"": 0.001, ""pca__n_components"": 112}",stage3_local_cv,4,0.743125,4.997
stage3_588,stage3_seed_1,"{""model__C"": 24.0, ""model__gamma"": 0.0025, ""pca__n_components"": 112}",112,24.0,0.0025,"{""model__C"": 24.0, ""model__gamma"": 0.0025, ""pca__n_components"": 112}",stage3_local_cv,0,0.815,6.823
stage3_588,stage3_seed_1,"{""model__C"": 24.0, ""model__gamma"": 0.0025, ""pca__n_components"": 112}",112,24.0,0.0025,"{""model__C"": 24.0, ""model__gamma"": 0.0025, ""pca__n_components"": 112}",stage3_local_cv,1,0.7975,6.966
stage3_588,stage3_seed_1,"{""model__C"": 24.0, ""model__gamma"": 0.0025, ""pca__n_components"": 112}",112,24.0,0.0025,"{""model__C"": 24.0, ""model__gamma"": 0.0025, ""pca__n_components"": 112}",stage3_local_cv,2,0.796875,8.311
stage3_588,stage3_seed_1,"{""model__C"": 24.0, ""model__gamma"": 0.0025, ""pca__n_components"": 112}",112,24.0,0.0025,"{""model__C"": 24.0, ""model__gamma"": 0.0025, ""pca__n_components"": 112}",stage3_local_cv,3,0.801875,6.942
stage3_588,stage3_seed_1,"{""model__C"": 24.0, ""model__gamma"": 0.0025, ""pca__n_components"": 112}",112,24.0,0.0025,"{""model__C"": 24.0, ""model__gamma"": 0.0025, ""pca__n_components"": 112}",stage3_local_cv,4,0.785625,8.367
stage3_589,stage3_seed_1,"{""model__C"": 24.0, ""model__gamma"": 0.005, ""pca__n_components"": 112}",112,24.0,0.005,"{""model__C"": 24.0, ""model__gamma"": 0.005, ""pca__n_components"": 112}",stage3_local_cv,0,0.7925,6.593
stage3_589,stage3_seed_1,"{""model__C"": 24.0, ""model__gamma"": 0.005, ""pca__n_components"": 112}",112,24.0,0.005,"{""model__C"": 24.0, ""model__gamma"": 0.005, ""pca__n_components"": 112}",stage3_local_cv,1,0.804375,6.699
stage3_589,stage3_seed_1,"{""model__C"": 24.0, ""model__gamma"": 0.005, ""pca__n_components"": 112}",112,24.0,0.005,"{""model__C"": 24.0, ""model__gamma"": 0.005, ""pca__n_components"": 112}",stage3_local_cv,2,0.796875,5.703
stage3_589,stage3_seed_1,"{""model__C"": 24.0, ""model__gamma"": 0.005, ""pca__n_components"": 112}",112,24.0,0.005,"{""model__C"": 24.0, ""model__gamma"": 0.005, ""pca__n_components"": 112}",stage3_local_cv,3,0.78375,6.677
stage3_589,stage3_seed_1,"{""model__C"": 24.0, ""model__gamma"": 0.005, ""pca__n_components"": 112}",112,24.0,0.005,"{""model__C"": 24.0, ""model__gamma"": 0.005, ""pca__n_components"": 112}",stage3_local_cv,4,0.793125,6.066
stage3_590,stage3_seed_1,"{""model__C"": 24.0, ""model__gamma"": 0.01, ""pca__n_components"": 112}",112,24.0,0.01,"{""model__C"": 24.0, ""model__gamma"": 0.01, ""pca__n_components"": 112}",stage3_local_cv,0,0.79125,4.675
stage3_590,stage3_seed_1,"{""model__C"": 24.0, ""model__gamma"": 0.01, ""pca__n_components"": 112}",112,24.0,0.01,"{""model__C"": 24.0, ""model__gamma"": 0.01, ""pca__n_components"": 112}",stage3_local_cv,1,0.79125,4.892
stage3_590,stage3_seed_1,"{""model__C"": 24.0, ""model__gamma"": 0.01, ""pca__n_components"": 112}",112,24.0,0.01,"{""model__C"": 24.0, ""model__gamma"": 0.01, ""pca__n_components"": 112}",stage3_local_cv,2,0.796875,6.269
stage3_590,stage3_seed_1,"{""model__C"": 24.0, ""model__gamma"": 0.01, ""pca__n_components"": 112}",112,24.0,0.01,"{""model__C"": 24.0, ""model__gamma"": 0.01, ""pca__n_components"": 112}",stage3_local_cv,3,0.7925,4.889
stage3_590,stage3_seed_1,"{""model__C"": 24.0, ""model__gamma"": 0.01, ""pca__n_components"": 112}",112,24.0,0.01,"{""model__C"": 24.0, ""model__gamma"": 0.01, ""pca__n_components"": 112}",stage3_local_cv,4,0.80125,6.45
stage3_591,stage3_seed_1,"{""model__C"": 24.0, ""model__gamma"": 0.02, ""pca__n_components"": 112}",112,24.0,0.02,"{""model__C"": 24.0, ""model__gamma"": 0.02, ""pca__n_components"": 112}",stage3_local_cv,0,0.796875,6.165
stage3_591,stage3_seed_1,"{""model__C"": 24.0, ""model__gamma"": 0.02, ""pca__n_components"": 112}",112,24.0,0.02,"{""model__C"": 24.0, ""model__gamma"": 0.02, ""pca__n_components"": 112}",stage3_local_cv,1,0.80375,5.41
stage3_591,stage3_seed_1,"{""model__C"": 24.0, ""model__gamma"": 0.02, ""pca__n_components"": 112}",112,24.0,0.02,"{""model__C"": 24.0, ""model__gamma"": 0.02, ""pca__n_components"": 112}",stage3_local_cv,2,0.785,4.968
stage3_591,stage3_seed_1,"{""model__C"": 24.0, ""model__gamma"": 0.02, ""pca__n_components"": 112}",112,24.0,0.02,"{""model__C"": 24.0, ""model__gamma"": 0.02, ""pca__n_components"": 112}",stage3_local_cv,3,0.795,6.183
stage3_591,stage3_seed_1,"{""model__C"": 24.0, ""model__gamma"": 0.02, ""pca__n_components"": 112}",112,24.0,0.02,"{""model__C"": 24.0, ""model__gamma"": 0.02, ""pca__n_components"": 112}",stage3_local_cv,4,0.79,5.014
stage3_592,stage3_seed_2,"{""model__C"": 1.0, ""model__gamma"": ""scale"", ""pca__n_components"": 100}",100,1.0,scale,"{""model__C"": 1.0, ""model__gamma"": ""scale"", ""pca__n_components"": 100}",stage3_local_cv,0,0.75625,4.007
stage3_592,stage3_seed_2,"{""model__C"": 1.0, ""model__gamma"": ""scale"", ""pca__n_components"": 100}",100,1.0,scale,"{""model__C"": 1.0, ""model__gamma"": ""scale"", ""pca__n_components"": 100}",stage3_local_cv,1,0.738125,4.679
stage3_592,stage3_seed_2,"{""model__C"": 1.0, ""model__gamma"": ""scale"", ""pca__n_components"": 100}",100,1.0,scale,"{""model__C"": 1.0, ""model__gamma"": ""scale"", ""pca__n_components"": 100}",stage3_local_cv,2,0.72625,3.909
stage3_592,stage3_seed_2,"{""model__C"": 1.0, ""model__gamma"": ""scale"", ""pca__n_components"": 100}",100,1.0,scale,"{""model__C"": 1.0, ""model__gamma"": ""scale"", ""pca__n_components"": 100}",stage3_local_cv,3,0.75,3.921
stage3_592,stage3_seed_2,"{""model__C"": 1.0, ""model__gamma"": ""scale"", ""pca__n_components"": 100}",100,1.0,scale,"{""model__C"": 1.0, ""model__gamma"": ""scale"", ""pca__n_components"": 100}",stage3_local_cv,4,0.730625,3.904
stage3_593,stage3_seed_2,"{""model__C"": 1.0, ""model__gamma"": 0.005, ""pca__n_components"": 100}",100,1.0,0.005,"{""model__C"": 1.0, ""model__gamma"": 0.005, ""pca__n_components"": 100}",stage3_local_cv,0,0.753125,3.974
stage3_593,stage3_seed_2,"{""model__C"": 1.0, ""model__gamma"": 0.005, ""pca__n_components"": 100}",100,1.0,0.005,"{""model__C"": 1.0, ""model__gamma"": 0.005, ""pca__n_components"": 100}",stage3_local_cv,1,0.736875,3.918
stage3_593,stage3_seed_2,"{""model__C"": 1.0, ""model__gamma"": 0.005, ""pca__n_components"": 100}",100,1.0,0.005,"{""model__C"": 1.0, ""model__gamma"": 0.005, ""pca__n_components"": 100}",stage3_local_cv,2,0.724375,5.195
stage3_593,stage3_seed_2,"{""model__C"": 1.0, ""model__gamma"": 0.005, ""pca__n_components"": 100}",100,1.0,0.005,"{""model__C"": 1.0, ""model__gamma"": 0.005, ""pca__n_components"": 100}",stage3_local_cv,3,0.748125,3.923
stage3_593,stage3_seed_2,"{""model__C"": 1.0, ""model__gamma"": 0.005, ""pca__n_components"": 100}",100,1.0,0.005,"{""model__C"": 1.0, ""model__gamma"": 0.005, ""pca__n_components"": 100}",stage3_local_cv,4,0.72875,5.186
stage3_594,stage3_seed_2,"{""model__C"": 1.0, ""model__gamma"": 0.01, ""pca__n_components"": 100}",100,1.0,0.01,"{""model__C"": 1.0, ""model__gamma"": 0.01, ""pca__n_components"": 100}",stage3_local_cv,0,0.780625,5.494
stage3_594,stage3_seed_2,"{""model__C"": 1.0, ""model__gamma"": 0.01, ""pca__n_components"": 100}",100,1.0,0.01,"{""model__C"": 1.0, ""model__gamma"": 0.01, ""pca__n_components"": 100}",stage3_local_cv,1,0.775625,5.399
stage3_594,stage3_seed_2,"{""model__C"": 1.0, ""model__gamma"": 0.01, ""pca__n_components"": 100}",100,1.0,0.01,"{""model__C"": 1.0, ""model__gamma"": 0.01, ""pca__n_components"": 100}",stage3_local_cv,2,0.764375,4.35
stage3_594,stage3_seed_2,"{""model__C"": 1.0, ""model__gamma"": 0.01, ""pca__n_components"": 100}",100,1.0,0.01,"{""model__C"": 1.0, ""model__gamma"": 0.01, ""pca__n_components"": 100}",stage3_local_cv,3,0.774375,5.466
stage3_594,stage3_seed_2,"{""model__C"": 1.0, ""model__gamma"": 0.01, ""pca__n_components"": 100}",100,1.0,0.01,"{""model__C"": 1.0, ""model__gamma"": 0.01, ""pca__n_components"": 100}",stage3_local_cv,4,0.768125,4.305
stage3_595,stage3_seed_2,"{""model__C"": 1.0, ""model__gamma"": 0.02, ""pca__n_components"": 100}",100,1.0,0.02,"{""model__C"": 1.0, ""model__gamma"": 0.02, ""pca__n_components"": 100}",stage3_local_cv,0,0.786875,4.878
stage3_595,stage3_seed_2,"{""model__C"": 1.0, ""model__gamma"": 0.02, ""pca__n_components"": 100}",100,1.0,0.02,"{""model__C"": 1.0, ""model__gamma"": 0.02, ""pca__n_components"": 100}",stage3_local_cv,1,0.786875,5.202
stage3_595,stage3_seed_2,"{""model__C"": 1.0, ""model__gamma"": 0.02, ""pca__n_components"": 100}",100,1.0,0.02,"{""model__C"": 1.0, ""model__gamma"": 0.02, ""pca__n_components"": 100}",stage3_local_cv,2,0.7625,6.176
stage3_595,stage3_seed_2,"{""model__C"": 1.0, ""model__gamma"": 0.02, ""pca__n_components"": 100}",100,1.0,0.02,"{""model__C"": 1.0, ""model__gamma"": 0.02, ""pca__n_components"": 100}",stage3_local_cv,3,0.78625,4.792
stage3_595,stage3_seed_2,"{""model__C"": 1.0, ""model__gamma"": 0.02, ""pca__n_components"": 100}",100,1.0,0.02,"{""model__C"": 1.0, ""model__gamma"": 0.02, ""pca__n_components"": 100}",stage3_local_cv,4,0.771875,5.993
stage3_596,stage3_seed_2,"{""model__C"": 1.0, ""model__gamma"": 0.03, ""pca__n_components"": 100}",100,1.0,0.03,"{""model__C"": 1.0, ""model__gamma"": 0.03, ""pca__n_components"": 100}",stage3_local_cv,0,0.77375,5.476
stage3_596,stage3_seed_2,"{""model__C"": 1.0, ""model__gamma"": 0.03, ""pca__n_components"": 100}",100,1.0,0.03,"{""model__C"": 1.0, ""model__gamma"": 0.03, ""pca__n_components"": 100}",stage3_local_cv,1,0.770625,4.992
stage3_596,stage3_seed_2,"{""model__C"": 1.0, ""model__gamma"": 0.03, ""pca__n_components"": 100}",100,1.0,0.03,"{""model__C"": 1.0, ""model__gamma"": 0.03, ""pca__n_components"": 100}",stage3_local_cv,2,0.751875,5.194
stage3_596,stage3_seed_2,"{""model__C"": 1.0, ""model__gamma"": 0.03, ""pca__n_components"": 100}",100,1.0,0.03,"{""model__C"": 1.0, ""model__gamma"": 0.03, ""pca__n_components"": 100}",stage3_local_cv,3,0.76875,5.486
stage3_596,stage3_seed_2,"{""model__C"": 1.0, ""model__gamma"": 0.03, ""pca__n_components"": 100}",100,1.0,0.03,"{""model__C"": 1.0, ""model__gamma"": 0.03, ""pca__n_components"": 100}",stage3_local_cv,4,0.749375,5.277
stage3_597,stage3_seed_2,"{""model__C"": 1.0, ""model__gamma"": 0.04, ""pca__n_components"": 100}",100,1.0,0.04,"{""model__C"": 1.0, ""model__gamma"": 0.04, ""pca__n_components"": 100}",stage3_local_cv,0,0.750625,5.847
stage3_597,stage3_seed_2,"{""model__C"": 1.0, ""model__gamma"": 0.04, ""pca__n_components"": 100}",100,1.0,0.04,"{""model__C"": 1.0, ""model__gamma"": 0.04, ""pca__n_components"": 100}",stage3_local_cv,1,0.75875,6.31
stage3_597,stage3_seed_2,"{""model__C"": 1.0, ""model__gamma"": 0.04, ""pca__n_components"": 100}",100,1.0,0.04,"{""model__C"": 1.0, ""model__gamma"": 0.04, ""pca__n_components"": 100}",stage3_local_cv,2,0.73625,4.859
stage3_597,stage3_seed_2,"{""model__C"": 1.0, ""model__gamma"": 0.04, ""pca__n_components"": 100}",100,1.0,0.04,"{""model__C"": 1.0, ""model__gamma"": 0.04, ""pca__n_components"": 100}",stage3_local_cv,3,0.765,5.72
stage3_597,stage3_seed_2,"{""model__C"": 1.0, ""model__gamma"": 0.04, ""pca__n_components"": 100}",100,1.0,0.04,"{""model__C"": 1.0, ""model__gamma"": 0.04, ""pca__n_components"": 100}",stage3_local_cv,4,0.7375,4.912
stage3_598,stage3_seed_2,"{""model__C"": 1.0, ""model__gamma"": 0.08, ""pca__n_components"": 100}",100,1.0,0.08,"{""model__C"": 1.0, ""model__gamma"": 0.08, ""pca__n_components"": 100}",stage3_local_cv,0,0.538125,5.657
stage3_598,stage3_seed_2,"{""model__C"": 1.0, ""model__gamma"": 0.08, ""pca__n_components"": 100}",100,1.0,0.08,"{""model__C"": 1.0, ""model__gamma"": 0.08, ""pca__n_components"": 100}",stage3_local_cv,1,0.553125,5.495
stage3_598,stage3_seed_2,"{""model__C"": 1.0, ""model__gamma"": 0.08, ""pca__n_components"": 100}",100,1.0,0.08,"{""model__C"": 1.0, ""model__gamma"": 0.08, ""pca__n_components"": 100}",stage3_local_cv,2,0.613125,6.567
stage3_598,stage3_seed_2,"{""model__C"": 1.0, ""model__gamma"": 0.08, ""pca__n_components"": 100}",100,1.0,0.08,"{""model__C"": 1.0, ""model__gamma"": 0.08, ""pca__n_components"": 100}",stage3_local_cv,3,0.618125,5.261
stage3_598,stage3_seed_2,"{""model__C"": 1.0, ""model__gamma"": 0.08, ""pca__n_components"": 100}",100,1.0,0.08,"{""model__C"": 1.0, ""model__gamma"": 0.08, ""pca__n_components"": 100}",stage3_local_cv,4,0.5725,6.638
stage3_599,stage3_seed_2,"{""model__C"": 1.5, ""model__gamma"": ""scale"", ""pca__n_components"": 100}",100,1.5,scale,"{""model__C"": 1.5, ""model__gamma"": ""scale"", ""pca__n_components"": 100}",stage3_local_cv,0,0.761875,5.254
stage3_599,stage3_seed_2,"{""model__C"": 1.5, ""model__gamma"": ""scale"", ""pca__n_components"": 100}",100,1.5,scale,"{""model__C"": 1.5, ""model__gamma"": ""scale"", ""pca__n_components"": 100}",stage3_local_cv,1,0.749375,5.433
stage3_599,stage3_seed_2,"{""model__C"": 1.5, ""model__gamma"": ""scale"", ""pca__n_components"": 100}",100,1.5,scale,"{""model__C"": 1.5, ""model__gamma"": ""scale"", ""pca__n_components"": 100}",stage3_local_cv,2,0.74875,4.05
stage3_599,stage3_seed_2,"{""model__C"": 1.5, ""model__gamma"": ""scale"", ""pca__n_components"": 100}",100,1.5,scale,"{""model__C"": 1.5, ""model__gamma"": ""scale"", ""pca__n_components"": 100}",stage3_local_cv,3,0.758125,5.171
stage3_599,stage3_seed_2,"{""model__C"": 1.5, ""model__gamma"": ""scale"", ""pca__n_components"": 100}",100,1.5,scale,"{""model__C"": 1.5, ""model__gamma"": ""scale"", ""pca__n_components"": 100}",stage3_local_cv,4,0.75125,4.125
stage3_600,stage3_seed_2,"{""model__C"": 1.5, ""model__gamma"": 0.005, ""pca__n_components"": 100}",100,1.5,0.005,"{""model__C"": 1.5, ""model__gamma"": 0.005, ""pca__n_components"": 100}",stage3_local_cv,0,0.76125,4.183
stage3_600,stage3_seed_2,"{""model__C"": 1.5, ""model__gamma"": 0.005, ""pca__n_components"": 100}",100,1.5,0.005,"{""model__C"": 1.5, ""model__gamma"": 0.005, ""pca__n_components"": 100}",stage3_local_cv,1,0.7475,4.013
stage3_600,stage3_seed_2,"{""model__C"": 1.5, ""model__gamma"": 0.005, ""pca__n_components"": 100}",100,1.5,0.005,"{""model__C"": 1.5, ""model__gamma"": 0.005, ""pca__n_components"": 100}",stage3_local_cv,2,0.745625,5.233
stage3_600,stage3_seed_2,"{""model__C"": 1.5, ""model__gamma"": 0.005, ""pca__n_components"": 100}",100,1.5,0.005,"{""model__C"": 1.5, ""model__gamma"": 0.005, ""pca__n_components"": 100}",stage3_local_cv,3,0.755,4.124
stage3_600,stage3_seed_2,"{""model__C"": 1.5, ""model__gamma"": 0.005, ""pca__n_components"": 100}",100,1.5,0.005,"{""model__C"": 1.5, ""model__gamma"": 0.005, ""pca__n_components"": 100}",stage3_local_cv,4,0.746875,5.137
stage3_601,stage3_seed_2,"{""model__C"": 1.5, ""model__gamma"": 0.01, ""pca__n_components"": 100}",100,1.5,0.01,"{""model__C"": 1.5, ""model__gamma"": 0.01, ""pca__n_components"": 100}",stage3_local_cv,0,0.7975,5.133
stage3_601,stage3_seed_2,"{""model__C"": 1.5, ""model__gamma"": 0.01, ""pca__n_components"": 100}",100,1.5,0.01,"{""model__C"": 1.5, ""model__gamma"": 0.01, ""pca__n_components"": 100}",stage3_local_cv,1,0.78875,4.707
stage3_601,stage3_seed_2,"{""model__C"": 1.5, ""model__gamma"": 0.01, ""pca__n_components"": 100}",100,1.5,0.01,"{""model__C"": 1.5, ""model__gamma"": 0.01, ""pca__n_components"": 100}",stage3_local_cv,2,0.784375,4.94
stage3_601,stage3_seed_2,"{""model__C"": 1.5, ""model__gamma"": 0.01, ""pca__n_components"": 100}",100,1.5,0.01,"{""model__C"": 1.5, ""model__gamma"": 0.01, ""pca__n_components"": 100}",stage3_local_cv,3,0.788125,4.777
stage3_601,stage3_seed_2,"{""model__C"": 1.5, ""model__gamma"": 0.01, ""pca__n_components"": 100}",100,1.5,0.01,"{""model__C"": 1.5, ""model__gamma"": 0.01, ""pca__n_components"": 100}",stage3_local_cv,4,0.793125,5.051
stage3_602,stage3_seed_2,"{""model__C"": 1.5, ""model__gamma"": 0.02, ""pca__n_components"": 100}",100,1.5,0.02,"{""model__C"": 1.5, ""model__gamma"": 0.02, ""pca__n_components"": 100}",stage3_local_cv,0,0.806875,5.625
stage3_602,stage3_seed_2,"{""model__C"": 1.5, ""model__gamma"": 0.02, ""pca__n_components"": 100}",100,1.5,0.02,"{""model__C"": 1.5, ""model__gamma"": 0.02, ""pca__n_components"": 100}",stage3_local_cv,1,0.803125,6.072
stage3_602,stage3_seed_2,"{""model__C"": 1.5, ""model__gamma"": 0.02, ""pca__n_components"": 100}",100,1.5,0.02,"{""model__C"": 1.5, ""model__gamma"": 0.02, ""pca__n_components"": 100}",stage3_local_cv,2,0.795,4.57
stage3_602,stage3_seed_2,"{""model__C"": 1.5, ""model__gamma"": 0.02, ""pca__n_components"": 100}",100,1.5,0.02,"{""model__C"": 1.5, ""model__gamma"": 0.02, ""pca__n_components"": 100}",stage3_local_cv,3,0.804375,5.911
stage3_602,stage3_seed_2,"{""model__C"": 1.5, ""model__gamma"": 0.02, ""pca__n_components"": 100}",100,1.5,0.02,"{""model__C"": 1.5, ""model__gamma"": 0.02, ""pca__n_components"": 100}",stage3_local_cv,4,0.79375,4.689
stage3_603,stage3_seed_2,"{""model__C"": 1.5, ""model__gamma"": 0.03, ""pca__n_components"": 100}",100,1.5,0.03,"{""model__C"": 1.5, ""model__gamma"": 0.03, ""pca__n_components"": 100}",stage3_local_cv,0,0.7825,4.698
stage3_603,stage3_seed_2,"{""model__C"": 1.5, ""model__gamma"": 0.03, ""pca__n_components"": 100}",100,1.5,0.03,"{""model__C"": 1.5, ""model__gamma"": 0.03, ""pca__n_components"": 100}",stage3_local_cv,1,0.7825,4.57
stage3_603,stage3_seed_2,"{""model__C"": 1.5, ""model__gamma"": 0.03, ""pca__n_components"": 100}",100,1.5,0.03,"{""model__C"": 1.5, ""model__gamma"": 0.03, ""pca__n_components"": 100}",stage3_local_cv,2,0.765,5.833
stage3_603,stage3_seed_2,"{""model__C"": 1.5, ""model__gamma"": 0.03, ""pca__n_components"": 100}",100,1.5,0.03,"{""model__C"": 1.5, ""model__gamma"": 0.03, ""pca__n_components"": 100}",stage3_local_cv,3,0.78,4.629
stage3_603,stage3_seed_2,"{""model__C"": 1.5, ""model__gamma"": 0.03, ""pca__n_components"": 100}",100,1.5,0.03,"{""model__C"": 1.5, ""model__gamma"": 0.03, ""pca__n_components"": 100}",stage3_local_cv,4,0.76125,5.941
stage3_604,stage3_seed_2,"{""model__C"": 1.5, ""model__gamma"": 0.04, ""pca__n_components"": 100}",100,1.5,0.04,"{""model__C"": 1.5, ""model__gamma"": 0.04, ""pca__n_components"": 100}",stage3_local_cv,0,0.76125,5.966
stage3_604,stage3_seed_2,"{""model__C"": 1.5, ""model__gamma"": 0.04, ""pca__n_components"": 100}",100,1.5,0.04,"{""model__C"": 1.5, ""model__gamma"": 0.04, ""pca__n_components"": 100}",stage3_local_cv,1,0.7675,5.361
stage3_604,stage3_seed_2,"{""model__C"": 1.5, ""model__gamma"": 0.04, ""pca__n_components"": 100}",100,1.5,0.04,"{""model__C"": 1.5, ""model__gamma"": 0.04, ""pca__n_components"": 100}",stage3_local_cv,2,0.740625,4.59
stage3_604,stage3_seed_2,"{""model__C"": 1.5, ""model__gamma"": 0.04, ""pca__n_components"": 100}",100,1.5,0.04,"{""model__C"": 1.5, ""model__gamma"": 0.04, ""pca__n_components"": 100}",stage3_local_cv,3,0.7675,5.956
stage3_604,stage3_seed_2,"{""model__C"": 1.5, ""model__gamma"": 0.04, ""pca__n_components"": 100}",100,1.5,0.04,"{""model__C"": 1.5, ""model__gamma"": 0.04, ""pca__n_components"": 100}",stage3_local_cv,4,0.7475,4.521
stage3_605,stage3_seed_2,"{""model__C"": 1.5, ""model__gamma"": 0.08, ""pca__n_components"": 100}",100,1.5,0.08,"{""model__C"": 1.5, ""model__gamma"": 0.08, ""pca__n_components"": 100}",stage3_local_cv,0,0.56125,4.605
stage3_605,stage3_seed_2,"{""model__C"": 1.5, ""model__gamma"": 0.08, ""pca__n_components"": 100}",100,1.5,0.08,"{""model__C"": 1.5, ""model__gamma"": 0.08, ""pca__n_components"": 100}",stage3_local_cv,1,0.575625,5.317
stage3_605,stage3_seed_2,"{""model__C"": 1.5, ""model__gamma"": 0.08, ""pca__n_components"": 100}",100,1.5,0.08,"{""model__C"": 1.5, ""model__gamma"": 0.08, ""pca__n_components"": 100}",stage3_local_cv,2,0.64125,5.134
stage3_605,stage3_seed_2,"{""model__C"": 1.5, ""model__gamma"": 0.08, ""pca__n_components"": 100}",100,1.5,0.08,"{""model__C"": 1.5, ""model__gamma"": 0.08, ""pca__n_components"": 100}",stage3_local_cv,3,0.67,4.434
stage3_605,stage3_seed_2,"{""model__C"": 1.5, ""model__gamma"": 0.08, ""pca__n_components"": 100}",100,1.5,0.08,"{""model__C"": 1.5, ""model__gamma"": 0.08, ""pca__n_components"": 100}",stage3_local_cv,4,0.5975,5.712
stage3_606,stage3_seed_2,"{""model__C"": 2.0, ""model__gamma"": ""scale"", ""pca__n_components"": 100}",100,2.0,scale,"{""model__C"": 2.0, ""model__gamma"": ""scale"", ""pca__n_components"": 100}",stage3_local_cv,0,0.77,4.206
stage3_606,stage3_seed_2,"{""model__C"": 2.0, ""model__gamma"": ""scale"", ""pca__n_components"": 100}",100,2.0,scale,"{""model__C"": 2.0, ""model__gamma"": ""scale"", ""pca__n_components"": 100}",stage3_local_cv,1,0.7575,4.16
stage3_606,stage3_seed_2,"{""model__C"": 2.0, ""model__gamma"": ""scale"", ""pca__n_components"": 100}",100,2.0,scale,"{""model__C"": 2.0, ""model__gamma"": ""scale"", ""pca__n_components"": 100}",stage3_local_cv,2,0.760625,4.798
stage3_606,stage3_seed_2,"{""model__C"": 2.0, ""model__gamma"": ""scale"", ""pca__n_components"": 100}",100,2.0,scale,"{""model__C"": 2.0, ""model__gamma"": ""scale"", ""pca__n_components"": 100}",stage3_local_cv,3,0.765625,4.259
stage3_606,stage3_seed_2,"{""model__C"": 2.0, ""model__gamma"": ""scale"", ""pca__n_components"": 100}",100,2.0,scale,"{""model__C"": 2.0, ""model__gamma"": ""scale"", ""pca__n_components"": 100}",stage3_local_cv,4,0.7575,4.386
stage3_607,stage3_seed_2,"{""model__C"": 2.0, ""model__gamma"": 0.005, ""pca__n_components"": 100}",100,2.0,0.005,"{""model__C"": 2.0, ""model__gamma"": 0.005, ""pca__n_components"": 100}",stage3_local_cv,0,0.7675,5.411
stage3_607,stage3_seed_2,"{""model__C"": 2.0, ""model__gamma"": 0.005, ""pca__n_components"": 100}",100,2.0,0.005,"{""model__C"": 2.0, ""model__gamma"": 0.005, ""pca__n_components"": 100}",stage3_local_cv,1,0.756875,5.481
stage3_607,stage3_seed_2,"{""model__C"": 2.0, ""model__gamma"": 0.005, ""pca__n_components"": 100}",100,2.0,0.005,"{""model__C"": 2.0, ""model__gamma"": 0.005, ""pca__n_components"": 100}",stage3_local_cv,2,0.75875,4.218
stage3_607,stage3_seed_2,"{""model__C"": 2.0, ""model__gamma"": 0.005, ""pca__n_components"": 100}",100,2.0,0.005,"{""model__C"": 2.0, ""model__gamma"": 0.005, ""pca__n_components"": 100}",stage3_local_cv,3,0.7625,5.383
stage3_607,stage3_seed_2,"{""model__C"": 2.0, ""model__gamma"": 0.005, ""pca__n_components"": 100}",100,2.0,0.005,"{""model__C"": 2.0, ""model__gamma"": 0.005, ""pca__n_components"": 100}",stage3_local_cv,4,0.75625,4.175
stage3_608,stage3_seed_2,"{""model__C"": 2.0, ""model__gamma"": 0.01, ""pca__n_components"": 100}",100,2.0,0.01,"{""model__C"": 2.0, ""model__gamma"": 0.01, ""pca__n_components"": 100}",stage3_local_cv,0,0.809375,4.778
stage3_608,stage3_seed_2,"{""model__C"": 2.0, ""model__gamma"": 0.01, ""pca__n_components"": 100}",100,2.0,0.01,"{""model__C"": 2.0, ""model__gamma"": 0.01, ""pca__n_components"": 100}",stage3_local_cv,1,0.800625,4.667
stage3_608,stage3_seed_2,"{""model__C"": 2.0, ""model__gamma"": 0.01, ""pca__n_components"": 100}",100,2.0,0.01,"{""model__C"": 2.0, ""model__gamma"": 0.01, ""pca__n_components"": 100}",stage3_local_cv,2,0.794375,6.046
stage3_608,stage3_seed_2,"{""model__C"": 2.0, ""model__gamma"": 0.01, ""pca__n_components"": 100}",100,2.0,0.01,"{""model__C"": 2.0, ""model__gamma"": 0.01, ""pca__n_components"": 100}",stage3_local_cv,3,0.801875,4.734
stage3_608,stage3_seed_2,"{""model__C"": 2.0, ""model__gamma"": 0.01, ""pca__n_components"": 100}",100,2.0,0.01,"{""model__C"": 2.0, ""model__gamma"": 0.01, ""pca__n_components"": 100}",stage3_local_cv,4,0.805,5.901
stage3_609,stage3_seed_2,"{""model__C"": 2.0, ""model__gamma"": 0.02, ""pca__n_components"": 100}",100,2.0,0.02,"{""model__C"": 2.0, ""model__gamma"": 0.02, ""pca__n_components"": 100}",stage3_local_cv,0,0.808125,6.255
stage3_609,stage3_seed_2,"{""model__C"": 2.0, ""model__gamma"": 0.02, ""pca__n_components"": 100}",100,2.0,0.02,"{""model__C"": 2.0, ""model__gamma"": 0.02, ""pca__n_components"": 100}",stage3_local_cv,1,0.80875,4.585
stage3_609,stage3_seed_2,"{""model__C"": 2.0, ""model__gamma"": 0.02, ""pca__n_components"": 100}",100,2.0,0.02,"{""model__C"": 2.0, ""model__gamma"": 0.02, ""pca__n_components"": 100}",stage3_local_cv,2,0.7975,4.609
stage3_609,stage3_seed_2,"{""model__C"": 2.0, ""model__gamma"": 0.02, ""pca__n_components"": 100}",100,2.0,0.02,"{""model__C"": 2.0, ""model__gamma"": 0.02, ""pca__n_components"": 100}",stage3_local_cv,3,0.804375,5.974
stage3_609,stage3_seed_2,"{""model__C"": 2.0, ""model__gamma"": 0.02, ""pca__n_components"": 100}",100,2.0,0.02,"{""model__C"": 2.0, ""model__gamma"": 0.02, ""pca__n_components"": 100}",stage3_local_cv,4,0.79875,4.612
stage3_610,stage3_seed_2,"{""model__C"": 2.0, ""model__gamma"": 0.03, ""pca__n_components"": 100}",100,2.0,0.03,"{""model__C"": 2.0, ""model__gamma"": 0.03, ""pca__n_components"": 100}",stage3_local_cv,0,0.779375,4.677
stage3_610,stage3_seed_2,"{""model__C"": 2.0, ""model__gamma"": 0.03, ""pca__n_components"": 100}",100,2.0,0.03,"{""model__C"": 2.0, ""model__gamma"": 0.03, ""pca__n_components"": 100}",stage3_local_cv,1,0.785,6.023
stage3_610,stage3_seed_2,"{""model__C"": 2.0, ""model__gamma"": 0.03, ""pca__n_components"": 100}",100,2.0,0.03,"{""model__C"": 2.0, ""model__gamma"": 0.03, ""pca__n_components"": 100}",stage3_local_cv,2,0.765625,4.553
stage3_610,stage3_seed_2,"{""model__C"": 2.0, ""model__gamma"": 0.03, ""pca__n_components"": 100}",100,2.0,0.03,"{""model__C"": 2.0, ""model__gamma"": 0.03, ""pca__n_components"": 100}",stage3_local_cv,3,0.78,4.688
stage3_610,stage3_seed_2,"{""model__C"": 2.0, ""model__gamma"": 0.03, ""pca__n_components"": 100}",100,2.0,0.03,"{""model__C"": 2.0, ""model__gamma"": 0.03, ""pca__n_components"": 100}",stage3_local_cv,4,0.765625,4.677
stage3_611,stage3_seed_2,"{""model__C"": 2.0, ""model__gamma"": 0.04, ""pca__n_components"": 100}",100,2.0,0.04,"{""model__C"": 2.0, ""model__gamma"": 0.04, ""pca__n_components"": 100}",stage3_local_cv,0,0.75875,4.675
stage3_611,stage3_seed_2,"{""model__C"": 2.0, ""model__gamma"": 0.04, ""pca__n_components"": 100}",100,2.0,0.04,"{""model__C"": 2.0, ""model__gamma"": 0.04, ""pca__n_components"": 100}",stage3_local_cv,1,0.766875,4.613
stage3_611,stage3_seed_2,"{""model__C"": 2.0, ""model__gamma"": 0.04, ""pca__n_components"": 100}",100,2.0,0.04,"{""model__C"": 2.0, ""model__gamma"": 0.04, ""pca__n_components"": 100}",stage3_local_cv,2,0.740625,5.883
stage3_611,stage3_seed_2,"{""model__C"": 2.0, ""model__gamma"": 0.04, ""pca__n_components"": 100}",100,2.0,0.04,"{""model__C"": 2.0, ""model__gamma"": 0.04, ""pca__n_components"": 100}",stage3_local_cv,3,0.768125,4.529
stage3_611,stage3_seed_2,"{""model__C"": 2.0, ""model__gamma"": 0.04, ""pca__n_components"": 100}",100,2.0,0.04,"{""model__C"": 2.0, ""model__gamma"": 0.04, ""pca__n_components"": 100}",stage3_local_cv,4,0.75,5.736
stage3_612,stage3_seed_2,"{""model__C"": 2.0, ""model__gamma"": 0.08, ""pca__n_components"": 100}",100,2.0,0.08,"{""model__C"": 2.0, ""model__gamma"": 0.08, ""pca__n_components"": 100}",stage3_local_cv,0,0.56,5.968
stage3_612,stage3_seed_2,"{""model__C"": 2.0, ""model__gamma"": 0.08, ""pca__n_components"": 100}",100,2.0,0.08,"{""model__C"": 2.0, ""model__gamma"": 0.08, ""pca__n_components"": 100}",stage3_local_cv,1,0.574375,5.854
stage3_612,stage3_seed_2,"{""model__C"": 2.0, ""model__gamma"": 0.08, ""pca__n_components"": 100}",100,2.0,0.08,"{""model__C"": 2.0, ""model__gamma"": 0.08, ""pca__n_components"": 100}",stage3_local_cv,2,0.645,4.526
stage3_612,stage3_seed_2,"{""model__C"": 2.0, ""model__gamma"": 0.08, ""pca__n_components"": 100}",100,2.0,0.08,"{""model__C"": 2.0, ""model__gamma"": 0.08, ""pca__n_components"": 100}",stage3_local_cv,3,0.679375,5.779
stage3_612,stage3_seed_2,"{""model__C"": 2.0, ""model__gamma"": 0.08, ""pca__n_components"": 100}",100,2.0,0.08,"{""model__C"": 2.0, ""model__gamma"": 0.08, ""pca__n_components"": 100}",stage3_local_cv,4,0.5975,4.499
stage3_613,stage3_seed_2,"{""model__C"": 3.0, ""model__gamma"": ""scale"", ""pca__n_components"": 100}",100,3.0,scale,"{""model__C"": 3.0, ""model__gamma"": ""scale"", ""pca__n_components"": 100}",stage3_local_cv,0,0.785625,4.44
stage3_613,stage3_seed_2,"{""model__C"": 3.0, ""model__gamma"": ""scale"", ""pca__n_components"": 100}",100,3.0,scale,"{""model__C"": 3.0, ""model__gamma"": ""scale"", ""pca__n_components"": 100}",stage3_local_cv,1,0.77625,4.721
stage3_613,stage3_seed_2,"{""model__C"": 3.0, ""model__gamma"": ""scale"", ""pca__n_components"": 100}",100,3.0,scale,"{""model__C"": 3.0, ""model__gamma"": ""scale"", ""pca__n_components"": 100}",stage3_local_cv,2,0.7725,5.592
stage3_613,stage3_seed_2,"{""model__C"": 3.0, ""model__gamma"": ""scale"", ""pca__n_components"": 100}",100,3.0,scale,"{""model__C"": 3.0, ""model__gamma"": ""scale"", ""pca__n_components"": 100}",stage3_local_cv,3,0.778125,4.326
stage3_613,stage3_seed_2,"{""model__C"": 3.0, ""model__gamma"": ""scale"", ""pca__n_components"": 100}",100,3.0,scale,"{""model__C"": 3.0, ""model__gamma"": ""scale"", ""pca__n_components"": 100}",stage3_local_cv,4,0.77,5.575
stage3_614,stage3_seed_2,"{""model__C"": 3.0, ""model__gamma"": 0.005, ""pca__n_components"": 100}",100,3.0,0.005,"{""model__C"": 3.0, ""model__gamma"": 0.005, ""pca__n_components"": 100}",stage3_local_cv,0,0.78375,5.617
stage3_614,stage3_seed_2,"{""model__C"": 3.0, ""model__gamma"": 0.005, ""pca__n_components"": 100}",100,3.0,0.005,"{""model__C"": 3.0, ""model__gamma"": 0.005, ""pca__n_components"": 100}",stage3_local_cv,1,0.771875,4.309
stage3_614,stage3_seed_2,"{""model__C"": 3.0, ""model__gamma"": 0.005, ""pca__n_components"": 100}",100,3.0,0.005,"{""model__C"": 3.0, ""model__gamma"": 0.005, ""pca__n_components"": 100}",stage3_local_cv,2,0.771875,4.592
stage3_614,stage3_seed_2,"{""model__C"": 3.0, ""model__gamma"": 0.005, ""pca__n_components"": 100}",100,3.0,0.005,"{""model__C"": 3.0, ""model__gamma"": 0.005, ""pca__n_components"": 100}",stage3_local_cv,3,0.776875,4.635
stage3_614,stage3_seed_2,"{""model__C"": 3.0, ""model__gamma"": 0.005, ""pca__n_components"": 100}",100,3.0,0.005,"{""model__C"": 3.0, ""model__gamma"": 0.005, ""pca__n_components"": 100}",stage3_local_cv,4,0.7675,4.338
stage3_615,stage3_seed_2,"{""model__C"": 3.0, ""model__gamma"": 0.01, ""pca__n_components"": 100}",100,3.0,0.01,"{""model__C"": 3.0, ""model__gamma"": 0.01, ""pca__n_components"": 100}",stage3_local_cv,0,0.80875,5.195
stage3_615,stage3_seed_2,"{""model__C"": 3.0, ""model__gamma"": 0.01, ""pca__n_components"": 100}",100,3.0,0.01,"{""model__C"": 3.0, ""model__gamma"": 0.01, ""pca__n_components"": 100}",stage3_local_cv,1,0.8125,6.068
stage3_615,stage3_seed_2,"{""model__C"": 3.0, ""model__gamma"": 0.01, ""pca__n_components"": 100}",100,3.0,0.01,"{""model__C"": 3.0, ""model__gamma"": 0.01, ""pca__n_components"": 100}",stage3_local_cv,2,0.80625,4.736
stage3_615,stage3_seed_2,"{""model__C"": 3.0, ""model__gamma"": 0.01, ""pca__n_components"": 100}",100,3.0,0.01,"{""model__C"": 3.0, ""model__gamma"": 0.01, ""pca__n_components"": 100}",stage3_local_cv,3,0.805625,5.726
stage3_615,stage3_seed_2,"{""model__C"": 3.0, ""model__gamma"": 0.01, ""pca__n_components"": 100}",100,3.0,0.01,"{""model__C"": 3.0, ""model__gamma"": 0.01, ""pca__n_components"": 100}",stage3_local_cv,4,0.80875,4.816
stage3_616,stage3_seed_2,"{""model__C"": 3.0, ""model__gamma"": 0.02, ""pca__n_components"": 100}",100,3.0,0.02,"{""model__C"": 3.0, ""model__gamma"": 0.02, ""pca__n_components"": 100}",stage3_local_cv,0,0.805625,4.802
stage3_616,stage3_seed_2,"{""model__C"": 3.0, ""model__gamma"": 0.02, ""pca__n_components"": 100}",100,3.0,0.02,"{""model__C"": 3.0, ""model__gamma"": 0.02, ""pca__n_components"": 100}",stage3_local_cv,1,0.80875,4.673
stage3_616,stage3_seed_2,"{""model__C"": 3.0, ""model__gamma"": 0.02, ""pca__n_components"": 100}",100,3.0,0.02,"{""model__C"": 3.0, ""model__gamma"": 0.02, ""pca__n_components"": 100}",stage3_local_cv,2,0.79625,5.931
stage3_616,stage3_seed_2,"{""model__C"": 3.0, ""model__gamma"": 0.02, ""pca__n_components"": 100}",100,3.0,0.02,"{""model__C"": 3.0, ""model__gamma"": 0.02, ""pca__n_components"": 100}",stage3_local_cv,3,0.804375,4.582
stage3_616,stage3_seed_2,"{""model__C"": 3.0, ""model__gamma"": 0.02, ""pca__n_components"": 100}",100,3.0,0.02,"{""model__C"": 3.0, ""model__gamma"": 0.02, ""pca__n_components"": 100}",stage3_local_cv,4,0.798125,5.898
stage3_617,stage3_seed_2,"{""model__C"": 3.0, ""model__gamma"": 0.03, ""pca__n_components"": 100}",100,3.0,0.03,"{""model__C"": 3.0, ""model__gamma"": 0.03, ""pca__n_components"": 100}",stage3_local_cv,0,0.780625,5.914
stage3_617,stage3_seed_2,"{""model__C"": 3.0, ""model__gamma"": 0.03, ""pca__n_components"": 100}",100,3.0,0.03,"{""model__C"": 3.0, ""model__gamma"": 0.03, ""pca__n_components"": 100}",stage3_local_cv,1,0.78375,5.013
stage3_617,stage3_seed_2,"{""model__C"": 3.0, ""model__gamma"": 0.03, ""pca__n_components"": 100}",100,3.0,0.03,"{""model__C"": 3.0, ""model__gamma"": 0.03, ""pca__n_components"": 100}",stage3_local_cv,2,0.769375,4.565
stage3_617,stage3_seed_2,"{""model__C"": 3.0, ""model__gamma"": 0.03, ""pca__n_components"": 100}",100,3.0,0.03,"{""model__C"": 3.0, ""model__gamma"": 0.03, ""pca__n_components"": 100}",stage3_local_cv,3,0.78,5.957
stage3_617,stage3_seed_2,"{""model__C"": 3.0, ""model__gamma"": 0.03, ""pca__n_components"": 100}",100,3.0,0.03,"{""model__C"": 3.0, ""model__gamma"": 0.03, ""pca__n_components"": 100}",stage3_local_cv,4,0.765,4.659
stage3_618,stage3_seed_2,"{""model__C"": 3.0, ""model__gamma"": 0.04, ""pca__n_components"": 100}",100,3.0,0.04,"{""model__C"": 3.0, ""model__gamma"": 0.04, ""pca__n_components"": 100}",stage3_local_cv,0,0.76125,4.686
stage3_618,stage3_seed_2,"{""model__C"": 3.0, ""model__gamma"": 0.04, ""pca__n_components"": 100}",100,3.0,0.04,"{""model__C"": 3.0, ""model__gamma"": 0.04, ""pca__n_components"": 100}",stage3_local_cv,1,0.76875,5.57
stage3_618,stage3_seed_2,"{""model__C"": 3.0, ""model__gamma"": 0.04, ""pca__n_components"": 100}",100,3.0,0.04,"{""model__C"": 3.0, ""model__gamma"": 0.04, ""pca__n_components"": 100}",stage3_local_cv,2,0.74125,5.578
stage3_618,stage3_seed_2,"{""model__C"": 3.0, ""model__gamma"": 0.04, ""pca__n_components"": 100}",100,3.0,0.04,"{""model__C"": 3.0, ""model__gamma"": 0.04, ""pca__n_components"": 100}",stage3_local_cv,3,0.766875,4.623
stage3_618,stage3_seed_2,"{""model__C"": 3.0, ""model__gamma"": 0.04, ""pca__n_components"": 100}",100,3.0,0.04,"{""model__C"": 3.0, ""model__gamma"": 0.04, ""pca__n_components"": 100}",stage3_local_cv,4,0.750625,6.099
stage3_619,stage3_seed_2,"{""model__C"": 3.0, ""model__gamma"": 0.08, ""pca__n_components"": 100}",100,3.0,0.08,"{""model__C"": 3.0, ""model__gamma"": 0.08, ""pca__n_components"": 100}",stage3_local_cv,0,0.555,6.264
stage3_619,stage3_seed_2,"{""model__C"": 3.0, ""model__gamma"": 0.08, ""pca__n_components"": 100}",100,3.0,0.08,"{""model__C"": 3.0, ""model__gamma"": 0.08, ""pca__n_components"": 100}",stage3_local_cv,1,0.56875,4.575
stage3_619,stage3_seed_2,"{""model__C"": 3.0, ""model__gamma"": 0.08, ""pca__n_components"": 100}",100,3.0,0.08,"{""model__C"": 3.0, ""model__gamma"": 0.08, ""pca__n_components"": 100}",stage3_local_cv,2,0.6425,4.951
stage3_619,stage3_seed_2,"{""model__C"": 3.0, ""model__gamma"": 0.08, ""pca__n_components"": 100}",100,3.0,0.08,"{""model__C"": 3.0, ""model__gamma"": 0.08, ""pca__n_components"": 100}",stage3_local_cv,3,0.670625,4.537
stage3_619,stage3_seed_2,"{""model__C"": 3.0, ""model__gamma"": 0.08, ""pca__n_components"": 100}",100,3.0,0.08,"{""model__C"": 3.0, ""model__gamma"": 0.08, ""pca__n_components"": 100}",stage3_local_cv,4,0.59625,4.498
stage3_620,stage3_seed_2,"{""model__C"": 4.0, ""model__gamma"": 0.03, ""pca__n_components"": 100}",100,4.0,0.03,"{""model__C"": 4.0, ""model__gamma"": 0.03, ""pca__n_components"": 100}",stage3_local_cv,0,0.77875,4.668
stage3_620,stage3_seed_2,"{""model__C"": 4.0, ""model__gamma"": 0.03, ""pca__n_components"": 100}",100,4.0,0.03,"{""model__C"": 4.0, ""model__gamma"": 0.03, ""pca__n_components"": 100}",stage3_local_cv,1,0.784375,6.088
stage3_620,stage3_seed_2,"{""model__C"": 4.0, ""model__gamma"": 0.03, ""pca__n_components"": 100}",100,4.0,0.03,"{""model__C"": 4.0, ""model__gamma"": 0.03, ""pca__n_components"": 100}",stage3_local_cv,2,0.768125,4.601
stage3_620,stage3_seed_2,"{""model__C"": 4.0, ""model__gamma"": 0.03, ""pca__n_components"": 100}",100,4.0,0.03,"{""model__C"": 4.0, ""model__gamma"": 0.03, ""pca__n_components"": 100}",stage3_local_cv,3,0.7775,5.683
stage3_620,stage3_seed_2,"{""model__C"": 4.0, ""model__gamma"": 0.03, ""pca__n_components"": 100}",100,4.0,0.03,"{""model__C"": 4.0, ""model__gamma"": 0.03, ""pca__n_components"": 100}",stage3_local_cv,4,0.765625,4.685
stage3_621,stage3_seed_2,"{""model__C"": 4.0, ""model__gamma"": 0.04, ""pca__n_components"": 100}",100,4.0,0.04,"{""model__C"": 4.0, ""model__gamma"": 0.04, ""pca__n_components"": 100}",stage3_local_cv,0,0.760625,4.702
stage3_621,stage3_seed_2,"{""model__C"": 4.0, ""model__gamma"": 0.04, ""pca__n_components"": 100}",100,4.0,0.04,"{""model__C"": 4.0, ""model__gamma"": 0.04, ""pca__n_components"": 100}",stage3_local_cv,1,0.770625,4.596
stage3_621,stage3_seed_2,"{""model__C"": 4.0, ""model__gamma"": 0.04, ""pca__n_components"": 100}",100,4.0,0.04,"{""model__C"": 4.0, ""model__gamma"": 0.04, ""pca__n_components"": 100}",stage3_local_cv,2,0.7425,5.937
stage3_621,stage3_seed_2,"{""model__C"": 4.0, ""model__gamma"": 0.04, ""pca__n_components"": 100}",100,4.0,0.04,"{""model__C"": 4.0, ""model__gamma"": 0.04, ""pca__n_components"": 100}",stage3_local_cv,3,0.765625,4.601
stage3_621,stage3_seed_2,"{""model__C"": 4.0, ""model__gamma"": 0.04, ""pca__n_components"": 100}",100,4.0,0.04,"{""model__C"": 4.0, ""model__gamma"": 0.04, ""pca__n_components"": 100}",stage3_local_cv,4,0.75,5.915
stage3_622,stage3_seed_2,"{""model__C"": 4.0, ""model__gamma"": 0.08, ""pca__n_components"": 100}",100,4.0,0.08,"{""model__C"": 4.0, ""model__gamma"": 0.08, ""pca__n_components"": 100}",stage3_local_cv,0,0.5525,5.924
stage3_622,stage3_seed_2,"{""model__C"": 4.0, ""model__gamma"": 0.08, ""pca__n_components"": 100}",100,4.0,0.08,"{""model__C"": 4.0, ""model__gamma"": 0.08, ""pca__n_components"": 100}",stage3_local_cv,1,0.564375,4.716
stage3_622,stage3_seed_2,"{""model__C"": 4.0, ""model__gamma"": 0.08, ""pca__n_components"": 100}",100,4.0,0.08,"{""model__C"": 4.0, ""model__gamma"": 0.08, ""pca__n_components"": 100}",stage3_local_cv,2,0.63375,4.561
stage3_622,stage3_seed_2,"{""model__C"": 4.0, ""model__gamma"": 0.08, ""pca__n_components"": 100}",100,4.0,0.08,"{""model__C"": 4.0, ""model__gamma"": 0.08, ""pca__n_components"": 100}",stage3_local_cv,3,0.65375,5.879
stage3_622,stage3_seed_2,"{""model__C"": 4.0, ""model__gamma"": 0.08, ""pca__n_components"": 100}",100,4.0,0.08,"{""model__C"": 4.0, ""model__gamma"": 0.08, ""pca__n_components"": 100}",stage3_local_cv,4,0.591875,4.538
stage3_623,stage3_seed_2,"{""model__C"": 6.0, ""model__gamma"": 0.03, ""pca__n_components"": 100}",100,6.0,0.03,"{""model__C"": 6.0, ""model__gamma"": 0.03, ""pca__n_components"": 100}",stage3_local_cv,0,0.78,4.672
stage3_623,stage3_seed_2,"{""model__C"": 6.0, ""model__gamma"": 0.03, ""pca__n_components"": 100}",100,6.0,0.03,"{""model__C"": 6.0, ""model__gamma"": 0.03, ""pca__n_components"": 100}",stage3_local_cv,1,0.7875,5.96
stage3_623,stage3_seed_2,"{""model__C"": 6.0, ""model__gamma"": 0.03, ""pca__n_components"": 100}",100,6.0,0.03,"{""model__C"": 6.0, ""model__gamma"": 0.03, ""pca__n_components"": 100}",stage3_local_cv,2,0.76625,5.175
stage3_623,stage3_seed_2,"{""model__C"": 6.0, ""model__gamma"": 0.03, ""pca__n_components"": 100}",100,6.0,0.03,"{""model__C"": 6.0, ""model__gamma"": 0.03, ""pca__n_components"": 100}",stage3_local_cv,3,0.778125,4.549
stage3_623,stage3_seed_2,"{""model__C"": 6.0, ""model__gamma"": 0.03, ""pca__n_components"": 100}",100,6.0,0.03,"{""model__C"": 6.0, ""model__gamma"": 0.03, ""pca__n_components"": 100}",stage3_local_cv,4,0.76875,6.116
stage3_624,stage3_seed_2,"{""model__C"": 6.0, ""model__gamma"": 0.04, ""pca__n_components"": 100}",100,6.0,0.04,"{""model__C"": 6.0, ""model__gamma"": 0.04, ""pca__n_components"": 100}",stage3_local_cv,0,0.760625,6.272
stage3_624,stage3_seed_2,"{""model__C"": 6.0, ""model__gamma"": 0.04, ""pca__n_components"": 100}",100,6.0,0.04,"{""model__C"": 6.0, ""model__gamma"": 0.04, ""pca__n_components"": 100}",stage3_local_cv,1,0.771875,4.695
stage3_624,stage3_seed_2,"{""model__C"": 6.0, ""model__gamma"": 0.04, ""pca__n_components"": 100}",100,6.0,0.04,"{""model__C"": 6.0, ""model__gamma"": 0.04, ""pca__n_components"": 100}",stage3_local_cv,2,0.740625,5.477
stage3_624,stage3_seed_2,"{""model__C"": 6.0, ""model__gamma"": 0.04, ""pca__n_components"": 100}",100,6.0,0.04,"{""model__C"": 6.0, ""model__gamma"": 0.04, ""pca__n_components"": 100}",stage3_local_cv,3,0.763125,4.627
stage3_624,stage3_seed_2,"{""model__C"": 6.0, ""model__gamma"": 0.04, ""pca__n_components"": 100}",100,6.0,0.04,"{""model__C"": 6.0, ""model__gamma"": 0.04, ""pca__n_components"": 100}",stage3_local_cv,4,0.749375,4.639
stage3_625,stage3_seed_2,"{""model__C"": 6.0, ""model__gamma"": 0.08, ""pca__n_components"": 100}",100,6.0,0.08,"{""model__C"": 6.0, ""model__gamma"": 0.08, ""pca__n_components"": 100}",stage3_local_cv,0,0.54875,4.759
stage3_625,stage3_seed_2,"{""model__C"": 6.0, ""model__gamma"": 0.08, ""pca__n_components"": 100}",100,6.0,0.08,"{""model__C"": 6.0, ""model__gamma"": 0.08, ""pca__n_components"": 100}",stage3_local_cv,1,0.55875,6.245
stage3_625,stage3_seed_2,"{""model__C"": 6.0, ""model__gamma"": 0.08, ""pca__n_components"": 100}",100,6.0,0.08,"{""model__C"": 6.0, ""model__gamma"": 0.08, ""pca__n_components"": 100}",stage3_local_cv,2,0.615625,4.556
stage3_625,stage3_seed_2,"{""model__C"": 6.0, ""model__gamma"": 0.08, ""pca__n_components"": 100}",100,6.0,0.08,"{""model__C"": 6.0, ""model__gamma"": 0.08, ""pca__n_components"": 100}",stage3_local_cv,3,0.628125,5.754
stage3_625,stage3_seed_2,"{""model__C"": 6.0, ""model__gamma"": 0.08, ""pca__n_components"": 100}",100,6.0,0.08,"{""model__C"": 6.0, ""model__gamma"": 0.08, ""pca__n_components"": 100}",stage3_local_cv,4,0.580625,4.554
stage3_626,stage3_seed_2,"{""model__C"": 1.0, ""model__gamma"": ""scale"", ""pca__n_components"": 104}",104,1.0,scale,"{""model__C"": 1.0, ""model__gamma"": ""scale"", ""pca__n_components"": 104}",stage3_local_cv,0,0.754375,4.309
stage3_626,stage3_seed_2,"{""model__C"": 1.0, ""model__gamma"": ""scale"", ""pca__n_components"": 104}",104,1.0,scale,"{""model__C"": 1.0, ""model__gamma"": ""scale"", ""pca__n_components"": 104}",stage3_local_cv,1,0.7425,4.315
stage3_626,stage3_seed_2,"{""model__C"": 1.0, ""model__gamma"": ""scale"", ""pca__n_components"": 104}",104,1.0,scale,"{""model__C"": 1.0, ""model__gamma"": ""scale"", ""pca__n_components"": 104}",stage3_local_cv,2,0.729375,5.445
stage3_626,stage3_seed_2,"{""model__C"": 1.0, ""model__gamma"": ""scale"", ""pca__n_components"": 104}",104,1.0,scale,"{""model__C"": 1.0, ""model__gamma"": ""scale"", ""pca__n_components"": 104}",stage3_local_cv,3,0.745,4.313
stage3_626,stage3_seed_2,"{""model__C"": 1.0, ""model__gamma"": ""scale"", ""pca__n_components"": 104}",104,1.0,scale,"{""model__C"": 1.0, ""model__gamma"": ""scale"", ""pca__n_components"": 104}",stage3_local_cv,4,0.731875,5.454
stage3_627,stage3_seed_2,"{""model__C"": 1.0, ""model__gamma"": 0.005, ""pca__n_components"": 104}",104,1.0,0.005,"{""model__C"": 1.0, ""model__gamma"": 0.005, ""pca__n_components"": 104}",stage3_local_cv,0,0.75375,5.458
stage3_627,stage3_seed_2,"{""model__C"": 1.0, ""model__gamma"": 0.005, ""pca__n_components"": 104}",104,1.0,0.005,"{""model__C"": 1.0, ""model__gamma"": 0.005, ""pca__n_components"": 104}",stage3_local_cv,1,0.74125,4.35
stage3_627,stage3_seed_2,"{""model__C"": 1.0, ""model__gamma"": 0.005, ""pca__n_components"": 104}",104,1.0,0.005,"{""model__C"": 1.0, ""model__gamma"": 0.005, ""pca__n_components"": 104}",stage3_local_cv,2,0.726875,4.341
stage3_627,stage3_seed_2,"{""model__C"": 1.0, ""model__gamma"": 0.005, ""pca__n_components"": 104}",104,1.0,0.005,"{""model__C"": 1.0, ""model__gamma"": 0.005, ""pca__n_components"": 104}",stage3_local_cv,3,0.745625,5.596
stage3_627,stage3_seed_2,"{""model__C"": 1.0, ""model__gamma"": 0.005, ""pca__n_components"": 104}",104,1.0,0.005,"{""model__C"": 1.0, ""model__gamma"": 0.005, ""pca__n_components"": 104}",stage3_local_cv,4,0.73125,4.283
stage3_628,stage3_seed_2,"{""model__C"": 1.0, ""model__gamma"": 0.01, ""pca__n_components"": 104}",104,1.0,0.01,"{""model__C"": 1.0, ""model__gamma"": 0.01, ""pca__n_components"": 104}",stage3_local_cv,0,0.78,4.747
stage3_628,stage3_seed_2,"{""model__C"": 1.0, ""model__gamma"": 0.01, ""pca__n_components"": 104}",104,1.0,0.01,"{""model__C"": 1.0, ""model__gamma"": 0.01, ""pca__n_components"": 104}",stage3_local_cv,1,0.77625,5.901
stage3_628,stage3_seed_2,"{""model__C"": 1.0, ""model__gamma"": 0.01, ""pca__n_components"": 104}",104,1.0,0.01,"{""model__C"": 1.0, ""model__gamma"": 0.01, ""pca__n_components"": 104}",stage3_local_cv,2,0.76625,4.696
stage3_628,stage3_seed_2,"{""model__C"": 1.0, ""model__gamma"": 0.01, ""pca__n_components"": 104}",104,1.0,0.01,"{""model__C"": 1.0, ""model__gamma"": 0.01, ""pca__n_components"": 104}",stage3_local_cv,3,0.773125,4.898
stage3_628,stage3_seed_2,"{""model__C"": 1.0, ""model__gamma"": 0.01, ""pca__n_components"": 104}",104,1.0,0.01,"{""model__C"": 1.0, ""model__gamma"": 0.01, ""pca__n_components"": 104}",stage3_local_cv,4,0.77,5.507
stage3_629,stage3_seed_2,"{""model__C"": 1.0, ""model__gamma"": 0.02, ""pca__n_components"": 104}",104,1.0,0.02,"{""model__C"": 1.0, ""model__gamma"": 0.02, ""pca__n_components"": 104}",stage3_local_cv,0,0.786875,6.819
stage3_629,stage3_seed_2,"{""model__C"": 1.0, ""model__gamma"": 0.02, ""pca__n_components"": 104}",104,1.0,0.02,"{""model__C"": 1.0, ""model__gamma"": 0.02, ""pca__n_components"": 104}",stage3_local_cv,1,0.78875,5.312
stage3_629,stage3_seed_2,"{""model__C"": 1.0, ""model__gamma"": 0.02, ""pca__n_components"": 104}",104,1.0,0.02,"{""model__C"": 1.0, ""model__gamma"": 0.02, ""pca__n_components"": 104}",stage3_local_cv,2,0.764375,6.51
stage3_629,stage3_seed_2,"{""model__C"": 1.0, ""model__gamma"": 0.02, ""pca__n_components"": 104}",104,1.0,0.02,"{""model__C"": 1.0, ""model__gamma"": 0.02, ""pca__n_components"": 104}",stage3_local_cv,3,0.78625,5.263
stage3_629,stage3_seed_2,"{""model__C"": 1.0, ""model__gamma"": 0.02, ""pca__n_components"": 104}",104,1.0,0.02,"{""model__C"": 1.0, ""model__gamma"": 0.02, ""pca__n_components"": 104}",stage3_local_cv,4,0.773125,5.819
stage3_630,stage3_seed_2,"{""model__C"": 1.0, ""model__gamma"": 0.03, ""pca__n_components"": 104}",104,1.0,0.03,"{""model__C"": 1.0, ""model__gamma"": 0.03, ""pca__n_components"": 104}",stage3_local_cv,0,0.774375,5.492
stage3_630,stage3_seed_2,"{""model__C"": 1.0, ""model__gamma"": 0.03, ""pca__n_components"": 104}",104,1.0,0.03,"{""model__C"": 1.0, ""model__gamma"": 0.03, ""pca__n_components"": 104}",stage3_local_cv,1,0.771875,6.724
stage3_630,stage3_seed_2,"{""model__C"": 1.0, ""model__gamma"": 0.03, ""pca__n_components"": 104}",104,1.0,0.03,"{""model__C"": 1.0, ""model__gamma"": 0.03, ""pca__n_components"": 104}",stage3_local_cv,2,0.75,5.401
stage3_630,stage3_seed_2,"{""model__C"": 1.0, ""model__gamma"": 0.03, ""pca__n_components"": 104}",104,1.0,0.03,"{""model__C"": 1.0, ""model__gamma"": 0.03, ""pca__n_components"": 104}",stage3_local_cv,3,0.769375,6.577
stage3_630,stage3_seed_2,"{""model__C"": 1.0, ""model__gamma"": 0.03, ""pca__n_components"": 104}",104,1.0,0.03,"{""model__C"": 1.0, ""model__gamma"": 0.03, ""pca__n_components"": 104}",stage3_local_cv,4,0.749375,5.406
stage3_631,stage3_seed_2,"{""model__C"": 1.0, ""model__gamma"": 0.04, ""pca__n_components"": 104}",104,1.0,0.04,"{""model__C"": 1.0, ""model__gamma"": 0.04, ""pca__n_components"": 104}",stage3_local_cv,0,0.753125,6.165
stage3_631,stage3_seed_2,"{""model__C"": 1.0, ""model__gamma"": 0.04, ""pca__n_components"": 104}",104,1.0,0.04,"{""model__C"": 1.0, ""model__gamma"": 0.04, ""pca__n_components"": 104}",stage3_local_cv,1,0.7575,5.324
stage3_631,stage3_seed_2,"{""model__C"": 1.0, ""model__gamma"": 0.04, ""pca__n_components"": 104}",104,1.0,0.04,"{""model__C"": 1.0, ""model__gamma"": 0.04, ""pca__n_components"": 104}",stage3_local_cv,2,0.736875,6.57
stage3_631,stage3_seed_2,"{""model__C"": 1.0, ""model__gamma"": 0.04, ""pca__n_components"": 104}",104,1.0,0.04,"{""model__C"": 1.0, ""model__gamma"": 0.04, ""pca__n_components"": 104}",stage3_local_cv,3,0.764375,5.353
stage3_631,stage3_seed_2,"{""model__C"": 1.0, ""model__gamma"": 0.04, ""pca__n_components"": 104}",104,1.0,0.04,"{""model__C"": 1.0, ""model__gamma"": 0.04, ""pca__n_components"": 104}",stage3_local_cv,4,0.743125,6.562
stage3_632,stage3_seed_2,"{""model__C"": 1.0, ""model__gamma"": 0.08, ""pca__n_components"": 104}",104,1.0,0.08,"{""model__C"": 1.0, ""model__gamma"": 0.08, ""pca__n_components"": 104}",stage3_local_cv,0,0.5375,6.617
stage3_632,stage3_seed_2,"{""model__C"": 1.0, ""model__gamma"": 0.08, ""pca__n_components"": 104}",104,1.0,0.08,"{""model__C"": 1.0, ""model__gamma"": 0.08, ""pca__n_components"": 104}",stage3_local_cv,1,0.5525,7.351
stage3_632,stage3_seed_2,"{""model__C"": 1.0, ""model__gamma"": 0.08, ""pca__n_components"": 104}",104,1.0,0.08,"{""model__C"": 1.0, ""model__gamma"": 0.08, ""pca__n_components"": 104}",stage3_local_cv,2,0.61,5.791
stage3_632,stage3_seed_2,"{""model__C"": 1.0, ""model__gamma"": 0.08, ""pca__n_components"": 104}",104,1.0,0.08,"{""model__C"": 1.0, ""model__gamma"": 0.08, ""pca__n_components"": 104}",stage3_local_cv,3,0.615,6.934
stage3_632,stage3_seed_2,"{""model__C"": 1.0, ""model__gamma"": 0.08, ""pca__n_components"": 104}",104,1.0,0.08,"{""model__C"": 1.0, ""model__gamma"": 0.08, ""pca__n_components"": 104}",stage3_local_cv,4,0.56875,5.913
stage3_633,stage3_seed_2,"{""model__C"": 1.5, ""model__gamma"": ""scale"", ""pca__n_components"": 104}",104,1.5,scale,"{""model__C"": 1.5, ""model__gamma"": ""scale"", ""pca__n_components"": 104}",stage3_local_cv,0,0.763125,4.453
stage3_633,stage3_seed_2,"{""model__C"": 1.5, ""model__gamma"": ""scale"", ""pca__n_components"": 104}",104,1.5,scale,"{""model__C"": 1.5, ""model__gamma"": ""scale"", ""pca__n_components"": 104}",stage3_local_cv,1,0.751875,4.493
stage3_633,stage3_seed_2,"{""model__C"": 1.5, ""model__gamma"": ""scale"", ""pca__n_components"": 104}",104,1.5,scale,"{""model__C"": 1.5, ""model__gamma"": ""scale"", ""pca__n_components"": 104}",stage3_local_cv,2,0.74625,5.461
stage3_633,stage3_seed_2,"{""model__C"": 1.5, ""model__gamma"": ""scale"", ""pca__n_components"": 104}",104,1.5,scale,"{""model__C"": 1.5, ""model__gamma"": ""scale"", ""pca__n_components"": 104}",stage3_local_cv,3,0.758125,4.384
stage3_633,stage3_seed_2,"{""model__C"": 1.5, ""model__gamma"": ""scale"", ""pca__n_components"": 104}",104,1.5,scale,"{""model__C"": 1.5, ""model__gamma"": ""scale"", ""pca__n_components"": 104}",stage3_local_cv,4,0.7525,5.602
stage3_634,stage3_seed_2,"{""model__C"": 1.5, ""model__gamma"": 0.005, ""pca__n_components"": 104}",104,1.5,0.005,"{""model__C"": 1.5, ""model__gamma"": 0.005, ""pca__n_components"": 104}",stage3_local_cv,0,0.76125,5.656
stage3_634,stage3_seed_2,"{""model__C"": 1.5, ""model__gamma"": 0.005, ""pca__n_components"": 104}",104,1.5,0.005,"{""model__C"": 1.5, ""model__gamma"": 0.005, ""pca__n_components"": 104}",stage3_local_cv,1,0.749375,4.453
stage3_634,stage3_seed_2,"{""model__C"": 1.5, ""model__gamma"": 0.005, ""pca__n_components"": 104}",104,1.5,0.005,"{""model__C"": 1.5, ""model__gamma"": 0.005, ""pca__n_components"": 104}",stage3_local_cv,2,0.744375,4.408
stage3_634,stage3_seed_2,"{""model__C"": 1.5, ""model__gamma"": 0.005, ""pca__n_components"": 104}",104,1.5,0.005,"{""model__C"": 1.5, ""model__gamma"": 0.005, ""pca__n_components"": 104}",stage3_local_cv,3,0.7575,5.627
stage3_634,stage3_seed_2,"{""model__C"": 1.5, ""model__gamma"": 0.005, ""pca__n_components"": 104}",104,1.5,0.005,"{""model__C"": 1.5, ""model__gamma"": 0.005, ""pca__n_components"": 104}",stage3_local_cv,4,0.749375,4.38
stage3_635,stage3_seed_2,"{""model__C"": 1.5, ""model__gamma"": 0.01, ""pca__n_components"": 104}",104,1.5,0.01,"{""model__C"": 1.5, ""model__gamma"": 0.01, ""pca__n_components"": 104}",stage3_local_cv,0,0.8,5.197
stage3_635,stage3_seed_2,"{""model__C"": 1.5, ""model__gamma"": 0.01, ""pca__n_components"": 104}",104,1.5,0.01,"{""model__C"": 1.5, ""model__gamma"": 0.01, ""pca__n_components"": 104}",stage3_local_cv,1,0.78625,6.318
stage3_635,stage3_seed_2,"{""model__C"": 1.5, ""model__gamma"": 0.01, ""pca__n_components"": 104}",104,1.5,0.01,"{""model__C"": 1.5, ""model__gamma"": 0.01, ""pca__n_components"": 104}",stage3_local_cv,2,0.785,5.028
stage3_635,stage3_seed_2,"{""model__C"": 1.5, ""model__gamma"": 0.01, ""pca__n_components"": 104}",104,1.5,0.01,"{""model__C"": 1.5, ""model__gamma"": 0.01, ""pca__n_components"": 104}",stage3_local_cv,3,0.789375,5.253
stage3_635,stage3_seed_2,"{""model__C"": 1.5, ""model__gamma"": 0.01, ""pca__n_components"": 104}",104,1.5,0.01,"{""model__C"": 1.5, ""model__gamma"": 0.01, ""pca__n_components"": 104}",stage3_local_cv,4,0.795625,6.446
stage3_636,stage3_seed_2,"{""model__C"": 1.5, ""model__gamma"": 0.02, ""pca__n_components"": 104}",104,1.5,0.02,"{""model__C"": 1.5, ""model__gamma"": 0.02, ""pca__n_components"": 104}",stage3_local_cv,0,0.806875,6.493
stage3_636,stage3_seed_2,"{""model__C"": 1.5, ""model__gamma"": 0.02, ""pca__n_components"": 104}",104,1.5,0.02,"{""model__C"": 1.5, ""model__gamma"": 0.02, ""pca__n_components"": 104}",stage3_local_cv,1,0.801875,5.165
stage3_636,stage3_seed_2,"{""model__C"": 1.5, ""model__gamma"": 0.02, ""pca__n_components"": 104}",104,1.5,0.02,"{""model__C"": 1.5, ""model__gamma"": 0.02, ""pca__n_components"": 104}",stage3_local_cv,2,0.7925,6.349
stage3_636,stage3_seed_2,"{""model__C"": 1.5, ""model__gamma"": 0.02, ""pca__n_components"": 104}",104,1.5,0.02,"{""model__C"": 1.5, ""model__gamma"": 0.02, ""pca__n_components"": 104}",stage3_local_cv,3,0.80375,5.113
stage3_636,stage3_seed_2,"{""model__C"": 1.5, ""model__gamma"": 0.02, ""pca__n_components"": 104}",104,1.5,0.02,"{""model__C"": 1.5, ""model__gamma"": 0.02, ""pca__n_components"": 104}",stage3_local_cv,4,0.79625,5.216
stage3_637,stage3_seed_2,"{""model__C"": 1.5, ""model__gamma"": 0.03, ""pca__n_components"": 104}",104,1.5,0.03,"{""model__C"": 1.5, ""model__gamma"": 0.03, ""pca__n_components"": 104}",stage3_local_cv,0,0.783125,5.118
stage3_637,stage3_seed_2,"{""model__C"": 1.5, ""model__gamma"": 0.03, ""pca__n_components"": 104}",104,1.5,0.03,"{""model__C"": 1.5, ""model__gamma"": 0.03, ""pca__n_components"": 104}",stage3_local_cv,1,0.7825,6.535
stage3_637,stage3_seed_2,"{""model__C"": 1.5, ""model__gamma"": 0.03, ""pca__n_components"": 104}",104,1.5,0.03,"{""model__C"": 1.5, ""model__gamma"": 0.03, ""pca__n_components"": 104}",stage3_local_cv,2,0.76375,5.007
stage3_637,stage3_seed_2,"{""model__C"": 1.5, ""model__gamma"": 0.03, ""pca__n_components"": 104}",104,1.5,0.03,"{""model__C"": 1.5, ""model__gamma"": 0.03, ""pca__n_components"": 104}",stage3_local_cv,3,0.779375,6.286
stage3_637,stage3_seed_2,"{""model__C"": 1.5, ""model__gamma"": 0.03, ""pca__n_components"": 104}",104,1.5,0.03,"{""model__C"": 1.5, ""model__gamma"": 0.03, ""pca__n_components"": 104}",stage3_local_cv,4,0.7625,5.294
stage3_638,stage3_seed_2,"{""model__C"": 1.5, ""model__gamma"": 0.04, ""pca__n_components"": 104}",104,1.5,0.04,"{""model__C"": 1.5, ""model__gamma"": 0.04, ""pca__n_components"": 104}",stage3_local_cv,0,0.763125,5.959
stage3_638,stage3_seed_2,"{""model__C"": 1.5, ""model__gamma"": 0.04, ""pca__n_components"": 104}",104,1.5,0.04,"{""model__C"": 1.5, ""model__gamma"": 0.04, ""pca__n_components"": 104}",stage3_local_cv,1,0.76375,5.022
stage3_638,stage3_seed_2,"{""model__C"": 1.5, ""model__gamma"": 0.04, ""pca__n_components"": 104}",104,1.5,0.04,"{""model__C"": 1.5, ""model__gamma"": 0.04, ""pca__n_components"": 104}",stage3_local_cv,2,0.740625,6.246
stage3_638,stage3_seed_2,"{""model__C"": 1.5, ""model__gamma"": 0.04, ""pca__n_components"": 104}",104,1.5,0.04,"{""model__C"": 1.5, ""model__gamma"": 0.04, ""pca__n_components"": 104}",stage3_local_cv,3,0.76875,4.983
stage3_638,stage3_seed_2,"{""model__C"": 1.5, ""model__gamma"": 0.04, ""pca__n_components"": 104}",104,1.5,0.04,"{""model__C"": 1.5, ""model__gamma"": 0.04, ""pca__n_components"": 104}",stage3_local_cv,4,0.749375,6.031
stage3_639,stage3_seed_2,"{""model__C"": 1.5, ""model__gamma"": 0.08, ""pca__n_components"": 104}",104,1.5,0.08,"{""model__C"": 1.5, ""model__gamma"": 0.08, ""pca__n_components"": 104}",stage3_local_cv,0,0.556875,5.577
stage3_639,stage3_seed_2,"{""model__C"": 1.5, ""model__gamma"": 0.08, ""pca__n_components"": 104}",104,1.5,0.08,"{""model__C"": 1.5, ""model__gamma"": 0.08, ""pca__n_components"": 104}",stage3_local_cv,1,0.573125,5.454
stage3_639,stage3_seed_2,"{""model__C"": 1.5, ""model__gamma"": 0.08, ""pca__n_components"": 104}",104,1.5,0.08,"{""model__C"": 1.5, ""model__gamma"": 0.08, ""pca__n_components"": 104}",stage3_local_cv,2,0.633125,4.97
stage3_639,stage3_seed_2,"{""model__C"": 1.5, ""model__gamma"": 0.08, ""pca__n_components"": 104}",104,1.5,0.08,"{""model__C"": 1.5, ""model__gamma"": 0.08, ""pca__n_components"": 104}",stage3_local_cv,3,0.6625,6.099
stage3_639,stage3_seed_2,"{""model__C"": 1.5, ""model__gamma"": 0.08, ""pca__n_components"": 104}",104,1.5,0.08,"{""model__C"": 1.5, ""model__gamma"": 0.08, ""pca__n_components"": 104}",stage3_local_cv,4,0.595,5.048
stage3_640,stage3_seed_2,"{""model__C"": 2.0, ""model__gamma"": ""scale"", ""pca__n_components"": 104}",104,2.0,scale,"{""model__C"": 2.0, ""model__gamma"": ""scale"", ""pca__n_components"": 104}",stage3_local_cv,0,0.77,4.591
stage3_640,stage3_seed_2,"{""model__C"": 2.0, ""model__gamma"": ""scale"", ""pca__n_components"": 104}",104,2.0,scale,"{""model__C"": 2.0, ""model__gamma"": ""scale"", ""pca__n_components"": 104}",stage3_local_cv,1,0.76,5.527
stage3_640,stage3_seed_2,"{""model__C"": 2.0, ""model__gamma"": ""scale"", ""pca__n_components"": 104}",104,2.0,scale,"{""model__C"": 2.0, ""model__gamma"": ""scale"", ""pca__n_components"": 104}",stage3_local_cv,2,0.765,5.642
stage3_640,stage3_seed_2,"{""model__C"": 2.0, ""model__gamma"": ""scale"", ""pca__n_components"": 104}",104,2.0,scale,"{""model__C"": 2.0, ""model__gamma"": ""scale"", ""pca__n_components"": 104}",stage3_local_cv,3,0.766875,4.507
stage3_640,stage3_seed_2,"{""model__C"": 2.0, ""model__gamma"": ""scale"", ""pca__n_components"": 104}",104,2.0,scale,"{""model__C"": 2.0, ""model__gamma"": ""scale"", ""pca__n_components"": 104}",stage3_local_cv,4,0.758125,5.472
stage3_641,stage3_seed_2,"{""model__C"": 2.0, ""model__gamma"": 0.005, ""pca__n_components"": 104}",104,2.0,0.005,"{""model__C"": 2.0, ""model__gamma"": 0.005, ""pca__n_components"": 104}",stage3_local_cv,0,0.768125,5.566
stage3_641,stage3_seed_2,"{""model__C"": 2.0, ""model__gamma"": 0.005, ""pca__n_components"": 104}",104,2.0,0.005,"{""model__C"": 2.0, ""model__gamma"": 0.005, ""pca__n_components"": 104}",stage3_local_cv,1,0.758125,4.589
stage3_641,stage3_seed_2,"{""model__C"": 2.0, ""model__gamma"": 0.005, ""pca__n_components"": 104}",104,2.0,0.005,"{""model__C"": 2.0, ""model__gamma"": 0.005, ""pca__n_components"": 104}",stage3_local_cv,2,0.7625,4.898
stage3_641,stage3_seed_2,"{""model__C"": 2.0, ""model__gamma"": 0.005, ""pca__n_components"": 104}",104,2.0,0.005,"{""model__C"": 2.0, ""model__gamma"": 0.005, ""pca__n_components"": 104}",stage3_local_cv,3,0.763125,4.911
stage3_641,stage3_seed_2,"{""model__C"": 2.0, ""model__gamma"": 0.005, ""pca__n_components"": 104}",104,2.0,0.005,"{""model__C"": 2.0, ""model__gamma"": 0.005, ""pca__n_components"": 104}",stage3_local_cv,4,0.755,4.453
stage3_642,stage3_seed_2,"{""model__C"": 2.0, ""model__gamma"": 0.01, ""pca__n_components"": 104}",104,2.0,0.01,"{""model__C"": 2.0, ""model__gamma"": 0.01, ""pca__n_components"": 104}",stage3_local_cv,0,0.809375,5.132
stage3_642,stage3_seed_2,"{""model__C"": 2.0, ""model__gamma"": 0.01, ""pca__n_components"": 104}",104,2.0,0.01,"{""model__C"": 2.0, ""model__gamma"": 0.01, ""pca__n_components"": 104}",stage3_local_cv,1,0.801875,6.367
stage3_642,stage3_seed_2,"{""model__C"": 2.0, ""model__gamma"": 0.01, ""pca__n_components"": 104}",104,2.0,0.01,"{""model__C"": 2.0, ""model__gamma"": 0.01, ""pca__n_components"": 104}",stage3_local_cv,2,0.795625,5.095
stage3_642,stage3_seed_2,"{""model__C"": 2.0, ""model__gamma"": 0.01, ""pca__n_components"": 104}",104,2.0,0.01,"{""model__C"": 2.0, ""model__gamma"": 0.01, ""pca__n_components"": 104}",stage3_local_cv,3,0.805,5.962
stage3_642,stage3_seed_2,"{""model__C"": 2.0, ""model__gamma"": 0.01, ""pca__n_components"": 104}",104,2.0,0.01,"{""model__C"": 2.0, ""model__gamma"": 0.01, ""pca__n_components"": 104}",stage3_local_cv,4,0.805,5.971
stage3_643,stage3_seed_2,"{""model__C"": 2.0, ""model__gamma"": 0.02, ""pca__n_components"": 104}",104,2.0,0.02,"{""model__C"": 2.0, ""model__gamma"": 0.02, ""pca__n_components"": 104}",stage3_local_cv,0,0.808125,6.647
stage3_643,stage3_seed_2,"{""model__C"": 2.0, ""model__gamma"": 0.02, ""pca__n_components"": 104}",104,2.0,0.02,"{""model__C"": 2.0, ""model__gamma"": 0.02, ""pca__n_components"": 104}",stage3_local_cv,1,0.80875,5.163
stage3_643,stage3_seed_2,"{""model__C"": 2.0, ""model__gamma"": 0.02, ""pca__n_components"": 104}",104,2.0,0.02,"{""model__C"": 2.0, ""model__gamma"": 0.02, ""pca__n_components"": 104}",stage3_local_cv,2,0.796875,6.291
stage3_643,stage3_seed_2,"{""model__C"": 2.0, ""model__gamma"": 0.02, ""pca__n_components"": 104}",104,2.0,0.02,"{""model__C"": 2.0, ""model__gamma"": 0.02, ""pca__n_components"": 104}",stage3_local_cv,3,0.805,5.005
stage3_643,stage3_seed_2,"{""model__C"": 2.0, ""model__gamma"": 0.02, ""pca__n_components"": 104}",104,2.0,0.02,"{""model__C"": 2.0, ""model__gamma"": 0.02, ""pca__n_components"": 104}",stage3_local_cv,4,0.79625,5.66
stage3_644,stage3_seed_2,"{""model__C"": 2.0, ""model__gamma"": 0.03, ""pca__n_components"": 104}",104,2.0,0.03,"{""model__C"": 2.0, ""model__gamma"": 0.03, ""pca__n_components"": 104}",stage3_local_cv,0,0.78,5.01
stage3_644,stage3_seed_2,"{""model__C"": 2.0, ""model__gamma"": 0.03, ""pca__n_components"": 104}",104,2.0,0.03,"{""model__C"": 2.0, ""model__gamma"": 0.03, ""pca__n_components"": 104}",stage3_local_cv,1,0.783125,6.263
stage3_644,stage3_seed_2,"{""model__C"": 2.0, ""model__gamma"": 0.03, ""pca__n_components"": 104}",104,2.0,0.03,"{""model__C"": 2.0, ""model__gamma"": 0.03, ""pca__n_components"": 104}",stage3_local_cv,2,0.764375,5.009
stage3_644,stage3_seed_2,"{""model__C"": 2.0, ""model__gamma"": 0.03, ""pca__n_components"": 104}",104,2.0,0.03,"{""model__C"": 2.0, ""model__gamma"": 0.03, ""pca__n_components"": 104}",stage3_local_cv,3,0.778125,6.179
stage3_644,stage3_seed_2,"{""model__C"": 2.0, ""model__gamma"": 0.03, ""pca__n_components"": 104}",104,2.0,0.03,"{""model__C"": 2.0, ""model__gamma"": 0.03, ""pca__n_components"": 104}",stage3_local_cv,4,0.765,5.017
stage3_645,stage3_seed_2,"{""model__C"": 2.0, ""model__gamma"": 0.04, ""pca__n_components"": 104}",104,2.0,0.04,"{""model__C"": 2.0, ""model__gamma"": 0.04, ""pca__n_components"": 104}",stage3_local_cv,0,0.76,5.413
stage3_645,stage3_seed_2,"{""model__C"": 2.0, ""model__gamma"": 0.04, ""pca__n_components"": 104}",104,2.0,0.04,"{""model__C"": 2.0, ""model__gamma"": 0.04, ""pca__n_components"": 104}",stage3_local_cv,1,0.765,5.387
stage3_645,stage3_seed_2,"{""model__C"": 2.0, ""model__gamma"": 0.04, ""pca__n_components"": 104}",104,2.0,0.04,"{""model__C"": 2.0, ""model__gamma"": 0.04, ""pca__n_components"": 104}",stage3_local_cv,2,0.740625,6.365
stage3_645,stage3_seed_2,"{""model__C"": 2.0, ""model__gamma"": 0.04, ""pca__n_components"": 104}",104,2.0,0.04,"{""model__C"": 2.0, ""model__gamma"": 0.04, ""pca__n_components"": 104}",stage3_local_cv,3,0.769375,5.014
stage3_645,stage3_seed_2,"{""model__C"": 2.0, ""model__gamma"": 0.04, ""pca__n_components"": 104}",104,2.0,0.04,"{""model__C"": 2.0, ""model__gamma"": 0.04, ""pca__n_components"": 104}",stage3_local_cv,4,0.751875,6.225
stage3_646,stage3_seed_2,"{""model__C"": 2.0, ""model__gamma"": 0.08, ""pca__n_components"": 104}",104,2.0,0.08,"{""model__C"": 2.0, ""model__gamma"": 0.08, ""pca__n_components"": 104}",stage3_local_cv,0,0.555625,6.117
stage3_646,stage3_seed_2,"{""model__C"": 2.0, ""model__gamma"": 0.08, ""pca__n_components"": 104}",104,2.0,0.08,"{""model__C"": 2.0, ""model__gamma"": 0.08, ""pca__n_components"": 104}",stage3_local_cv,1,0.569375,5.086
stage3_646,stage3_seed_2,"{""model__C"": 2.0, ""model__gamma"": 0.08, ""pca__n_components"": 104}",104,2.0,0.08,"{""model__C"": 2.0, ""model__gamma"": 0.08, ""pca__n_components"": 104}",stage3_local_cv,2,0.63625,4.945
stage3_646,stage3_seed_2,"{""model__C"": 2.0, ""model__gamma"": 0.08, ""pca__n_components"": 104}",104,2.0,0.08,"{""model__C"": 2.0, ""model__gamma"": 0.08, ""pca__n_components"": 104}",stage3_local_cv,3,0.666875,6.426
stage3_646,stage3_seed_2,"{""model__C"": 2.0, ""model__gamma"": 0.08, ""pca__n_components"": 104}",104,2.0,0.08,"{""model__C"": 2.0, ""model__gamma"": 0.08, ""pca__n_components"": 104}",stage3_local_cv,4,0.595625,4.962
stage3_647,stage3_seed_2,"{""model__C"": 3.0, ""model__gamma"": ""scale"", ""pca__n_components"": 104}",104,3.0,scale,"{""model__C"": 3.0, ""model__gamma"": ""scale"", ""pca__n_components"": 104}",stage3_local_cv,0,0.785,4.76
stage3_647,stage3_seed_2,"{""model__C"": 3.0, ""model__gamma"": ""scale"", ""pca__n_components"": 104}",104,3.0,scale,"{""model__C"": 3.0, ""model__gamma"": ""scale"", ""pca__n_components"": 104}",stage3_local_cv,1,0.776875,6.068
stage3_647,stage3_seed_2,"{""model__C"": 3.0, ""model__gamma"": ""scale"", ""pca__n_components"": 104}",104,3.0,scale,"{""model__C"": 3.0, ""model__gamma"": ""scale"", ""pca__n_components"": 104}",stage3_local_cv,2,0.775625,5.067
stage3_647,stage3_seed_2,"{""model__C"": 3.0, ""model__gamma"": ""scale"", ""pca__n_components"": 104}",104,3.0,scale,"{""model__C"": 3.0, ""model__gamma"": ""scale"", ""pca__n_components"": 104}",stage3_local_cv,3,0.780625,4.692
stage3_647,stage3_seed_2,"{""model__C"": 3.0, ""model__gamma"": ""scale"", ""pca__n_components"": 104}",104,3.0,scale,"{""model__C"": 3.0, ""model__gamma"": ""scale"", ""pca__n_components"": 104}",stage3_local_cv,4,0.775,5.846
stage3_648,stage3_seed_2,"{""model__C"": 3.0, ""model__gamma"": 0.005, ""pca__n_components"": 104}",104,3.0,0.005,"{""model__C"": 3.0, ""model__gamma"": 0.005, ""pca__n_components"": 104}",stage3_local_cv,0,0.7825,5.763
stage3_648,stage3_seed_2,"{""model__C"": 3.0, ""model__gamma"": 0.005, ""pca__n_components"": 104}",104,3.0,0.005,"{""model__C"": 3.0, ""model__gamma"": 0.005, ""pca__n_components"": 104}",stage3_local_cv,1,0.775625,4.711
stage3_648,stage3_seed_2,"{""model__C"": 3.0, ""model__gamma"": 0.005, ""pca__n_components"": 104}",104,3.0,0.005,"{""model__C"": 3.0, ""model__gamma"": 0.005, ""pca__n_components"": 104}",stage3_local_cv,2,0.774375,5.54
stage3_648,stage3_seed_2,"{""model__C"": 3.0, ""model__gamma"": 0.005, ""pca__n_components"": 104}",104,3.0,0.005,"{""model__C"": 3.0, ""model__gamma"": 0.005, ""pca__n_components"": 104}",stage3_local_cv,3,0.78,4.685
stage3_648,stage3_seed_2,"{""model__C"": 3.0, ""model__gamma"": 0.005, ""pca__n_components"": 104}",104,3.0,0.005,"{""model__C"": 3.0, ""model__gamma"": 0.005, ""pca__n_components"": 104}",stage3_local_cv,4,0.770625,4.715
stage3_649,stage3_seed_2,"{""model__C"": 3.0, ""model__gamma"": 0.01, ""pca__n_components"": 104}",104,3.0,0.01,"{""model__C"": 3.0, ""model__gamma"": 0.01, ""pca__n_components"": 104}",stage3_local_cv,0,0.80875,5.225
stage3_649,stage3_seed_2,"{""model__C"": 3.0, ""model__gamma"": 0.01, ""pca__n_components"": 104}",104,3.0,0.01,"{""model__C"": 3.0, ""model__gamma"": 0.01, ""pca__n_components"": 104}",stage3_local_cv,1,0.8125,6.662
stage3_649,stage3_seed_2,"{""model__C"": 3.0, ""model__gamma"": 0.01, ""pca__n_components"": 104}",104,3.0,0.01,"{""model__C"": 3.0, ""model__gamma"": 0.01, ""pca__n_components"": 104}",stage3_local_cv,2,0.805625,5.177
stage3_649,stage3_seed_2,"{""model__C"": 3.0, ""model__gamma"": 0.01, ""pca__n_components"": 104}",104,3.0,0.01,"{""model__C"": 3.0, ""model__gamma"": 0.01, ""pca__n_components"": 104}",stage3_local_cv,3,0.809375,6.356
stage3_649,stage3_seed_2,"{""model__C"": 3.0, ""model__gamma"": 0.01, ""pca__n_components"": 104}",104,3.0,0.01,"{""model__C"": 3.0, ""model__gamma"": 0.01, ""pca__n_components"": 104}",stage3_local_cv,4,0.80875,5.855
stage3_650,stage3_seed_2,"{""model__C"": 3.0, ""model__gamma"": 0.02, ""pca__n_components"": 104}",104,3.0,0.02,"{""model__C"": 3.0, ""model__gamma"": 0.02, ""pca__n_components"": 104}",stage3_local_cv,0,0.805625,6.419
stage3_650,stage3_seed_2,"{""model__C"": 3.0, ""model__gamma"": 0.02, ""pca__n_components"": 104}",104,3.0,0.02,"{""model__C"": 3.0, ""model__gamma"": 0.02, ""pca__n_components"": 104}",stage3_local_cv,1,0.808125,5.24
stage3_650,stage3_seed_2,"{""model__C"": 3.0, ""model__gamma"": 0.02, ""pca__n_components"": 104}",104,3.0,0.02,"{""model__C"": 3.0, ""model__gamma"": 0.02, ""pca__n_components"": 104}",stage3_local_cv,2,0.79625,6.258
stage3_650,stage3_seed_2,"{""model__C"": 3.0, ""model__gamma"": 0.02, ""pca__n_components"": 104}",104,3.0,0.02,"{""model__C"": 3.0, ""model__gamma"": 0.02, ""pca__n_components"": 104}",stage3_local_cv,3,0.803125,5.062
stage3_650,stage3_seed_2,"{""model__C"": 3.0, ""model__gamma"": 0.02, ""pca__n_components"": 104}",104,3.0,0.02,"{""model__C"": 3.0, ""model__gamma"": 0.02, ""pca__n_components"": 104}",stage3_local_cv,4,0.798125,5.776
stage3_651,stage3_seed_2,"{""model__C"": 3.0, ""model__gamma"": 0.03, ""pca__n_components"": 104}",104,3.0,0.03,"{""model__C"": 3.0, ""model__gamma"": 0.03, ""pca__n_components"": 104}",stage3_local_cv,0,0.779375,5.145
stage3_651,stage3_seed_2,"{""model__C"": 3.0, ""model__gamma"": 0.03, ""pca__n_components"": 104}",104,3.0,0.03,"{""model__C"": 3.0, ""model__gamma"": 0.03, ""pca__n_components"": 104}",stage3_local_cv,1,0.783125,6.075
stage3_651,stage3_seed_2,"{""model__C"": 3.0, ""model__gamma"": 0.03, ""pca__n_components"": 104}",104,3.0,0.03,"{""model__C"": 3.0, ""model__gamma"": 0.03, ""pca__n_components"": 104}",stage3_local_cv,2,0.766875,5.023
stage3_651,stage3_seed_2,"{""model__C"": 3.0, ""model__gamma"": 0.03, ""pca__n_components"": 104}",104,3.0,0.03,"{""model__C"": 3.0, ""model__gamma"": 0.03, ""pca__n_components"": 104}",stage3_local_cv,3,0.779375,6.272
stage3_651,stage3_seed_2,"{""model__C"": 3.0, ""model__gamma"": 0.03, ""pca__n_components"": 104}",104,3.0,0.03,"{""model__C"": 3.0, ""model__gamma"": 0.03, ""pca__n_components"": 104}",stage3_local_cv,4,0.766875,5.1
stage3_652,stage3_seed_2,"{""model__C"": 3.0, ""model__gamma"": 0.04, ""pca__n_components"": 104}",104,3.0,0.04,"{""model__C"": 3.0, ""model__gamma"": 0.04, ""pca__n_components"": 104}",stage3_local_cv,0,0.763125,5.055
stage3_652,stage3_seed_2,"{""model__C"": 3.0, ""model__gamma"": 0.04, ""pca__n_components"": 104}",104,3.0,0.04,"{""model__C"": 3.0, ""model__gamma"": 0.04, ""pca__n_components"": 104}",stage3_local_cv,1,0.7675,5.644
stage3_652,stage3_seed_2,"{""model__C"": 3.0, ""model__gamma"": 0.04, ""pca__n_components"": 104}",104,3.0,0.04,"{""model__C"": 3.0, ""model__gamma"": 0.04, ""pca__n_components"": 104}",stage3_local_cv,2,0.7425,6.591
stage3_652,stage3_seed_2,"{""model__C"": 3.0, ""model__gamma"": 0.04, ""pca__n_components"": 104}",104,3.0,0.04,"{""model__C"": 3.0, ""model__gamma"": 0.04, ""pca__n_components"": 104}",stage3_local_cv,3,0.76625,5.035
stage3_652,stage3_seed_2,"{""model__C"": 3.0, ""model__gamma"": 0.04, ""pca__n_components"": 104}",104,3.0,0.04,"{""model__C"": 3.0, ""model__gamma"": 0.04, ""pca__n_components"": 104}",stage3_local_cv,4,0.75125,6.357
stage3_653,stage3_seed_2,"{""model__C"": 3.0, ""model__gamma"": 0.08, ""pca__n_components"": 104}",104,3.0,0.08,"{""model__C"": 3.0, ""model__gamma"": 0.08, ""pca__n_components"": 104}",stage3_local_cv,0,0.553125,6.282
stage3_653,stage3_seed_2,"{""model__C"": 3.0, ""model__gamma"": 0.08, ""pca__n_components"": 104}",104,3.0,0.08,"{""model__C"": 3.0, ""model__gamma"": 0.08, ""pca__n_components"": 104}",stage3_local_cv,1,0.563125,5.002
stage3_653,stage3_seed_2,"{""model__C"": 3.0, ""model__gamma"": 0.08, ""pca__n_components"": 104}",104,3.0,0.08,"{""model__C"": 3.0, ""model__gamma"": 0.08, ""pca__n_components"": 104}",stage3_local_cv,2,0.634375,4.937
stage3_653,stage3_seed_2,"{""model__C"": 3.0, ""model__gamma"": 0.08, ""pca__n_components"": 104}",104,3.0,0.08,"{""model__C"": 3.0, ""model__gamma"": 0.08, ""pca__n_components"": 104}",stage3_local_cv,3,0.663125,6.489
stage3_653,stage3_seed_2,"{""model__C"": 3.0, ""model__gamma"": 0.08, ""pca__n_components"": 104}",104,3.0,0.08,"{""model__C"": 3.0, ""model__gamma"": 0.08, ""pca__n_components"": 104}",stage3_local_cv,4,0.59375,5.117
stage3_654,stage3_seed_2,"{""model__C"": 4.0, ""model__gamma"": 0.03, ""pca__n_components"": 104}",104,4.0,0.03,"{""model__C"": 4.0, ""model__gamma"": 0.03, ""pca__n_components"": 104}",stage3_local_cv,0,0.78,5.06
stage3_654,stage3_seed_2,"{""model__C"": 4.0, ""model__gamma"": 0.03, ""pca__n_components"": 104}",104,4.0,0.03,"{""model__C"": 4.0, ""model__gamma"": 0.03, ""pca__n_components"": 104}",stage3_local_cv,1,0.783125,6.441
stage3_654,stage3_seed_2,"{""model__C"": 4.0, ""model__gamma"": 0.03, ""pca__n_components"": 104}",104,4.0,0.03,"{""model__C"": 4.0, ""model__gamma"": 0.03, ""pca__n_components"": 104}",stage3_local_cv,2,0.76875,5.181
stage3_654,stage3_seed_2,"{""model__C"": 4.0, ""model__gamma"": 0.03, ""pca__n_components"": 104}",104,4.0,0.03,"{""model__C"": 4.0, ""model__gamma"": 0.03, ""pca__n_components"": 104}",stage3_local_cv,3,0.776875,5.013
stage3_654,stage3_seed_2,"{""model__C"": 4.0, ""model__gamma"": 0.03, ""pca__n_components"": 104}",104,4.0,0.03,"{""model__C"": 4.0, ""model__gamma"": 0.03, ""pca__n_components"": 104}",stage3_local_cv,4,0.7675,6.465
stage3_655,stage3_seed_2,"{""model__C"": 4.0, ""model__gamma"": 0.04, ""pca__n_components"": 104}",104,4.0,0.04,"{""model__C"": 4.0, ""model__gamma"": 0.04, ""pca__n_components"": 104}",stage3_local_cv,0,0.76375,6.324
stage3_655,stage3_seed_2,"{""model__C"": 4.0, ""model__gamma"": 0.04, ""pca__n_components"": 104}",104,4.0,0.04,"{""model__C"": 4.0, ""model__gamma"": 0.04, ""pca__n_components"": 104}",stage3_local_cv,1,0.76875,5.026
stage3_655,stage3_seed_2,"{""model__C"": 4.0, ""model__gamma"": 0.04, ""pca__n_components"": 104}",104,4.0,0.04,"{""model__C"": 4.0, ""model__gamma"": 0.04, ""pca__n_components"": 104}",stage3_local_cv,2,0.744375,6.035
stage3_655,stage3_seed_2,"{""model__C"": 4.0, ""model__gamma"": 0.04, ""pca__n_components"": 104}",104,4.0,0.04,"{""model__C"": 4.0, ""model__gamma"": 0.04, ""pca__n_components"": 104}",stage3_local_cv,3,0.765625,5.063
stage3_655,stage3_seed_2,"{""model__C"": 4.0, ""model__gamma"": 0.04, ""pca__n_components"": 104}",104,4.0,0.04,"{""model__C"": 4.0, ""model__gamma"": 0.04, ""pca__n_components"": 104}",stage3_local_cv,4,0.751875,5.077
stage3_656,stage3_seed_2,"{""model__C"": 4.0, ""model__gamma"": 0.08, ""pca__n_components"": 104}",104,4.0,0.08,"{""model__C"": 4.0, ""model__gamma"": 0.08, ""pca__n_components"": 104}",stage3_local_cv,0,0.54875,5.142
stage3_656,stage3_seed_2,"{""model__C"": 4.0, ""model__gamma"": 0.08, ""pca__n_components"": 104}",104,4.0,0.08,"{""model__C"": 4.0, ""model__gamma"": 0.08, ""pca__n_components"": 104}",stage3_local_cv,1,0.560625,6.637
stage3_656,stage3_seed_2,"{""model__C"": 4.0, ""model__gamma"": 0.08, ""pca__n_components"": 104}",104,4.0,0.08,"{""model__C"": 4.0, ""model__gamma"": 0.08, ""pca__n_components"": 104}",stage3_local_cv,2,0.624375,4.938
stage3_656,stage3_seed_2,"{""model__C"": 4.0, ""model__gamma"": 0.08, ""pca__n_components"": 104}",104,4.0,0.08,"{""model__C"": 4.0, ""model__gamma"": 0.08, ""pca__n_components"": 104}",stage3_local_cv,3,0.64875,6.003
stage3_656,stage3_seed_2,"{""model__C"": 4.0, ""model__gamma"": 0.08, ""pca__n_components"": 104}",104,4.0,0.08,"{""model__C"": 4.0, ""model__gamma"": 0.08, ""pca__n_components"": 104}",stage3_local_cv,4,0.59125,6.123
stage3_657,stage3_seed_2,"{""model__C"": 6.0, ""model__gamma"": 0.03, ""pca__n_components"": 104}",104,6.0,0.03,"{""model__C"": 6.0, ""model__gamma"": 0.03, ""pca__n_components"": 104}",stage3_local_cv,0,0.780625,6.574
stage3_657,stage3_seed_2,"{""model__C"": 6.0, ""model__gamma"": 0.03, ""pca__n_components"": 104}",104,6.0,0.03,"{""model__C"": 6.0, ""model__gamma"": 0.03, ""pca__n_components"": 104}",stage3_local_cv,1,0.784375,5.047
stage3_657,stage3_seed_2,"{""model__C"": 6.0, ""model__gamma"": 0.03, ""pca__n_components"": 104}",104,6.0,0.03,"{""model__C"": 6.0, ""model__gamma"": 0.03, ""pca__n_components"": 104}",stage3_local_cv,2,0.7675,6.263
stage3_657,stage3_seed_2,"{""model__C"": 6.0, ""model__gamma"": 0.03, ""pca__n_components"": 104}",104,6.0,0.03,"{""model__C"": 6.0, ""model__gamma"": 0.03, ""pca__n_components"": 104}",stage3_local_cv,3,0.77625,5.08
stage3_657,stage3_seed_2,"{""model__C"": 6.0, ""model__gamma"": 0.03, ""pca__n_components"": 104}",104,6.0,0.03,"{""model__C"": 6.0, ""model__gamma"": 0.03, ""pca__n_components"": 104}",stage3_local_cv,4,0.768125,5.461
stage3_658,stage3_seed_2,"{""model__C"": 6.0, ""model__gamma"": 0.04, ""pca__n_components"": 104}",104,6.0,0.04,"{""model__C"": 6.0, ""model__gamma"": 0.04, ""pca__n_components"": 104}",stage3_local_cv,0,0.7625,5.013
stage3_658,stage3_seed_2,"{""model__C"": 6.0, ""model__gamma"": 0.04, ""pca__n_components"": 104}",104,6.0,0.04,"{""model__C"": 6.0, ""model__gamma"": 0.04, ""pca__n_components"": 104}",stage3_local_cv,1,0.77,8.267
stage3_658,stage3_seed_2,"{""model__C"": 6.0, ""model__gamma"": 0.04, ""pca__n_components"": 104}",104,6.0,0.04,"{""model__C"": 6.0, ""model__gamma"": 0.04, ""pca__n_components"": 104}",stage3_local_cv,2,0.740625,5.037
stage3_658,stage3_seed_2,"{""model__C"": 6.0, ""model__gamma"": 0.04, ""pca__n_components"": 104}",104,6.0,0.04,"{""model__C"": 6.0, ""model__gamma"": 0.04, ""pca__n_components"": 104}",stage3_local_cv,3,0.76375,6.246
stage3_658,stage3_seed_2,"{""model__C"": 6.0, ""model__gamma"": 0.04, ""pca__n_components"": 104}",104,6.0,0.04,"{""model__C"": 6.0, ""model__gamma"": 0.04, ""pca__n_components"": 104}",stage3_local_cv,4,0.75,5.07
stage3_659,stage3_seed_2,"{""model__C"": 6.0, ""model__gamma"": 0.08, ""pca__n_components"": 104}",104,6.0,0.08,"{""model__C"": 6.0, ""model__gamma"": 0.08, ""pca__n_components"": 104}",stage3_local_cv,0,0.546875,5.467
stage3_659,stage3_seed_2,"{""model__C"": 6.0, ""model__gamma"": 0.08, ""pca__n_components"": 104}",104,6.0,0.08,"{""model__C"": 6.0, ""model__gamma"": 0.08, ""pca__n_components"": 104}",stage3_local_cv,1,0.55625,5.112
stage3_659,stage3_seed_2,"{""model__C"": 6.0, ""model__gamma"": 0.08, ""pca__n_components"": 104}",104,6.0,0.08,"{""model__C"": 6.0, ""model__gamma"": 0.08, ""pca__n_components"": 104}",stage3_local_cv,2,0.61,6.419
stage3_659,stage3_seed_2,"{""model__C"": 6.0, ""model__gamma"": 0.08, ""pca__n_components"": 104}",104,6.0,0.08,"{""model__C"": 6.0, ""model__gamma"": 0.08, ""pca__n_components"": 104}",stage3_local_cv,3,0.6225,4.968
stage3_659,stage3_seed_2,"{""model__C"": 6.0, ""model__gamma"": 0.08, ""pca__n_components"": 104}",104,6.0,0.08,"{""model__C"": 6.0, ""model__gamma"": 0.08, ""pca__n_components"": 104}",stage3_local_cv,4,0.576875,6.386
stage3_660,stage3_seed_2,"{""model__C"": 1.0, ""model__gamma"": ""scale"", ""pca__n_components"": 108}",108,1.0,scale,"{""model__C"": 1.0, ""model__gamma"": ""scale"", ""pca__n_components"": 108}",stage3_local_cv,0,0.751875,5.367
stage3_660,stage3_seed_2,"{""model__C"": 1.0, ""model__gamma"": ""scale"", ""pca__n_components"": 108}",108,1.0,scale,"{""model__C"": 1.0, ""model__gamma"": ""scale"", ""pca__n_components"": 108}",stage3_local_cv,1,0.74375,5.045
stage3_660,stage3_seed_2,"{""model__C"": 1.0, ""model__gamma"": ""scale"", ""pca__n_components"": 108}",108,1.0,scale,"{""model__C"": 1.0, ""model__gamma"": ""scale"", ""pca__n_components"": 108}",stage3_local_cv,2,0.728125,4.556
stage3_660,stage3_seed_2,"{""model__C"": 1.0, ""model__gamma"": ""scale"", ""pca__n_components"": 108}",108,1.0,scale,"{""model__C"": 1.0, ""model__gamma"": ""scale"", ""pca__n_components"": 108}",stage3_local_cv,3,0.74625,5.686
stage3_660,stage3_seed_2,"{""model__C"": 1.0, ""model__gamma"": ""scale"", ""pca__n_components"": 108}",108,1.0,scale,"{""model__C"": 1.0, ""model__gamma"": ""scale"", ""pca__n_components"": 108}",stage3_local_cv,4,0.738125,4.529
stage3_661,stage3_seed_2,"{""model__C"": 1.0, ""model__gamma"": 0.005, ""pca__n_components"": 108}",108,1.0,0.005,"{""model__C"": 1.0, ""model__gamma"": 0.005, ""pca__n_components"": 108}",stage3_local_cv,0,0.754375,4.419
stage3_661,stage3_seed_2,"{""model__C"": 1.0, ""model__gamma"": 0.005, ""pca__n_components"": 108}",108,1.0,0.005,"{""model__C"": 1.0, ""model__gamma"": 0.005, ""pca__n_components"": 108}",stage3_local_cv,1,0.74125,5.51
stage3_661,stage3_seed_2,"{""model__C"": 1.0, ""model__gamma"": 0.005, ""pca__n_components"": 108}",108,1.0,0.005,"{""model__C"": 1.0, ""model__gamma"": 0.005, ""pca__n_components"": 108}",stage3_local_cv,2,0.726875,4.527
stage3_661,stage3_seed_2,"{""model__C"": 1.0, ""model__gamma"": 0.005, ""pca__n_components"": 108}",108,1.0,0.005,"{""model__C"": 1.0, ""model__gamma"": 0.005, ""pca__n_components"": 108}",stage3_local_cv,3,0.746875,4.838
stage3_661,stage3_seed_2,"{""model__C"": 1.0, ""model__gamma"": 0.005, ""pca__n_components"": 108}",108,1.0,0.005,"{""model__C"": 1.0, ""model__gamma"": 0.005, ""pca__n_components"": 108}",stage3_local_cv,4,0.73375,5.809
stage3_662,stage3_seed_2,"{""model__C"": 1.0, ""model__gamma"": 0.01, ""pca__n_components"": 108}",108,1.0,0.01,"{""model__C"": 1.0, ""model__gamma"": 0.01, ""pca__n_components"": 108}",stage3_local_cv,0,0.781875,6.033
stage3_662,stage3_seed_2,"{""model__C"": 1.0, ""model__gamma"": 0.01, ""pca__n_components"": 108}",108,1.0,0.01,"{""model__C"": 1.0, ""model__gamma"": 0.01, ""pca__n_components"": 108}",stage3_local_cv,1,0.774375,5.066
stage3_662,stage3_seed_2,"{""model__C"": 1.0, ""model__gamma"": 0.01, ""pca__n_components"": 108}",108,1.0,0.01,"{""model__C"": 1.0, ""model__gamma"": 0.01, ""pca__n_components"": 108}",stage3_local_cv,2,0.76625,6.126
stage3_662,stage3_seed_2,"{""model__C"": 1.0, ""model__gamma"": 0.01, ""pca__n_components"": 108}",108,1.0,0.01,"{""model__C"": 1.0, ""model__gamma"": 0.01, ""pca__n_components"": 108}",stage3_local_cv,3,0.771875,5.017
stage3_662,stage3_seed_2,"{""model__C"": 1.0, ""model__gamma"": 0.01, ""pca__n_components"": 108}",108,1.0,0.01,"{""model__C"": 1.0, ""model__gamma"": 0.01, ""pca__n_components"": 108}",stage3_local_cv,4,0.773125,5.009
stage3_663,stage3_seed_2,"{""model__C"": 1.0, ""model__gamma"": 0.02, ""pca__n_components"": 108}",108,1.0,0.02,"{""model__C"": 1.0, ""model__gamma"": 0.02, ""pca__n_components"": 108}",stage3_local_cv,0,0.789375,5.457
stage3_663,stage3_seed_2,"{""model__C"": 1.0, ""model__gamma"": 0.02, ""pca__n_components"": 108}",108,1.0,0.02,"{""model__C"": 1.0, ""model__gamma"": 0.02, ""pca__n_components"": 108}",stage3_local_cv,1,0.788125,6.871
stage3_663,stage3_seed_2,"{""model__C"": 1.0, ""model__gamma"": 0.02, ""pca__n_components"": 108}",108,1.0,0.02,"{""model__C"": 1.0, ""model__gamma"": 0.02, ""pca__n_components"": 108}",stage3_local_cv,2,0.765,5.534
stage3_663,stage3_seed_2,"{""model__C"": 1.0, ""model__gamma"": 0.02, ""pca__n_components"": 108}",108,1.0,0.02,"{""model__C"": 1.0, ""model__gamma"": 0.02, ""pca__n_components"": 108}",stage3_local_cv,3,0.785,6.747
stage3_663,stage3_seed_2,"{""model__C"": 1.0, ""model__gamma"": 0.02, ""pca__n_components"": 108}",108,1.0,0.02,"{""model__C"": 1.0, ""model__gamma"": 0.02, ""pca__n_components"": 108}",stage3_local_cv,4,0.771875,6.226
stage3_664,stage3_seed_2,"{""model__C"": 1.0, ""model__gamma"": 0.03, ""pca__n_components"": 108}",108,1.0,0.03,"{""model__C"": 1.0, ""model__gamma"": 0.03, ""pca__n_components"": 108}",stage3_local_cv,0,0.77375,7.169
stage3_664,stage3_seed_2,"{""model__C"": 1.0, ""model__gamma"": 0.03, ""pca__n_components"": 108}",108,1.0,0.03,"{""model__C"": 1.0, ""model__gamma"": 0.03, ""pca__n_components"": 108}",stage3_local_cv,1,0.77375,5.761
stage3_664,stage3_seed_2,"{""model__C"": 1.0, ""model__gamma"": 0.03, ""pca__n_components"": 108}",108,1.0,0.03,"{""model__C"": 1.0, ""model__gamma"": 0.03, ""pca__n_components"": 108}",stage3_local_cv,2,0.751875,6.82
stage3_664,stage3_seed_2,"{""model__C"": 1.0, ""model__gamma"": 0.03, ""pca__n_components"": 108}",108,1.0,0.03,"{""model__C"": 1.0, ""model__gamma"": 0.03, ""pca__n_components"": 108}",stage3_local_cv,3,0.77125,5.679
stage3_664,stage3_seed_2,"{""model__C"": 1.0, ""model__gamma"": 0.03, ""pca__n_components"": 108}",108,1.0,0.03,"{""model__C"": 1.0, ""model__gamma"": 0.03, ""pca__n_components"": 108}",stage3_local_cv,4,0.75,6.596
stage3_665,stage3_seed_2,"{""model__C"": 1.0, ""model__gamma"": 0.04, ""pca__n_components"": 108}",108,1.0,0.04,"{""model__C"": 1.0, ""model__gamma"": 0.04, ""pca__n_components"": 108}",stage3_local_cv,0,0.7525,5.602
stage3_665,stage3_seed_2,"{""model__C"": 1.0, ""model__gamma"": 0.04, ""pca__n_components"": 108}",108,1.0,0.04,"{""model__C"": 1.0, ""model__gamma"": 0.04, ""pca__n_components"": 108}",stage3_local_cv,1,0.75625,6.996
stage3_665,stage3_seed_2,"{""model__C"": 1.0, ""model__gamma"": 0.04, ""pca__n_components"": 108}",108,1.0,0.04,"{""model__C"": 1.0, ""model__gamma"": 0.04, ""pca__n_components"": 108}",stage3_local_cv,2,0.738125,5.683
stage3_665,stage3_seed_2,"{""model__C"": 1.0, ""model__gamma"": 0.04, ""pca__n_components"": 108}",108,1.0,0.04,"{""model__C"": 1.0, ""model__gamma"": 0.04, ""pca__n_components"": 108}",stage3_local_cv,3,0.76625,6.897
stage3_665,stage3_seed_2,"{""model__C"": 1.0, ""model__gamma"": 0.04, ""pca__n_components"": 108}",108,1.0,0.04,"{""model__C"": 1.0, ""model__gamma"": 0.04, ""pca__n_components"": 108}",stage3_local_cv,4,0.74375,5.972
stage3_666,stage3_seed_2,"{""model__C"": 1.0, ""model__gamma"": 0.08, ""pca__n_components"": 108}",108,1.0,0.08,"{""model__C"": 1.0, ""model__gamma"": 0.08, ""pca__n_components"": 108}",stage3_local_cv,0,0.5375,7.564
stage3_666,stage3_seed_2,"{""model__C"": 1.0, ""model__gamma"": 0.08, ""pca__n_components"": 108}",108,1.0,0.08,"{""model__C"": 1.0, ""model__gamma"": 0.08, ""pca__n_components"": 108}",stage3_local_cv,1,0.54875,6.263
stage3_666,stage3_seed_2,"{""model__C"": 1.0, ""model__gamma"": 0.08, ""pca__n_components"": 108}",108,1.0,0.08,"{""model__C"": 1.0, ""model__gamma"": 0.08, ""pca__n_components"": 108}",stage3_local_cv,2,0.605625,7.046
stage3_666,stage3_seed_2,"{""model__C"": 1.0, ""model__gamma"": 0.08, ""pca__n_components"": 108}",108,1.0,0.08,"{""model__C"": 1.0, ""model__gamma"": 0.08, ""pca__n_components"": 108}",stage3_local_cv,3,0.605625,6.024
stage3_666,stage3_seed_2,"{""model__C"": 1.0, ""model__gamma"": 0.08, ""pca__n_components"": 108}",108,1.0,0.08,"{""model__C"": 1.0, ""model__gamma"": 0.08, ""pca__n_components"": 108}",stage3_local_cv,4,0.565625,7.264
stage3_667,stage3_seed_2,"{""model__C"": 1.5, ""model__gamma"": ""scale"", ""pca__n_components"": 108}",108,1.5,scale,"{""model__C"": 1.5, ""model__gamma"": ""scale"", ""pca__n_components"": 108}",stage3_local_cv,0,0.7675,4.617
stage3_667,stage3_seed_2,"{""model__C"": 1.5, ""model__gamma"": ""scale"", ""pca__n_components"": 108}",108,1.5,scale,"{""model__C"": 1.5, ""model__gamma"": ""scale"", ""pca__n_components"": 108}",stage3_local_cv,1,0.7525,6.001
stage3_667,stage3_seed_2,"{""model__C"": 1.5, ""model__gamma"": ""scale"", ""pca__n_components"": 108}",108,1.5,scale,"{""model__C"": 1.5, ""model__gamma"": ""scale"", ""pca__n_components"": 108}",stage3_local_cv,2,0.75125,4.62
stage3_667,stage3_seed_2,"{""model__C"": 1.5, ""model__gamma"": ""scale"", ""pca__n_components"": 108}",108,1.5,scale,"{""model__C"": 1.5, ""model__gamma"": ""scale"", ""pca__n_components"": 108}",stage3_local_cv,3,0.75625,5.858
stage3_667,stage3_seed_2,"{""model__C"": 1.5, ""model__gamma"": ""scale"", ""pca__n_components"": 108}",108,1.5,scale,"{""model__C"": 1.5, ""model__gamma"": ""scale"", ""pca__n_components"": 108}",stage3_local_cv,4,0.750625,4.706
stage3_668,stage3_seed_2,"{""model__C"": 1.5, ""model__gamma"": 0.005, ""pca__n_components"": 108}",108,1.5,0.005,"{""model__C"": 1.5, ""model__gamma"": 0.005, ""pca__n_components"": 108}",stage3_local_cv,0,0.765,4.54
stage3_668,stage3_seed_2,"{""model__C"": 1.5, ""model__gamma"": 0.005, ""pca__n_components"": 108}",108,1.5,0.005,"{""model__C"": 1.5, ""model__gamma"": 0.005, ""pca__n_components"": 108}",stage3_local_cv,1,0.750625,4.666
stage3_668,stage3_seed_2,"{""model__C"": 1.5, ""model__gamma"": 0.005, ""pca__n_components"": 108}",108,1.5,0.005,"{""model__C"": 1.5, ""model__gamma"": 0.005, ""pca__n_components"": 108}",stage3_local_cv,2,0.74625,5.346
stage3_668,stage3_seed_2,"{""model__C"": 1.5, ""model__gamma"": 0.005, ""pca__n_components"": 108}",108,1.5,0.005,"{""model__C"": 1.5, ""model__gamma"": 0.005, ""pca__n_components"": 108}",stage3_local_cv,3,0.755,4.706
stage3_668,stage3_seed_2,"{""model__C"": 1.5, ""model__gamma"": 0.005, ""pca__n_components"": 108}",108,1.5,0.005,"{""model__C"": 1.5, ""model__gamma"": 0.005, ""pca__n_components"": 108}",stage3_local_cv,4,0.74875,5.877
stage3_669,stage3_seed_2,"{""model__C"": 1.5, ""model__gamma"": 0.01, ""pca__n_components"": 108}",108,1.5,0.01,"{""model__C"": 1.5, ""model__gamma"": 0.01, ""pca__n_components"": 108}",stage3_local_cv,0,0.8,6.515
stage3_669,stage3_seed_2,"{""model__C"": 1.5, ""model__gamma"": 0.01, ""pca__n_components"": 108}",108,1.5,0.01,"{""model__C"": 1.5, ""model__gamma"": 0.01, ""pca__n_components"": 108}",stage3_local_cv,1,0.790625,5.661
stage3_669,stage3_seed_2,"{""model__C"": 1.5, ""model__gamma"": 0.01, ""pca__n_components"": 108}",108,1.5,0.01,"{""model__C"": 1.5, ""model__gamma"": 0.01, ""pca__n_components"": 108}",stage3_local_cv,2,0.78875,5.95
stage3_669,stage3_seed_2,"{""model__C"": 1.5, ""model__gamma"": 0.01, ""pca__n_components"": 108}",108,1.5,0.01,"{""model__C"": 1.5, ""model__gamma"": 0.01, ""pca__n_components"": 108}",stage3_local_cv,3,0.793125,6.64
stage3_669,stage3_seed_2,"{""model__C"": 1.5, ""model__gamma"": 0.01, ""pca__n_components"": 108}",108,1.5,0.01,"{""model__C"": 1.5, ""model__gamma"": 0.01, ""pca__n_components"": 108}",stage3_local_cv,4,0.795625,5.349
stage3_670,stage3_seed_2,"{""model__C"": 1.5, ""model__gamma"": 0.02, ""pca__n_components"": 108}",108,1.5,0.02,"{""model__C"": 1.5, ""model__gamma"": 0.02, ""pca__n_components"": 108}",stage3_local_cv,0,0.808125,5.268
stage3_670,stage3_seed_2,"{""model__C"": 1.5, ""model__gamma"": 0.02, ""pca__n_components"": 108}",108,1.5,0.02,"{""model__C"": 1.5, ""model__gamma"": 0.02, ""pca__n_components"": 108}",stage3_local_cv,1,0.801875,6.547
stage3_670,stage3_seed_2,"{""model__C"": 1.5, ""model__gamma"": 0.02, ""pca__n_components"": 108}",108,1.5,0.02,"{""model__C"": 1.5, ""model__gamma"": 0.02, ""pca__n_components"": 108}",stage3_local_cv,2,0.7975,5.393
stage3_670,stage3_seed_2,"{""model__C"": 1.5, ""model__gamma"": 0.02, ""pca__n_components"": 108}",108,1.5,0.02,"{""model__C"": 1.5, ""model__gamma"": 0.02, ""pca__n_components"": 108}",stage3_local_cv,3,0.8,5.661
stage3_670,stage3_seed_2,"{""model__C"": 1.5, ""model__gamma"": 0.02, ""pca__n_components"": 108}",108,1.5,0.02,"{""model__C"": 1.5, ""model__gamma"": 0.02, ""pca__n_components"": 108}",stage3_local_cv,4,0.795625,6.742
stage3_671,stage3_seed_2,"{""model__C"": 1.5, ""model__gamma"": 0.03, ""pca__n_components"": 108}",108,1.5,0.03,"{""model__C"": 1.5, ""model__gamma"": 0.03, ""pca__n_components"": 108}",stage3_local_cv,0,0.78375,6.448
stage3_671,stage3_seed_2,"{""model__C"": 1.5, ""model__gamma"": 0.03, ""pca__n_components"": 108}",108,1.5,0.03,"{""model__C"": 1.5, ""model__gamma"": 0.03, ""pca__n_components"": 108}",stage3_local_cv,1,0.7825,5.428
stage3_671,stage3_seed_2,"{""model__C"": 1.5, ""model__gamma"": 0.03, ""pca__n_components"": 108}",108,1.5,0.03,"{""model__C"": 1.5, ""model__gamma"": 0.03, ""pca__n_components"": 108}",stage3_local_cv,2,0.7625,6.609
stage3_671,stage3_seed_2,"{""model__C"": 1.5, ""model__gamma"": 0.03, ""pca__n_components"": 108}",108,1.5,0.03,"{""model__C"": 1.5, ""model__gamma"": 0.03, ""pca__n_components"": 108}",stage3_local_cv,3,0.781875,6.141
stage3_671,stage3_seed_2,"{""model__C"": 1.5, ""model__gamma"": 0.03, ""pca__n_components"": 108}",108,1.5,0.03,"{""model__C"": 1.5, ""model__gamma"": 0.03, ""pca__n_components"": 108}",stage3_local_cv,4,0.7625,5.392
stage3_672,stage3_seed_2,"{""model__C"": 1.5, ""model__gamma"": 0.04, ""pca__n_components"": 108}",108,1.5,0.04,"{""model__C"": 1.5, ""model__gamma"": 0.04, ""pca__n_components"": 108}",stage3_local_cv,0,0.76,5.225
stage3_672,stage3_seed_2,"{""model__C"": 1.5, ""model__gamma"": 0.04, ""pca__n_components"": 108}",108,1.5,0.04,"{""model__C"": 1.5, ""model__gamma"": 0.04, ""pca__n_components"": 108}",stage3_local_cv,1,0.765,6.754
stage3_672,stage3_seed_2,"{""model__C"": 1.5, ""model__gamma"": 0.04, ""pca__n_components"": 108}",108,1.5,0.04,"{""model__C"": 1.5, ""model__gamma"": 0.04, ""pca__n_components"": 108}",stage3_local_cv,2,0.740625,5.306
stage3_672,stage3_seed_2,"{""model__C"": 1.5, ""model__gamma"": 0.04, ""pca__n_components"": 108}",108,1.5,0.04,"{""model__C"": 1.5, ""model__gamma"": 0.04, ""pca__n_components"": 108}",stage3_local_cv,3,0.7675,6.012
stage3_672,stage3_seed_2,"{""model__C"": 1.5, ""model__gamma"": 0.04, ""pca__n_components"": 108}",108,1.5,0.04,"{""model__C"": 1.5, ""model__gamma"": 0.04, ""pca__n_components"": 108}",stage3_local_cv,4,0.749375,6.963
stage3_673,stage3_seed_2,"{""model__C"": 1.5, ""model__gamma"": 0.08, ""pca__n_components"": 108}",108,1.5,0.08,"{""model__C"": 1.5, ""model__gamma"": 0.08, ""pca__n_components"": 108}",stage3_local_cv,0,0.55375,6.708
stage3_673,stage3_seed_2,"{""model__C"": 1.5, ""model__gamma"": 0.08, ""pca__n_components"": 108}",108,1.5,0.08,"{""model__C"": 1.5, ""model__gamma"": 0.08, ""pca__n_components"": 108}",stage3_local_cv,1,0.566875,5.325
stage3_673,stage3_seed_2,"{""model__C"": 1.5, ""model__gamma"": 0.08, ""pca__n_components"": 108}",108,1.5,0.08,"{""model__C"": 1.5, ""model__gamma"": 0.08, ""pca__n_components"": 108}",stage3_local_cv,2,0.62875,6.543
stage3_673,stage3_seed_2,"{""model__C"": 1.5, ""model__gamma"": 0.08, ""pca__n_components"": 108}",108,1.5,0.08,"{""model__C"": 1.5, ""model__gamma"": 0.08, ""pca__n_components"": 108}",stage3_local_cv,3,0.655625,5.224
stage3_673,stage3_seed_2,"{""model__C"": 1.5, ""model__gamma"": 0.08, ""pca__n_components"": 108}",108,1.5,0.08,"{""model__C"": 1.5, ""model__gamma"": 0.08, ""pca__n_components"": 108}",stage3_local_cv,4,0.5925,5.285
stage3_674,stage3_seed_2,"{""model__C"": 2.0, ""model__gamma"": ""scale"", ""pca__n_components"": 108}",108,2.0,scale,"{""model__C"": 2.0, ""model__gamma"": ""scale"", ""pca__n_components"": 108}",stage3_local_cv,0,0.77,4.742
stage3_674,stage3_seed_2,"{""model__C"": 2.0, ""model__gamma"": ""scale"", ""pca__n_components"": 108}",108,2.0,scale,"{""model__C"": 2.0, ""model__gamma"": ""scale"", ""pca__n_components"": 108}",stage3_local_cv,1,0.765625,5.925
stage3_674,stage3_seed_2,"{""model__C"": 2.0, ""model__gamma"": ""scale"", ""pca__n_components"": 108}",108,2.0,scale,"{""model__C"": 2.0, ""model__gamma"": ""scale"", ""pca__n_components"": 108}",stage3_local_cv,2,0.7625,4.798
stage3_674,stage3_seed_2,"{""model__C"": 2.0, ""model__gamma"": ""scale"", ""pca__n_components"": 108}",108,2.0,scale,"{""model__C"": 2.0, ""model__gamma"": ""scale"", ""pca__n_components"": 108}",stage3_local_cv,3,0.76625,6.06
stage3_674,stage3_seed_2,"{""model__C"": 2.0, ""model__gamma"": ""scale"", ""pca__n_components"": 108}",108,2.0,scale,"{""model__C"": 2.0, ""model__gamma"": ""scale"", ""pca__n_components"": 108}",stage3_local_cv,4,0.76,4.997
stage3_675,stage3_seed_2,"{""model__C"": 2.0, ""model__gamma"": 0.005, ""pca__n_components"": 108}",108,2.0,0.005,"{""model__C"": 2.0, ""model__gamma"": 0.005, ""pca__n_components"": 108}",stage3_local_cv,0,0.768125,4.691
stage3_675,stage3_seed_2,"{""model__C"": 2.0, ""model__gamma"": 0.005, ""pca__n_components"": 108}",108,2.0,0.005,"{""model__C"": 2.0, ""model__gamma"": 0.005, ""pca__n_components"": 108}",stage3_local_cv,1,0.7625,4.812
stage3_675,stage3_seed_2,"{""model__C"": 2.0, ""model__gamma"": 0.005, ""pca__n_components"": 108}",108,2.0,0.005,"{""model__C"": 2.0, ""model__gamma"": 0.005, ""pca__n_components"": 108}",stage3_local_cv,2,0.760625,5.963
stage3_675,stage3_seed_2,"{""model__C"": 2.0, ""model__gamma"": 0.005, ""pca__n_components"": 108}",108,2.0,0.005,"{""model__C"": 2.0, ""model__gamma"": 0.005, ""pca__n_components"": 108}",stage3_local_cv,3,0.765625,4.77
stage3_675,stage3_seed_2,"{""model__C"": 2.0, ""model__gamma"": 0.005, ""pca__n_components"": 108}",108,2.0,0.005,"{""model__C"": 2.0, ""model__gamma"": 0.005, ""pca__n_components"": 108}",stage3_local_cv,4,0.758125,5.754
stage3_676,stage3_seed_2,"{""model__C"": 2.0, ""model__gamma"": 0.01, ""pca__n_components"": 108}",108,2.0,0.01,"{""model__C"": 2.0, ""model__gamma"": 0.01, ""pca__n_components"": 108}",stage3_local_cv,0,0.80875,6.53
stage3_676,stage3_seed_2,"{""model__C"": 2.0, ""model__gamma"": 0.01, ""pca__n_components"": 108}",108,2.0,0.01,"{""model__C"": 2.0, ""model__gamma"": 0.01, ""pca__n_components"": 108}",stage3_local_cv,1,0.80125,6.337
stage3_676,stage3_seed_2,"{""model__C"": 2.0, ""model__gamma"": 0.01, ""pca__n_components"": 108}",108,2.0,0.01,"{""model__C"": 2.0, ""model__gamma"": 0.01, ""pca__n_components"": 108}",stage3_local_cv,2,0.8,5.455
stage3_676,stage3_seed_2,"{""model__C"": 2.0, ""model__gamma"": 0.01, ""pca__n_components"": 108}",108,2.0,0.01,"{""model__C"": 2.0, ""model__gamma"": 0.01, ""pca__n_components"": 108}",stage3_local_cv,3,0.804375,6.632
stage3_676,stage3_seed_2,"{""model__C"": 2.0, ""model__gamma"": 0.01, ""pca__n_components"": 108}",108,2.0,0.01,"{""model__C"": 2.0, ""model__gamma"": 0.01, ""pca__n_components"": 108}",stage3_local_cv,4,0.80625,5.248
stage3_677,stage3_seed_2,"{""model__C"": 2.0, ""model__gamma"": 0.02, ""pca__n_components"": 108}",108,2.0,0.02,"{""model__C"": 2.0, ""model__gamma"": 0.02, ""pca__n_components"": 108}",stage3_local_cv,0,0.806875,5.272
stage3_677,stage3_seed_2,"{""model__C"": 2.0, ""model__gamma"": 0.02, ""pca__n_components"": 108}",108,2.0,0.02,"{""model__C"": 2.0, ""model__gamma"": 0.02, ""pca__n_components"": 108}",stage3_local_cv,1,0.80625,5.947
stage3_677,stage3_seed_2,"{""model__C"": 2.0, ""model__gamma"": 0.02, ""pca__n_components"": 108}",108,2.0,0.02,"{""model__C"": 2.0, ""model__gamma"": 0.02, ""pca__n_components"": 108}",stage3_local_cv,2,0.796875,6.019
stage3_677,stage3_seed_2,"{""model__C"": 2.0, ""model__gamma"": 0.02, ""pca__n_components"": 108}",108,2.0,0.02,"{""model__C"": 2.0, ""model__gamma"": 0.02, ""pca__n_components"": 108}",stage3_local_cv,3,0.801875,5.469
stage3_677,stage3_seed_2,"{""model__C"": 2.0, ""model__gamma"": 0.02, ""pca__n_components"": 108}",108,2.0,0.02,"{""model__C"": 2.0, ""model__gamma"": 0.02, ""pca__n_components"": 108}",stage3_local_cv,4,0.795625,6.605
stage3_678,stage3_seed_2,"{""model__C"": 2.0, ""model__gamma"": 0.03, ""pca__n_components"": 108}",108,2.0,0.03,"{""model__C"": 2.0, ""model__gamma"": 0.03, ""pca__n_components"": 108}",stage3_local_cv,0,0.7825,6.448
stage3_678,stage3_seed_2,"{""model__C"": 2.0, ""model__gamma"": 0.03, ""pca__n_components"": 108}",108,2.0,0.03,"{""model__C"": 2.0, ""model__gamma"": 0.03, ""pca__n_components"": 108}",stage3_local_cv,1,0.785,5.508
stage3_678,stage3_seed_2,"{""model__C"": 2.0, ""model__gamma"": 0.03, ""pca__n_components"": 108}",108,2.0,0.03,"{""model__C"": 2.0, ""model__gamma"": 0.03, ""pca__n_components"": 108}",stage3_local_cv,2,0.76375,6.073
stage3_678,stage3_seed_2,"{""model__C"": 2.0, ""model__gamma"": 0.03, ""pca__n_components"": 108}",108,2.0,0.03,"{""model__C"": 2.0, ""model__gamma"": 0.03, ""pca__n_components"": 108}",stage3_local_cv,3,0.781875,7.028
stage3_678,stage3_seed_2,"{""model__C"": 2.0, ""model__gamma"": 0.03, ""pca__n_components"": 108}",108,2.0,0.03,"{""model__C"": 2.0, ""model__gamma"": 0.03, ""pca__n_components"": 108}",stage3_local_cv,4,0.76625,5.326
stage3_679,stage3_seed_2,"{""model__C"": 2.0, ""model__gamma"": 0.04, ""pca__n_components"": 108}",108,2.0,0.04,"{""model__C"": 2.0, ""model__gamma"": 0.04, ""pca__n_components"": 108}",stage3_local_cv,0,0.759375,5.45
stage3_679,stage3_seed_2,"{""model__C"": 2.0, ""model__gamma"": 0.04, ""pca__n_components"": 108}",108,2.0,0.04,"{""model__C"": 2.0, ""model__gamma"": 0.04, ""pca__n_components"": 108}",stage3_local_cv,1,0.765625,6.53
stage3_679,stage3_seed_2,"{""model__C"": 2.0, ""model__gamma"": 0.04, ""pca__n_components"": 108}",108,2.0,0.04,"{""model__C"": 2.0, ""model__gamma"": 0.04, ""pca__n_components"": 108}",stage3_local_cv,2,0.743125,5.308
stage3_679,stage3_seed_2,"{""model__C"": 2.0, ""model__gamma"": 0.04, ""pca__n_components"": 108}",108,2.0,0.04,"{""model__C"": 2.0, ""model__gamma"": 0.04, ""pca__n_components"": 108}",stage3_local_cv,3,0.76875,5.402
stage3_679,stage3_seed_2,"{""model__C"": 2.0, ""model__gamma"": 0.04, ""pca__n_components"": 108}",108,2.0,0.04,"{""model__C"": 2.0, ""model__gamma"": 0.04, ""pca__n_components"": 108}",stage3_local_cv,4,0.753125,6.84
stage3_680,stage3_seed_2,"{""model__C"": 2.0, ""model__gamma"": 0.08, ""pca__n_components"": 108}",108,2.0,0.08,"{""model__C"": 2.0, ""model__gamma"": 0.08, ""pca__n_components"": 108}",stage3_local_cv,0,0.55125,6.656
stage3_680,stage3_seed_2,"{""model__C"": 2.0, ""model__gamma"": 0.08, ""pca__n_components"": 108}",108,2.0,0.08,"{""model__C"": 2.0, ""model__gamma"": 0.08, ""pca__n_components"": 108}",stage3_local_cv,1,0.565625,5.324
stage3_680,stage3_seed_2,"{""model__C"": 2.0, ""model__gamma"": 0.08, ""pca__n_components"": 108}",108,2.0,0.08,"{""model__C"": 2.0, ""model__gamma"": 0.08, ""pca__n_components"": 108}",stage3_local_cv,2,0.63375,6.531
stage3_680,stage3_seed_2,"{""model__C"": 2.0, ""model__gamma"": 0.08, ""pca__n_components"": 108}",108,2.0,0.08,"{""model__C"": 2.0, ""model__gamma"": 0.08, ""pca__n_components"": 108}",stage3_local_cv,3,0.6575,6.059
stage3_680,stage3_seed_2,"{""model__C"": 2.0, ""model__gamma"": 0.08, ""pca__n_components"": 108}",108,2.0,0.08,"{""model__C"": 2.0, ""model__gamma"": 0.08, ""pca__n_components"": 108}",stage3_local_cv,4,0.59375,5.301
stage3_681,stage3_seed_2,"{""model__C"": 3.0, ""model__gamma"": ""scale"", ""pca__n_components"": 108}",108,3.0,scale,"{""model__C"": 3.0, ""model__gamma"": ""scale"", ""pca__n_components"": 108}",stage3_local_cv,0,0.784375,4.826
stage3_681,stage3_seed_2,"{""model__C"": 3.0, ""model__gamma"": ""scale"", ""pca__n_components"": 108}",108,3.0,scale,"{""model__C"": 3.0, ""model__gamma"": ""scale"", ""pca__n_components"": 108}",stage3_local_cv,1,0.7775,6.264
stage3_681,stage3_seed_2,"{""model__C"": 3.0, ""model__gamma"": ""scale"", ""pca__n_components"": 108}",108,3.0,scale,"{""model__C"": 3.0, ""model__gamma"": ""scale"", ""pca__n_components"": 108}",stage3_local_cv,2,0.77375,4.974
stage3_681,stage3_seed_2,"{""model__C"": 3.0, ""model__gamma"": ""scale"", ""pca__n_components"": 108}",108,3.0,scale,"{""model__C"": 3.0, ""model__gamma"": ""scale"", ""pca__n_components"": 108}",stage3_local_cv,3,0.7825,5.544
stage3_681,stage3_seed_2,"{""model__C"": 3.0, ""model__gamma"": ""scale"", ""pca__n_components"": 108}",108,3.0,scale,"{""model__C"": 3.0, ""model__gamma"": ""scale"", ""pca__n_components"": 108}",stage3_local_cv,4,0.776875,6.108
stage3_682,stage3_seed_2,"{""model__C"": 3.0, ""model__gamma"": 0.005, ""pca__n_components"": 108}",108,3.0,0.005,"{""model__C"": 3.0, ""model__gamma"": 0.005, ""pca__n_components"": 108}",stage3_local_cv,0,0.780625,5.433
stage3_682,stage3_seed_2,"{""model__C"": 3.0, ""model__gamma"": 0.005, ""pca__n_components"": 108}",108,3.0,0.005,"{""model__C"": 3.0, ""model__gamma"": 0.005, ""pca__n_components"": 108}",stage3_local_cv,1,0.775625,4.933
stage3_682,stage3_seed_2,"{""model__C"": 3.0, ""model__gamma"": 0.005, ""pca__n_components"": 108}",108,3.0,0.005,"{""model__C"": 3.0, ""model__gamma"": 0.005, ""pca__n_components"": 108}",stage3_local_cv,2,0.771875,5.89
stage3_682,stage3_seed_2,"{""model__C"": 3.0, ""model__gamma"": 0.005, ""pca__n_components"": 108}",108,3.0,0.005,"{""model__C"": 3.0, ""model__gamma"": 0.005, ""pca__n_components"": 108}",stage3_local_cv,3,0.78125,4.917
stage3_682,stage3_seed_2,"{""model__C"": 3.0, ""model__gamma"": 0.005, ""pca__n_components"": 108}",108,3.0,0.005,"{""model__C"": 3.0, ""model__gamma"": 0.005, ""pca__n_components"": 108}",stage3_local_cv,4,0.775,5.268
stage3_683,stage3_seed_2,"{""model__C"": 3.0, ""model__gamma"": 0.01, ""pca__n_components"": 108}",108,3.0,0.01,"{""model__C"": 3.0, ""model__gamma"": 0.01, ""pca__n_components"": 108}",stage3_local_cv,0,0.811875,6.22
stage3_683,stage3_seed_2,"{""model__C"": 3.0, ""model__gamma"": 0.01, ""pca__n_components"": 108}",108,3.0,0.01,"{""model__C"": 3.0, ""model__gamma"": 0.01, ""pca__n_components"": 108}",stage3_local_cv,1,0.810625,7.329
stage3_683,stage3_seed_2,"{""model__C"": 3.0, ""model__gamma"": 0.01, ""pca__n_components"": 108}",108,3.0,0.01,"{""model__C"": 3.0, ""model__gamma"": 0.01, ""pca__n_components"": 108}",stage3_local_cv,2,0.80625,5.416
stage3_683,stage3_seed_2,"{""model__C"": 3.0, ""model__gamma"": 0.01, ""pca__n_components"": 108}",108,3.0,0.01,"{""model__C"": 3.0, ""model__gamma"": 0.01, ""pca__n_components"": 108}",stage3_local_cv,3,0.810625,6.825
stage3_683,stage3_seed_2,"{""model__C"": 3.0, ""model__gamma"": 0.01, ""pca__n_components"": 108}",108,3.0,0.01,"{""model__C"": 3.0, ""model__gamma"": 0.01, ""pca__n_components"": 108}",stage3_local_cv,4,0.810625,5.438
stage3_684,stage3_seed_2,"{""model__C"": 3.0, ""model__gamma"": 0.02, ""pca__n_components"": 108}",108,3.0,0.02,"{""model__C"": 3.0, ""model__gamma"": 0.02, ""pca__n_components"": 108}",stage3_local_cv,0,0.805,5.266
stage3_684,stage3_seed_2,"{""model__C"": 3.0, ""model__gamma"": 0.02, ""pca__n_components"": 108}",108,3.0,0.02,"{""model__C"": 3.0, ""model__gamma"": 0.02, ""pca__n_components"": 108}",stage3_local_cv,1,0.80875,5.449
stage3_684,stage3_seed_2,"{""model__C"": 3.0, ""model__gamma"": 0.02, ""pca__n_components"": 108}",108,3.0,0.02,"{""model__C"": 3.0, ""model__gamma"": 0.02, ""pca__n_components"": 108}",stage3_local_cv,2,0.795625,6.802
stage3_684,stage3_seed_2,"{""model__C"": 3.0, ""model__gamma"": 0.02, ""pca__n_components"": 108}",108,3.0,0.02,"{""model__C"": 3.0, ""model__gamma"": 0.02, ""pca__n_components"": 108}",stage3_local_cv,3,0.80125,5.311
stage3_684,stage3_seed_2,"{""model__C"": 3.0, ""model__gamma"": 0.02, ""pca__n_components"": 108}",108,3.0,0.02,"{""model__C"": 3.0, ""model__gamma"": 0.02, ""pca__n_components"": 108}",stage3_local_cv,4,0.796875,6.748
stage3_685,stage3_seed_2,"{""model__C"": 3.0, ""model__gamma"": 0.03, ""pca__n_components"": 108}",108,3.0,0.03,"{""model__C"": 3.0, ""model__gamma"": 0.03, ""pca__n_components"": 108}",stage3_local_cv,0,0.78125,6.523
stage3_685,stage3_seed_2,"{""model__C"": 3.0, ""model__gamma"": 0.03, ""pca__n_components"": 108}",108,3.0,0.03,"{""model__C"": 3.0, ""model__gamma"": 0.03, ""pca__n_components"": 108}",stage3_local_cv,1,0.78375,7.291
stage3_685,stage3_seed_2,"{""model__C"": 3.0, ""model__gamma"": 0.03, ""pca__n_components"": 108}",108,3.0,0.03,"{""model__C"": 3.0, ""model__gamma"": 0.03, ""pca__n_components"": 108}",stage3_local_cv,2,0.76625,5.271
stage3_685,stage3_seed_2,"{""model__C"": 3.0, ""model__gamma"": 0.03, ""pca__n_components"": 108}",108,3.0,0.03,"{""model__C"": 3.0, ""model__gamma"": 0.03, ""pca__n_components"": 108}",stage3_local_cv,3,0.779375,6.607
stage3_685,stage3_seed_2,"{""model__C"": 3.0, ""model__gamma"": 0.03, ""pca__n_components"": 108}",108,3.0,0.03,"{""model__C"": 3.0, ""model__gamma"": 0.03, ""pca__n_components"": 108}",stage3_local_cv,4,0.76875,5.419
stage3_686,stage3_seed_2,"{""model__C"": 3.0, ""model__gamma"": 0.04, ""pca__n_components"": 108}",108,3.0,0.04,"{""model__C"": 3.0, ""model__gamma"": 0.04, ""pca__n_components"": 108}",stage3_local_cv,0,0.760625,5.225
stage3_686,stage3_seed_2,"{""model__C"": 3.0, ""model__gamma"": 0.04, ""pca__n_components"": 108}",108,3.0,0.04,"{""model__C"": 3.0, ""model__gamma"": 0.04, ""pca__n_components"": 108}",stage3_local_cv,1,0.7675,5.369
stage3_686,stage3_seed_2,"{""model__C"": 3.0, ""model__gamma"": 0.04, ""pca__n_components"": 108}",108,3.0,0.04,"{""model__C"": 3.0, ""model__gamma"": 0.04, ""pca__n_components"": 108}",stage3_local_cv,2,0.7425,6.203
stage3_686,stage3_seed_2,"{""model__C"": 3.0, ""model__gamma"": 0.04, ""pca__n_components"": 108}",108,3.0,0.04,"{""model__C"": 3.0, ""model__gamma"": 0.04, ""pca__n_components"": 108}",stage3_local_cv,3,0.76625,5.351
stage3_686,stage3_seed_2,"{""model__C"": 3.0, ""model__gamma"": 0.04, ""pca__n_components"": 108}",108,3.0,0.04,"{""model__C"": 3.0, ""model__gamma"": 0.04, ""pca__n_components"": 108}",stage3_local_cv,4,0.7525,6.666
stage3_687,stage3_seed_2,"{""model__C"": 3.0, ""model__gamma"": 0.08, ""pca__n_components"": 108}",108,3.0,0.08,"{""model__C"": 3.0, ""model__gamma"": 0.08, ""pca__n_components"": 108}",stage3_local_cv,0,0.55125,6.642
stage3_687,stage3_seed_2,"{""model__C"": 3.0, ""model__gamma"": 0.08, ""pca__n_components"": 108}",108,3.0,0.08,"{""model__C"": 3.0, ""model__gamma"": 0.08, ""pca__n_components"": 108}",stage3_local_cv,1,0.558125,6.334
stage3_687,stage3_seed_2,"{""model__C"": 3.0, ""model__gamma"": 0.08, ""pca__n_components"": 108}",108,3.0,0.08,"{""model__C"": 3.0, ""model__gamma"": 0.08, ""pca__n_components"": 108}",stage3_local_cv,2,0.6275,5.693
stage3_687,stage3_seed_2,"{""model__C"": 3.0, ""model__gamma"": 0.08, ""pca__n_components"": 108}",108,3.0,0.08,"{""model__C"": 3.0, ""model__gamma"": 0.08, ""pca__n_components"": 108}",stage3_local_cv,3,0.655,6.868
stage3_687,stage3_seed_2,"{""model__C"": 3.0, ""model__gamma"": 0.08, ""pca__n_components"": 108}",108,3.0,0.08,"{""model__C"": 3.0, ""model__gamma"": 0.08, ""pca__n_components"": 108}",stage3_local_cv,4,0.591875,5.219
stage3_688,stage3_seed_2,"{""model__C"": 4.0, ""model__gamma"": 0.03, ""pca__n_components"": 108}",108,4.0,0.03,"{""model__C"": 4.0, ""model__gamma"": 0.03, ""pca__n_components"": 108}",stage3_local_cv,0,0.7825,5.271
stage3_688,stage3_seed_2,"{""model__C"": 4.0, ""model__gamma"": 0.03, ""pca__n_components"": 108}",108,4.0,0.03,"{""model__C"": 4.0, ""model__gamma"": 0.03, ""pca__n_components"": 108}",stage3_local_cv,1,0.7825,5.944
stage3_688,stage3_seed_2,"{""model__C"": 4.0, ""model__gamma"": 0.03, ""pca__n_components"": 108}",108,4.0,0.03,"{""model__C"": 4.0, ""model__gamma"": 0.03, ""pca__n_components"": 108}",stage3_local_cv,2,0.7675,5.298
stage3_688,stage3_seed_2,"{""model__C"": 4.0, ""model__gamma"": 0.03, ""pca__n_components"": 108}",108,4.0,0.03,"{""model__C"": 4.0, ""model__gamma"": 0.03, ""pca__n_components"": 108}",stage3_local_cv,3,0.778125,5.368
stage3_688,stage3_seed_2,"{""model__C"": 4.0, ""model__gamma"": 0.03, ""pca__n_components"": 108}",108,4.0,0.03,"{""model__C"": 4.0, ""model__gamma"": 0.03, ""pca__n_components"": 108}",stage3_local_cv,4,0.77,6.75
stage3_689,stage3_seed_2,"{""model__C"": 4.0, ""model__gamma"": 0.04, ""pca__n_components"": 108}",108,4.0,0.04,"{""model__C"": 4.0, ""model__gamma"": 0.04, ""pca__n_components"": 108}",stage3_local_cv,0,0.761875,6.929
stage3_689,stage3_seed_2,"{""model__C"": 4.0, ""model__gamma"": 0.04, ""pca__n_components"": 108}",108,4.0,0.04,"{""model__C"": 4.0, ""model__gamma"": 0.04, ""pca__n_components"": 108}",stage3_local_cv,1,0.768125,5.346
stage3_689,stage3_seed_2,"{""model__C"": 4.0, ""model__gamma"": 0.04, ""pca__n_components"": 108}",108,4.0,0.04,"{""model__C"": 4.0, ""model__gamma"": 0.04, ""pca__n_components"": 108}",stage3_local_cv,2,0.74375,6.618
stage3_689,stage3_seed_2,"{""model__C"": 4.0, ""model__gamma"": 0.04, ""pca__n_components"": 108}",108,4.0,0.04,"{""model__C"": 4.0, ""model__gamma"": 0.04, ""pca__n_components"": 108}",stage3_local_cv,3,0.765,6.419
stage3_689,stage3_seed_2,"{""model__C"": 4.0, ""model__gamma"": 0.04, ""pca__n_components"": 108}",108,4.0,0.04,"{""model__C"": 4.0, ""model__gamma"": 0.04, ""pca__n_components"": 108}",stage3_local_cv,4,0.753125,5.392
stage3_690,stage3_seed_2,"{""model__C"": 4.0, ""model__gamma"": 0.08, ""pca__n_components"": 108}",108,4.0,0.08,"{""model__C"": 4.0, ""model__gamma"": 0.08, ""pca__n_components"": 108}",stage3_local_cv,0,0.54875,5.245
stage3_690,stage3_seed_2,"{""model__C"": 4.0, ""model__gamma"": 0.08, ""pca__n_components"": 108}",108,4.0,0.08,"{""model__C"": 4.0, ""model__gamma"": 0.08, ""pca__n_components"": 108}",stage3_local_cv,1,0.5575,6.935
stage3_690,stage3_seed_2,"{""model__C"": 4.0, ""model__gamma"": 0.08, ""pca__n_components"": 108}",108,4.0,0.08,"{""model__C"": 4.0, ""model__gamma"": 0.08, ""pca__n_components"": 108}",stage3_local_cv,2,0.620625,5.252
stage3_690,stage3_seed_2,"{""model__C"": 4.0, ""model__gamma"": 0.08, ""pca__n_components"": 108}",108,4.0,0.08,"{""model__C"": 4.0, ""model__gamma"": 0.08, ""pca__n_components"": 108}",stage3_local_cv,3,0.6375,5.65
stage3_690,stage3_seed_2,"{""model__C"": 4.0, ""model__gamma"": 0.08, ""pca__n_components"": 108}",108,4.0,0.08,"{""model__C"": 4.0, ""model__gamma"": 0.08, ""pca__n_components"": 108}",stage3_local_cv,4,0.584375,6.889
stage3_691,stage3_seed_2,"{""model__C"": 6.0, ""model__gamma"": 0.03, ""pca__n_components"": 108}",108,6.0,0.03,"{""model__C"": 6.0, ""model__gamma"": 0.03, ""pca__n_components"": 108}",stage3_local_cv,0,0.7825,6.174
stage3_691,stage3_seed_2,"{""model__C"": 6.0, ""model__gamma"": 0.03, ""pca__n_components"": 108}",108,6.0,0.03,"{""model__C"": 6.0, ""model__gamma"": 0.03, ""pca__n_components"": 108}",stage3_local_cv,1,0.784375,5.413
stage3_691,stage3_seed_2,"{""model__C"": 6.0, ""model__gamma"": 0.03, ""pca__n_components"": 108}",108,6.0,0.03,"{""model__C"": 6.0, ""model__gamma"": 0.03, ""pca__n_components"": 108}",stage3_local_cv,2,0.765625,6.521
stage3_691,stage3_seed_2,"{""model__C"": 6.0, ""model__gamma"": 0.03, ""pca__n_components"": 108}",108,6.0,0.03,"{""model__C"": 6.0, ""model__gamma"": 0.03, ""pca__n_components"": 108}",stage3_local_cv,3,0.778125,5.444
stage3_691,stage3_seed_2,"{""model__C"": 6.0, ""model__gamma"": 0.03, ""pca__n_components"": 108}",108,6.0,0.03,"{""model__C"": 6.0, ""model__gamma"": 0.03, ""pca__n_components"": 108}",stage3_local_cv,4,0.769375,5.421
stage3_692,stage3_seed_2,"{""model__C"": 6.0, ""model__gamma"": 0.04, ""pca__n_components"": 108}",108,6.0,0.04,"{""model__C"": 6.0, ""model__gamma"": 0.04, ""pca__n_components"": 108}",stage3_local_cv,0,0.7625,5.915
stage3_692,stage3_seed_2,"{""model__C"": 6.0, ""model__gamma"": 0.04, ""pca__n_components"": 108}",108,6.0,0.04,"{""model__C"": 6.0, ""model__gamma"": 0.04, ""pca__n_components"": 108}",stage3_local_cv,1,0.769375,6.739
stage3_692,stage3_seed_2,"{""model__C"": 6.0, ""model__gamma"": 0.04, ""pca__n_components"": 108}",108,6.0,0.04,"{""model__C"": 6.0, ""model__gamma"": 0.04, ""pca__n_components"": 108}",stage3_local_cv,2,0.74125,5.335
stage3_692,stage3_seed_2,"{""model__C"": 6.0, ""model__gamma"": 0.04, ""pca__n_components"": 108}",108,6.0,0.04,"{""model__C"": 6.0, ""model__gamma"": 0.04, ""pca__n_components"": 108}",stage3_local_cv,3,0.7625,6.546
stage3_692,stage3_seed_2,"{""model__C"": 6.0, ""model__gamma"": 0.04, ""pca__n_components"": 108}",108,6.0,0.04,"{""model__C"": 6.0, ""model__gamma"": 0.04, ""pca__n_components"": 108}",stage3_local_cv,4,0.75125,6.259
stage3_693,stage3_seed_2,"{""model__C"": 6.0, ""model__gamma"": 0.08, ""pca__n_components"": 108}",108,6.0,0.08,"{""model__C"": 6.0, ""model__gamma"": 0.08, ""pca__n_components"": 108}",stage3_local_cv,0,0.544375,5.321
stage3_693,stage3_seed_2,"{""model__C"": 6.0, ""model__gamma"": 0.08, ""pca__n_components"": 108}",108,6.0,0.08,"{""model__C"": 6.0, ""model__gamma"": 0.08, ""pca__n_components"": 108}",stage3_local_cv,1,0.5525,5.52
stage3_693,stage3_seed_2,"{""model__C"": 6.0, ""model__gamma"": 0.08, ""pca__n_components"": 108}",108,6.0,0.08,"{""model__C"": 6.0, ""model__gamma"": 0.08, ""pca__n_components"": 108}",stage3_local_cv,2,0.6075,6.61
stage3_693,stage3_seed_2,"{""model__C"": 6.0, ""model__gamma"": 0.08, ""pca__n_components"": 108}",108,6.0,0.08,"{""model__C"": 6.0, ""model__gamma"": 0.08, ""pca__n_components"": 108}",stage3_local_cv,3,0.6125,5.33
stage3_693,stage3_seed_2,"{""model__C"": 6.0, ""model__gamma"": 0.08, ""pca__n_components"": 108}",108,6.0,0.08,"{""model__C"": 6.0, ""model__gamma"": 0.08, ""pca__n_components"": 108}",stage3_local_cv,4,0.571875,5.852
stage3_694,stage3_seed_2,"{""model__C"": 1.0, ""model__gamma"": ""scale"", ""pca__n_components"": 112}",112,1.0,scale,"{""model__C"": 1.0, ""model__gamma"": ""scale"", ""pca__n_components"": 112}",stage3_local_cv,0,0.751875,5.215
stage3_694,stage3_seed_2,"{""model__C"": 1.0, ""model__gamma"": ""scale"", ""pca__n_components"": 112}",112,1.0,scale,"{""model__C"": 1.0, ""model__gamma"": ""scale"", ""pca__n_components"": 112}",stage3_local_cv,1,0.74125,5.209
stage3_694,stage3_seed_2,"{""model__C"": 1.0, ""model__gamma"": ""scale"", ""pca__n_components"": 112}",112,1.0,scale,"{""model__C"": 1.0, ""model__gamma"": ""scale"", ""pca__n_components"": 112}",stage3_local_cv,2,0.7275,4.189
stage3_694,stage3_seed_2,"{""model__C"": 1.0, ""model__gamma"": ""scale"", ""pca__n_components"": 112}",112,1.0,scale,"{""model__C"": 1.0, ""model__gamma"": ""scale"", ""pca__n_components"": 112}",stage3_local_cv,3,0.74625,5.17
stage3_694,stage3_seed_2,"{""model__C"": 1.0, ""model__gamma"": ""scale"", ""pca__n_components"": 112}",112,1.0,scale,"{""model__C"": 1.0, ""model__gamma"": ""scale"", ""pca__n_components"": 112}",stage3_local_cv,4,0.73125,4.209
stage3_695,stage3_seed_2,"{""model__C"": 1.0, ""model__gamma"": 0.005, ""pca__n_components"": 112}",112,1.0,0.005,"{""model__C"": 1.0, ""model__gamma"": 0.005, ""pca__n_components"": 112}",stage3_local_cv,0,0.754375,3.881
stage3_695,stage3_seed_2,"{""model__C"": 1.0, ""model__gamma"": 0.005, ""pca__n_components"": 112}",112,1.0,0.005,"{""model__C"": 1.0, ""model__gamma"": 0.005, ""pca__n_components"": 112}",stage3_local_cv,1,0.73875,4.135
stage3_695,stage3_seed_2,"{""model__C"": 1.0, ""model__gamma"": 0.005, ""pca__n_components"": 112}",112,1.0,0.005,"{""model__C"": 1.0, ""model__gamma"": 0.005, ""pca__n_components"": 112}",stage3_local_cv,2,0.726875,4.138
stage3_695,stage3_seed_2,"{""model__C"": 1.0, ""model__gamma"": 0.005, ""pca__n_components"": 112}",112,1.0,0.005,"{""model__C"": 1.0, ""model__gamma"": 0.005, ""pca__n_components"": 112}",stage3_local_cv,3,0.7475,4.026
stage3_695,stage3_seed_2,"{""model__C"": 1.0, ""model__gamma"": 0.005, ""pca__n_components"": 112}",112,1.0,0.005,"{""model__C"": 1.0, ""model__gamma"": 0.005, ""pca__n_components"": 112}",stage3_local_cv,4,0.7325,5.243
stage3_696,stage3_seed_2,"{""model__C"": 1.0, ""model__gamma"": 0.01, ""pca__n_components"": 112}",112,1.0,0.01,"{""model__C"": 1.0, ""model__gamma"": 0.01, ""pca__n_components"": 112}",stage3_local_cv,0,0.783125,4.383
stage3_696,stage3_seed_2,"{""model__C"": 1.0, ""model__gamma"": 0.01, ""pca__n_components"": 112}",112,1.0,0.01,"{""model__C"": 1.0, ""model__gamma"": 0.01, ""pca__n_components"": 112}",stage3_local_cv,1,0.77875,4.382
stage3_696,stage3_seed_2,"{""model__C"": 1.0, ""model__gamma"": 0.01, ""pca__n_components"": 112}",112,1.0,0.01,"{""model__C"": 1.0, ""model__gamma"": 0.01, ""pca__n_components"": 112}",stage3_local_cv,2,0.7675,5.678
stage3_696,stage3_seed_2,"{""model__C"": 1.0, ""model__gamma"": 0.01, ""pca__n_components"": 112}",112,1.0,0.01,"{""model__C"": 1.0, ""model__gamma"": 0.01, ""pca__n_components"": 112}",stage3_local_cv,3,0.774375,4.455
stage3_696,stage3_seed_2,"{""model__C"": 1.0, ""model__gamma"": 0.01, ""pca__n_components"": 112}",112,1.0,0.01,"{""model__C"": 1.0, ""model__gamma"": 0.01, ""pca__n_components"": 112}",stage3_local_cv,4,0.773125,4.613
stage3_697,stage3_seed_2,"{""model__C"": 1.0, ""model__gamma"": 0.02, ""pca__n_components"": 112}",112,1.0,0.02,"{""model__C"": 1.0, ""model__gamma"": 0.02, ""pca__n_components"": 112}",stage3_local_cv,0,0.79,6.171
stage3_697,stage3_seed_2,"{""model__C"": 1.0, ""model__gamma"": 0.02, ""pca__n_components"": 112}",112,1.0,0.02,"{""model__C"": 1.0, ""model__gamma"": 0.02, ""pca__n_components"": 112}",stage3_local_cv,1,0.785625,6.132
stage3_697,stage3_seed_2,"{""model__C"": 1.0, ""model__gamma"": 0.02, ""pca__n_components"": 112}",112,1.0,0.02,"{""model__C"": 1.0, ""model__gamma"": 0.02, ""pca__n_components"": 112}",stage3_local_cv,2,0.766875,5.104
stage3_697,stage3_seed_2,"{""model__C"": 1.0, ""model__gamma"": 0.02, ""pca__n_components"": 112}",112,1.0,0.02,"{""model__C"": 1.0, ""model__gamma"": 0.02, ""pca__n_components"": 112}",stage3_local_cv,3,0.78,6.237
stage3_697,stage3_seed_2,"{""model__C"": 1.0, ""model__gamma"": 0.02, ""pca__n_components"": 112}",112,1.0,0.02,"{""model__C"": 1.0, ""model__gamma"": 0.02, ""pca__n_components"": 112}",stage3_local_cv,4,0.771875,5.814
stage3_698,stage3_seed_2,"{""model__C"": 1.0, ""model__gamma"": 0.03, ""pca__n_components"": 112}",112,1.0,0.03,"{""model__C"": 1.0, ""model__gamma"": 0.03, ""pca__n_components"": 112}",stage3_local_cv,0,0.77625,4.977
stage3_698,stage3_seed_2,"{""model__C"": 1.0, ""model__gamma"": 0.03, ""pca__n_components"": 112}",112,1.0,0.03,"{""model__C"": 1.0, ""model__gamma"": 0.03, ""pca__n_components"": 112}",stage3_local_cv,1,0.769375,5.003
stage3_698,stage3_seed_2,"{""model__C"": 1.0, ""model__gamma"": 0.03, ""pca__n_components"": 112}",112,1.0,0.03,"{""model__C"": 1.0, ""model__gamma"": 0.03, ""pca__n_components"": 112}",stage3_local_cv,2,0.753125,6.42
stage3_698,stage3_seed_2,"{""model__C"": 1.0, ""model__gamma"": 0.03, ""pca__n_components"": 112}",112,1.0,0.03,"{""model__C"": 1.0, ""model__gamma"": 0.03, ""pca__n_components"": 112}",stage3_local_cv,3,0.77125,5.042
stage3_698,stage3_seed_2,"{""model__C"": 1.0, ""model__gamma"": 0.03, ""pca__n_components"": 112}",112,1.0,0.03,"{""model__C"": 1.0, ""model__gamma"": 0.03, ""pca__n_components"": 112}",stage3_local_cv,4,0.75125,6.002
stage3_699,stage3_seed_2,"{""model__C"": 1.0, ""model__gamma"": 0.04, ""pca__n_components"": 112}",112,1.0,0.04,"{""model__C"": 1.0, ""model__gamma"": 0.04, ""pca__n_components"": 112}",stage3_local_cv,0,0.7525,6.185
stage3_699,stage3_seed_2,"{""model__C"": 1.0, ""model__gamma"": 0.04, ""pca__n_components"": 112}",112,1.0,0.04,"{""model__C"": 1.0, ""model__gamma"": 0.04, ""pca__n_components"": 112}",stage3_local_cv,1,0.7575,6.289
stage3_699,stage3_seed_2,"{""model__C"": 1.0, ""model__gamma"": 0.04, ""pca__n_components"": 112}",112,1.0,0.04,"{""model__C"": 1.0, ""model__gamma"": 0.04, ""pca__n_components"": 112}",stage3_local_cv,2,0.740625,5.227
stage3_699,stage3_seed_2,"{""model__C"": 1.0, ""model__gamma"": 0.04, ""pca__n_components"": 112}",112,1.0,0.04,"{""model__C"": 1.0, ""model__gamma"": 0.04, ""pca__n_components"": 112}",stage3_local_cv,3,0.765,6.254
stage3_699,stage3_seed_2,"{""model__C"": 1.0, ""model__gamma"": 0.04, ""pca__n_components"": 112}",112,1.0,0.04,"{""model__C"": 1.0, ""model__gamma"": 0.04, ""pca__n_components"": 112}",stage3_local_cv,4,0.745,5.185
stage3_700,stage3_seed_2,"{""model__C"": 1.0, ""model__gamma"": 0.08, ""pca__n_components"": 112}",112,1.0,0.08,"{""model__C"": 1.0, ""model__gamma"": 0.08, ""pca__n_components"": 112}",stage3_local_cv,0,0.53625,5.467
stage3_700,stage3_seed_2,"{""model__C"": 1.0, ""model__gamma"": 0.08, ""pca__n_components"": 112}",112,1.0,0.08,"{""model__C"": 1.0, ""model__gamma"": 0.08, ""pca__n_components"": 112}",stage3_local_cv,1,0.545625,5.893
stage3_700,stage3_seed_2,"{""model__C"": 1.0, ""model__gamma"": 0.08, ""pca__n_components"": 112}",112,1.0,0.08,"{""model__C"": 1.0, ""model__gamma"": 0.08, ""pca__n_components"": 112}",stage3_local_cv,2,0.600625,6.973
stage3_700,stage3_seed_2,"{""model__C"": 1.0, ""model__gamma"": 0.08, ""pca__n_components"": 112}",112,1.0,0.08,"{""model__C"": 1.0, ""model__gamma"": 0.08, ""pca__n_components"": 112}",stage3_local_cv,3,0.6,5.391
stage3_700,stage3_seed_2,"{""model__C"": 1.0, ""model__gamma"": 0.08, ""pca__n_components"": 112}",112,1.0,0.08,"{""model__C"": 1.0, ""model__gamma"": 0.08, ""pca__n_components"": 112}",stage3_local_cv,4,0.561875,7.059
stage3_701,stage3_seed_2,"{""model__C"": 1.5, ""model__gamma"": ""scale"", ""pca__n_components"": 112}",112,1.5,scale,"{""model__C"": 1.5, ""model__gamma"": ""scale"", ""pca__n_components"": 112}",stage3_local_cv,0,0.766875,4.143
stage3_701,stage3_seed_2,"{""model__C"": 1.5, ""model__gamma"": ""scale"", ""pca__n_components"": 112}",112,1.5,scale,"{""model__C"": 1.5, ""model__gamma"": ""scale"", ""pca__n_components"": 112}",stage3_local_cv,1,0.751875,4.16
stage3_701,stage3_seed_2,"{""model__C"": 1.5, ""model__gamma"": ""scale"", ""pca__n_components"": 112}",112,1.5,scale,"{""model__C"": 1.5, ""model__gamma"": ""scale"", ""pca__n_components"": 112}",stage3_local_cv,2,0.745625,4.308
stage3_701,stage3_seed_2,"{""model__C"": 1.5, ""model__gamma"": ""scale"", ""pca__n_components"": 112}",112,1.5,scale,"{""model__C"": 1.5, ""model__gamma"": ""scale"", ""pca__n_components"": 112}",stage3_local_cv,3,0.755625,4.51
stage3_701,stage3_seed_2,"{""model__C"": 1.5, ""model__gamma"": ""scale"", ""pca__n_components"": 112}",112,1.5,scale,"{""model__C"": 1.5, ""model__gamma"": ""scale"", ""pca__n_components"": 112}",stage3_local_cv,4,0.75,4.269
stage3_702,stage3_seed_2,"{""model__C"": 1.5, ""model__gamma"": 0.005, ""pca__n_components"": 112}",112,1.5,0.005,"{""model__C"": 1.5, ""model__gamma"": 0.005, ""pca__n_components"": 112}",stage3_local_cv,0,0.764375,5.268
stage3_702,stage3_seed_2,"{""model__C"": 1.5, ""model__gamma"": 0.005, ""pca__n_components"": 112}",112,1.5,0.005,"{""model__C"": 1.5, ""model__gamma"": 0.005, ""pca__n_components"": 112}",stage3_local_cv,1,0.749375,5.371
stage3_702,stage3_seed_2,"{""model__C"": 1.5, ""model__gamma"": 0.005, ""pca__n_components"": 112}",112,1.5,0.005,"{""model__C"": 1.5, ""model__gamma"": 0.005, ""pca__n_components"": 112}",stage3_local_cv,2,0.744375,4.244
stage3_702,stage3_seed_2,"{""model__C"": 1.5, ""model__gamma"": 0.005, ""pca__n_components"": 112}",112,1.5,0.005,"{""model__C"": 1.5, ""model__gamma"": 0.005, ""pca__n_components"": 112}",stage3_local_cv,3,0.755625,5.2
stage3_702,stage3_seed_2,"{""model__C"": 1.5, ""model__gamma"": 0.005, ""pca__n_components"": 112}",112,1.5,0.005,"{""model__C"": 1.5, ""model__gamma"": 0.005, ""pca__n_components"": 112}",stage3_local_cv,4,0.74875,5.544
stage3_703,stage3_seed_2,"{""model__C"": 1.5, ""model__gamma"": 0.01, ""pca__n_components"": 112}",112,1.5,0.01,"{""model__C"": 1.5, ""model__gamma"": 0.01, ""pca__n_components"": 112}",stage3_local_cv,0,0.79875,4.615
stage3_703,stage3_seed_2,"{""model__C"": 1.5, ""model__gamma"": 0.01, ""pca__n_components"": 112}",112,1.5,0.01,"{""model__C"": 1.5, ""model__gamma"": 0.01, ""pca__n_components"": 112}",stage3_local_cv,1,0.794375,4.785
stage3_703,stage3_seed_2,"{""model__C"": 1.5, ""model__gamma"": 0.01, ""pca__n_components"": 112}",112,1.5,0.01,"{""model__C"": 1.5, ""model__gamma"": 0.01, ""pca__n_components"": 112}",stage3_local_cv,2,0.785625,5.987
stage3_703,stage3_seed_2,"{""model__C"": 1.5, ""model__gamma"": 0.01, ""pca__n_components"": 112}",112,1.5,0.01,"{""model__C"": 1.5, ""model__gamma"": 0.01, ""pca__n_components"": 112}",stage3_local_cv,3,0.793125,4.798
stage3_703,stage3_seed_2,"{""model__C"": 1.5, ""model__gamma"": 0.01, ""pca__n_components"": 112}",112,1.5,0.01,"{""model__C"": 1.5, ""model__gamma"": 0.01, ""pca__n_components"": 112}",stage3_local_cv,4,0.7975,4.957
stage3_704,stage3_seed_2,"{""model__C"": 1.5, ""model__gamma"": 0.02, ""pca__n_components"": 112}",112,1.5,0.02,"{""model__C"": 1.5, ""model__gamma"": 0.02, ""pca__n_components"": 112}",stage3_local_cv,0,0.80875,6.136
stage3_704,stage3_seed_2,"{""model__C"": 1.5, ""model__gamma"": 0.02, ""pca__n_components"": 112}",112,1.5,0.02,"{""model__C"": 1.5, ""model__gamma"": 0.02, ""pca__n_components"": 112}",stage3_local_cv,1,0.8025,5.769
stage3_704,stage3_seed_2,"{""model__C"": 1.5, ""model__gamma"": 0.02, ""pca__n_components"": 112}",112,1.5,0.02,"{""model__C"": 1.5, ""model__gamma"": 0.02, ""pca__n_components"": 112}",stage3_local_cv,2,0.7925,4.959
stage3_704,stage3_seed_2,"{""model__C"": 1.5, ""model__gamma"": 0.02, ""pca__n_components"": 112}",112,1.5,0.02,"{""model__C"": 1.5, ""model__gamma"": 0.02, ""pca__n_components"": 112}",stage3_local_cv,3,0.803125,6.336
stage3_704,stage3_seed_2,"{""model__C"": 1.5, ""model__gamma"": 0.02, ""pca__n_components"": 112}",112,1.5,0.02,"{""model__C"": 1.5, ""model__gamma"": 0.02, ""pca__n_components"": 112}",stage3_local_cv,4,0.794375,4.961
stage3_705,stage3_seed_2,"{""model__C"": 1.5, ""model__gamma"": 0.03, ""pca__n_components"": 112}",112,1.5,0.03,"{""model__C"": 1.5, ""model__gamma"": 0.03, ""pca__n_components"": 112}",stage3_local_cv,0,0.7825,4.667
stage3_705,stage3_seed_2,"{""model__C"": 1.5, ""model__gamma"": 0.03, ""pca__n_components"": 112}",112,1.5,0.03,"{""model__C"": 1.5, ""model__gamma"": 0.03, ""pca__n_components"": 112}",stage3_local_cv,1,0.784375,5.32
stage3_705,stage3_seed_2,"{""model__C"": 1.5, ""model__gamma"": 0.03, ""pca__n_components"": 112}",112,1.5,0.03,"{""model__C"": 1.5, ""model__gamma"": 0.03, ""pca__n_components"": 112}",stage3_local_cv,2,0.76375,6.23
stage3_705,stage3_seed_2,"{""model__C"": 1.5, ""model__gamma"": 0.03, ""pca__n_components"": 112}",112,1.5,0.03,"{""model__C"": 1.5, ""model__gamma"": 0.03, ""pca__n_components"": 112}",stage3_local_cv,3,0.781875,4.588
stage3_705,stage3_seed_2,"{""model__C"": 1.5, ""model__gamma"": 0.03, ""pca__n_components"": 112}",112,1.5,0.03,"{""model__C"": 1.5, ""model__gamma"": 0.03, ""pca__n_components"": 112}",stage3_local_cv,4,0.76625,6.249
stage3_706,stage3_seed_2,"{""model__C"": 1.5, ""model__gamma"": 0.04, ""pca__n_components"": 112}",112,1.5,0.04,"{""model__C"": 1.5, ""model__gamma"": 0.04, ""pca__n_components"": 112}",stage3_local_cv,0,0.758125,4.565
stage3_706,stage3_seed_2,"{""model__C"": 1.5, ""model__gamma"": 0.04, ""pca__n_components"": 112}",112,1.5,0.04,"{""model__C"": 1.5, ""model__gamma"": 0.04, ""pca__n_components"": 112}",stage3_local_cv,1,0.7625,4.696
stage3_706,stage3_seed_2,"{""model__C"": 1.5, ""model__gamma"": 0.04, ""pca__n_components"": 112}",112,1.5,0.04,"{""model__C"": 1.5, ""model__gamma"": 0.04, ""pca__n_components"": 112}",stage3_local_cv,2,0.7425,5.026
stage3_706,stage3_seed_2,"{""model__C"": 1.5, ""model__gamma"": 0.04, ""pca__n_components"": 112}",112,1.5,0.04,"{""model__C"": 1.5, ""model__gamma"": 0.04, ""pca__n_components"": 112}",stage3_local_cv,3,0.7675,4.658
stage3_706,stage3_seed_2,"{""model__C"": 1.5, ""model__gamma"": 0.04, ""pca__n_components"": 112}",112,1.5,0.04,"{""model__C"": 1.5, ""model__gamma"": 0.04, ""pca__n_components"": 112}",stage3_local_cv,4,0.750625,4.81
stage3_707,stage3_seed_2,"{""model__C"": 1.5, ""model__gamma"": 0.08, ""pca__n_components"": 112}",112,1.5,0.08,"{""model__C"": 1.5, ""model__gamma"": 0.08, ""pca__n_components"": 112}",stage3_local_cv,0,0.550625,5.886
stage3_707,stage3_seed_2,"{""model__C"": 1.5, ""model__gamma"": 0.08, ""pca__n_components"": 112}",112,1.5,0.08,"{""model__C"": 1.5, ""model__gamma"": 0.08, ""pca__n_components"": 112}",stage3_local_cv,1,0.5625,6.068
stage3_707,stage3_seed_2,"{""model__C"": 1.5, ""model__gamma"": 0.08, ""pca__n_components"": 112}",112,1.5,0.08,"{""model__C"": 1.5, ""model__gamma"": 0.08, ""pca__n_components"": 112}",stage3_local_cv,2,0.62375,4.772
stage3_707,stage3_seed_2,"{""model__C"": 1.5, ""model__gamma"": 0.08, ""pca__n_components"": 112}",112,1.5,0.08,"{""model__C"": 1.5, ""model__gamma"": 0.08, ""pca__n_components"": 112}",stage3_local_cv,3,0.651875,5.983
stage3_707,stage3_seed_2,"{""model__C"": 1.5, ""model__gamma"": 0.08, ""pca__n_components"": 112}",112,1.5,0.08,"{""model__C"": 1.5, ""model__gamma"": 0.08, ""pca__n_components"": 112}",stage3_local_cv,4,0.591875,6.277
stage3_708,stage3_seed_2,"{""model__C"": 2.0, ""model__gamma"": ""scale"", ""pca__n_components"": 112}",112,2.0,scale,"{""model__C"": 2.0, ""model__gamma"": ""scale"", ""pca__n_components"": 112}",stage3_local_cv,0,0.76875,4.146
stage3_708,stage3_seed_2,"{""model__C"": 2.0, ""model__gamma"": ""scale"", ""pca__n_components"": 112}",112,2.0,scale,"{""model__C"": 2.0, ""model__gamma"": ""scale"", ""pca__n_components"": 112}",stage3_local_cv,1,0.76375,4.22
stage3_708,stage3_seed_2,"{""model__C"": 2.0, ""model__gamma"": ""scale"", ""pca__n_components"": 112}",112,2.0,scale,"{""model__C"": 2.0, ""model__gamma"": ""scale"", ""pca__n_components"": 112}",stage3_local_cv,2,0.758125,5.478
stage3_708,stage3_seed_2,"{""model__C"": 2.0, ""model__gamma"": ""scale"", ""pca__n_components"": 112}",112,2.0,scale,"{""model__C"": 2.0, ""model__gamma"": ""scale"", ""pca__n_components"": 112}",stage3_local_cv,3,0.773125,4.289
stage3_708,stage3_seed_2,"{""model__C"": 2.0, ""model__gamma"": ""scale"", ""pca__n_components"": 112}",112,2.0,scale,"{""model__C"": 2.0, ""model__gamma"": ""scale"", ""pca__n_components"": 112}",stage3_local_cv,4,0.758125,4.42
stage3_709,stage3_seed_2,"{""model__C"": 2.0, ""model__gamma"": 0.005, ""pca__n_components"": 112}",112,2.0,0.005,"{""model__C"": 2.0, ""model__gamma"": 0.005, ""pca__n_components"": 112}",stage3_local_cv,0,0.768125,4.127
stage3_709,stage3_seed_2,"{""model__C"": 2.0, ""model__gamma"": 0.005, ""pca__n_components"": 112}",112,2.0,0.005,"{""model__C"": 2.0, ""model__gamma"": 0.005, ""pca__n_components"": 112}",stage3_local_cv,1,0.76125,4.204
stage3_709,stage3_seed_2,"{""model__C"": 2.0, ""model__gamma"": 0.005, ""pca__n_components"": 112}",112,2.0,0.005,"{""model__C"": 2.0, ""model__gamma"": 0.005, ""pca__n_components"": 112}",stage3_local_cv,2,0.758125,4.398
stage3_709,stage3_seed_2,"{""model__C"": 2.0, ""model__gamma"": 0.005, ""pca__n_components"": 112}",112,2.0,0.005,"{""model__C"": 2.0, ""model__gamma"": 0.005, ""pca__n_components"": 112}",stage3_local_cv,3,0.770625,5.496
stage3_709,stage3_seed_2,"{""model__C"": 2.0, ""model__gamma"": 0.005, ""pca__n_components"": 112}",112,2.0,0.005,"{""model__C"": 2.0, ""model__gamma"": 0.005, ""pca__n_components"": 112}",stage3_local_cv,4,0.75625,4.424
stage3_710,stage3_seed_2,"{""model__C"": 2.0, ""model__gamma"": 0.01, ""pca__n_components"": 112}",112,2.0,0.01,"{""model__C"": 2.0, ""model__gamma"": 0.01, ""pca__n_components"": 112}",stage3_local_cv,0,0.806875,6.02
stage3_710,stage3_seed_2,"{""model__C"": 2.0, ""model__gamma"": 0.01, ""pca__n_components"": 112}",112,2.0,0.01,"{""model__C"": 2.0, ""model__gamma"": 0.01, ""pca__n_components"": 112}",stage3_local_cv,1,0.801875,6.052
stage3_710,stage3_seed_2,"{""model__C"": 2.0, ""model__gamma"": 0.01, ""pca__n_components"": 112}",112,2.0,0.01,"{""model__C"": 2.0, ""model__gamma"": 0.01, ""pca__n_components"": 112}",stage3_local_cv,2,0.796875,6.126
stage3_710,stage3_seed_2,"{""model__C"": 2.0, ""model__gamma"": 0.01, ""pca__n_components"": 112}",112,2.0,0.01,"{""model__C"": 2.0, ""model__gamma"": 0.01, ""pca__n_components"": 112}",stage3_local_cv,3,0.80375,5.207
stage3_710,stage3_seed_2,"{""model__C"": 2.0, ""model__gamma"": 0.01, ""pca__n_components"": 112}",112,2.0,0.01,"{""model__C"": 2.0, ""model__gamma"": 0.01, ""pca__n_components"": 112}",stage3_local_cv,4,0.806875,6.308
stage3_711,stage3_seed_2,"{""model__C"": 2.0, ""model__gamma"": 0.02, ""pca__n_components"": 112}",112,2.0,0.02,"{""model__C"": 2.0, ""model__gamma"": 0.02, ""pca__n_components"": 112}",stage3_local_cv,0,0.80625,4.53
stage3_711,stage3_seed_2,"{""model__C"": 2.0, ""model__gamma"": 0.02, ""pca__n_components"": 112}",112,2.0,0.02,"{""model__C"": 2.0, ""model__gamma"": 0.02, ""pca__n_components"": 112}",stage3_local_cv,1,0.805,4.649
stage3_711,stage3_seed_2,"{""model__C"": 2.0, ""model__gamma"": 0.02, ""pca__n_components"": 112}",112,2.0,0.02,"{""model__C"": 2.0, ""model__gamma"": 0.02, ""pca__n_components"": 112}",stage3_local_cv,2,0.796875,5.178
stage3_711,stage3_seed_2,"{""model__C"": 2.0, ""model__gamma"": 0.02, ""pca__n_components"": 112}",112,2.0,0.02,"{""model__C"": 2.0, ""model__gamma"": 0.02, ""pca__n_components"": 112}",stage3_local_cv,3,0.80375,4.684
stage3_711,stage3_seed_2,"{""model__C"": 2.0, ""model__gamma"": 0.02, ""pca__n_components"": 112}",112,2.0,0.02,"{""model__C"": 2.0, ""model__gamma"": 0.02, ""pca__n_components"": 112}",stage3_local_cv,4,0.796875,4.995
stage3_712,stage3_seed_2,"{""model__C"": 2.0, ""model__gamma"": 0.03, ""pca__n_components"": 112}",112,2.0,0.03,"{""model__C"": 2.0, ""model__gamma"": 0.03, ""pca__n_components"": 112}",stage3_local_cv,0,0.780625,6.139
stage3_712,stage3_seed_2,"{""model__C"": 2.0, ""model__gamma"": 0.03, ""pca__n_components"": 112}",112,2.0,0.03,"{""model__C"": 2.0, ""model__gamma"": 0.03, ""pca__n_components"": 112}",stage3_local_cv,1,0.785,6.194
stage3_712,stage3_seed_2,"{""model__C"": 2.0, ""model__gamma"": 0.03, ""pca__n_components"": 112}",112,2.0,0.03,"{""model__C"": 2.0, ""model__gamma"": 0.03, ""pca__n_components"": 112}",stage3_local_cv,2,0.765,4.799
stage3_712,stage3_seed_2,"{""model__C"": 2.0, ""model__gamma"": 0.03, ""pca__n_components"": 112}",112,2.0,0.03,"{""model__C"": 2.0, ""model__gamma"": 0.03, ""pca__n_components"": 112}",stage3_local_cv,3,0.781875,5.932
stage3_712,stage3_seed_2,"{""model__C"": 2.0, ""model__gamma"": 0.03, ""pca__n_components"": 112}",112,2.0,0.03,"{""model__C"": 2.0, ""model__gamma"": 0.03, ""pca__n_components"": 112}",stage3_local_cv,4,0.76875,6.323
stage3_713,stage3_seed_2,"{""model__C"": 2.0, ""model__gamma"": 0.04, ""pca__n_components"": 112}",112,2.0,0.04,"{""model__C"": 2.0, ""model__gamma"": 0.04, ""pca__n_components"": 112}",stage3_local_cv,0,0.75875,4.582
stage3_713,stage3_seed_2,"{""model__C"": 2.0, ""model__gamma"": 0.04, ""pca__n_components"": 112}",112,2.0,0.04,"{""model__C"": 2.0, ""model__gamma"": 0.04, ""pca__n_components"": 112}",stage3_local_cv,1,0.76375,4.7
stage3_713,stage3_seed_2,"{""model__C"": 2.0, ""model__gamma"": 0.04, ""pca__n_components"": 112}",112,2.0,0.04,"{""model__C"": 2.0, ""model__gamma"": 0.04, ""pca__n_components"": 112}",stage3_local_cv,2,0.7425,6.102
stage3_713,stage3_seed_2,"{""model__C"": 2.0, ""model__gamma"": 0.04, ""pca__n_components"": 112}",112,2.0,0.04,"{""model__C"": 2.0, ""model__gamma"": 0.04, ""pca__n_components"": 112}",stage3_local_cv,3,0.7675,4.666
stage3_713,stage3_seed_2,"{""model__C"": 2.0, ""model__gamma"": 0.04, ""pca__n_components"": 112}",112,2.0,0.04,"{""model__C"": 2.0, ""model__gamma"": 0.04, ""pca__n_components"": 112}",stage3_local_cv,4,0.75375,4.943
stage3_714,stage3_seed_2,"{""model__C"": 2.0, ""model__gamma"": 0.08, ""pca__n_components"": 112}",112,2.0,0.08,"{""model__C"": 2.0, ""model__gamma"": 0.08, ""pca__n_components"": 112}",stage3_local_cv,0,0.54875,4.514
stage3_714,stage3_seed_2,"{""model__C"": 2.0, ""model__gamma"": 0.08, ""pca__n_components"": 112}",112,2.0,0.08,"{""model__C"": 2.0, ""model__gamma"": 0.08, ""pca__n_components"": 112}",stage3_local_cv,1,0.56125,4.633
stage3_714,stage3_seed_2,"{""model__C"": 2.0, ""model__gamma"": 0.08, ""pca__n_components"": 112}",112,2.0,0.08,"{""model__C"": 2.0, ""model__gamma"": 0.08, ""pca__n_components"": 112}",stage3_local_cv,2,0.6225,4.793
stage3_714,stage3_seed_2,"{""model__C"": 2.0, ""model__gamma"": 0.08, ""pca__n_components"": 112}",112,2.0,0.08,"{""model__C"": 2.0, ""model__gamma"": 0.08, ""pca__n_components"": 112}",stage3_local_cv,3,0.655625,5.634
stage3_714,stage3_seed_2,"{""model__C"": 2.0, ""model__gamma"": 0.08, ""pca__n_components"": 112}",112,2.0,0.08,"{""model__C"": 2.0, ""model__gamma"": 0.08, ""pca__n_components"": 112}",stage3_local_cv,4,0.591875,5.701
stage3_715,stage3_seed_2,"{""model__C"": 3.0, ""model__gamma"": ""scale"", ""pca__n_components"": 112}",112,3.0,scale,"{""model__C"": 3.0, ""model__gamma"": ""scale"", ""pca__n_components"": 112}",stage3_local_cv,0,0.785625,5.421
stage3_715,stage3_seed_2,"{""model__C"": 3.0, ""model__gamma"": ""scale"", ""pca__n_components"": 112}",112,3.0,scale,"{""model__C"": 3.0, ""model__gamma"": ""scale"", ""pca__n_components"": 112}",stage3_local_cv,1,0.77875,5.676
stage3_715,stage3_seed_2,"{""model__C"": 3.0, ""model__gamma"": ""scale"", ""pca__n_components"": 112}",112,3.0,scale,"{""model__C"": 3.0, ""model__gamma"": ""scale"", ""pca__n_components"": 112}",stage3_local_cv,2,0.775625,5.815
stage3_715,stage3_seed_2,"{""model__C"": 3.0, ""model__gamma"": ""scale"", ""pca__n_components"": 112}",112,3.0,scale,"{""model__C"": 3.0, ""model__gamma"": ""scale"", ""pca__n_components"": 112}",stage3_local_cv,3,0.785,4.748
stage3_715,stage3_seed_2,"{""model__C"": 3.0, ""model__gamma"": ""scale"", ""pca__n_components"": 112}",112,3.0,scale,"{""model__C"": 3.0, ""model__gamma"": ""scale"", ""pca__n_components"": 112}",stage3_local_cv,4,0.77375,5.268
stage3_716,stage3_seed_2,"{""model__C"": 3.0, ""model__gamma"": 0.005, ""pca__n_components"": 112}",112,3.0,0.005,"{""model__C"": 3.0, ""model__gamma"": 0.005, ""pca__n_components"": 112}",stage3_local_cv,0,0.78375,4.311
stage3_716,stage3_seed_2,"{""model__C"": 3.0, ""model__gamma"": 0.005, ""pca__n_components"": 112}",112,3.0,0.005,"{""model__C"": 3.0, ""model__gamma"": 0.005, ""pca__n_components"": 112}",stage3_local_cv,1,0.7775,4.434
stage3_716,stage3_seed_2,"{""model__C"": 3.0, ""model__gamma"": 0.005, ""pca__n_components"": 112}",112,3.0,0.005,"{""model__C"": 3.0, ""model__gamma"": 0.005, ""pca__n_components"": 112}",stage3_local_cv,2,0.775,4.559
stage3_716,stage3_seed_2,"{""model__C"": 3.0, ""model__gamma"": 0.005, ""pca__n_components"": 112}",112,3.0,0.005,"{""model__C"": 3.0, ""model__gamma"": 0.005, ""pca__n_components"": 112}",stage3_local_cv,3,0.78375,4.384
stage3_716,stage3_seed_2,"{""model__C"": 3.0, ""model__gamma"": 0.005, ""pca__n_components"": 112}",112,3.0,0.005,"{""model__C"": 3.0, ""model__gamma"": 0.005, ""pca__n_components"": 112}",stage3_local_cv,4,0.77125,4.602
stage3_717,stage3_seed_2,"{""model__C"": 3.0, ""model__gamma"": 0.01, ""pca__n_components"": 112}",112,3.0,0.01,"{""model__C"": 3.0, ""model__gamma"": 0.01, ""pca__n_components"": 112}",stage3_local_cv,0,0.81,4.876
stage3_717,stage3_seed_2,"{""model__C"": 3.0, ""model__gamma"": 0.01, ""pca__n_components"": 112}",112,3.0,0.01,"{""model__C"": 3.0, ""model__gamma"": 0.01, ""pca__n_components"": 112}",stage3_local_cv,1,0.81,5.911
stage3_717,stage3_seed_2,"{""model__C"": 3.0, ""model__gamma"": 0.01, ""pca__n_components"": 112}",112,3.0,0.01,"{""model__C"": 3.0, ""model__gamma"": 0.01, ""pca__n_components"": 112}",stage3_local_cv,2,0.806875,5.022
stage3_717,stage3_seed_2,"{""model__C"": 3.0, ""model__gamma"": 0.01, ""pca__n_components"": 112}",112,3.0,0.01,"{""model__C"": 3.0, ""model__gamma"": 0.01, ""pca__n_components"": 112}",stage3_local_cv,3,0.8075,6.183
stage3_717,stage3_seed_2,"{""model__C"": 3.0, ""model__gamma"": 0.01, ""pca__n_components"": 112}",112,3.0,0.01,"{""model__C"": 3.0, ""model__gamma"": 0.01, ""pca__n_components"": 112}",stage3_local_cv,4,0.8125,6.426
stage3_718,stage3_seed_2,"{""model__C"": 3.0, ""model__gamma"": 0.02, ""pca__n_components"": 112}",112,3.0,0.02,"{""model__C"": 3.0, ""model__gamma"": 0.02, ""pca__n_components"": 112}",stage3_local_cv,0,0.804375,5.876
stage3_718,stage3_seed_2,"{""model__C"": 3.0, ""model__gamma"": 0.02, ""pca__n_components"": 112}",112,3.0,0.02,"{""model__C"": 3.0, ""model__gamma"": 0.02, ""pca__n_components"": 112}",stage3_local_cv,1,0.806875,5.121
stage3_718,stage3_seed_2,"{""model__C"": 3.0, ""model__gamma"": 0.02, ""pca__n_components"": 112}",112,3.0,0.02,"{""model__C"": 3.0, ""model__gamma"": 0.02, ""pca__n_components"": 112}",stage3_local_cv,2,0.79625,6.053
stage3_718,stage3_seed_2,"{""model__C"": 3.0, ""model__gamma"": 0.02, ""pca__n_components"": 112}",112,3.0,0.02,"{""model__C"": 3.0, ""model__gamma"": 0.02, ""pca__n_components"": 112}",stage3_local_cv,3,0.803125,4.651
stage3_718,stage3_seed_2,"{""model__C"": 3.0, ""model__gamma"": 0.02, ""pca__n_components"": 112}",112,3.0,0.02,"{""model__C"": 3.0, ""model__gamma"": 0.02, ""pca__n_components"": 112}",stage3_local_cv,4,0.79625,4.965
stage3_719,stage3_seed_2,"{""model__C"": 3.0, ""model__gamma"": 0.03, ""pca__n_components"": 112}",112,3.0,0.03,"{""model__C"": 3.0, ""model__gamma"": 0.03, ""pca__n_components"": 112}",stage3_local_cv,0,0.78,4.477
stage3_719,stage3_seed_2,"{""model__C"": 3.0, ""model__gamma"": 0.03, ""pca__n_components"": 112}",112,3.0,0.03,"{""model__C"": 3.0, ""model__gamma"": 0.03, ""pca__n_components"": 112}",stage3_local_cv,1,0.781875,4.661
stage3_719,stage3_seed_2,"{""model__C"": 3.0, ""model__gamma"": 0.03, ""pca__n_components"": 112}",112,3.0,0.03,"{""model__C"": 3.0, ""model__gamma"": 0.03, ""pca__n_components"": 112}",stage3_local_cv,2,0.76625,4.895
stage3_719,stage3_seed_2,"{""model__C"": 3.0, ""model__gamma"": 0.03, ""pca__n_components"": 112}",112,3.0,0.03,"{""model__C"": 3.0, ""model__gamma"": 0.03, ""pca__n_components"": 112}",stage3_local_cv,3,0.778125,5.169
stage3_719,stage3_seed_2,"{""model__C"": 3.0, ""model__gamma"": 0.03, ""pca__n_components"": 112}",112,3.0,0.03,"{""model__C"": 3.0, ""model__gamma"": 0.03, ""pca__n_components"": 112}",stage3_local_cv,4,0.771875,6.141
stage3_720,stage3_seed_2,"{""model__C"": 3.0, ""model__gamma"": 0.04, ""pca__n_components"": 112}",112,3.0,0.04,"{""model__C"": 3.0, ""model__gamma"": 0.04, ""pca__n_components"": 112}",stage3_local_cv,0,0.76,6.197
stage3_720,stage3_seed_2,"{""model__C"": 3.0, ""model__gamma"": 0.04, ""pca__n_components"": 112}",112,3.0,0.04,"{""model__C"": 3.0, ""model__gamma"": 0.04, ""pca__n_components"": 112}",stage3_local_cv,1,0.76625,6.008
stage3_720,stage3_seed_2,"{""model__C"": 3.0, ""model__gamma"": 0.04, ""pca__n_components"": 112}",112,3.0,0.04,"{""model__C"": 3.0, ""model__gamma"": 0.04, ""pca__n_components"": 112}",stage3_local_cv,2,0.743125,6.238
stage3_720,stage3_seed_2,"{""model__C"": 3.0, ""model__gamma"": 0.04, ""pca__n_components"": 112}",112,3.0,0.04,"{""model__C"": 3.0, ""model__gamma"": 0.04, ""pca__n_components"": 112}",stage3_local_cv,3,0.765625,5.492
stage3_720,stage3_seed_2,"{""model__C"": 3.0, ""model__gamma"": 0.04, ""pca__n_components"": 112}",112,3.0,0.04,"{""model__C"": 3.0, ""model__gamma"": 0.04, ""pca__n_components"": 112}",stage3_local_cv,4,0.7525,5.132
stage3_721,stage3_seed_2,"{""model__C"": 3.0, ""model__gamma"": 0.08, ""pca__n_components"": 112}",112,3.0,0.08,"{""model__C"": 3.0, ""model__gamma"": 0.08, ""pca__n_components"": 112}",stage3_local_cv,0,0.548125,4.544
stage3_721,stage3_seed_2,"{""model__C"": 3.0, ""model__gamma"": 0.08, ""pca__n_components"": 112}",112,3.0,0.08,"{""model__C"": 3.0, ""model__gamma"": 0.08, ""pca__n_components"": 112}",stage3_local_cv,1,0.55625,4.606
stage3_721,stage3_seed_2,"{""model__C"": 3.0, ""model__gamma"": 0.08, ""pca__n_components"": 112}",112,3.0,0.08,"{""model__C"": 3.0, ""model__gamma"": 0.08, ""pca__n_components"": 112}",stage3_local_cv,2,0.623125,4.777
stage3_721,stage3_seed_2,"{""model__C"": 3.0, ""model__gamma"": 0.08, ""pca__n_components"": 112}",112,3.0,0.08,"{""model__C"": 3.0, ""model__gamma"": 0.08, ""pca__n_components"": 112}",stage3_local_cv,3,0.65375,4.503
stage3_721,stage3_seed_2,"{""model__C"": 3.0, ""model__gamma"": 0.08, ""pca__n_components"": 112}",112,3.0,0.08,"{""model__C"": 3.0, ""model__gamma"": 0.08, ""pca__n_components"": 112}",stage3_local_cv,4,0.58875,4.884
stage3_722,stage3_seed_2,"{""model__C"": 4.0, ""model__gamma"": 0.03, ""pca__n_components"": 112}",112,4.0,0.03,"{""model__C"": 4.0, ""model__gamma"": 0.03, ""pca__n_components"": 112}",stage3_local_cv,0,0.78125,4.589
stage3_722,stage3_seed_2,"{""model__C"": 4.0, ""model__gamma"": 0.03, ""pca__n_components"": 112}",112,4.0,0.03,"{""model__C"": 4.0, ""model__gamma"": 0.03, ""pca__n_components"": 112}",stage3_local_cv,1,0.783125,5.726
stage3_722,stage3_seed_2,"{""model__C"": 4.0, ""model__gamma"": 0.03, ""pca__n_components"": 112}",112,4.0,0.03,"{""model__C"": 4.0, ""model__gamma"": 0.03, ""pca__n_components"": 112}",stage3_local_cv,2,0.768125,5.514
stage3_722,stage3_seed_2,"{""model__C"": 4.0, ""model__gamma"": 0.03, ""pca__n_components"": 112}",112,4.0,0.03,"{""model__C"": 4.0, ""model__gamma"": 0.03, ""pca__n_components"": 112}",stage3_local_cv,3,0.77875,6.087
stage3_722,stage3_seed_2,"{""model__C"": 4.0, ""model__gamma"": 0.03, ""pca__n_components"": 112}",112,4.0,0.03,"{""model__C"": 4.0, ""model__gamma"": 0.03, ""pca__n_components"": 112}",stage3_local_cv,4,0.77,6.194
stage3_723,stage3_seed_2,"{""model__C"": 4.0, ""model__gamma"": 0.04, ""pca__n_components"": 112}",112,4.0,0.04,"{""model__C"": 4.0, ""model__gamma"": 0.04, ""pca__n_components"": 112}",stage3_local_cv,0,0.76125,5.843
stage3_723,stage3_seed_2,"{""model__C"": 4.0, ""model__gamma"": 0.04, ""pca__n_components"": 112}",112,4.0,0.04,"{""model__C"": 4.0, ""model__gamma"": 0.04, ""pca__n_components"": 112}",stage3_local_cv,1,0.76875,5.146
stage3_723,stage3_seed_2,"{""model__C"": 4.0, ""model__gamma"": 0.04, ""pca__n_components"": 112}",112,4.0,0.04,"{""model__C"": 4.0, ""model__gamma"": 0.04, ""pca__n_components"": 112}",stage3_local_cv,2,0.7425,5.636
stage3_723,stage3_seed_2,"{""model__C"": 4.0, ""model__gamma"": 0.04, ""pca__n_components"": 112}",112,4.0,0.04,"{""model__C"": 4.0, ""model__gamma"": 0.04, ""pca__n_components"": 112}",stage3_local_cv,3,0.76375,4.609
stage3_723,stage3_seed_2,"{""model__C"": 4.0, ""model__gamma"": 0.04, ""pca__n_components"": 112}",112,4.0,0.04,"{""model__C"": 4.0, ""model__gamma"": 0.04, ""pca__n_components"": 112}",stage3_local_cv,4,0.753125,4.917
stage3_724,stage3_seed_2,"{""model__C"": 4.0, ""model__gamma"": 0.08, ""pca__n_components"": 112}",112,4.0,0.08,"{""model__C"": 4.0, ""model__gamma"": 0.08, ""pca__n_components"": 112}",stage3_local_cv,0,0.548125,4.634
stage3_724,stage3_seed_2,"{""model__C"": 4.0, ""model__gamma"": 0.08, ""pca__n_components"": 112}",112,4.0,0.08,"{""model__C"": 4.0, ""model__gamma"": 0.08, ""pca__n_components"": 112}",stage3_local_cv,1,0.555,4.781
stage3_724,stage3_seed_2,"{""model__C"": 4.0, ""model__gamma"": 0.08, ""pca__n_components"": 112}",112,4.0,0.08,"{""model__C"": 4.0, ""model__gamma"": 0.08, ""pca__n_components"": 112}",stage3_local_cv,2,0.61375,4.815
stage3_724,stage3_seed_2,"{""model__C"": 4.0, ""model__gamma"": 0.08, ""pca__n_components"": 112}",112,4.0,0.08,"{""model__C"": 4.0, ""model__gamma"": 0.08, ""pca__n_components"": 112}",stage3_local_cv,3,0.6325,4.647
stage3_724,stage3_seed_2,"{""model__C"": 4.0, ""model__gamma"": 0.08, ""pca__n_components"": 112}",112,4.0,0.08,"{""model__C"": 4.0, ""model__gamma"": 0.08, ""pca__n_components"": 112}",stage3_local_cv,4,0.57875,6.355
stage3_725,stage3_seed_2,"{""model__C"": 6.0, ""model__gamma"": 0.03, ""pca__n_components"": 112}",112,6.0,0.03,"{""model__C"": 6.0, ""model__gamma"": 0.03, ""pca__n_components"": 112}",stage3_local_cv,0,0.783125,5.985
stage3_725,stage3_seed_2,"{""model__C"": 6.0, ""model__gamma"": 0.03, ""pca__n_components"": 112}",112,6.0,0.03,"{""model__C"": 6.0, ""model__gamma"": 0.03, ""pca__n_components"": 112}",stage3_local_cv,1,0.784375,6.121
stage3_725,stage3_seed_2,"{""model__C"": 6.0, ""model__gamma"": 0.03, ""pca__n_components"": 112}",112,6.0,0.03,"{""model__C"": 6.0, ""model__gamma"": 0.03, ""pca__n_components"": 112}",stage3_local_cv,2,0.76625,6.066
stage3_725,stage3_seed_2,"{""model__C"": 6.0, ""model__gamma"": 0.03, ""pca__n_components"": 112}",112,6.0,0.03,"{""model__C"": 6.0, ""model__gamma"": 0.03, ""pca__n_components"": 112}",stage3_local_cv,3,0.778125,5.744
stage3_725,stage3_seed_2,"{""model__C"": 6.0, ""model__gamma"": 0.03, ""pca__n_components"": 112}",112,6.0,0.03,"{""model__C"": 6.0, ""model__gamma"": 0.03, ""pca__n_components"": 112}",stage3_local_cv,4,0.7725,4.881
stage3_726,stage3_seed_2,"{""model__C"": 6.0, ""model__gamma"": 0.04, ""pca__n_components"": 112}",112,6.0,0.04,"{""model__C"": 6.0, ""model__gamma"": 0.04, ""pca__n_components"": 112}",stage3_local_cv,0,0.76125,4.823
stage3_726,stage3_seed_2,"{""model__C"": 6.0, ""model__gamma"": 0.04, ""pca__n_components"": 112}",112,6.0,0.04,"{""model__C"": 6.0, ""model__gamma"": 0.04, ""pca__n_components"": 112}",stage3_local_cv,1,0.769375,4.714
stage3_726,stage3_seed_2,"{""model__C"": 6.0, ""model__gamma"": 0.04, ""pca__n_components"": 112}",112,6.0,0.04,"{""model__C"": 6.0, ""model__gamma"": 0.04, ""pca__n_components"": 112}",stage3_local_cv,2,0.74125,4.828
stage3_726,stage3_seed_2,"{""model__C"": 6.0, ""model__gamma"": 0.04, ""pca__n_components"": 112}",112,6.0,0.04,"{""model__C"": 6.0, ""model__gamma"": 0.04, ""pca__n_components"": 112}",stage3_local_cv,3,0.76375,4.65
stage3_726,stage3_seed_2,"{""model__C"": 6.0, ""model__gamma"": 0.04, ""pca__n_components"": 112}",112,6.0,0.04,"{""model__C"": 6.0, ""model__gamma"": 0.04, ""pca__n_components"": 112}",stage3_local_cv,4,0.7525,5.43
stage3_727,stage3_seed_2,"{""model__C"": 6.0, ""model__gamma"": 0.08, ""pca__n_components"": 112}",112,6.0,0.08,"{""model__C"": 6.0, ""model__gamma"": 0.08, ""pca__n_components"": 112}",stage3_local_cv,0,0.54375,4.593
stage3_727,stage3_seed_2,"{""model__C"": 6.0, ""model__gamma"": 0.08, ""pca__n_components"": 112}",112,6.0,0.08,"{""model__C"": 6.0, ""model__gamma"": 0.08, ""pca__n_components"": 112}",stage3_local_cv,1,0.5525,5.671
stage3_727,stage3_seed_2,"{""model__C"": 6.0, ""model__gamma"": 0.08, ""pca__n_components"": 112}",112,6.0,0.08,"{""model__C"": 6.0, ""model__gamma"": 0.08, ""pca__n_components"": 112}",stage3_local_cv,2,0.603125,6.132
stage3_727,stage3_seed_2,"{""model__C"": 6.0, ""model__gamma"": 0.08, ""pca__n_components"": 112}",112,6.0,0.08,"{""model__C"": 6.0, ""model__gamma"": 0.08, ""pca__n_components"": 112}",stage3_local_cv,3,0.6125,6.071
stage3_727,stage3_seed_2,"{""model__C"": 6.0, ""model__gamma"": 0.08, ""pca__n_components"": 112}",112,6.0,0.08,"{""model__C"": 6.0, ""model__gamma"": 0.08, ""pca__n_components"": 112}",stage3_local_cv,4,0.570625,5.808
stage3_728,stage3_seed_2,"{""model__C"": 1.0, ""model__gamma"": ""scale"", ""pca__n_components"": 116}",116,1.0,scale,"{""model__C"": 1.0, ""model__gamma"": ""scale"", ""pca__n_components"": 116}",stage3_local_cv,0,0.7525,5.438
stage3_728,stage3_seed_2,"{""model__C"": 1.0, ""model__gamma"": ""scale"", ""pca__n_components"": 116}",116,1.0,scale,"{""model__C"": 1.0, ""model__gamma"": ""scale"", ""pca__n_components"": 116}",stage3_local_cv,1,0.739375,4.797
stage3_728,stage3_seed_2,"{""model__C"": 1.0, ""model__gamma"": ""scale"", ""pca__n_components"": 116}",116,1.0,scale,"{""model__C"": 1.0, ""model__gamma"": ""scale"", ""pca__n_components"": 116}",stage3_local_cv,2,0.72875,4.596
stage3_728,stage3_seed_2,"{""model__C"": 1.0, ""model__gamma"": ""scale"", ""pca__n_components"": 116}",116,1.0,scale,"{""model__C"": 1.0, ""model__gamma"": ""scale"", ""pca__n_components"": 116}",stage3_local_cv,3,0.7475,4.235
stage3_728,stage3_seed_2,"{""model__C"": 1.0, ""model__gamma"": ""scale"", ""pca__n_components"": 116}",116,1.0,scale,"{""model__C"": 1.0, ""model__gamma"": ""scale"", ""pca__n_components"": 116}",stage3_local_cv,4,0.73,4.364
stage3_729,stage3_seed_2,"{""model__C"": 1.0, ""model__gamma"": 0.005, ""pca__n_components"": 116}",116,1.0,0.005,"{""model__C"": 1.0, ""model__gamma"": 0.005, ""pca__n_components"": 116}",stage3_local_cv,0,0.75125,4.243
stage3_729,stage3_seed_2,"{""model__C"": 1.0, ""model__gamma"": 0.005, ""pca__n_components"": 116}",116,1.0,0.005,"{""model__C"": 1.0, ""model__gamma"": 0.005, ""pca__n_components"": 116}",stage3_local_cv,1,0.739375,4.136
stage3_729,stage3_seed_2,"{""model__C"": 1.0, ""model__gamma"": 0.005, ""pca__n_components"": 116}",116,1.0,0.005,"{""model__C"": 1.0, ""model__gamma"": 0.005, ""pca__n_components"": 116}",stage3_local_cv,2,0.7275,4.363
stage3_729,stage3_seed_2,"{""model__C"": 1.0, ""model__gamma"": 0.005, ""pca__n_components"": 116}",116,1.0,0.005,"{""model__C"": 1.0, ""model__gamma"": 0.005, ""pca__n_components"": 116}",stage3_local_cv,3,0.746875,4.17
stage3_729,stage3_seed_2,"{""model__C"": 1.0, ""model__gamma"": 0.005, ""pca__n_components"": 116}",116,1.0,0.005,"{""model__C"": 1.0, ""model__gamma"": 0.005, ""pca__n_components"": 116}",stage3_local_cv,4,0.73,5.573
stage3_730,stage3_seed_2,"{""model__C"": 1.0, ""model__gamma"": 0.01, ""pca__n_components"": 116}",116,1.0,0.01,"{""model__C"": 1.0, ""model__gamma"": 0.01, ""pca__n_components"": 116}",stage3_local_cv,0,0.786875,4.69
stage3_730,stage3_seed_2,"{""model__C"": 1.0, ""model__gamma"": 0.01, ""pca__n_components"": 116}",116,1.0,0.01,"{""model__C"": 1.0, ""model__gamma"": 0.01, ""pca__n_components"": 116}",stage3_local_cv,1,0.77875,5.908
stage3_730,stage3_seed_2,"{""model__C"": 1.0, ""model__gamma"": 0.01, ""pca__n_components"": 116}",116,1.0,0.01,"{""model__C"": 1.0, ""model__gamma"": 0.01, ""pca__n_components"": 116}",stage3_local_cv,2,0.768125,5.768
stage3_730,stage3_seed_2,"{""model__C"": 1.0, ""model__gamma"": 0.01, ""pca__n_components"": 116}",116,1.0,0.01,"{""model__C"": 1.0, ""model__gamma"": 0.01, ""pca__n_components"": 116}",stage3_local_cv,3,0.77125,5.674
stage3_730,stage3_seed_2,"{""model__C"": 1.0, ""model__gamma"": 0.01, ""pca__n_components"": 116}",116,1.0,0.01,"{""model__C"": 1.0, ""model__gamma"": 0.01, ""pca__n_components"": 116}",stage3_local_cv,4,0.7725,4.801
stage3_731,stage3_seed_2,"{""model__C"": 1.0, ""model__gamma"": 0.02, ""pca__n_components"": 116}",116,1.0,0.02,"{""model__C"": 1.0, ""model__gamma"": 0.02, ""pca__n_components"": 116}",stage3_local_cv,0,0.789375,6.505
stage3_731,stage3_seed_2,"{""model__C"": 1.0, ""model__gamma"": 0.02, ""pca__n_components"": 116}",116,1.0,0.02,"{""model__C"": 1.0, ""model__gamma"": 0.02, ""pca__n_components"": 116}",stage3_local_cv,1,0.781875,5.191
stage3_731,stage3_seed_2,"{""model__C"": 1.0, ""model__gamma"": 0.02, ""pca__n_components"": 116}",116,1.0,0.02,"{""model__C"": 1.0, ""model__gamma"": 0.02, ""pca__n_components"": 116}",stage3_local_cv,2,0.76625,5.312
stage3_731,stage3_seed_2,"{""model__C"": 1.0, ""model__gamma"": 0.02, ""pca__n_components"": 116}",116,1.0,0.02,"{""model__C"": 1.0, ""model__gamma"": 0.02, ""pca__n_components"": 116}",stage3_local_cv,3,0.7825,5.076
stage3_731,stage3_seed_2,"{""model__C"": 1.0, ""model__gamma"": 0.02, ""pca__n_components"": 116}",116,1.0,0.02,"{""model__C"": 1.0, ""model__gamma"": 0.02, ""pca__n_components"": 116}",stage3_local_cv,4,0.7725,5.789
stage3_732,stage3_seed_2,"{""model__C"": 1.0, ""model__gamma"": 0.03, ""pca__n_components"": 116}",116,1.0,0.03,"{""model__C"": 1.0, ""model__gamma"": 0.03, ""pca__n_components"": 116}",stage3_local_cv,0,0.775,5.338
stage3_732,stage3_seed_2,"{""model__C"": 1.0, ""model__gamma"": 0.03, ""pca__n_components"": 116}",116,1.0,0.03,"{""model__C"": 1.0, ""model__gamma"": 0.03, ""pca__n_components"": 116}",stage3_local_cv,1,0.768125,6.001
stage3_732,stage3_seed_2,"{""model__C"": 1.0, ""model__gamma"": 0.03, ""pca__n_components"": 116}",116,1.0,0.03,"{""model__C"": 1.0, ""model__gamma"": 0.03, ""pca__n_components"": 116}",stage3_local_cv,2,0.751875,6.716
stage3_732,stage3_seed_2,"{""model__C"": 1.0, ""model__gamma"": 0.03, ""pca__n_components"": 116}",116,1.0,0.03,"{""model__C"": 1.0, ""model__gamma"": 0.03, ""pca__n_components"": 116}",stage3_local_cv,3,0.770625,6.712
stage3_732,stage3_seed_2,"{""model__C"": 1.0, ""model__gamma"": 0.03, ""pca__n_components"": 116}",116,1.0,0.03,"{""model__C"": 1.0, ""model__gamma"": 0.03, ""pca__n_components"": 116}",stage3_local_cv,4,0.751875,6.35
stage3_733,stage3_seed_2,"{""model__C"": 1.0, ""model__gamma"": 0.04, ""pca__n_components"": 116}",116,1.0,0.04,"{""model__C"": 1.0, ""model__gamma"": 0.04, ""pca__n_components"": 116}",stage3_local_cv,0,0.754375,6.481
stage3_733,stage3_seed_2,"{""model__C"": 1.0, ""model__gamma"": 0.04, ""pca__n_components"": 116}",116,1.0,0.04,"{""model__C"": 1.0, ""model__gamma"": 0.04, ""pca__n_components"": 116}",stage3_local_cv,1,0.7575,5.889
stage3_733,stage3_seed_2,"{""model__C"": 1.0, ""model__gamma"": 0.04, ""pca__n_components"": 116}",116,1.0,0.04,"{""model__C"": 1.0, ""model__gamma"": 0.04, ""pca__n_components"": 116}",stage3_local_cv,2,0.74,5.505
stage3_733,stage3_seed_2,"{""model__C"": 1.0, ""model__gamma"": 0.04, ""pca__n_components"": 116}",116,1.0,0.04,"{""model__C"": 1.0, ""model__gamma"": 0.04, ""pca__n_components"": 116}",stage3_local_cv,3,0.764375,5.322
stage3_733,stage3_seed_2,"{""model__C"": 1.0, ""model__gamma"": 0.04, ""pca__n_components"": 116}",116,1.0,0.04,"{""model__C"": 1.0, ""model__gamma"": 0.04, ""pca__n_components"": 116}",stage3_local_cv,4,0.74625,5.454
stage3_734,stage3_seed_2,"{""model__C"": 1.0, ""model__gamma"": 0.08, ""pca__n_components"": 116}",116,1.0,0.08,"{""model__C"": 1.0, ""model__gamma"": 0.08, ""pca__n_components"": 116}",stage3_local_cv,0,0.531875,5.887
stage3_734,stage3_seed_2,"{""model__C"": 1.0, ""model__gamma"": 0.08, ""pca__n_components"": 116}",116,1.0,0.08,"{""model__C"": 1.0, ""model__gamma"": 0.08, ""pca__n_components"": 116}",stage3_local_cv,1,0.54375,6.061
stage3_734,stage3_seed_2,"{""model__C"": 1.0, ""model__gamma"": 0.08, ""pca__n_components"": 116}",116,1.0,0.08,"{""model__C"": 1.0, ""model__gamma"": 0.08, ""pca__n_components"": 116}",stage3_local_cv,2,0.59625,7.15
stage3_734,stage3_seed_2,"{""model__C"": 1.0, ""model__gamma"": 0.08, ""pca__n_components"": 116}",116,1.0,0.08,"{""model__C"": 1.0, ""model__gamma"": 0.08, ""pca__n_components"": 116}",stage3_local_cv,3,0.598125,6.727
stage3_734,stage3_seed_2,"{""model__C"": 1.0, ""model__gamma"": 0.08, ""pca__n_components"": 116}",116,1.0,0.08,"{""model__C"": 1.0, ""model__gamma"": 0.08, ""pca__n_components"": 116}",stage3_local_cv,4,0.558125,7.187
stage3_735,stage3_seed_2,"{""model__C"": 1.5, ""model__gamma"": ""scale"", ""pca__n_components"": 116}",116,1.5,scale,"{""model__C"": 1.5, ""model__gamma"": ""scale"", ""pca__n_components"": 116}",stage3_local_cv,0,0.766875,5.527
stage3_735,stage3_seed_2,"{""model__C"": 1.5, ""model__gamma"": ""scale"", ""pca__n_components"": 116}",116,1.5,scale,"{""model__C"": 1.5, ""model__gamma"": ""scale"", ""pca__n_components"": 116}",stage3_local_cv,1,0.758125,5.561
stage3_735,stage3_seed_2,"{""model__C"": 1.5, ""model__gamma"": ""scale"", ""pca__n_components"": 116}",116,1.5,scale,"{""model__C"": 1.5, ""model__gamma"": ""scale"", ""pca__n_components"": 116}",stage3_local_cv,2,0.7475,4.461
stage3_735,stage3_seed_2,"{""model__C"": 1.5, ""model__gamma"": ""scale"", ""pca__n_components"": 116}",116,1.5,scale,"{""model__C"": 1.5, ""model__gamma"": ""scale"", ""pca__n_components"": 116}",stage3_local_cv,3,0.75625,4.807
stage3_735,stage3_seed_2,"{""model__C"": 1.5, ""model__gamma"": ""scale"", ""pca__n_components"": 116}",116,1.5,scale,"{""model__C"": 1.5, ""model__gamma"": ""scale"", ""pca__n_components"": 116}",stage3_local_cv,4,0.7525,4.587
stage3_736,stage3_seed_2,"{""model__C"": 1.5, ""model__gamma"": 0.005, ""pca__n_components"": 116}",116,1.5,0.005,"{""model__C"": 1.5, ""model__gamma"": 0.005, ""pca__n_components"": 116}",stage3_local_cv,0,0.76625,4.469
stage3_736,stage3_seed_2,"{""model__C"": 1.5, ""model__gamma"": 0.005, ""pca__n_components"": 116}",116,1.5,0.005,"{""model__C"": 1.5, ""model__gamma"": 0.005, ""pca__n_components"": 116}",stage3_local_cv,1,0.755625,4.304
stage3_736,stage3_seed_2,"{""model__C"": 1.5, ""model__gamma"": 0.005, ""pca__n_components"": 116}",116,1.5,0.005,"{""model__C"": 1.5, ""model__gamma"": 0.005, ""pca__n_components"": 116}",stage3_local_cv,2,0.744375,4.489
stage3_736,stage3_seed_2,"{""model__C"": 1.5, ""model__gamma"": 0.005, ""pca__n_components"": 116}",116,1.5,0.005,"{""model__C"": 1.5, ""model__gamma"": 0.005, ""pca__n_components"": 116}",stage3_local_cv,3,0.755625,4.347
stage3_736,stage3_seed_2,"{""model__C"": 1.5, ""model__gamma"": 0.005, ""pca__n_components"": 116}",116,1.5,0.005,"{""model__C"": 1.5, ""model__gamma"": 0.005, ""pca__n_components"": 116}",stage3_local_cv,4,0.750625,5.535
stage3_737,stage3_seed_2,"{""model__C"": 1.5, ""model__gamma"": 0.01, ""pca__n_components"": 116}",116,1.5,0.01,"{""model__C"": 1.5, ""model__gamma"": 0.01, ""pca__n_components"": 116}",stage3_local_cv,0,0.80125,4.958
stage3_737,stage3_seed_2,"{""model__C"": 1.5, ""model__gamma"": 0.01, ""pca__n_components"": 116}",116,1.5,0.01,"{""model__C"": 1.5, ""model__gamma"": 0.01, ""pca__n_components"": 116}",stage3_local_cv,1,0.794375,6.382
stage3_737,stage3_seed_2,"{""model__C"": 1.5, ""model__gamma"": 0.01, ""pca__n_components"": 116}",116,1.5,0.01,"{""model__C"": 1.5, ""model__gamma"": 0.01, ""pca__n_components"": 116}",stage3_local_cv,2,0.78625,6.281
stage3_737,stage3_seed_2,"{""model__C"": 1.5, ""model__gamma"": 0.01, ""pca__n_components"": 116}",116,1.5,0.01,"{""model__C"": 1.5, ""model__gamma"": 0.01, ""pca__n_components"": 116}",stage3_local_cv,3,0.791875,5.998
stage3_737,stage3_seed_2,"{""model__C"": 1.5, ""model__gamma"": 0.01, ""pca__n_components"": 116}",116,1.5,0.01,"{""model__C"": 1.5, ""model__gamma"": 0.01, ""pca__n_components"": 116}",stage3_local_cv,4,0.796875,5.173
stage3_738,stage3_seed_2,"{""model__C"": 1.5, ""model__gamma"": 0.02, ""pca__n_components"": 116}",116,1.5,0.02,"{""model__C"": 1.5, ""model__gamma"": 0.02, ""pca__n_components"": 116}",stage3_local_cv,0,0.805625,6.356
stage3_738,stage3_seed_2,"{""model__C"": 1.5, ""model__gamma"": 0.02, ""pca__n_components"": 116}",116,1.5,0.02,"{""model__C"": 1.5, ""model__gamma"": 0.02, ""pca__n_components"": 116}",stage3_local_cv,1,0.800625,4.907
stage3_738,stage3_seed_2,"{""model__C"": 1.5, ""model__gamma"": 0.02, ""pca__n_components"": 116}",116,1.5,0.02,"{""model__C"": 1.5, ""model__gamma"": 0.02, ""pca__n_components"": 116}",stage3_local_cv,2,0.793125,5.15
stage3_738,stage3_seed_2,"{""model__C"": 1.5, ""model__gamma"": 0.02, ""pca__n_components"": 116}",116,1.5,0.02,"{""model__C"": 1.5, ""model__gamma"": 0.02, ""pca__n_components"": 116}",stage3_local_cv,3,0.804375,4.966
stage3_738,stage3_seed_2,"{""model__C"": 1.5, ""model__gamma"": 0.02, ""pca__n_components"": 116}",116,1.5,0.02,"{""model__C"": 1.5, ""model__gamma"": 0.02, ""pca__n_components"": 116}",stage3_local_cv,4,0.79625,6.301
stage3_739,stage3_seed_2,"{""model__C"": 1.5, ""model__gamma"": 0.03, ""pca__n_components"": 116}",116,1.5,0.03,"{""model__C"": 1.5, ""model__gamma"": 0.03, ""pca__n_components"": 116}",stage3_local_cv,0,0.7825,4.978
stage3_739,stage3_seed_2,"{""model__C"": 1.5, ""model__gamma"": 0.03, ""pca__n_components"": 116}",116,1.5,0.03,"{""model__C"": 1.5, ""model__gamma"": 0.03, ""pca__n_components"": 116}",stage3_local_cv,1,0.78125,4.939
stage3_739,stage3_seed_2,"{""model__C"": 1.5, ""model__gamma"": 0.03, ""pca__n_components"": 116}",116,1.5,0.03,"{""model__C"": 1.5, ""model__gamma"": 0.03, ""pca__n_components"": 116}",stage3_local_cv,2,0.763125,6.46
stage3_739,stage3_seed_2,"{""model__C"": 1.5, ""model__gamma"": 0.03, ""pca__n_components"": 116}",116,1.5,0.03,"{""model__C"": 1.5, ""model__gamma"": 0.03, ""pca__n_components"": 116}",stage3_local_cv,3,0.780625,5.969
stage3_739,stage3_seed_2,"{""model__C"": 1.5, ""model__gamma"": 0.03, ""pca__n_components"": 116}",116,1.5,0.03,"{""model__C"": 1.5, ""model__gamma"": 0.03, ""pca__n_components"": 116}",stage3_local_cv,4,0.76625,5.585
stage3_740,stage3_seed_2,"{""model__C"": 1.5, ""model__gamma"": 0.04, ""pca__n_components"": 116}",116,1.5,0.04,"{""model__C"": 1.5, ""model__gamma"": 0.04, ""pca__n_components"": 116}",stage3_local_cv,0,0.758125,6.395
stage3_740,stage3_seed_2,"{""model__C"": 1.5, ""model__gamma"": 0.04, ""pca__n_components"": 116}",116,1.5,0.04,"{""model__C"": 1.5, ""model__gamma"": 0.04, ""pca__n_components"": 116}",stage3_local_cv,1,0.76125,6.269
stage3_740,stage3_seed_2,"{""model__C"": 1.5, ""model__gamma"": 0.04, ""pca__n_components"": 116}",116,1.5,0.04,"{""model__C"": 1.5, ""model__gamma"": 0.04, ""pca__n_components"": 116}",stage3_local_cv,2,0.741875,5.127
stage3_740,stage3_seed_2,"{""model__C"": 1.5, ""model__gamma"": 0.04, ""pca__n_components"": 116}",116,1.5,0.04,"{""model__C"": 1.5, ""model__gamma"": 0.04, ""pca__n_components"": 116}",stage3_local_cv,3,0.7675,5.34
stage3_740,stage3_seed_2,"{""model__C"": 1.5, ""model__gamma"": 0.04, ""pca__n_components"": 116}",116,1.5,0.04,"{""model__C"": 1.5, ""model__gamma"": 0.04, ""pca__n_components"": 116}",stage3_local_cv,4,0.75125,5.215
stage3_741,stage3_seed_2,"{""model__C"": 1.5, ""model__gamma"": 0.08, ""pca__n_components"": 116}",116,1.5,0.08,"{""model__C"": 1.5, ""model__gamma"": 0.08, ""pca__n_components"": 116}",stage3_local_cv,0,0.54875,4.904
stage3_741,stage3_seed_2,"{""model__C"": 1.5, ""model__gamma"": 0.08, ""pca__n_components"": 116}",116,1.5,0.08,"{""model__C"": 1.5, ""model__gamma"": 0.08, ""pca__n_components"": 116}",stage3_local_cv,1,0.558125,4.899
stage3_741,stage3_seed_2,"{""model__C"": 1.5, ""model__gamma"": 0.08, ""pca__n_components"": 116}",116,1.5,0.08,"{""model__C"": 1.5, ""model__gamma"": 0.08, ""pca__n_components"": 116}",stage3_local_cv,2,0.618125,6.103
stage3_741,stage3_seed_2,"{""model__C"": 1.5, ""model__gamma"": 0.08, ""pca__n_components"": 116}",116,1.5,0.08,"{""model__C"": 1.5, ""model__gamma"": 0.08, ""pca__n_components"": 116}",stage3_local_cv,3,0.646875,4.84
stage3_741,stage3_seed_2,"{""model__C"": 1.5, ""model__gamma"": 0.08, ""pca__n_components"": 116}",116,1.5,0.08,"{""model__C"": 1.5, ""model__gamma"": 0.08, ""pca__n_components"": 116}",stage3_local_cv,4,0.5875,6.404
stage3_742,stage3_seed_2,"{""model__C"": 2.0, ""model__gamma"": ""scale"", ""pca__n_components"": 116}",116,2.0,scale,"{""model__C"": 2.0, ""model__gamma"": ""scale"", ""pca__n_components"": 116}",stage3_local_cv,0,0.77,4.368
stage3_742,stage3_seed_2,"{""model__C"": 2.0, ""model__gamma"": ""scale"", ""pca__n_components"": 116}",116,2.0,scale,"{""model__C"": 2.0, ""model__gamma"": ""scale"", ""pca__n_components"": 116}",stage3_local_cv,1,0.765,5.632
stage3_742,stage3_seed_2,"{""model__C"": 2.0, ""model__gamma"": ""scale"", ""pca__n_components"": 116}",116,2.0,scale,"{""model__C"": 2.0, ""model__gamma"": ""scale"", ""pca__n_components"": 116}",stage3_local_cv,2,0.759375,4.925
stage3_742,stage3_seed_2,"{""model__C"": 2.0, ""model__gamma"": ""scale"", ""pca__n_components"": 116}",116,2.0,scale,"{""model__C"": 2.0, ""model__gamma"": ""scale"", ""pca__n_components"": 116}",stage3_local_cv,3,0.76875,5.576
stage3_742,stage3_seed_2,"{""model__C"": 2.0, ""model__gamma"": ""scale"", ""pca__n_components"": 116}",116,2.0,scale,"{""model__C"": 2.0, ""model__gamma"": ""scale"", ""pca__n_components"": 116}",stage3_local_cv,4,0.76,4.602
stage3_743,stage3_seed_2,"{""model__C"": 2.0, ""model__gamma"": 0.005, ""pca__n_components"": 116}",116,2.0,0.005,"{""model__C"": 2.0, ""model__gamma"": 0.005, ""pca__n_components"": 116}",stage3_local_cv,0,0.769375,5.734
stage3_743,stage3_seed_2,"{""model__C"": 2.0, ""model__gamma"": 0.005, ""pca__n_components"": 116}",116,2.0,0.005,"{""model__C"": 2.0, ""model__gamma"": 0.005, ""pca__n_components"": 116}",stage3_local_cv,1,0.76375,4.43
stage3_743,stage3_seed_2,"{""model__C"": 2.0, ""model__gamma"": 0.005, ""pca__n_components"": 116}",116,2.0,0.005,"{""model__C"": 2.0, ""model__gamma"": 0.005, ""pca__n_components"": 116}",stage3_local_cv,2,0.75625,4.559
stage3_743,stage3_seed_2,"{""model__C"": 2.0, ""model__gamma"": 0.005, ""pca__n_components"": 116}",116,2.0,0.005,"{""model__C"": 2.0, ""model__gamma"": 0.005, ""pca__n_components"": 116}",stage3_local_cv,3,0.765,4.439
stage3_743,stage3_seed_2,"{""model__C"": 2.0, ""model__gamma"": 0.005, ""pca__n_components"": 116}",116,2.0,0.005,"{""model__C"": 2.0, ""model__gamma"": 0.005, ""pca__n_components"": 116}",stage3_local_cv,4,0.759375,5.851
stage3_744,stage3_seed_2,"{""model__C"": 2.0, ""model__gamma"": 0.01, ""pca__n_components"": 116}",116,2.0,0.01,"{""model__C"": 2.0, ""model__gamma"": 0.01, ""pca__n_components"": 116}",stage3_local_cv,0,0.81,4.959
stage3_744,stage3_seed_2,"{""model__C"": 2.0, ""model__gamma"": 0.01, ""pca__n_components"": 116}",116,2.0,0.01,"{""model__C"": 2.0, ""model__gamma"": 0.01, ""pca__n_components"": 116}",stage3_local_cv,1,0.80125,5.049
stage3_744,stage3_seed_2,"{""model__C"": 2.0, ""model__gamma"": 0.01, ""pca__n_components"": 116}",116,2.0,0.01,"{""model__C"": 2.0, ""model__gamma"": 0.01, ""pca__n_components"": 116}",stage3_local_cv,2,0.80125,6.386
stage3_744,stage3_seed_2,"{""model__C"": 2.0, ""model__gamma"": 0.01, ""pca__n_components"": 116}",116,2.0,0.01,"{""model__C"": 2.0, ""model__gamma"": 0.01, ""pca__n_components"": 116}",stage3_local_cv,3,0.803125,6.056
stage3_744,stage3_seed_2,"{""model__C"": 2.0, ""model__gamma"": 0.01, ""pca__n_components"": 116}",116,2.0,0.01,"{""model__C"": 2.0, ""model__gamma"": 0.01, ""pca__n_components"": 116}",stage3_local_cv,4,0.8075,5.169
stage3_745,stage3_seed_2,"{""model__C"": 2.0, ""model__gamma"": 0.02, ""pca__n_components"": 116}",116,2.0,0.02,"{""model__C"": 2.0, ""model__gamma"": 0.02, ""pca__n_components"": 116}",stage3_local_cv,0,0.806875,6.588
stage3_745,stage3_seed_2,"{""model__C"": 2.0, ""model__gamma"": 0.02, ""pca__n_components"": 116}",116,2.0,0.02,"{""model__C"": 2.0, ""model__gamma"": 0.02, ""pca__n_components"": 116}",stage3_local_cv,1,0.804375,6.307
stage3_745,stage3_seed_2,"{""model__C"": 2.0, ""model__gamma"": 0.02, ""pca__n_components"": 116}",116,2.0,0.02,"{""model__C"": 2.0, ""model__gamma"": 0.02, ""pca__n_components"": 116}",stage3_local_cv,2,0.795625,5.183
stage3_745,stage3_seed_2,"{""model__C"": 2.0, ""model__gamma"": 0.02, ""pca__n_components"": 116}",116,2.0,0.02,"{""model__C"": 2.0, ""model__gamma"": 0.02, ""pca__n_components"": 116}",stage3_local_cv,3,0.805625,5.398
stage3_745,stage3_seed_2,"{""model__C"": 2.0, ""model__gamma"": 0.02, ""pca__n_components"": 116}",116,2.0,0.02,"{""model__C"": 2.0, ""model__gamma"": 0.02, ""pca__n_components"": 116}",stage3_local_cv,4,0.795625,5.787
stage3_746,stage3_seed_2,"{""model__C"": 2.0, ""model__gamma"": 0.03, ""pca__n_components"": 116}",116,2.0,0.03,"{""model__C"": 2.0, ""model__gamma"": 0.03, ""pca__n_components"": 116}",stage3_local_cv,0,0.7775,4.894
stage3_746,stage3_seed_2,"{""model__C"": 2.0, ""model__gamma"": 0.03, ""pca__n_components"": 116}",116,2.0,0.03,"{""model__C"": 2.0, ""model__gamma"": 0.03, ""pca__n_components"": 116}",stage3_local_cv,1,0.784375,4.904
stage3_746,stage3_seed_2,"{""model__C"": 2.0, ""model__gamma"": 0.03, ""pca__n_components"": 116}",116,2.0,0.03,"{""model__C"": 2.0, ""model__gamma"": 0.03, ""pca__n_components"": 116}",stage3_local_cv,2,0.765,6.437
stage3_746,stage3_seed_2,"{""model__C"": 2.0, ""model__gamma"": 0.03, ""pca__n_components"": 116}",116,2.0,0.03,"{""model__C"": 2.0, ""model__gamma"": 0.03, ""pca__n_components"": 116}",stage3_local_cv,3,0.779375,4.844
stage3_746,stage3_seed_2,"{""model__C"": 2.0, ""model__gamma"": 0.03, ""pca__n_components"": 116}",116,2.0,0.03,"{""model__C"": 2.0, ""model__gamma"": 0.03, ""pca__n_components"": 116}",stage3_local_cv,4,0.769375,5.876
stage3_747,stage3_seed_2,"{""model__C"": 2.0, ""model__gamma"": 0.04, ""pca__n_components"": 116}",116,2.0,0.04,"{""model__C"": 2.0, ""model__gamma"": 0.04, ""pca__n_components"": 116}",stage3_local_cv,0,0.758125,4.924
stage3_747,stage3_seed_2,"{""model__C"": 2.0, ""model__gamma"": 0.04, ""pca__n_components"": 116}",116,2.0,0.04,"{""model__C"": 2.0, ""model__gamma"": 0.04, ""pca__n_components"": 116}",stage3_local_cv,1,0.763125,6.3
stage3_747,stage3_seed_2,"{""model__C"": 2.0, ""model__gamma"": 0.04, ""pca__n_components"": 116}",116,2.0,0.04,"{""model__C"": 2.0, ""model__gamma"": 0.04, ""pca__n_components"": 116}",stage3_local_cv,2,0.74125,5.113
stage3_747,stage3_seed_2,"{""model__C"": 2.0, ""model__gamma"": 0.04, ""pca__n_components"": 116}",116,2.0,0.04,"{""model__C"": 2.0, ""model__gamma"": 0.04, ""pca__n_components"": 116}",stage3_local_cv,3,0.7675,6.229
stage3_747,stage3_seed_2,"{""model__C"": 2.0, ""model__gamma"": 0.04, ""pca__n_components"": 116}",116,2.0,0.04,"{""model__C"": 2.0, ""model__gamma"": 0.04, ""pca__n_components"": 116}",stage3_local_cv,4,0.753125,5.113
stage3_748,stage3_seed_2,"{""model__C"": 2.0, ""model__gamma"": 0.08, ""pca__n_components"": 116}",116,2.0,0.08,"{""model__C"": 2.0, ""model__gamma"": 0.08, ""pca__n_components"": 116}",stage3_local_cv,0,0.54625,6.127
stage3_748,stage3_seed_2,"{""model__C"": 2.0, ""model__gamma"": 0.08, ""pca__n_components"": 116}",116,2.0,0.08,"{""model__C"": 2.0, ""model__gamma"": 0.08, ""pca__n_components"": 116}",stage3_local_cv,1,0.5575,4.82
stage3_748,stage3_seed_2,"{""model__C"": 2.0, ""model__gamma"": 0.08, ""pca__n_components"": 116}",116,2.0,0.08,"{""model__C"": 2.0, ""model__gamma"": 0.08, ""pca__n_components"": 116}",stage3_local_cv,2,0.62125,5.767
stage3_748,stage3_seed_2,"{""model__C"": 2.0, ""model__gamma"": 0.08, ""pca__n_components"": 116}",116,2.0,0.08,"{""model__C"": 2.0, ""model__gamma"": 0.08, ""pca__n_components"": 116}",stage3_local_cv,3,0.651875,4.746
stage3_748,stage3_seed_2,"{""model__C"": 2.0, ""model__gamma"": 0.08, ""pca__n_components"": 116}",116,2.0,0.08,"{""model__C"": 2.0, ""model__gamma"": 0.08, ""pca__n_components"": 116}",stage3_local_cv,4,0.58875,6.5
stage3_749,stage3_seed_2,"{""model__C"": 3.0, ""model__gamma"": ""scale"", ""pca__n_components"": 116}",116,3.0,scale,"{""model__C"": 3.0, ""model__gamma"": ""scale"", ""pca__n_components"": 116}",stage3_local_cv,0,0.78375,4.672
stage3_749,stage3_seed_2,"{""model__C"": 3.0, ""model__gamma"": ""scale"", ""pca__n_components"": 116}",116,3.0,scale,"{""model__C"": 3.0, ""model__gamma"": ""scale"", ""pca__n_components"": 116}",stage3_local_cv,1,0.78,5.015
stage3_749,stage3_seed_2,"{""model__C"": 3.0, ""model__gamma"": ""scale"", ""pca__n_components"": 116}",116,3.0,scale,"{""model__C"": 3.0, ""model__gamma"": ""scale"", ""pca__n_components"": 116}",stage3_local_cv,2,0.776875,5.365
stage3_749,stage3_seed_2,"{""model__C"": 3.0, ""model__gamma"": ""scale"", ""pca__n_components"": 116}",116,3.0,scale,"{""model__C"": 3.0, ""model__gamma"": ""scale"", ""pca__n_components"": 116}",stage3_local_cv,3,0.779375,5.972
stage3_749,stage3_seed_2,"{""model__C"": 3.0, ""model__gamma"": ""scale"", ""pca__n_components"": 116}",116,3.0,scale,"{""model__C"": 3.0, ""model__gamma"": ""scale"", ""pca__n_components"": 116}",stage3_local_cv,4,0.77375,4.756
stage3_750,stage3_seed_2,"{""model__C"": 3.0, ""model__gamma"": 0.005, ""pca__n_components"": 116}",116,3.0,0.005,"{""model__C"": 3.0, ""model__gamma"": 0.005, ""pca__n_components"": 116}",stage3_local_cv,0,0.7825,5.818
stage3_750,stage3_seed_2,"{""model__C"": 3.0, ""model__gamma"": 0.005, ""pca__n_components"": 116}",116,3.0,0.005,"{""model__C"": 3.0, ""model__gamma"": 0.005, ""pca__n_components"": 116}",stage3_local_cv,1,0.7775,5.693
stage3_750,stage3_seed_2,"{""model__C"": 3.0, ""model__gamma"": 0.005, ""pca__n_components"": 116}",116,3.0,0.005,"{""model__C"": 3.0, ""model__gamma"": 0.005, ""pca__n_components"": 116}",stage3_local_cv,2,0.775,4.743
stage3_750,stage3_seed_2,"{""model__C"": 3.0, ""model__gamma"": 0.005, ""pca__n_components"": 116}",116,3.0,0.005,"{""model__C"": 3.0, ""model__gamma"": 0.005, ""pca__n_components"": 116}",stage3_local_cv,3,0.7775,4.656
stage3_750,stage3_seed_2,"{""model__C"": 3.0, ""model__gamma"": 0.005, ""pca__n_components"": 116}",116,3.0,0.005,"{""model__C"": 3.0, ""model__gamma"": 0.005, ""pca__n_components"": 116}",stage3_local_cv,4,0.7725,6.078
stage3_751,stage3_seed_2,"{""model__C"": 3.0, ""model__gamma"": 0.01, ""pca__n_components"": 116}",116,3.0,0.01,"{""model__C"": 3.0, ""model__gamma"": 0.01, ""pca__n_components"": 116}",stage3_local_cv,0,0.816875,5.119
stage3_751,stage3_seed_2,"{""model__C"": 3.0, ""model__gamma"": 0.01, ""pca__n_components"": 116}",116,3.0,0.01,"{""model__C"": 3.0, ""model__gamma"": 0.01, ""pca__n_components"": 116}",stage3_local_cv,1,0.80875,5.024
stage3_751,stage3_seed_2,"{""model__C"": 3.0, ""model__gamma"": 0.01, ""pca__n_components"": 116}",116,3.0,0.01,"{""model__C"": 3.0, ""model__gamma"": 0.01, ""pca__n_components"": 116}",stage3_local_cv,2,0.808125,6.476
stage3_751,stage3_seed_2,"{""model__C"": 3.0, ""model__gamma"": 0.01, ""pca__n_components"": 116}",116,3.0,0.01,"{""model__C"": 3.0, ""model__gamma"": 0.01, ""pca__n_components"": 116}",stage3_local_cv,3,0.806875,5.11
stage3_751,stage3_seed_2,"{""model__C"": 3.0, ""model__gamma"": 0.01, ""pca__n_components"": 116}",116,3.0,0.01,"{""model__C"": 3.0, ""model__gamma"": 0.01, ""pca__n_components"": 116}",stage3_local_cv,4,0.813125,5.338
stage3_752,stage3_seed_2,"{""model__C"": 3.0, ""model__gamma"": 0.02, ""pca__n_components"": 116}",116,3.0,0.02,"{""model__C"": 3.0, ""model__gamma"": 0.02, ""pca__n_components"": 116}",stage3_local_cv,0,0.805625,5.367
stage3_752,stage3_seed_2,"{""model__C"": 3.0, ""model__gamma"": 0.02, ""pca__n_components"": 116}",116,3.0,0.02,"{""model__C"": 3.0, ""model__gamma"": 0.02, ""pca__n_components"": 116}",stage3_local_cv,1,0.80625,6.516
stage3_752,stage3_seed_2,"{""model__C"": 3.0, ""model__gamma"": 0.02, ""pca__n_components"": 116}",116,3.0,0.02,"{""model__C"": 3.0, ""model__gamma"": 0.02, ""pca__n_components"": 116}",stage3_local_cv,2,0.79625,5.119
stage3_752,stage3_seed_2,"{""model__C"": 3.0, ""model__gamma"": 0.02, ""pca__n_components"": 116}",116,3.0,0.02,"{""model__C"": 3.0, ""model__gamma"": 0.02, ""pca__n_components"": 116}",stage3_local_cv,3,0.801875,6.174
stage3_752,stage3_seed_2,"{""model__C"": 3.0, ""model__gamma"": 0.02, ""pca__n_components"": 116}",116,3.0,0.02,"{""model__C"": 3.0, ""model__gamma"": 0.02, ""pca__n_components"": 116}",stage3_local_cv,4,0.796875,5.789
stage3_753,stage3_seed_2,"{""model__C"": 3.0, ""model__gamma"": 0.03, ""pca__n_components"": 116}",116,3.0,0.03,"{""model__C"": 3.0, ""model__gamma"": 0.03, ""pca__n_components"": 116}",stage3_local_cv,0,0.77875,6.026
stage3_753,stage3_seed_2,"{""model__C"": 3.0, ""model__gamma"": 0.03, ""pca__n_components"": 116}",116,3.0,0.03,"{""model__C"": 3.0, ""model__gamma"": 0.03, ""pca__n_components"": 116}",stage3_local_cv,1,0.78375,4.867
stage3_753,stage3_seed_2,"{""model__C"": 3.0, ""model__gamma"": 0.03, ""pca__n_components"": 116}",116,3.0,0.03,"{""model__C"": 3.0, ""model__gamma"": 0.03, ""pca__n_components"": 116}",stage3_local_cv,2,0.765,6.522
stage3_753,stage3_seed_2,"{""model__C"": 3.0, ""model__gamma"": 0.03, ""pca__n_components"": 116}",116,3.0,0.03,"{""model__C"": 3.0, ""model__gamma"": 0.03, ""pca__n_components"": 116}",stage3_local_cv,3,0.776875,4.888
stage3_753,stage3_seed_2,"{""model__C"": 3.0, ""model__gamma"": 0.03, ""pca__n_components"": 116}",116,3.0,0.03,"{""model__C"": 3.0, ""model__gamma"": 0.03, ""pca__n_components"": 116}",stage3_local_cv,4,0.770625,5.922
stage3_754,stage3_seed_2,"{""model__C"": 3.0, ""model__gamma"": 0.04, ""pca__n_components"": 116}",116,3.0,0.04,"{""model__C"": 3.0, ""model__gamma"": 0.04, ""pca__n_components"": 116}",stage3_local_cv,0,0.7575,4.939
stage3_754,stage3_seed_2,"{""model__C"": 3.0, ""model__gamma"": 0.04, ""pca__n_components"": 116}",116,3.0,0.04,"{""model__C"": 3.0, ""model__gamma"": 0.04, ""pca__n_components"": 116}",stage3_local_cv,1,0.76625,7.851
stage3_754,stage3_seed_2,"{""model__C"": 3.0, ""model__gamma"": 0.04, ""pca__n_components"": 116}",116,3.0,0.04,"{""model__C"": 3.0, ""model__gamma"": 0.04, ""pca__n_components"": 116}",stage3_local_cv,2,0.743125,5.008
stage3_754,stage3_seed_2,"{""model__C"": 3.0, ""model__gamma"": 0.04, ""pca__n_components"": 116}",116,3.0,0.04,"{""model__C"": 3.0, ""model__gamma"": 0.04, ""pca__n_components"": 116}",stage3_local_cv,3,0.765625,6.416
stage3_754,stage3_seed_2,"{""model__C"": 3.0, ""model__gamma"": 0.04, ""pca__n_components"": 116}",116,3.0,0.04,"{""model__C"": 3.0, ""model__gamma"": 0.04, ""pca__n_components"": 116}",stage3_local_cv,4,0.753125,5.161
stage3_755,stage3_seed_2,"{""model__C"": 3.0, ""model__gamma"": 0.08, ""pca__n_components"": 116}",116,3.0,0.08,"{""model__C"": 3.0, ""model__gamma"": 0.08, ""pca__n_components"": 116}",stage3_local_cv,0,0.54625,6.26
stage3_755,stage3_seed_2,"{""model__C"": 3.0, ""model__gamma"": 0.08, ""pca__n_components"": 116}",116,3.0,0.08,"{""model__C"": 3.0, ""model__gamma"": 0.08, ""pca__n_components"": 116}",stage3_local_cv,1,0.555,4.984
stage3_755,stage3_seed_2,"{""model__C"": 3.0, ""model__gamma"": 0.08, ""pca__n_components"": 116}",116,3.0,0.08,"{""model__C"": 3.0, ""model__gamma"": 0.08, ""pca__n_components"": 116}",stage3_local_cv,2,0.615625,5.84
stage3_755,stage3_seed_2,"{""model__C"": 3.0, ""model__gamma"": 0.08, ""pca__n_components"": 116}",116,3.0,0.08,"{""model__C"": 3.0, ""model__gamma"": 0.08, ""pca__n_components"": 116}",stage3_local_cv,3,0.64875,4.853
stage3_755,stage3_seed_2,"{""model__C"": 3.0, ""model__gamma"": 0.08, ""pca__n_components"": 116}",116,3.0,0.08,"{""model__C"": 3.0, ""model__gamma"": 0.08, ""pca__n_components"": 116}",stage3_local_cv,4,0.584375,6.466
stage3_756,stage3_seed_2,"{""model__C"": 4.0, ""model__gamma"": ""scale"", ""pca__n_components"": 116}",116,4.0,scale,"{""model__C"": 4.0, ""model__gamma"": ""scale"", ""pca__n_components"": 116}",stage3_local_cv,0,0.79625,4.923
stage3_756,stage3_seed_2,"{""model__C"": 4.0, ""model__gamma"": ""scale"", ""pca__n_components"": 116}",116,4.0,scale,"{""model__C"": 4.0, ""model__gamma"": ""scale"", ""pca__n_components"": 116}",stage3_local_cv,1,0.789375,5.354
stage3_756,stage3_seed_2,"{""model__C"": 4.0, ""model__gamma"": ""scale"", ""pca__n_components"": 116}",116,4.0,scale,"{""model__C"": 4.0, ""model__gamma"": ""scale"", ""pca__n_components"": 116}",stage3_local_cv,2,0.788125,5.431
stage3_756,stage3_seed_2,"{""model__C"": 4.0, ""model__gamma"": ""scale"", ""pca__n_components"": 116}",116,4.0,scale,"{""model__C"": 4.0, ""model__gamma"": ""scale"", ""pca__n_components"": 116}",stage3_local_cv,3,0.785625,5.233
stage3_756,stage3_seed_2,"{""model__C"": 4.0, ""model__gamma"": ""scale"", ""pca__n_components"": 116}",116,4.0,scale,"{""model__C"": 4.0, ""model__gamma"": ""scale"", ""pca__n_components"": 116}",stage3_local_cv,4,0.790625,5.015
stage3_757,stage3_seed_2,"{""model__C"": 4.0, ""model__gamma"": 0.005, ""pca__n_components"": 116}",116,4.0,0.005,"{""model__C"": 4.0, ""model__gamma"": 0.005, ""pca__n_components"": 116}",stage3_local_cv,0,0.79625,5.812
stage3_757,stage3_seed_2,"{""model__C"": 4.0, ""model__gamma"": 0.005, ""pca__n_components"": 116}",116,4.0,0.005,"{""model__C"": 4.0, ""model__gamma"": 0.005, ""pca__n_components"": 116}",stage3_local_cv,1,0.789375,5.77
stage3_757,stage3_seed_2,"{""model__C"": 4.0, ""model__gamma"": 0.005, ""pca__n_components"": 116}",116,4.0,0.005,"{""model__C"": 4.0, ""model__gamma"": 0.005, ""pca__n_components"": 116}",stage3_local_cv,2,0.78875,4.918
stage3_757,stage3_seed_2,"{""model__C"": 4.0, ""model__gamma"": 0.005, ""pca__n_components"": 116}",116,4.0,0.005,"{""model__C"": 4.0, ""model__gamma"": 0.005, ""pca__n_components"": 116}",stage3_local_cv,3,0.784375,5.629
stage3_757,stage3_seed_2,"{""model__C"": 4.0, ""model__gamma"": 0.005, ""pca__n_components"": 116}",116,4.0,0.005,"{""model__C"": 4.0, ""model__gamma"": 0.005, ""pca__n_components"": 116}",stage3_local_cv,4,0.789375,6.136
stage3_758,stage3_seed_2,"{""model__C"": 4.0, ""model__gamma"": 0.01, ""pca__n_components"": 116}",116,4.0,0.01,"{""model__C"": 4.0, ""model__gamma"": 0.01, ""pca__n_components"": 116}",stage3_local_cv,0,0.81875,5.621
stage3_758,stage3_seed_2,"{""model__C"": 4.0, ""model__gamma"": 0.01, ""pca__n_components"": 116}",116,4.0,0.01,"{""model__C"": 4.0, ""model__gamma"": 0.01, ""pca__n_components"": 116}",stage3_local_cv,1,0.804375,5.1
stage3_758,stage3_seed_2,"{""model__C"": 4.0, ""model__gamma"": 0.01, ""pca__n_components"": 116}",116,4.0,0.01,"{""model__C"": 4.0, ""model__gamma"": 0.01, ""pca__n_components"": 116}",stage3_local_cv,2,0.8025,6.486
stage3_758,stage3_seed_2,"{""model__C"": 4.0, ""model__gamma"": 0.01, ""pca__n_components"": 116}",116,4.0,0.01,"{""model__C"": 4.0, ""model__gamma"": 0.01, ""pca__n_components"": 116}",stage3_local_cv,3,0.8,5.05
stage3_758,stage3_seed_2,"{""model__C"": 4.0, ""model__gamma"": 0.01, ""pca__n_components"": 116}",116,4.0,0.01,"{""model__C"": 4.0, ""model__gamma"": 0.01, ""pca__n_components"": 116}",stage3_local_cv,4,0.811875,5.363
stage3_759,stage3_seed_2,"{""model__C"": 4.0, ""model__gamma"": 0.02, ""pca__n_components"": 116}",116,4.0,0.02,"{""model__C"": 4.0, ""model__gamma"": 0.02, ""pca__n_components"": 116}",stage3_local_cv,0,0.80375,4.876
stage3_759,stage3_seed_2,"{""model__C"": 4.0, ""model__gamma"": 0.02, ""pca__n_components"": 116}",116,4.0,0.02,"{""model__C"": 4.0, ""model__gamma"": 0.02, ""pca__n_components"": 116}",stage3_local_cv,1,0.80625,6.322
stage3_759,stage3_seed_2,"{""model__C"": 4.0, ""model__gamma"": 0.02, ""pca__n_components"": 116}",116,4.0,0.02,"{""model__C"": 4.0, ""model__gamma"": 0.02, ""pca__n_components"": 116}",stage3_local_cv,2,0.79625,5.184
stage3_759,stage3_seed_2,"{""model__C"": 4.0, ""model__gamma"": 0.02, ""pca__n_components"": 116}",116,4.0,0.02,"{""model__C"": 4.0, ""model__gamma"": 0.02, ""pca__n_components"": 116}",stage3_local_cv,3,0.7975,6.161
stage3_759,stage3_seed_2,"{""model__C"": 4.0, ""model__gamma"": 0.02, ""pca__n_components"": 116}",116,4.0,0.02,"{""model__C"": 4.0, ""model__gamma"": 0.02, ""pca__n_components"": 116}",stage3_local_cv,4,0.794375,6.47
stage3_760,stage3_seed_2,"{""model__C"": 4.0, ""model__gamma"": 0.03, ""pca__n_components"": 116}",116,4.0,0.03,"{""model__C"": 4.0, ""model__gamma"": 0.03, ""pca__n_components"": 116}",stage3_local_cv,0,0.780625,6.244
stage3_760,stage3_seed_2,"{""model__C"": 4.0, ""model__gamma"": 0.03, ""pca__n_components"": 116}",116,4.0,0.03,"{""model__C"": 4.0, ""model__gamma"": 0.03, ""pca__n_components"": 116}",stage3_local_cv,1,0.781875,4.864
stage3_760,stage3_seed_2,"{""model__C"": 4.0, ""model__gamma"": 0.03, ""pca__n_components"": 116}",116,4.0,0.03,"{""model__C"": 4.0, ""model__gamma"": 0.03, ""pca__n_components"": 116}",stage3_local_cv,2,0.7675,6.431
stage3_760,stage3_seed_2,"{""model__C"": 4.0, ""model__gamma"": 0.03, ""pca__n_components"": 116}",116,4.0,0.03,"{""model__C"": 4.0, ""model__gamma"": 0.03, ""pca__n_components"": 116}",stage3_local_cv,3,0.776875,4.938
stage3_760,stage3_seed_2,"{""model__C"": 4.0, ""model__gamma"": 0.03, ""pca__n_components"": 116}",116,4.0,0.03,"{""model__C"": 4.0, ""model__gamma"": 0.03, ""pca__n_components"": 116}",stage3_local_cv,4,0.771875,5.516
stage3_761,stage3_seed_2,"{""model__C"": 4.0, ""model__gamma"": 0.04, ""pca__n_components"": 116}",116,4.0,0.04,"{""model__C"": 4.0, ""model__gamma"": 0.04, ""pca__n_components"": 116}",stage3_local_cv,0,0.75875,4.996
stage3_761,stage3_seed_2,"{""model__C"": 4.0, ""model__gamma"": 0.04, ""pca__n_components"": 116}",116,4.0,0.04,"{""model__C"": 4.0, ""model__gamma"": 0.04, ""pca__n_components"": 116}",stage3_local_cv,1,0.768125,6.533
stage3_761,stage3_seed_2,"{""model__C"": 4.0, ""model__gamma"": 0.04, ""pca__n_components"": 116}",116,4.0,0.04,"{""model__C"": 4.0, ""model__gamma"": 0.04, ""pca__n_components"": 116}",stage3_local_cv,2,0.745,5.093
stage3_761,stage3_seed_2,"{""model__C"": 4.0, ""model__gamma"": 0.04, ""pca__n_components"": 116}",116,4.0,0.04,"{""model__C"": 4.0, ""model__gamma"": 0.04, ""pca__n_components"": 116}",stage3_local_cv,3,0.76375,6.152
stage3_761,stage3_seed_2,"{""model__C"": 4.0, ""model__gamma"": 0.04, ""pca__n_components"": 116}",116,4.0,0.04,"{""model__C"": 4.0, ""model__gamma"": 0.04, ""pca__n_components"": 116}",stage3_local_cv,4,0.754375,5.198
stage3_762,stage3_seed_2,"{""model__C"": 4.0, ""model__gamma"": 0.08, ""pca__n_components"": 116}",116,4.0,0.08,"{""model__C"": 4.0, ""model__gamma"": 0.08, ""pca__n_components"": 116}",stage3_local_cv,0,0.544375,6.494
stage3_762,stage3_seed_2,"{""model__C"": 4.0, ""model__gamma"": 0.08, ""pca__n_components"": 116}",116,4.0,0.08,"{""model__C"": 4.0, ""model__gamma"": 0.08, ""pca__n_components"": 116}",stage3_local_cv,1,0.551875,4.99
stage3_762,stage3_seed_2,"{""model__C"": 4.0, ""model__gamma"": 0.08, ""pca__n_components"": 116}",116,4.0,0.08,"{""model__C"": 4.0, ""model__gamma"": 0.08, ""pca__n_components"": 116}",stage3_local_cv,2,0.61,6.223
stage3_762,stage3_seed_2,"{""model__C"": 4.0, ""model__gamma"": 0.08, ""pca__n_components"": 116}",116,4.0,0.08,"{""model__C"": 4.0, ""model__gamma"": 0.08, ""pca__n_components"": 116}",stage3_local_cv,3,0.6275,5.101
stage3_762,stage3_seed_2,"{""model__C"": 4.0, ""model__gamma"": 0.08, ""pca__n_components"": 116}",116,4.0,0.08,"{""model__C"": 4.0, ""model__gamma"": 0.08, ""pca__n_components"": 116}",stage3_local_cv,4,0.576875,6.493
stage3_763,stage3_seed_2,"{""model__C"": 6.0, ""model__gamma"": ""scale"", ""pca__n_components"": 116}",116,6.0,scale,"{""model__C"": 6.0, ""model__gamma"": ""scale"", ""pca__n_components"": 116}",stage3_local_cv,0,0.811875,5.356
stage3_763,stage3_seed_2,"{""model__C"": 6.0, ""model__gamma"": ""scale"", ""pca__n_components"": 116}",116,6.0,scale,"{""model__C"": 6.0, ""model__gamma"": ""scale"", ""pca__n_components"": 116}",stage3_local_cv,1,0.805625,6.55
stage3_763,stage3_seed_2,"{""model__C"": 6.0, ""model__gamma"": ""scale"", ""pca__n_components"": 116}",116,6.0,scale,"{""model__C"": 6.0, ""model__gamma"": ""scale"", ""pca__n_components"": 116}",stage3_local_cv,2,0.799375,6.304
stage3_763,stage3_seed_2,"{""model__C"": 6.0, ""model__gamma"": ""scale"", ""pca__n_components"": 116}",116,6.0,scale,"{""model__C"": 6.0, ""model__gamma"": ""scale"", ""pca__n_components"": 116}",stage3_local_cv,3,0.79875,5.247
stage3_763,stage3_seed_2,"{""model__C"": 6.0, ""model__gamma"": ""scale"", ""pca__n_components"": 116}",116,6.0,scale,"{""model__C"": 6.0, ""model__gamma"": ""scale"", ""pca__n_components"": 116}",stage3_local_cv,4,0.795,5.613
stage3_764,stage3_seed_2,"{""model__C"": 6.0, ""model__gamma"": 0.005, ""pca__n_components"": 116}",116,6.0,0.005,"{""model__C"": 6.0, ""model__gamma"": 0.005, ""pca__n_components"": 116}",stage3_local_cv,0,0.80875,7.129
stage3_764,stage3_seed_2,"{""model__C"": 6.0, ""model__gamma"": 0.005, ""pca__n_components"": 116}",116,6.0,0.005,"{""model__C"": 6.0, ""model__gamma"": 0.005, ""pca__n_components"": 116}",stage3_local_cv,1,0.805,6.108
stage3_764,stage3_seed_2,"{""model__C"": 6.0, ""model__gamma"": 0.005, ""pca__n_components"": 116}",116,6.0,0.005,"{""model__C"": 6.0, ""model__gamma"": 0.005, ""pca__n_components"": 116}",stage3_local_cv,2,0.801875,6.545
stage3_764,stage3_seed_2,"{""model__C"": 6.0, ""model__gamma"": 0.005, ""pca__n_components"": 116}",116,6.0,0.005,"{""model__C"": 6.0, ""model__gamma"": 0.005, ""pca__n_components"": 116}",stage3_local_cv,3,0.79875,7.031
stage3_764,stage3_seed_2,"{""model__C"": 6.0, ""model__gamma"": 0.005, ""pca__n_components"": 116}",116,6.0,0.005,"{""model__C"": 6.0, ""model__gamma"": 0.005, ""pca__n_components"": 116}",stage3_local_cv,4,0.794375,7.411
stage3_765,stage3_seed_2,"{""model__C"": 6.0, ""model__gamma"": 0.01, ""pca__n_components"": 116}",116,6.0,0.01,"{""model__C"": 6.0, ""model__gamma"": 0.01, ""pca__n_components"": 116}",stage3_local_cv,0,0.815,5.275
stage3_765,stage3_seed_2,"{""model__C"": 6.0, ""model__gamma"": 0.01, ""pca__n_components"": 116}",116,6.0,0.01,"{""model__C"": 6.0, ""model__gamma"": 0.01, ""pca__n_components"": 116}",stage3_local_cv,1,0.80625,5.128
stage3_765,stage3_seed_2,"{""model__C"": 6.0, ""model__gamma"": 0.01, ""pca__n_components"": 116}",116,6.0,0.01,"{""model__C"": 6.0, ""model__gamma"": 0.01, ""pca__n_components"": 116}",stage3_local_cv,2,0.81375,5.68
stage3_765,stage3_seed_2,"{""model__C"": 6.0, ""model__gamma"": 0.01, ""pca__n_components"": 116}",116,6.0,0.01,"{""model__C"": 6.0, ""model__gamma"": 0.01, ""pca__n_components"": 116}",stage3_local_cv,3,0.804375,5.057
stage3_765,stage3_seed_2,"{""model__C"": 6.0, ""model__gamma"": 0.01, ""pca__n_components"": 116}",116,6.0,0.01,"{""model__C"": 6.0, ""model__gamma"": 0.01, ""pca__n_components"": 116}",stage3_local_cv,4,0.809375,5.348
stage3_766,stage3_seed_2,"{""model__C"": 6.0, ""model__gamma"": 0.02, ""pca__n_components"": 116}",116,6.0,0.02,"{""model__C"": 6.0, ""model__gamma"": 0.02, ""pca__n_components"": 116}",stage3_local_cv,0,0.8025,4.917
stage3_766,stage3_seed_2,"{""model__C"": 6.0, ""model__gamma"": 0.02, ""pca__n_components"": 116}",116,6.0,0.02,"{""model__C"": 6.0, ""model__gamma"": 0.02, ""pca__n_components"": 116}",stage3_local_cv,1,0.805,6.459
stage3_766,stage3_seed_2,"{""model__C"": 6.0, ""model__gamma"": 0.02, ""pca__n_components"": 116}",116,6.0,0.02,"{""model__C"": 6.0, ""model__gamma"": 0.02, ""pca__n_components"": 116}",stage3_local_cv,2,0.79625,5.117
stage3_766,stage3_seed_2,"{""model__C"": 6.0, ""model__gamma"": 0.02, ""pca__n_components"": 116}",116,6.0,0.02,"{""model__C"": 6.0, ""model__gamma"": 0.02, ""pca__n_components"": 116}",stage3_local_cv,3,0.799375,6.245
stage3_766,stage3_seed_2,"{""model__C"": 6.0, ""model__gamma"": 0.02, ""pca__n_components"": 116}",116,6.0,0.02,"{""model__C"": 6.0, ""model__gamma"": 0.02, ""pca__n_components"": 116}",stage3_local_cv,4,0.793125,6.511
stage3_767,stage3_seed_2,"{""model__C"": 6.0, ""model__gamma"": 0.03, ""pca__n_components"": 116}",116,6.0,0.03,"{""model__C"": 6.0, ""model__gamma"": 0.03, ""pca__n_components"": 116}",stage3_local_cv,0,0.779375,6.34
stage3_767,stage3_seed_2,"{""model__C"": 6.0, ""model__gamma"": 0.03, ""pca__n_components"": 116}",116,6.0,0.03,"{""model__C"": 6.0, ""model__gamma"": 0.03, ""pca__n_components"": 116}",stage3_local_cv,1,0.7825,5.763
stage3_767,stage3_seed_2,"{""model__C"": 6.0, ""model__gamma"": 0.03, ""pca__n_components"": 116}",116,6.0,0.03,"{""model__C"": 6.0, ""model__gamma"": 0.03, ""pca__n_components"": 116}",stage3_local_cv,2,0.766875,6.292
stage3_767,stage3_seed_2,"{""model__C"": 6.0, ""model__gamma"": 0.03, ""pca__n_components"": 116}",116,6.0,0.03,"{""model__C"": 6.0, ""model__gamma"": 0.03, ""pca__n_components"": 116}",stage3_local_cv,3,0.775,4.851
stage3_767,stage3_seed_2,"{""model__C"": 6.0, ""model__gamma"": 0.03, ""pca__n_components"": 116}",116,6.0,0.03,"{""model__C"": 6.0, ""model__gamma"": 0.03, ""pca__n_components"": 116}",stage3_local_cv,4,0.77375,5.173
stage3_768,stage3_seed_2,"{""model__C"": 6.0, ""model__gamma"": 0.04, ""pca__n_components"": 116}",116,6.0,0.04,"{""model__C"": 6.0, ""model__gamma"": 0.04, ""pca__n_components"": 116}",stage3_local_cv,0,0.7575,4.939
stage3_768,stage3_seed_2,"{""model__C"": 6.0, ""model__gamma"": 0.04, ""pca__n_components"": 116}",116,6.0,0.04,"{""model__C"": 6.0, ""model__gamma"": 0.04, ""pca__n_components"": 116}",stage3_local_cv,1,0.76875,6.294
stage3_768,stage3_seed_2,"{""model__C"": 6.0, ""model__gamma"": 0.04, ""pca__n_components"": 116}",116,6.0,0.04,"{""model__C"": 6.0, ""model__gamma"": 0.04, ""pca__n_components"": 116}",stage3_local_cv,2,0.7425,5.024
stage3_768,stage3_seed_2,"{""model__C"": 6.0, ""model__gamma"": 0.04, ""pca__n_components"": 116}",116,6.0,0.04,"{""model__C"": 6.0, ""model__gamma"": 0.04, ""pca__n_components"": 116}",stage3_local_cv,3,0.76125,6.342
stage3_768,stage3_seed_2,"{""model__C"": 6.0, ""model__gamma"": 0.04, ""pca__n_components"": 116}",116,6.0,0.04,"{""model__C"": 6.0, ""model__gamma"": 0.04, ""pca__n_components"": 116}",stage3_local_cv,4,0.755,6.833
stage3_769,stage3_seed_2,"{""model__C"": 6.0, ""model__gamma"": 0.08, ""pca__n_components"": 116}",116,6.0,0.08,"{""model__C"": 6.0, ""model__gamma"": 0.08, ""pca__n_components"": 116}",stage3_local_cv,0,0.54125,6.542
stage3_769,stage3_seed_2,"{""model__C"": 6.0, ""model__gamma"": 0.08, ""pca__n_components"": 116}",116,6.0,0.08,"{""model__C"": 6.0, ""model__gamma"": 0.08, ""pca__n_components"": 116}",stage3_local_cv,1,0.5475,5.03
stage3_769,stage3_seed_2,"{""model__C"": 6.0, ""model__gamma"": 0.08, ""pca__n_components"": 116}",116,6.0,0.08,"{""model__C"": 6.0, ""model__gamma"": 0.08, ""pca__n_components"": 116}",stage3_local_cv,2,0.59875,6.309
stage3_769,stage3_seed_2,"{""model__C"": 6.0, ""model__gamma"": 0.08, ""pca__n_components"": 116}",116,6.0,0.08,"{""model__C"": 6.0, ""model__gamma"": 0.08, ""pca__n_components"": 116}",stage3_local_cv,3,0.608125,4.938
stage3_769,stage3_seed_2,"{""model__C"": 6.0, ""model__gamma"": 0.08, ""pca__n_components"": 116}",116,6.0,0.08,"{""model__C"": 6.0, ""model__gamma"": 0.08, ""pca__n_components"": 116}",stage3_local_cv,4,0.565,5.149
stage3_770,stage3_seed_2,"{""model__C"": 1.0, ""model__gamma"": ""scale"", ""pca__n_components"": 120}",120,1.0,scale,"{""model__C"": 1.0, ""model__gamma"": ""scale"", ""pca__n_components"": 120}",stage3_local_cv,0,0.75375,4.384
stage3_770,stage3_seed_2,"{""model__C"": 1.0, ""model__gamma"": ""scale"", ""pca__n_components"": 120}",120,1.0,scale,"{""model__C"": 1.0, ""model__gamma"": ""scale"", ""pca__n_components"": 120}",stage3_local_cv,1,0.740625,5.363
stage3_770,stage3_seed_2,"{""model__C"": 1.0, ""model__gamma"": ""scale"", ""pca__n_components"": 120}",120,1.0,scale,"{""model__C"": 1.0, ""model__gamma"": ""scale"", ""pca__n_components"": 120}",stage3_local_cv,2,0.731875,4.439
stage3_770,stage3_seed_2,"{""model__C"": 1.0, ""model__gamma"": ""scale"", ""pca__n_components"": 120}",120,1.0,scale,"{""model__C"": 1.0, ""model__gamma"": ""scale"", ""pca__n_components"": 120}",stage3_local_cv,3,0.74875,4.314
stage3_770,stage3_seed_2,"{""model__C"": 1.0, ""model__gamma"": ""scale"", ""pca__n_components"": 120}",120,1.0,scale,"{""model__C"": 1.0, ""model__gamma"": ""scale"", ""pca__n_components"": 120}",stage3_local_cv,4,0.735625,4.65
stage3_771,stage3_seed_2,"{""model__C"": 1.0, ""model__gamma"": 0.005, ""pca__n_components"": 120}",120,1.0,0.005,"{""model__C"": 1.0, ""model__gamma"": 0.005, ""pca__n_components"": 120}",stage3_local_cv,0,0.7525,4.439
stage3_771,stage3_seed_2,"{""model__C"": 1.0, ""model__gamma"": 0.005, ""pca__n_components"": 120}",120,1.0,0.005,"{""model__C"": 1.0, ""model__gamma"": 0.005, ""pca__n_components"": 120}",stage3_local_cv,1,0.73875,4.888
stage3_771,stage3_seed_2,"{""model__C"": 1.0, ""model__gamma"": 0.005, ""pca__n_components"": 120}",120,1.0,0.005,"{""model__C"": 1.0, ""model__gamma"": 0.005, ""pca__n_components"": 120}",stage3_local_cv,2,0.73,4.845
stage3_771,stage3_seed_2,"{""model__C"": 1.0, ""model__gamma"": 0.005, ""pca__n_components"": 120}",120,1.0,0.005,"{""model__C"": 1.0, ""model__gamma"": 0.005, ""pca__n_components"": 120}",stage3_local_cv,3,0.749375,5.526
stage3_771,stage3_seed_2,"{""model__C"": 1.0, ""model__gamma"": 0.005, ""pca__n_components"": 120}",120,1.0,0.005,"{""model__C"": 1.0, ""model__gamma"": 0.005, ""pca__n_components"": 120}",stage3_local_cv,4,0.735,5.554
stage3_772,stage3_seed_2,"{""model__C"": 1.0, ""model__gamma"": 0.01, ""pca__n_components"": 120}",120,1.0,0.01,"{""model__C"": 1.0, ""model__gamma"": 0.01, ""pca__n_components"": 120}",stage3_local_cv,0,0.785,6.126
stage3_772,stage3_seed_2,"{""model__C"": 1.0, ""model__gamma"": 0.01, ""pca__n_components"": 120}",120,1.0,0.01,"{""model__C"": 1.0, ""model__gamma"": 0.01, ""pca__n_components"": 120}",stage3_local_cv,1,0.7775,4.718
stage3_772,stage3_seed_2,"{""model__C"": 1.0, ""model__gamma"": 0.01, ""pca__n_components"": 120}",120,1.0,0.01,"{""model__C"": 1.0, ""model__gamma"": 0.01, ""pca__n_components"": 120}",stage3_local_cv,2,0.77,5.758
stage3_772,stage3_seed_2,"{""model__C"": 1.0, ""model__gamma"": 0.01, ""pca__n_components"": 120}",120,1.0,0.01,"{""model__C"": 1.0, ""model__gamma"": 0.01, ""pca__n_components"": 120}",stage3_local_cv,3,0.77125,4.758
stage3_772,stage3_seed_2,"{""model__C"": 1.0, ""model__gamma"": 0.01, ""pca__n_components"": 120}",120,1.0,0.01,"{""model__C"": 1.0, ""model__gamma"": 0.01, ""pca__n_components"": 120}",stage3_local_cv,4,0.77125,4.879
stage3_773,stage3_seed_2,"{""model__C"": 1.0, ""model__gamma"": 0.02, ""pca__n_components"": 120}",120,1.0,0.02,"{""model__C"": 1.0, ""model__gamma"": 0.02, ""pca__n_components"": 120}",stage3_local_cv,0,0.7875,5.478
stage3_773,stage3_seed_2,"{""model__C"": 1.0, ""model__gamma"": 0.02, ""pca__n_components"": 120}",120,1.0,0.02,"{""model__C"": 1.0, ""model__gamma"": 0.02, ""pca__n_components"": 120}",stage3_local_cv,1,0.783125,6.701
stage3_773,stage3_seed_2,"{""model__C"": 1.0, ""model__gamma"": 0.02, ""pca__n_components"": 120}",120,1.0,0.02,"{""model__C"": 1.0, ""model__gamma"": 0.02, ""pca__n_components"": 120}",stage3_local_cv,2,0.765,5.453
stage3_773,stage3_seed_2,"{""model__C"": 1.0, ""model__gamma"": 0.02, ""pca__n_components"": 120}",120,1.0,0.02,"{""model__C"": 1.0, ""model__gamma"": 0.02, ""pca__n_components"": 120}",stage3_local_cv,3,0.78375,6.858
stage3_773,stage3_seed_2,"{""model__C"": 1.0, ""model__gamma"": 0.02, ""pca__n_components"": 120}",120,1.0,0.02,"{""model__C"": 1.0, ""model__gamma"": 0.02, ""pca__n_components"": 120}",stage3_local_cv,4,0.770625,6.742
stage3_774,stage3_seed_2,"{""model__C"": 1.0, ""model__gamma"": 0.03, ""pca__n_components"": 120}",120,1.0,0.03,"{""model__C"": 1.0, ""model__gamma"": 0.03, ""pca__n_components"": 120}",stage3_local_cv,0,0.775,6.775
stage3_774,stage3_seed_2,"{""model__C"": 1.0, ""model__gamma"": 0.03, ""pca__n_components"": 120}",120,1.0,0.03,"{""model__C"": 1.0, ""model__gamma"": 0.03, ""pca__n_components"": 120}",stage3_local_cv,1,0.768125,5.481
stage3_774,stage3_seed_2,"{""model__C"": 1.0, ""model__gamma"": 0.03, ""pca__n_components"": 120}",120,1.0,0.03,"{""model__C"": 1.0, ""model__gamma"": 0.03, ""pca__n_components"": 120}",stage3_local_cv,2,0.7525,6.775
stage3_774,stage3_seed_2,"{""model__C"": 1.0, ""model__gamma"": 0.03, ""pca__n_components"": 120}",120,1.0,0.03,"{""model__C"": 1.0, ""model__gamma"": 0.03, ""pca__n_components"": 120}",stage3_local_cv,3,0.7725,5.481
stage3_774,stage3_seed_2,"{""model__C"": 1.0, ""model__gamma"": 0.03, ""pca__n_components"": 120}",120,1.0,0.03,"{""model__C"": 1.0, ""model__gamma"": 0.03, ""pca__n_components"": 120}",stage3_local_cv,4,0.7525,5.62
stage3_775,stage3_seed_2,"{""model__C"": 1.0, ""model__gamma"": 0.04, ""pca__n_components"": 120}",120,1.0,0.04,"{""model__C"": 1.0, ""model__gamma"": 0.04, ""pca__n_components"": 120}",stage3_local_cv,0,0.755,5.526
stage3_775,stage3_seed_2,"{""model__C"": 1.0, ""model__gamma"": 0.04, ""pca__n_components"": 120}",120,1.0,0.04,"{""model__C"": 1.0, ""model__gamma"": 0.04, ""pca__n_components"": 120}",stage3_local_cv,1,0.7575,6.833
stage3_775,stage3_seed_2,"{""model__C"": 1.0, ""model__gamma"": 0.04, ""pca__n_components"": 120}",120,1.0,0.04,"{""model__C"": 1.0, ""model__gamma"": 0.04, ""pca__n_components"": 120}",stage3_local_cv,2,0.74125,5.534
stage3_775,stage3_seed_2,"{""model__C"": 1.0, ""model__gamma"": 0.04, ""pca__n_components"": 120}",120,1.0,0.04,"{""model__C"": 1.0, ""model__gamma"": 0.04, ""pca__n_components"": 120}",stage3_local_cv,3,0.76625,6.15
stage3_775,stage3_seed_2,"{""model__C"": 1.0, ""model__gamma"": 0.04, ""pca__n_components"": 120}",120,1.0,0.04,"{""model__C"": 1.0, ""model__gamma"": 0.04, ""pca__n_components"": 120}",stage3_local_cv,4,0.748125,6.887
stage3_776,stage3_seed_2,"{""model__C"": 1.0, ""model__gamma"": 0.08, ""pca__n_components"": 120}",120,1.0,0.08,"{""model__C"": 1.0, ""model__gamma"": 0.08, ""pca__n_components"": 120}",stage3_local_cv,0,0.52875,7.2
stage3_776,stage3_seed_2,"{""model__C"": 1.0, ""model__gamma"": 0.08, ""pca__n_components"": 120}",120,1.0,0.08,"{""model__C"": 1.0, ""model__gamma"": 0.08, ""pca__n_components"": 120}",stage3_local_cv,1,0.54125,6.204
stage3_776,stage3_seed_2,"{""model__C"": 1.0, ""model__gamma"": 0.08, ""pca__n_components"": 120}",120,1.0,0.08,"{""model__C"": 1.0, ""model__gamma"": 0.08, ""pca__n_components"": 120}",stage3_local_cv,2,0.59125,7.287
stage3_776,stage3_seed_2,"{""model__C"": 1.0, ""model__gamma"": 0.08, ""pca__n_components"": 120}",120,1.0,0.08,"{""model__C"": 1.0, ""model__gamma"": 0.08, ""pca__n_components"": 120}",stage3_local_cv,3,0.590625,6.539
stage3_776,stage3_seed_2,"{""model__C"": 1.0, ""model__gamma"": 0.08, ""pca__n_components"": 120}",120,1.0,0.08,"{""model__C"": 1.0, ""model__gamma"": 0.08, ""pca__n_components"": 120}",stage3_local_cv,4,0.554375,6.162
stage3_777,stage3_seed_2,"{""model__C"": 1.5, ""model__gamma"": ""scale"", ""pca__n_components"": 120}",120,1.5,scale,"{""model__C"": 1.5, ""model__gamma"": ""scale"", ""pca__n_components"": 120}",stage3_local_cv,0,0.765625,4.592
stage3_777,stage3_seed_2,"{""model__C"": 1.5, ""model__gamma"": ""scale"", ""pca__n_components"": 120}",120,1.5,scale,"{""model__C"": 1.5, ""model__gamma"": ""scale"", ""pca__n_components"": 120}",stage3_local_cv,1,0.7575,5.94
stage3_777,stage3_seed_2,"{""model__C"": 1.5, ""model__gamma"": ""scale"", ""pca__n_components"": 120}",120,1.5,scale,"{""model__C"": 1.5, ""model__gamma"": ""scale"", ""pca__n_components"": 120}",stage3_local_cv,2,0.7525,4.557
stage3_777,stage3_seed_2,"{""model__C"": 1.5, ""model__gamma"": ""scale"", ""pca__n_components"": 120}",120,1.5,scale,"{""model__C"": 1.5, ""model__gamma"": ""scale"", ""pca__n_components"": 120}",stage3_local_cv,3,0.76125,4.639
stage3_777,stage3_seed_2,"{""model__C"": 1.5, ""model__gamma"": ""scale"", ""pca__n_components"": 120}",120,1.5,scale,"{""model__C"": 1.5, ""model__gamma"": ""scale"", ""pca__n_components"": 120}",stage3_local_cv,4,0.7525,5.91
stage3_778,stage3_seed_2,"{""model__C"": 1.5, ""model__gamma"": 0.005, ""pca__n_components"": 120}",120,1.5,0.005,"{""model__C"": 1.5, ""model__gamma"": 0.005, ""pca__n_components"": 120}",stage3_local_cv,0,0.76375,4.937
stage3_778,stage3_seed_2,"{""model__C"": 1.5, ""model__gamma"": 0.005, ""pca__n_components"": 120}",120,1.5,0.005,"{""model__C"": 1.5, ""model__gamma"": 0.005, ""pca__n_components"": 120}",stage3_local_cv,1,0.754375,4.786
stage3_778,stage3_seed_2,"{""model__C"": 1.5, ""model__gamma"": 0.005, ""pca__n_components"": 120}",120,1.5,0.005,"{""model__C"": 1.5, ""model__gamma"": 0.005, ""pca__n_components"": 120}",stage3_local_cv,2,0.7475,5.906
stage3_778,stage3_seed_2,"{""model__C"": 1.5, ""model__gamma"": 0.005, ""pca__n_components"": 120}",120,1.5,0.005,"{""model__C"": 1.5, ""model__gamma"": 0.005, ""pca__n_components"": 120}",stage3_local_cv,3,0.759375,5.767
stage3_778,stage3_seed_2,"{""model__C"": 1.5, ""model__gamma"": 0.005, ""pca__n_components"": 120}",120,1.5,0.005,"{""model__C"": 1.5, ""model__gamma"": 0.005, ""pca__n_components"": 120}",stage3_local_cv,4,0.751875,4.696
stage3_779,stage3_seed_2,"{""model__C"": 1.5, ""model__gamma"": 0.01, ""pca__n_components"": 120}",120,1.5,0.01,"{""model__C"": 1.5, ""model__gamma"": 0.01, ""pca__n_components"": 120}",stage3_local_cv,0,0.80375,6.224
stage3_779,stage3_seed_2,"{""model__C"": 1.5, ""model__gamma"": 0.01, ""pca__n_components"": 120}",120,1.5,0.01,"{""model__C"": 1.5, ""model__gamma"": 0.01, ""pca__n_components"": 120}",stage3_local_cv,1,0.795625,5.227
stage3_779,stage3_seed_2,"{""model__C"": 1.5, ""model__gamma"": 0.01, ""pca__n_components"": 120}",120,1.5,0.01,"{""model__C"": 1.5, ""model__gamma"": 0.01, ""pca__n_components"": 120}",stage3_local_cv,2,0.789375,5.319
stage3_779,stage3_seed_2,"{""model__C"": 1.5, ""model__gamma"": 0.01, ""pca__n_components"": 120}",120,1.5,0.01,"{""model__C"": 1.5, ""model__gamma"": 0.01, ""pca__n_components"": 120}",stage3_local_cv,3,0.795,4.994
stage3_779,stage3_seed_2,"{""model__C"": 1.5, ""model__gamma"": 0.01, ""pca__n_components"": 120}",120,1.5,0.01,"{""model__C"": 1.5, ""model__gamma"": 0.01, ""pca__n_components"": 120}",stage3_local_cv,4,0.7975,5.247
stage3_780,stage3_seed_2,"{""model__C"": 1.5, ""model__gamma"": 0.02, ""pca__n_components"": 120}",120,1.5,0.02,"{""model__C"": 1.5, ""model__gamma"": 0.02, ""pca__n_components"": 120}",stage3_local_cv,0,0.80375,5.346
stage3_780,stage3_seed_2,"{""model__C"": 1.5, ""model__gamma"": 0.02, ""pca__n_components"": 120}",120,1.5,0.02,"{""model__C"": 1.5, ""model__gamma"": 0.02, ""pca__n_components"": 120}",stage3_local_cv,1,0.80125,6.844
stage3_780,stage3_seed_2,"{""model__C"": 1.5, ""model__gamma"": 0.02, ""pca__n_components"": 120}",120,1.5,0.02,"{""model__C"": 1.5, ""model__gamma"": 0.02, ""pca__n_components"": 120}",stage3_local_cv,2,0.795,5.853
stage3_780,stage3_seed_2,"{""model__C"": 1.5, ""model__gamma"": 0.02, ""pca__n_components"": 120}",120,1.5,0.02,"{""model__C"": 1.5, ""model__gamma"": 0.02, ""pca__n_components"": 120}",stage3_local_cv,3,0.801875,6.572
stage3_780,stage3_seed_2,"{""model__C"": 1.5, ""model__gamma"": 0.02, ""pca__n_components"": 120}",120,1.5,0.02,"{""model__C"": 1.5, ""model__gamma"": 0.02, ""pca__n_components"": 120}",stage3_local_cv,4,0.795,6.686
stage3_781,stage3_seed_2,"{""model__C"": 1.5, ""model__gamma"": 0.03, ""pca__n_components"": 120}",120,1.5,0.03,"{""model__C"": 1.5, ""model__gamma"": 0.03, ""pca__n_components"": 120}",stage3_local_cv,0,0.7825,6.496
stage3_781,stage3_seed_2,"{""model__C"": 1.5, ""model__gamma"": 0.03, ""pca__n_components"": 120}",120,1.5,0.03,"{""model__C"": 1.5, ""model__gamma"": 0.03, ""pca__n_components"": 120}",stage3_local_cv,1,0.78125,5.154
stage3_781,stage3_seed_2,"{""model__C"": 1.5, ""model__gamma"": 0.03, ""pca__n_components"": 120}",120,1.5,0.03,"{""model__C"": 1.5, ""model__gamma"": 0.03, ""pca__n_components"": 120}",stage3_local_cv,2,0.76375,6.085
stage3_781,stage3_seed_2,"{""model__C"": 1.5, ""model__gamma"": 0.03, ""pca__n_components"": 120}",120,1.5,0.03,"{""model__C"": 1.5, ""model__gamma"": 0.03, ""pca__n_components"": 120}",stage3_local_cv,3,0.77875,5.07
stage3_781,stage3_seed_2,"{""model__C"": 1.5, ""model__gamma"": 0.03, ""pca__n_components"": 120}",120,1.5,0.03,"{""model__C"": 1.5, ""model__gamma"": 0.03, ""pca__n_components"": 120}",stage3_local_cv,4,0.766875,5.221
stage3_782,stage3_seed_2,"{""model__C"": 1.5, ""model__gamma"": 0.04, ""pca__n_components"": 120}",120,1.5,0.04,"{""model__C"": 1.5, ""model__gamma"": 0.04, ""pca__n_components"": 120}",stage3_local_cv,0,0.759375,5.078
stage3_782,stage3_seed_2,"{""model__C"": 1.5, ""model__gamma"": 0.04, ""pca__n_components"": 120}",120,1.5,0.04,"{""model__C"": 1.5, ""model__gamma"": 0.04, ""pca__n_components"": 120}",stage3_local_cv,1,0.76125,6.569
stage3_782,stage3_seed_2,"{""model__C"": 1.5, ""model__gamma"": 0.04, ""pca__n_components"": 120}",120,1.5,0.04,"{""model__C"": 1.5, ""model__gamma"": 0.04, ""pca__n_components"": 120}",stage3_local_cv,2,0.743125,5.217
stage3_782,stage3_seed_2,"{""model__C"": 1.5, ""model__gamma"": 0.04, ""pca__n_components"": 120}",120,1.5,0.04,"{""model__C"": 1.5, ""model__gamma"": 0.04, ""pca__n_components"": 120}",stage3_local_cv,3,0.76625,6.203
stage3_782,stage3_seed_2,"{""model__C"": 1.5, ""model__gamma"": 0.04, ""pca__n_components"": 120}",120,1.5,0.04,"{""model__C"": 1.5, ""model__gamma"": 0.04, ""pca__n_components"": 120}",stage3_local_cv,4,0.75625,6.663
stage3_783,stage3_seed_2,"{""model__C"": 1.5, ""model__gamma"": 0.08, ""pca__n_components"": 120}",120,1.5,0.08,"{""model__C"": 1.5, ""model__gamma"": 0.08, ""pca__n_components"": 120}",stage3_local_cv,0,0.54875,6.726
stage3_783,stage3_seed_2,"{""model__C"": 1.5, ""model__gamma"": 0.08, ""pca__n_components"": 120}",120,1.5,0.08,"{""model__C"": 1.5, ""model__gamma"": 0.08, ""pca__n_components"": 120}",stage3_local_cv,1,0.556875,5.255
stage3_783,stage3_seed_2,"{""model__C"": 1.5, ""model__gamma"": 0.08, ""pca__n_components"": 120}",120,1.5,0.08,"{""model__C"": 1.5, ""model__gamma"": 0.08, ""pca__n_components"": 120}",stage3_local_cv,2,0.611875,6.341
stage3_783,stage3_seed_2,"{""model__C"": 1.5, ""model__gamma"": 0.08, ""pca__n_components"": 120}",120,1.5,0.08,"{""model__C"": 1.5, ""model__gamma"": 0.08, ""pca__n_components"": 120}",stage3_local_cv,3,0.633125,5.471
stage3_783,stage3_seed_2,"{""model__C"": 1.5, ""model__gamma"": 0.08, ""pca__n_components"": 120}",120,1.5,0.08,"{""model__C"": 1.5, ""model__gamma"": 0.08, ""pca__n_components"": 120}",stage3_local_cv,4,0.58125,5.225
stage3_784,stage3_seed_2,"{""model__C"": 2.0, ""model__gamma"": ""scale"", ""pca__n_components"": 120}",120,2.0,scale,"{""model__C"": 2.0, ""model__gamma"": ""scale"", ""pca__n_components"": 120}",stage3_local_cv,0,0.7725,4.652
stage3_784,stage3_seed_2,"{""model__C"": 2.0, ""model__gamma"": ""scale"", ""pca__n_components"": 120}",120,2.0,scale,"{""model__C"": 2.0, ""model__gamma"": ""scale"", ""pca__n_components"": 120}",stage3_local_cv,1,0.761875,5.967
stage3_784,stage3_seed_2,"{""model__C"": 2.0, ""model__gamma"": ""scale"", ""pca__n_components"": 120}",120,2.0,scale,"{""model__C"": 2.0, ""model__gamma"": ""scale"", ""pca__n_components"": 120}",stage3_local_cv,2,0.7625,4.683
stage3_784,stage3_seed_2,"{""model__C"": 2.0, ""model__gamma"": ""scale"", ""pca__n_components"": 120}",120,2.0,scale,"{""model__C"": 2.0, ""model__gamma"": ""scale"", ""pca__n_components"": 120}",stage3_local_cv,3,0.765625,4.591
stage3_784,stage3_seed_2,"{""model__C"": 2.0, ""model__gamma"": ""scale"", ""pca__n_components"": 120}",120,2.0,scale,"{""model__C"": 2.0, ""model__gamma"": ""scale"", ""pca__n_components"": 120}",stage3_local_cv,4,0.76,6.067
stage3_785,stage3_seed_2,"{""model__C"": 2.0, ""model__gamma"": 0.005, ""pca__n_components"": 120}",120,2.0,0.005,"{""model__C"": 2.0, ""model__gamma"": 0.005, ""pca__n_components"": 120}",stage3_local_cv,0,0.77125,4.752
stage3_785,stage3_seed_2,"{""model__C"": 2.0, ""model__gamma"": 0.005, ""pca__n_components"": 120}",120,2.0,0.005,"{""model__C"": 2.0, ""model__gamma"": 0.005, ""pca__n_components"": 120}",stage3_local_cv,1,0.75625,4.93
stage3_785,stage3_seed_2,"{""model__C"": 2.0, ""model__gamma"": 0.005, ""pca__n_components"": 120}",120,2.0,0.005,"{""model__C"": 2.0, ""model__gamma"": 0.005, ""pca__n_components"": 120}",stage3_local_cv,2,0.759375,5.92
stage3_785,stage3_seed_2,"{""model__C"": 2.0, ""model__gamma"": 0.005, ""pca__n_components"": 120}",120,2.0,0.005,"{""model__C"": 2.0, ""model__gamma"": 0.005, ""pca__n_components"": 120}",stage3_local_cv,3,0.765625,5.733
stage3_785,stage3_seed_2,"{""model__C"": 2.0, ""model__gamma"": 0.005, ""pca__n_components"": 120}",120,2.0,0.005,"{""model__C"": 2.0, ""model__gamma"": 0.005, ""pca__n_components"": 120}",stage3_local_cv,4,0.759375,4.808
stage3_786,stage3_seed_2,"{""model__C"": 2.0, ""model__gamma"": 0.01, ""pca__n_components"": 120}",120,2.0,0.01,"{""model__C"": 2.0, ""model__gamma"": 0.01, ""pca__n_components"": 120}",stage3_local_cv,0,0.8125,6.468
stage3_786,stage3_seed_2,"{""model__C"": 2.0, ""model__gamma"": 0.01, ""pca__n_components"": 120}",120,2.0,0.01,"{""model__C"": 2.0, ""model__gamma"": 0.01, ""pca__n_components"": 120}",stage3_local_cv,1,0.80125,5.196
stage3_786,stage3_seed_2,"{""model__C"": 2.0, ""model__gamma"": 0.01, ""pca__n_components"": 120}",120,2.0,0.01,"{""model__C"": 2.0, ""model__gamma"": 0.01, ""pca__n_components"": 120}",stage3_local_cv,2,0.80375,5.24
stage3_786,stage3_seed_2,"{""model__C"": 2.0, ""model__gamma"": 0.01, ""pca__n_components"": 120}",120,2.0,0.01,"{""model__C"": 2.0, ""model__gamma"": 0.01, ""pca__n_components"": 120}",stage3_local_cv,3,0.805625,5.112
stage3_786,stage3_seed_2,"{""model__C"": 2.0, ""model__gamma"": 0.01, ""pca__n_components"": 120}",120,2.0,0.01,"{""model__C"": 2.0, ""model__gamma"": 0.01, ""pca__n_components"": 120}",stage3_local_cv,4,0.803125,5.21
stage3_787,stage3_seed_2,"{""model__C"": 2.0, ""model__gamma"": 0.02, ""pca__n_components"": 120}",120,2.0,0.02,"{""model__C"": 2.0, ""model__gamma"": 0.02, ""pca__n_components"": 120}",stage3_local_cv,0,0.8025,5.245
stage3_787,stage3_seed_2,"{""model__C"": 2.0, ""model__gamma"": 0.02, ""pca__n_components"": 120}",120,2.0,0.02,"{""model__C"": 2.0, ""model__gamma"": 0.02, ""pca__n_components"": 120}",stage3_local_cv,1,0.8025,6.573
stage3_787,stage3_seed_2,"{""model__C"": 2.0, ""model__gamma"": 0.02, ""pca__n_components"": 120}",120,2.0,0.02,"{""model__C"": 2.0, ""model__gamma"": 0.02, ""pca__n_components"": 120}",stage3_local_cv,2,0.798125,6.089
stage3_787,stage3_seed_2,"{""model__C"": 2.0, ""model__gamma"": 0.02, ""pca__n_components"": 120}",120,2.0,0.02,"{""model__C"": 2.0, ""model__gamma"": 0.02, ""pca__n_components"": 120}",stage3_local_cv,3,0.8075,6.842
stage3_787,stage3_seed_2,"{""model__C"": 2.0, ""model__gamma"": 0.02, ""pca__n_components"": 120}",120,2.0,0.02,"{""model__C"": 2.0, ""model__gamma"": 0.02, ""pca__n_components"": 120}",stage3_local_cv,4,0.796875,6.609
stage3_788,stage3_seed_2,"{""model__C"": 2.0, ""model__gamma"": 0.03, ""pca__n_components"": 120}",120,2.0,0.03,"{""model__C"": 2.0, ""model__gamma"": 0.03, ""pca__n_components"": 120}",stage3_local_cv,0,0.77875,6.556
stage3_788,stage3_seed_2,"{""model__C"": 2.0, ""model__gamma"": 0.03, ""pca__n_components"": 120}",120,2.0,0.03,"{""model__C"": 2.0, ""model__gamma"": 0.03, ""pca__n_components"": 120}",stage3_local_cv,1,0.78125,5.071
stage3_788,stage3_seed_2,"{""model__C"": 2.0, ""model__gamma"": 0.03, ""pca__n_components"": 120}",120,2.0,0.03,"{""model__C"": 2.0, ""model__gamma"": 0.03, ""pca__n_components"": 120}",stage3_local_cv,2,0.761875,5.726
stage3_788,stage3_seed_2,"{""model__C"": 2.0, ""model__gamma"": 0.03, ""pca__n_components"": 120}",120,2.0,0.03,"{""model__C"": 2.0, ""model__gamma"": 0.03, ""pca__n_components"": 120}",stage3_local_cv,3,0.778125,5.173
stage3_788,stage3_seed_2,"{""model__C"": 2.0, ""model__gamma"": 0.03, ""pca__n_components"": 120}",120,2.0,0.03,"{""model__C"": 2.0, ""model__gamma"": 0.03, ""pca__n_components"": 120}",stage3_local_cv,4,0.77125,5.224
stage3_789,stage3_seed_2,"{""model__C"": 2.0, ""model__gamma"": 0.04, ""pca__n_components"": 120}",120,2.0,0.04,"{""model__C"": 2.0, ""model__gamma"": 0.04, ""pca__n_components"": 120}",stage3_local_cv,0,0.76,5.119
stage3_789,stage3_seed_2,"{""model__C"": 2.0, ""model__gamma"": 0.04, ""pca__n_components"": 120}",120,2.0,0.04,"{""model__C"": 2.0, ""model__gamma"": 0.04, ""pca__n_components"": 120}",stage3_local_cv,1,0.764375,6.487
stage3_789,stage3_seed_2,"{""model__C"": 2.0, ""model__gamma"": 0.04, ""pca__n_components"": 120}",120,2.0,0.04,"{""model__C"": 2.0, ""model__gamma"": 0.04, ""pca__n_components"": 120}",stage3_local_cv,2,0.743125,5.27
stage3_789,stage3_seed_2,"{""model__C"": 2.0, ""model__gamma"": 0.04, ""pca__n_components"": 120}",120,2.0,0.04,"{""model__C"": 2.0, ""model__gamma"": 0.04, ""pca__n_components"": 120}",stage3_local_cv,3,0.76625,5.747
stage3_789,stage3_seed_2,"{""model__C"": 2.0, ""model__gamma"": 0.04, ""pca__n_components"": 120}",120,2.0,0.04,"{""model__C"": 2.0, ""model__gamma"": 0.04, ""pca__n_components"": 120}",stage3_local_cv,4,0.758125,6.626
stage3_790,stage3_seed_2,"{""model__C"": 2.0, ""model__gamma"": 0.08, ""pca__n_components"": 120}",120,2.0,0.08,"{""model__C"": 2.0, ""model__gamma"": 0.08, ""pca__n_components"": 120}",stage3_local_cv,0,0.546875,6.787
stage3_790,stage3_seed_2,"{""model__C"": 2.0, ""model__gamma"": 0.08, ""pca__n_components"": 120}",120,2.0,0.08,"{""model__C"": 2.0, ""model__gamma"": 0.08, ""pca__n_components"": 120}",stage3_local_cv,1,0.5575,5.036
stage3_790,stage3_seed_2,"{""model__C"": 2.0, ""model__gamma"": 0.08, ""pca__n_components"": 120}",120,2.0,0.08,"{""model__C"": 2.0, ""model__gamma"": 0.08, ""pca__n_components"": 120}",stage3_local_cv,2,0.615,6.327
stage3_790,stage3_seed_2,"{""model__C"": 2.0, ""model__gamma"": 0.08, ""pca__n_components"": 120}",120,2.0,0.08,"{""model__C"": 2.0, ""model__gamma"": 0.08, ""pca__n_components"": 120}",stage3_local_cv,3,0.64375,5.678
stage3_790,stage3_seed_2,"{""model__C"": 2.0, ""model__gamma"": 0.08, ""pca__n_components"": 120}",120,2.0,0.08,"{""model__C"": 2.0, ""model__gamma"": 0.08, ""pca__n_components"": 120}",stage3_local_cv,4,0.583125,5.266
stage3_791,stage3_seed_2,"{""model__C"": 3.0, ""model__gamma"": ""scale"", ""pca__n_components"": 120}",120,3.0,scale,"{""model__C"": 3.0, ""model__gamma"": ""scale"", ""pca__n_components"": 120}",stage3_local_cv,0,0.784375,4.875
stage3_791,stage3_seed_2,"{""model__C"": 3.0, ""model__gamma"": ""scale"", ""pca__n_components"": 120}",120,3.0,scale,"{""model__C"": 3.0, ""model__gamma"": ""scale"", ""pca__n_components"": 120}",stage3_local_cv,1,0.78125,6.068
stage3_791,stage3_seed_2,"{""model__C"": 3.0, ""model__gamma"": ""scale"", ""pca__n_components"": 120}",120,3.0,scale,"{""model__C"": 3.0, ""model__gamma"": ""scale"", ""pca__n_components"": 120}",stage3_local_cv,2,0.78,4.783
stage3_791,stage3_seed_2,"{""model__C"": 3.0, ""model__gamma"": ""scale"", ""pca__n_components"": 120}",120,3.0,scale,"{""model__C"": 3.0, ""model__gamma"": ""scale"", ""pca__n_components"": 120}",stage3_local_cv,3,0.780625,4.706
stage3_791,stage3_seed_2,"{""model__C"": 3.0, ""model__gamma"": ""scale"", ""pca__n_components"": 120}",120,3.0,scale,"{""model__C"": 3.0, ""model__gamma"": ""scale"", ""pca__n_components"": 120}",stage3_local_cv,4,0.778125,6.198
stage3_792,stage3_seed_2,"{""model__C"": 3.0, ""model__gamma"": 0.005, ""pca__n_components"": 120}",120,3.0,0.005,"{""model__C"": 3.0, ""model__gamma"": 0.005, ""pca__n_components"": 120}",stage3_local_cv,0,0.7825,4.9
stage3_792,stage3_seed_2,"{""model__C"": 3.0, ""model__gamma"": 0.005, ""pca__n_components"": 120}",120,3.0,0.005,"{""model__C"": 3.0, ""model__gamma"": 0.005, ""pca__n_components"": 120}",stage3_local_cv,1,0.77875,5.137
stage3_792,stage3_seed_2,"{""model__C"": 3.0, ""model__gamma"": 0.005, ""pca__n_components"": 120}",120,3.0,0.005,"{""model__C"": 3.0, ""model__gamma"": 0.005, ""pca__n_components"": 120}",stage3_local_cv,2,0.7775,5.898
stage3_792,stage3_seed_2,"{""model__C"": 3.0, ""model__gamma"": 0.005, ""pca__n_components"": 120}",120,3.0,0.005,"{""model__C"": 3.0, ""model__gamma"": 0.005, ""pca__n_components"": 120}",stage3_local_cv,3,0.776875,5.747
stage3_792,stage3_seed_2,"{""model__C"": 3.0, ""model__gamma"": 0.005, ""pca__n_components"": 120}",120,3.0,0.005,"{""model__C"": 3.0, ""model__gamma"": 0.005, ""pca__n_components"": 120}",stage3_local_cv,4,0.7775,4.852
stage3_793,stage3_seed_2,"{""model__C"": 3.0, ""model__gamma"": 0.01, ""pca__n_components"": 120}",120,3.0,0.01,"{""model__C"": 3.0, ""model__gamma"": 0.01, ""pca__n_components"": 120}",stage3_local_cv,0,0.81625,6.56
stage3_793,stage3_seed_2,"{""model__C"": 3.0, ""model__gamma"": 0.01, ""pca__n_components"": 120}",120,3.0,0.01,"{""model__C"": 3.0, ""model__gamma"": 0.01, ""pca__n_components"": 120}",stage3_local_cv,1,0.81,5.143
stage3_793,stage3_seed_2,"{""model__C"": 3.0, ""model__gamma"": 0.01, ""pca__n_components"": 120}",120,3.0,0.01,"{""model__C"": 3.0, ""model__gamma"": 0.01, ""pca__n_components"": 120}",stage3_local_cv,2,0.809375,5.276
stage3_793,stage3_seed_2,"{""model__C"": 3.0, ""model__gamma"": 0.01, ""pca__n_components"": 120}",120,3.0,0.01,"{""model__C"": 3.0, ""model__gamma"": 0.01, ""pca__n_components"": 120}",stage3_local_cv,3,0.805,5.152
stage3_793,stage3_seed_2,"{""model__C"": 3.0, ""model__gamma"": 0.01, ""pca__n_components"": 120}",120,3.0,0.01,"{""model__C"": 3.0, ""model__gamma"": 0.01, ""pca__n_components"": 120}",stage3_local_cv,4,0.808125,5.961
stage3_794,stage3_seed_2,"{""model__C"": 3.0, ""model__gamma"": 0.02, ""pca__n_components"": 120}",120,3.0,0.02,"{""model__C"": 3.0, ""model__gamma"": 0.02, ""pca__n_components"": 120}",stage3_local_cv,0,0.803125,5.14
stage3_794,stage3_seed_2,"{""model__C"": 3.0, ""model__gamma"": 0.02, ""pca__n_components"": 120}",120,3.0,0.02,"{""model__C"": 3.0, ""model__gamma"": 0.02, ""pca__n_components"": 120}",stage3_local_cv,1,0.805,6.506
stage3_794,stage3_seed_2,"{""model__C"": 3.0, ""model__gamma"": 0.02, ""pca__n_components"": 120}",120,3.0,0.02,"{""model__C"": 3.0, ""model__gamma"": 0.02, ""pca__n_components"": 120}",stage3_local_cv,2,0.796875,6.502
stage3_794,stage3_seed_2,"{""model__C"": 3.0, ""model__gamma"": 0.02, ""pca__n_components"": 120}",120,3.0,0.02,"{""model__C"": 3.0, ""model__gamma"": 0.02, ""pca__n_components"": 120}",stage3_local_cv,3,0.8025,6.702
stage3_794,stage3_seed_2,"{""model__C"": 3.0, ""model__gamma"": 0.02, ""pca__n_components"": 120}",120,3.0,0.02,"{""model__C"": 3.0, ""model__gamma"": 0.02, ""pca__n_components"": 120}",stage3_local_cv,4,0.796875,6.19
stage3_795,stage3_seed_2,"{""model__C"": 3.0, ""model__gamma"": 0.03, ""pca__n_components"": 120}",120,3.0,0.03,"{""model__C"": 3.0, ""model__gamma"": 0.03, ""pca__n_components"": 120}",stage3_local_cv,0,0.780625,6.479
stage3_795,stage3_seed_2,"{""model__C"": 3.0, ""model__gamma"": 0.03, ""pca__n_components"": 120}",120,3.0,0.03,"{""model__C"": 3.0, ""model__gamma"": 0.03, ""pca__n_components"": 120}",stage3_local_cv,1,0.781875,5.095
stage3_795,stage3_seed_2,"{""model__C"": 3.0, ""model__gamma"": 0.03, ""pca__n_components"": 120}",120,3.0,0.03,"{""model__C"": 3.0, ""model__gamma"": 0.03, ""pca__n_components"": 120}",stage3_local_cv,2,0.7625,5.468
stage3_795,stage3_seed_2,"{""model__C"": 3.0, ""model__gamma"": 0.03, ""pca__n_components"": 120}",120,3.0,0.03,"{""model__C"": 3.0, ""model__gamma"": 0.03, ""pca__n_components"": 120}",stage3_local_cv,3,0.7775,5.035
stage3_795,stage3_seed_2,"{""model__C"": 3.0, ""model__gamma"": 0.03, ""pca__n_components"": 120}",120,3.0,0.03,"{""model__C"": 3.0, ""model__gamma"": 0.03, ""pca__n_components"": 120}",stage3_local_cv,4,0.771875,5.282
stage3_796,stage3_seed_2,"{""model__C"": 3.0, ""model__gamma"": 0.04, ""pca__n_components"": 120}",120,3.0,0.04,"{""model__C"": 3.0, ""model__gamma"": 0.04, ""pca__n_components"": 120}",stage3_local_cv,0,0.756875,5.116
stage3_796,stage3_seed_2,"{""model__C"": 3.0, ""model__gamma"": 0.04, ""pca__n_components"": 120}",120,3.0,0.04,"{""model__C"": 3.0, ""model__gamma"": 0.04, ""pca__n_components"": 120}",stage3_local_cv,1,0.7675,6.542
stage3_796,stage3_seed_2,"{""model__C"": 3.0, ""model__gamma"": 0.04, ""pca__n_components"": 120}",120,3.0,0.04,"{""model__C"": 3.0, ""model__gamma"": 0.04, ""pca__n_components"": 120}",stage3_local_cv,2,0.744375,5.228
stage3_796,stage3_seed_2,"{""model__C"": 3.0, ""model__gamma"": 0.04, ""pca__n_components"": 120}",120,3.0,0.04,"{""model__C"": 3.0, ""model__gamma"": 0.04, ""pca__n_components"": 120}",stage3_local_cv,3,0.765,5.505
stage3_796,stage3_seed_2,"{""model__C"": 3.0, ""model__gamma"": 0.04, ""pca__n_components"": 120}",120,3.0,0.04,"{""model__C"": 3.0, ""model__gamma"": 0.04, ""pca__n_components"": 120}",stage3_local_cv,4,0.75875,6.531
stage3_797,stage3_seed_2,"{""model__C"": 3.0, ""model__gamma"": 0.08, ""pca__n_components"": 120}",120,3.0,0.08,"{""model__C"": 3.0, ""model__gamma"": 0.08, ""pca__n_components"": 120}",stage3_local_cv,0,0.545625,6.693
stage3_797,stage3_seed_2,"{""model__C"": 3.0, ""model__gamma"": 0.08, ""pca__n_components"": 120}",120,3.0,0.08,"{""model__C"": 3.0, ""model__gamma"": 0.08, ""pca__n_components"": 120}",stage3_local_cv,1,0.553125,5.055
stage3_797,stage3_seed_2,"{""model__C"": 3.0, ""model__gamma"": 0.08, ""pca__n_components"": 120}",120,3.0,0.08,"{""model__C"": 3.0, ""model__gamma"": 0.08, ""pca__n_components"": 120}",stage3_local_cv,2,0.608125,6.341
stage3_797,stage3_seed_2,"{""model__C"": 3.0, ""model__gamma"": 0.08, ""pca__n_components"": 120}",120,3.0,0.08,"{""model__C"": 3.0, ""model__gamma"": 0.08, ""pca__n_components"": 120}",stage3_local_cv,3,0.635625,5.86
stage3_797,stage3_seed_2,"{""model__C"": 3.0, ""model__gamma"": 0.08, ""pca__n_components"": 120}",120,3.0,0.08,"{""model__C"": 3.0, ""model__gamma"": 0.08, ""pca__n_components"": 120}",stage3_local_cv,4,0.57875,5.183
stage3_798,stage3_seed_2,"{""model__C"": 4.0, ""model__gamma"": ""scale"", ""pca__n_components"": 120}",120,4.0,scale,"{""model__C"": 4.0, ""model__gamma"": ""scale"", ""pca__n_components"": 120}",stage3_local_cv,0,0.80125,5.073
stage3_798,stage3_seed_2,"{""model__C"": 4.0, ""model__gamma"": ""scale"", ""pca__n_components"": 120}",120,4.0,scale,"{""model__C"": 4.0, ""model__gamma"": ""scale"", ""pca__n_components"": 120}",stage3_local_cv,1,0.79,6.102
stage3_798,stage3_seed_2,"{""model__C"": 4.0, ""model__gamma"": ""scale"", ""pca__n_components"": 120}",120,4.0,scale,"{""model__C"": 4.0, ""model__gamma"": ""scale"", ""pca__n_components"": 120}",stage3_local_cv,2,0.786875,4.999
stage3_798,stage3_seed_2,"{""model__C"": 4.0, ""model__gamma"": ""scale"", ""pca__n_components"": 120}",120,4.0,scale,"{""model__C"": 4.0, ""model__gamma"": ""scale"", ""pca__n_components"": 120}",stage3_local_cv,3,0.789375,5.003
stage3_798,stage3_seed_2,"{""model__C"": 4.0, ""model__gamma"": ""scale"", ""pca__n_components"": 120}",120,4.0,scale,"{""model__C"": 4.0, ""model__gamma"": ""scale"", ""pca__n_components"": 120}",stage3_local_cv,4,0.79,6.154
stage3_799,stage3_seed_2,"{""model__C"": 4.0, ""model__gamma"": 0.005, ""pca__n_components"": 120}",120,4.0,0.005,"{""model__C"": 4.0, ""model__gamma"": 0.005, ""pca__n_components"": 120}",stage3_local_cv,0,0.800625,5.765
stage3_799,stage3_seed_2,"{""model__C"": 4.0, ""model__gamma"": 0.005, ""pca__n_components"": 120}",120,4.0,0.005,"{""model__C"": 4.0, ""model__gamma"": 0.005, ""pca__n_components"": 120}",stage3_local_cv,1,0.79125,5.315
stage3_799,stage3_seed_2,"{""model__C"": 4.0, ""model__gamma"": 0.005, ""pca__n_components"": 120}",120,4.0,0.005,"{""model__C"": 4.0, ""model__gamma"": 0.005, ""pca__n_components"": 120}",stage3_local_cv,2,0.786875,6.009
stage3_799,stage3_seed_2,"{""model__C"": 4.0, ""model__gamma"": 0.005, ""pca__n_components"": 120}",120,4.0,0.005,"{""model__C"": 4.0, ""model__gamma"": 0.005, ""pca__n_components"": 120}",stage3_local_cv,3,0.789375,6.021
stage3_799,stage3_seed_2,"{""model__C"": 4.0, ""model__gamma"": 0.005, ""pca__n_components"": 120}",120,4.0,0.005,"{""model__C"": 4.0, ""model__gamma"": 0.005, ""pca__n_components"": 120}",stage3_local_cv,4,0.79,5.081
stage3_800,stage3_seed_2,"{""model__C"": 4.0, ""model__gamma"": 0.01, ""pca__n_components"": 120}",120,4.0,0.01,"{""model__C"": 4.0, ""model__gamma"": 0.01, ""pca__n_components"": 120}",stage3_local_cv,0,0.81875,6.12
stage3_800,stage3_seed_2,"{""model__C"": 4.0, ""model__gamma"": 0.01, ""pca__n_components"": 120}",120,4.0,0.01,"{""model__C"": 4.0, ""model__gamma"": 0.01, ""pca__n_components"": 120}",stage3_local_cv,1,0.808125,5.202
stage3_800,stage3_seed_2,"{""model__C"": 4.0, ""model__gamma"": 0.01, ""pca__n_components"": 120}",120,4.0,0.01,"{""model__C"": 4.0, ""model__gamma"": 0.01, ""pca__n_components"": 120}",stage3_local_cv,2,0.805625,5.391
stage3_800,stage3_seed_2,"{""model__C"": 4.0, ""model__gamma"": 0.01, ""pca__n_components"": 120}",120,4.0,0.01,"{""model__C"": 4.0, ""model__gamma"": 0.01, ""pca__n_components"": 120}",stage3_local_cv,3,0.798125,5.187
stage3_800,stage3_seed_2,"{""model__C"": 4.0, ""model__gamma"": 0.01, ""pca__n_components"": 120}",120,4.0,0.01,"{""model__C"": 4.0, ""model__gamma"": 0.01, ""pca__n_components"": 120}",stage3_local_cv,4,0.811875,6.992
stage3_801,stage3_seed_2,"{""model__C"": 4.0, ""model__gamma"": 0.02, ""pca__n_components"": 120}",120,4.0,0.02,"{""model__C"": 4.0, ""model__gamma"": 0.02, ""pca__n_components"": 120}",stage3_local_cv,0,0.804375,5.261
stage3_801,stage3_seed_2,"{""model__C"": 4.0, ""model__gamma"": 0.02, ""pca__n_components"": 120}",120,4.0,0.02,"{""model__C"": 4.0, ""model__gamma"": 0.02, ""pca__n_components"": 120}",stage3_local_cv,1,0.8075,6.492
stage3_801,stage3_seed_2,"{""model__C"": 4.0, ""model__gamma"": 0.02, ""pca__n_components"": 120}",120,4.0,0.02,"{""model__C"": 4.0, ""model__gamma"": 0.02, ""pca__n_components"": 120}",stage3_local_cv,2,0.79625,6.815
stage3_801,stage3_seed_2,"{""model__C"": 4.0, ""model__gamma"": 0.02, ""pca__n_components"": 120}",120,4.0,0.02,"{""model__C"": 4.0, ""model__gamma"": 0.02, ""pca__n_components"": 120}",stage3_local_cv,3,0.79875,6.644
stage3_801,stage3_seed_2,"{""model__C"": 4.0, ""model__gamma"": 0.02, ""pca__n_components"": 120}",120,4.0,0.02,"{""model__C"": 4.0, ""model__gamma"": 0.02, ""pca__n_components"": 120}",stage3_local_cv,4,0.794375,5.378
stage3_802,stage3_seed_2,"{""model__C"": 4.0, ""model__gamma"": 0.03, ""pca__n_components"": 120}",120,4.0,0.03,"{""model__C"": 4.0, ""model__gamma"": 0.03, ""pca__n_components"": 120}",stage3_local_cv,0,0.78375,6.523
stage3_802,stage3_seed_2,"{""model__C"": 4.0, ""model__gamma"": 0.03, ""pca__n_components"": 120}",120,4.0,0.03,"{""model__C"": 4.0, ""model__gamma"": 0.03, ""pca__n_components"": 120}",stage3_local_cv,1,0.78125,5.047
stage3_802,stage3_seed_2,"{""model__C"": 4.0, ""model__gamma"": 0.03, ""pca__n_components"": 120}",120,4.0,0.03,"{""model__C"": 4.0, ""model__gamma"": 0.03, ""pca__n_components"": 120}",stage3_local_cv,2,0.76625,5.194
stage3_802,stage3_seed_2,"{""model__C"": 4.0, ""model__gamma"": 0.03, ""pca__n_components"": 120}",120,4.0,0.03,"{""model__C"": 4.0, ""model__gamma"": 0.03, ""pca__n_components"": 120}",stage3_local_cv,3,0.775,5.043
stage3_802,stage3_seed_2,"{""model__C"": 4.0, ""model__gamma"": 0.03, ""pca__n_components"": 120}",120,4.0,0.03,"{""model__C"": 4.0, ""model__gamma"": 0.03, ""pca__n_components"": 120}",stage3_local_cv,4,0.773125,6.006
stage3_803,stage3_seed_2,"{""model__C"": 4.0, ""model__gamma"": 0.04, ""pca__n_components"": 120}",120,4.0,0.04,"{""model__C"": 4.0, ""model__gamma"": 0.04, ""pca__n_components"": 120}",stage3_local_cv,0,0.759375,5.084
stage3_803,stage3_seed_2,"{""model__C"": 4.0, ""model__gamma"": 0.04, ""pca__n_components"": 120}",120,4.0,0.04,"{""model__C"": 4.0, ""model__gamma"": 0.04, ""pca__n_components"": 120}",stage3_local_cv,1,0.769375,6.454
stage3_803,stage3_seed_2,"{""model__C"": 4.0, ""model__gamma"": 0.04, ""pca__n_components"": 120}",120,4.0,0.04,"{""model__C"": 4.0, ""model__gamma"": 0.04, ""pca__n_components"": 120}",stage3_local_cv,2,0.744375,6.337
stage3_803,stage3_seed_2,"{""model__C"": 4.0, ""model__gamma"": 0.04, ""pca__n_components"": 120}",120,4.0,0.04,"{""model__C"": 4.0, ""model__gamma"": 0.04, ""pca__n_components"": 120}",stage3_local_cv,3,0.76375,6.181
stage3_803,stage3_seed_2,"{""model__C"": 4.0, ""model__gamma"": 0.04, ""pca__n_components"": 120}",120,4.0,0.04,"{""model__C"": 4.0, ""model__gamma"": 0.04, ""pca__n_components"": 120}",stage3_local_cv,4,0.759375,6.127
stage3_804,stage3_seed_2,"{""model__C"": 4.0, ""model__gamma"": 0.08, ""pca__n_components"": 120}",120,4.0,0.08,"{""model__C"": 4.0, ""model__gamma"": 0.08, ""pca__n_components"": 120}",stage3_local_cv,0,0.54375,6.705
stage3_804,stage3_seed_2,"{""model__C"": 4.0, ""model__gamma"": 0.08, ""pca__n_components"": 120}",120,4.0,0.08,"{""model__C"": 4.0, ""model__gamma"": 0.08, ""pca__n_components"": 120}",stage3_local_cv,1,0.55125,5.118
stage3_804,stage3_seed_2,"{""model__C"": 4.0, ""model__gamma"": 0.08, ""pca__n_components"": 120}",120,4.0,0.08,"{""model__C"": 4.0, ""model__gamma"": 0.08, ""pca__n_components"": 120}",stage3_local_cv,2,0.60375,5.46
stage3_804,stage3_seed_2,"{""model__C"": 4.0, ""model__gamma"": 0.08, ""pca__n_components"": 120}",120,4.0,0.08,"{""model__C"": 4.0, ""model__gamma"": 0.08, ""pca__n_components"": 120}",stage3_local_cv,3,0.623125,5.522
stage3_804,stage3_seed_2,"{""model__C"": 4.0, ""model__gamma"": 0.08, ""pca__n_components"": 120}",120,4.0,0.08,"{""model__C"": 4.0, ""model__gamma"": 0.08, ""pca__n_components"": 120}",stage3_local_cv,4,0.57375,5.388
stage3_805,stage3_seed_2,"{""model__C"": 6.0, ""model__gamma"": ""scale"", ""pca__n_components"": 120}",120,6.0,scale,"{""model__C"": 6.0, ""model__gamma"": ""scale"", ""pca__n_components"": 120}",stage3_local_cv,0,0.811875,5.514
stage3_805,stage3_seed_2,"{""model__C"": 6.0, ""model__gamma"": ""scale"", ""pca__n_components"": 120}",120,6.0,scale,"{""model__C"": 6.0, ""model__gamma"": ""scale"", ""pca__n_components"": 120}",stage3_local_cv,1,0.80625,6.856
stage3_805,stage3_seed_2,"{""model__C"": 6.0, ""model__gamma"": ""scale"", ""pca__n_components"": 120}",120,6.0,scale,"{""model__C"": 6.0, ""model__gamma"": ""scale"", ""pca__n_components"": 120}",stage3_local_cv,2,0.80375,5.807
stage3_805,stage3_seed_2,"{""model__C"": 6.0, ""model__gamma"": ""scale"", ""pca__n_components"": 120}",120,6.0,scale,"{""model__C"": 6.0, ""model__gamma"": ""scale"", ""pca__n_components"": 120}",stage3_local_cv,3,0.801875,6.088
stage3_805,stage3_seed_2,"{""model__C"": 6.0, ""model__gamma"": ""scale"", ""pca__n_components"": 120}",120,6.0,scale,"{""model__C"": 6.0, ""model__gamma"": ""scale"", ""pca__n_components"": 120}",stage3_local_cv,4,0.79875,7.104
stage3_806,stage3_seed_2,"{""model__C"": 6.0, ""model__gamma"": 0.005, ""pca__n_components"": 120}",120,6.0,0.005,"{""model__C"": 6.0, ""model__gamma"": 0.005, ""pca__n_components"": 120}",stage3_local_cv,0,0.81,6.918
stage3_806,stage3_seed_2,"{""model__C"": 6.0, ""model__gamma"": 0.005, ""pca__n_components"": 120}",120,6.0,0.005,"{""model__C"": 6.0, ""model__gamma"": 0.005, ""pca__n_components"": 120}",stage3_local_cv,1,0.804375,5.556
stage3_806,stage3_seed_2,"{""model__C"": 6.0, ""model__gamma"": 0.005, ""pca__n_components"": 120}",120,6.0,0.005,"{""model__C"": 6.0, ""model__gamma"": 0.005, ""pca__n_components"": 120}",stage3_local_cv,2,0.804375,7.036
stage3_806,stage3_seed_2,"{""model__C"": 6.0, ""model__gamma"": 0.005, ""pca__n_components"": 120}",120,6.0,0.005,"{""model__C"": 6.0, ""model__gamma"": 0.005, ""pca__n_components"": 120}",stage3_local_cv,3,0.800625,6.489
stage3_806,stage3_seed_2,"{""model__C"": 6.0, ""model__gamma"": 0.005, ""pca__n_components"": 120}",120,6.0,0.005,"{""model__C"": 6.0, ""model__gamma"": 0.005, ""pca__n_components"": 120}",stage3_local_cv,4,0.8,5.821
stage3_807,stage3_seed_2,"{""model__C"": 6.0, ""model__gamma"": 0.01, ""pca__n_components"": 120}",120,6.0,0.01,"{""model__C"": 6.0, ""model__gamma"": 0.01, ""pca__n_components"": 120}",stage3_local_cv,0,0.815,5.402
stage3_807,stage3_seed_2,"{""model__C"": 6.0, ""model__gamma"": 0.01, ""pca__n_components"": 120}",120,6.0,0.01,"{""model__C"": 6.0, ""model__gamma"": 0.01, ""pca__n_components"": 120}",stage3_local_cv,1,0.805,6.056
stage3_807,stage3_seed_2,"{""model__C"": 6.0, ""model__gamma"": 0.01, ""pca__n_components"": 120}",120,6.0,0.01,"{""model__C"": 6.0, ""model__gamma"": 0.01, ""pca__n_components"": 120}",stage3_local_cv,2,0.811875,5.37
stage3_807,stage3_seed_2,"{""model__C"": 6.0, ""model__gamma"": 0.01, ""pca__n_components"": 120}",120,6.0,0.01,"{""model__C"": 6.0, ""model__gamma"": 0.01, ""pca__n_components"": 120}",stage3_local_cv,3,0.805,5.162
stage3_807,stage3_seed_2,"{""model__C"": 6.0, ""model__gamma"": 0.01, ""pca__n_components"": 120}",120,6.0,0.01,"{""model__C"": 6.0, ""model__gamma"": 0.01, ""pca__n_components"": 120}",stage3_local_cv,4,0.810625,6.799
stage3_808,stage3_seed_2,"{""model__C"": 6.0, ""model__gamma"": 0.02, ""pca__n_components"": 120}",120,6.0,0.02,"{""model__C"": 6.0, ""model__gamma"": 0.02, ""pca__n_components"": 120}",stage3_local_cv,0,0.803125,6.169
stage3_808,stage3_seed_2,"{""model__C"": 6.0, ""model__gamma"": 0.02, ""pca__n_components"": 120}",120,6.0,0.02,"{""model__C"": 6.0, ""model__gamma"": 0.02, ""pca__n_components"": 120}",stage3_local_cv,1,0.805625,5.845
stage3_808,stage3_seed_2,"{""model__C"": 6.0, ""model__gamma"": 0.02, ""pca__n_components"": 120}",120,6.0,0.02,"{""model__C"": 6.0, ""model__gamma"": 0.02, ""pca__n_components"": 120}",stage3_local_cv,2,0.79625,6.415
stage3_808,stage3_seed_2,"{""model__C"": 6.0, ""model__gamma"": 0.02, ""pca__n_components"": 120}",120,6.0,0.02,"{""model__C"": 6.0, ""model__gamma"": 0.02, ""pca__n_components"": 120}",stage3_local_cv,3,0.800625,6.422
stage3_808,stage3_seed_2,"{""model__C"": 6.0, ""model__gamma"": 0.02, ""pca__n_components"": 120}",120,6.0,0.02,"{""model__C"": 6.0, ""model__gamma"": 0.02, ""pca__n_components"": 120}",stage3_local_cv,4,0.7925,5.304
stage3_809,stage3_seed_2,"{""model__C"": 6.0, ""model__gamma"": 0.03, ""pca__n_components"": 120}",120,6.0,0.03,"{""model__C"": 6.0, ""model__gamma"": 0.03, ""pca__n_components"": 120}",stage3_local_cv,0,0.77875,5.802
stage3_809,stage3_seed_2,"{""model__C"": 6.0, ""model__gamma"": 0.03, ""pca__n_components"": 120}",120,6.0,0.03,"{""model__C"": 6.0, ""model__gamma"": 0.03, ""pca__n_components"": 120}",stage3_local_cv,1,0.783125,5.011
stage3_809,stage3_seed_2,"{""model__C"": 6.0, ""model__gamma"": 0.03, ""pca__n_components"": 120}",120,6.0,0.03,"{""model__C"": 6.0, ""model__gamma"": 0.03, ""pca__n_components"": 120}",stage3_local_cv,2,0.76375,5.148
stage3_809,stage3_seed_2,"{""model__C"": 6.0, ""model__gamma"": 0.03, ""pca__n_components"": 120}",120,6.0,0.03,"{""model__C"": 6.0, ""model__gamma"": 0.03, ""pca__n_components"": 120}",stage3_local_cv,3,0.774375,5.124
stage3_809,stage3_seed_2,"{""model__C"": 6.0, ""model__gamma"": 0.03, ""pca__n_components"": 120}",120,6.0,0.03,"{""model__C"": 6.0, ""model__gamma"": 0.03, ""pca__n_components"": 120}",stage3_local_cv,4,0.773125,6.659
stage3_810,stage3_seed_2,"{""model__C"": 6.0, ""model__gamma"": 0.04, ""pca__n_components"": 120}",120,6.0,0.04,"{""model__C"": 6.0, ""model__gamma"": 0.04, ""pca__n_components"": 120}",stage3_local_cv,0,0.760625,5.211
stage3_810,stage3_seed_2,"{""model__C"": 6.0, ""model__gamma"": 0.04, ""pca__n_components"": 120}",120,6.0,0.04,"{""model__C"": 6.0, ""model__gamma"": 0.04, ""pca__n_components"": 120}",stage3_local_cv,1,0.769375,8.095
stage3_810,stage3_seed_2,"{""model__C"": 6.0, ""model__gamma"": 0.04, ""pca__n_components"": 120}",120,6.0,0.04,"{""model__C"": 6.0, ""model__gamma"": 0.04, ""pca__n_components"": 120}",stage3_local_cv,2,0.745,6.452
stage3_810,stage3_seed_2,"{""model__C"": 6.0, ""model__gamma"": 0.04, ""pca__n_components"": 120}",120,6.0,0.04,"{""model__C"": 6.0, ""model__gamma"": 0.04, ""pca__n_components"": 120}",stage3_local_cv,3,0.7625,6.4
stage3_810,stage3_seed_2,"{""model__C"": 6.0, ""model__gamma"": 0.04, ""pca__n_components"": 120}",120,6.0,0.04,"{""model__C"": 6.0, ""model__gamma"": 0.04, ""pca__n_components"": 120}",stage3_local_cv,4,0.7575,7.256
stage3_811,stage3_seed_2,"{""model__C"": 6.0, ""model__gamma"": 0.08, ""pca__n_components"": 120}",120,6.0,0.08,"{""model__C"": 6.0, ""model__gamma"": 0.08, ""pca__n_components"": 120}",stage3_local_cv,0,0.54,6.711
stage3_811,stage3_seed_2,"{""model__C"": 6.0, ""model__gamma"": 0.08, ""pca__n_components"": 120}",120,6.0,0.08,"{""model__C"": 6.0, ""model__gamma"": 0.08, ""pca__n_components"": 120}",stage3_local_cv,1,0.54375,5.196
stage3_811,stage3_seed_2,"{""model__C"": 6.0, ""model__gamma"": 0.08, ""pca__n_components"": 120}",120,6.0,0.08,"{""model__C"": 6.0, ""model__gamma"": 0.08, ""pca__n_components"": 120}",stage3_local_cv,2,0.59375,5.186
stage3_811,stage3_seed_2,"{""model__C"": 6.0, ""model__gamma"": 0.08, ""pca__n_components"": 120}",120,6.0,0.08,"{""model__C"": 6.0, ""model__gamma"": 0.08, ""pca__n_components"": 120}",stage3_local_cv,3,0.600625,4.984
stage3_811,stage3_seed_2,"{""model__C"": 6.0, ""model__gamma"": 0.08, ""pca__n_components"": 120}",120,6.0,0.08,"{""model__C"": 6.0, ""model__gamma"": 0.08, ""pca__n_components"": 120}",stage3_local_cv,4,0.560625,6.739
stage3_812,stage3_seed_2,"{""model__C"": 1.0, ""model__gamma"": ""scale"", ""pca__n_components"": 124}",124,1.0,scale,"{""model__C"": 1.0, ""model__gamma"": ""scale"", ""pca__n_components"": 124}",stage3_local_cv,0,0.75,4.677
stage3_812,stage3_seed_2,"{""model__C"": 1.0, ""model__gamma"": ""scale"", ""pca__n_components"": 124}",124,1.0,scale,"{""model__C"": 1.0, ""model__gamma"": ""scale"", ""pca__n_components"": 124}",stage3_local_cv,1,0.7425,5.755
stage3_812,stage3_seed_2,"{""model__C"": 1.0, ""model__gamma"": ""scale"", ""pca__n_components"": 124}",124,1.0,scale,"{""model__C"": 1.0, ""model__gamma"": ""scale"", ""pca__n_components"": 124}",stage3_local_cv,2,0.7325,6.015
stage3_812,stage3_seed_2,"{""model__C"": 1.0, ""model__gamma"": ""scale"", ""pca__n_components"": 124}",124,1.0,scale,"{""model__C"": 1.0, ""model__gamma"": ""scale"", ""pca__n_components"": 124}",stage3_local_cv,3,0.748125,5.306
stage3_812,stage3_seed_2,"{""model__C"": 1.0, ""model__gamma"": ""scale"", ""pca__n_components"": 124}",124,1.0,scale,"{""model__C"": 1.0, ""model__gamma"": ""scale"", ""pca__n_components"": 124}",stage3_local_cv,4,0.735625,4.755
stage3_813,stage3_seed_2,"{""model__C"": 1.0, ""model__gamma"": 0.005, ""pca__n_components"": 124}",124,1.0,0.005,"{""model__C"": 1.0, ""model__gamma"": 0.005, ""pca__n_components"": 124}",stage3_local_cv,0,0.751875,5.863
stage3_813,stage3_seed_2,"{""model__C"": 1.0, ""model__gamma"": 0.005, ""pca__n_components"": 124}",124,1.0,0.005,"{""model__C"": 1.0, ""model__gamma"": 0.005, ""pca__n_components"": 124}",stage3_local_cv,1,0.7425,4.516
stage3_813,stage3_seed_2,"{""model__C"": 1.0, ""model__gamma"": 0.005, ""pca__n_components"": 124}",124,1.0,0.005,"{""model__C"": 1.0, ""model__gamma"": 0.005, ""pca__n_components"": 124}",stage3_local_cv,2,0.731875,4.722
stage3_813,stage3_seed_2,"{""model__C"": 1.0, ""model__gamma"": 0.005, ""pca__n_components"": 124}",124,1.0,0.005,"{""model__C"": 1.0, ""model__gamma"": 0.005, ""pca__n_components"": 124}",stage3_local_cv,3,0.74625,5.221
stage3_813,stage3_seed_2,"{""model__C"": 1.0, ""model__gamma"": 0.005, ""pca__n_components"": 124}",124,1.0,0.005,"{""model__C"": 1.0, ""model__gamma"": 0.005, ""pca__n_components"": 124}",stage3_local_cv,4,0.73375,6.074
stage3_814,stage3_seed_2,"{""model__C"": 1.0, ""model__gamma"": 0.01, ""pca__n_components"": 124}",124,1.0,0.01,"{""model__C"": 1.0, ""model__gamma"": 0.01, ""pca__n_components"": 124}",stage3_local_cv,0,0.785,5.208
stage3_814,stage3_seed_2,"{""model__C"": 1.0, ""model__gamma"": 0.01, ""pca__n_components"": 124}",124,1.0,0.01,"{""model__C"": 1.0, ""model__gamma"": 0.01, ""pca__n_components"": 124}",stage3_local_cv,1,0.776875,6.499
stage3_814,stage3_seed_2,"{""model__C"": 1.0, ""model__gamma"": 0.01, ""pca__n_components"": 124}",124,1.0,0.01,"{""model__C"": 1.0, ""model__gamma"": 0.01, ""pca__n_components"": 124}",stage3_local_cv,2,0.771875,5.158
stage3_814,stage3_seed_2,"{""model__C"": 1.0, ""model__gamma"": 0.01, ""pca__n_components"": 124}",124,1.0,0.01,"{""model__C"": 1.0, ""model__gamma"": 0.01, ""pca__n_components"": 124}",stage3_local_cv,3,0.77375,5.103
stage3_814,stage3_seed_2,"{""model__C"": 1.0, ""model__gamma"": 0.01, ""pca__n_components"": 124}",124,1.0,0.01,"{""model__C"": 1.0, ""model__gamma"": 0.01, ""pca__n_components"": 124}",stage3_local_cv,4,0.77125,5.302
stage3_815,stage3_seed_2,"{""model__C"": 1.0, ""model__gamma"": 0.02, ""pca__n_components"": 124}",124,1.0,0.02,"{""model__C"": 1.0, ""model__gamma"": 0.02, ""pca__n_components"": 124}",stage3_local_cv,0,0.78875,6.98
stage3_815,stage3_seed_2,"{""model__C"": 1.0, ""model__gamma"": 0.02, ""pca__n_components"": 124}",124,1.0,0.02,"{""model__C"": 1.0, ""model__gamma"": 0.02, ""pca__n_components"": 124}",stage3_local_cv,1,0.783125,5.51
stage3_815,stage3_seed_2,"{""model__C"": 1.0, ""model__gamma"": 0.02, ""pca__n_components"": 124}",124,1.0,0.02,"{""model__C"": 1.0, ""model__gamma"": 0.02, ""pca__n_components"": 124}",stage3_local_cv,2,0.766875,6.936
stage3_815,stage3_seed_2,"{""model__C"": 1.0, ""model__gamma"": 0.02, ""pca__n_components"": 124}",124,1.0,0.02,"{""model__C"": 1.0, ""model__gamma"": 0.02, ""pca__n_components"": 124}",stage3_local_cv,3,0.780625,6.823
stage3_815,stage3_seed_2,"{""model__C"": 1.0, ""model__gamma"": 0.02, ""pca__n_components"": 124}",124,1.0,0.02,"{""model__C"": 1.0, ""model__gamma"": 0.02, ""pca__n_components"": 124}",stage3_local_cv,4,0.771875,6.984
stage3_816,stage3_seed_2,"{""model__C"": 1.0, ""model__gamma"": 0.03, ""pca__n_components"": 124}",124,1.0,0.03,"{""model__C"": 1.0, ""model__gamma"": 0.03, ""pca__n_components"": 124}",stage3_local_cv,0,0.77625,6.229
stage3_816,stage3_seed_2,"{""model__C"": 1.0, ""model__gamma"": 0.03, ""pca__n_components"": 124}",124,1.0,0.03,"{""model__C"": 1.0, ""model__gamma"": 0.03, ""pca__n_components"": 124}",stage3_local_cv,1,0.769375,7.153
stage3_816,stage3_seed_2,"{""model__C"": 1.0, ""model__gamma"": 0.03, ""pca__n_components"": 124}",124,1.0,0.03,"{""model__C"": 1.0, ""model__gamma"": 0.03, ""pca__n_components"": 124}",stage3_local_cv,2,0.753125,5.85
stage3_816,stage3_seed_2,"{""model__C"": 1.0, ""model__gamma"": 0.03, ""pca__n_components"": 124}",124,1.0,0.03,"{""model__C"": 1.0, ""model__gamma"": 0.03, ""pca__n_components"": 124}",stage3_local_cv,3,0.770625,5.714
stage3_816,stage3_seed_2,"{""model__C"": 1.0, ""model__gamma"": 0.03, ""pca__n_components"": 124}",124,1.0,0.03,"{""model__C"": 1.0, ""model__gamma"": 0.03, ""pca__n_components"": 124}",stage3_local_cv,4,0.755,6.439
stage3_817,stage3_seed_2,"{""model__C"": 1.0, ""model__gamma"": 0.04, ""pca__n_components"": 124}",124,1.0,0.04,"{""model__C"": 1.0, ""model__gamma"": 0.04, ""pca__n_components"": 124}",stage3_local_cv,0,0.758125,7.294
stage3_817,stage3_seed_2,"{""model__C"": 1.0, ""model__gamma"": 0.04, ""pca__n_components"": 124}",124,1.0,0.04,"{""model__C"": 1.0, ""model__gamma"": 0.04, ""pca__n_components"": 124}",stage3_local_cv,1,0.7575,5.82
stage3_817,stage3_seed_2,"{""model__C"": 1.0, ""model__gamma"": 0.04, ""pca__n_components"": 124}",124,1.0,0.04,"{""model__C"": 1.0, ""model__gamma"": 0.04, ""pca__n_components"": 124}",stage3_local_cv,2,0.7425,7.13
stage3_817,stage3_seed_2,"{""model__C"": 1.0, ""model__gamma"": 0.04, ""pca__n_components"": 124}",124,1.0,0.04,"{""model__C"": 1.0, ""model__gamma"": 0.04, ""pca__n_components"": 124}",stage3_local_cv,3,0.765,6.874
stage3_817,stage3_seed_2,"{""model__C"": 1.0, ""model__gamma"": 0.04, ""pca__n_components"": 124}",124,1.0,0.04,"{""model__C"": 1.0, ""model__gamma"": 0.04, ""pca__n_components"": 124}",stage3_local_cv,4,0.746875,7.311
stage3_818,stage3_seed_2,"{""model__C"": 1.0, ""model__gamma"": 0.08, ""pca__n_components"": 124}",124,1.0,0.08,"{""model__C"": 1.0, ""model__gamma"": 0.08, ""pca__n_components"": 124}",stage3_local_cv,0,0.528125,6.611
stage3_818,stage3_seed_2,"{""model__C"": 1.0, ""model__gamma"": 0.08, ""pca__n_components"": 124}",124,1.0,0.08,"{""model__C"": 1.0, ""model__gamma"": 0.08, ""pca__n_components"": 124}",stage3_local_cv,1,0.540625,7.73
stage3_818,stage3_seed_2,"{""model__C"": 1.0, ""model__gamma"": 0.08, ""pca__n_components"": 124}",124,1.0,0.08,"{""model__C"": 1.0, ""model__gamma"": 0.08, ""pca__n_components"": 124}",stage3_local_cv,2,0.5875,6.357
stage3_818,stage3_seed_2,"{""model__C"": 1.0, ""model__gamma"": 0.08, ""pca__n_components"": 124}",124,1.0,0.08,"{""model__C"": 1.0, ""model__gamma"": 0.08, ""pca__n_components"": 124}",stage3_local_cv,3,0.5875,6.063
stage3_818,stage3_seed_2,"{""model__C"": 1.0, ""model__gamma"": 0.08, ""pca__n_components"": 124}",124,1.0,0.08,"{""model__C"": 1.0, ""model__gamma"": 0.08, ""pca__n_components"": 124}",stage3_local_cv,4,0.551875,6.691
stage3_819,stage3_seed_2,"{""model__C"": 1.5, ""model__gamma"": ""scale"", ""pca__n_components"": 124}",124,1.5,scale,"{""model__C"": 1.5, ""model__gamma"": ""scale"", ""pca__n_components"": 124}",stage3_local_cv,0,0.766875,5.665
stage3_819,stage3_seed_2,"{""model__C"": 1.5, ""model__gamma"": ""scale"", ""pca__n_components"": 124}",124,1.5,scale,"{""model__C"": 1.5, ""model__gamma"": ""scale"", ""pca__n_components"": 124}",stage3_local_cv,1,0.755,4.854
stage3_819,stage3_seed_2,"{""model__C"": 1.5, ""model__gamma"": ""scale"", ""pca__n_components"": 124}",124,1.5,scale,"{""model__C"": 1.5, ""model__gamma"": ""scale"", ""pca__n_components"": 124}",stage3_local_cv,2,0.753125,5.969
stage3_819,stage3_seed_2,"{""model__C"": 1.5, ""model__gamma"": ""scale"", ""pca__n_components"": 124}",124,1.5,scale,"{""model__C"": 1.5, ""model__gamma"": ""scale"", ""pca__n_components"": 124}",stage3_local_cv,3,0.76,5.816
stage3_819,stage3_seed_2,"{""model__C"": 1.5, ""model__gamma"": ""scale"", ""pca__n_components"": 124}",124,1.5,scale,"{""model__C"": 1.5, ""model__gamma"": ""scale"", ""pca__n_components"": 124}",stage3_local_cv,4,0.75125,6.036
stage3_820,stage3_seed_2,"{""model__C"": 1.5, ""model__gamma"": 0.005, ""pca__n_components"": 124}",124,1.5,0.005,"{""model__C"": 1.5, ""model__gamma"": 0.005, ""pca__n_components"": 124}",stage3_local_cv,0,0.76625,5.338
stage3_820,stage3_seed_2,"{""model__C"": 1.5, ""model__gamma"": 0.005, ""pca__n_components"": 124}",124,1.5,0.005,"{""model__C"": 1.5, ""model__gamma"": 0.005, ""pca__n_components"": 124}",stage3_local_cv,1,0.753125,4.713
stage3_820,stage3_seed_2,"{""model__C"": 1.5, ""model__gamma"": 0.005, ""pca__n_components"": 124}",124,1.5,0.005,"{""model__C"": 1.5, ""model__gamma"": 0.005, ""pca__n_components"": 124}",stage3_local_cv,2,0.7525,4.815
stage3_820,stage3_seed_2,"{""model__C"": 1.5, ""model__gamma"": 0.005, ""pca__n_components"": 124}",124,1.5,0.005,"{""model__C"": 1.5, ""model__gamma"": 0.005, ""pca__n_components"": 124}",stage3_local_cv,3,0.760625,4.771
stage3_820,stage3_seed_2,"{""model__C"": 1.5, ""model__gamma"": 0.005, ""pca__n_components"": 124}",124,1.5,0.005,"{""model__C"": 1.5, ""model__gamma"": 0.005, ""pca__n_components"": 124}",stage3_local_cv,4,0.75125,5.382
stage3_821,stage3_seed_2,"{""model__C"": 1.5, ""model__gamma"": 0.01, ""pca__n_components"": 124}",124,1.5,0.01,"{""model__C"": 1.5, ""model__gamma"": 0.01, ""pca__n_components"": 124}",stage3_local_cv,0,0.80375,5.476
stage3_821,stage3_seed_2,"{""model__C"": 1.5, ""model__gamma"": 0.01, ""pca__n_components"": 124}",124,1.5,0.01,"{""model__C"": 1.5, ""model__gamma"": 0.01, ""pca__n_components"": 124}",stage3_local_cv,1,0.79625,6.717
stage3_821,stage3_seed_2,"{""model__C"": 1.5, ""model__gamma"": 0.01, ""pca__n_components"": 124}",124,1.5,0.01,"{""model__C"": 1.5, ""model__gamma"": 0.01, ""pca__n_components"": 124}",stage3_local_cv,2,0.789375,6.629
stage3_821,stage3_seed_2,"{""model__C"": 1.5, ""model__gamma"": 0.01, ""pca__n_components"": 124}",124,1.5,0.01,"{""model__C"": 1.5, ""model__gamma"": 0.01, ""pca__n_components"": 124}",stage3_local_cv,3,0.79375,6.852
stage3_821,stage3_seed_2,"{""model__C"": 1.5, ""model__gamma"": 0.01, ""pca__n_components"": 124}",124,1.5,0.01,"{""model__C"": 1.5, ""model__gamma"": 0.01, ""pca__n_components"": 124}",stage3_local_cv,4,0.799375,5.585
stage3_822,stage3_seed_2,"{""model__C"": 1.5, ""model__gamma"": 0.02, ""pca__n_components"": 124}",124,1.5,0.02,"{""model__C"": 1.5, ""model__gamma"": 0.02, ""pca__n_components"": 124}",stage3_local_cv,0,0.804375,6.897
stage3_822,stage3_seed_2,"{""model__C"": 1.5, ""model__gamma"": 0.02, ""pca__n_components"": 124}",124,1.5,0.02,"{""model__C"": 1.5, ""model__gamma"": 0.02, ""pca__n_components"": 124}",stage3_local_cv,1,0.801875,5.597
stage3_822,stage3_seed_2,"{""model__C"": 1.5, ""model__gamma"": 0.02, ""pca__n_components"": 124}",124,1.5,0.02,"{""model__C"": 1.5, ""model__gamma"": 0.02, ""pca__n_components"": 124}",stage3_local_cv,2,0.796875,5.669
stage3_822,stage3_seed_2,"{""model__C"": 1.5, ""model__gamma"": 0.02, ""pca__n_components"": 124}",124,1.5,0.02,"{""model__C"": 1.5, ""model__gamma"": 0.02, ""pca__n_components"": 124}",stage3_local_cv,3,0.801875,5.428
stage3_822,stage3_seed_2,"{""model__C"": 1.5, ""model__gamma"": 0.02, ""pca__n_components"": 124}",124,1.5,0.02,"{""model__C"": 1.5, ""model__gamma"": 0.02, ""pca__n_components"": 124}",stage3_local_cv,4,0.7925,7.045
stage3_823,stage3_seed_2,"{""model__C"": 1.5, ""model__gamma"": 0.03, ""pca__n_components"": 124}",124,1.5,0.03,"{""model__C"": 1.5, ""model__gamma"": 0.03, ""pca__n_components"": 124}",stage3_local_cv,0,0.77875,5.56
stage3_823,stage3_seed_2,"{""model__C"": 1.5, ""model__gamma"": 0.03, ""pca__n_components"": 124}",124,1.5,0.03,"{""model__C"": 1.5, ""model__gamma"": 0.03, ""pca__n_components"": 124}",stage3_local_cv,1,0.78125,6.738
stage3_823,stage3_seed_2,"{""model__C"": 1.5, ""model__gamma"": 0.03, ""pca__n_components"": 124}",124,1.5,0.03,"{""model__C"": 1.5, ""model__gamma"": 0.03, ""pca__n_components"": 124}",stage3_local_cv,2,0.76125,6.874
stage3_823,stage3_seed_2,"{""model__C"": 1.5, ""model__gamma"": 0.03, ""pca__n_components"": 124}",124,1.5,0.03,"{""model__C"": 1.5, ""model__gamma"": 0.03, ""pca__n_components"": 124}",stage3_local_cv,3,0.778125,6.442
stage3_823,stage3_seed_2,"{""model__C"": 1.5, ""model__gamma"": 0.03, ""pca__n_components"": 124}",124,1.5,0.03,"{""model__C"": 1.5, ""model__gamma"": 0.03, ""pca__n_components"": 124}",stage3_local_cv,4,0.76625,5.656
stage3_824,stage3_seed_2,"{""model__C"": 1.5, ""model__gamma"": 0.04, ""pca__n_components"": 124}",124,1.5,0.04,"{""model__C"": 1.5, ""model__gamma"": 0.04, ""pca__n_components"": 124}",stage3_local_cv,0,0.759375,6.826
stage3_824,stage3_seed_2,"{""model__C"": 1.5, ""model__gamma"": 0.04, ""pca__n_components"": 124}",124,1.5,0.04,"{""model__C"": 1.5, ""model__gamma"": 0.04, ""pca__n_components"": 124}",stage3_local_cv,1,0.76125,5.454
stage3_824,stage3_seed_2,"{""model__C"": 1.5, ""model__gamma"": 0.04, ""pca__n_components"": 124}",124,1.5,0.04,"{""model__C"": 1.5, ""model__gamma"": 0.04, ""pca__n_components"": 124}",stage3_local_cv,2,0.74375,5.492
stage3_824,stage3_seed_2,"{""model__C"": 1.5, ""model__gamma"": 0.04, ""pca__n_components"": 124}",124,1.5,0.04,"{""model__C"": 1.5, ""model__gamma"": 0.04, ""pca__n_components"": 124}",stage3_local_cv,3,0.76625,5.914
stage3_824,stage3_seed_2,"{""model__C"": 1.5, ""model__gamma"": 0.04, ""pca__n_components"": 124}",124,1.5,0.04,"{""model__C"": 1.5, ""model__gamma"": 0.04, ""pca__n_components"": 124}",stage3_local_cv,4,0.755625,6.916
stage3_825,stage3_seed_2,"{""model__C"": 1.5, ""model__gamma"": 0.08, ""pca__n_components"": 124}",124,1.5,0.08,"{""model__C"": 1.5, ""model__gamma"": 0.08, ""pca__n_components"": 124}",stage3_local_cv,0,0.545625,5.485
stage3_825,stage3_seed_2,"{""model__C"": 1.5, ""model__gamma"": 0.08, ""pca__n_components"": 124}",124,1.5,0.08,"{""model__C"": 1.5, ""model__gamma"": 0.08, ""pca__n_components"": 124}",stage3_local_cv,1,0.555625,6.666
stage3_825,stage3_seed_2,"{""model__C"": 1.5, ""model__gamma"": 0.08, ""pca__n_components"": 124}",124,1.5,0.08,"{""model__C"": 1.5, ""model__gamma"": 0.08, ""pca__n_components"": 124}",stage3_local_cv,2,0.6075,6.97
stage3_825,stage3_seed_2,"{""model__C"": 1.5, ""model__gamma"": 0.08, ""pca__n_components"": 124}",124,1.5,0.08,"{""model__C"": 1.5, ""model__gamma"": 0.08, ""pca__n_components"": 124}",stage3_local_cv,3,0.62625,5.414
stage3_825,stage3_seed_2,"{""model__C"": 1.5, ""model__gamma"": 0.08, ""pca__n_components"": 124}",124,1.5,0.08,"{""model__C"": 1.5, ""model__gamma"": 0.08, ""pca__n_components"": 124}",stage3_local_cv,4,0.576875,5.686
stage3_826,stage3_seed_2,"{""model__C"": 2.0, ""model__gamma"": ""scale"", ""pca__n_components"": 124}",124,2.0,scale,"{""model__C"": 2.0, ""model__gamma"": ""scale"", ""pca__n_components"": 124}",stage3_local_cv,0,0.77125,6.209
stage3_826,stage3_seed_2,"{""model__C"": 2.0, ""model__gamma"": ""scale"", ""pca__n_components"": 124}",124,2.0,scale,"{""model__C"": 2.0, ""model__gamma"": ""scale"", ""pca__n_components"": 124}",stage3_local_cv,1,0.7625,4.787
stage3_826,stage3_seed_2,"{""model__C"": 2.0, ""model__gamma"": ""scale"", ""pca__n_components"": 124}",124,2.0,scale,"{""model__C"": 2.0, ""model__gamma"": ""scale"", ""pca__n_components"": 124}",stage3_local_cv,2,0.765625,4.892
stage3_826,stage3_seed_2,"{""model__C"": 2.0, ""model__gamma"": ""scale"", ""pca__n_components"": 124}",124,2.0,scale,"{""model__C"": 2.0, ""model__gamma"": ""scale"", ""pca__n_components"": 124}",stage3_local_cv,3,0.76875,5.947
stage3_826,stage3_seed_2,"{""model__C"": 2.0, ""model__gamma"": ""scale"", ""pca__n_components"": 124}",124,2.0,scale,"{""model__C"": 2.0, ""model__gamma"": ""scale"", ""pca__n_components"": 124}",stage3_local_cv,4,0.765,6.151
stage3_827,stage3_seed_2,"{""model__C"": 2.0, ""model__gamma"": 0.005, ""pca__n_components"": 124}",124,2.0,0.005,"{""model__C"": 2.0, ""model__gamma"": 0.005, ""pca__n_components"": 124}",stage3_local_cv,0,0.770625,4.978
stage3_827,stage3_seed_2,"{""model__C"": 2.0, ""model__gamma"": 0.005, ""pca__n_components"": 124}",124,2.0,0.005,"{""model__C"": 2.0, ""model__gamma"": 0.005, ""pca__n_components"": 124}",stage3_local_cv,1,0.7625,6.219
stage3_827,stage3_seed_2,"{""model__C"": 2.0, ""model__gamma"": 0.005, ""pca__n_components"": 124}",124,2.0,0.005,"{""model__C"": 2.0, ""model__gamma"": 0.005, ""pca__n_components"": 124}",stage3_local_cv,2,0.764375,5.418
stage3_827,stage3_seed_2,"{""model__C"": 2.0, ""model__gamma"": 0.005, ""pca__n_components"": 124}",124,2.0,0.005,"{""model__C"": 2.0, ""model__gamma"": 0.005, ""pca__n_components"": 124}",stage3_local_cv,3,0.77125,4.885
stage3_827,stage3_seed_2,"{""model__C"": 2.0, ""model__gamma"": 0.005, ""pca__n_components"": 124}",124,2.0,0.005,"{""model__C"": 2.0, ""model__gamma"": 0.005, ""pca__n_components"": 124}",stage3_local_cv,4,0.761875,4.98
stage3_828,stage3_seed_2,"{""model__C"": 2.0, ""model__gamma"": 0.01, ""pca__n_components"": 124}",124,2.0,0.01,"{""model__C"": 2.0, ""model__gamma"": 0.01, ""pca__n_components"": 124}",stage3_local_cv,0,0.806875,6.323
stage3_828,stage3_seed_2,"{""model__C"": 2.0, ""model__gamma"": 0.01, ""pca__n_components"": 124}",124,2.0,0.01,"{""model__C"": 2.0, ""model__gamma"": 0.01, ""pca__n_components"": 124}",stage3_local_cv,1,0.80125,5.367
stage3_828,stage3_seed_2,"{""model__C"": 2.0, ""model__gamma"": 0.01, ""pca__n_components"": 124}",124,2.0,0.01,"{""model__C"": 2.0, ""model__gamma"": 0.01, ""pca__n_components"": 124}",stage3_local_cv,2,0.804375,6.385
stage3_828,stage3_seed_2,"{""model__C"": 2.0, ""model__gamma"": 0.01, ""pca__n_components"": 124}",124,2.0,0.01,"{""model__C"": 2.0, ""model__gamma"": 0.01, ""pca__n_components"": 124}",stage3_local_cv,3,0.806875,6.526
stage3_828,stage3_seed_2,"{""model__C"": 2.0, ""model__gamma"": 0.01, ""pca__n_components"": 124}",124,2.0,0.01,"{""model__C"": 2.0, ""model__gamma"": 0.01, ""pca__n_components"": 124}",stage3_local_cv,4,0.805,7.114
stage3_829,stage3_seed_2,"{""model__C"": 2.0, ""model__gamma"": 0.02, ""pca__n_components"": 124}",124,2.0,0.02,"{""model__C"": 2.0, ""model__gamma"": 0.02, ""pca__n_components"": 124}",stage3_local_cv,0,0.8025,6.348
stage3_829,stage3_seed_2,"{""model__C"": 2.0, ""model__gamma"": 0.02, ""pca__n_components"": 124}",124,2.0,0.02,"{""model__C"": 2.0, ""model__gamma"": 0.02, ""pca__n_components"": 124}",stage3_local_cv,1,0.803125,6.41
stage3_829,stage3_seed_2,"{""model__C"": 2.0, ""model__gamma"": 0.02, ""pca__n_components"": 124}",124,2.0,0.02,"{""model__C"": 2.0, ""model__gamma"": 0.02, ""pca__n_components"": 124}",stage3_local_cv,2,0.796875,5.596
stage3_829,stage3_seed_2,"{""model__C"": 2.0, ""model__gamma"": 0.02, ""pca__n_components"": 124}",124,2.0,0.02,"{""model__C"": 2.0, ""model__gamma"": 0.02, ""pca__n_components"": 124}",stage3_local_cv,3,0.805625,5.445
stage3_829,stage3_seed_2,"{""model__C"": 2.0, ""model__gamma"": 0.02, ""pca__n_components"": 124}",124,2.0,0.02,"{""model__C"": 2.0, ""model__gamma"": 0.02, ""pca__n_components"": 124}",stage3_local_cv,4,0.795625,5.698
stage3_830,stage3_seed_2,"{""model__C"": 2.0, ""model__gamma"": 0.03, ""pca__n_components"": 124}",124,2.0,0.03,"{""model__C"": 2.0, ""model__gamma"": 0.03, ""pca__n_components"": 124}",stage3_local_cv,0,0.7775,5.907
stage3_830,stage3_seed_2,"{""model__C"": 2.0, ""model__gamma"": 0.03, ""pca__n_components"": 124}",124,2.0,0.03,"{""model__C"": 2.0, ""model__gamma"": 0.03, ""pca__n_components"": 124}",stage3_local_cv,1,0.78125,5.876
stage3_830,stage3_seed_2,"{""model__C"": 2.0, ""model__gamma"": 0.03, ""pca__n_components"": 124}",124,2.0,0.03,"{""model__C"": 2.0, ""model__gamma"": 0.03, ""pca__n_components"": 124}",stage3_local_cv,2,0.7625,6.773
stage3_830,stage3_seed_2,"{""model__C"": 2.0, ""model__gamma"": 0.03, ""pca__n_components"": 124}",124,2.0,0.03,"{""model__C"": 2.0, ""model__gamma"": 0.03, ""pca__n_components"": 124}",stage3_local_cv,3,0.776875,6.69
stage3_830,stage3_seed_2,"{""model__C"": 2.0, ""model__gamma"": 0.03, ""pca__n_components"": 124}",124,2.0,0.03,"{""model__C"": 2.0, ""model__gamma"": 0.03, ""pca__n_components"": 124}",stage3_local_cv,4,0.77,7.246
stage3_831,stage3_seed_2,"{""model__C"": 2.0, ""model__gamma"": 0.04, ""pca__n_components"": 124}",124,2.0,0.04,"{""model__C"": 2.0, ""model__gamma"": 0.04, ""pca__n_components"": 124}",stage3_local_cv,0,0.760625,6.59
stage3_831,stage3_seed_2,"{""model__C"": 2.0, ""model__gamma"": 0.04, ""pca__n_components"": 124}",124,2.0,0.04,"{""model__C"": 2.0, ""model__gamma"": 0.04, ""pca__n_components"": 124}",stage3_local_cv,1,0.763125,5.502
stage3_831,stage3_seed_2,"{""model__C"": 2.0, ""model__gamma"": 0.04, ""pca__n_components"": 124}",124,2.0,0.04,"{""model__C"": 2.0, ""model__gamma"": 0.04, ""pca__n_components"": 124}",stage3_local_cv,2,0.74375,5.565
stage3_831,stage3_seed_2,"{""model__C"": 2.0, ""model__gamma"": 0.04, ""pca__n_components"": 124}",124,2.0,0.04,"{""model__C"": 2.0, ""model__gamma"": 0.04, ""pca__n_components"": 124}",stage3_local_cv,3,0.765625,5.333
stage3_831,stage3_seed_2,"{""model__C"": 2.0, ""model__gamma"": 0.04, ""pca__n_components"": 124}",124,2.0,0.04,"{""model__C"": 2.0, ""model__gamma"": 0.04, ""pca__n_components"": 124}",stage3_local_cv,4,0.758125,5.563
stage3_832,stage3_seed_2,"{""model__C"": 2.0, ""model__gamma"": 0.08, ""pca__n_components"": 124}",124,2.0,0.08,"{""model__C"": 2.0, ""model__gamma"": 0.08, ""pca__n_components"": 124}",stage3_local_cv,0,0.546875,5.529
stage3_832,stage3_seed_2,"{""model__C"": 2.0, ""model__gamma"": 0.08, ""pca__n_components"": 124}",124,2.0,0.08,"{""model__C"": 2.0, ""model__gamma"": 0.08, ""pca__n_components"": 124}",stage3_local_cv,1,0.55625,6.503
stage3_832,stage3_seed_2,"{""model__C"": 2.0, ""model__gamma"": 0.08, ""pca__n_components"": 124}",124,2.0,0.08,"{""model__C"": 2.0, ""model__gamma"": 0.08, ""pca__n_components"": 124}",stage3_local_cv,2,0.61,6.745
stage3_832,stage3_seed_2,"{""model__C"": 2.0, ""model__gamma"": 0.08, ""pca__n_components"": 124}",124,2.0,0.08,"{""model__C"": 2.0, ""model__gamma"": 0.08, ""pca__n_components"": 124}",stage3_local_cv,3,0.63125,6.748
stage3_832,stage3_seed_2,"{""model__C"": 2.0, ""model__gamma"": 0.08, ""pca__n_components"": 124}",124,2.0,0.08,"{""model__C"": 2.0, ""model__gamma"": 0.08, ""pca__n_components"": 124}",stage3_local_cv,4,0.576875,7.019
stage3_833,stage3_seed_2,"{""model__C"": 3.0, ""model__gamma"": ""scale"", ""pca__n_components"": 124}",124,3.0,scale,"{""model__C"": 3.0, ""model__gamma"": ""scale"", ""pca__n_components"": 124}",stage3_local_cv,0,0.78625,6.401
stage3_833,stage3_seed_2,"{""model__C"": 3.0, ""model__gamma"": ""scale"", ""pca__n_components"": 124}",124,3.0,scale,"{""model__C"": 3.0, ""model__gamma"": ""scale"", ""pca__n_components"": 124}",stage3_local_cv,1,0.780625,4.951
stage3_833,stage3_seed_2,"{""model__C"": 3.0, ""model__gamma"": ""scale"", ""pca__n_components"": 124}",124,3.0,scale,"{""model__C"": 3.0, ""model__gamma"": ""scale"", ""pca__n_components"": 124}",stage3_local_cv,2,0.779375,5.08
stage3_833,stage3_seed_2,"{""model__C"": 3.0, ""model__gamma"": ""scale"", ""pca__n_components"": 124}",124,3.0,scale,"{""model__C"": 3.0, ""model__gamma"": ""scale"", ""pca__n_components"": 124}",stage3_local_cv,3,0.778125,4.995
stage3_833,stage3_seed_2,"{""model__C"": 3.0, ""model__gamma"": ""scale"", ""pca__n_components"": 124}",124,3.0,scale,"{""model__C"": 3.0, ""model__gamma"": ""scale"", ""pca__n_components"": 124}",stage3_local_cv,4,0.780625,5.217
stage3_834,stage3_seed_2,"{""model__C"": 3.0, ""model__gamma"": 0.005, ""pca__n_components"": 124}",124,3.0,0.005,"{""model__C"": 3.0, ""model__gamma"": 0.005, ""pca__n_components"": 124}",stage3_local_cv,0,0.786875,5.076
stage3_834,stage3_seed_2,"{""model__C"": 3.0, ""model__gamma"": 0.005, ""pca__n_components"": 124}",124,3.0,0.005,"{""model__C"": 3.0, ""model__gamma"": 0.005, ""pca__n_components"": 124}",stage3_local_cv,1,0.780625,6.083
stage3_834,stage3_seed_2,"{""model__C"": 3.0, ""model__gamma"": 0.005, ""pca__n_components"": 124}",124,3.0,0.005,"{""model__C"": 3.0, ""model__gamma"": 0.005, ""pca__n_components"": 124}",stage3_local_cv,2,0.77875,6.084
stage3_834,stage3_seed_2,"{""model__C"": 3.0, ""model__gamma"": 0.005, ""pca__n_components"": 124}",124,3.0,0.005,"{""model__C"": 3.0, ""model__gamma"": 0.005, ""pca__n_components"": 124}",stage3_local_cv,3,0.775625,5.191
stage3_834,stage3_seed_2,"{""model__C"": 3.0, ""model__gamma"": 0.005, ""pca__n_components"": 124}",124,3.0,0.005,"{""model__C"": 3.0, ""model__gamma"": 0.005, ""pca__n_components"": 124}",stage3_local_cv,4,0.78,5.17
stage3_835,stage3_seed_2,"{""model__C"": 3.0, ""model__gamma"": 0.01, ""pca__n_components"": 124}",124,3.0,0.01,"{""model__C"": 3.0, ""model__gamma"": 0.01, ""pca__n_components"": 124}",stage3_local_cv,0,0.816875,6.984
stage3_835,stage3_seed_2,"{""model__C"": 3.0, ""model__gamma"": 0.01, ""pca__n_components"": 124}",124,3.0,0.01,"{""model__C"": 3.0, ""model__gamma"": 0.01, ""pca__n_components"": 124}",stage3_local_cv,1,0.80625,5.478
stage3_835,stage3_seed_2,"{""model__C"": 3.0, ""model__gamma"": 0.01, ""pca__n_components"": 124}",124,3.0,0.01,"{""model__C"": 3.0, ""model__gamma"": 0.01, ""pca__n_components"": 124}",stage3_local_cv,2,0.809375,5.683
stage3_835,stage3_seed_2,"{""model__C"": 3.0, ""model__gamma"": 0.01, ""pca__n_components"": 124}",124,3.0,0.01,"{""model__C"": 3.0, ""model__gamma"": 0.01, ""pca__n_components"": 124}",stage3_local_cv,3,0.8075,6.513
stage3_835,stage3_seed_2,"{""model__C"": 3.0, ""model__gamma"": 0.01, ""pca__n_components"": 124}",124,3.0,0.01,"{""model__C"": 3.0, ""model__gamma"": 0.01, ""pca__n_components"": 124}",stage3_local_cv,4,0.81125,6.971
stage3_836,stage3_seed_2,"{""model__C"": 3.0, ""model__gamma"": 0.02, ""pca__n_components"": 124}",124,3.0,0.02,"{""model__C"": 3.0, ""model__gamma"": 0.02, ""pca__n_components"": 124}",stage3_local_cv,0,0.804375,5.566
stage3_836,stage3_seed_2,"{""model__C"": 3.0, ""model__gamma"": 0.02, ""pca__n_components"": 124}",124,3.0,0.02,"{""model__C"": 3.0, ""model__gamma"": 0.02, ""pca__n_components"": 124}",stage3_local_cv,1,0.80625,6.762
stage3_836,stage3_seed_2,"{""model__C"": 3.0, ""model__gamma"": 0.02, ""pca__n_components"": 124}",124,3.0,0.02,"{""model__C"": 3.0, ""model__gamma"": 0.02, ""pca__n_components"": 124}",stage3_local_cv,2,0.79625,7.054
stage3_836,stage3_seed_2,"{""model__C"": 3.0, ""model__gamma"": 0.02, ""pca__n_components"": 124}",124,3.0,0.02,"{""model__C"": 3.0, ""model__gamma"": 0.02, ""pca__n_components"": 124}",stage3_local_cv,3,0.8025,5.392
stage3_836,stage3_seed_2,"{""model__C"": 3.0, ""model__gamma"": 0.02, ""pca__n_components"": 124}",124,3.0,0.02,"{""model__C"": 3.0, ""model__gamma"": 0.02, ""pca__n_components"": 124}",stage3_local_cv,4,0.796875,5.641
stage3_837,stage3_seed_2,"{""model__C"": 3.0, ""model__gamma"": 0.03, ""pca__n_components"": 124}",124,3.0,0.03,"{""model__C"": 3.0, ""model__gamma"": 0.03, ""pca__n_components"": 124}",stage3_local_cv,0,0.778125,6.945
stage3_837,stage3_seed_2,"{""model__C"": 3.0, ""model__gamma"": 0.03, ""pca__n_components"": 124}",124,3.0,0.03,"{""model__C"": 3.0, ""model__gamma"": 0.03, ""pca__n_components"": 124}",stage3_local_cv,1,0.780625,5.7
stage3_837,stage3_seed_2,"{""model__C"": 3.0, ""model__gamma"": 0.03, ""pca__n_components"": 124}",124,3.0,0.03,"{""model__C"": 3.0, ""model__gamma"": 0.03, ""pca__n_components"": 124}",stage3_local_cv,2,0.761875,6.6
stage3_837,stage3_seed_2,"{""model__C"": 3.0, ""model__gamma"": 0.03, ""pca__n_components"": 124}",124,3.0,0.03,"{""model__C"": 3.0, ""model__gamma"": 0.03, ""pca__n_components"": 124}",stage3_local_cv,3,0.77625,6.543
stage3_837,stage3_seed_2,"{""model__C"": 3.0, ""model__gamma"": 0.03, ""pca__n_components"": 124}",124,3.0,0.03,"{""model__C"": 3.0, ""model__gamma"": 0.03, ""pca__n_components"": 124}",stage3_local_cv,4,0.7725,6.888
stage3_838,stage3_seed_2,"{""model__C"": 3.0, ""model__gamma"": 0.04, ""pca__n_components"": 124}",124,3.0,0.04,"{""model__C"": 3.0, ""model__gamma"": 0.04, ""pca__n_components"": 124}",stage3_local_cv,0,0.759375,5.459
stage3_838,stage3_seed_2,"{""model__C"": 3.0, ""model__gamma"": 0.04, ""pca__n_components"": 124}",124,3.0,0.04,"{""model__C"": 3.0, ""model__gamma"": 0.04, ""pca__n_components"": 124}",stage3_local_cv,1,0.768125,6.831
stage3_838,stage3_seed_2,"{""model__C"": 3.0, ""model__gamma"": 0.04, ""pca__n_components"": 124}",124,3.0,0.04,"{""model__C"": 3.0, ""model__gamma"": 0.04, ""pca__n_components"": 124}",stage3_local_cv,2,0.745,6.835
stage3_838,stage3_seed_2,"{""model__C"": 3.0, ""model__gamma"": 0.04, ""pca__n_components"": 124}",124,3.0,0.04,"{""model__C"": 3.0, ""model__gamma"": 0.04, ""pca__n_components"": 124}",stage3_local_cv,3,0.765625,5.398
stage3_838,stage3_seed_2,"{""model__C"": 3.0, ""model__gamma"": 0.04, ""pca__n_components"": 124}",124,3.0,0.04,"{""model__C"": 3.0, ""model__gamma"": 0.04, ""pca__n_components"": 124}",stage3_local_cv,4,0.758125,5.658
stage3_839,stage3_seed_2,"{""model__C"": 3.0, ""model__gamma"": 0.08, ""pca__n_components"": 124}",124,3.0,0.08,"{""model__C"": 3.0, ""model__gamma"": 0.08, ""pca__n_components"": 124}",stage3_local_cv,0,0.5425,7.024
stage3_839,stage3_seed_2,"{""model__C"": 3.0, ""model__gamma"": 0.08, ""pca__n_components"": 124}",124,3.0,0.08,"{""model__C"": 3.0, ""model__gamma"": 0.08, ""pca__n_components"": 124}",stage3_local_cv,1,0.551875,5.388
stage3_839,stage3_seed_2,"{""model__C"": 3.0, ""model__gamma"": 0.08, ""pca__n_components"": 124}",124,3.0,0.08,"{""model__C"": 3.0, ""model__gamma"": 0.08, ""pca__n_components"": 124}",stage3_local_cv,2,0.60375,5.495
stage3_839,stage3_seed_2,"{""model__C"": 3.0, ""model__gamma"": 0.08, ""pca__n_components"": 124}",124,3.0,0.08,"{""model__C"": 3.0, ""model__gamma"": 0.08, ""pca__n_components"": 124}",stage3_local_cv,3,0.62625,6.503
stage3_839,stage3_seed_2,"{""model__C"": 3.0, ""model__gamma"": 0.08, ""pca__n_components"": 124}",124,3.0,0.08,"{""model__C"": 3.0, ""model__gamma"": 0.08, ""pca__n_components"": 124}",stage3_local_cv,4,0.573125,6.894
stage3_840,stage3_seed_2,"{""model__C"": 4.0, ""model__gamma"": ""scale"", ""pca__n_components"": 124}",124,4.0,scale,"{""model__C"": 4.0, ""model__gamma"": ""scale"", ""pca__n_components"": 124}",stage3_local_cv,0,0.800625,5.421
stage3_840,stage3_seed_2,"{""model__C"": 4.0, ""model__gamma"": ""scale"", ""pca__n_components"": 124}",124,4.0,scale,"{""model__C"": 4.0, ""model__gamma"": ""scale"", ""pca__n_components"": 124}",stage3_local_cv,1,0.791875,6.247
stage3_840,stage3_seed_2,"{""model__C"": 4.0, ""model__gamma"": ""scale"", ""pca__n_components"": 124}",124,4.0,scale,"{""model__C"": 4.0, ""model__gamma"": ""scale"", ""pca__n_components"": 124}",stage3_local_cv,2,0.78875,6.482
stage3_840,stage3_seed_2,"{""model__C"": 4.0, ""model__gamma"": ""scale"", ""pca__n_components"": 124}",124,4.0,scale,"{""model__C"": 4.0, ""model__gamma"": ""scale"", ""pca__n_components"": 124}",stage3_local_cv,3,0.789375,5.096
stage3_840,stage3_seed_2,"{""model__C"": 4.0, ""model__gamma"": ""scale"", ""pca__n_components"": 124}",124,4.0,scale,"{""model__C"": 4.0, ""model__gamma"": ""scale"", ""pca__n_components"": 124}",stage3_local_cv,4,0.7925,5.264
stage3_841,stage3_seed_2,"{""model__C"": 4.0, ""model__gamma"": 0.005, ""pca__n_components"": 124}",124,4.0,0.005,"{""model__C"": 4.0, ""model__gamma"": 0.005, ""pca__n_components"": 124}",stage3_local_cv,0,0.800625,5.791
stage3_841,stage3_seed_2,"{""model__C"": 4.0, ""model__gamma"": 0.005, ""pca__n_components"": 124}",124,4.0,0.005,"{""model__C"": 4.0, ""model__gamma"": 0.005, ""pca__n_components"": 124}",stage3_local_cv,1,0.793125,5.428
stage3_841,stage3_seed_2,"{""model__C"": 4.0, ""model__gamma"": 0.005, ""pca__n_components"": 124}",124,4.0,0.005,"{""model__C"": 4.0, ""model__gamma"": 0.005, ""pca__n_components"": 124}",stage3_local_cv,2,0.789375,5.32
stage3_841,stage3_seed_2,"{""model__C"": 4.0, ""model__gamma"": 0.005, ""pca__n_components"": 124}",124,4.0,0.005,"{""model__C"": 4.0, ""model__gamma"": 0.005, ""pca__n_components"": 124}",stage3_local_cv,3,0.788125,6.446
stage3_841,stage3_seed_2,"{""model__C"": 4.0, ""model__gamma"": 0.005, ""pca__n_components"": 124}",124,4.0,0.005,"{""model__C"": 4.0, ""model__gamma"": 0.005, ""pca__n_components"": 124}",stage3_local_cv,4,0.79125,6.326
stage3_842,stage3_seed_2,"{""model__C"": 4.0, ""model__gamma"": 0.01, ""pca__n_components"": 124}",124,4.0,0.01,"{""model__C"": 4.0, ""model__gamma"": 0.01, ""pca__n_components"": 124}",stage3_local_cv,0,0.815625,6.531
stage3_842,stage3_seed_2,"{""model__C"": 4.0, ""model__gamma"": 0.01, ""pca__n_components"": 124}",124,4.0,0.01,"{""model__C"": 4.0, ""model__gamma"": 0.01, ""pca__n_components"": 124}",stage3_local_cv,1,0.805625,5.492
stage3_842,stage3_seed_2,"{""model__C"": 4.0, ""model__gamma"": 0.01, ""pca__n_components"": 124}",124,4.0,0.01,"{""model__C"": 4.0, ""model__gamma"": 0.01, ""pca__n_components"": 124}",stage3_local_cv,2,0.805625,7.224
stage3_842,stage3_seed_2,"{""model__C"": 4.0, ""model__gamma"": 0.01, ""pca__n_components"": 124}",124,4.0,0.01,"{""model__C"": 4.0, ""model__gamma"": 0.01, ""pca__n_components"": 124}",stage3_local_cv,3,0.799375,5.576
stage3_842,stage3_seed_2,"{""model__C"": 4.0, ""model__gamma"": 0.01, ""pca__n_components"": 124}",124,4.0,0.01,"{""model__C"": 4.0, ""model__gamma"": 0.01, ""pca__n_components"": 124}",stage3_local_cv,4,0.81,5.732
stage3_843,stage3_seed_2,"{""model__C"": 4.0, ""model__gamma"": 0.02, ""pca__n_components"": 124}",124,4.0,0.02,"{""model__C"": 4.0, ""model__gamma"": 0.02, ""pca__n_components"": 124}",stage3_local_cv,0,0.80375,5.547
stage3_843,stage3_seed_2,"{""model__C"": 4.0, ""model__gamma"": 0.02, ""pca__n_components"": 124}",124,4.0,0.02,"{""model__C"": 4.0, ""model__gamma"": 0.02, ""pca__n_components"": 124}",stage3_local_cv,1,0.805,6.577
stage3_843,stage3_seed_2,"{""model__C"": 4.0, ""model__gamma"": 0.02, ""pca__n_components"": 124}",124,4.0,0.02,"{""model__C"": 4.0, ""model__gamma"": 0.02, ""pca__n_components"": 124}",stage3_local_cv,2,0.796875,5.667
stage3_843,stage3_seed_2,"{""model__C"": 4.0, ""model__gamma"": 0.02, ""pca__n_components"": 124}",124,4.0,0.02,"{""model__C"": 4.0, ""model__gamma"": 0.02, ""pca__n_components"": 124}",stage3_local_cv,3,0.795625,6.997
stage3_843,stage3_seed_2,"{""model__C"": 4.0, ""model__gamma"": 0.02, ""pca__n_components"": 124}",124,4.0,0.02,"{""model__C"": 4.0, ""model__gamma"": 0.02, ""pca__n_components"": 124}",stage3_local_cv,4,0.795,7.271
stage3_844,stage3_seed_2,"{""model__C"": 4.0, ""model__gamma"": 0.03, ""pca__n_components"": 124}",124,4.0,0.03,"{""model__C"": 4.0, ""model__gamma"": 0.03, ""pca__n_components"": 124}",stage3_local_cv,0,0.779375,6.843
stage3_844,stage3_seed_2,"{""model__C"": 4.0, ""model__gamma"": 0.03, ""pca__n_components"": 124}",124,4.0,0.03,"{""model__C"": 4.0, ""model__gamma"": 0.03, ""pca__n_components"": 124}",stage3_local_cv,1,0.783125,5.361
stage3_844,stage3_seed_2,"{""model__C"": 4.0, ""model__gamma"": 0.03, ""pca__n_components"": 124}",124,4.0,0.03,"{""model__C"": 4.0, ""model__gamma"": 0.03, ""pca__n_components"": 124}",stage3_local_cv,2,0.766875,6.698
stage3_844,stage3_seed_2,"{""model__C"": 4.0, ""model__gamma"": 0.03, ""pca__n_components"": 124}",124,4.0,0.03,"{""model__C"": 4.0, ""model__gamma"": 0.03, ""pca__n_components"": 124}",stage3_local_cv,3,0.775625,5.377
stage3_844,stage3_seed_2,"{""model__C"": 4.0, ""model__gamma"": 0.03, ""pca__n_components"": 124}",124,4.0,0.03,"{""model__C"": 4.0, ""model__gamma"": 0.03, ""pca__n_components"": 124}",stage3_local_cv,4,0.773125,5.598
stage3_845,stage3_seed_2,"{""model__C"": 4.0, ""model__gamma"": 0.04, ""pca__n_components"": 124}",124,4.0,0.04,"{""model__C"": 4.0, ""model__gamma"": 0.04, ""pca__n_components"": 124}",stage3_local_cv,0,0.760625,5.524
stage3_845,stage3_seed_2,"{""model__C"": 4.0, ""model__gamma"": 0.04, ""pca__n_components"": 124}",124,4.0,0.04,"{""model__C"": 4.0, ""model__gamma"": 0.04, ""pca__n_components"": 124}",stage3_local_cv,1,0.76875,6.6
stage3_845,stage3_seed_2,"{""model__C"": 4.0, ""model__gamma"": 0.04, ""pca__n_components"": 124}",124,4.0,0.04,"{""model__C"": 4.0, ""model__gamma"": 0.04, ""pca__n_components"": 124}",stage3_local_cv,2,0.744375,5.89
stage3_845,stage3_seed_2,"{""model__C"": 4.0, ""model__gamma"": 0.04, ""pca__n_components"": 124}",124,4.0,0.04,"{""model__C"": 4.0, ""model__gamma"": 0.04, ""pca__n_components"": 124}",stage3_local_cv,3,0.765,6.273
stage3_845,stage3_seed_2,"{""model__C"": 4.0, ""model__gamma"": 0.04, ""pca__n_components"": 124}",124,4.0,0.04,"{""model__C"": 4.0, ""model__gamma"": 0.04, ""pca__n_components"": 124}",stage3_local_cv,4,0.758125,7.271
stage3_846,stage3_seed_2,"{""model__C"": 4.0, ""model__gamma"": 0.08, ""pca__n_components"": 124}",124,4.0,0.08,"{""model__C"": 4.0, ""model__gamma"": 0.08, ""pca__n_components"": 124}",stage3_local_cv,0,0.540625,6.821
stage3_846,stage3_seed_2,"{""model__C"": 4.0, ""model__gamma"": 0.08, ""pca__n_components"": 124}",124,4.0,0.08,"{""model__C"": 4.0, ""model__gamma"": 0.08, ""pca__n_components"": 124}",stage3_local_cv,1,0.548125,5.452
stage3_846,stage3_seed_2,"{""model__C"": 4.0, ""model__gamma"": 0.08, ""pca__n_components"": 124}",124,4.0,0.08,"{""model__C"": 4.0, ""model__gamma"": 0.08, ""pca__n_components"": 124}",stage3_local_cv,2,0.600625,6.261
stage3_846,stage3_seed_2,"{""model__C"": 4.0, ""model__gamma"": 0.08, ""pca__n_components"": 124}",124,4.0,0.08,"{""model__C"": 4.0, ""model__gamma"": 0.08, ""pca__n_components"": 124}",stage3_local_cv,3,0.611875,5.801
stage3_846,stage3_seed_2,"{""model__C"": 4.0, ""model__gamma"": 0.08, ""pca__n_components"": 124}",124,4.0,0.08,"{""model__C"": 4.0, ""model__gamma"": 0.08, ""pca__n_components"": 124}",stage3_local_cv,4,0.57,5.604
stage3_847,stage3_seed_2,"{""model__C"": 6.0, ""model__gamma"": ""scale"", ""pca__n_components"": 124}",124,6.0,scale,"{""model__C"": 6.0, ""model__gamma"": ""scale"", ""pca__n_components"": 124}",stage3_local_cv,0,0.80625,5.879
stage3_847,stage3_seed_2,"{""model__C"": 6.0, ""model__gamma"": ""scale"", ""pca__n_components"": 124}",124,6.0,scale,"{""model__C"": 6.0, ""model__gamma"": ""scale"", ""pca__n_components"": 124}",stage3_local_cv,1,0.801875,7.364
stage3_847,stage3_seed_2,"{""model__C"": 6.0, ""model__gamma"": ""scale"", ""pca__n_components"": 124}",124,6.0,scale,"{""model__C"": 6.0, ""model__gamma"": ""scale"", ""pca__n_components"": 124}",stage3_local_cv,2,0.8025,6.997
stage3_847,stage3_seed_2,"{""model__C"": 6.0, ""model__gamma"": ""scale"", ""pca__n_components"": 124}",124,6.0,scale,"{""model__C"": 6.0, ""model__gamma"": ""scale"", ""pca__n_components"": 124}",stage3_local_cv,3,0.80125,5.979
stage3_847,stage3_seed_2,"{""model__C"": 6.0, ""model__gamma"": ""scale"", ""pca__n_components"": 124}",124,6.0,scale,"{""model__C"": 6.0, ""model__gamma"": ""scale"", ""pca__n_components"": 124}",stage3_local_cv,4,0.796875,7.391
stage3_848,stage3_seed_2,"{""model__C"": 6.0, ""model__gamma"": 0.005, ""pca__n_components"": 124}",124,6.0,0.005,"{""model__C"": 6.0, ""model__gamma"": 0.005, ""pca__n_components"": 124}",stage3_local_cv,0,0.81,7.133
stage3_848,stage3_seed_2,"{""model__C"": 6.0, ""model__gamma"": 0.005, ""pca__n_components"": 124}",124,6.0,0.005,"{""model__C"": 6.0, ""model__gamma"": 0.005, ""pca__n_components"": 124}",stage3_local_cv,1,0.8025,5.646
stage3_848,stage3_seed_2,"{""model__C"": 6.0, ""model__gamma"": 0.005, ""pca__n_components"": 124}",124,6.0,0.005,"{""model__C"": 6.0, ""model__gamma"": 0.005, ""pca__n_components"": 124}",stage3_local_cv,2,0.8,7.733
stage3_848,stage3_seed_2,"{""model__C"": 6.0, ""model__gamma"": 0.005, ""pca__n_components"": 124}",124,6.0,0.005,"{""model__C"": 6.0, ""model__gamma"": 0.005, ""pca__n_components"": 124}",stage3_local_cv,3,0.801875,6.713
stage3_848,stage3_seed_2,"{""model__C"": 6.0, ""model__gamma"": 0.005, ""pca__n_components"": 124}",124,6.0,0.005,"{""model__C"": 6.0, ""model__gamma"": 0.005, ""pca__n_components"": 124}",stage3_local_cv,4,0.79625,6.008
stage3_849,stage3_seed_2,"{""model__C"": 6.0, ""model__gamma"": 0.01, ""pca__n_components"": 124}",124,6.0,0.01,"{""model__C"": 6.0, ""model__gamma"": 0.01, ""pca__n_components"": 124}",stage3_local_cv,0,0.815625,5.643
stage3_849,stage3_seed_2,"{""model__C"": 6.0, ""model__gamma"": 0.01, ""pca__n_components"": 124}",124,6.0,0.01,"{""model__C"": 6.0, ""model__gamma"": 0.01, ""pca__n_components"": 124}",stage3_local_cv,1,0.806875,6.807
stage3_849,stage3_seed_2,"{""model__C"": 6.0, ""model__gamma"": 0.01, ""pca__n_components"": 124}",124,6.0,0.01,"{""model__C"": 6.0, ""model__gamma"": 0.01, ""pca__n_components"": 124}",stage3_local_cv,2,0.811875,5.667
stage3_849,stage3_seed_2,"{""model__C"": 6.0, ""model__gamma"": 0.01, ""pca__n_components"": 124}",124,6.0,0.01,"{""model__C"": 6.0, ""model__gamma"": 0.01, ""pca__n_components"": 124}",stage3_local_cv,3,0.804375,5.523
stage3_849,stage3_seed_2,"{""model__C"": 6.0, ""model__gamma"": 0.01, ""pca__n_components"": 124}",124,6.0,0.01,"{""model__C"": 6.0, ""model__gamma"": 0.01, ""pca__n_components"": 124}",stage3_local_cv,4,0.810625,7.277
stage3_850,stage3_seed_2,"{""model__C"": 6.0, ""model__gamma"": 0.02, ""pca__n_components"": 124}",124,6.0,0.02,"{""model__C"": 6.0, ""model__gamma"": 0.02, ""pca__n_components"": 124}",stage3_local_cv,0,0.803125,6.937
stage3_850,stage3_seed_2,"{""model__C"": 6.0, ""model__gamma"": 0.02, ""pca__n_components"": 124}",124,6.0,0.02,"{""model__C"": 6.0, ""model__gamma"": 0.02, ""pca__n_components"": 124}",stage3_local_cv,1,0.80625,5.4
stage3_850,stage3_seed_2,"{""model__C"": 6.0, ""model__gamma"": 0.02, ""pca__n_components"": 124}",124,6.0,0.02,"{""model__C"": 6.0, ""model__gamma"": 0.02, ""pca__n_components"": 124}",stage3_local_cv,2,0.795625,6.956
stage3_850,stage3_seed_2,"{""model__C"": 6.0, ""model__gamma"": 0.02, ""pca__n_components"": 124}",124,6.0,0.02,"{""model__C"": 6.0, ""model__gamma"": 0.02, ""pca__n_components"": 124}",stage3_local_cv,3,0.7975,6.692
stage3_850,stage3_seed_2,"{""model__C"": 6.0, ""model__gamma"": 0.02, ""pca__n_components"": 124}",124,6.0,0.02,"{""model__C"": 6.0, ""model__gamma"": 0.02, ""pca__n_components"": 124}",stage3_local_cv,4,0.7925,5.645
stage3_851,stage3_seed_2,"{""model__C"": 6.0, ""model__gamma"": 0.03, ""pca__n_components"": 124}",124,6.0,0.03,"{""model__C"": 6.0, ""model__gamma"": 0.03, ""pca__n_components"": 124}",stage3_local_cv,0,0.775625,5.518
stage3_851,stage3_seed_2,"{""model__C"": 6.0, ""model__gamma"": 0.03, ""pca__n_components"": 124}",124,6.0,0.03,"{""model__C"": 6.0, ""model__gamma"": 0.03, ""pca__n_components"": 124}",stage3_local_cv,1,0.784375,6.701
stage3_851,stage3_seed_2,"{""model__C"": 6.0, ""model__gamma"": 0.03, ""pca__n_components"": 124}",124,6.0,0.03,"{""model__C"": 6.0, ""model__gamma"": 0.03, ""pca__n_components"": 124}",stage3_local_cv,2,0.764375,5.687
stage3_851,stage3_seed_2,"{""model__C"": 6.0, ""model__gamma"": 0.03, ""pca__n_components"": 124}",124,6.0,0.03,"{""model__C"": 6.0, ""model__gamma"": 0.03, ""pca__n_components"": 124}",stage3_local_cv,3,0.77375,5.395
stage3_851,stage3_seed_2,"{""model__C"": 6.0, ""model__gamma"": 0.03, ""pca__n_components"": 124}",124,6.0,0.03,"{""model__C"": 6.0, ""model__gamma"": 0.03, ""pca__n_components"": 124}",stage3_local_cv,4,0.775,7.219
stage3_852,stage3_seed_2,"{""model__C"": 6.0, ""model__gamma"": 0.04, ""pca__n_components"": 124}",124,6.0,0.04,"{""model__C"": 6.0, ""model__gamma"": 0.04, ""pca__n_components"": 124}",stage3_local_cv,0,0.76125,6.973
stage3_852,stage3_seed_2,"{""model__C"": 6.0, ""model__gamma"": 0.04, ""pca__n_components"": 124}",124,6.0,0.04,"{""model__C"": 6.0, ""model__gamma"": 0.04, ""pca__n_components"": 124}",stage3_local_cv,1,0.77,5.379
stage3_852,stage3_seed_2,"{""model__C"": 6.0, ""model__gamma"": 0.04, ""pca__n_components"": 124}",124,6.0,0.04,"{""model__C"": 6.0, ""model__gamma"": 0.04, ""pca__n_components"": 124}",stage3_local_cv,2,0.745,6.542
stage3_852,stage3_seed_2,"{""model__C"": 6.0, ""model__gamma"": 0.04, ""pca__n_components"": 124}",124,6.0,0.04,"{""model__C"": 6.0, ""model__gamma"": 0.04, ""pca__n_components"": 124}",stage3_local_cv,3,0.7625,6.637
stage3_852,stage3_seed_2,"{""model__C"": 6.0, ""model__gamma"": 0.04, ""pca__n_components"": 124}",124,6.0,0.04,"{""model__C"": 6.0, ""model__gamma"": 0.04, ""pca__n_components"": 124}",stage3_local_cv,4,0.758125,5.65
stage3_853,stage3_seed_2,"{""model__C"": 6.0, ""model__gamma"": 0.08, ""pca__n_components"": 124}",124,6.0,0.08,"{""model__C"": 6.0, ""model__gamma"": 0.08, ""pca__n_components"": 124}",stage3_local_cv,0,0.5375,5.668
stage3_853,stage3_seed_2,"{""model__C"": 6.0, ""model__gamma"": 0.08, ""pca__n_components"": 124}",124,6.0,0.08,"{""model__C"": 6.0, ""model__gamma"": 0.08, ""pca__n_components"": 124}",stage3_local_cv,1,0.54375,7.012
stage3_853,stage3_seed_2,"{""model__C"": 6.0, ""model__gamma"": 0.08, ""pca__n_components"": 124}",124,6.0,0.08,"{""model__C"": 6.0, ""model__gamma"": 0.08, ""pca__n_components"": 124}",stage3_local_cv,2,0.59,5.906
stage3_853,stage3_seed_2,"{""model__C"": 6.0, ""model__gamma"": 0.08, ""pca__n_components"": 124}",124,6.0,0.08,"{""model__C"": 6.0, ""model__gamma"": 0.08, ""pca__n_components"": 124}",stage3_local_cv,3,0.594375,5.365
stage3_853,stage3_seed_2,"{""model__C"": 6.0, ""model__gamma"": 0.08, ""pca__n_components"": 124}",124,6.0,0.08,"{""model__C"": 6.0, ""model__gamma"": 0.08, ""pca__n_components"": 124}",stage3_local_cv,4,0.55875,7.018
stage3_854,stage3_seed_2,"{""model__C"": 1.0, ""model__gamma"": ""scale"", ""pca__n_components"": 128}",128,1.0,scale,"{""model__C"": 1.0, ""model__gamma"": ""scale"", ""pca__n_components"": 128}",stage3_local_cv,0,0.754375,4.687
stage3_854,stage3_seed_2,"{""model__C"": 1.0, ""model__gamma"": ""scale"", ""pca__n_components"": 128}",128,1.0,scale,"{""model__C"": 1.0, ""model__gamma"": ""scale"", ""pca__n_components"": 128}",stage3_local_cv,1,0.7425,4.065
stage3_854,stage3_seed_2,"{""model__C"": 1.0, ""model__gamma"": ""scale"", ""pca__n_components"": 128}",128,1.0,scale,"{""model__C"": 1.0, ""model__gamma"": ""scale"", ""pca__n_components"": 128}",stage3_local_cv,2,0.733125,4.376
stage3_854,stage3_seed_2,"{""model__C"": 1.0, ""model__gamma"": ""scale"", ""pca__n_components"": 128}",128,1.0,scale,"{""model__C"": 1.0, ""model__gamma"": ""scale"", ""pca__n_components"": 128}",stage3_local_cv,3,0.751875,5.376
stage3_854,stage3_seed_2,"{""model__C"": 1.0, ""model__gamma"": ""scale"", ""pca__n_components"": 128}",128,1.0,scale,"{""model__C"": 1.0, ""model__gamma"": ""scale"", ""pca__n_components"": 128}",stage3_local_cv,4,0.734375,4.575
stage3_855,stage3_seed_2,"{""model__C"": 1.0, ""model__gamma"": 0.005, ""pca__n_components"": 128}",128,1.0,0.005,"{""model__C"": 1.0, ""model__gamma"": 0.005, ""pca__n_components"": 128}",stage3_local_cv,0,0.753125,5.09
stage3_855,stage3_seed_2,"{""model__C"": 1.0, ""model__gamma"": 0.005, ""pca__n_components"": 128}",128,1.0,0.005,"{""model__C"": 1.0, ""model__gamma"": 0.005, ""pca__n_components"": 128}",stage3_local_cv,1,0.741875,4.1
stage3_855,stage3_seed_2,"{""model__C"": 1.0, ""model__gamma"": 0.005, ""pca__n_components"": 128}",128,1.0,0.005,"{""model__C"": 1.0, ""model__gamma"": 0.005, ""pca__n_components"": 128}",stage3_local_cv,2,0.7325,5.461
stage3_855,stage3_seed_2,"{""model__C"": 1.0, ""model__gamma"": 0.005, ""pca__n_components"": 128}",128,1.0,0.005,"{""model__C"": 1.0, ""model__gamma"": 0.005, ""pca__n_components"": 128}",stage3_local_cv,3,0.751875,4.165
stage3_855,stage3_seed_2,"{""model__C"": 1.0, ""model__gamma"": 0.005, ""pca__n_components"": 128}",128,1.0,0.005,"{""model__C"": 1.0, ""model__gamma"": 0.005, ""pca__n_components"": 128}",stage3_local_cv,4,0.734375,4.427
stage3_856,stage3_seed_2,"{""model__C"": 1.0, ""model__gamma"": 0.01, ""pca__n_components"": 128}",128,1.0,0.01,"{""model__C"": 1.0, ""model__gamma"": 0.01, ""pca__n_components"": 128}",stage3_local_cv,0,0.788125,4.623
stage3_856,stage3_seed_2,"{""model__C"": 1.0, ""model__gamma"": 0.01, ""pca__n_components"": 128}",128,1.0,0.01,"{""model__C"": 1.0, ""model__gamma"": 0.01, ""pca__n_components"": 128}",stage3_local_cv,1,0.7775,5.691
stage3_856,stage3_seed_2,"{""model__C"": 1.0, ""model__gamma"": 0.01, ""pca__n_components"": 128}",128,1.0,0.01,"{""model__C"": 1.0, ""model__gamma"": 0.01, ""pca__n_components"": 128}",stage3_local_cv,2,0.773125,4.736
stage3_856,stage3_seed_2,"{""model__C"": 1.0, ""model__gamma"": 0.01, ""pca__n_components"": 128}",128,1.0,0.01,"{""model__C"": 1.0, ""model__gamma"": 0.01, ""pca__n_components"": 128}",stage3_local_cv,3,0.771875,4.595
stage3_856,stage3_seed_2,"{""model__C"": 1.0, ""model__gamma"": 0.01, ""pca__n_components"": 128}",128,1.0,0.01,"{""model__C"": 1.0, ""model__gamma"": 0.01, ""pca__n_components"": 128}",stage3_local_cv,4,0.77375,6.014
stage3_857,stage3_seed_2,"{""model__C"": 1.0, ""model__gamma"": 0.02, ""pca__n_components"": 128}",128,1.0,0.02,"{""model__C"": 1.0, ""model__gamma"": 0.02, ""pca__n_components"": 128}",stage3_local_cv,0,0.7875,6.455
stage3_857,stage3_seed_2,"{""model__C"": 1.0, ""model__gamma"": 0.02, ""pca__n_components"": 128}",128,1.0,0.02,"{""model__C"": 1.0, ""model__gamma"": 0.02, ""pca__n_components"": 128}",stage3_local_cv,1,0.783125,4.993
stage3_857,stage3_seed_2,"{""model__C"": 1.0, ""model__gamma"": 0.02, ""pca__n_components"": 128}",128,1.0,0.02,"{""model__C"": 1.0, ""model__gamma"": 0.02, ""pca__n_components"": 128}",stage3_local_cv,2,0.763125,6.794
stage3_857,stage3_seed_2,"{""model__C"": 1.0, ""model__gamma"": 0.02, ""pca__n_components"": 128}",128,1.0,0.02,"{""model__C"": 1.0, ""model__gamma"": 0.02, ""pca__n_components"": 128}",stage3_local_cv,3,0.7825,6.16
stage3_857,stage3_seed_2,"{""model__C"": 1.0, ""model__gamma"": 0.02, ""pca__n_components"": 128}",128,1.0,0.02,"{""model__C"": 1.0, ""model__gamma"": 0.02, ""pca__n_components"": 128}",stage3_local_cv,4,0.770625,5.353
stage3_858,stage3_seed_2,"{""model__C"": 1.0, ""model__gamma"": 0.03, ""pca__n_components"": 128}",128,1.0,0.03,"{""model__C"": 1.0, ""model__gamma"": 0.03, ""pca__n_components"": 128}",stage3_local_cv,0,0.775625,5.24
stage3_858,stage3_seed_2,"{""model__C"": 1.0, ""model__gamma"": 0.03, ""pca__n_components"": 128}",128,1.0,0.03,"{""model__C"": 1.0, ""model__gamma"": 0.03, ""pca__n_components"": 128}",stage3_local_cv,1,0.771875,6.655
stage3_858,stage3_seed_2,"{""model__C"": 1.0, ""model__gamma"": 0.03, ""pca__n_components"": 128}",128,1.0,0.03,"{""model__C"": 1.0, ""model__gamma"": 0.03, ""pca__n_components"": 128}",stage3_local_cv,2,0.75125,5.404
stage3_858,stage3_seed_2,"{""model__C"": 1.0, ""model__gamma"": 0.03, ""pca__n_components"": 128}",128,1.0,0.03,"{""model__C"": 1.0, ""model__gamma"": 0.03, ""pca__n_components"": 128}",stage3_local_cv,3,0.771875,5.141
stage3_858,stage3_seed_2,"{""model__C"": 1.0, ""model__gamma"": 0.03, ""pca__n_components"": 128}",128,1.0,0.03,"{""model__C"": 1.0, ""model__gamma"": 0.03, ""pca__n_components"": 128}",stage3_local_cv,4,0.754375,7.011
stage3_859,stage3_seed_2,"{""model__C"": 1.0, ""model__gamma"": 0.04, ""pca__n_components"": 128}",128,1.0,0.04,"{""model__C"": 1.0, ""model__gamma"": 0.04, ""pca__n_components"": 128}",stage3_local_cv,0,0.75625,6.71
stage3_859,stage3_seed_2,"{""model__C"": 1.0, ""model__gamma"": 0.04, ""pca__n_components"": 128}",128,1.0,0.04,"{""model__C"": 1.0, ""model__gamma"": 0.04, ""pca__n_components"": 128}",stage3_local_cv,1,0.75875,5.115
stage3_859,stage3_seed_2,"{""model__C"": 1.0, ""model__gamma"": 0.04, ""pca__n_components"": 128}",128,1.0,0.04,"{""model__C"": 1.0, ""model__gamma"": 0.04, ""pca__n_components"": 128}",stage3_local_cv,2,0.745,6.529
stage3_859,stage3_seed_2,"{""model__C"": 1.0, ""model__gamma"": 0.04, ""pca__n_components"": 128}",128,1.0,0.04,"{""model__C"": 1.0, ""model__gamma"": 0.04, ""pca__n_components"": 128}",stage3_local_cv,3,0.765625,6.424
stage3_859,stage3_seed_2,"{""model__C"": 1.0, ""model__gamma"": 0.04, ""pca__n_components"": 128}",128,1.0,0.04,"{""model__C"": 1.0, ""model__gamma"": 0.04, ""pca__n_components"": 128}",stage3_local_cv,4,0.74875,5.505
stage3_860,stage3_seed_2,"{""model__C"": 1.0, ""model__gamma"": 0.08, ""pca__n_components"": 128}",128,1.0,0.08,"{""model__C"": 1.0, ""model__gamma"": 0.08, ""pca__n_components"": 128}",stage3_local_cv,0,0.52625,6.128
stage3_860,stage3_seed_2,"{""model__C"": 1.0, ""model__gamma"": 0.08, ""pca__n_components"": 128}",128,1.0,0.08,"{""model__C"": 1.0, ""model__gamma"": 0.08, ""pca__n_components"": 128}",stage3_local_cv,1,0.54,6.986
stage3_860,stage3_seed_2,"{""model__C"": 1.0, ""model__gamma"": 0.08, ""pca__n_components"": 128}",128,1.0,0.08,"{""model__C"": 1.0, ""model__gamma"": 0.08, ""pca__n_components"": 128}",stage3_local_cv,2,0.58375,6.152
stage3_860,stage3_seed_2,"{""model__C"": 1.0, ""model__gamma"": 0.08, ""pca__n_components"": 128}",128,1.0,0.08,"{""model__C"": 1.0, ""model__gamma"": 0.08, ""pca__n_components"": 128}",stage3_local_cv,3,0.583125,5.767
stage3_860,stage3_seed_2,"{""model__C"": 1.0, ""model__gamma"": 0.08, ""pca__n_components"": 128}",128,1.0,0.08,"{""model__C"": 1.0, ""model__gamma"": 0.08, ""pca__n_components"": 128}",stage3_local_cv,4,0.549375,7.18
stage3_861,stage3_seed_2,"{""model__C"": 1.5, ""model__gamma"": ""scale"", ""pca__n_components"": 128}",128,1.5,scale,"{""model__C"": 1.5, ""model__gamma"": ""scale"", ""pca__n_components"": 128}",stage3_local_cv,0,0.765625,4.44
stage3_861,stage3_seed_2,"{""model__C"": 1.5, ""model__gamma"": ""scale"", ""pca__n_components"": 128}",128,1.5,scale,"{""model__C"": 1.5, ""model__gamma"": ""scale"", ""pca__n_components"": 128}",stage3_local_cv,1,0.75625,4.543
stage3_861,stage3_seed_2,"{""model__C"": 1.5, ""model__gamma"": ""scale"", ""pca__n_components"": 128}",128,1.5,scale,"{""model__C"": 1.5, ""model__gamma"": ""scale"", ""pca__n_components"": 128}",stage3_local_cv,2,0.74875,4.458
stage3_861,stage3_seed_2,"{""model__C"": 1.5, ""model__gamma"": ""scale"", ""pca__n_components"": 128}",128,1.5,scale,"{""model__C"": 1.5, ""model__gamma"": ""scale"", ""pca__n_components"": 128}",stage3_local_cv,3,0.758125,5.621
stage3_861,stage3_seed_2,"{""model__C"": 1.5, ""model__gamma"": ""scale"", ""pca__n_components"": 128}",128,1.5,scale,"{""model__C"": 1.5, ""model__gamma"": ""scale"", ""pca__n_components"": 128}",stage3_local_cv,4,0.7525,4.569
stage3_862,stage3_seed_2,"{""model__C"": 1.5, ""model__gamma"": 0.005, ""pca__n_components"": 128}",128,1.5,0.005,"{""model__C"": 1.5, ""model__gamma"": 0.005, ""pca__n_components"": 128}",stage3_local_cv,0,0.765625,5.686
stage3_862,stage3_seed_2,"{""model__C"": 1.5, ""model__gamma"": 0.005, ""pca__n_components"": 128}",128,1.5,0.005,"{""model__C"": 1.5, ""model__gamma"": 0.005, ""pca__n_components"": 128}",stage3_local_cv,1,0.75375,4.15
stage3_862,stage3_seed_2,"{""model__C"": 1.5, ""model__gamma"": 0.005, ""pca__n_components"": 128}",128,1.5,0.005,"{""model__C"": 1.5, ""model__gamma"": 0.005, ""pca__n_components"": 128}",stage3_local_cv,2,0.7475,5.603
stage3_862,stage3_seed_2,"{""model__C"": 1.5, ""model__gamma"": 0.005, ""pca__n_components"": 128}",128,1.5,0.005,"{""model__C"": 1.5, ""model__gamma"": 0.005, ""pca__n_components"": 128}",stage3_local_cv,3,0.759375,4.605
stage3_862,stage3_seed_2,"{""model__C"": 1.5, ""model__gamma"": 0.005, ""pca__n_components"": 128}",128,1.5,0.005,"{""model__C"": 1.5, ""model__gamma"": 0.005, ""pca__n_components"": 128}",stage3_local_cv,4,0.751875,4.449
stage3_863,stage3_seed_2,"{""model__C"": 1.5, ""model__gamma"": 0.01, ""pca__n_components"": 128}",128,1.5,0.01,"{""model__C"": 1.5, ""model__gamma"": 0.01, ""pca__n_components"": 128}",stage3_local_cv,0,0.799375,5.051
stage3_863,stage3_seed_2,"{""model__C"": 1.5, ""model__gamma"": 0.01, ""pca__n_components"": 128}",128,1.5,0.01,"{""model__C"": 1.5, ""model__gamma"": 0.01, ""pca__n_components"": 128}",stage3_local_cv,1,0.796875,6.012
stage3_863,stage3_seed_2,"{""model__C"": 1.5, ""model__gamma"": 0.01, ""pca__n_components"": 128}",128,1.5,0.01,"{""model__C"": 1.5, ""model__gamma"": 0.01, ""pca__n_components"": 128}",stage3_local_cv,2,0.790625,5.053
stage3_863,stage3_seed_2,"{""model__C"": 1.5, ""model__gamma"": 0.01, ""pca__n_components"": 128}",128,1.5,0.01,"{""model__C"": 1.5, ""model__gamma"": 0.01, ""pca__n_components"": 128}",stage3_local_cv,3,0.79375,4.995
stage3_863,stage3_seed_2,"{""model__C"": 1.5, ""model__gamma"": 0.01, ""pca__n_components"": 128}",128,1.5,0.01,"{""model__C"": 1.5, ""model__gamma"": 0.01, ""pca__n_components"": 128}",stage3_local_cv,4,0.801875,6.605
stage3_864,stage3_seed_2,"{""model__C"": 1.5, ""model__gamma"": 0.02, ""pca__n_components"": 128}",128,1.5,0.02,"{""model__C"": 1.5, ""model__gamma"": 0.02, ""pca__n_components"": 128}",stage3_local_cv,0,0.805,6.533
stage3_864,stage3_seed_2,"{""model__C"": 1.5, ""model__gamma"": 0.02, ""pca__n_components"": 128}",128,1.5,0.02,"{""model__C"": 1.5, ""model__gamma"": 0.02, ""pca__n_components"": 128}",stage3_local_cv,1,0.80125,4.911
stage3_864,stage3_seed_2,"{""model__C"": 1.5, ""model__gamma"": 0.02, ""pca__n_components"": 128}",128,1.5,0.02,"{""model__C"": 1.5, ""model__gamma"": 0.02, ""pca__n_components"": 128}",stage3_local_cv,2,0.79625,6.478
stage3_864,stage3_seed_2,"{""model__C"": 1.5, ""model__gamma"": 0.02, ""pca__n_components"": 128}",128,1.5,0.02,"{""model__C"": 1.5, ""model__gamma"": 0.02, ""pca__n_components"": 128}",stage3_local_cv,3,0.801875,6.336
stage3_864,stage3_seed_2,"{""model__C"": 1.5, ""model__gamma"": 0.02, ""pca__n_components"": 128}",128,1.5,0.02,"{""model__C"": 1.5, ""model__gamma"": 0.02, ""pca__n_components"": 128}",stage3_local_cv,4,0.791875,5.336
stage3_865,stage3_seed_2,"{""model__C"": 1.5, ""model__gamma"": 0.03, ""pca__n_components"": 128}",128,1.5,0.03,"{""model__C"": 1.5, ""model__gamma"": 0.03, ""pca__n_components"": 128}",stage3_local_cv,0,0.779375,4.969
stage3_865,stage3_seed_2,"{""model__C"": 1.5, ""model__gamma"": 0.03, ""pca__n_components"": 128}",128,1.5,0.03,"{""model__C"": 1.5, ""model__gamma"": 0.03, ""pca__n_components"": 128}",stage3_local_cv,1,0.781875,5.562
stage3_865,stage3_seed_2,"{""model__C"": 1.5, ""model__gamma"": 0.03, ""pca__n_components"": 128}",128,1.5,0.03,"{""model__C"": 1.5, ""model__gamma"": 0.03, ""pca__n_components"": 128}",stage3_local_cv,2,0.763125,5.138
stage3_865,stage3_seed_2,"{""model__C"": 1.5, ""model__gamma"": 0.03, ""pca__n_components"": 128}",128,1.5,0.03,"{""model__C"": 1.5, ""model__gamma"": 0.03, ""pca__n_components"": 128}",stage3_local_cv,3,0.778125,4.769
stage3_865,stage3_seed_2,"{""model__C"": 1.5, ""model__gamma"": 0.03, ""pca__n_components"": 128}",128,1.5,0.03,"{""model__C"": 1.5, ""model__gamma"": 0.03, ""pca__n_components"": 128}",stage3_local_cv,4,0.769375,6.368
stage3_866,stage3_seed_2,"{""model__C"": 1.5, ""model__gamma"": 0.04, ""pca__n_components"": 128}",128,1.5,0.04,"{""model__C"": 1.5, ""model__gamma"": 0.04, ""pca__n_components"": 128}",stage3_local_cv,0,0.76125,5.591
stage3_866,stage3_seed_2,"{""model__C"": 1.5, ""model__gamma"": 0.04, ""pca__n_components"": 128}",128,1.5,0.04,"{""model__C"": 1.5, ""model__gamma"": 0.04, ""pca__n_components"": 128}",stage3_local_cv,1,0.763125,5.478
stage3_866,stage3_seed_2,"{""model__C"": 1.5, ""model__gamma"": 0.04, ""pca__n_components"": 128}",128,1.5,0.04,"{""model__C"": 1.5, ""model__gamma"": 0.04, ""pca__n_components"": 128}",stage3_local_cv,2,0.745625,6.333
stage3_866,stage3_seed_2,"{""model__C"": 1.5, ""model__gamma"": 0.04, ""pca__n_components"": 128}",128,1.5,0.04,"{""model__C"": 1.5, ""model__gamma"": 0.04, ""pca__n_components"": 128}",stage3_local_cv,3,0.765625,6.251
stage3_866,stage3_seed_2,"{""model__C"": 1.5, ""model__gamma"": 0.04, ""pca__n_components"": 128}",128,1.5,0.04,"{""model__C"": 1.5, ""model__gamma"": 0.04, ""pca__n_components"": 128}",stage3_local_cv,4,0.7575,5.009
stage3_867,stage3_seed_2,"{""model__C"": 1.5, ""model__gamma"": 0.08, ""pca__n_components"": 128}",128,1.5,0.08,"{""model__C"": 1.5, ""model__gamma"": 0.08, ""pca__n_components"": 128}",stage3_local_cv,0,0.545,5.729
stage3_867,stage3_seed_2,"{""model__C"": 1.5, ""model__gamma"": 0.08, ""pca__n_components"": 128}",128,1.5,0.08,"{""model__C"": 1.5, ""model__gamma"": 0.08, ""pca__n_components"": 128}",stage3_local_cv,1,0.555,4.773
stage3_867,stage3_seed_2,"{""model__C"": 1.5, ""model__gamma"": 0.08, ""pca__n_components"": 128}",128,1.5,0.08,"{""model__C"": 1.5, ""model__gamma"": 0.08, ""pca__n_components"": 128}",stage3_local_cv,2,0.601875,5.355
stage3_867,stage3_seed_2,"{""model__C"": 1.5, ""model__gamma"": 0.08, ""pca__n_components"": 128}",128,1.5,0.08,"{""model__C"": 1.5, ""model__gamma"": 0.08, ""pca__n_components"": 128}",stage3_local_cv,3,0.6175,4.859
stage3_867,stage3_seed_2,"{""model__C"": 1.5, ""model__gamma"": 0.08, ""pca__n_components"": 128}",128,1.5,0.08,"{""model__C"": 1.5, ""model__gamma"": 0.08, ""pca__n_components"": 128}",stage3_local_cv,4,0.571875,6.73
stage3_868,stage3_seed_2,"{""model__C"": 2.0, ""model__gamma"": ""scale"", ""pca__n_components"": 128}",128,2.0,scale,"{""model__C"": 2.0, ""model__gamma"": ""scale"", ""pca__n_components"": 128}",stage3_local_cv,0,0.768125,4.551
stage3_868,stage3_seed_2,"{""model__C"": 2.0, ""model__gamma"": ""scale"", ""pca__n_components"": 128}",128,2.0,scale,"{""model__C"": 2.0, ""model__gamma"": ""scale"", ""pca__n_components"": 128}",stage3_local_cv,1,0.765,5.377
stage3_868,stage3_seed_2,"{""model__C"": 2.0, ""model__gamma"": ""scale"", ""pca__n_components"": 128}",128,2.0,scale,"{""model__C"": 2.0, ""model__gamma"": ""scale"", ""pca__n_components"": 128}",stage3_local_cv,2,0.765625,4.526
stage3_868,stage3_seed_2,"{""model__C"": 2.0, ""model__gamma"": ""scale"", ""pca__n_components"": 128}",128,2.0,scale,"{""model__C"": 2.0, ""model__gamma"": ""scale"", ""pca__n_components"": 128}",stage3_local_cv,3,0.7675,4.617
stage3_868,stage3_seed_2,"{""model__C"": 2.0, ""model__gamma"": ""scale"", ""pca__n_components"": 128}",128,2.0,scale,"{""model__C"": 2.0, ""model__gamma"": ""scale"", ""pca__n_components"": 128}",stage3_local_cv,4,0.76625,4.776
stage3_869,stage3_seed_2,"{""model__C"": 2.0, ""model__gamma"": 0.005, ""pca__n_components"": 128}",128,2.0,0.005,"{""model__C"": 2.0, ""model__gamma"": 0.005, ""pca__n_components"": 128}",stage3_local_cv,0,0.766875,5.535
stage3_869,stage3_seed_2,"{""model__C"": 2.0, ""model__gamma"": 0.005, ""pca__n_components"": 128}",128,2.0,0.005,"{""model__C"": 2.0, ""model__gamma"": 0.005, ""pca__n_components"": 128}",stage3_local_cv,1,0.764375,4.357
stage3_869,stage3_seed_2,"{""model__C"": 2.0, ""model__gamma"": 0.005, ""pca__n_components"": 128}",128,2.0,0.005,"{""model__C"": 2.0, ""model__gamma"": 0.005, ""pca__n_components"": 128}",stage3_local_cv,2,0.764375,5.625
stage3_869,stage3_seed_2,"{""model__C"": 2.0, ""model__gamma"": 0.005, ""pca__n_components"": 128}",128,2.0,0.005,"{""model__C"": 2.0, ""model__gamma"": 0.005, ""pca__n_components"": 128}",stage3_local_cv,3,0.76625,5.478
stage3_869,stage3_seed_2,"{""model__C"": 2.0, ""model__gamma"": 0.005, ""pca__n_components"": 128}",128,2.0,0.005,"{""model__C"": 2.0, ""model__gamma"": 0.005, ""pca__n_components"": 128}",stage3_local_cv,4,0.76375,4.633
stage3_870,stage3_seed_2,"{""model__C"": 2.0, ""model__gamma"": 0.01, ""pca__n_components"": 128}",128,2.0,0.01,"{""model__C"": 2.0, ""model__gamma"": 0.01, ""pca__n_components"": 128}",stage3_local_cv,0,0.810625,5.126
stage3_870,stage3_seed_2,"{""model__C"": 2.0, ""model__gamma"": 0.01, ""pca__n_components"": 128}",128,2.0,0.01,"{""model__C"": 2.0, ""model__gamma"": 0.01, ""pca__n_components"": 128}",stage3_local_cv,1,0.801875,4.963
stage3_870,stage3_seed_2,"{""model__C"": 2.0, ""model__gamma"": 0.01, ""pca__n_components"": 128}",128,2.0,0.01,"{""model__C"": 2.0, ""model__gamma"": 0.01, ""pca__n_components"": 128}",stage3_local_cv,2,0.805,5.178
stage3_870,stage3_seed_2,"{""model__C"": 2.0, ""model__gamma"": 0.01, ""pca__n_components"": 128}",128,2.0,0.01,"{""model__C"": 2.0, ""model__gamma"": 0.01, ""pca__n_components"": 128}",stage3_local_cv,3,0.80625,4.904
stage3_870,stage3_seed_2,"{""model__C"": 2.0, ""model__gamma"": 0.01, ""pca__n_components"": 128}",128,2.0,0.01,"{""model__C"": 2.0, ""model__gamma"": 0.01, ""pca__n_components"": 128}",stage3_local_cv,4,0.805625,6.495
stage3_871,stage3_seed_2,"{""model__C"": 2.0, ""model__gamma"": 0.02, ""pca__n_components"": 128}",128,2.0,0.02,"{""model__C"": 2.0, ""model__gamma"": 0.02, ""pca__n_components"": 128}",stage3_local_cv,0,0.801875,5.723
stage3_871,stage3_seed_2,"{""model__C"": 2.0, ""model__gamma"": 0.02, ""pca__n_components"": 128}",128,2.0,0.02,"{""model__C"": 2.0, ""model__gamma"": 0.02, ""pca__n_components"": 128}",stage3_local_cv,1,0.801875,5.987
stage3_871,stage3_seed_2,"{""model__C"": 2.0, ""model__gamma"": 0.02, ""pca__n_components"": 128}",128,2.0,0.02,"{""model__C"": 2.0, ""model__gamma"": 0.02, ""pca__n_components"": 128}",stage3_local_cv,2,0.79875,6.505
stage3_871,stage3_seed_2,"{""model__C"": 2.0, ""model__gamma"": 0.02, ""pca__n_components"": 128}",128,2.0,0.02,"{""model__C"": 2.0, ""model__gamma"": 0.02, ""pca__n_components"": 128}",stage3_local_cv,3,0.803125,6.382
stage3_871,stage3_seed_2,"{""model__C"": 2.0, ""model__gamma"": 0.02, ""pca__n_components"": 128}",128,2.0,0.02,"{""model__C"": 2.0, ""model__gamma"": 0.02, ""pca__n_components"": 128}",stage3_local_cv,4,0.794375,5.188
stage3_872,stage3_seed_2,"{""model__C"": 2.0, ""model__gamma"": 0.03, ""pca__n_components"": 128}",128,2.0,0.03,"{""model__C"": 2.0, ""model__gamma"": 0.03, ""pca__n_components"": 128}",stage3_local_cv,0,0.779375,5.66
stage3_872,stage3_seed_2,"{""model__C"": 2.0, ""model__gamma"": 0.03, ""pca__n_components"": 128}",128,2.0,0.03,"{""model__C"": 2.0, ""model__gamma"": 0.03, ""pca__n_components"": 128}",stage3_local_cv,1,0.780625,4.767
stage3_872,stage3_seed_2,"{""model__C"": 2.0, ""model__gamma"": 0.03, ""pca__n_components"": 128}",128,2.0,0.03,"{""model__C"": 2.0, ""model__gamma"": 0.03, ""pca__n_components"": 128}",stage3_local_cv,2,0.764375,5.07
stage3_872,stage3_seed_2,"{""model__C"": 2.0, ""model__gamma"": 0.03, ""pca__n_components"": 128}",128,2.0,0.03,"{""model__C"": 2.0, ""model__gamma"": 0.03, ""pca__n_components"": 128}",stage3_local_cv,3,0.776875,4.872
stage3_872,stage3_seed_2,"{""model__C"": 2.0, ""model__gamma"": 0.03, ""pca__n_components"": 128}",128,2.0,0.03,"{""model__C"": 2.0, ""model__gamma"": 0.03, ""pca__n_components"": 128}",stage3_local_cv,4,0.770625,6.492
stage3_873,stage3_seed_2,"{""model__C"": 2.0, ""model__gamma"": 0.04, ""pca__n_components"": 128}",128,2.0,0.04,"{""model__C"": 2.0, ""model__gamma"": 0.04, ""pca__n_components"": 128}",stage3_local_cv,0,0.761875,4.876
stage3_873,stage3_seed_2,"{""model__C"": 2.0, ""model__gamma"": 0.04, ""pca__n_components"": 128}",128,2.0,0.04,"{""model__C"": 2.0, ""model__gamma"": 0.04, ""pca__n_components"": 128}",stage3_local_cv,1,0.765,6.114
stage3_873,stage3_seed_2,"{""model__C"": 2.0, ""model__gamma"": 0.04, ""pca__n_components"": 128}",128,2.0,0.04,"{""model__C"": 2.0, ""model__gamma"": 0.04, ""pca__n_components"": 128}",stage3_local_cv,2,0.744375,5.95
stage3_873,stage3_seed_2,"{""model__C"": 2.0, ""model__gamma"": 0.04, ""pca__n_components"": 128}",128,2.0,0.04,"{""model__C"": 2.0, ""model__gamma"": 0.04, ""pca__n_components"": 128}",stage3_local_cv,3,0.764375,5.464
stage3_873,stage3_seed_2,"{""model__C"": 2.0, ""model__gamma"": 0.04, ""pca__n_components"": 128}",128,2.0,0.04,"{""model__C"": 2.0, ""model__gamma"": 0.04, ""pca__n_components"": 128}",stage3_local_cv,4,0.759375,5.258
stage3_874,stage3_seed_2,"{""model__C"": 2.0, ""model__gamma"": 0.08, ""pca__n_components"": 128}",128,2.0,0.08,"{""model__C"": 2.0, ""model__gamma"": 0.08, ""pca__n_components"": 128}",stage3_local_cv,0,0.54375,6.254
stage3_874,stage3_seed_2,"{""model__C"": 2.0, ""model__gamma"": 0.08, ""pca__n_components"": 128}",128,2.0,0.08,"{""model__C"": 2.0, ""model__gamma"": 0.08, ""pca__n_components"": 128}",stage3_local_cv,1,0.55375,4.793
stage3_874,stage3_seed_2,"{""model__C"": 2.0, ""model__gamma"": 0.08, ""pca__n_components"": 128}",128,2.0,0.08,"{""model__C"": 2.0, ""model__gamma"": 0.08, ""pca__n_components"": 128}",stage3_local_cv,2,0.603125,5.505
stage3_874,stage3_seed_2,"{""model__C"": 2.0, ""model__gamma"": 0.08, ""pca__n_components"": 128}",128,2.0,0.08,"{""model__C"": 2.0, ""model__gamma"": 0.08, ""pca__n_components"": 128}",stage3_local_cv,3,0.62125,5.395
stage3_874,stage3_seed_2,"{""model__C"": 2.0, ""model__gamma"": 0.08, ""pca__n_components"": 128}",128,2.0,0.08,"{""model__C"": 2.0, ""model__gamma"": 0.08, ""pca__n_components"": 128}",stage3_local_cv,4,0.5725,6.895
stage3_875,stage3_seed_2,"{""model__C"": 3.0, ""model__gamma"": ""scale"", ""pca__n_components"": 128}",128,3.0,scale,"{""model__C"": 3.0, ""model__gamma"": ""scale"", ""pca__n_components"": 128}",stage3_local_cv,0,0.785625,4.639
stage3_875,stage3_seed_2,"{""model__C"": 3.0, ""model__gamma"": ""scale"", ""pca__n_components"": 128}",128,3.0,scale,"{""model__C"": 3.0, ""model__gamma"": ""scale"", ""pca__n_components"": 128}",stage3_local_cv,1,0.785,4.898
stage3_875,stage3_seed_2,"{""model__C"": 3.0, ""model__gamma"": ""scale"", ""pca__n_components"": 128}",128,3.0,scale,"{""model__C"": 3.0, ""model__gamma"": ""scale"", ""pca__n_components"": 128}",stage3_local_cv,2,0.78,4.746
stage3_875,stage3_seed_2,"{""model__C"": 3.0, ""model__gamma"": ""scale"", ""pca__n_components"": 128}",128,3.0,scale,"{""model__C"": 3.0, ""model__gamma"": ""scale"", ""pca__n_components"": 128}",stage3_local_cv,3,0.7825,4.706
stage3_875,stage3_seed_2,"{""model__C"": 3.0, ""model__gamma"": ""scale"", ""pca__n_components"": 128}",128,3.0,scale,"{""model__C"": 3.0, ""model__gamma"": ""scale"", ""pca__n_components"": 128}",stage3_local_cv,4,0.78625,4.891
stage3_876,stage3_seed_2,"{""model__C"": 3.0, ""model__gamma"": 0.005, ""pca__n_components"": 128}",128,3.0,0.005,"{""model__C"": 3.0, ""model__gamma"": 0.005, ""pca__n_components"": 128}",stage3_local_cv,0,0.78375,5.675
stage3_876,stage3_seed_2,"{""model__C"": 3.0, ""model__gamma"": 0.005, ""pca__n_components"": 128}",128,3.0,0.005,"{""model__C"": 3.0, ""model__gamma"": 0.005, ""pca__n_components"": 128}",stage3_local_cv,1,0.78125,5.343
stage3_876,stage3_seed_2,"{""model__C"": 3.0, ""model__gamma"": 0.005, ""pca__n_components"": 128}",128,3.0,0.005,"{""model__C"": 3.0, ""model__gamma"": 0.005, ""pca__n_components"": 128}",stage3_local_cv,2,0.778125,5.797
stage3_876,stage3_seed_2,"{""model__C"": 3.0, ""model__gamma"": 0.005, ""pca__n_components"": 128}",128,3.0,0.005,"{""model__C"": 3.0, ""model__gamma"": 0.005, ""pca__n_components"": 128}",stage3_local_cv,3,0.779375,5.572
stage3_876,stage3_seed_2,"{""model__C"": 3.0, ""model__gamma"": 0.005, ""pca__n_components"": 128}",128,3.0,0.005,"{""model__C"": 3.0, ""model__gamma"": 0.005, ""pca__n_components"": 128}",stage3_local_cv,4,0.7825,4.927
stage3_877,stage3_seed_2,"{""model__C"": 3.0, ""model__gamma"": 0.01, ""pca__n_components"": 128}",128,3.0,0.01,"{""model__C"": 3.0, ""model__gamma"": 0.01, ""pca__n_components"": 128}",stage3_local_cv,0,0.8125,5.505
stage3_877,stage3_seed_2,"{""model__C"": 3.0, ""model__gamma"": 0.01, ""pca__n_components"": 128}",128,3.0,0.01,"{""model__C"": 3.0, ""model__gamma"": 0.01, ""pca__n_components"": 128}",stage3_local_cv,1,0.805625,4.983
stage3_877,stage3_seed_2,"{""model__C"": 3.0, ""model__gamma"": 0.01, ""pca__n_components"": 128}",128,3.0,0.01,"{""model__C"": 3.0, ""model__gamma"": 0.01, ""pca__n_components"": 128}",stage3_local_cv,2,0.81125,5.254
stage3_877,stage3_seed_2,"{""model__C"": 3.0, ""model__gamma"": 0.01, ""pca__n_components"": 128}",128,3.0,0.01,"{""model__C"": 3.0, ""model__gamma"": 0.01, ""pca__n_components"": 128}",stage3_local_cv,3,0.80875,4.981
stage3_877,stage3_seed_2,"{""model__C"": 3.0, ""model__gamma"": 0.01, ""pca__n_components"": 128}",128,3.0,0.01,"{""model__C"": 3.0, ""model__gamma"": 0.01, ""pca__n_components"": 128}",stage3_local_cv,4,0.81375,6.523
stage3_878,stage3_seed_2,"{""model__C"": 3.0, ""model__gamma"": 0.02, ""pca__n_components"": 128}",128,3.0,0.02,"{""model__C"": 3.0, ""model__gamma"": 0.02, ""pca__n_components"": 128}",stage3_local_cv,0,0.805625,4.963
stage3_878,stage3_seed_2,"{""model__C"": 3.0, ""model__gamma"": 0.02, ""pca__n_components"": 128}",128,3.0,0.02,"{""model__C"": 3.0, ""model__gamma"": 0.02, ""pca__n_components"": 128}",stage3_local_cv,1,0.8025,6.159
stage3_878,stage3_seed_2,"{""model__C"": 3.0, ""model__gamma"": 0.02, ""pca__n_components"": 128}",128,3.0,0.02,"{""model__C"": 3.0, ""model__gamma"": 0.02, ""pca__n_components"": 128}",stage3_local_cv,2,0.795625,6.689
stage3_878,stage3_seed_2,"{""model__C"": 3.0, ""model__gamma"": 0.02, ""pca__n_components"": 128}",128,3.0,0.02,"{""model__C"": 3.0, ""model__gamma"": 0.02, ""pca__n_components"": 128}",stage3_local_cv,3,0.80125,5.862
stage3_878,stage3_seed_2,"{""model__C"": 3.0, ""model__gamma"": 0.02, ""pca__n_components"": 128}",128,3.0,0.02,"{""model__C"": 3.0, ""model__gamma"": 0.02, ""pca__n_components"": 128}",stage3_local_cv,4,0.794375,5.31
stage3_879,stage3_seed_2,"{""model__C"": 3.0, ""model__gamma"": 0.03, ""pca__n_components"": 128}",128,3.0,0.03,"{""model__C"": 3.0, ""model__gamma"": 0.03, ""pca__n_components"": 128}",stage3_local_cv,0,0.77875,6.286
stage3_879,stage3_seed_2,"{""model__C"": 3.0, ""model__gamma"": 0.03, ""pca__n_components"": 128}",128,3.0,0.03,"{""model__C"": 3.0, ""model__gamma"": 0.03, ""pca__n_components"": 128}",stage3_local_cv,1,0.78,4.799
stage3_879,stage3_seed_2,"{""model__C"": 3.0, ""model__gamma"": 0.03, ""pca__n_components"": 128}",128,3.0,0.03,"{""model__C"": 3.0, ""model__gamma"": 0.03, ""pca__n_components"": 128}",stage3_local_cv,2,0.763125,5.186
stage3_879,stage3_seed_2,"{""model__C"": 3.0, ""model__gamma"": 0.03, ""pca__n_components"": 128}",128,3.0,0.03,"{""model__C"": 3.0, ""model__gamma"": 0.03, ""pca__n_components"": 128}",stage3_local_cv,3,0.775625,5.313
stage3_879,stage3_seed_2,"{""model__C"": 3.0, ""model__gamma"": 0.03, ""pca__n_components"": 128}",128,3.0,0.03,"{""model__C"": 3.0, ""model__gamma"": 0.03, ""pca__n_components"": 128}",stage3_local_cv,4,0.773125,6.586
stage3_880,stage3_seed_2,"{""model__C"": 3.0, ""model__gamma"": 0.04, ""pca__n_components"": 128}",128,3.0,0.04,"{""model__C"": 3.0, ""model__gamma"": 0.04, ""pca__n_components"": 128}",stage3_local_cv,0,0.759375,4.913
stage3_880,stage3_seed_2,"{""model__C"": 3.0, ""model__gamma"": 0.04, ""pca__n_components"": 128}",128,3.0,0.04,"{""model__C"": 3.0, ""model__gamma"": 0.04, ""pca__n_components"": 128}",stage3_local_cv,1,0.76875,5.714
stage3_880,stage3_seed_2,"{""model__C"": 3.0, ""model__gamma"": 0.04, ""pca__n_components"": 128}",128,3.0,0.04,"{""model__C"": 3.0, ""model__gamma"": 0.04, ""pca__n_components"": 128}",stage3_local_cv,2,0.74625,5.763
stage3_880,stage3_seed_2,"{""model__C"": 3.0, ""model__gamma"": 0.04, ""pca__n_components"": 128}",128,3.0,0.04,"{""model__C"": 3.0, ""model__gamma"": 0.04, ""pca__n_components"": 128}",stage3_local_cv,3,0.764375,4.848
stage3_880,stage3_seed_2,"{""model__C"": 3.0, ""model__gamma"": 0.04, ""pca__n_components"": 128}",128,3.0,0.04,"{""model__C"": 3.0, ""model__gamma"": 0.04, ""pca__n_components"": 128}",stage3_local_cv,4,0.759375,5.095
stage3_881,stage3_seed_2,"{""model__C"": 3.0, ""model__gamma"": 0.08, ""pca__n_components"": 128}",128,3.0,0.08,"{""model__C"": 3.0, ""model__gamma"": 0.08, ""pca__n_components"": 128}",stage3_local_cv,0,0.5425,6.553
stage3_881,stage3_seed_2,"{""model__C"": 3.0, ""model__gamma"": 0.08, ""pca__n_components"": 128}",128,3.0,0.08,"{""model__C"": 3.0, ""model__gamma"": 0.08, ""pca__n_components"": 128}",stage3_local_cv,1,0.549375,5.31
stage3_881,stage3_seed_2,"{""model__C"": 3.0, ""model__gamma"": 0.08, ""pca__n_components"": 128}",128,3.0,0.08,"{""model__C"": 3.0, ""model__gamma"": 0.08, ""pca__n_components"": 128}",stage3_local_cv,2,0.601875,5.741
stage3_881,stage3_seed_2,"{""model__C"": 3.0, ""model__gamma"": 0.08, ""pca__n_components"": 128}",128,3.0,0.08,"{""model__C"": 3.0, ""model__gamma"": 0.08, ""pca__n_components"": 128}",stage3_local_cv,3,0.61375,5.938
stage3_881,stage3_seed_2,"{""model__C"": 3.0, ""model__gamma"": 0.08, ""pca__n_components"": 128}",128,3.0,0.08,"{""model__C"": 3.0, ""model__gamma"": 0.08, ""pca__n_components"": 128}",stage3_local_cv,4,0.568125,6.696
stage3_882,stage3_seed_2,"{""model__C"": 4.0, ""model__gamma"": ""scale"", ""pca__n_components"": 128}",128,4.0,scale,"{""model__C"": 4.0, ""model__gamma"": ""scale"", ""pca__n_components"": 128}",stage3_local_cv,0,0.79875,4.812
stage3_882,stage3_seed_2,"{""model__C"": 4.0, ""model__gamma"": ""scale"", ""pca__n_components"": 128}",128,4.0,scale,"{""model__C"": 4.0, ""model__gamma"": ""scale"", ""pca__n_components"": 128}",stage3_local_cv,1,0.79375,4.67
stage3_882,stage3_seed_2,"{""model__C"": 4.0, ""model__gamma"": ""scale"", ""pca__n_components"": 128}",128,4.0,scale,"{""model__C"": 4.0, ""model__gamma"": ""scale"", ""pca__n_components"": 128}",stage3_local_cv,2,0.789375,4.897
stage3_882,stage3_seed_2,"{""model__C"": 4.0, ""model__gamma"": ""scale"", ""pca__n_components"": 128}",128,4.0,scale,"{""model__C"": 4.0, ""model__gamma"": ""scale"", ""pca__n_components"": 128}",stage3_local_cv,3,0.7875,4.829
stage3_882,stage3_seed_2,"{""model__C"": 4.0, ""model__gamma"": ""scale"", ""pca__n_components"": 128}",128,4.0,scale,"{""model__C"": 4.0, ""model__gamma"": ""scale"", ""pca__n_components"": 128}",stage3_local_cv,4,0.796875,5.001
stage3_883,stage3_seed_2,"{""model__C"": 4.0, ""model__gamma"": 0.005, ""pca__n_components"": 128}",128,4.0,0.005,"{""model__C"": 4.0, ""model__gamma"": 0.005, ""pca__n_components"": 128}",stage3_local_cv,0,0.795625,4.839
stage3_883,stage3_seed_2,"{""model__C"": 4.0, ""model__gamma"": 0.005, ""pca__n_components"": 128}",128,4.0,0.005,"{""model__C"": 4.0, ""model__gamma"": 0.005, ""pca__n_components"": 128}",stage3_local_cv,1,0.793125,5.808
stage3_883,stage3_seed_2,"{""model__C"": 4.0, ""model__gamma"": 0.005, ""pca__n_components"": 128}",128,4.0,0.005,"{""model__C"": 4.0, ""model__gamma"": 0.005, ""pca__n_components"": 128}",stage3_local_cv,2,0.7875,6.025
stage3_883,stage3_seed_2,"{""model__C"": 4.0, ""model__gamma"": 0.005, ""pca__n_components"": 128}",128,4.0,0.005,"{""model__C"": 4.0, ""model__gamma"": 0.005, ""pca__n_components"": 128}",stage3_local_cv,3,0.786875,6.12
stage3_883,stage3_seed_2,"{""model__C"": 4.0, ""model__gamma"": 0.005, ""pca__n_components"": 128}",128,4.0,0.005,"{""model__C"": 4.0, ""model__gamma"": 0.005, ""pca__n_components"": 128}",stage3_local_cv,4,0.794375,5.4
stage3_884,stage3_seed_2,"{""model__C"": 4.0, ""model__gamma"": 0.01, ""pca__n_components"": 128}",128,4.0,0.01,"{""model__C"": 4.0, ""model__gamma"": 0.01, ""pca__n_components"": 128}",stage3_local_cv,0,0.813125,6.254
stage3_884,stage3_seed_2,"{""model__C"": 4.0, ""model__gamma"": 0.01, ""pca__n_components"": 128}",128,4.0,0.01,"{""model__C"": 4.0, ""model__gamma"": 0.01, ""pca__n_components"": 128}",stage3_local_cv,1,0.805625,4.963
stage3_884,stage3_seed_2,"{""model__C"": 4.0, ""model__gamma"": 0.01, ""pca__n_components"": 128}",128,4.0,0.01,"{""model__C"": 4.0, ""model__gamma"": 0.01, ""pca__n_components"": 128}",stage3_local_cv,2,0.8075,5.304
stage3_884,stage3_seed_2,"{""model__C"": 4.0, ""model__gamma"": 0.01, ""pca__n_components"": 128}",128,4.0,0.01,"{""model__C"": 4.0, ""model__gamma"": 0.01, ""pca__n_components"": 128}",stage3_local_cv,3,0.800625,4.993
stage3_884,stage3_seed_2,"{""model__C"": 4.0, ""model__gamma"": 0.01, ""pca__n_components"": 128}",128,4.0,0.01,"{""model__C"": 4.0, ""model__gamma"": 0.01, ""pca__n_components"": 128}",stage3_local_cv,4,0.813125,6.108
stage3_885,stage3_seed_2,"{""model__C"": 4.0, ""model__gamma"": 0.02, ""pca__n_components"": 128}",128,4.0,0.02,"{""model__C"": 4.0, ""model__gamma"": 0.02, ""pca__n_components"": 128}",stage3_local_cv,0,0.801875,5.11
stage3_885,stage3_seed_2,"{""model__C"": 4.0, ""model__gamma"": 0.02, ""pca__n_components"": 128}",128,4.0,0.02,"{""model__C"": 4.0, ""model__gamma"": 0.02, ""pca__n_components"": 128}",stage3_local_cv,1,0.803125,6.185
stage3_885,stage3_seed_2,"{""model__C"": 4.0, ""model__gamma"": 0.02, ""pca__n_components"": 128}",128,4.0,0.02,"{""model__C"": 4.0, ""model__gamma"": 0.02, ""pca__n_components"": 128}",stage3_local_cv,2,0.7975,6.624
stage3_885,stage3_seed_2,"{""model__C"": 4.0, ""model__gamma"": 0.02, ""pca__n_components"": 128}",128,4.0,0.02,"{""model__C"": 4.0, ""model__gamma"": 0.02, ""pca__n_components"": 128}",stage3_local_cv,3,0.8,4.924
stage3_885,stage3_seed_2,"{""model__C"": 4.0, ""model__gamma"": 0.02, ""pca__n_components"": 128}",128,4.0,0.02,"{""model__C"": 4.0, ""model__gamma"": 0.02, ""pca__n_components"": 128}",stage3_local_cv,4,0.793125,5.244
stage3_886,stage3_seed_2,"{""model__C"": 4.0, ""model__gamma"": 0.03, ""pca__n_components"": 128}",128,4.0,0.03,"{""model__C"": 4.0, ""model__gamma"": 0.03, ""pca__n_components"": 128}",stage3_local_cv,0,0.778125,6.347
stage3_886,stage3_seed_2,"{""model__C"": 4.0, ""model__gamma"": 0.03, ""pca__n_components"": 128}",128,4.0,0.03,"{""model__C"": 4.0, ""model__gamma"": 0.03, ""pca__n_components"": 128}",stage3_local_cv,1,0.78375,4.99
stage3_886,stage3_seed_2,"{""model__C"": 4.0, ""model__gamma"": 0.03, ""pca__n_components"": 128}",128,4.0,0.03,"{""model__C"": 4.0, ""model__gamma"": 0.03, ""pca__n_components"": 128}",stage3_local_cv,2,0.7675,5.12
stage3_886,stage3_seed_2,"{""model__C"": 4.0, ""model__gamma"": 0.03, ""pca__n_components"": 128}",128,4.0,0.03,"{""model__C"": 4.0, ""model__gamma"": 0.03, ""pca__n_components"": 128}",stage3_local_cv,3,0.774375,6.086
stage3_886,stage3_seed_2,"{""model__C"": 4.0, ""model__gamma"": 0.03, ""pca__n_components"": 128}",128,4.0,0.03,"{""model__C"": 4.0, ""model__gamma"": 0.03, ""pca__n_components"": 128}",stage3_local_cv,4,0.773125,6.438
stage3_887,stage3_seed_2,"{""model__C"": 4.0, ""model__gamma"": 0.04, ""pca__n_components"": 128}",128,4.0,0.04,"{""model__C"": 4.0, ""model__gamma"": 0.04, ""pca__n_components"": 128}",stage3_local_cv,0,0.761875,4.966
stage3_887,stage3_seed_2,"{""model__C"": 4.0, ""model__gamma"": 0.04, ""pca__n_components"": 128}",128,4.0,0.04,"{""model__C"": 4.0, ""model__gamma"": 0.04, ""pca__n_components"": 128}",stage3_local_cv,1,0.77,4.809
stage3_887,stage3_seed_2,"{""model__C"": 4.0, ""model__gamma"": 0.04, ""pca__n_components"": 128}",128,4.0,0.04,"{""model__C"": 4.0, ""model__gamma"": 0.04, ""pca__n_components"": 128}",stage3_local_cv,2,0.74375,5.934
stage3_887,stage3_seed_2,"{""model__C"": 4.0, ""model__gamma"": 0.04, ""pca__n_components"": 128}",128,4.0,0.04,"{""model__C"": 4.0, ""model__gamma"": 0.04, ""pca__n_components"": 128}",stage3_local_cv,3,0.763125,4.826
stage3_887,stage3_seed_2,"{""model__C"": 4.0, ""model__gamma"": 0.04, ""pca__n_components"": 128}",128,4.0,0.04,"{""model__C"": 4.0, ""model__gamma"": 0.04, ""pca__n_components"": 128}",stage3_local_cv,4,0.75875,5.278
stage3_888,stage3_seed_2,"{""model__C"": 4.0, ""model__gamma"": 0.08, ""pca__n_components"": 128}",128,4.0,0.08,"{""model__C"": 4.0, ""model__gamma"": 0.08, ""pca__n_components"": 128}",stage3_local_cv,0,0.54,6.257
stage3_888,stage3_seed_2,"{""model__C"": 4.0, ""model__gamma"": 0.08, ""pca__n_components"": 128}",128,4.0,0.08,"{""model__C"": 4.0, ""model__gamma"": 0.08, ""pca__n_components"": 128}",stage3_local_cv,1,0.546875,6.07
stage3_888,stage3_seed_2,"{""model__C"": 4.0, ""model__gamma"": 0.08, ""pca__n_components"": 128}",128,4.0,0.08,"{""model__C"": 4.0, ""model__gamma"": 0.08, ""pca__n_components"": 128}",stage3_local_cv,2,0.59625,5.645
stage3_888,stage3_seed_2,"{""model__C"": 4.0, ""model__gamma"": 0.08, ""pca__n_components"": 128}",128,4.0,0.08,"{""model__C"": 4.0, ""model__gamma"": 0.08, ""pca__n_components"": 128}",stage3_local_cv,3,0.605,6.107
stage3_888,stage3_seed_2,"{""model__C"": 4.0, ""model__gamma"": 0.08, ""pca__n_components"": 128}",128,4.0,0.08,"{""model__C"": 4.0, ""model__gamma"": 0.08, ""pca__n_components"": 128}",stage3_local_cv,4,0.56,6.56
stage3_889,stage3_seed_2,"{""model__C"": 6.0, ""model__gamma"": ""scale"", ""pca__n_components"": 128}",128,6.0,scale,"{""model__C"": 6.0, ""model__gamma"": ""scale"", ""pca__n_components"": 128}",stage3_local_cv,0,0.811875,6.176
stage3_889,stage3_seed_2,"{""model__C"": 6.0, ""model__gamma"": ""scale"", ""pca__n_components"": 128}",128,6.0,scale,"{""model__C"": 6.0, ""model__gamma"": ""scale"", ""pca__n_components"": 128}",stage3_local_cv,1,0.8025,5.248
stage3_889,stage3_seed_2,"{""model__C"": 6.0, ""model__gamma"": ""scale"", ""pca__n_components"": 128}",128,6.0,scale,"{""model__C"": 6.0, ""model__gamma"": ""scale"", ""pca__n_components"": 128}",stage3_local_cv,2,0.804375,6.041
stage3_889,stage3_seed_2,"{""model__C"": 6.0, ""model__gamma"": ""scale"", ""pca__n_components"": 128}",128,6.0,scale,"{""model__C"": 6.0, ""model__gamma"": ""scale"", ""pca__n_components"": 128}",stage3_local_cv,3,0.80125,5.266
stage3_889,stage3_seed_2,"{""model__C"": 6.0, ""model__gamma"": ""scale"", ""pca__n_components"": 128}",128,6.0,scale,"{""model__C"": 6.0, ""model__gamma"": ""scale"", ""pca__n_components"": 128}",stage3_local_cv,4,0.79875,6.29
stage3_890,stage3_seed_2,"{""model__C"": 6.0, ""model__gamma"": 0.005, ""pca__n_components"": 128}",128,6.0,0.005,"{""model__C"": 6.0, ""model__gamma"": 0.005, ""pca__n_components"": 128}",stage3_local_cv,0,0.810625,5.998
stage3_890,stage3_seed_2,"{""model__C"": 6.0, ""model__gamma"": 0.005, ""pca__n_components"": 128}",128,6.0,0.005,"{""model__C"": 6.0, ""model__gamma"": 0.005, ""pca__n_components"": 128}",stage3_local_cv,1,0.80125,6.806
stage3_890,stage3_seed_2,"{""model__C"": 6.0, ""model__gamma"": 0.005, ""pca__n_components"": 128}",128,6.0,0.005,"{""model__C"": 6.0, ""model__gamma"": 0.005, ""pca__n_components"": 128}",stage3_local_cv,2,0.805,7.097
stage3_890,stage3_seed_2,"{""model__C"": 6.0, ""model__gamma"": 0.005, ""pca__n_components"": 128}",128,6.0,0.005,"{""model__C"": 6.0, ""model__gamma"": 0.005, ""pca__n_components"": 128}",stage3_local_cv,3,0.80125,6.686
stage3_890,stage3_seed_2,"{""model__C"": 6.0, ""model__gamma"": 0.005, ""pca__n_components"": 128}",128,6.0,0.005,"{""model__C"": 6.0, ""model__gamma"": 0.005, ""pca__n_components"": 128}",stage3_local_cv,4,0.7975,6.911
stage3_891,stage3_seed_2,"{""model__C"": 6.0, ""model__gamma"": 0.01, ""pca__n_components"": 128}",128,6.0,0.01,"{""model__C"": 6.0, ""model__gamma"": 0.01, ""pca__n_components"": 128}",stage3_local_cv,0,0.814375,5.97
stage3_891,stage3_seed_2,"{""model__C"": 6.0, ""model__gamma"": 0.01, ""pca__n_components"": 128}",128,6.0,0.01,"{""model__C"": 6.0, ""model__gamma"": 0.01, ""pca__n_components"": 128}",stage3_local_cv,1,0.80625,4.914
stage3_891,stage3_seed_2,"{""model__C"": 6.0, ""model__gamma"": 0.01, ""pca__n_components"": 128}",128,6.0,0.01,"{""model__C"": 6.0, ""model__gamma"": 0.01, ""pca__n_components"": 128}",stage3_local_cv,2,0.813125,5.261
stage3_891,stage3_seed_2,"{""model__C"": 6.0, ""model__gamma"": 0.01, ""pca__n_components"": 128}",128,6.0,0.01,"{""model__C"": 6.0, ""model__gamma"": 0.01, ""pca__n_components"": 128}",stage3_local_cv,3,0.806875,4.977
stage3_891,stage3_seed_2,"{""model__C"": 6.0, ""model__gamma"": 0.01, ""pca__n_components"": 128}",128,6.0,0.01,"{""model__C"": 6.0, ""model__gamma"": 0.01, ""pca__n_components"": 128}",stage3_local_cv,4,0.808125,5.448
stage3_892,stage3_seed_2,"{""model__C"": 6.0, ""model__gamma"": 0.02, ""pca__n_components"": 128}",128,6.0,0.02,"{""model__C"": 6.0, ""model__gamma"": 0.02, ""pca__n_components"": 128}",stage3_local_cv,0,0.803125,4.933
stage3_892,stage3_seed_2,"{""model__C"": 6.0, ""model__gamma"": 0.02, ""pca__n_components"": 128}",128,6.0,0.02,"{""model__C"": 6.0, ""model__gamma"": 0.02, ""pca__n_components"": 128}",stage3_local_cv,1,0.804375,6.153
stage3_892,stage3_seed_2,"{""model__C"": 6.0, ""model__gamma"": 0.02, ""pca__n_components"": 128}",128,6.0,0.02,"{""model__C"": 6.0, ""model__gamma"": 0.02, ""pca__n_components"": 128}",stage3_local_cv,2,0.795625,6.327
stage3_892,stage3_seed_2,"{""model__C"": 6.0, ""model__gamma"": 0.02, ""pca__n_components"": 128}",128,6.0,0.02,"{""model__C"": 6.0, ""model__gamma"": 0.02, ""pca__n_components"": 128}",stage3_local_cv,3,0.793125,5.114
stage3_892,stage3_seed_2,"{""model__C"": 6.0, ""model__gamma"": 0.02, ""pca__n_components"": 128}",128,6.0,0.02,"{""model__C"": 6.0, ""model__gamma"": 0.02, ""pca__n_components"": 128}",stage3_local_cv,4,0.794375,6.938
stage3_893,stage3_seed_2,"{""model__C"": 6.0, ""model__gamma"": 0.03, ""pca__n_components"": 128}",128,6.0,0.03,"{""model__C"": 6.0, ""model__gamma"": 0.03, ""pca__n_components"": 128}",stage3_local_cv,0,0.776875,6.293
stage3_893,stage3_seed_2,"{""model__C"": 6.0, ""model__gamma"": 0.03, ""pca__n_components"": 128}",128,6.0,0.03,"{""model__C"": 6.0, ""model__gamma"": 0.03, ""pca__n_components"": 128}",stage3_local_cv,1,0.78375,5.172
stage3_893,stage3_seed_2,"{""model__C"": 6.0, ""model__gamma"": 0.03, ""pca__n_components"": 128}",128,6.0,0.03,"{""model__C"": 6.0, ""model__gamma"": 0.03, ""pca__n_components"": 128}",stage3_local_cv,2,0.765625,5.101
stage3_893,stage3_seed_2,"{""model__C"": 6.0, ""model__gamma"": 0.03, ""pca__n_components"": 128}",128,6.0,0.03,"{""model__C"": 6.0, ""model__gamma"": 0.03, ""pca__n_components"": 128}",stage3_local_cv,3,0.77375,5.992
stage3_893,stage3_seed_2,"{""model__C"": 6.0, ""model__gamma"": 0.03, ""pca__n_components"": 128}",128,6.0,0.03,"{""model__C"": 6.0, ""model__gamma"": 0.03, ""pca__n_components"": 128}",stage3_local_cv,4,0.77375,5.072
stage3_894,stage3_seed_2,"{""model__C"": 6.0, ""model__gamma"": 0.04, ""pca__n_components"": 128}",128,6.0,0.04,"{""model__C"": 6.0, ""model__gamma"": 0.04, ""pca__n_components"": 128}",stage3_local_cv,0,0.761875,4.88
stage3_894,stage3_seed_2,"{""model__C"": 6.0, ""model__gamma"": 0.04, ""pca__n_components"": 128}",128,6.0,0.04,"{""model__C"": 6.0, ""model__gamma"": 0.04, ""pca__n_components"": 128}",stage3_local_cv,1,0.769375,4.809
stage3_894,stage3_seed_2,"{""model__C"": 6.0, ""model__gamma"": 0.04, ""pca__n_components"": 128}",128,6.0,0.04,"{""model__C"": 6.0, ""model__gamma"": 0.04, ""pca__n_components"": 128}",stage3_local_cv,2,0.745,6.456
stage3_894,stage3_seed_2,"{""model__C"": 6.0, ""model__gamma"": 0.04, ""pca__n_components"": 128}",128,6.0,0.04,"{""model__C"": 6.0, ""model__gamma"": 0.04, ""pca__n_components"": 128}",stage3_local_cv,3,0.759375,4.985
stage3_894,stage3_seed_2,"{""model__C"": 6.0, ""model__gamma"": 0.04, ""pca__n_components"": 128}",128,6.0,0.04,"{""model__C"": 6.0, ""model__gamma"": 0.04, ""pca__n_components"": 128}",stage3_local_cv,4,0.760625,5.72
stage3_895,stage3_seed_2,"{""model__C"": 6.0, ""model__gamma"": 0.08, ""pca__n_components"": 128}",128,6.0,0.08,"{""model__C"": 6.0, ""model__gamma"": 0.08, ""pca__n_components"": 128}",stage3_local_cv,0,0.535,6.719
stage3_895,stage3_seed_2,"{""model__C"": 6.0, ""model__gamma"": 0.08, ""pca__n_components"": 128}",128,6.0,0.08,"{""model__C"": 6.0, ""model__gamma"": 0.08, ""pca__n_components"": 128}",stage3_local_cv,1,0.54375,6.187
stage3_895,stage3_seed_2,"{""model__C"": 6.0, ""model__gamma"": 0.08, ""pca__n_components"": 128}",128,6.0,0.08,"{""model__C"": 6.0, ""model__gamma"": 0.08, ""pca__n_components"": 128}",stage3_local_cv,2,0.585,5.089
stage3_895,stage3_seed_2,"{""model__C"": 6.0, ""model__gamma"": 0.08, ""pca__n_components"": 128}",128,6.0,0.08,"{""model__C"": 6.0, ""model__gamma"": 0.08, ""pca__n_components"": 128}",stage3_local_cv,3,0.583125,6.005
stage3_895,stage3_seed_2,"{""model__C"": 6.0, ""model__gamma"": 0.08, ""pca__n_components"": 128}",128,6.0,0.08,"{""model__C"": 6.0, ""model__gamma"": 0.08, ""pca__n_components"": 128}",stage3_local_cv,4,0.554375,6.04
